Price,Close,High,Low,Open,Volume
Ticker,^NSEBANK,^NSEBANK,^NSEBANK,^NSEBANK,^NSEBANK
Datetime,,,,,
2026-01-12 03:45:00+00:00,59132.69921875,59311.55078125,59035.1015625,59186.6015625,0
2026-01-12 03:50:00+00:00,59048.94921875,59132.0,59025.6015625,59130.6015625,0
2026-01-12 03:55:00+00:00,58996.25,59077.8984375,58986.80078125,59044.5,0
2026-01-12 04:00:00+00:00,59065.75,59089.80078125,58983.55078125,58998.44921875,0
2026-01-12 04:05:00+00:00,59101.5,59131.94921875,59041.05078125,59068.0,0
2026-01-12 04:10:00+00:00,59046.1015625,59103.8984375,59016.05078125,59100.75,0
2026-01-12 04:15:00+00:00,59117.8515625,59117.8515625,59023.0,59047.30078125,0
2026-01-12 04:20:00+00:00,59108.1015625,59147.94921875,59081.6015625,59120.69921875,0
2026-01-12 04:25:00+00:00,59035.55078125,59132.0,59022.6484375,59107.55078125,0
2026-01-12 04:30:00+00:00,59072.25,59089.6015625,59025.75,59036.25,0
2026-01-12 04:35:00+00:00,59079.69921875,59103.3515625,59058.05078125,59078.05078125,0
2026-01-12 04:40:00+00:00,59043.25,59080.1015625,59034.3984375,59077.94921875,0
2026-01-12 04:45:00+00:00,59132.5,59144.05078125,59036.6484375,59043.05078125,0
2026-01-12 04:50:00+00:00,59144.30078125,59158.80078125,59110.05078125,59129.94921875,0
2026-01-12 04:55:00+00:00,59146.69921875,59169.30078125,59098.94921875,59142.30078125,0
2026-01-12 05:00:00+00:00,59102.30078125,59177.69921875,59087.75,59146.19921875,0
2026-01-12 05:05:00+00:00,59072.8984375,59118.05078125,59063.69921875,59103.3515625,0
2026-01-12 05:10:00+00:00,59087.6015625,59121.5,59068.30078125,59071.6484375,0
2026-01-12 05:15:00+00:00,59110.05078125,59117.3984375,59037.75,59082.8984375,0
2026-01-12 05:20:00+00:00,59058.1015625,59122.19921875,59048.0,59106.1015625,0
2026-01-12 05:25:00+00:00,59054.3515625,59075.8984375,59051.6015625,59059.75,0
2026-01-12 05:30:00+00:00,59056.75,59073.0,59033.05078125,59056.1484375,0
2026-01-12 05:35:00+00:00,59029.19921875,59055.3515625,59019.55078125,59055.3515625,0
2026-01-12 05:40:00+00:00,59013.44921875,59048.80078125,59010.1015625,59029.25,0
2026-01-12 05:45:00+00:00,58960.0,59023.19921875,58952.1484375,59014.6484375,0
2026-01-12 05:50:00+00:00,58965.1015625,58976.25,58934.1484375,58962.30078125,0
2026-01-12 05:55:00+00:00,58969.05078125,58988.75,58953.55078125,58966.80078125,0
2026-01-12 06:00:00+00:00,58907.69921875,58970.8984375,58905.8515625,58969.05078125,0
2026-01-12 06:05:00+00:00,58913.44921875,58959.05078125,58911.3515625,58919.80078125,0
2026-01-12 06:10:00+00:00,58886.1015625,58931.6015625,58875.55078125,58910.8515625,0
2026-01-12 06:15:00+00:00,58917.55078125,58928.5,58864.6484375,58886.8515625,0
2026-01-12 06:20:00+00:00,58904.69921875,58937.5,58899.1015625,58917.8515625,0
2026-01-12 06:25:00+00:00,58939.30078125,58947.5,58899.1484375,58904.1015625,0
2026-01-12 06:30:00+00:00,58919.0,58978.69921875,58918.6484375,58938.80078125,0
2026-01-12 06:35:00+00:00,58953.1484375,58976.69921875,58918.8515625,58919.6484375,0
2026-01-12 06:40:00+00:00,59072.0,59072.8515625,58930.0,58952.8984375,0
2026-01-12 06:45:00+00:00,59124.5,59148.55078125,59046.75,59074.55078125,0
2026-01-12 06:50:00+00:00,59238.8984375,59348.44921875,59122.6015625,59126.44921875,0
2026-01-12 06:55:00+00:00,59299.44921875,59346.55078125,59227.3984375,59235.1015625,0
2026-01-12 07:00:00+00:00,59452.1015625,59459.94921875,59294.0,59300.69921875,0
2026-01-12 07:05:00+00:00,59430.3515625,59490.25,59413.3515625,59452.6015625,0
2026-01-12 07:10:00+00:00,59498.1484375,59540.3515625,59406.80078125,59430.44921875,0
2026-01-12 07:15:00+00:00,59443.1484375,59536.0,59443.1484375,59498.44921875,0
2026-01-12 07:20:00+00:00,59476.44921875,59480.6484375,59444.25,59444.25,0
2026-01-12 07:25:00+00:00,59450.1015625,59503.69921875,59445.05078125,59476.6484375,0
2026-01-12 07:30:00+00:00,59415.1015625,59463.6484375,59357.30078125,59451.44921875,0
2026-01-12 07:35:00+00:00,59471.8515625,59481.3984375,59415.6484375,59415.6484375,0
2026-01-12 07:40:00+00:00,59498.3515625,59513.3515625,59464.05078125,59470.19921875,0
2026-01-12 07:45:00+00:00,59455.69921875,59519.1015625,59455.69921875,59494.30078125,0
2026-01-12 07:50:00+00:00,59470.3515625,59477.6484375,59423.5,59456.5,0
2026-01-12 07:55:00+00:00,59398.0,59463.55078125,59397.05078125,59463.19921875,0
2026-01-12 08:00:00+00:00,59497.3984375,59502.05078125,59396.30078125,59397.25,0
2026-01-12 08:05:00+00:00,59477.0,59521.6015625,59443.1015625,59497.6484375,0
2026-01-12 08:10:00+00:00,59450.6484375,59504.94921875,59447.30078125,59474.75,0
2026-01-12 08:15:00+00:00,59470.75,59484.8984375,59449.6015625,59451.3515625,0
2026-01-12 08:20:00+00:00,59470.3515625,59471.94921875,59438.8515625,59471.3984375,0
2026-01-12 08:25:00+00:00,59455.94921875,59478.75,59425.30078125,59466.6015625,0
2026-01-12 08:30:00+00:00,59414.8515625,59459.30078125,59394.1484375,59457.69921875,0
2026-01-12 08:35:00+00:00,59432.0,59436.30078125,59394.75,59418.0,0
2026-01-12 08:40:00+00:00,59408.80078125,59434.44921875,59406.05078125,59429.30078125,0
2026-01-12 08:45:00+00:00,59394.75,59429.8515625,59394.75,59409.19921875,0
2026-01-12 08:50:00+00:00,59462.1015625,59467.3984375,59381.30078125,59395.6484375,0
2026-01-12 08:55:00+00:00,59415.30078125,59477.1484375,59407.3515625,59462.1015625,0
2026-01-12 09:00:00+00:00,59371.6015625,59432.8515625,59359.0,59414.6484375,0
2026-01-12 09:05:00+00:00,59370.1484375,59383.8984375,59303.75,59369.6015625,0
2026-01-12 09:10:00+00:00,59388.94921875,59402.44921875,59353.19921875,59371.69921875,0
2026-01-12 09:15:00+00:00,59404.05078125,59412.6015625,59380.30078125,59388.30078125,0
2026-01-12 09:20:00+00:00,59439.94921875,59462.1015625,59398.75,59398.75,0
2026-01-12 09:25:00+00:00,59488.0,59507.0,59439.69921875,59439.69921875,0
2026-01-12 09:30:00+00:00,59421.55078125,59487.8515625,59407.30078125,59486.6015625,0
2026-01-12 09:35:00+00:00,59418.80078125,59438.3984375,59392.69921875,59421.69921875,0
2026-01-12 09:40:00+00:00,59424.05078125,59444.0,59412.19921875,59413.25,0
2026-01-12 09:45:00+00:00,59440.6015625,59456.75,59423.25,59423.25,0
2026-01-12 09:50:00+00:00,59482.75,59487.6015625,59422.8984375,59441.30078125,0
2026-01-12 09:55:00+00:00,59534.05078125,59534.6015625,59471.80078125,59486.5,0
2026-01-13 03:45:00+00:00,59683.8515625,59767.55078125,59645.05078125,59767.55078125,0
2026-01-13 03:50:00+00:00,59700.05078125,59744.0,59632.1015625,59678.94921875,0
2026-01-13 03:55:00+00:00,59622.55078125,59706.3515625,59613.5,59699.1484375,0
2026-01-13 04:00:00+00:00,59565.30078125,59661.30078125,59538.55078125,59616.94921875,0
2026-01-13 04:05:00+00:00,59554.8984375,59606.1484375,59538.3515625,59565.69921875,0
2026-01-13 04:10:00+00:00,59529.5,59552.94921875,59464.5,59552.94921875,0
2026-01-13 04:15:00+00:00,59537.1015625,59635.25,59522.6015625,59529.1015625,0
2026-01-13 04:20:00+00:00,59548.3515625,59609.19921875,59527.0,59533.8515625,0
2026-01-13 04:25:00+00:00,59487.5,59551.8984375,59464.8984375,59550.3984375,0
2026-01-13 04:30:00+00:00,59564.69921875,59575.30078125,59476.80078125,59489.5,0
2026-01-13 04:35:00+00:00,59596.94921875,59617.6484375,59544.94921875,59564.3984375,0
2026-01-13 04:40:00+00:00,59552.8515625,59605.30078125,59547.6015625,59597.0,0
2026-01-13 04:45:00+00:00,59544.3984375,59587.25,59530.1484375,59552.8515625,0
2026-01-13 04:50:00+00:00,59604.19921875,59620.3515625,59539.8515625,59539.8515625,0
2026-01-13 04:55:00+00:00,59656.3984375,59668.44921875,59580.30078125,59602.30078125,0
2026-01-13 05:00:00+00:00,59651.0,59697.75,59639.8515625,59656.0,0
2026-01-13 05:05:00+00:00,59604.0,59657.80078125,59588.6484375,59649.75,0
2026-01-13 05:10:00+00:00,59591.1484375,59607.3515625,59560.1484375,59600.6484375,0
2026-01-13 05:15:00+00:00,59605.1484375,59611.55078125,59553.94921875,59592.05078125,0
2026-01-13 05:20:00+00:00,59590.19921875,59640.0,59581.5,59602.3515625,0
2026-01-13 05:25:00+00:00,59617.3984375,59632.30078125,59575.6484375,59586.5,0
2026-01-13 05:30:00+00:00,59634.19921875,59646.75,59591.44921875,59617.05078125,0
2026-01-13 05:35:00+00:00,59679.19921875,59681.8515625,59621.8984375,59634.75,0
2026-01-13 05:40:00+00:00,59664.19921875,59679.44921875,59641.6015625,59678.94921875,0
2026-01-13 05:45:00+00:00,59646.6484375,59674.44921875,59628.55078125,59663.25,0
2026-01-13 05:50:00+00:00,59648.6015625,59672.3515625,59622.3984375,59642.8984375,0
2026-01-13 05:55:00+00:00,59666.19921875,59684.55078125,59645.0,59645.0,0
2026-01-13 06:00:00+00:00,59695.30078125,59704.1484375,59649.80078125,59662.19921875,0
2026-01-13 06:05:00+00:00,59703.6484375,59715.05078125,59666.55078125,59693.0,0
2026-01-13 06:10:00+00:00,59684.1484375,59728.6484375,59679.30078125,59700.3984375,0
2026-01-13 06:15:00+00:00,59667.0,59693.19921875,59663.94921875,59681.75,0
2026-01-13 08:00:00+00:00,59418.55078125,59422.75,59408.3515625,59413.69921875,0
2026-01-13 08:10:00+00:00,59437.19921875,59441.80078125,59399.55078125,59406.3984375,0
2026-01-13 08:15:00+00:00,59440.80078125,59446.94921875,59409.8515625,59437.19921875,0
2026-01-13 08:20:00+00:00,59469.8984375,59495.19921875,59438.05078125,59439.75,0
2026-01-13 08:25:00+00:00,59462.8515625,59470.44921875,59446.75,59470.44921875,0
2026-01-13 08:30:00+00:00,59394.8515625,59461.6015625,59380.1484375,59459.1015625,0
2026-01-13 08:35:00+00:00,59385.69921875,59403.94921875,59354.75,59389.25,0
2026-01-13 08:40:00+00:00,59343.30078125,59388.69921875,59315.44921875,59385.3515625,0
2026-01-13 08:45:00+00:00,59368.75,59393.05078125,59315.55078125,59343.19921875,0
2026-01-13 08:50:00+00:00,59327.5,59373.75,59327.5,59371.3984375,0
2026-01-13 08:55:00+00:00,59329.5,59356.75,59319.75,59326.8515625,0
2026-01-13 09:00:00+00:00,59396.69921875,59446.44921875,59316.3984375,59328.55078125,0
2026-01-13 09:05:00+00:00,59415.5,59433.3515625,59386.0,59398.19921875,0
2026-01-13 09:10:00+00:00,59481.30078125,59506.6484375,59405.80078125,59415.55078125,0
2026-01-13 09:15:00+00:00,59508.30078125,59537.1015625,59475.3984375,59481.55078125,0
2026-01-13 09:20:00+00:00,59560.3515625,59590.55078125,59502.3515625,59509.25,0
2026-01-13 09:25:00+00:00,59561.69921875,59589.6484375,59511.8984375,59560.30078125,0
2026-01-13 09:30:00+00:00,59522.75,59652.80078125,59513.05078125,59555.8984375,0
2026-01-13 09:35:00+00:00,59590.8515625,59617.44921875,59519.3515625,59519.3515625,0
2026-01-13 09:40:00+00:00,59575.8984375,59603.8515625,59563.94921875,59595.3515625,0
2026-01-13 09:45:00+00:00,59567.1484375,59607.75,59560.1484375,59574.3984375,0
2026-01-13 09:50:00+00:00,59568.8515625,59603.1015625,59547.6015625,59569.44921875,0
2026-01-13 09:55:00+00:00,59542.3515625,59586.55078125,59535.69921875,59577.3984375,0
2026-01-14 03:45:00+00:00,59524.55078125,59605.30078125,59327.6015625,59327.6015625,0
2026-01-14 03:50:00+00:00,59531.1484375,59652.55078125,59515.1015625,59523.1015625,0
2026-01-14 03:55:00+00:00,59601.6015625,59611.6484375,59525.05078125,59532.19921875,0
2026-01-14 04:00:00+00:00,59585.0,59666.44921875,59563.80078125,59599.8984375,0
2026-01-14 04:05:00+00:00,59582.1484375,59628.25,59556.0,59579.05078125,0
2026-01-14 04:10:00+00:00,59527.8515625,59607.6015625,59514.19921875,59579.3515625,0
2026-01-14 04:15:00+00:00,59499.25,59544.0,59484.6015625,59524.69921875,0
2026-01-14 04:20:00+00:00,59571.3984375,59576.69921875,59485.75,59499.55078125,0
2026-01-14 04:25:00+00:00,59527.30078125,59623.3984375,59505.25,59580.80078125,0
2026-01-14 04:30:00+00:00,59519.69921875,59543.75,59494.1015625,59532.8984375,0
2026-01-14 04:35:00+00:00,59513.19921875,59549.80078125,59486.6484375,59520.6015625,0
2026-01-14 04:40:00+00:00,59483.8515625,59516.3515625,59479.1015625,59514.19921875,0
2026-01-14 04:45:00+00:00,59424.6484375,59504.6015625,59386.25,59483.30078125,0
2026-01-14 04:50:00+00:00,59428.94921875,59436.0,59385.30078125,59427.05078125,0
2026-01-14 04:55:00+00:00,59467.8984375,59471.44921875,59405.05078125,59431.8984375,0
2026-01-14 05:00:00+00:00,59417.3984375,59470.1015625,59386.05078125,59468.80078125,0
2026-01-14 05:05:00+00:00,59396.8984375,59437.6484375,59366.6484375,59417.80078125,0
2026-01-14 05:10:00+00:00,59395.8984375,59457.69921875,59381.1015625,59394.80078125,0
2026-01-14 05:15:00+00:00,59421.0,59442.6015625,59364.94921875,59401.8515625,0
2026-01-14 05:20:00+00:00,59469.3984375,59478.8984375,59416.6484375,59423.55078125,0
2026-01-14 05:25:00+00:00,59523.8515625,59523.8515625,59465.25,59473.3515625,0
2026-01-14 05:30:00+00:00,59557.1484375,59589.25,59480.19921875,59526.5,0
2026-01-14 05:35:00+00:00,59565.6484375,59575.0,59509.44921875,59559.69921875,0
2026-01-14 05:40:00+00:00,59575.0,59596.05078125,59554.6015625,59570.0,0
2026-01-14 05:45:00+00:00,59610.94921875,59639.75,59558.8984375,59577.1015625,0
2026-01-14 05:50:00+00:00,59572.6015625,59645.55078125,59572.3515625,59617.3984375,0
2026-01-14 05:55:00+00:00,59680.05078125,59698.8984375,59553.5,59578.05078125,0
2026-01-14 06:00:00+00:00,59668.8515625,59708.6015625,59642.05078125,59681.25,0
2026-01-14 06:05:00+00:00,59662.94921875,59679.3515625,59646.75,59668.3984375,0
2026-01-14 06:10:00+00:00,59617.55078125,59698.8515625,59617.55078125,59658.75,0
2026-01-14 06:15:00+00:00,59653.1015625,59655.94921875,59612.25,59616.5,0
2026-01-14 06:20:00+00:00,59613.6484375,59655.1484375,59601.19921875,59655.1484375,0
2026-01-14 06:25:00+00:00,59611.55078125,59637.19921875,59598.05078125,59611.6484375,0
2026-01-14 06:30:00+00:00,59654.05078125,59660.6015625,59611.55078125,59616.19921875,0
2026-01-14 06:35:00+00:00,59612.44921875,59661.0,59605.19921875,59653.94921875,0
2026-01-14 06:40:00+00:00,59577.0,59617.3984375,59567.3984375,59615.19921875,0
2026-01-14 06:45:00+00:00,59637.69921875,59637.69921875,59549.05078125,59578.19921875,0
2026-01-14 06:50:00+00:00,59633.44921875,59656.8984375,59626.3515625,59638.8515625,0
2026-01-14 06:55:00+00:00,59607.3515625,59641.05078125,59595.3515625,59634.44921875,0
2026-01-14 07:00:00+00:00,59631.05078125,59647.8984375,59609.6484375,59613.6484375,0
2026-01-14 07:05:00+00:00,59642.1484375,59670.44921875,59631.0,59632.94921875,0
2026-01-14 07:10:00+00:00,59606.3515625,59660.0,59600.8515625,59645.19921875,0
2026-01-14 07:15:00+00:00,59648.3984375,59677.1015625,59601.55078125,59608.8984375,0
2026-01-14 07:20:00+00:00,59647.30078125,59666.80078125,59617.55078125,59647.1015625,0
2026-01-14 07:25:00+00:00,59666.1015625,59669.8984375,59627.8515625,59648.75,0
2026-01-14 07:30:00+00:00,59641.25,59683.3984375,59629.3515625,59668.80078125,0
2026-01-14 07:35:00+00:00,59697.6015625,59710.1015625,59643.3984375,59648.25,0
2026-01-14 07:40:00+00:00,59734.8984375,59750.75,59698.25,59703.55078125,0
2026-01-14 07:45:00+00:00,59742.44921875,59796.1015625,59730.75,59730.75,0
2026-01-14 07:50:00+00:00,59707.6015625,59755.1484375,59704.3984375,59745.3515625,0
2026-01-14 07:55:00+00:00,59701.5,59740.69921875,59674.8515625,59704.80078125,0
2026-01-14 08:00:00+00:00,59677.8515625,59714.8515625,59648.80078125,59702.30078125,0
2026-01-14 08:05:00+00:00,59641.6484375,59714.69921875,59641.6484375,59678.25,0
2026-01-14 08:10:00+00:00,59630.0,59675.3515625,59623.8984375,59639.3515625,0
2026-01-14 08:15:00+00:00,59636.3984375,59655.44921875,59599.3515625,59631.5,0
2026-01-14 08:20:00+00:00,59572.1484375,59658.80078125,59572.1484375,59639.30078125,0
2026-01-14 08:25:00+00:00,59577.25,59584.44921875,59543.8515625,59576.55078125,0
2026-01-14 08:30:00+00:00,59573.30078125,59623.94921875,59566.80078125,59579.6015625,0
2026-01-14 08:35:00+00:00,59589.05078125,59608.8984375,59557.6484375,59571.05078125,0
2026-01-14 08:40:00+00:00,59627.30078125,59631.25,59570.19921875,59591.55078125,0
2026-01-14 08:45:00+00:00,59595.3984375,59639.1015625,59578.05078125,59629.8984375,0
2026-01-14 08:50:00+00:00,59500.3515625,59599.19921875,59497.44921875,59599.19921875,0
2026-01-14 08:55:00+00:00,59504.75,59520.5,59457.0,59497.1484375,0
2026-01-14 09:00:00+00:00,59529.3984375,59534.8984375,59481.19921875,59505.0,0
2026-01-14 09:05:00+00:00,59567.5,59587.5,59513.75,59531.1015625,0
2026-01-14 09:10:00+00:00,59612.1015625,59627.6484375,59554.3984375,59566.8515625,0
2026-01-14 09:15:00+00:00,59653.19921875,59717.0,59611.0,59612.3984375,0
2026-01-14 09:20:00+00:00,59667.6484375,59692.1484375,59648.94921875,59652.3984375,0
2026-01-14 09:25:00+00:00,59639.69921875,59682.55078125,59624.75,59667.05078125,0
2026-01-14 09:30:00+00:00,59633.8984375,59644.1484375,59561.94921875,59642.05078125,0
2026-01-14 09:35:00+00:00,59588.6484375,59660.44921875,59565.19921875,59635.25,0
2026-01-14 09:40:00+00:00,59564.69921875,59601.6484375,59558.0,59590.55078125,0
2026-01-14 09:45:00+00:00,59582.6015625,59586.25,59546.69921875,59580.6015625,0
2026-01-14 09:50:00+00:00,59560.75,59583.3984375,59550.6015625,59582.5,0
2026-01-14 09:55:00+00:00,59575.80078125,59576.75,59546.30078125,59566.05078125,0
2026-01-16 03:45:00+00:00,59735.1015625,59767.05078125,59517.8515625,59590.3515625,0
2026-01-16 03:50:00+00:00,59706.69921875,59752.6484375,59676.75,59733.6015625,0
2026-01-16 03:55:00+00:00,59763.6484375,59791.1015625,59693.6484375,59706.69921875,0
2026-01-16 04:00:00+00:00,59760.1015625,59773.6484375,59702.6015625,59764.44921875,0
2026-01-16 04:05:00+00:00,59747.94921875,59804.8984375,59727.19921875,59759.8984375,0
2026-01-16 04:10:00+00:00,59849.6484375,59854.1015625,59738.44921875,59745.1484375,0
2026-01-16 04:15:00+00:00,59905.3984375,59931.25,59843.3515625,59849.6484375,0
2026-01-16 04:20:00+00:00,59956.6484375,59982.75,59899.05078125,59899.05078125,0
2026-01-16 04:25:00+00:00,59935.1484375,59968.75,59919.3984375,59948.55078125,0
2026-01-16 04:30:00+00:00,59984.25,59989.44921875,59924.3984375,59936.3984375,0
2026-01-16 04:35:00+00:00,59965.75,59984.55078125,59928.25,59983.25,0
2026-01-16 04:40:00+00:00,60008.44921875,60026.3984375,59943.75,59970.8515625,0
2026-01-16 04:45:00+00:00,60071.94921875,60078.69921875,60004.5,60006.8515625,0
2026-01-16 04:50:00+00:00,60082.80078125,60088.25,60051.44921875,60075.0,0
2026-01-16 04:55:00+00:00,60143.25,60155.55078125,60078.5,60079.6484375,0
2026-01-16 05:00:00+00:00,60115.6015625,60159.80078125,60106.6015625,60145.69921875,0
2026-01-16 05:05:00+00:00,60129.30078125,60155.94921875,60106.69921875,60115.94921875,0
2026-01-16 05:10:00+00:00,60064.80078125,60133.8515625,60048.3984375,60129.44921875,0
2026-01-16 05:15:00+00:00,60097.80078125,60105.19921875,60050.3515625,60064.1484375,0
2026-01-16 05:20:00+00:00,60098.6484375,60105.5,60069.8515625,60097.8984375,0
2026-01-16 05:25:00+00:00,60051.44921875,60112.1015625,60042.30078125,60098.3515625,0
2026-01-16 05:30:00+00:00,60041.6484375,60077.5,60028.0,60049.25,0
2026-01-16 05:35:00+00:00,60048.1015625,60076.1484375,60038.30078125,60044.55078125,0
2026-01-16 05:40:00+00:00,60022.8984375,60050.75,59993.0,60043.1015625,0
2026-01-16 05:45:00+00:00,60024.55078125,60034.75,60005.5,60021.1484375,0
2026-01-16 05:50:00+00:00,60035.8984375,60059.6484375,60019.05078125,60025.69921875,0
2026-01-16 05:55:00+00:00,60079.44921875,60081.44921875,60033.05078125,60038.25,0
2026-01-16 06:00:00+00:00,60071.1015625,60118.69921875,60051.0,60078.30078125,0
2026-01-16 06:05:00+00:00,60024.8515625,60083.8984375,60024.25,60067.3984375,0
2026-01-16 06:10:00+00:00,60026.44921875,60057.55078125,60021.1015625,60021.94921875,0
2026-01-16 06:15:00+00:00,60029.05078125,60045.69921875,59998.44921875,60026.1015625,0
2026-01-16 06:20:00+00:00,60030.6015625,60063.55078125,60021.94921875,60028.44921875,0
2026-01-16 06:25:00+00:00,60007.6484375,60044.55078125,60003.94921875,60030.0,0
2026-01-16 06:30:00+00:00,60046.94921875,60053.6484375,60012.1015625,60014.0,0
2026-01-16 06:35:00+00:00,60076.25,60081.94921875,60026.0,60045.55078125,0
2026-01-16 06:40:00+00:00,60084.3515625,60096.6015625,60057.75,60070.94921875,0
2026-01-16 06:45:00+00:00,60051.25,60094.8515625,60036.3515625,60085.1015625,0
2026-01-16 06:50:00+00:00,60019.94921875,60068.75,60009.19921875,60051.6484375,0
2026-01-16 06:55:00+00:00,59972.1015625,60026.3984375,59899.1015625,60020.30078125,0
2026-01-16 07:00:00+00:00,60015.8984375,60041.69921875,59948.75,59968.0,0
2026-01-16 07:05:00+00:00,60025.6484375,60037.5,59981.75,60017.19921875,0
2026-01-16 07:10:00+00:00,60047.30078125,60065.1484375,60009.8515625,60030.6015625,0
2026-01-16 07:15:00+00:00,60020.94921875,60055.05078125,60011.25,60050.6484375,0
2026-01-16 07:20:00+00:00,60052.55078125,60054.1015625,59961.8515625,60023.55078125,0
2026-01-16 07:25:00+00:00,59989.6484375,60055.69921875,59980.69921875,60055.69921875,0
2026-01-16 07:30:00+00:00,59966.25,59994.30078125,59927.8515625,59989.6015625,0
2026-01-16 07:35:00+00:00,59980.75,60000.19921875,59951.0,59966.75,0
2026-01-16 07:40:00+00:00,59980.5,59987.94921875,59954.3984375,59980.75,0
2026-01-16 07:45:00+00:00,60007.8515625,60008.8984375,59971.30078125,59981.0,0
2026-01-16 07:50:00+00:00,59976.55078125,60026.1484375,59959.75,60011.5,0
2026-01-16 07:55:00+00:00,60034.0,60035.80078125,59916.75,59978.8984375,0
2026-01-16 08:00:00+00:00,60047.25,60079.80078125,60022.75,60033.80078125,0
2026-01-16 08:05:00+00:00,60056.25,60065.1015625,60006.6015625,60043.3984375,0
2026-01-16 08:10:00+00:00,60033.8515625,60068.94921875,60015.8515625,60055.1015625,0
2026-01-16 08:15:00+00:00,60047.8515625,60083.3984375,60022.94921875,60031.5,0
2026-01-16 08:20:00+00:00,60023.8984375,60076.3515625,60006.69921875,60046.8515625,0
2026-01-16 08:25:00+00:00,60039.55078125,60057.30078125,60019.6015625,60024.3515625,0
2026-01-16 08:30:00+00:00,60010.30078125,60050.8984375,60000.1484375,60042.94921875,0
2026-01-16 08:35:00+00:00,59977.55078125,60051.80078125,59977.55078125,60006.8984375,0
2026-01-16 08:40:00+00:00,60035.75,60049.30078125,59969.3515625,59976.5,0
2026-01-16 08:45:00+00:00,60050.3984375,60052.19921875,59999.69921875,60035.75,0
2026-01-16 08:50:00+00:00,60060.8984375,60075.19921875,60048.5,60051.6015625,0
2026-01-16 08:55:00+00:00,60057.1015625,60094.30078125,60039.1484375,60062.80078125,0
2026-01-16 09:00:00+00:00,60083.94921875,60096.69921875,60036.69921875,60059.6015625,0
2026-01-16 09:05:00+00:00,60096.80078125,60106.1015625,60046.30078125,60083.94921875,0
2026-01-16 09:10:00+00:00,60092.44921875,60112.44921875,60078.30078125,60095.8984375,0
2026-01-16 09:15:00+00:00,60088.44921875,60109.3515625,60056.8515625,60093.05078125,0
2026-01-16 09:20:00+00:00,60085.44921875,60104.6484375,60064.8515625,60088.25,0
2026-01-16 09:25:00+00:00,60102.5,60115.5,60081.75,60086.80078125,0
2026-01-16 09:30:00+00:00,60082.19921875,60120.5,60076.30078125,60099.3515625,0
2026-01-16 09:35:00+00:00,60089.3984375,60092.1484375,60046.8515625,60081.8515625,0
2026-01-16 09:40:00+00:00,60074.69921875,60106.1015625,60066.3984375,60091.6015625,0
2026-01-16 09:45:00+00:00,60104.0,60113.94921875,60073.6015625,60075.69921875,0
2026-01-16 09:50:00+00:00,60103.05078125,60139.75,60089.1484375,60096.19921875,0
2026-01-16 09:55:00+00:00,60110.5,60119.3515625,60058.5,60105.75,0
2026-01-19 03:45:00+00:00,59930.55078125,60093.30078125,59789.44921875,60093.30078125,0
2026-01-19 03:50:00+00:00,59897.3984375,59938.30078125,59852.80078125,59938.30078125,0
2026-01-19 03:55:00+00:00,59864.3984375,59915.05078125,59835.19921875,59893.3984375,0
2026-01-19 04:00:00+00:00,59885.3984375,59896.75,59798.80078125,59867.6484375,0
2026-01-19 04:05:00+00:00,59789.6484375,59915.94921875,59773.94921875,59882.94921875,0
2026-01-19 04:10:00+00:00,59744.19921875,59795.1484375,59744.19921875,59785.44921875,0
2026-01-19 04:15:00+00:00,59754.8515625,59782.8984375,59721.55078125,59748.3984375,0
2026-01-19 04:20:00+00:00,59680.55078125,59814.05078125,59671.3984375,59759.44921875,0
2026-01-19 04:25:00+00:00,59660.55078125,59708.55078125,59650.1015625,59674.5,0
2026-01-19 04:30:00+00:00,59641.0,59669.75,59595.05078125,59666.8515625,0
2026-01-19 04:35:00+00:00,59686.69921875,59704.69921875,59609.80078125,59644.3515625,0
2026-01-19 04:40:00+00:00,59668.8515625,59698.3515625,59639.0,59688.25,0
2026-01-19 04:45:00+00:00,59693.3515625,59711.30078125,59655.8515625,59664.5,0
2026-01-19 04:50:00+00:00,59748.8984375,59748.8984375,59669.5,59691.8515625,0
2026-01-19 04:55:00+00:00,59720.3984375,59750.3515625,59670.8984375,59747.8515625,0
2026-01-19 05:00:00+00:00,59736.0,59770.94921875,59711.44921875,59721.30078125,0
2026-01-19 05:05:00+00:00,59702.44921875,59744.69921875,59700.94921875,59734.8984375,0
2026-01-19 05:10:00+00:00,59690.30078125,59713.80078125,59664.44921875,59700.69921875,0
2026-01-19 05:15:00+00:00,59686.94921875,59721.6484375,59677.8515625,59688.80078125,0
2026-01-19 05:20:00+00:00,59726.1484375,59736.44921875,59685.1015625,59694.19921875,0
2026-01-19 05:25:00+00:00,59773.75,59780.69921875,59723.80078125,59726.3984375,0
2026-01-19 05:30:00+00:00,59779.8515625,59809.30078125,59744.3984375,59774.44921875,0
2026-01-19 05:35:00+00:00,59732.0,59784.30078125,59730.1015625,59777.3984375,0
2026-01-19 05:40:00+00:00,59721.94921875,59740.69921875,59678.0,59737.94921875,0
2026-01-19 05:45:00+00:00,59724.6015625,59724.6015625,59724.6015625,59724.6015625,0
2026-01-19 05:50:00+00:00,59724.3984375,59765.19921875,59705.55078125,59732.19921875,0
2026-01-19 05:55:00+00:00,59718.69921875,59724.25,59681.1484375,59722.69921875,0
2026-01-19 06:00:00+00:00,59733.75,59737.19921875,59706.25,59714.8984375,0
2026-01-19 06:05:00+00:00,59745.5,59748.8515625,59715.1484375,59734.1484375,0
2026-01-19 06:10:00+00:00,59755.5,59767.5,59720.3984375,59747.1484375,0
2026-01-19 06:15:00+00:00,59769.25,59781.3515625,59732.55078125,59761.8515625,0
2026-01-19 06:20:00+00:00,59779.69921875,59802.30078125,59753.44921875,59770.0,0
2026-01-19 06:25:00+00:00,59730.5,59785.8984375,59704.3515625,59783.75,0
2026-01-19 06:30:00+00:00,59710.94921875,59733.8515625,59700.5,59733.8515625,0
2026-01-19 06:35:00+00:00,59728.3984375,59743.30078125,59709.8515625,59712.25,0
2026-01-19 06:40:00+00:00,59769.6484375,59773.94921875,59719.19921875,59727.69921875,0
2026-01-19 06:45:00+00:00,59830.3984375,59847.6484375,59766.1484375,59770.1015625,0
2026-01-19 06:50:00+00:00,59809.3984375,59855.69921875,59804.05078125,59829.0,0
2026-01-19 06:55:00+00:00,59816.5,59824.19921875,59792.5,59811.3515625,0
2026-01-19 07:00:00+00:00,59803.44921875,59829.30078125,59787.8984375,59815.3984375,0
2026-01-19 07:05:00+00:00,59803.6015625,59819.05078125,59781.30078125,59803.8515625,0
2026-01-19 07:10:00+00:00,59826.5,59832.30078125,59798.19921875,59806.25,0
2026-01-19 07:15:00+00:00,59813.94921875,59843.0,59783.30078125,59826.30078125,0
2026-01-19 07:20:00+00:00,59873.1015625,59890.3515625,59797.0,59810.80078125,0
2026-01-19 07:25:00+00:00,59876.8984375,59895.94921875,59849.94921875,59875.8515625,0
2026-01-19 07:30:00+00:00,59876.80078125,59889.25,59852.8984375,59877.25,0
2026-01-19 07:35:00+00:00,59875.05078125,59903.44921875,59862.94921875,59875.25,0
2026-01-19 07:40:00+00:00,59857.6484375,59889.3515625,59801.8515625,59877.8984375,0
2026-01-19 07:45:00+00:00,59865.05078125,59869.44921875,59834.3984375,59852.69921875,0
2026-01-19 07:50:00+00:00,59876.05078125,59911.6015625,59861.6015625,59863.3984375,0
2026-01-19 07:55:00+00:00,59855.0,59879.75,59849.80078125,59876.0,0
2026-01-19 08:00:00+00:00,59818.6484375,59869.44921875,59811.3515625,59857.05078125,0
2026-01-19 08:05:00+00:00,59797.8984375,59823.05078125,59774.1015625,59815.94921875,0
2026-01-19 08:10:00+00:00,59818.94921875,59832.25,59785.44921875,59786.3984375,0
2026-01-19 08:15:00+00:00,59896.6015625,59898.8984375,59806.3515625,59819.6015625,0
2026-01-19 08:20:00+00:00,59847.30078125,59989.25,59817.8515625,59895.69921875,0
2026-01-19 08:25:00+00:00,59861.19921875,59904.30078125,59820.05078125,59845.3984375,0
2026-01-19 08:30:00+00:00,59874.19921875,59923.80078125,59848.44921875,59863.1484375,0
2026-01-19 08:35:00+00:00,59912.80078125,59925.30078125,59859.8984375,59872.1484375,0
2026-01-19 08:40:00+00:00,59849.1015625,59918.80078125,59840.3515625,59912.0,0
2026-01-19 08:45:00+00:00,59910.3984375,59914.05078125,59834.25,59848.55078125,0
2026-01-19 08:50:00+00:00,59893.69921875,59915.94921875,59870.6015625,59910.3984375,0
2026-01-19 08:55:00+00:00,59850.05078125,59899.44921875,59836.05078125,59897.0,0
2026-01-19 09:00:00+00:00,59883.5,59890.80078125,59848.1484375,59848.1484375,0
2026-01-19 09:05:00+00:00,59919.05078125,59922.0,59877.0,59886.8515625,0
2026-01-19 09:10:00+00:00,59920.05078125,59935.8515625,59899.5,59919.3984375,0
2026-01-19 09:15:00+00:00,59947.5,59954.8515625,59914.5,59918.3984375,0
2026-01-19 09:20:00+00:00,59938.6484375,59974.80078125,59917.69921875,59946.75,0
2026-01-19 09:25:00+00:00,59947.94921875,59957.1484375,59907.25,59938.8515625,0
2026-01-19 09:30:00+00:00,59953.1484375,59971.0,59911.1015625,59948.1484375,0
2026-01-19 09:35:00+00:00,59918.0,59954.6015625,59907.5,59951.0,0
2026-01-19 09:40:00+00:00,59910.5,59921.0,59888.55078125,59917.8984375,0
2026-01-19 09:45:00+00:00,59867.69921875,59919.3984375,59864.3984375,59910.80078125,0
2026-01-19 09:50:00+00:00,59861.94921875,59872.69921875,59833.75,59869.44921875,0
2026-01-19 09:55:00+00:00,59829.8984375,59875.30078125,59798.44921875,59861.8515625,0
2026-01-20 03:45:00+00:00,59951.30078125,59990.44921875,59789.69921875,59844.8515625,0
2026-01-20 03:50:00+00:00,59868.3984375,59960.30078125,59845.1015625,59951.80078125,0
2026-01-20 03:55:00+00:00,59806.05078125,59873.0,59773.44921875,59864.1484375,0
2026-01-20 04:00:00+00:00,59811.05078125,59864.94921875,59784.6484375,59807.8515625,0
2026-01-20 04:05:00+00:00,59711.30078125,59818.8515625,59695.6484375,59810.44921875,0
2026-01-20 04:10:00+00:00,59722.69921875,59773.8515625,59696.6015625,59712.55078125,0
2026-01-20 04:15:00+00:00,59682.05078125,59734.25,59665.30078125,59723.94921875,0
2026-01-20 04:20:00+00:00,59636.3515625,59727.8984375,59624.44921875,59684.80078125,0
2026-01-20 04:25:00+00:00,59678.69921875,59701.25,59630.55078125,59638.8984375,0
2026-01-20 04:30:00+00:00,59716.69921875,59724.30078125,59665.44921875,59678.6484375,0
2026-01-20 04:35:00+00:00,59703.1484375,59729.94921875,59678.44921875,59715.44921875,0
2026-01-20 04:40:00+00:00,59666.6484375,59747.1484375,59660.44921875,59706.25,0
2026-01-20 04:45:00+00:00,59708.3515625,59730.55078125,59652.8984375,59672.6015625,0
2026-01-20 04:50:00+00:00,59725.25,59760.94921875,59692.6015625,59710.3984375,0
2026-01-20 04:55:00+00:00,59708.75,59744.30078125,59690.6484375,59721.75,0
2026-01-20 05:00:00+00:00,59676.8984375,59708.5,59664.80078125,59707.8984375,0
2026-01-20 05:05:00+00:00,59719.44921875,59746.94921875,59657.3515625,59678.55078125,0
2026-01-20 05:10:00+00:00,59693.1015625,59737.1484375,59680.55078125,59720.55078125,0
2026-01-20 05:15:00+00:00,59696.80078125,59711.8984375,59678.80078125,59695.30078125,0
2026-01-20 05:20:00+00:00,59686.8984375,59704.30078125,59661.3984375,59694.25,0
2026-01-20 05:25:00+00:00,59676.8984375,59688.5,59639.3984375,59688.5,0
2026-01-20 05:30:00+00:00,59660.44921875,59681.3984375,59630.5,59677.69921875,0
2026-01-20 05:35:00+00:00,59679.80078125,59694.6484375,59638.5,59656.6015625,0
2026-01-20 05:40:00+00:00,59697.8984375,59702.80078125,59667.1484375,59679.19921875,0
2026-01-20 05:45:00+00:00,59672.8984375,59720.05078125,59669.69921875,59696.6015625,0
2026-01-20 05:50:00+00:00,59703.94921875,59715.8515625,59667.25,59675.5,0
2026-01-20 05:55:00+00:00,59710.1484375,59723.8984375,59685.75,59707.1015625,0
2026-01-20 06:00:00+00:00,59716.8984375,59723.75,59695.25,59711.6484375,0
2026-01-20 06:05:00+00:00,59722.05078125,59739.05078125,59707.80078125,59714.3515625,0
2026-01-20 06:10:00+00:00,59728.05078125,59736.75,59702.5,59720.69921875,0
2026-01-20 06:15:00+00:00,59770.69921875,59780.19921875,59714.6015625,59729.30078125,0
2026-01-20 06:20:00+00:00,59824.6015625,59840.1015625,59756.6015625,59775.75,0
2026-01-20 06:25:00+00:00,59769.8984375,59826.25,59764.8515625,59826.25,0
2026-01-20 06:30:00+00:00,59767.05078125,59774.69921875,59742.19921875,59770.8515625,0
2026-01-20 06:35:00+00:00,59693.5,59767.75,59693.5,59767.6484375,0
2026-01-20 06:40:00+00:00,59702.1015625,59710.6015625,59673.6484375,59699.8984375,0
2026-01-20 06:45:00+00:00,59691.44921875,59727.1015625,59676.25,59706.19921875,0
2026-01-20 06:50:00+00:00,59688.1484375,59714.80078125,59672.94921875,59689.1484375,0
2026-01-20 06:55:00+00:00,59709.3515625,59722.55078125,59671.1015625,59688.1015625,0
2026-01-20 07:00:00+00:00,59685.3984375,59721.8515625,59676.8515625,59711.5,0
2026-01-20 07:05:00+00:00,59685.44921875,59699.8515625,59668.05078125,59685.8515625,0
2026-01-20 07:10:00+00:00,59634.1015625,59691.6484375,59629.69921875,59684.75,0
2026-01-20 07:15:00+00:00,59654.19921875,59667.55078125,59623.1015625,59633.05078125,0
2026-01-20 07:20:00+00:00,59675.5,59687.8984375,59647.1484375,59660.0,0
2026-01-20 07:25:00+00:00,59686.5,59695.80078125,59658.25,59677.05078125,0
2026-01-20 07:30:00+00:00,59681.44921875,59691.5,59665.1484375,59684.8515625,0
2026-01-20 07:35:00+00:00,59680.44921875,59693.0,59659.3984375,59688.19921875,0
2026-01-20 07:40:00+00:00,59674.94921875,59702.94921875,59665.0,59683.05078125,0
2026-01-20 07:45:00+00:00,59680.05078125,59689.5,59648.3984375,59674.80078125,0
2026-01-20 07:50:00+00:00,59707.75,59709.75,59675.0,59678.8984375,0
2026-01-20 07:55:00+00:00,59683.94921875,59718.05078125,59679.55078125,59706.94921875,0
2026-01-20 08:00:00+00:00,59632.1484375,59688.19921875,59630.5,59684.5,0
2026-01-20 08:05:00+00:00,59587.8984375,59646.94921875,59582.19921875,59638.75,0
2026-01-20 08:10:00+00:00,59590.30078125,59615.94921875,59563.0,59588.55078125,0
2026-01-20 08:15:00+00:00,59546.25,59604.3984375,59545.1484375,59589.5,0
2026-01-20 08:20:00+00:00,59574.25,59584.6484375,59536.94921875,59551.80078125,0
2026-01-20 08:25:00+00:00,59568.1484375,59584.05078125,59543.44921875,59574.0,0
2026-01-20 08:30:00+00:00,59585.1015625,59597.05078125,59510.0,59570.0,0
2026-01-20 08:35:00+00:00,59516.3515625,59582.75,59490.8984375,59582.75,0
2026-01-20 08:40:00+00:00,59488.1015625,59520.0,59483.6015625,59516.8515625,0
2026-01-20 08:45:00+00:00,59488.6484375,59530.69921875,59479.94921875,59488.6484375,0
2026-01-20 08:50:00+00:00,59487.19921875,59505.1015625,59478.30078125,59488.3515625,0
2026-01-20 08:55:00+00:00,59575.3984375,59584.80078125,59480.44921875,59487.55078125,0
2026-01-20 09:00:00+00:00,59568.94921875,59600.8515625,59550.69921875,59574.8984375,0
2026-01-20 09:05:00+00:00,59540.8984375,59587.8515625,59533.69921875,59572.3984375,0
2026-01-20 09:10:00+00:00,59524.19921875,59552.6484375,59500.3515625,59546.44921875,0
2026-01-20 09:15:00+00:00,59523.69921875,59553.1015625,59504.55078125,59523.94921875,0
2026-01-20 09:20:00+00:00,59527.0,59539.19921875,59492.8515625,59529.6015625,0
2026-01-20 09:25:00+00:00,59505.6015625,59552.6015625,59503.69921875,59530.94921875,0
2026-01-20 09:30:00+00:00,59474.8984375,59505.69921875,59433.6484375,59505.69921875,0
2026-01-20 09:35:00+00:00,59468.19921875,59520.0,59467.30078125,59478.8515625,0
2026-01-20 09:40:00+00:00,59385.5,59480.80078125,59385.5,59480.80078125,0
2026-01-20 09:45:00+00:00,59365.8515625,59452.0,59353.1484375,59388.44921875,0
2026-01-20 09:50:00+00:00,59296.3515625,59371.30078125,59296.3515625,59366.5,0
2026-01-20 09:55:00+00:00,59372.30078125,59390.94921875,59288.5,59299.19921875,0
2026-01-21 03:45:00+00:00,59349.94921875,59444.3984375,59125.19921875,59142.0,0
2026-01-21 03:50:00+00:00,59260.0,59348.44921875,59208.69921875,59346.44921875,0
2026-01-21 03:55:00+00:00,59251.55078125,59342.0,59241.8515625,59267.69921875,0
2026-01-21 04:00:00+00:00,59321.30078125,59342.75,59236.3984375,59251.3984375,0
2026-01-21 04:05:00+00:00,59193.80078125,59330.8984375,59191.3984375,59316.3984375,0
2026-01-21 04:10:00+00:00,59210.05078125,59258.5,59189.30078125,59191.75,0
2026-01-21 04:15:00+00:00,59191.3515625,59239.30078125,59173.6484375,59207.80078125,0
2026-01-21 04:20:00+00:00,59153.19921875,59221.25,59140.25,59193.44921875,0
2026-01-21 04:25:00+00:00,59112.6484375,59205.6484375,59106.1484375,59152.69921875,0
2026-01-21 04:30:00+00:00,59045.44921875,59107.6484375,59039.94921875,59104.69921875,0
2026-01-21 04:35:00+00:00,59009.44921875,59058.6484375,58993.94921875,59047.55078125,0
2026-01-21 04:40:00+00:00,58983.25,59048.75,58971.1484375,59009.25,0
2026-01-21 04:45:00+00:00,58950.1484375,58989.1015625,58930.05078125,58976.6015625,0
2026-01-21 04:50:00+00:00,58923.0,58981.3515625,58918.44921875,58949.19921875,0
2026-01-21 04:55:00+00:00,58950.3984375,58992.30078125,58915.8984375,58927.25,0
2026-01-21 05:00:00+00:00,58931.80078125,58955.1484375,58909.80078125,58950.1484375,0
2026-01-21 05:05:00+00:00,58905.8984375,58952.30078125,58896.8984375,58925.8984375,0
2026-01-21 05:10:00+00:00,58762.0,58919.6484375,58762.0,58909.3984375,0
2026-01-21 05:15:00+00:00,58651.05078125,58765.0,58646.25,58760.1015625,0
2026-01-21 05:20:00+00:00,58474.6015625,58658.80078125,58470.05078125,58648.94921875,0
2026-01-21 05:25:00+00:00,58535.25,58586.3984375,58278.6484375,58474.44921875,0
2026-01-21 05:30:00+00:00,58514.1015625,58563.6484375,58489.05078125,58529.1484375,0
2026-01-21 05:35:00+00:00,58535.1484375,58543.1484375,58458.30078125,58512.94921875,0
2026-01-21 05:40:00+00:00,58630.69921875,58687.1015625,58530.80078125,58530.80078125,0
2026-01-21 05:45:00+00:00,58646.69921875,58651.75,58582.6015625,58629.3984375,0
2026-01-21 05:50:00+00:00,58570.6484375,58649.05078125,58540.6484375,58647.44921875,0
2026-01-21 05:55:00+00:00,58528.3984375,58575.05078125,58514.44921875,58572.6015625,0
2026-01-21 06:00:00+00:00,58574.05078125,58642.30078125,58519.0,58526.19921875,0
2026-01-21 06:05:00+00:00,58543.55078125,58591.69921875,58528.75,58574.8515625,0
2026-01-21 06:10:00+00:00,58539.94921875,58575.8515625,58535.44921875,58544.94921875,0
2026-01-21 06:15:00+00:00,58579.55078125,58623.69921875,58539.3515625,58541.1484375,0
2026-01-21 06:20:00+00:00,58589.80078125,58644.8984375,58568.05078125,58582.6484375,0
2026-01-21 06:25:00+00:00,58593.30078125,58619.80078125,58555.44921875,58595.75,0
2026-01-21 06:30:00+00:00,58745.3984375,58770.80078125,58577.55078125,58591.94921875,0
2026-01-21 06:35:00+00:00,58759.3515625,58778.19921875,58723.44921875,58745.19921875,0
2026-01-21 06:40:00+00:00,58773.75,58773.75,58727.75,58760.3515625,0
2026-01-21 06:45:00+00:00,58818.94921875,58853.6484375,58751.8515625,58773.6484375,0
2026-01-21 06:50:00+00:00,58842.8515625,58853.55078125,58761.0,58822.3984375,0
2026-01-21 06:55:00+00:00,58695.75,58844.1015625,58671.0,58841.8515625,0
2026-01-21 07:00:00+00:00,58832.1484375,58851.0,58696.55078125,58698.30078125,0
2026-01-21 07:05:00+00:00,58928.80078125,58953.5,58828.80078125,58834.6484375,0
2026-01-21 07:10:00+00:00,58951.75,59005.30078125,58928.55078125,58936.6484375,0
2026-01-21 07:15:00+00:00,59150.6015625,59163.75,58948.25,58954.3515625,0
2026-01-21 07:20:00+00:00,59145.1484375,59178.1015625,59097.75,59150.94921875,0
2026-01-21 07:25:00+00:00,59147.5,59150.55078125,59061.55078125,59145.30078125,0
2026-01-21 07:30:00+00:00,59221.6015625,59270.19921875,59146.75,59146.75,0
2026-01-21 07:35:00+00:00,59101.6484375,59235.3984375,59101.6484375,59215.30078125,0
2026-01-21 07:40:00+00:00,59019.8984375,59104.55078125,58997.1484375,59104.55078125,0
2026-01-21 07:45:00+00:00,58989.05078125,59065.8984375,58966.8515625,59027.30078125,0
2026-01-21 07:50:00+00:00,58981.3984375,59033.8984375,58960.6484375,58987.1015625,0
2026-01-21 07:55:00+00:00,58975.69921875,59012.69921875,58961.05078125,58983.75,0
2026-01-21 08:00:00+00:00,58925.30078125,59009.05078125,58901.25,58973.3984375,0
2026-01-21 08:05:00+00:00,58978.75,59049.25,58887.69921875,58922.8984375,0
2026-01-21 08:10:00+00:00,58914.05078125,58978.69921875,58859.1015625,58978.69921875,0
2026-01-21 08:15:00+00:00,58909.69921875,58940.6015625,58869.0,58913.6484375,0
2026-01-21 08:20:00+00:00,58826.3984375,58924.80078125,58801.1015625,58909.30078125,0
2026-01-21 08:25:00+00:00,58785.94921875,58828.6484375,58771.0,58824.8984375,0
2026-01-21 08:30:00+00:00,58776.5,58815.55078125,58740.8515625,58784.8515625,0
2026-01-21 08:35:00+00:00,58766.19921875,58798.30078125,58745.94921875,58780.0,0
2026-01-21 08:40:00+00:00,58764.05078125,58815.19921875,58735.19921875,58765.55078125,0
2026-01-21 08:45:00+00:00,58859.69921875,58922.55078125,58732.30078125,58768.3515625,0
2026-01-21 08:50:00+00:00,58804.6015625,58895.55078125,58764.75,58860.6484375,0
2026-01-21 08:55:00+00:00,58751.55078125,58810.3984375,58747.3515625,58805.6015625,0
2026-01-21 09:00:00+00:00,58851.75,58865.30078125,58745.69921875,58752.75,0
2026-01-21 09:05:00+00:00,58850.75,58863.94921875,58805.5,58854.8515625,0
2026-01-21 09:10:00+00:00,58854.8515625,58884.80078125,58817.80078125,58849.94921875,0
2026-01-21 09:15:00+00:00,58863.75,58870.94921875,58837.30078125,58851.55078125,0
2026-01-21 09:20:00+00:00,58865.3984375,58896.5,58839.55078125,58863.30078125,0
2026-01-21 09:25:00+00:00,58791.19921875,58875.6484375,58780.94921875,58863.8515625,0
2026-01-21 09:30:00+00:00,58869.8515625,58869.8515625,58772.0,58794.5,0
2026-01-21 09:35:00+00:00,58829.05078125,58900.44921875,58809.75,58872.8515625,0
2026-01-21 09:40:00+00:00,58778.44921875,58839.1015625,58763.94921875,58827.1484375,0
2026-01-21 09:45:00+00:00,58788.75,58798.75,58743.69921875,58776.3515625,0
2026-01-21 09:50:00+00:00,58757.80078125,58791.55078125,58728.1015625,58788.80078125,0
2026-01-21 09:55:00+00:00,58741.19921875,58821.0,58741.19921875,58753.05078125,0
2026-01-22 03:45:00+00:00,59320.05078125,59326.44921875,59098.69921875,59230.75,0
2026-01-22 03:50:00+00:00,59401.19921875,59420.6015625,59294.8984375,59316.30078125,0
2026-01-22 03:55:00+00:00,59462.3984375,59491.05078125,59350.55078125,59396.1484375,0
2026-01-22 04:00:00+00:00,59510.5,59552.05078125,59455.44921875,59455.44921875,0
2026-01-22 04:05:00+00:00,59532.94921875,59572.5,59503.5,59505.8515625,0
2026-01-22 04:10:00+00:00,59490.8984375,59547.30078125,59462.8984375,59535.6484375,0
2026-01-22 04:15:00+00:00,59483.5,59533.1484375,59471.75,59486.25,0
2026-01-22 04:20:00+00:00,59385.94921875,59509.55078125,59383.6484375,59482.25,0
2026-01-22 04:25:00+00:00,59388.75,59435.05078125,59336.80078125,59382.19921875,0
2026-01-22 04:30:00+00:00,59331.25,59433.94921875,59299.19921875,59388.5,0
2026-01-22 04:35:00+00:00,59314.05078125,59366.69921875,59312.80078125,59330.0,0
2026-01-22 04:40:00+00:00,59333.30078125,59370.55078125,59303.8984375,59317.55078125,0
2026-01-22 04:45:00+00:00,59229.75,59353.19921875,59226.6015625,59332.75,0
2026-01-22 04:50:00+00:00,59235.3515625,59264.30078125,59197.0,59222.75,0
2026-01-22 04:55:00+00:00,59138.55078125,59243.25,59133.30078125,59235.6015625,0
2026-01-22 05:00:00+00:00,59149.44921875,59149.44921875,58953.1015625,59139.55078125,0
2026-01-22 05:05:00+00:00,59100.80078125,59198.69921875,59095.69921875,59150.6484375,0
2026-01-22 05:10:00+00:00,59105.69921875,59124.3984375,59081.80078125,59102.5,0
2026-01-22 05:15:00+00:00,59058.69921875,59114.94921875,59041.8984375,59107.3984375,0
2026-01-22 05:20:00+00:00,59022.0,59059.25,58965.19921875,59050.75,0
2026-01-22 05:25:00+00:00,58919.1015625,59023.30078125,58917.55078125,59022.6484375,0
2026-01-22 05:30:00+00:00,58935.75,58968.30078125,58898.55078125,58911.3984375,0
2026-01-22 05:35:00+00:00,58910.75,58937.6015625,58863.94921875,58933.5,0
2026-01-22 05:40:00+00:00,58904.5,58946.94921875,58868.5,58910.69921875,0
2026-01-22 05:45:00+00:00,58906.05078125,58949.5,58900.19921875,58904.1484375,0
2026-01-22 05:50:00+00:00,58999.1484375,59027.44921875,58897.8984375,58909.1015625,0
2026-01-22 05:55:00+00:00,58982.6015625,59067.25,58978.75,58999.69921875,0
2026-01-22 06:00:00+00:00,58991.0,59009.44921875,58936.69921875,58980.1484375,0
2026-01-22 06:05:00+00:00,58960.3984375,59012.1015625,58948.5,58989.44921875,0
2026-01-22 06:10:00+00:00,58891.8515625,58962.3515625,58875.1484375,58961.1015625,0
2026-01-22 06:15:00+00:00,58917.19921875,58919.30078125,58825.94921875,58889.1015625,0
2026-01-22 06:20:00+00:00,58908.1484375,58966.6484375,58892.94921875,58912.44921875,0
2026-01-22 06:25:00+00:00,58880.55078125,58929.1484375,58868.8515625,58904.8984375,0
2026-01-22 06:30:00+00:00,58924.6484375,58925.1484375,58863.3984375,58882.30078125,0
2026-01-22 06:35:00+00:00,58983.30078125,59009.8984375,58924.6484375,58925.25,0
2026-01-22 06:40:00+00:00,58989.6484375,59000.8984375,58949.80078125,58977.05078125,0
2026-01-22 06:45:00+00:00,59028.1015625,59047.1015625,58945.80078125,58990.69921875,0
2026-01-22 06:50:00+00:00,59024.30078125,59127.3984375,59015.8515625,59024.0,0
2026-01-22 06:55:00+00:00,59083.6015625,59086.3984375,59018.19921875,59022.80078125,0
2026-01-22 07:00:00+00:00,59128.0,59136.75,59049.75,59082.30078125,0
2026-01-22 07:05:00+00:00,59070.8984375,59151.55078125,59032.94921875,59127.5,0
2026-01-22 07:10:00+00:00,59088.30078125,59095.75,58996.6015625,59076.55078125,0
2026-01-22 07:15:00+00:00,59106.80078125,59112.30078125,59037.8515625,59093.6015625,0
2026-01-22 07:20:00+00:00,59029.3984375,59127.1484375,59029.3984375,59105.30078125,0
2026-01-22 07:25:00+00:00,58963.69921875,59026.30078125,58949.3515625,59022.05078125,0
2026-01-22 07:30:00+00:00,58986.5,58986.5,58899.0,58959.0,0
2026-01-22 07:35:00+00:00,58953.75,58997.8515625,58940.1484375,58980.5,0
2026-01-22 07:40:00+00:00,58957.19921875,58997.8984375,58936.8984375,58942.75,0
2026-01-22 07:45:00+00:00,58985.25,58989.3984375,58927.25,58956.3984375,0
2026-01-22 07:50:00+00:00,58987.30078125,59002.6484375,58949.69921875,58982.25,0
2026-01-22 07:55:00+00:00,58976.75,59005.55078125,58956.19921875,58983.25,0
2026-01-22 08:00:00+00:00,59056.1484375,59057.94921875,58947.1484375,58972.0,0
2026-01-22 08:05:00+00:00,58996.5,59079.80078125,58988.19921875,59055.6484375,0
2026-01-22 08:10:00+00:00,59032.0,59048.30078125,58987.55078125,58996.30078125,0
2026-01-22 08:15:00+00:00,59066.75,59070.1015625,58994.1015625,59030.6484375,0
2026-01-22 08:20:00+00:00,59099.1015625,59132.6484375,59047.25,59064.25,0
2026-01-22 08:25:00+00:00,59072.94921875,59115.75,59055.19921875,59096.8515625,0
2026-01-22 08:30:00+00:00,59086.19921875,59127.0,59068.8984375,59070.75,0
2026-01-22 08:35:00+00:00,59074.8984375,59103.25,59042.80078125,59089.25,0
2026-01-22 08:40:00+00:00,59015.6484375,59084.8515625,59012.8515625,59074.0,0
2026-01-22 08:45:00+00:00,59001.0,59044.1484375,58979.6484375,59015.05078125,0
2026-01-22 08:50:00+00:00,59045.75,59077.25,58990.55078125,59003.25,0
2026-01-22 08:55:00+00:00,59128.8984375,59131.6015625,59034.80078125,59045.3515625,0
2026-01-22 09:00:00+00:00,59215.5,59219.44921875,59119.69921875,59123.55078125,0
2026-01-22 09:05:00+00:00,59209.5,59238.05078125,59180.94921875,59213.44921875,0
2026-01-22 09:10:00+00:00,59174.5,59231.6015625,59137.5,59209.3515625,0
2026-01-22 09:15:00+00:00,59179.6484375,59228.25,59171.8984375,59173.80078125,0
2026-01-22 09:20:00+00:00,59110.94921875,59179.25,59106.19921875,59176.6484375,0
2026-01-22 09:25:00+00:00,59175.0,59197.8515625,59115.6015625,59115.6015625,0
2026-01-22 09:30:00+00:00,59112.69921875,59174.5,59058.55078125,59174.19921875,0
2026-01-22 09:35:00+00:00,59168.30078125,59186.1484375,59083.3515625,59107.1484375,0
2026-01-22 09:40:00+00:00,59215.0,59230.05078125,59163.6015625,59168.1484375,0
2026-01-22 09:45:00+00:00,59268.94921875,59297.1015625,59207.55078125,59211.94921875,0
2026-01-22 09:50:00+00:00,59263.69921875,59291.69921875,59255.19921875,59272.8984375,0
2026-01-22 09:55:00+00:00,59257.55078125,59310.3515625,59233.44921875,59262.19921875,0
2026-01-23 03:45:00+00:00,59150.94921875,59382.69921875,59134.3515625,59304.3515625,0
2026-01-23 03:50:00+00:00,59238.6484375,59261.3984375,59103.25,59148.6015625,0
2026-01-23 03:55:00+00:00,59250.55078125,59263.80078125,59178.25,59239.25,0
2026-01-23 04:00:00+00:00,59197.25,59249.94921875,59177.6015625,59247.3515625,0
2026-01-23 04:05:00+00:00,59176.25,59234.5,59147.3984375,59199.55078125,0
2026-01-23 04:10:00+00:00,59098.94921875,59204.80078125,59091.3515625,59179.1484375,0
2026-01-23 04:15:00+00:00,59117.5,59160.19921875,59047.55078125,59100.3515625,0
2026-01-23 04:20:00+00:00,59061.5,59132.80078125,59061.5,59120.69921875,0
2026-01-23 04:25:00+00:00,59083.6484375,59100.3984375,59045.94921875,59063.55078125,0
2026-01-23 04:30:00+00:00,59061.8984375,59107.19921875,59028.19921875,59085.69921875,0
2026-01-23 04:35:00+00:00,59077.6015625,59134.44921875,59046.19921875,59063.25,0
2026-01-23 04:40:00+00:00,59082.0,59113.0,59067.80078125,59077.8984375,0
2026-01-23 04:45:00+00:00,59072.55078125,59093.3515625,59032.80078125,59086.44921875,0
2026-01-23 04:50:00+00:00,59066.6015625,59078.6015625,59045.05078125,59065.44921875,0
2026-01-23 04:55:00+00:00,59123.6484375,59134.3515625,59050.8515625,59067.44921875,0
2026-01-23 05:00:00+00:00,59156.3984375,59211.25,59114.0,59123.1015625,0
2026-01-23 05:05:00+00:00,59141.94921875,59185.3984375,59136.55078125,59153.55078125,0
2026-01-23 05:10:00+00:00,59140.75,59171.8984375,59111.94921875,59143.0,0
2026-01-23 05:15:00+00:00,59109.5,59159.80078125,59081.19921875,59139.69921875,0
2026-01-23 05:20:00+00:00,59141.1484375,59162.3515625,59094.8984375,59110.3515625,0
2026-01-23 05:25:00+00:00,59145.8984375,59162.05078125,59117.8984375,59143.8515625,0
2026-01-23 05:30:00+00:00,59139.0,59171.94921875,59123.44921875,59147.05078125,0
2026-01-23 05:35:00+00:00,59158.80078125,59177.5,59129.6484375,59135.8984375,0
2026-01-23 05:40:00+00:00,59209.19921875,59242.80078125,59152.25,59158.80078125,0
2026-01-23 05:45:00+00:00,59099.6015625,59215.3515625,59099.6015625,59207.8984375,0
2026-01-23 05:50:00+00:00,59097.80078125,59126.55078125,59064.05078125,59100.8515625,0
2026-01-23 05:55:00+00:00,59114.8515625,59123.8515625,59098.5,59105.30078125,0
2026-01-23 06:00:00+00:00,59058.1484375,59122.8515625,59058.1484375,59115.55078125,0
2026-01-23 06:05:00+00:00,59004.80078125,59073.1015625,59004.80078125,59058.94921875,0
2026-01-23 06:10:00+00:00,58987.8515625,59030.44921875,58958.30078125,59004.69921875,0
2026-01-23 06:15:00+00:00,58939.19921875,58995.75,58936.19921875,58988.19921875,0
2026-01-23 06:20:00+00:00,58951.94921875,59008.3515625,58920.05078125,58932.1484375,0
2026-01-23 06:25:00+00:00,58968.69921875,58980.94921875,58946.05078125,58953.94921875,0
2026-01-23 06:30:00+00:00,58985.69921875,58999.05078125,58931.1484375,58966.05078125,0
2026-01-23 06:35:00+00:00,58916.44921875,58981.75,58897.80078125,58980.8515625,0
2026-01-23 06:40:00+00:00,58931.6484375,58941.8984375,58898.80078125,58918.5,0
2026-01-23 06:45:00+00:00,59041.6484375,59044.1484375,58927.8515625,58927.8515625,0
2026-01-23 06:50:00+00:00,58987.1484375,59050.44921875,58987.1484375,59039.55078125,0
2026-01-23 06:55:00+00:00,58965.94921875,58993.19921875,58953.3515625,58985.44921875,0
2026-01-23 07:00:00+00:00,58983.0,59008.75,58947.6484375,58961.69921875,0
2026-01-23 07:05:00+00:00,59020.80078125,59025.80078125,58970.75,58977.55078125,0
2026-01-23 07:10:00+00:00,59054.0,59073.55078125,58987.05078125,59018.1484375,0
2026-01-23 07:15:00+00:00,59044.8515625,59124.6484375,59038.8984375,59053.05078125,0
2026-01-23 07:20:00+00:00,59071.1015625,59074.6484375,59007.6484375,59047.3515625,0
2026-01-23 07:25:00+00:00,58985.80078125,59070.3515625,58978.6484375,59070.3515625,0
2026-01-23 07:30:00+00:00,58977.1484375,59020.5,58971.1484375,58990.44921875,0
2026-01-23 07:35:00+00:00,58951.44921875,58993.3984375,58933.44921875,58975.5,0
2026-01-23 07:40:00+00:00,58986.69921875,58997.55078125,58936.69921875,58947.8515625,0
2026-01-23 07:45:00+00:00,58881.75,58993.94921875,58869.44921875,58987.3515625,0
2026-01-23 07:50:00+00:00,58852.19921875,58901.0,58835.94921875,58880.0,0
2026-01-23 07:55:00+00:00,58788.0,58897.3515625,58783.30078125,58854.05078125,0
2026-01-23 08:00:00+00:00,58622.05078125,58789.75,58604.05078125,58787.6015625,0
2026-01-23 08:05:00+00:00,58595.80078125,58664.3515625,58585.3984375,58628.3984375,0
2026-01-23 08:10:00+00:00,58585.0,58641.75,58581.8515625,58597.3515625,0
2026-01-23 08:15:00+00:00,58595.75,58621.8984375,58558.6484375,58585.1484375,0
2026-01-23 08:20:00+00:00,58572.05078125,58600.75,58566.8515625,58592.94921875,0
2026-01-23 08:25:00+00:00,58553.6015625,58589.3984375,58524.6484375,58571.25,0
2026-01-23 08:30:00+00:00,58570.69921875,58574.25,58528.8515625,58555.6484375,0
2026-01-23 08:35:00+00:00,58551.3984375,58592.69921875,58529.55078125,58571.6015625,0
2026-01-23 08:40:00+00:00,58537.19921875,58582.44921875,58517.05078125,58551.3515625,0
2026-01-23 08:45:00+00:00,58527.80078125,58620.05078125,58516.94921875,58539.8984375,0
2026-01-23 08:50:00+00:00,58460.80078125,58542.3984375,58446.3984375,58529.25,0
2026-01-23 08:55:00+00:00,58517.75,58574.19921875,58451.6484375,58457.6015625,0
2026-01-23 09:00:00+00:00,58609.25,58640.19921875,58520.8515625,58524.3515625,0
2026-01-23 09:05:00+00:00,58592.0,58624.75,58534.3515625,58606.1015625,0
2026-01-23 09:10:00+00:00,58616.8515625,58655.3984375,58584.80078125,58584.80078125,0
2026-01-23 09:15:00+00:00,58570.8984375,58651.69921875,58567.1015625,58620.1484375,0
2026-01-23 09:20:00+00:00,58580.1015625,58602.1484375,58530.80078125,58569.94921875,0
2026-01-23 09:25:00+00:00,58604.05078125,58647.1015625,58587.05078125,58587.25,0
2026-01-23 09:30:00+00:00,58564.55078125,58645.1015625,58539.44921875,58613.3515625,0
2026-01-23 09:35:00+00:00,58503.75,58576.8515625,58496.30078125,58561.1484375,0
2026-01-23 09:40:00+00:00,58517.05078125,58548.1015625,58485.69921875,58507.6015625,0
2026-01-23 09:45:00+00:00,58406.1015625,58554.1015625,58347.44921875,58518.5,0
2026-01-23 09:50:00+00:00,58413.94921875,58419.8515625,58360.3515625,58408.3984375,0
2026-01-23 09:55:00+00:00,58501.1015625,58525.30078125,58395.69921875,58412.05078125,0
2026-01-27 03:45:00+00:00,58397.8515625,58575.80078125,58299.5,58366.05078125,0
2026-01-27 03:50:00+00:00,58242.3984375,58403.1484375,58209.44921875,58403.1484375,0
2026-01-27 03:55:00+00:00,58191.8515625,58265.8984375,58152.6484375,58246.6015625,0
2026-01-27 04:00:00+00:00,58238.30078125,58270.1015625,58124.3515625,58193.05078125,0
2026-01-27 04:05:00+00:00,58519.0,58528.1484375,58210.8984375,58238.55078125,0
2026-01-27 04:10:00+00:00,58647.94921875,58647.94921875,58474.25,58517.3984375,0
2026-01-27 04:15:00+00:00,58644.8515625,58694.94921875,58579.94921875,58645.30078125,0
2026-01-27 04:20:00+00:00,58627.6484375,58677.1015625,58596.44921875,58644.94921875,0
2026-01-27 04:25:00+00:00,58561.5,58627.75,58512.25,58617.1015625,0
2026-01-27 04:30:00+00:00,58649.69921875,58677.3984375,58562.25,58562.25,0
2026-01-27 04:35:00+00:00,58578.1484375,58653.8515625,58526.5,58648.0,0
2026-01-27 04:40:00+00:00,58680.94921875,58700.6484375,58550.75,58579.6484375,0
2026-01-27 04:45:00+00:00,58760.94921875,58774.8515625,58669.8515625,58683.80078125,0
2026-01-27 04:50:00+00:00,58728.69921875,58773.55078125,58718.5,58756.6015625,0
2026-01-27 04:55:00+00:00,58619.30078125,58738.30078125,58617.94921875,58721.94921875,0
2026-01-27 05:00:00+00:00,58706.5,58712.05078125,58616.05078125,58620.80078125,0
2026-01-27 05:05:00+00:00,58673.19921875,58720.19921875,58661.05078125,58703.30078125,0
2026-01-27 05:10:00+00:00,58455.1015625,58675.19921875,58438.1015625,58669.8515625,0
2026-01-27 05:15:00+00:00,58489.30078125,58492.3515625,58420.80078125,58454.8984375,0
2026-01-27 05:20:00+00:00,58427.55078125,58485.80078125,58375.55078125,58485.80078125,0
2026-01-27 05:25:00+00:00,58429.44921875,58489.6484375,58400.6015625,58428.69921875,0
2026-01-27 05:30:00+00:00,58558.8984375,58576.05078125,58424.75,58429.25,0
2026-01-27 05:35:00+00:00,58537.3984375,58613.3984375,58478.3984375,58557.1015625,0
2026-01-27 05:40:00+00:00,58561.3515625,58565.1484375,58510.8984375,58534.55078125,0
2026-01-27 05:45:00+00:00,58623.25,58653.80078125,58534.6484375,58562.05078125,0
2026-01-27 05:50:00+00:00,58595.94921875,58654.80078125,58584.5,58625.3515625,0
2026-01-27 05:55:00+00:00,58624.6015625,58648.0,58577.6484375,58597.55078125,0
2026-01-27 06:00:00+00:00,58647.5,58698.8984375,58619.0,58626.30078125,0
2026-01-27 06:05:00+00:00,58710.30078125,58718.55078125,58645.25,58645.25,0
2026-01-27 06:10:00+00:00,58843.8984375,58854.3515625,58691.30078125,58706.0,0
2026-01-27 06:15:00+00:00,58721.75,58858.44921875,58719.80078125,58835.69921875,0
2026-01-27 06:20:00+00:00,58626.44921875,58729.80078125,58619.05078125,58729.80078125,0
2026-01-27 06:25:00+00:00,58670.69921875,58708.69921875,58618.0,58628.80078125,0
2026-01-27 06:30:00+00:00,58705.1484375,58750.69921875,58643.3984375,58670.80078125,0
2026-01-27 06:35:00+00:00,58727.6484375,58750.1015625,58705.19921875,58705.19921875,0
2026-01-27 06:40:00+00:00,58741.05078125,58780.25,58722.75,58727.25,0
2026-01-27 06:45:00+00:00,58676.3984375,58756.19921875,58664.5,58743.3984375,0
2026-01-27 06:50:00+00:00,58774.8984375,58791.30078125,58674.94921875,58676.8984375,0
2026-01-27 06:55:00+00:00,58686.6484375,58793.25,58682.1484375,58773.6484375,0
2026-01-27 07:00:00+00:00,58698.1015625,58728.69921875,58653.5,58686.30078125,0
2026-01-27 07:05:00+00:00,58676.69921875,58713.44921875,58631.6015625,58695.6484375,0
2026-01-27 07:10:00+00:00,58666.75,58705.05078125,58656.05078125,58676.94921875,0
2026-01-27 07:15:00+00:00,58589.25,58685.8984375,58589.25,58668.69921875,0
2026-01-27 07:20:00+00:00,58727.55078125,58743.1484375,58590.30078125,58598.75,0
2026-01-27 07:25:00+00:00,58739.69921875,58766.6015625,58711.94921875,58726.80078125,0
2026-01-27 07:30:00+00:00,58711.30078125,58755.25,58683.8515625,58745.30078125,0
2026-01-27 07:35:00+00:00,58729.3515625,58746.1015625,58689.75,58713.94921875,0
2026-01-27 07:40:00+00:00,58723.94921875,58740.3984375,58672.05078125,58727.05078125,0
2026-01-27 07:45:00+00:00,58739.19921875,58750.5,58692.19921875,58719.6015625,0
2026-01-27 07:50:00+00:00,58745.8515625,58765.30078125,58712.69921875,58741.0,0
2026-01-27 07:55:00+00:00,58794.6015625,58812.19921875,58715.05078125,58747.6484375,0
2026-01-27 08:00:00+00:00,58759.8515625,58824.1484375,58754.6015625,58799.6484375,0
2026-01-27 08:05:00+00:00,58636.1484375,58767.8984375,58622.5,58758.75,0
2026-01-27 08:10:00+00:00,58684.80078125,58726.30078125,58620.75,58656.0,0
2026-01-27 08:15:00+00:00,58737.75,58740.75,58669.80078125,58687.6484375,0
2026-01-27 08:20:00+00:00,58702.55078125,58745.80078125,58679.05078125,58737.5,0
2026-01-27 08:25:00+00:00,58734.8984375,58765.69921875,58688.8984375,58704.19921875,0
2026-01-27 08:30:00+00:00,58663.3515625,58747.25,58656.6015625,58731.19921875,0
2026-01-27 08:35:00+00:00,58692.19921875,58711.30078125,58634.69921875,58662.19921875,0
2026-01-27 08:40:00+00:00,58724.44921875,58788.94921875,58693.6015625,58696.1484375,0
2026-01-27 08:45:00+00:00,58733.19921875,58747.0,58694.1484375,58724.80078125,0
2026-01-27 08:50:00+00:00,58709.75,58757.94921875,58683.55078125,58731.0,0
2026-01-27 08:55:00+00:00,58729.05078125,58745.8515625,58702.1015625,58713.6484375,0
2026-01-27 09:00:00+00:00,58777.3984375,58785.3984375,58714.1015625,58733.05078125,0
2026-01-27 09:05:00+00:00,58883.3984375,58883.5,58772.1015625,58775.8515625,0
2026-01-27 09:10:00+00:00,58892.05078125,58930.75,58859.6484375,58890.80078125,0
2026-01-27 09:15:00+00:00,58961.3515625,58964.55078125,58892.75,58892.75,0
2026-01-27 09:20:00+00:00,59063.55078125,59077.55078125,58962.19921875,58962.19921875,0
2026-01-27 09:25:00+00:00,59067.19921875,59090.75,58995.3515625,59062.3984375,0
2026-01-27 09:30:00+00:00,59069.5,59083.1484375,58983.3984375,59075.30078125,0
2026-01-27 09:35:00+00:00,59118.6484375,59157.80078125,59049.19921875,59071.05078125,0
2026-01-27 09:40:00+00:00,59153.44921875,59218.8515625,59102.75,59114.8984375,0
2026-01-27 09:45:00+00:00,59296.1015625,59314.3515625,59148.25,59150.80078125,0
2026-01-27 09:50:00+00:00,59402.75,59402.75,59249.75,59298.30078125,0
2026-01-27 09:55:00+00:00,59348.25,59433.80078125,59322.19921875,59401.8515625,0
2026-01-28 03:45:00+00:00,59577.94921875,59617.8984375,59465.69921875,59562.05078125,0
2026-01-28 03:50:00+00:00,59606.44921875,59639.5,59549.25,59580.55078125,0
2026-01-28 03:55:00+00:00,59622.3515625,59657.3984375,59521.6015625,59603.80078125,0
2026-01-28 04:00:00+00:00,59508.75,59644.30078125,59506.1015625,59616.1484375,0
2026-01-28 04:05:00+00:00,59495.75,59520.75,59455.0,59509.0,0
2026-01-28 04:10:00+00:00,59482.6015625,59528.3984375,59466.3515625,59503.8984375,0
2026-01-28 04:15:00+00:00,59512.8515625,59518.3984375,59470.0,59485.3984375,0
2026-01-28 04:20:00+00:00,59462.55078125,59532.19921875,59454.30078125,59515.69921875,0
2026-01-28 04:25:00+00:00,59531.6484375,59531.6484375,59448.19921875,59467.05078125,0
2026-01-28 04:30:00+00:00,59517.5,59575.30078125,59497.19921875,59529.05078125,0
2026-01-28 04:35:00+00:00,59431.8984375,59554.6015625,59418.19921875,59519.8515625,0
2026-01-28 04:40:00+00:00,59446.75,59488.8984375,59402.80078125,59433.5,0
2026-01-28 04:45:00+00:00,59481.8515625,59481.8515625,59408.05078125,59447.44921875,0
2026-01-28 04:50:00+00:00,59494.44921875,59513.6484375,59464.80078125,59481.44921875,0
2026-01-28 04:55:00+00:00,59447.19921875,59518.3515625,59447.19921875,59494.5,0
2026-01-28 05:00:00+00:00,59472.05078125,59486.80078125,59391.1484375,59447.55078125,0
2026-01-28 05:05:00+00:00,59559.25,59563.75,59462.05078125,59470.3984375,0
2026-01-28 05:10:00+00:00,59522.94921875,59564.8515625,59500.44921875,59558.8515625,0
2026-01-28 05:15:00+00:00,59547.44921875,59553.5,59501.6015625,59522.94921875,0
2026-01-28 05:20:00+00:00,59600.3984375,59608.80078125,59543.6015625,59547.5,0
2026-01-28 05:25:00+00:00,59590.1015625,59612.1484375,59564.69921875,59600.25,0
2026-01-28 05:30:00+00:00,59615.94921875,59616.69921875,59531.25,59590.25,0
2026-01-28 05:35:00+00:00,59566.30078125,59626.1484375,59558.3984375,59618.8984375,0
2026-01-28 05:40:00+00:00,59568.8515625,59572.1484375,59539.1484375,59569.44921875,0
2026-01-28 05:45:00+00:00,59595.94921875,59615.30078125,59569.55078125,59570.25,0
2026-01-28 05:50:00+00:00,59671.05078125,59672.3515625,59577.5,59599.3515625,0
2026-01-28 05:55:00+00:00,59647.5,59699.44921875,59641.05078125,59672.25,0
2026-01-28 06:00:00+00:00,59632.80078125,59663.5,59614.3984375,59650.69921875,0
2026-01-28 06:05:00+00:00,59599.3515625,59635.94921875,59565.30078125,59634.0,0
2026-01-28 06:10:00+00:00,59560.80078125,59603.25,59555.25,59601.1015625,0
2026-01-28 06:15:00+00:00,59607.8984375,59623.1015625,59546.55078125,59559.8515625,0
2026-01-28 06:20:00+00:00,59600.19921875,59619.69921875,59583.1015625,59609.75,0
2026-01-28 06:25:00+00:00,59579.6015625,59602.05078125,59551.94921875,59601.75,0
2026-01-28 06:30:00+00:00,59579.94921875,59610.44921875,59566.1015625,59575.5,0
2026-01-28 06:35:00+00:00,59553.94921875,59619.69921875,59553.94921875,59580.05078125,0
2026-01-28 06:40:00+00:00,59554.8515625,59567.30078125,59532.19921875,59549.44921875,0
2026-01-28 06:45:00+00:00,59520.0,59570.3515625,59509.44921875,59554.8515625,0
2026-01-28 06:50:00+00:00,59482.69921875,59543.6015625,59480.05078125,59522.1015625,0
2026-01-28 06:55:00+00:00,59471.55078125,59508.6015625,59463.44921875,59487.3984375,0
2026-01-28 07:00:00+00:00,59509.30078125,59518.1484375,59467.30078125,59471.75,0
2026-01-28 07:05:00+00:00,59500.8515625,59526.6015625,59490.6484375,59508.3984375,0
2026-01-28 07:10:00+00:00,59523.19921875,59526.25,59467.8984375,59504.30078125,0
2026-01-28 07:15:00+00:00,59480.05078125,59537.1484375,59473.19921875,59524.05078125,0
2026-01-28 07:20:00+00:00,59473.3515625,59523.3515625,59460.8984375,59483.30078125,0
2026-01-28 07:25:00+00:00,59460.0,59479.25,59459.1484375,59474.0,0
2026-01-28 07:30:00+00:00,59472.80078125,59483.6484375,59438.3984375,59459.6015625,0
2026-01-28 07:35:00+00:00,59494.6484375,59500.6484375,59467.1015625,59473.05078125,0
2026-01-28 07:40:00+00:00,59512.69921875,59525.75,59483.8515625,59496.19921875,0
2026-01-28 07:45:00+00:00,59524.8515625,59563.1484375,59497.44921875,59514.5,0
2026-01-28 07:50:00+00:00,59407.19921875,59536.3515625,59355.3515625,59524.8515625,0
2026-01-28 07:55:00+00:00,59392.19921875,59428.80078125,59373.8515625,59408.0,0
2026-01-28 08:00:00+00:00,59343.05078125,59420.8515625,59339.8984375,59388.6015625,0
2026-01-28 08:05:00+00:00,59354.6484375,59363.44921875,59322.3984375,59343.6015625,0
2026-01-28 08:10:00+00:00,59297.25,59376.6015625,59288.94921875,59353.94921875,0
2026-01-28 08:15:00+00:00,59277.44921875,59308.8984375,59249.3515625,59295.19921875,0
2026-01-28 08:20:00+00:00,59325.1484375,59331.55078125,59246.55078125,59278.6015625,0
2026-01-28 08:25:00+00:00,59353.1015625,59359.05078125,59316.5,59326.1484375,0
2026-01-28 08:30:00+00:00,59366.30078125,59383.80078125,59328.1015625,59354.5,0
2026-01-28 08:35:00+00:00,59310.0,59372.3515625,59300.75,59372.3515625,0
2026-01-28 08:40:00+00:00,59304.3984375,59347.94921875,59294.44921875,59312.69921875,0
2026-01-28 08:45:00+00:00,59277.80078125,59310.5,59271.8515625,59304.25,0
2026-01-28 08:50:00+00:00,59289.8515625,59300.25,59246.0,59281.19921875,0
2026-01-28 08:55:00+00:00,59333.6484375,59343.0,59288.5,59291.44921875,0
2026-01-28 09:00:00+00:00,59347.1484375,59391.8515625,59333.1015625,59333.1015625,0
2026-01-28 09:05:00+00:00,59380.0,59384.6484375,59326.1015625,59345.25,0
2026-01-28 09:10:00+00:00,59411.0,59421.8515625,59370.44921875,59384.05078125,0
2026-01-28 09:15:00+00:00,59458.8515625,59467.94921875,59411.75,59411.75,0
2026-01-28 09:20:00+00:00,59528.6484375,59538.3984375,59448.1015625,59460.3984375,0
2026-01-28 09:25:00+00:00,59582.44921875,59592.0,59529.25,59529.25,0
2026-01-28 09:30:00+00:00,59600.19921875,59624.25,59574.1484375,59581.8984375,0
2026-01-28 09:35:00+00:00,59611.5,59622.80078125,59581.8515625,59600.6015625,0
2026-01-28 09:40:00+00:00,59574.3515625,59615.80078125,59565.69921875,59609.69921875,0
2026-01-28 09:45:00+00:00,59597.69921875,59619.75,59571.69921875,59571.69921875,0
2026-01-28 09:50:00+00:00,59585.0,59615.1484375,59584.25,59602.30078125,0
2026-01-28 09:55:00+00:00,59574.80078125,59608.8515625,59551.69921875,59589.8515625,0
2026-01-29 03:45:00+00:00,59386.55078125,59483.8515625,59355.8984375,59463.3984375,0
2026-01-29 03:50:00+00:00,59456.6015625,59481.30078125,59373.05078125,59390.94921875,0
2026-01-29 03:55:00+00:00,59435.1015625,59493.44921875,59422.1015625,59454.69921875,0
2026-01-29 04:00:00+00:00,59441.30078125,59455.19921875,59402.3984375,59433.8984375,0
2026-01-29 04:05:00+00:00,59460.69921875,59464.05078125,59402.44921875,59443.69921875,0
2026-01-29 04:10:00+00:00,59478.1484375,59504.55078125,59451.5,59463.8984375,0
2026-01-29 04:15:00+00:00,59556.69921875,59558.5,59470.80078125,59477.80078125,0
2026-01-29 04:20:00+00:00,59444.69921875,59602.8515625,59427.75,59544.1015625,0
2026-01-29 04:25:00+00:00,59465.05078125,59483.0,59405.1015625,59445.3515625,0
2026-01-29 04:30:00+00:00,59487.30078125,59493.69921875,59412.3515625,59469.3515625,0
2026-01-29 04:35:00+00:00,59497.6015625,59517.8984375,59466.6015625,59487.6484375,0
2026-01-29 04:40:00+00:00,59558.94921875,59565.1484375,59473.75,59502.5,0
2026-01-29 04:45:00+00:00,59577.30078125,59603.3515625,59535.05078125,59560.0,0
2026-01-29 04:50:00+00:00,59554.3515625,59582.19921875,59495.0,59573.19921875,0
2026-01-29 04:55:00+00:00,59548.5,59568.94921875,59493.75,59551.0,0
2026-01-29 05:00:00+00:00,59571.3984375,59589.25,59524.8515625,59547.8515625,0
2026-01-29 05:05:00+00:00,59508.8984375,59602.6484375,59508.8984375,59567.0,0
2026-01-29 05:10:00+00:00,59523.75,59573.0,59501.5,59516.05078125,0
2026-01-29 05:15:00+00:00,59540.44921875,59561.6015625,59518.30078125,59530.69921875,0
2026-01-29 05:20:00+00:00,59615.44921875,59639.0,59540.6015625,59541.75,0
2026-01-29 05:25:00+00:00,59644.6484375,59674.6484375,59607.80078125,59615.80078125,0
2026-01-29 05:30:00+00:00,59624.19921875,59672.1015625,59606.6015625,59646.44921875,0
2026-01-29 05:35:00+00:00,59664.8515625,59671.25,59609.80078125,59623.69921875,0
2026-01-29 05:40:00+00:00,59697.6484375,59717.55078125,59662.30078125,59662.30078125,0
2026-01-29 05:45:00+00:00,59694.80078125,59728.0,59682.3984375,59696.3984375,0
2026-01-29 05:50:00+00:00,59730.8984375,59745.80078125,59675.1015625,59694.69921875,0
2026-01-29 05:55:00+00:00,59714.19921875,59731.69921875,59678.80078125,59731.1015625,0
2026-01-29 06:00:00+00:00,59696.44921875,59763.8515625,59692.5,59719.05078125,0
2026-01-29 06:05:00+00:00,59644.8515625,59699.6015625,59638.69921875,59696.6015625,0
2026-01-29 06:10:00+00:00,59679.3984375,59688.80078125,59635.8515625,59644.05078125,0
2026-01-29 06:15:00+00:00,59689.3984375,59698.6484375,59642.1484375,59680.30078125,0
2026-01-29 06:20:00+00:00,59621.30078125,59710.6484375,59621.30078125,59690.44921875,0
2026-01-29 06:25:00+00:00,59654.30078125,59667.75,59611.3984375,59623.55078125,0
2026-01-29 06:30:00+00:00,59672.69921875,59682.69921875,59639.55078125,59655.94921875,0
2026-01-29 06:35:00+00:00,59722.6484375,59730.75,59653.69921875,59675.94921875,0
2026-01-29 06:40:00+00:00,59718.1015625,59737.55078125,59689.5,59723.05078125,0
2026-01-29 06:45:00+00:00,59721.55078125,59745.30078125,59705.8515625,59718.75,0
2026-01-29 06:50:00+00:00,59776.30078125,59779.8984375,59708.30078125,59722.0,0
2026-01-29 06:55:00+00:00,59764.25,59778.94921875,59720.0,59778.94921875,0
2026-01-29 07:00:00+00:00,59781.5,59817.55078125,59758.8984375,59765.80078125,0
2026-01-29 07:05:00+00:00,59759.8515625,59791.8515625,59756.8515625,59787.30078125,0
2026-01-29 07:10:00+00:00,59742.0,59780.3984375,59742.0,59766.3515625,0
2026-01-29 07:15:00+00:00,59774.1484375,59791.3515625,59727.44921875,59742.6015625,0
2026-01-29 07:20:00+00:00,59844.80078125,59853.0,59775.05078125,59776.0,0
2026-01-29 07:25:00+00:00,59835.1484375,59878.6484375,59822.1015625,59844.80078125,0
2026-01-29 07:30:00+00:00,59881.94921875,59883.6015625,59827.8984375,59837.5,0
2026-01-29 07:35:00+00:00,59887.55078125,59916.8984375,59868.8984375,59875.30078125,0
2026-01-29 07:40:00+00:00,59864.3984375,59918.1484375,59851.69921875,59885.3984375,0
2026-01-29 07:45:00+00:00,59831.94921875,59881.1484375,59812.25,59870.05078125,0
2026-01-29 07:50:00+00:00,59814.6015625,59848.80078125,59805.25,59830.55078125,0
2026-01-29 07:55:00+00:00,59795.6015625,59840.05078125,59778.55078125,59817.55078125,0
2026-01-29 08:00:00+00:00,59898.75,59907.5,59783.30078125,59799.05078125,0
2026-01-29 08:05:00+00:00,59903.05078125,59917.25,59884.44921875,59897.8984375,0
2026-01-29 08:10:00+00:00,59915.25,59917.1484375,59875.69921875,59902.1484375,0
2026-01-29 08:15:00+00:00,59951.75,59975.1015625,59908.5,59920.30078125,0
2026-01-29 08:20:00+00:00,59951.5,59970.55078125,59941.5,59952.05078125,0
2026-01-29 08:25:00+00:00,59962.19921875,59968.55078125,59932.25,59952.3515625,0
2026-01-29 08:30:00+00:00,59934.25,59972.75,59931.55078125,59957.6015625,0
2026-01-29 08:35:00+00:00,59876.80078125,59934.8984375,59872.19921875,59934.8984375,0
2026-01-29 08:40:00+00:00,59942.30078125,59960.6484375,59872.80078125,59876.5,0
2026-01-29 08:45:00+00:00,59922.3515625,59966.8515625,59918.3515625,59943.0,0
2026-01-29 08:50:00+00:00,59927.30078125,59932.6015625,59899.94921875,59922.69921875,0
2026-01-29 08:55:00+00:00,59975.6484375,59979.1484375,59922.0,59922.0,0
2026-01-29 09:00:00+00:00,59992.5,60006.69921875,59966.8515625,59976.5,0
2026-01-29 09:05:00+00:00,60008.6484375,60014.80078125,59964.94921875,59995.30078125,0
2026-01-29 09:10:00+00:00,60000.6015625,60010.8515625,59972.6484375,60004.6484375,0
2026-01-29 09:15:00+00:00,60040.0,60052.94921875,59994.94921875,60000.6015625,0
2026-01-29 09:20:00+00:00,60026.0,60058.55078125,60006.8515625,60043.5,0
2026-01-29 09:25:00+00:00,59991.19921875,60029.44921875,59966.0,60024.25,0
2026-01-29 09:30:00+00:00,59951.55078125,60019.5,59932.44921875,59989.55078125,0
2026-01-29 09:35:00+00:00,59921.44921875,59997.3515625,59884.0,59945.75,0
2026-01-29 09:40:00+00:00,59909.05078125,59938.30078125,59892.0,59922.8515625,0
2026-01-29 09:45:00+00:00,59982.6015625,59994.1015625,59883.44921875,59903.8984375,0
2026-01-29 09:50:00+00:00,59980.6484375,60017.19921875,59956.25,59977.30078125,0
2026-01-29 09:55:00+00:00,59980.3984375,60010.1015625,59931.75,59985.19921875,0
2026-01-30 03:45:00+00:00,59730.3515625,59785.05078125,59584.25,59584.25,0
2026-01-30 03:50:00+00:00,59639.19921875,59729.3515625,59611.19921875,59729.3515625,0
2026-01-30 03:55:00+00:00,59607.30078125,59694.75,59604.5,59633.8984375,0
2026-01-30 04:00:00+00:00,59649.55078125,59651.1015625,59564.8984375,59610.19921875,0
2026-01-30 04:05:00+00:00,59723.0,59761.5,59647.19921875,59647.19921875,0
2026-01-30 04:10:00+00:00,59731.19921875,59756.05078125,59671.75,59724.1484375,0
2026-01-30 04:15:00+00:00,59768.69921875,59781.44921875,59710.5,59728.8515625,0
2026-01-30 04:20:00+00:00,59880.19921875,59894.5,59762.05078125,59765.6015625,0
2026-01-30 04:25:00+00:00,59800.6015625,59887.1484375,59789.5,59877.25,0
2026-01-30 04:30:00+00:00,59787.6015625,59870.8984375,59787.1015625,59803.6484375,0
2026-01-30 04:35:00+00:00,59783.6015625,59797.94921875,59749.3984375,59787.55078125,0
2026-01-30 04:40:00+00:00,59894.6015625,59894.69921875,59771.44921875,59784.3515625,0
2026-01-30 04:45:00+00:00,59846.0,59905.6484375,59846.0,59894.0,0
2026-01-30 04:50:00+00:00,59788.6015625,59848.1015625,59771.8515625,59848.1015625,0
2026-01-30 04:55:00+00:00,59795.30078125,59820.44921875,59765.5,59784.8515625,0
2026-01-30 05:00:00+00:00,59813.44921875,59846.6015625,59786.8515625,59794.3984375,0
2026-01-30 05:05:00+00:00,59830.75,59838.19921875,59791.5,59814.25,0
2026-01-30 05:10:00+00:00,59832.1484375,59861.3515625,59811.25,59830.6015625,0
2026-01-30 05:15:00+00:00,59815.19921875,59859.69921875,59815.19921875,59829.8515625,0
2026-01-30 05:20:00+00:00,59834.05078125,59834.25,59806.3984375,59818.8984375,0
2026-01-30 05:25:00+00:00,59852.0,59858.3515625,59828.3515625,59834.1484375,0
2026-01-30 05:30:00+00:00,59864.80078125,59879.69921875,59840.80078125,59852.25,0
2026-01-30 05:35:00+00:00,59786.25,59863.55078125,59779.55078125,59863.55078125,0
2026-01-30 05:40:00+00:00,59752.75,59785.80078125,59731.8515625,59784.3515625,0
2026-01-30 05:45:00+00:00,59691.55078125,59754.94921875,59685.69921875,59752.75,0
2026-01-30 05:50:00+00:00,59779.5,59783.69921875,59690.19921875,59693.1484375,0
2026-01-30 05:55:00+00:00,59795.80078125,59853.25,59764.6484375,59778.75,0
2026-01-30 06:00:00+00:00,59768.1015625,59823.80078125,59748.1484375,59792.3984375,0
2026-01-30 06:05:00+00:00,59788.05078125,59792.55078125,59734.3984375,59766.6015625,0
2026-01-30 06:10:00+00:00,59804.8984375,59810.80078125,59766.94921875,59789.55078125,0
2026-01-30 06:15:00+00:00,59746.5,59818.30078125,59731.05078125,59801.0,0
2026-01-30 06:20:00+00:00,59792.3515625,59817.75,59744.19921875,59748.30078125,0
2026-01-30 06:25:00+00:00,59730.8515625,59809.6015625,59699.80078125,59787.0,0
2026-01-30 06:30:00+00:00,59733.8984375,59755.1015625,59702.80078125,59731.44921875,0
2026-01-30 06:35:00+00:00,59760.3984375,59766.1484375,59725.1015625,59735.1484375,0
2026-01-30 06:40:00+00:00,59815.19921875,59818.30078125,59758.44921875,59761.69921875,0
2026-01-30 06:45:00+00:00,59787.19921875,59857.6015625,59773.55078125,59814.6484375,0
2026-01-30 06:50:00+00:00,59840.3984375,59858.80078125,59787.3515625,59787.3515625,0
2026-01-30 06:55:00+00:00,59797.94921875,59864.5,59791.69921875,59842.8515625,0
2026-01-30 07:00:00+00:00,59791.25,59802.25,59763.6484375,59795.3984375,0
2026-01-30 07:05:00+00:00,59793.25,59806.44921875,59759.44921875,59792.05078125,0
2026-01-30 07:10:00+00:00,59773.5,59839.3515625,59772.6484375,59792.1015625,0
2026-01-30 07:15:00+00:00,59760.55078125,59793.69921875,59755.05078125,59772.8515625,0
2026-01-30 07:20:00+00:00,59761.6484375,59774.69921875,59740.1015625,59760.25,0
2026-01-30 07:25:00+00:00,59767.1015625,59767.6484375,59721.94921875,59762.55078125,0
2026-01-30 07:30:00+00:00,59718.25,59770.3515625,59713.30078125,59769.8984375,0
2026-01-30 07:35:00+00:00,59613.19921875,59721.55078125,59609.05078125,59717.6484375,0
2026-01-30 07:40:00+00:00,59604.25,59650.3515625,59602.69921875,59615.44921875,0
2026-01-30 07:45:00+00:00,59554.69921875,59607.94921875,59505.25,59603.19921875,0
2026-01-30 07:50:00+00:00,59539.19921875,59561.6484375,59519.25,59552.5,0
2026-01-30 07:55:00+00:00,59521.6015625,59565.25,59518.80078125,59538.25,0
2026-01-30 08:00:00+00:00,59579.6015625,59581.94921875,59512.6484375,59517.30078125,0
2026-01-30 08:05:00+00:00,59652.0,59668.3515625,59575.44921875,59580.1015625,0
2026-01-30 08:10:00+00:00,59725.05078125,59743.8984375,59649.6015625,59651.25,0
2026-01-30 08:15:00+00:00,59690.1484375,59749.30078125,59665.30078125,59728.1484375,0
2026-01-30 08:20:00+00:00,59754.44921875,59778.1015625,59681.8515625,59694.6484375,0
2026-01-30 08:25:00+00:00,59737.19921875,59769.75,59725.30078125,59755.3984375,0
2026-01-30 08:30:00+00:00,59734.44921875,59762.0,59702.8515625,59733.3515625,0
2026-01-30 08:35:00+00:00,59802.30078125,59802.30078125,59733.05078125,59734.1015625,0
2026-01-30 08:40:00+00:00,59777.75,59804.6015625,59752.6484375,59802.3515625,0
2026-01-30 08:45:00+00:00,59770.6484375,59782.55078125,59745.55078125,59777.8984375,0
2026-01-30 08:50:00+00:00,59758.75,59782.5,59737.75,59770.3515625,0
2026-01-30 08:55:00+00:00,59722.6015625,59766.6484375,59710.30078125,59763.19921875,0
2026-01-30 09:00:00+00:00,59694.44921875,59727.8515625,59677.80078125,59718.55078125,0
2026-01-30 09:05:00+00:00,59750.80078125,59764.1015625,59690.8984375,59692.25,0
2026-01-30 09:10:00+00:00,59678.1015625,59773.0,59661.19921875,59747.94921875,0
2026-01-30 09:15:00+00:00,59716.19921875,59734.1015625,59620.25,59671.8984375,0
2026-01-30 09:20:00+00:00,59710.05078125,59731.44921875,59701.3984375,59712.44921875,0
2026-01-30 09:25:00+00:00,59732.55078125,59775.8515625,59693.5,59706.69921875,0
2026-01-30 09:30:00+00:00,59619.94921875,59737.3984375,59579.05078125,59737.3984375,0
2026-01-30 09:35:00+00:00,59624.25,59643.1484375,59590.3515625,59613.25,0
2026-01-30 09:40:00+00:00,59614.05078125,59648.30078125,59602.0,59619.8984375,0
2026-01-30 09:45:00+00:00,59626.8515625,59654.05078125,59602.6015625,59612.3984375,0
2026-01-30 09:50:00+00:00,59579.19921875,59627.1484375,59561.19921875,59622.1015625,0
2026-01-30 09:55:00+00:00,59557.6484375,59687.8984375,59557.6484375,59581.55078125,0
2026-02-03 03:45:00+00:00,60057.3984375,61702.1015625,60026.1484375,61379.8984375,0
2026-02-03 03:50:00+00:00,60138.8984375,60194.44921875,60022.25,60065.3515625,0
2026-02-03 03:55:00+00:00,60136.3984375,60176.8984375,60081.30078125,60145.25,0
2026-02-03 04:00:00+00:00,60075.8984375,60197.30078125,60072.94921875,60139.25,0
2026-02-03 04:05:00+00:00,60088.1015625,60125.94921875,60040.19921875,60078.75,0
2026-02-03 04:10:00+00:00,59946.6015625,60111.8515625,59936.44921875,60090.30078125,0
2026-02-03 04:15:00+00:00,60049.55078125,60055.3515625,59794.30078125,59944.19921875,0
2026-02-03 04:20:00+00:00,60026.19921875,60124.44921875,60018.55078125,60051.8515625,0
2026-02-03 04:25:00+00:00,60020.80078125,60069.30078125,59999.3984375,60023.25,0
2026-02-03 04:30:00+00:00,59998.25,60059.1484375,59996.25,60022.94921875,0
2026-02-03 04:35:00+00:00,59970.25,60003.8984375,59898.6484375,60003.8984375,0
2026-02-03 04:40:00+00:00,59891.80078125,59982.6015625,59885.3984375,59968.05078125,0
2026-02-03 04:45:00+00:00,59994.6015625,60014.1484375,59896.30078125,59896.30078125,0
2026-02-03 04:50:00+00:00,60069.05078125,60082.8984375,59995.6015625,59995.6015625,0
2026-02-03 04:55:00+00:00,60053.8984375,60097.55078125,60048.0,60068.5,0
2026-02-03 05:00:00+00:00,60154.55078125,60156.1015625,60053.69921875,60054.1484375,0
2026-02-03 05:05:00+00:00,60185.6484375,60204.1484375,60150.6484375,60153.8984375,0
2026-02-03 05:10:00+00:00,60142.30078125,60205.69921875,60141.25,60183.8984375,0
2026-02-03 05:15:00+00:00,60128.1484375,60172.75,60098.44921875,60143.69921875,0
2026-02-03 05:20:00+00:00,60146.30078125,60151.1484375,60101.3984375,60127.75,0
2026-02-03 05:25:00+00:00,60157.94921875,60187.1015625,60137.3515625,60143.5,0
2026-02-03 05:30:00+00:00,60176.55078125,60228.80078125,60156.1484375,60158.05078125,0
2026-02-03 05:35:00+00:00,60113.8515625,60191.3515625,60103.0,60174.80078125,0
2026-02-03 05:40:00+00:00,60129.30078125,60144.75,60081.3515625,60113.8515625,0
2026-02-03 05:45:00+00:00,60128.19921875,60163.80078125,60116.1484375,60129.8984375,0
2026-02-03 05:50:00+00:00,60179.75,60185.1015625,60124.8515625,60128.5,0
2026-02-03 05:55:00+00:00,60166.80078125,60203.44921875,60150.3515625,60180.75,0
2026-02-03 06:00:00+00:00,60253.5,60258.1015625,60146.25,60166.6484375,0
2026-02-03 06:05:00+00:00,60221.8984375,60264.1484375,60209.80078125,60254.44921875,0
2026-02-03 06:10:00+00:00,60215.69921875,60237.69921875,60208.3515625,60223.05078125,0
2026-02-03 06:15:00+00:00,60168.44921875,60232.8515625,60153.1015625,60215.80078125,0
2026-02-03 06:20:00+00:00,60159.69921875,60194.80078125,60138.8515625,60170.44921875,0
2026-02-03 06:25:00+00:00,60194.1015625,60204.6484375,60144.3515625,60162.1015625,0
2026-02-03 06:30:00+00:00,60171.19921875,60204.6484375,60160.5,60196.25,0
2026-02-03 06:35:00+00:00,60188.1015625,60210.75,60163.55078125,60170.0,0
2026-02-03 06:40:00+00:00,60165.1484375,60202.3984375,60162.3515625,60189.6015625,0
2026-02-03 06:45:00+00:00,60177.6484375,60182.5,60152.8515625,60164.8515625,0
2026-02-03 06:50:00+00:00,60133.1484375,60185.55078125,60133.1484375,60178.25,0
2026-02-03 06:55:00+00:00,60073.44921875,60147.5,60049.6484375,60134.25,0
2026-02-03 07:00:00+00:00,60114.1015625,60150.6484375,60050.25,60071.3984375,0
2026-02-03 07:05:00+00:00,60110.0,60136.75,60063.44921875,60114.1015625,0
2026-02-03 07:10:00+00:00,60113.1015625,60122.6484375,60078.55078125,60109.6015625,0
2026-02-03 07:15:00+00:00,60093.8984375,60134.80078125,60089.75,60115.80078125,0
2026-02-03 07:20:00+00:00,60109.8984375,60128.75,60087.80078125,60092.30078125,0
2026-02-03 07:25:00+00:00,60124.1484375,60149.0,60109.1015625,60109.1015625,0
2026-02-03 07:30:00+00:00,60140.3515625,60153.55078125,60118.1015625,60125.69921875,0
2026-02-03 07:35:00+00:00,60140.05078125,60158.3984375,60124.3984375,60140.8515625,0
2026-02-03 07:40:00+00:00,60136.55078125,60157.19921875,60128.19921875,60138.80078125,0
2026-02-03 07:45:00+00:00,60164.0,60165.6484375,60125.8984375,60134.1484375,0
2026-02-03 07:50:00+00:00,60156.3515625,60174.6015625,60141.3515625,60162.30078125,0
2026-02-03 07:55:00+00:00,60110.0,60161.80078125,60030.8515625,60156.05078125,0
2026-02-03 08:00:00+00:00,60077.25,60124.6484375,60066.8515625,60110.30078125,0
2026-02-03 08:05:00+00:00,60143.55078125,60150.1015625,60030.94921875,60075.05078125,0
2026-02-03 08:10:00+00:00,60175.1015625,60191.8515625,60137.5,60138.6015625,0
2026-02-03 08:15:00+00:00,60139.19921875,60189.19921875,60133.3515625,60175.80078125,0
2026-02-03 08:20:00+00:00,60166.3515625,60170.69921875,60112.55078125,60138.05078125,0
2026-02-03 08:25:00+00:00,60106.3984375,60182.1015625,60096.55078125,60161.30078125,0
2026-02-03 08:30:00+00:00,60136.0,60136.55078125,60072.69921875,60107.19921875,0
2026-02-03 08:35:00+00:00,60166.3984375,60166.6015625,60109.69921875,60135.3984375,0
2026-02-03 08:40:00+00:00,60165.69921875,60179.6484375,60142.6015625,60166.8984375,0
2026-02-03 08:45:00+00:00,60129.30078125,60184.75,60123.5,60168.80078125,0
2026-02-03 08:50:00+00:00,60162.6015625,60167.8984375,60128.6015625,60128.6015625,0
2026-02-03 08:55:00+00:00,60128.19921875,60162.80078125,60125.5,60162.30078125,0
2026-02-03 09:00:00+00:00,60124.3984375,60161.75,60071.8984375,60126.19921875,0
2026-02-03 09:05:00+00:00,60159.25,60180.94921875,60122.69921875,60124.94921875,0
2026-02-03 09:10:00+00:00,60097.6484375,60160.3984375,60092.5,60160.3984375,0
2026-02-03 09:15:00+00:00,60108.5,60138.30078125,60085.6015625,60097.80078125,0
2026-02-03 09:20:00+00:00,60118.3515625,60139.75,60088.25,60103.94921875,0
2026-02-03 09:25:00+00:00,60136.6015625,60161.1015625,60103.8515625,60115.6015625,0
2026-02-03 09:30:00+00:00,60014.6015625,60150.3515625,60002.19921875,60138.1484375,0
2026-02-03 09:35:00+00:00,60012.1015625,60056.80078125,59973.94921875,60014.19921875,0
2026-02-03 09:40:00+00:00,60035.19921875,60071.55078125,59974.8984375,60013.44921875,0
2026-02-03 09:45:00+00:00,60082.69921875,60107.94921875,60003.25,60031.80078125,0
2026-02-03 09:50:00+00:00,60064.19921875,60088.55078125,60038.3515625,60087.69921875,0
2026-02-03 09:55:00+00:00,59986.69921875,60066.75,59972.3984375,60066.75,0
2026-02-04 03:45:00+00:00,60193.55078125,60230.80078125,59906.8984375,60094.3984375,0
2026-02-04 03:50:00+00:00,60199.30078125,60247.19921875,60175.05078125,60196.1015625,0
2026-02-04 03:55:00+00:00,60221.75,60273.44921875,60195.3984375,60204.8984375,0
2026-02-04 04:00:00+00:00,60236.94921875,60286.1015625,60213.19921875,60222.55078125,0
2026-02-04 04:05:00+00:00,60215.5,60269.3515625,60209.05078125,60238.8515625,0
2026-02-04 04:10:00+00:00,60267.3984375,60285.5,60214.80078125,60215.6015625,0
2026-02-04 04:15:00+00:00,60286.8515625,60326.05078125,60265.1015625,60268.44921875,0
2026-02-04 04:20:00+00:00,60219.6015625,60289.55078125,60203.8515625,60287.0,0
2026-02-04 04:25:00+00:00,60262.44921875,60269.6015625,60213.6015625,60222.3984375,0
2026-02-04 04:30:00+00:00,60253.19921875,60271.94921875,60233.25,60257.94921875,0
2026-02-04 04:35:00+00:00,60288.75,60299.8984375,60238.5,60253.1015625,0
2026-02-04 04:40:00+00:00,60264.3984375,60312.6484375,60264.3984375,60290.05078125,0
2026-02-04 04:45:00+00:00,60229.3515625,60283.5,60221.94921875,60265.8515625,0
2026-02-04 04:50:00+00:00,60211.75,60258.3984375,60197.25,60224.1484375,0
2026-02-04 04:55:00+00:00,60213.1484375,60254.1015625,60197.0,60209.75,0
2026-02-04 05:00:00+00:00,60186.3984375,60233.44921875,60184.05078125,60214.6015625,0
2026-02-04 05:05:00+00:00,60177.55078125,60189.1015625,60137.55078125,60187.19921875,0
2026-02-04 05:10:00+00:00,60190.80078125,60209.8515625,60159.30078125,60175.3984375,0
2026-02-04 05:15:00+00:00,60224.0,60228.1015625,60174.8984375,60189.0,0
2026-02-04 05:20:00+00:00,60218.69921875,60249.30078125,60205.3515625,60225.0,0
2026-02-04 05:25:00+00:00,60234.8984375,60250.3984375,60207.8984375,60221.19921875,0
2026-02-04 05:30:00+00:00,60256.1484375,60262.8984375,60216.80078125,60234.8984375,0
2026-02-04 05:35:00+00:00,60222.44921875,60278.75,60219.05078125,60254.30078125,0
2026-02-04 05:40:00+00:00,60200.69921875,60225.3984375,60172.6015625,60221.55078125,0
2026-02-04 05:45:00+00:00,60154.8515625,60219.05078125,60140.0,60201.3984375,0
2026-02-04 05:50:00+00:00,60145.05078125,60198.0,60136.30078125,60154.80078125,0
2026-02-04 05:55:00+00:00,60178.30078125,60181.55078125,60137.44921875,60140.1015625,0
2026-02-04 06:00:00+00:00,60158.19921875,60188.1484375,60153.1015625,60176.25,0
2026-02-04 06:05:00+00:00,60172.0,60186.25,60152.3515625,60156.69921875,0
2026-02-04 06:10:00+00:00,60181.3515625,60214.05078125,60169.25,60171.30078125,0
2026-02-04 06:15:00+00:00,60177.94921875,60191.8515625,60154.80078125,60184.44921875,0
2026-02-04 06:20:00+00:00,60198.5,60198.80078125,60143.5,60178.75,0
2026-02-04 06:25:00+00:00,60199.25,60213.6484375,60180.3515625,60195.3984375,0
2026-02-04 06:30:00+00:00,60194.0,60207.3515625,60167.0,60196.25,0
2026-02-04 06:35:00+00:00,60236.8515625,60239.1015625,60188.55078125,60194.05078125,0
2026-02-04 06:40:00+00:00,60235.8984375,60247.8515625,60217.80078125,60236.55078125,0
2026-02-04 06:45:00+00:00,60198.3515625,60254.3984375,60191.94921875,60235.3515625,0
2026-02-04 06:50:00+00:00,60176.05078125,60207.5,60168.1015625,60197.25,0
2026-02-04 06:55:00+00:00,60218.19921875,60224.0,60171.05078125,60172.25,0
2026-02-04 07:00:00+00:00,60204.25,60217.1484375,60180.0,60215.69921875,0
2026-02-04 07:05:00+00:00,60171.75,60208.44921875,60152.80078125,60200.80078125,0
2026-02-04 07:10:00+00:00,60161.30078125,60213.19921875,60157.75,60171.80078125,0
2026-02-04 07:15:00+00:00,60136.44921875,60172.69921875,60133.6484375,60160.05078125,0
2026-02-04 07:20:00+00:00,60140.75,60141.69921875,60111.94921875,60137.30078125,0
2026-02-04 07:25:00+00:00,60124.94921875,60145.6015625,60116.30078125,60139.94921875,0
2026-02-04 07:30:00+00:00,60114.6015625,60130.80078125,60102.0,60118.5,0
2026-02-04 07:35:00+00:00,60178.6484375,60188.3984375,60114.80078125,60115.8984375,0
2026-02-04 07:40:00+00:00,60196.30078125,60208.94921875,60169.8515625,60181.44921875,0
2026-02-04 07:45:00+00:00,60203.30078125,60206.5,60176.94921875,60197.19921875,0
2026-02-04 07:50:00+00:00,60233.94921875,60241.55078125,60187.05078125,60205.3515625,0
2026-02-04 07:55:00+00:00,60262.5,60271.69921875,60229.1015625,60233.6015625,0
2026-02-04 08:00:00+00:00,60259.3984375,60304.5,60242.75,60264.3515625,0
2026-02-04 08:05:00+00:00,60286.6015625,60289.44921875,60247.19921875,60260.0,0
2026-02-04 08:10:00+00:00,60262.5,60293.6484375,60251.69921875,60286.1015625,0
2026-02-04 08:15:00+00:00,60270.0,60288.69921875,60256.55078125,60262.5,0
2026-02-04 08:20:00+00:00,60297.8515625,60304.8515625,60257.80078125,60270.05078125,0
2026-02-04 08:25:00+00:00,60281.30078125,60299.94921875,60265.3984375,60299.05078125,0
2026-02-04 08:30:00+00:00,60266.19921875,60283.80078125,60218.5,60281.30078125,0
2026-02-04 08:35:00+00:00,60253.5,60272.3984375,60236.3515625,60265.19921875,0
2026-02-04 08:40:00+00:00,60329.0,60329.0,60249.55078125,60253.5,0
2026-02-04 08:45:00+00:00,60357.69921875,60380.69921875,60324.75,60325.44921875,0
2026-02-04 08:50:00+00:00,60341.5,60389.3984375,60334.94921875,60357.0,0
2026-02-04 08:55:00+00:00,60339.3515625,60352.6484375,60321.5,60342.0,0
2026-02-04 09:00:00+00:00,60343.6015625,60358.3984375,60331.44921875,60338.6015625,0
2026-02-04 09:05:00+00:00,60367.3515625,60373.6015625,60314.25,60344.30078125,0
2026-02-04 09:10:00+00:00,60363.19921875,60374.6484375,60345.05078125,60369.80078125,0
2026-02-04 09:15:00+00:00,60315.80078125,60369.1015625,60302.80078125,60364.8515625,0
2026-02-04 09:20:00+00:00,60327.1484375,60331.80078125,60293.3984375,60319.19921875,0
2026-02-04 09:25:00+00:00,60289.5,60327.55078125,60285.80078125,60326.05078125,0
2026-02-04 09:30:00+00:00,60267.55078125,60326.19921875,60248.55078125,60295.80078125,0
2026-02-04 09:35:00+00:00,60257.55078125,60287.5,60242.6015625,60270.75,0
2026-02-04 09:40:00+00:00,60269.8984375,60272.69921875,60250.6484375,60259.6015625,0
2026-02-04 09:45:00+00:00,60231.94921875,60288.5,60228.69921875,60271.3515625,0
2026-02-04 09:50:00+00:00,60232.6484375,60236.5,60212.1015625,60232.44921875,0
2026-02-04 09:55:00+00:00,60148.1015625,60239.6015625,60135.30078125,60226.75,0
2026-02-05 03:45:00+00:00,60293.05078125,60326.69921875,60193.30078125,60275.44921875,0
2026-02-05 03:50:00+00:00,60181.19921875,60294.1015625,60166.0,60294.1015625,0
2026-02-05 03:55:00+00:00,60185.55078125,60223.3984375,60158.8984375,60179.80078125,0
2026-02-05 04:00:00+00:00,60163.8515625,60211.69921875,60161.8515625,60186.19921875,0
2026-02-05 04:05:00+00:00,60132.05078125,60190.8984375,60110.3515625,60163.80078125,0
2026-02-05 04:10:00+00:00,60132.19921875,60140.5,60100.55078125,60134.5,0
2026-02-05 04:15:00+00:00,60091.94921875,60139.80078125,60064.80078125,60131.25,0
2026-02-05 04:20:00+00:00,60085.1015625,60140.6484375,60066.94921875,60095.80078125,0
2026-02-05 04:25:00+00:00,60107.25,60136.1015625,60072.8984375,60087.94921875,0
2026-02-05 04:30:00+00:00,60091.3515625,60116.30078125,60073.1484375,60107.80078125,0
2026-02-05 04:35:00+00:00,60096.30078125,60113.44921875,60078.5,60092.8515625,0
2026-02-05 04:40:00+00:00,60170.55078125,60182.0,60090.3984375,60092.3515625,0
2026-02-05 04:45:00+00:00,60151.5,60178.3984375,60127.0,60170.05078125,0
2026-02-05 04:50:00+00:00,60237.69921875,60245.44921875,60152.30078125,60156.44921875,0
2026-02-05 04:55:00+00:00,60147.44921875,60250.8984375,60141.05078125,60240.19921875,0
2026-02-05 05:00:00+00:00,60112.3984375,60154.8515625,60098.55078125,60146.55078125,0
2026-02-05 05:05:00+00:00,60060.94921875,60118.30078125,60059.80078125,60109.44921875,0
2026-02-05 05:10:00+00:00,60021.1484375,60077.19921875,60020.94921875,60059.25,0
2026-02-05 05:15:00+00:00,60035.8984375,60040.94921875,60007.30078125,60019.05078125,0
2026-02-05 05:20:00+00:00,60018.8515625,60047.05078125,60011.1484375,60035.19921875,0
2026-02-05 05:25:00+00:00,60023.25,60036.44921875,59992.5,60019.6015625,0
2026-02-05 05:30:00+00:00,60030.1015625,60048.25,59991.75,60025.75,0
2026-02-05 05:35:00+00:00,60072.0,60077.3984375,60020.8984375,60032.6484375,0
2026-02-05 05:40:00+00:00,60072.94921875,60103.55078125,60060.0,60071.94921875,0
2026-02-05 05:45:00+00:00,60030.44921875,60081.94921875,60025.3984375,60070.05078125,0
2026-02-05 05:50:00+00:00,60030.8515625,60047.19921875,60014.05078125,60031.6484375,0
2026-02-05 05:55:00+00:00,60044.05078125,60059.3984375,60012.8984375,60032.0,0
2026-02-05 06:00:00+00:00,60029.25,60075.69921875,60025.19921875,60043.69921875,0
2026-02-05 06:05:00+00:00,60078.25,60086.05078125,60021.19921875,60029.6484375,0
2026-02-05 06:10:00+00:00,60095.3984375,60107.69921875,60059.55078125,60079.3984375,0
2026-02-05 06:15:00+00:00,60043.80078125,60097.75,60035.75,60096.75,0
2026-02-05 06:20:00+00:00,60064.8984375,60071.80078125,60021.8515625,60043.3515625,0
2026-02-05 06:25:00+00:00,60086.3984375,60093.8515625,60065.6484375,60065.94921875,0
2026-02-05 06:30:00+00:00,60101.8515625,60107.75,60061.80078125,60085.75,0
2026-02-05 06:35:00+00:00,60041.94921875,60107.0,60034.3515625,60105.8984375,0
2026-02-05 06:40:00+00:00,60013.3984375,60049.6015625,60006.3515625,60041.8984375,0
2026-02-05 06:45:00+00:00,59978.6484375,60016.80078125,59974.44921875,60015.75,0
2026-02-05 06:50:00+00:00,59989.19921875,59997.25,59965.1484375,59982.55078125,0
2026-02-05 06:55:00+00:00,60001.3984375,60021.1484375,59977.5,59990.69921875,0
2026-02-05 07:00:00+00:00,59996.1015625,60039.80078125,59971.25,60007.69921875,0
2026-02-05 07:05:00+00:00,59999.44921875,60020.94921875,59993.05078125,59998.8984375,0
2026-02-05 07:10:00+00:00,59998.6484375,60011.3984375,59978.80078125,59997.80078125,0
2026-02-05 07:15:00+00:00,60023.3515625,60037.1484375,59997.3984375,60000.94921875,0
2026-02-05 07:20:00+00:00,59999.80078125,60046.69921875,59993.19921875,60028.25,0
2026-02-05 07:25:00+00:00,60033.19921875,60049.1484375,59973.6015625,60004.30078125,0
2026-02-05 07:30:00+00:00,60010.8515625,60037.69921875,60010.8515625,60034.19921875,0
2026-02-05 07:35:00+00:00,60026.3515625,60032.8515625,60012.1015625,60014.19921875,0
2026-02-05 07:40:00+00:00,60005.3984375,60035.94921875,59991.19921875,60027.1015625,0
2026-02-05 07:45:00+00:00,60056.3515625,60067.55078125,60005.80078125,60005.80078125,0
2026-02-05 07:50:00+00:00,60053.5,60069.1484375,60049.30078125,60058.5,0
2026-02-05 07:55:00+00:00,59980.3515625,60056.30078125,59975.94921875,60054.3984375,0
2026-02-05 08:00:00+00:00,60018.3515625,60021.19921875,59978.55078125,59980.25,0
2026-02-05 08:05:00+00:00,60035.25,60043.8515625,60000.44921875,60017.0,0
2026-02-05 08:10:00+00:00,60032.6484375,60044.6484375,60018.05078125,60036.8984375,0
2026-02-05 08:15:00+00:00,60029.55078125,60042.30078125,60020.44921875,60034.75,0
2026-02-05 08:20:00+00:00,60008.6015625,60048.94921875,60005.44921875,60030.44921875,0
2026-02-05 08:25:00+00:00,60010.1015625,60012.8515625,59970.25,60007.0,0
2026-02-05 08:30:00+00:00,59995.25,60027.75,59983.75,60014.30078125,0
2026-02-05 08:35:00+00:00,59942.55078125,59998.30078125,59939.75,59998.30078125,0
2026-02-05 08:40:00+00:00,59950.69921875,59955.8984375,59913.6015625,59943.6484375,0
2026-02-05 08:45:00+00:00,59921.3984375,59953.94921875,59916.1484375,59951.1484375,0
2026-02-05 08:50:00+00:00,59895.3984375,59928.94921875,59888.8984375,59923.3984375,0
2026-02-05 08:55:00+00:00,59930.05078125,59941.0,59882.19921875,59897.0,0
2026-02-05 09:00:00+00:00,59957.8515625,59966.1015625,59920.1015625,59931.8515625,0
2026-02-05 09:05:00+00:00,59969.55078125,59981.6484375,59946.3515625,59961.19921875,0
2026-02-05 09:10:00+00:00,59949.3515625,59976.19921875,59936.25,59972.80078125,0
2026-02-05 09:15:00+00:00,59977.94921875,59981.94921875,59942.3515625,59950.5,0
2026-02-05 09:20:00+00:00,60011.1484375,60016.0,59972.25,59978.1015625,0
2026-02-05 09:25:00+00:00,60055.75,60067.30078125,60009.8984375,60012.44921875,0
2026-02-05 09:30:00+00:00,60105.05078125,60120.6484375,60054.1015625,60054.1015625,0
2026-02-05 09:35:00+00:00,60056.3515625,60121.55078125,60012.6015625,60110.3515625,0
2026-02-05 09:40:00+00:00,60082.44921875,60088.1484375,60032.44921875,60058.55078125,0
2026-02-05 09:45:00+00:00,60038.6484375,60087.1484375,60007.0,60083.55078125,0
2026-02-05 09:50:00+00:00,60070.6015625,60075.30078125,60012.8984375,60039.25,0
2026-02-05 09:55:00+00:00,60055.25,60076.75,60014.25,60069.80078125,0
2026-02-06 03:45:00+00:00,60091.44921875,60112.1484375,59931.05078125,59999.6015625,0
2026-02-06 03:50:00+00:00,60105.55078125,60115.05078125,60029.3984375,60082.30078125,0
2026-02-06 03:55:00+00:00,60065.69921875,60118.3984375,60054.1015625,60109.80078125,0
2026-02-06 04:00:00+00:00,60038.94921875,60075.30078125,60023.6484375,60069.8515625,0
2026-02-06 04:05:00+00:00,59996.80078125,60056.1484375,59977.19921875,60041.75,0
2026-02-06 04:10:00+00:00,59955.19921875,60001.05078125,59934.8984375,59997.5,0
2026-02-06 04:15:00+00:00,60022.55078125,60032.3515625,59947.25,59951.55078125,0
2026-02-06 04:20:00+00:00,59971.75,60029.8984375,59970.30078125,60023.3984375,0
2026-02-06 04:25:00+00:00,59995.94921875,59996.94921875,59946.25,59968.44921875,0
2026-02-06 04:30:00+00:00,59957.8984375,60022.94921875,59919.6484375,59994.25,0
2026-02-06 04:35:00+00:00,59941.55078125,59968.30078125,59907.30078125,59960.1484375,0
2026-02-06 04:40:00+00:00,59915.8515625,59944.3515625,59873.94921875,59942.25,0
2026-02-06 04:45:00+00:00,59957.94921875,59973.6484375,59872.69921875,59916.94921875,0
2026-02-06 04:50:00+00:00,59974.55078125,60002.1015625,59938.44921875,59954.3515625,0
2026-02-06 04:55:00+00:00,59825.80078125,59980.55078125,59823.25,59971.1015625,0
2026-02-06 05:00:00+00:00,59776.19921875,59828.6484375,59755.69921875,59827.3984375,0
2026-02-06 05:05:00+00:00,59744.8984375,59776.75,59707.0,59776.3984375,0
2026-02-06 05:10:00+00:00,59677.8984375,59744.0,59645.1015625,59744.0,0
2026-02-06 05:15:00+00:00,59690.3515625,59707.3515625,59659.25,59680.94921875,0
2026-02-06 05:20:00+00:00,59676.75,59708.5,59669.8515625,59688.3984375,0
2026-02-06 05:25:00+00:00,59698.6484375,59713.1484375,59665.3984375,59676.0,0
2026-02-06 05:30:00+00:00,59753.8984375,59755.3984375,59692.55078125,59699.6484375,0
2026-02-06 05:35:00+00:00,59803.80078125,59805.1015625,59747.55078125,59752.69921875,0
2026-02-06 05:40:00+00:00,59818.8984375,59821.44921875,59789.19921875,59804.69921875,0
2026-02-06 05:45:00+00:00,59809.30078125,59824.1015625,59769.94921875,59817.8515625,0
2026-02-06 05:50:00+00:00,59850.8515625,59874.19921875,59809.0,59809.6484375,0
2026-02-06 05:55:00+00:00,59826.1015625,59872.1484375,59808.5,59853.8984375,0
2026-02-06 06:00:00+00:00,59897.3984375,59903.44921875,59816.6015625,59827.30078125,0
2026-02-06 06:05:00+00:00,59946.1015625,59950.30078125,59869.80078125,59896.8984375,0
2026-02-06 06:10:00+00:00,59941.55078125,60011.69921875,59938.69921875,59945.80078125,0
2026-02-06 06:15:00+00:00,59976.05078125,59982.75,59918.1015625,59939.69921875,0
2026-02-06 06:20:00+00:00,59943.55078125,59988.6015625,59936.8515625,59976.30078125,0
2026-02-06 06:25:00+00:00,59940.3984375,59953.6015625,59910.6484375,59944.0,0
2026-02-06 06:30:00+00:00,59927.6015625,59994.80078125,59926.1015625,59938.19921875,0
2026-02-06 06:35:00+00:00,59853.1015625,59928.30078125,59827.3515625,59928.30078125,0
2026-02-06 06:40:00+00:00,59887.55078125,59892.6484375,59838.25,59853.69921875,0
2026-02-06 06:45:00+00:00,59865.1015625,59897.94921875,59845.6015625,59890.55078125,0
2026-02-06 06:50:00+00:00,59790.30078125,59864.80078125,59790.30078125,59863.6015625,0
2026-02-06 06:55:00+00:00,59804.94921875,59825.94921875,59781.0,59790.25,0
2026-02-06 07:00:00+00:00,59744.3515625,59806.0,59717.8984375,59806.0,0
2026-02-06 07:05:00+00:00,59785.3984375,59809.94921875,59743.69921875,59743.69921875,0
2026-02-06 07:10:00+00:00,59799.69921875,59805.5,59771.19921875,59784.80078125,0
2026-02-06 07:15:00+00:00,59820.69921875,59862.30078125,59785.94921875,59802.80078125,0
2026-02-06 07:20:00+00:00,59814.25,59847.6484375,59806.05078125,59819.94921875,0
2026-02-06 07:25:00+00:00,59847.1484375,59865.94921875,59793.8515625,59810.30078125,0
2026-02-06 07:30:00+00:00,59825.3515625,59852.75,59805.30078125,59848.6484375,0
2026-02-06 07:35:00+00:00,59805.3515625,59859.25,59782.69921875,59826.3984375,0
2026-02-06 07:40:00+00:00,59795.94921875,59824.94921875,59784.0,59805.44921875,0
2026-02-06 07:45:00+00:00,59803.25,59823.44921875,59782.69921875,59796.6484375,0
2026-02-06 07:50:00+00:00,59808.75,59816.05078125,59776.80078125,59804.05078125,0
2026-02-06 07:55:00+00:00,59807.0,59811.25,59801.80078125,59810.0,0
2026-02-06 08:00:00+00:00,59803.5,59809.05078125,59768.25,59794.05078125,0
2026-02-06 08:05:00+00:00,59838.80078125,59849.94921875,59795.94921875,59805.94921875,0
2026-02-06 08:10:00+00:00,59831.1015625,59876.3984375,59821.94921875,59838.1484375,0
2026-02-06 08:15:00+00:00,59854.5,59873.30078125,59819.69921875,59834.1484375,0
2026-02-06 08:20:00+00:00,59940.80078125,59950.8984375,59849.55078125,59854.75,0
2026-02-06 08:25:00+00:00,59950.44921875,59961.55078125,59915.25,59938.30078125,0
2026-02-06 08:30:00+00:00,59957.94921875,60004.5,59947.69921875,59950.5,0
2026-02-06 08:35:00+00:00,59967.80078125,59982.6015625,59942.3984375,59958.1484375,0
2026-02-06 08:40:00+00:00,59946.1484375,59970.3515625,59924.0,59966.05078125,0
2026-02-06 08:45:00+00:00,59972.3984375,59974.19921875,59927.6484375,59946.6015625,0
2026-02-06 08:50:00+00:00,59952.80078125,59999.75,59949.19921875,59971.6015625,0
2026-02-06 08:55:00+00:00,59960.94921875,59976.1015625,59946.69921875,59954.30078125,0
2026-02-06 09:00:00+00:00,59976.6015625,59977.8515625,59941.6484375,59960.1484375,0
2026-02-06 09:05:00+00:00,59992.3984375,60016.1015625,59969.69921875,59976.0,0
2026-02-06 09:10:00+00:00,59998.5,60019.6484375,59992.3984375,59994.25,0
2026-02-06 09:15:00+00:00,59983.30078125,60021.1015625,59974.44921875,59999.19921875,0
2026-02-06 09:20:00+00:00,60039.1484375,60043.30078125,59977.30078125,59980.75,0
2026-02-06 09:25:00+00:00,60064.05078125,60080.1015625,60041.25,60041.25,0
2026-02-06 09:30:00+00:00,60127.8515625,60133.6015625,60064.8984375,60064.8984375,0
2026-02-06 09:35:00+00:00,60106.05078125,60143.30078125,60095.3984375,60124.75,0
2026-02-06 09:40:00+00:00,60132.3984375,60139.19921875,60088.1015625,60101.05078125,0
2026-02-06 09:45:00+00:00,60128.6484375,60149.8515625,60120.75,60130.80078125,0
2026-02-06 09:50:00+00:00,60141.55078125,60141.55078125,60106.19921875,60120.30078125,0
2026-02-06 09:55:00+00:00,60112.80078125,60138.3515625,60078.5,60135.3515625,0
2026-02-09 03:45:00+00:00,60607.1484375,60827.75,60501.30078125,60796.44921875,0
2026-02-09 03:50:00+00:00,60640.3515625,60671.05078125,60579.30078125,60604.8984375,0
2026-02-09 03:55:00+00:00,60664.0,60675.94921875,60623.1015625,60647.8984375,0
2026-02-09 04:00:00+00:00,60646.19921875,60729.55078125,60610.80078125,60665.05078125,0
2026-02-09 04:05:00+00:00,60605.6484375,60660.30078125,60597.69921875,60645.0,0
2026-02-09 04:10:00+00:00,60617.75,60642.25,60599.69921875,60602.1015625,0
2026-02-09 04:15:00+00:00,60621.30078125,60643.75,60601.94921875,60617.05078125,0
2026-02-09 04:20:00+00:00,60610.30078125,60637.25,60593.80078125,60617.5,0
2026-02-09 04:25:00+00:00,60653.8515625,60657.3515625,60609.1484375,60613.55078125,0
2026-02-09 04:30:00+00:00,60676.8984375,60694.1484375,60648.5,60652.1015625,0
2026-02-09 04:35:00+00:00,60673.1015625,60695.3515625,60656.55078125,60676.44921875,0
2026-02-09 04:40:00+00:00,60643.8515625,60682.69921875,60630.0,60672.30078125,0
2026-02-09 04:45:00+00:00,60656.8515625,60667.30078125,60627.8984375,60638.8984375,0
2026-02-09 04:50:00+00:00,60622.80078125,60676.19921875,60604.0,60652.1015625,0
2026-02-09 04:55:00+00:00,60590.3984375,60638.1484375,60580.94921875,60620.3515625,0
2026-02-09 05:00:00+00:00,60640.8515625,60647.94921875,60572.6484375,60587.8515625,0
2026-02-09 05:05:00+00:00,60672.6484375,60691.30078125,60636.30078125,60636.30078125,0
2026-02-09 05:10:00+00:00,60676.6015625,60688.25,60662.3984375,60675.8515625,0
2026-02-09 05:15:00+00:00,60665.1015625,60700.94921875,60661.75,60679.94921875,0
2026-02-09 05:20:00+00:00,60698.8515625,60704.05078125,60657.69921875,60670.69921875,0
2026-02-09 05:25:00+00:00,60695.69921875,60712.69921875,60680.3515625,60697.94921875,0
2026-02-09 05:30:00+00:00,60665.6484375,60709.69921875,60650.80078125,60695.5,0
2026-02-09 05:35:00+00:00,60646.0,60687.1484375,60638.3515625,60664.05078125,0
2026-02-09 05:40:00+00:00,60654.0,60662.8984375,60633.80078125,60646.8984375,0
2026-02-09 05:45:00+00:00,60656.94921875,60665.0,60636.1015625,60654.0,0
2026-02-09 05:50:00+00:00,60662.80078125,60677.1484375,60650.05078125,60656.80078125,0
2026-02-09 05:55:00+00:00,60652.05078125,60672.1015625,60636.1484375,60665.5,0
2026-02-09 06:00:00+00:00,60648.05078125,60657.30078125,60616.0,60653.6484375,0
2026-02-09 06:05:00+00:00,60672.94921875,60677.80078125,60637.8984375,60649.8515625,0
2026-02-09 06:10:00+00:00,60646.44921875,60675.75,60637.25,60673.55078125,0
2026-02-09 06:15:00+00:00,60638.25,60654.3984375,60615.55078125,60644.0,0
2026-02-09 06:20:00+00:00,60617.3984375,60641.05078125,60613.5,60638.6484375,0
2026-02-09 06:25:00+00:00,60621.5,60632.1484375,60604.75,60617.19921875,0
2026-02-09 06:30:00+00:00,60629.1484375,60644.1484375,60615.55078125,60621.1015625,0
2026-02-09 06:35:00+00:00,60645.94921875,60653.8515625,60608.8515625,60629.80078125,0
2026-02-09 06:40:00+00:00,60629.69921875,60653.1015625,60622.75,60647.44921875,0
2026-02-09 06:45:00+00:00,60634.05078125,60649.3515625,60621.6484375,60630.8515625,0
2026-02-09 06:50:00+00:00,60629.19921875,60650.1484375,60622.6484375,60635.6484375,0
2026-02-09 06:55:00+00:00,60620.75,60645.69921875,60616.1484375,60630.80078125,0
2026-02-09 07:00:00+00:00,60599.5,60626.8984375,60590.30078125,60623.55078125,0
2026-02-09 07:05:00+00:00,60577.1484375,60622.69921875,60571.0,60603.69921875,0
2026-02-09 07:10:00+00:00,60582.3515625,60602.55078125,60564.80078125,60575.30078125,0
2026-02-09 07:15:00+00:00,60568.8515625,60594.30078125,60563.05078125,60581.8984375,0
2026-02-09 07:20:00+00:00,60529.69921875,60590.80078125,60528.3984375,60570.44921875,0
2026-02-09 07:25:00+00:00,60558.1015625,60560.8515625,60516.19921875,60532.05078125,0
2026-02-09 07:30:00+00:00,60600.1484375,60602.8984375,60550.94921875,60560.1484375,0
2026-02-09 07:35:00+00:00,60622.75,60627.69921875,60597.55078125,60597.75,0
2026-02-09 07:40:00+00:00,60587.8515625,60631.69921875,60571.6484375,60620.6015625,0
2026-02-09 07:45:00+00:00,60598.8515625,60615.8984375,60583.6015625,60588.75,0
2026-02-09 07:50:00+00:00,60577.0,60611.5,60569.30078125,60601.44921875,0
2026-02-09 07:55:00+00:00,60558.0,60592.05078125,60554.8515625,60577.6484375,0
2026-02-09 08:00:00+00:00,60577.55078125,60592.8515625,60543.8984375,60558.0,0
2026-02-09 08:05:00+00:00,60594.3515625,60611.1484375,60571.75,60579.8984375,0
2026-02-09 08:10:00+00:00,60604.1015625,60615.69921875,60590.1015625,60594.6484375,0
2026-02-09 08:15:00+00:00,60585.69921875,60616.6484375,60580.6484375,60605.5,0
2026-02-09 08:20:00+00:00,60584.5,60601.75,60569.94921875,60590.05078125,0
2026-02-09 08:25:00+00:00,60571.44921875,60610.3984375,60563.25,60582.94921875,0
2026-02-09 08:30:00+00:00,60583.69921875,60598.69921875,60569.8984375,60573.6484375,0
2026-02-09 08:35:00+00:00,60597.19921875,60600.1484375,60560.30078125,60589.55078125,0
2026-02-09 08:40:00+00:00,60593.5,60614.1484375,60581.6484375,60599.6484375,0
2026-02-09 08:45:00+00:00,60634.1484375,60637.69921875,60584.1015625,60593.80078125,0
2026-02-09 08:50:00+00:00,60656.75,60674.6484375,60627.94921875,60638.69921875,0
2026-02-09 08:55:00+00:00,60653.94921875,60665.1015625,60637.6015625,60660.19921875,0
2026-02-09 09:00:00+00:00,60646.0,60659.94921875,60637.5,60657.69921875,0
2026-02-09 09:05:00+00:00,60600.6015625,60655.05078125,60597.6484375,60644.94921875,0
2026-02-09 09:10:00+00:00,60594.75,60610.3984375,60581.69921875,60602.8984375,0
2026-02-09 09:15:00+00:00,60629.05078125,60655.3984375,60591.44921875,60591.44921875,0
2026-02-09 09:20:00+00:00,60647.5,60656.94921875,60606.5,60633.30078125,0
2026-02-09 09:25:00+00:00,60655.1484375,60672.75,60644.69921875,60649.19921875,0
2026-02-09 09:30:00+00:00,60668.1484375,60685.19921875,60637.3515625,60656.6484375,0
2026-02-09 09:35:00+00:00,60652.75,60674.75,60614.6484375,60667.8515625,0
2026-02-09 09:40:00+00:00,60665.75,60671.69921875,60647.55078125,60653.30078125,0
2026-02-09 09:45:00+00:00,60672.05078125,60683.80078125,60655.8515625,60665.8515625,0
2026-02-09 09:50:00+00:00,60661.6015625,60673.44921875,60648.6015625,60673.44921875,0
2026-02-09 09:55:00+00:00,60666.80078125,60700.3515625,60638.25,60663.05078125,0
2026-02-10 03:45:00+00:00,60677.80078125,60760.6015625,60656.55078125,60715.6484375,0
2026-02-10 03:50:00+00:00,60706.8515625,60708.44921875,60611.3984375,60676.8984375,0
2026-02-10 03:55:00+00:00,60687.8984375,60713.55078125,60667.3984375,60706.19921875,0
2026-02-10 04:00:00+00:00,60727.80078125,60732.44921875,60656.25,60686.69921875,0
2026-02-10 04:05:00+00:00,60717.3984375,60737.1015625,60710.0,60732.6484375,0
2026-02-10 04:10:00+00:00,60699.30078125,60723.3984375,60696.3515625,60721.94921875,0
2026-02-10 04:15:00+00:00,60656.6015625,60709.1484375,60656.6015625,60702.19921875,0
2026-02-10 04:20:00+00:00,60612.6015625,60680.6484375,60610.55078125,60654.1015625,0
2026-02-10 04:25:00+00:00,60671.8515625,60679.3515625,60598.30078125,60616.94921875,0
2026-02-10 04:30:00+00:00,60711.19921875,60711.80078125,60663.3984375,60675.44921875,0
2026-02-10 04:35:00+00:00,60698.69921875,60732.6015625,60686.6484375,60709.94921875,0
2026-02-10 04:40:00+00:00,60682.44921875,60710.75,60669.69921875,60700.19921875,0
2026-02-10 04:45:00+00:00,60703.1015625,60721.30078125,60673.69921875,60682.80078125,0
2026-02-10 04:50:00+00:00,60721.1484375,60721.19921875,60694.1484375,60704.3984375,0
2026-02-10 04:55:00+00:00,60721.55078125,60733.69921875,60710.1484375,60720.5,0
2026-02-10 05:00:00+00:00,60768.94921875,60768.94921875,60715.8984375,60724.1484375,0
2026-02-10 05:05:00+00:00,60773.3515625,60786.1484375,60756.80078125,60763.3984375,0
2026-02-10 05:10:00+00:00,60760.44921875,60780.1484375,60744.94921875,60774.8984375,0
2026-02-10 05:15:00+00:00,60742.6015625,60773.8984375,60735.44921875,60759.80078125,0
2026-02-10 05:20:00+00:00,60765.1015625,60772.25,60738.19921875,60744.55078125,0
2026-02-10 05:25:00+00:00,60748.80078125,60774.30078125,60739.75,60765.94921875,0
2026-02-10 05:30:00+00:00,60752.69921875,60768.19921875,60722.75,60747.80078125,0
2026-02-10 05:35:00+00:00,60730.75,60761.44921875,60729.1484375,60755.30078125,0
2026-02-10 05:40:00+00:00,60751.1484375,60764.25,60719.3984375,60731.05078125,0
2026-02-10 05:45:00+00:00,60734.0,60763.3984375,60725.5,60753.1484375,0
2026-02-10 05:50:00+00:00,60726.6015625,60738.0,60711.25,60734.6484375,0
2026-02-10 05:55:00+00:00,60728.0,60747.6484375,60718.69921875,60731.30078125,0
2026-02-10 06:00:00+00:00,60738.5,60744.19921875,60720.80078125,60730.5,0
2026-02-10 06:05:00+00:00,60724.3984375,60740.55078125,60701.69921875,60738.6484375,0
2026-02-10 06:10:00+00:00,60737.5,60743.25,60704.1484375,60724.6015625,0
2026-02-10 06:15:00+00:00,60727.75,60745.94921875,60713.8984375,60739.44921875,0
2026-02-10 06:20:00+00:00,60732.8984375,60741.0,60705.1484375,60723.19921875,0
2026-02-10 06:25:00+00:00,60739.75,60742.1484375,60711.30078125,60733.6015625,0
2026-02-10 06:30:00+00:00,60726.55078125,60739.3984375,60720.6015625,60736.0,0
2026-02-10 06:35:00+00:00,60713.75,60732.0,60704.19921875,60727.19921875,0
2026-02-10 06:40:00+00:00,60732.3984375,60732.3984375,60705.75,60712.19921875,0
2026-02-10 06:45:00+00:00,60752.3984375,60757.44921875,60724.3984375,60732.30078125,0
2026-02-10 06:50:00+00:00,60728.44921875,60751.8984375,60712.80078125,60751.1015625,0
2026-02-10 06:55:00+00:00,60741.80078125,60741.80078125,60715.69921875,60729.69921875,0
2026-02-10 07:00:00+00:00,60744.8515625,60748.1015625,60717.1484375,60741.19921875,0
2026-02-10 07:05:00+00:00,60738.0,60754.6484375,60727.94921875,60743.0,0
2026-02-10 07:10:00+00:00,60752.6484375,60755.5,60734.05078125,60735.6484375,0
2026-02-10 07:15:00+00:00,60785.1015625,60788.69921875,60745.75,60748.69921875,0
2026-02-10 07:20:00+00:00,60773.30078125,60797.30078125,60762.8515625,60781.6484375,0
2026-02-10 07:25:00+00:00,60759.25,60783.3984375,60753.94921875,60775.69921875,0
2026-02-10 07:30:00+00:00,60752.80078125,60772.3984375,60731.94921875,60760.75,0
2026-02-10 07:35:00+00:00,60770.1015625,60776.69921875,60726.3515625,60750.19921875,0
2026-02-10 07:40:00+00:00,60771.5,60777.8984375,60748.25,60771.19921875,0
2026-02-10 07:45:00+00:00,60700.8515625,60781.8984375,60693.75,60769.75,0
2026-02-10 07:50:00+00:00,60679.0,60728.69921875,60673.5,60699.44921875,0
2026-02-10 07:55:00+00:00,60698.75,60719.3984375,60672.6015625,60679.30078125,0
2026-02-10 08:00:00+00:00,60666.3515625,60693.3515625,60629.05078125,60690.30078125,0
2026-02-10 08:05:00+00:00,60652.0,60669.94921875,60622.19921875,60666.94921875,0
2026-02-10 08:10:00+00:00,60663.3515625,60669.8515625,60634.8984375,60652.75,0
2026-02-10 08:15:00+00:00,60634.30078125,60672.1484375,60619.05078125,60666.5,0
2026-02-10 08:20:00+00:00,60623.75,60667.94921875,60622.6484375,60636.30078125,0
2026-02-10 08:25:00+00:00,60574.3984375,60631.44921875,60570.05078125,60627.6484375,0
2026-02-10 08:30:00+00:00,60581.8984375,60583.44921875,60534.19921875,60572.80078125,0
2026-02-10 08:35:00+00:00,60626.6484375,60654.8984375,60577.5,60580.8984375,0
2026-02-10 08:40:00+00:00,60645.1015625,60646.1015625,60606.6015625,60622.8515625,0
2026-02-10 08:45:00+00:00,60693.8984375,60695.0,60643.8984375,60647.05078125,0
2026-02-10 08:50:00+00:00,60666.75,60694.25,60644.94921875,60690.94921875,0
2026-02-10 08:55:00+00:00,60659.3984375,60677.05078125,60647.8515625,60662.6015625,0
2026-02-10 09:00:00+00:00,60643.8984375,60666.75,60636.0,60656.69921875,0
2026-02-10 09:05:00+00:00,60651.69921875,60668.8515625,60631.25,60645.3984375,0
2026-02-10 09:10:00+00:00,60641.25,60654.0,60617.30078125,60654.0,0
2026-02-10 09:15:00+00:00,60650.6015625,60668.0,60635.19921875,60642.19921875,0
2026-02-10 09:20:00+00:00,60662.8984375,60665.44921875,60638.75,60654.94921875,0
2026-02-10 09:25:00+00:00,60667.30078125,60678.75,60644.69921875,60661.80078125,0
2026-02-10 09:30:00+00:00,60682.0,60709.44921875,60655.6484375,60668.8515625,0
2026-02-10 09:35:00+00:00,60681.0,60699.8984375,60607.19921875,60695.44921875,0
2026-02-10 09:40:00+00:00,60634.3984375,60689.1015625,60628.8984375,60675.94921875,0
2026-02-10 09:45:00+00:00,60594.3984375,60655.1484375,60589.55078125,60633.30078125,0
2026-02-10 09:50:00+00:00,60565.05078125,60596.30078125,60558.25,60596.30078125,0
2026-02-10 09:55:00+00:00,60568.25,60583.05078125,60550.8515625,60567.80078125,0
2026-02-11 03:45:00+00:00,60605.69921875,60716.6015625,60514.94921875,60716.6015625,0
2026-02-11 03:50:00+00:00,60570.25,60625.1015625,60564.1484375,60608.75,0
2026-02-11 03:55:00+00:00,60573.0,60597.55078125,60551.44921875,60570.6484375,0
2026-02-11 04:00:00+00:00,60517.8515625,60581.1484375,60498.1015625,60576.69921875,0
2026-02-11 04:05:00+00:00,60456.94921875,60531.44921875,60447.8984375,60524.44921875,0
2026-02-11 04:10:00+00:00,60467.80078125,60484.1484375,60450.1484375,60461.05078125,0
2026-02-11 04:15:00+00:00,60481.1015625,60504.05078125,60451.3984375,60466.3515625,0
2026-02-11 04:20:00+00:00,60572.6015625,60588.25,60477.25,60484.6015625,0
2026-02-11 04:25:00+00:00,60545.30078125,60595.55078125,60541.75,60571.1015625,0
2026-02-11 04:30:00+00:00,60489.3984375,60547.44921875,60482.80078125,60546.05078125,0
2026-02-11 04:35:00+00:00,60501.3515625,60518.80078125,60483.05078125,60490.1484375,0
2026-02-11 04:40:00+00:00,60504.6015625,60542.25,60473.30078125,60502.5,0
2026-02-11 04:45:00+00:00,60550.1015625,60554.8515625,60493.3515625,60503.05078125,0
2026-02-11 04:50:00+00:00,60569.5,60585.0,60527.6484375,60550.69921875,0
2026-02-11 04:55:00+00:00,60634.94921875,60639.55078125,60553.25,60569.1015625,0
2026-02-11 05:00:00+00:00,60636.3984375,60658.55078125,60613.5,60631.75,0
2026-02-11 05:05:00+00:00,60660.69921875,60691.3984375,60613.3515625,60635.1484375,0
2026-02-11 05:10:00+00:00,60656.3515625,60680.3515625,60635.0,60664.3515625,0
2026-02-11 05:15:00+00:00,60666.30078125,60675.8515625,60639.6484375,60648.05078125,0
2026-02-11 05:20:00+00:00,60641.5,60673.5,60635.5,60671.75,0
2026-02-11 05:25:00+00:00,60656.19921875,60669.5,60637.55078125,60641.6015625,0
2026-02-11 05:30:00+00:00,60664.25,60667.1484375,60628.3515625,60656.25,0
2026-02-11 05:35:00+00:00,60601.69921875,60695.6484375,60581.25,60664.55078125,0
2026-02-11 05:40:00+00:00,60671.1015625,60678.69921875,60604.75,60606.80078125,0
2026-02-11 05:45:00+00:00,60658.75,60703.75,60656.55078125,60673.75,0
2026-02-11 05:50:00+00:00,60685.8515625,60687.55078125,60637.0,60656.3515625,0
2026-02-11 05:55:00+00:00,60690.1015625,60701.69921875,60674.1484375,60684.6484375,0
2026-02-11 06:00:00+00:00,60717.1484375,60748.55078125,60679.8984375,60689.0,0
2026-02-11 06:05:00+00:00,60700.69921875,60749.25,60694.3515625,60717.75,0
2026-02-11 06:10:00+00:00,60675.94921875,60710.69921875,60675.94921875,60700.55078125,0
2026-02-11 06:15:00+00:00,60686.25,60703.75,60676.55078125,60679.55078125,0
2026-02-11 06:20:00+00:00,60693.44921875,60699.3984375,60678.30078125,60689.80078125,0
2026-02-11 06:25:00+00:00,60686.1484375,60715.3515625,60683.1484375,60691.44921875,0
2026-02-11 06:30:00+00:00,60693.30078125,60706.19921875,60682.1015625,60687.8515625,0
2026-02-11 06:35:00+00:00,60654.80078125,60697.05078125,60638.6015625,60693.6015625,0
2026-02-11 06:40:00+00:00,60651.0,60668.25,60649.0,60656.94921875,0
2026-02-11 06:45:00+00:00,60634.75,60666.05078125,60625.8984375,60650.94921875,0
2026-02-11 06:50:00+00:00,60639.8984375,60647.3515625,60626.3984375,60634.6015625,0
2026-02-11 06:55:00+00:00,60648.8984375,60657.6484375,60626.0,60634.94921875,0
2026-02-11 07:00:00+00:00,60644.75,60675.19921875,60639.94921875,60649.80078125,0
2026-02-11 07:05:00+00:00,60629.44921875,60666.75,60627.8515625,60647.1484375,0
2026-02-11 07:10:00+00:00,60637.1015625,60658.25,60613.80078125,60629.30078125,0
2026-02-11 07:15:00+00:00,60652.30078125,60652.30078125,60616.8984375,60637.5,0
2026-02-11 07:20:00+00:00,60672.05078125,60674.8515625,60643.3515625,60652.80078125,0
2026-02-11 07:25:00+00:00,60680.94921875,60704.55078125,60657.69921875,60672.1015625,0
2026-02-11 07:30:00+00:00,60647.80078125,60684.3515625,60637.44921875,60679.80078125,0
2026-02-11 07:35:00+00:00,60657.8515625,60676.1484375,60639.19921875,60643.0,0
2026-02-11 07:40:00+00:00,60660.75,60683.5,60648.8515625,60657.55078125,0
2026-02-11 07:45:00+00:00,60682.1015625,60683.55078125,60655.3515625,60663.3515625,0
2026-02-11 07:50:00+00:00,60676.1015625,60703.6484375,60663.8515625,60681.6484375,0
2026-02-11 07:55:00+00:00,60697.0,60701.44921875,60671.3984375,60679.3515625,0
2026-02-11 08:00:00+00:00,60710.19921875,60725.6015625,60691.1484375,60697.55078125,0
2026-02-11 08:05:00+00:00,60727.75,60731.80078125,60707.69921875,60713.19921875,0
2026-02-11 08:10:00+00:00,60712.75,60750.8515625,60707.05078125,60727.6484375,0
2026-02-11 08:15:00+00:00,60704.1015625,60721.05078125,60695.6484375,60714.5,0
2026-02-11 08:20:00+00:00,60694.30078125,60708.3984375,60682.1015625,60708.25,0
2026-02-11 08:25:00+00:00,60704.25,60722.19921875,60693.3984375,60696.25,0
2026-02-11 08:30:00+00:00,60724.5,60747.25,60696.0,60703.6484375,0
2026-02-11 08:35:00+00:00,60707.8515625,60737.19921875,60698.6484375,60722.6015625,0
2026-02-11 08:40:00+00:00,60736.3515625,60744.1484375,60704.44921875,60709.6484375,0
2026-02-11 08:45:00+00:00,60751.5,60765.8984375,60736.3515625,60736.3515625,0
2026-02-11 08:50:00+00:00,60723.8515625,60757.3984375,60709.1015625,60752.19921875,0
2026-02-11 08:55:00+00:00,60718.55078125,60751.44921875,60716.3515625,60722.3984375,0
2026-02-11 09:00:00+00:00,60725.75,60730.8515625,60679.94921875,60717.5,0
2026-02-11 09:05:00+00:00,60715.5,60735.6015625,60710.1484375,60726.8984375,0
2026-02-11 09:10:00+00:00,60723.55078125,60729.19921875,60698.75,60713.3515625,0
2026-02-11 09:15:00+00:00,60725.8515625,60742.94921875,60715.94921875,60723.30078125,0
2026-02-11 09:20:00+00:00,60731.25,60740.75,60715.75,60726.05078125,0
2026-02-11 09:25:00+00:00,60719.6484375,60746.94921875,60713.69921875,60732.94921875,0
2026-02-11 09:30:00+00:00,60747.94921875,60756.69921875,60715.8984375,60715.8984375,0
2026-02-11 09:35:00+00:00,60746.25,60756.6015625,60737.1484375,60749.80078125,0
2026-02-11 09:40:00+00:00,60773.6484375,60778.19921875,60738.25,60746.8984375,0
2026-02-11 09:45:00+00:00,60765.75,60777.30078125,60751.69921875,60777.30078125,0
2026-02-11 09:50:00+00:00,60745.94921875,60771.69921875,60737.3515625,60769.3984375,0
2026-02-11 09:55:00+00:00,60743.94921875,60762.8984375,60717.3984375,60742.3984375,0
2026-02-12 03:45:00+00:00,60752.3515625,60793.8515625,60693.3984375,60766.8984375,0
2026-02-12 03:50:00+00:00,60720.8515625,60765.19921875,60702.94921875,60749.1015625,0
2026-02-12 03:55:00+00:00,60723.6484375,60746.69921875,60681.94921875,60723.05078125,0
2026-02-12 04:00:00+00:00,60786.8984375,60800.6015625,60712.30078125,60720.8984375,0
2026-02-12 04:05:00+00:00,60789.3515625,60826.94921875,60769.3515625,60784.1484375,0
2026-02-12 04:10:00+00:00,60789.69921875,60806.0,60774.0,60794.3515625,0
2026-02-12 04:15:00+00:00,60809.19921875,60826.3984375,60763.75,60787.0,0
2026-02-12 04:20:00+00:00,60786.1484375,60822.05078125,60771.44921875,60809.6484375,0
2026-02-12 04:25:00+00:00,60808.1015625,60819.69921875,60771.0,60790.1484375,0
2026-02-12 04:30:00+00:00,60810.0,60827.75,60786.30078125,60808.8984375,0
2026-02-12 04:35:00+00:00,60808.8984375,60819.1015625,60778.69921875,60819.1015625,0
2026-02-12 04:40:00+00:00,60843.05078125,60854.8515625,60782.05078125,60812.05078125,0
2026-02-12 04:45:00+00:00,60833.69921875,60853.69921875,60814.3515625,60852.3515625,0
2026-02-12 04:50:00+00:00,60848.75,60860.19921875,60819.94921875,60832.30078125,0
2026-02-12 04:55:00+00:00,60840.69921875,60852.30078125,60809.8515625,60847.6484375,0
2026-02-12 05:00:00+00:00,60839.25,60860.55078125,60820.19921875,60845.05078125,0
2026-02-12 05:05:00+00:00,60808.94921875,60856.30078125,60804.5,60842.69921875,0
2026-02-12 05:10:00+00:00,60791.8515625,60828.25,60777.6484375,60810.30078125,0
2026-02-12 05:15:00+00:00,60799.05078125,60807.44921875,60772.1015625,60792.1484375,0
2026-02-12 05:20:00+00:00,60812.05078125,60821.05078125,60782.5,60797.1484375,0
2026-02-12 05:25:00+00:00,60826.44921875,60832.8515625,60804.80078125,60810.94921875,0
2026-02-12 05:30:00+00:00,60839.1484375,60863.1484375,60812.44921875,60827.75,0
2026-02-12 05:35:00+00:00,60841.44921875,60856.0,60807.5,60835.6484375,0
2026-02-12 05:40:00+00:00,60819.1484375,60853.3515625,60808.55078125,60839.8984375,0
2026-02-12 05:45:00+00:00,60812.55078125,60819.80078125,60782.8515625,60816.69921875,0
2026-02-12 05:50:00+00:00,60785.55078125,60813.1484375,60754.05078125,60810.3515625,0
2026-02-12 05:55:00+00:00,60766.69921875,60796.8515625,60757.44921875,60787.0,0
2026-02-12 06:00:00+00:00,60751.69921875,60782.69921875,60736.05078125,60778.8984375,0
2026-02-12 06:05:00+00:00,60737.69921875,60757.55078125,60717.94921875,60754.0,0
2026-02-12 06:10:00+00:00,60794.0,60795.44921875,60729.44921875,60744.5,0
2026-02-12 06:15:00+00:00,60781.25,60797.55078125,60772.75,60792.3984375,0
2026-02-12 06:20:00+00:00,60730.69921875,60783.19921875,60711.25,60781.19921875,0
2026-02-12 06:25:00+00:00,60759.5,60767.5,60703.30078125,60727.44921875,0
2026-02-12 06:30:00+00:00,60700.3984375,60757.55078125,60686.1484375,60754.8984375,0
2026-02-12 06:35:00+00:00,60716.80078125,60719.55078125,60685.8984375,60702.25,0
2026-02-12 06:40:00+00:00,60711.05078125,60728.0,60688.8984375,60710.8984375,0
2026-02-12 06:45:00+00:00,60727.94921875,60742.1015625,60707.44921875,60711.80078125,0
2026-02-12 06:50:00+00:00,60737.5,60754.1015625,60718.55078125,60731.44921875,0
2026-02-12 06:55:00+00:00,60723.6484375,60741.80078125,60713.30078125,60732.69921875,0
2026-02-12 07:00:00+00:00,60762.80078125,60774.30078125,60714.75,60726.1015625,0
2026-02-12 07:05:00+00:00,60728.44921875,60764.19921875,60723.3515625,60760.25,0
2026-02-12 07:10:00+00:00,60727.30078125,60742.3984375,60703.6484375,60731.0,0
2026-02-12 07:15:00+00:00,60756.80078125,60760.69921875,60727.0,60730.75,0
2026-02-12 07:20:00+00:00,60769.94921875,60787.6484375,60748.44921875,60751.80078125,0
2026-02-12 07:25:00+00:00,60778.75,60795.8515625,60761.0,60771.44921875,0
2026-02-12 07:30:00+00:00,60813.94921875,60827.5,60771.8984375,60778.55078125,0
2026-02-12 07:35:00+00:00,60807.1484375,60807.1484375,60807.1484375,60807.1484375,0
2026-02-12 07:40:00+00:00,60782.44921875,60795.3984375,60762.5,60782.44921875,0
2026-02-12 07:45:00+00:00,60822.44921875,60844.80078125,60772.3984375,60784.6484375,0
2026-02-12 07:50:00+00:00,60816.75,60828.8984375,60774.94921875,60828.8984375,0
2026-02-12 07:55:00+00:00,60786.55078125,60839.8984375,60783.80078125,60819.69921875,0
2026-02-12 08:00:00+00:00,60785.44921875,60806.94921875,60771.94921875,60788.6015625,0
2026-02-12 08:05:00+00:00,60823.6484375,60825.1015625,60771.69921875,60785.8515625,0
2026-02-12 08:10:00+00:00,60799.55078125,60827.69921875,60784.30078125,60822.0,0
2026-02-12 08:15:00+00:00,60766.25,60823.1015625,60760.19921875,60800.6015625,0
2026-02-12 08:20:00+00:00,60765.94921875,60778.44921875,60728.6015625,60767.75,0
2026-02-12 08:25:00+00:00,60785.3984375,60788.1484375,60748.0,60768.25,0
2026-02-12 08:30:00+00:00,60781.19921875,60804.6015625,60751.6015625,60781.5,0
2026-02-12 08:35:00+00:00,60782.5,60801.44921875,60770.25,60776.69921875,0
2026-02-12 08:40:00+00:00,60779.3984375,60791.69921875,60771.3515625,60784.55078125,0
2026-02-12 08:45:00+00:00,60730.3984375,60785.69921875,60719.05078125,60784.75,0
2026-02-12 08:50:00+00:00,60755.1484375,60769.1015625,60722.19921875,60727.6484375,0
2026-02-12 08:55:00+00:00,60727.69921875,60757.8984375,60720.1484375,60752.8515625,0
2026-02-12 09:00:00+00:00,60723.05078125,60744.3984375,60717.8515625,60730.8515625,0
2026-02-12 09:05:00+00:00,60698.0,60759.6015625,60687.44921875,60720.55078125,0
2026-02-12 09:10:00+00:00,60690.1015625,60720.80078125,60679.6015625,60697.0,0
2026-02-12 09:15:00+00:00,60613.1015625,60692.75,60598.3515625,60687.8984375,0
2026-02-12 09:20:00+00:00,60672.3984375,60673.94921875,60609.1015625,60619.80078125,0
2026-02-12 09:25:00+00:00,60698.80078125,60698.80078125,60659.1015625,60672.05078125,0
2026-02-12 09:30:00+00:00,60739.30078125,60818.55078125,60695.75,60695.75,0
2026-02-12 09:35:00+00:00,60770.1015625,60784.8984375,60694.3515625,60734.3515625,0
2026-02-12 09:40:00+00:00,60750.6015625,60785.3984375,60733.05078125,60770.1015625,0
2026-02-12 09:45:00+00:00,60746.8984375,60761.94921875,60708.6484375,60749.55078125,0
2026-02-12 09:50:00+00:00,60720.6484375,60749.6015625,60711.94921875,60746.30078125,0
2026-02-12 09:55:00+00:00,60707.80078125,60743.6015625,60696.3515625,60722.3984375,0
2026-02-13 03:45:00+00:00,60554.3515625,60609.05078125,60459.3984375,60503.0,0
2026-02-13 03:50:00+00:00,60563.1015625,60585.8984375,60528.55078125,60543.6015625,0
2026-02-13 03:55:00+00:00,60532.94921875,60576.55078125,60516.6015625,60565.1015625,0
2026-02-13 04:00:00+00:00,60466.44921875,60533.44921875,60444.3984375,60532.3984375,0
2026-02-13 04:05:00+00:00,60462.8984375,60482.3515625,60438.80078125,60462.05078125,0
2026-02-13 04:10:00+00:00,60511.0,60534.5,60444.3515625,60459.05078125,0
2026-02-13 04:15:00+00:00,60494.1484375,60544.05078125,60476.8984375,60507.94921875,0
2026-02-13 04:20:00+00:00,60499.3984375,60521.44921875,60466.19921875,60493.1015625,0
2026-02-13 04:25:00+00:00,60467.8984375,60505.3515625,60457.6484375,60499.55078125,0
2026-02-13 04:30:00+00:00,60503.19921875,60503.3984375,60458.0,60468.55078125,0
2026-02-13 04:35:00+00:00,60451.25,60511.30078125,60440.30078125,60503.5,0
2026-02-13 04:40:00+00:00,60421.0,60460.69921875,60418.3515625,60451.8984375,0
2026-02-13 04:45:00+00:00,60403.05078125,60423.6015625,60362.3984375,60420.69921875,0
2026-02-13 04:50:00+00:00,60425.6484375,60446.6484375,60393.6484375,60400.55078125,0
2026-02-13 04:55:00+00:00,60418.94921875,60439.0,60409.80078125,60426.44921875,0
2026-02-13 05:00:00+00:00,60440.94921875,60458.69921875,60399.25,60418.8984375,0
2026-02-13 05:05:00+00:00,60437.94921875,60462.1015625,60430.3984375,60442.5,0
2026-02-13 05:10:00+00:00,60434.0,60455.25,60421.05078125,60437.80078125,0
2026-02-13 05:15:00+00:00,60354.55078125,60431.44921875,60354.55078125,60430.25,0
2026-02-13 05:20:00+00:00,60363.6484375,60381.1484375,60323.8984375,60358.94921875,0
2026-02-13 05:25:00+00:00,60365.1484375,60392.3984375,60352.1015625,60361.0,0
2026-02-13 05:30:00+00:00,60344.55078125,60380.1484375,60338.30078125,60367.25,0
2026-02-13 05:35:00+00:00,60280.75,60355.75,60273.19921875,60341.55078125,0
2026-02-13 05:40:00+00:00,60314.6015625,60317.80078125,60276.0,60279.44921875,0
2026-02-13 05:45:00+00:00,60267.6015625,60323.80078125,60256.19921875,60315.0,0
2026-02-13 05:50:00+00:00,60275.30078125,60294.05078125,60253.3515625,60269.5,0
2026-02-13 05:55:00+00:00,60318.8984375,60320.6015625,60269.6015625,60277.05078125,0
2026-02-13 06:00:00+00:00,60276.6015625,60321.69921875,60276.5,60320.05078125,0
2026-02-13 06:05:00+00:00,60296.05078125,60303.3984375,60264.0,60278.94921875,0
2026-02-13 06:10:00+00:00,60299.94921875,60305.55078125,60274.3515625,60296.94921875,0
2026-02-13 06:15:00+00:00,60286.55078125,60319.8984375,60281.94921875,60303.3984375,0
2026-02-13 06:20:00+00:00,60282.3984375,60293.1015625,60256.25,60287.80078125,0
2026-02-13 06:25:00+00:00,60280.8515625,60296.0,60265.8515625,60282.94921875,0
2026-02-13 06:30:00+00:00,60291.55078125,60315.25,60271.30078125,60284.55078125,0
2026-02-13 06:35:00+00:00,60300.0,60305.8515625,60271.75,60291.69921875,0
2026-02-13 06:40:00+00:00,60301.94921875,60309.55078125,60284.19921875,60299.44921875,0
2026-02-13 06:45:00+00:00,60313.3515625,60313.3515625,60288.3515625,60301.30078125,0
2026-02-13 06:50:00+00:00,60364.69921875,60369.75,60312.8515625,60313.8515625,0
2026-02-13 06:55:00+00:00,60358.69921875,60409.3984375,60355.6015625,60369.8984375,0
2026-02-13 07:00:00+00:00,60381.5,60386.69921875,60331.25,60362.3984375,0
2026-02-13 07:05:00+00:00,60350.5,60382.94921875,60340.94921875,60381.30078125,0
2026-02-13 07:10:00+00:00,60343.6015625,60359.05078125,60336.3515625,60353.75,0
2026-02-13 07:15:00+00:00,60308.69921875,60374.75,60308.69921875,60341.8984375,0
2026-02-13 07:20:00+00:00,60304.3515625,60316.55078125,60290.0,60310.1015625,0
2026-02-13 07:25:00+00:00,60287.8984375,60321.3984375,60276.75,60302.1015625,0
2026-02-13 07:30:00+00:00,60286.30078125,60298.44921875,60272.05078125,60287.55078125,0
2026-02-13 07:35:00+00:00,60333.94921875,60335.8984375,60271.1484375,60285.55078125,0
2026-02-13 07:40:00+00:00,60352.05078125,60382.8984375,60324.44921875,60334.80078125,0
2026-02-13 07:45:00+00:00,60355.69921875,60360.5,60316.1484375,60351.1484375,0
2026-02-13 07:50:00+00:00,60302.55078125,60353.75,60291.8515625,60353.30078125,0
2026-02-13 07:55:00+00:00,60288.6015625,60307.8515625,60281.69921875,60304.1015625,0
2026-02-13 08:00:00+00:00,60301.8515625,60317.3984375,60254.55078125,60290.6484375,0
2026-02-13 08:05:00+00:00,60320.0,60336.1015625,60301.6484375,60302.19921875,0
2026-02-13 08:10:00+00:00,60301.44921875,60336.3984375,60300.6484375,60323.0,0
2026-02-13 08:15:00+00:00,60252.25,60308.75,60234.0,60300.6015625,0
2026-02-13 08:20:00+00:00,60270.8984375,60277.44921875,60235.0,60252.6015625,0
2026-02-13 08:25:00+00:00,60292.1015625,60301.6015625,60266.6484375,60274.44921875,0
2026-02-13 08:30:00+00:00,60280.1015625,60302.3984375,60267.0,60296.0,0
2026-02-13 08:35:00+00:00,60270.55078125,60320.44921875,60265.44921875,60285.55078125,0
2026-02-13 08:40:00+00:00,60297.1484375,60304.6484375,60264.6015625,60274.80078125,0
2026-02-13 08:45:00+00:00,60291.05078125,60307.0,60278.3515625,60300.94921875,0
2026-02-13 08:50:00+00:00,60288.25,60300.6015625,60274.0,60296.0,0
2026-02-13 08:55:00+00:00,60287.6015625,60311.94921875,60285.94921875,60292.3984375,0
2026-02-13 09:00:00+00:00,60273.80078125,60298.6015625,60269.8515625,60284.75,0
2026-02-13 09:05:00+00:00,60296.6484375,60300.3984375,60267.30078125,60275.8984375,0
2026-02-13 09:10:00+00:00,60284.75,60307.30078125,60277.1015625,60294.25,0
2026-02-13 09:15:00+00:00,60275.94921875,60296.19921875,60260.44921875,60280.80078125,0
2026-02-13 09:20:00+00:00,60278.6015625,60304.30078125,60267.3515625,60273.6015625,0
2026-02-13 09:25:00+00:00,60290.44921875,60297.3984375,60265.5,60278.6484375,0
2026-02-13 09:30:00+00:00,60264.69921875,60296.44921875,60244.25,60287.1484375,0
2026-02-13 09:35:00+00:00,60275.30078125,60284.55078125,60254.1015625,60259.94921875,0
2026-02-13 09:40:00+00:00,60247.8515625,60278.75,60242.8515625,60270.5,0
2026-02-13 09:45:00+00:00,60253.55078125,60263.25,60234.05078125,60242.3515625,0
2026-02-13 09:50:00+00:00,60143.80078125,60260.1484375,60129.44921875,60257.1015625,0
2026-02-13 09:55:00+00:00,60169.69921875,60200.30078125,60113.5,60148.8984375,0
2026-02-16 03:45:00+00:00,60152.19921875,60154.25,59896.30078125,59932.69921875,0
2026-02-16 03:50:00+00:00,60252.75,60262.55078125,60144.94921875,60155.0,0
2026-02-16 03:55:00+00:00,60195.6484375,60266.25,60151.75,60261.55078125,0
2026-02-16 04:00:00+00:00,60288.0,60316.6484375,60194.30078125,60198.3984375,0
2026-02-16 04:05:00+00:00,60254.3984375,60291.19921875,60237.69921875,60286.0,0
2026-02-16 04:10:00+00:00,60220.94921875,60279.25,60209.25,60250.44921875,0
2026-02-16 04:15:00+00:00,60189.19921875,60257.75,60181.1484375,60222.0,0
2026-02-16 04:20:00+00:00,60255.3984375,60256.44921875,60154.44921875,60185.55078125,0
2026-02-16 04:25:00+00:00,60304.8984375,60322.1484375,60249.8984375,60252.69921875,0
2026-02-16 04:30:00+00:00,60351.3984375,60376.55078125,60302.44921875,60306.6015625,0
2026-02-16 04:35:00+00:00,60365.05078125,60387.25,60342.1484375,60354.1484375,0
2026-02-16 04:40:00+00:00,60440.1484375,60440.1484375,60360.1484375,60367.3984375,0
2026-02-16 04:45:00+00:00,60423.1484375,60471.05078125,60410.8984375,60439.44921875,0
2026-02-16 04:50:00+00:00,60371.3984375,60444.0,60364.8984375,60427.94921875,0
2026-02-16 04:55:00+00:00,60407.44921875,60427.6015625,60364.3984375,60373.1015625,0
2026-02-16 05:00:00+00:00,60400.80078125,60430.30078125,60398.44921875,60412.05078125,0
2026-02-16 05:05:00+00:00,60389.8515625,60425.3515625,60382.05078125,60405.1484375,0
2026-02-16 05:10:00+00:00,60367.05078125,60412.8984375,60353.75,60393.6484375,0
2026-02-16 05:15:00+00:00,60376.3984375,60415.3515625,60361.5,60368.94921875,0
2026-02-16 05:20:00+00:00,60393.3515625,60412.25,60360.1015625,60371.30078125,0
2026-02-16 05:25:00+00:00,60427.44921875,60435.3984375,60383.5,60390.80078125,0
2026-02-16 05:30:00+00:00,60468.94921875,60472.75,60410.3984375,60430.69921875,0
2026-02-16 05:35:00+00:00,60434.19921875,60474.44921875,60425.3515625,60467.0,0
2026-02-16 05:40:00+00:00,60429.19921875,60436.1484375,60411.5,60431.6015625,0
2026-02-16 05:45:00+00:00,60451.05078125,60457.8515625,60420.0,60431.3515625,0
2026-02-16 05:50:00+00:00,60476.6015625,60487.25,60442.05078125,60452.55078125,0
2026-02-16 05:55:00+00:00,60405.6015625,60486.94921875,60397.3515625,60476.75,0
2026-02-16 06:00:00+00:00,60384.94921875,60422.1015625,60379.3515625,60407.44921875,0
2026-02-16 06:05:00+00:00,60421.69921875,60434.0,60374.0,60391.6015625,0
2026-02-16 06:10:00+00:00,60419.1015625,60439.1015625,60398.75,60425.8515625,0
2026-02-16 06:15:00+00:00,60429.80078125,60439.5,60394.1015625,60417.75,0
2026-02-16 06:20:00+00:00,60419.3515625,60440.25,60403.3515625,60433.5,0
2026-02-16 06:25:00+00:00,60459.19921875,60459.19921875,60410.3515625,60421.30078125,0
2026-02-16 06:30:00+00:00,60469.75,60484.5,60453.8515625,60460.6015625,0
2026-02-16 06:35:00+00:00,60467.8984375,60477.94921875,60445.30078125,60469.6484375,0
2026-02-16 06:40:00+00:00,60477.30078125,60496.5,60466.30078125,60468.80078125,0
2026-02-16 06:45:00+00:00,60518.30078125,60535.05078125,60457.8984375,60478.3515625,0
2026-02-16 06:50:00+00:00,60538.1484375,60548.1484375,60514.94921875,60520.30078125,0
2026-02-16 06:55:00+00:00,60622.6015625,60623.3515625,60537.55078125,60542.1484375,0
2026-02-16 07:00:00+00:00,60700.30078125,60711.05078125,60625.19921875,60626.8984375,0
2026-02-16 07:05:00+00:00,60678.19921875,60751.1015625,60677.19921875,60704.6484375,0
2026-02-16 07:10:00+00:00,60701.3515625,60721.19921875,60672.44921875,60676.94921875,0
2026-02-16 07:15:00+00:00,60637.3984375,60715.75,60633.30078125,60702.1484375,0
2026-02-16 07:20:00+00:00,60675.5,60681.80078125,60635.1484375,60642.1484375,0
2026-02-16 07:25:00+00:00,60650.0,60701.3515625,60629.8984375,60675.8984375,0
2026-02-16 07:30:00+00:00,60666.69921875,60696.1484375,60648.25,60650.1015625,0
2026-02-16 07:35:00+00:00,60695.6015625,60695.6015625,60646.1484375,60666.69921875,0
2026-02-16 07:40:00+00:00,60703.5,60733.0,60685.3984375,60694.55078125,0
2026-02-16 07:45:00+00:00,60680.6015625,60717.25,60669.69921875,60705.3984375,0
2026-02-16 07:50:00+00:00,60713.1484375,60717.0,60668.3984375,60680.1015625,0
2026-02-16 07:55:00+00:00,60727.25,60733.3515625,60688.8984375,60714.69921875,0
2026-02-16 08:00:00+00:00,60722.3515625,60741.69921875,60691.19921875,60733.69921875,0
2026-02-16 08:05:00+00:00,60771.1015625,60779.1015625,60723.05078125,60724.6015625,0
2026-02-16 08:10:00+00:00,60788.8515625,60800.94921875,60756.80078125,60768.05078125,0
2026-02-16 08:15:00+00:00,60753.8984375,60807.0,60750.19921875,60791.6015625,0
2026-02-16 08:20:00+00:00,60722.1015625,60777.05078125,60720.05078125,60749.3515625,0
2026-02-16 08:25:00+00:00,60726.94921875,60735.6484375,60678.1015625,60726.80078125,0
2026-02-16 08:30:00+00:00,60749.75,60780.5,60721.05078125,60726.0,0
2026-02-16 08:35:00+00:00,60704.0,60759.25,60702.25,60751.69921875,0
2026-02-16 08:40:00+00:00,60782.80078125,60789.25,60705.5,60708.3515625,0
2026-02-16 08:45:00+00:00,60793.05078125,60827.1484375,60771.6484375,60777.6484375,0
2026-02-16 08:50:00+00:00,60802.05078125,60820.6015625,60792.05078125,60794.1484375,0
2026-02-16 08:55:00+00:00,60811.0,60833.8984375,60788.1484375,60802.30078125,0
2026-02-16 09:00:00+00:00,60827.0,60829.30078125,60789.1484375,60808.75,0
2026-02-16 09:05:00+00:00,60809.3515625,60832.75,60792.05078125,60830.5,0
2026-02-16 09:10:00+00:00,60848.69921875,60848.69921875,60800.5,60806.1484375,0
2026-02-16 09:15:00+00:00,60898.8984375,60907.44921875,60831.1015625,60848.8515625,0
2026-02-16 09:20:00+00:00,60892.55078125,60910.1015625,60874.1015625,60900.5,0
2026-02-16 09:25:00+00:00,60910.5,60927.8515625,60883.19921875,60892.80078125,0
2026-02-16 09:30:00+00:00,60939.0,60941.5,60890.19921875,60910.3515625,0
2026-02-16 09:35:00+00:00,60957.1484375,60988.8984375,60924.8984375,60941.44921875,0
2026-02-16 09:40:00+00:00,60931.5,60980.6484375,60930.44921875,60964.80078125,0
2026-02-16 09:45:00+00:00,60931.3984375,60947.8515625,60913.6484375,60933.94921875,0
2026-02-16 09:50:00+00:00,60963.55078125,60970.44921875,60914.55078125,60923.44921875,0
2026-02-16 09:55:00+00:00,60993.8515625,61010.5,60928.30078125,60967.75,0
2026-02-17 03:45:00+00:00,60693.75,60844.0,60681.80078125,60838.55078125,0
2026-02-17 03:50:00+00:00,60583.05078125,60689.44921875,60581.1015625,60689.44921875,0
2026-02-17 03:55:00+00:00,60667.69921875,60667.69921875,60561.44921875,60581.94921875,0
2026-02-17 04:00:00+00:00,60650.6484375,60673.8984375,60627.3515625,60667.8984375,0
2026-02-17 04:05:00+00:00,60662.5,60666.30078125,60591.25,60653.05078125,0
2026-02-17 04:10:00+00:00,60748.6484375,60750.5,60616.55078125,60659.75,0
2026-02-17 04:15:00+00:00,60695.55078125,60746.44921875,60669.69921875,60746.44921875,0
2026-02-17 04:20:00+00:00,60742.1015625,60758.25,60675.19921875,60695.5,0
2026-02-17 04:25:00+00:00,60761.69921875,60775.6484375,60713.69921875,60738.94921875,0
2026-02-17 04:30:00+00:00,60791.69921875,60792.8515625,60740.69921875,60761.55078125,0
2026-02-17 04:35:00+00:00,60824.55078125,60835.94921875,60782.80078125,60789.19921875,0
2026-02-17 04:40:00+00:00,60878.19921875,60879.6484375,60801.94921875,60824.3515625,0
2026-02-17 04:45:00+00:00,60927.0,60932.0,60863.6015625,60878.6484375,0
2026-02-17 04:50:00+00:00,60956.6015625,60983.8984375,60924.5,60924.5,0
2026-02-17 04:55:00+00:00,61085.19921875,61096.1015625,60952.55078125,60959.30078125,0
2026-02-17 05:00:00+00:00,61106.5,61177.19921875,61074.80078125,61088.44921875,0
2026-02-17 05:05:00+00:00,61081.75,61120.19921875,61077.6015625,61108.30078125,0
2026-02-17 05:10:00+00:00,60967.6484375,61086.6484375,60937.94921875,61082.6015625,0
2026-02-17 05:15:00+00:00,60951.44921875,60998.55078125,60924.44921875,60968.30078125,0
2026-02-17 05:20:00+00:00,60972.3515625,60978.55078125,60935.1015625,60957.1015625,0
2026-02-17 05:25:00+00:00,61008.1015625,61016.3515625,60970.44921875,60973.8515625,0
2026-02-17 05:30:00+00:00,60985.1015625,61010.05078125,60947.25,61008.6484375,0
2026-02-17 05:35:00+00:00,61043.5,61058.1484375,60970.8515625,60983.1484375,0
2026-02-17 05:40:00+00:00,61029.8984375,61045.8515625,61004.30078125,61045.55078125,0
2026-02-17 05:45:00+00:00,61050.25,61055.8515625,61000.8515625,61029.55078125,0
2026-02-17 05:50:00+00:00,61063.8515625,61073.05078125,61027.94921875,61048.1015625,0
2026-02-17 05:55:00+00:00,61050.94921875,61068.1484375,61039.44921875,61068.1484375,0
2026-02-17 06:00:00+00:00,61097.55078125,61104.3984375,61024.44921875,61051.19921875,0
2026-02-17 06:05:00+00:00,61095.94921875,61145.94921875,61090.80078125,61099.55078125,0
2026-02-17 06:10:00+00:00,61060.94921875,61110.1015625,61051.55078125,61095.8515625,0
2026-02-17 06:15:00+00:00,61098.1484375,61111.80078125,61059.44921875,61062.80078125,0
2026-02-17 06:20:00+00:00,61137.30078125,61145.3515625,61088.94921875,61098.25,0
2026-02-17 06:25:00+00:00,61131.8984375,61151.25,61108.69921875,61136.25,0
2026-02-17 06:30:00+00:00,61118.1484375,61151.30078125,61103.8984375,61129.55078125,0
2026-02-17 06:35:00+00:00,61140.8984375,61162.8515625,61112.3984375,61116.5,0
2026-02-17 06:40:00+00:00,61137.5,61153.0,61127.3515625,61137.80078125,0
2026-02-17 06:45:00+00:00,61174.3984375,61182.25,61134.94921875,61138.1015625,0
2026-02-17 06:50:00+00:00,61173.0,61185.44921875,61150.1015625,61174.3515625,0
2026-02-17 06:55:00+00:00,61127.6015625,61178.1015625,61117.55078125,61171.0,0
2026-02-17 07:00:00+00:00,61124.5,61142.3515625,61080.05078125,61123.8515625,0
2026-02-17 07:05:00+00:00,61155.5,61157.80078125,61115.69921875,61123.6015625,0
2026-02-17 07:10:00+00:00,61162.05078125,61179.44921875,61141.44921875,61156.25,0
2026-02-17 07:15:00+00:00,61158.19921875,61171.8515625,61142.6015625,61162.75,0
2026-02-17 07:20:00+00:00,61179.3984375,61195.8515625,61150.0,61155.6484375,0
2026-02-17 07:25:00+00:00,61153.69921875,61191.30078125,61136.94921875,61174.0,0
2026-02-17 07:30:00+00:00,61109.8984375,61170.80078125,61102.75,61152.55078125,0
2026-02-17 07:35:00+00:00,61181.94921875,61193.30078125,61104.30078125,61109.05078125,0
2026-02-17 07:40:00+00:00,61151.44921875,61191.6484375,61133.80078125,61185.0,0
2026-02-17 07:45:00+00:00,61159.69921875,61164.19921875,61115.3515625,61151.8515625,0
2026-02-17 07:50:00+00:00,61172.5,61186.0,61152.19921875,61159.8515625,0
2026-02-17 07:55:00+00:00,61177.1484375,61183.8515625,61158.8515625,61171.25,0
2026-02-17 08:00:00+00:00,61206.69921875,61222.3984375,61177.8984375,61182.8984375,0
2026-02-17 08:05:00+00:00,61197.3984375,61238.1484375,61181.44921875,61205.1484375,0
2026-02-17 08:10:00+00:00,61188.3984375,61219.55078125,61178.69921875,61196.30078125,0
2026-02-17 08:15:00+00:00,61173.1015625,61202.8515625,61149.5,61189.6015625,0
2026-02-17 08:20:00+00:00,61154.1015625,61172.19921875,61130.19921875,61172.19921875,0
2026-02-17 08:25:00+00:00,61089.80078125,61160.19921875,61083.5,61157.3984375,0
2026-02-17 08:30:00+00:00,61141.6015625,61167.19921875,61086.75,61090.6484375,0
2026-02-17 08:35:00+00:00,61114.94921875,61175.25,61112.80078125,61147.05078125,0
2026-02-17 08:40:00+00:00,61054.25,61127.5,61044.3984375,61117.1484375,0
2026-02-17 08:45:00+00:00,61116.80078125,61135.1015625,61034.75,61052.30078125,0
2026-02-17 08:50:00+00:00,61130.19921875,61138.69921875,61109.6484375,61115.0,0
2026-02-17 08:55:00+00:00,61107.30078125,61148.5,61105.94921875,61128.44921875,0
2026-02-17 09:00:00+00:00,61149.69921875,61149.69921875,61091.80078125,61112.19921875,0
2026-02-17 09:05:00+00:00,61186.5,61191.55078125,61134.44921875,61148.94921875,0
2026-02-17 09:10:00+00:00,61162.44921875,61188.3515625,61137.0,61182.1015625,0
2026-02-17 09:15:00+00:00,61144.3984375,61165.8984375,61134.3984375,61161.8515625,0
2026-02-17 09:20:00+00:00,61158.1015625,61164.8515625,61131.8515625,61144.6015625,0
2026-02-17 09:25:00+00:00,61131.30078125,61166.19921875,61094.80078125,61159.1015625,0
2026-02-17 09:30:00+00:00,61117.6484375,61193.8984375,61117.6484375,61138.6484375,0
2026-02-17 09:35:00+00:00,61195.30078125,61206.6484375,61109.1015625,61122.94921875,0
2026-02-17 09:40:00+00:00,61158.1484375,61206.75,61137.3984375,61203.5,0
2026-02-17 09:45:00+00:00,61168.3984375,61200.3515625,61157.55078125,61158.1015625,0
2026-02-17 09:50:00+00:00,61181.75,61196.1015625,61164.6015625,61174.30078125,0
2026-02-17 09:55:00+00:00,61144.1484375,61198.94921875,61133.05078125,61180.6484375,0
2026-02-18 03:45:00+00:00,61235.30078125,61269.5,61148.8515625,61254.30078125,0
2026-02-18 03:50:00+00:00,61125.3515625,61240.5,61122.6484375,61235.5,0
2026-02-18 03:55:00+00:00,61169.25,61200.8515625,61107.25,61125.75,0
2026-02-18 04:00:00+00:00,61210.8984375,61231.0,61150.19921875,61170.1484375,0
2026-02-18 04:05:00+00:00,61232.55078125,61252.3515625,61201.94921875,61210.44921875,0
2026-02-18 04:10:00+00:00,61291.55078125,61309.30078125,61228.8515625,61238.3984375,0
2026-02-18 04:15:00+00:00,61244.3515625,61293.5,61222.30078125,61293.5,0
2026-02-18 04:20:00+00:00,61241.3984375,61272.8515625,61229.8515625,61246.3984375,0
2026-02-18 04:25:00+00:00,61167.8984375,61247.8515625,61156.8984375,61239.55078125,0
2026-02-18 04:30:00+00:00,61222.94921875,61226.3984375,61149.5,61170.94921875,0
2026-02-18 04:35:00+00:00,61240.30078125,61258.69921875,61203.8984375,61226.55078125,0
2026-02-18 04:40:00+00:00,61222.3515625,61268.8984375,61222.3515625,61245.8515625,0
2026-02-18 04:45:00+00:00,61238.5,61255.94921875,61194.44921875,61228.3515625,0
2026-02-18 04:50:00+00:00,61225.25,61260.55078125,61222.55078125,61244.6484375,0
2026-02-18 04:55:00+00:00,61228.69921875,61235.8984375,61195.1015625,61229.5,0
2026-02-18 05:00:00+00:00,61223.3515625,61248.94921875,61212.3984375,61232.8984375,0
2026-02-18 05:05:00+00:00,61214.30078125,61252.8984375,61208.30078125,61224.55078125,0
2026-02-18 05:10:00+00:00,61187.80078125,61222.3515625,61186.19921875,61212.6484375,0
2026-02-18 05:15:00+00:00,61223.05078125,61227.3984375,61177.25,61186.1484375,0
2026-02-18 05:20:00+00:00,61253.8984375,61260.8984375,61216.05078125,61225.55078125,0
2026-02-18 05:25:00+00:00,61267.8984375,61272.1484375,61240.75,61252.30078125,0
2026-02-18 05:30:00+00:00,61259.0,61278.3984375,61247.75,61266.0,0
2026-02-18 05:35:00+00:00,61242.0,61260.30078125,61228.8515625,61258.5,0
2026-02-18 05:40:00+00:00,61229.30078125,61252.30078125,61204.1484375,61245.25,0
2026-02-18 05:45:00+00:00,61197.19921875,61234.6484375,61185.69921875,61230.6015625,0
2026-02-18 05:50:00+00:00,61208.5,61242.30078125,61198.30078125,61200.8984375,0
2026-02-18 05:55:00+00:00,61246.1015625,61261.3515625,61174.6484375,61208.44921875,0
2026-02-18 06:00:00+00:00,61282.25,61292.0,61237.94921875,61249.6015625,0
2026-02-18 06:05:00+00:00,61266.8984375,61284.8515625,61252.1015625,61276.8515625,0
2026-02-18 06:10:00+00:00,61265.1484375,61273.3984375,61236.6015625,61266.30078125,0
2026-02-18 06:15:00+00:00,61247.8515625,61274.8515625,61245.8515625,61268.44921875,0
2026-02-18 06:20:00+00:00,61268.25,61270.8984375,61245.8984375,61249.1484375,0
2026-02-18 06:25:00+00:00,61269.69921875,61273.55078125,61248.3515625,61269.0,0
2026-02-18 06:30:00+00:00,61257.5,61295.8984375,61255.05078125,61273.1015625,0
2026-02-18 06:35:00+00:00,61270.1015625,61290.3515625,61253.6484375,61259.55078125,0
2026-02-18 06:40:00+00:00,61285.19921875,61294.25,61263.75,61267.8515625,0
2026-02-18 06:45:00+00:00,61275.8515625,61308.0,61272.55078125,61284.6015625,0
2026-02-18 06:50:00+00:00,61276.44921875,61282.1484375,61253.44921875,61279.44921875,0
2026-02-18 06:55:00+00:00,61278.5,61292.1015625,61256.8515625,61279.6015625,0
2026-02-18 07:00:00+00:00,61304.75,61308.3515625,61262.55078125,61276.6484375,0
2026-02-18 07:05:00+00:00,61346.3984375,61356.55078125,61305.1484375,61307.44921875,0
2026-02-18 07:10:00+00:00,61336.1015625,61348.25,61313.19921875,61348.25,0
2026-02-18 07:15:00+00:00,61313.8984375,61353.69921875,61306.3515625,61333.94921875,0
2026-02-18 07:20:00+00:00,61330.1015625,61332.30078125,61305.8984375,61316.0,0
2026-02-18 07:25:00+00:00,61330.3515625,61339.44921875,61309.5,61329.19921875,0
2026-02-18 07:30:00+00:00,61340.05078125,61347.6015625,61310.6015625,61331.1015625,0
2026-02-18 07:35:00+00:00,61335.30078125,61356.30078125,61330.19921875,61339.94921875,0
2026-02-18 07:40:00+00:00,61342.5,61348.6484375,61305.80078125,61334.1484375,0
2026-02-18 07:45:00+00:00,61361.8984375,61373.44921875,61342.55078125,61343.44921875,0
2026-02-18 07:50:00+00:00,61367.05078125,61381.5,61353.8984375,61362.8984375,0
2026-02-18 07:55:00+00:00,61313.55078125,61378.30078125,61295.8515625,61372.5,0
2026-02-18 08:00:00+00:00,61310.55078125,61327.0,61304.1015625,61321.3984375,0
2026-02-18 08:05:00+00:00,61312.8515625,61323.69921875,61294.5,61310.8984375,0
2026-02-18 08:10:00+00:00,61329.69921875,61336.0,61309.6484375,61312.44921875,0
2026-02-18 08:15:00+00:00,61352.80078125,61363.1484375,61316.0,61323.1484375,0
2026-02-18 08:20:00+00:00,61255.75,61361.5,61254.1015625,61357.0,0
2026-02-18 08:25:00+00:00,61320.3515625,61325.55078125,61246.30078125,61255.6015625,0
2026-02-18 08:30:00+00:00,61320.25,61330.3984375,61299.1015625,61316.69921875,0
2026-02-18 08:35:00+00:00,61345.8984375,61349.8984375,61315.25,61319.1015625,0
2026-02-18 08:40:00+00:00,61374.94921875,61377.6484375,61330.75,61347.6015625,0
2026-02-18 08:45:00+00:00,61397.3515625,61397.3515625,61361.6484375,61375.1015625,0
2026-02-18 08:50:00+00:00,61494.55078125,61497.1484375,61395.3984375,61395.3984375,0
2026-02-18 08:55:00+00:00,61486.5,61514.30078125,61465.44921875,61492.3515625,0
2026-02-18 09:00:00+00:00,61480.0,61503.69921875,61461.94921875,61484.8984375,0
2026-02-18 09:05:00+00:00,61475.69921875,61509.80078125,61462.3984375,61478.1484375,0
2026-02-18 09:10:00+00:00,61496.55078125,61509.0,61470.55078125,61475.19921875,0
2026-02-18 09:15:00+00:00,61500.8515625,61506.6015625,61471.55078125,61498.6484375,0
2026-02-18 09:20:00+00:00,61512.05078125,61522.80078125,61488.5,61498.6484375,0
2026-02-18 09:25:00+00:00,61539.55078125,61540.69921875,61509.55078125,61511.55078125,0
2026-02-18 09:30:00+00:00,61536.19921875,61596.1015625,61531.6484375,61538.1015625,0
2026-02-18 09:35:00+00:00,61545.94921875,61548.5,61518.5,61541.19921875,0
2026-02-18 09:40:00+00:00,61554.30078125,61558.75,61526.94921875,61543.8515625,0
2026-02-18 09:45:00+00:00,61559.75,61571.8515625,61546.30078125,61552.8984375,0
2026-02-18 09:50:00+00:00,61546.05078125,61560.6484375,61529.3515625,61557.6484375,0
2026-02-18 09:55:00+00:00,61520.3984375,61557.5,61520.3984375,61544.0,0
2026-02-19 03:45:00+00:00,61515.55078125,61668.5,61505.80078125,61662.75,0
2026-02-19 03:50:00+00:00,61480.75,61553.44921875,61471.6015625,61513.25,0
2026-02-19 03:55:00+00:00,61453.8984375,61516.44921875,61433.3515625,61479.69921875,0
2026-02-19 04:00:00+00:00,61457.19921875,61466.19921875,61414.94921875,61453.44921875,0
2026-02-19 04:05:00+00:00,61476.75,61523.69921875,61446.6484375,61459.3984375,0
2026-02-19 04:10:00+00:00,61461.19921875,61479.6015625,61456.19921875,61473.69921875,0
2026-02-19 04:15:00+00:00,61516.0,61519.6484375,61441.6484375,61461.3515625,0
2026-02-19 04:20:00+00:00,61482.8984375,61516.3515625,61477.55078125,61514.25,0
2026-02-19 04:25:00+00:00,61448.8984375,61496.75,61437.6015625,61482.25,0
2026-02-19 04:30:00+00:00,61434.05078125,61464.3984375,61399.80078125,61451.1484375,0
2026-02-19 04:35:00+00:00,61399.30078125,61442.55078125,61392.6015625,61436.6484375,0
2026-02-19 04:40:00+00:00,61378.3515625,61411.3984375,61370.5,61398.6484375,0
2026-02-19 04:45:00+00:00,61377.8984375,61403.6484375,61334.94921875,61378.8984375,0
2026-02-19 04:50:00+00:00,61388.80078125,61398.19921875,61358.44921875,61375.75,0
2026-02-19 04:55:00+00:00,61367.6484375,61399.25,61359.19921875,61389.30078125,0
2026-02-19 05:00:00+00:00,61357.25,61390.94921875,61346.80078125,61366.69921875,0
2026-02-19 05:05:00+00:00,61289.5,61361.3984375,61286.3984375,61356.94921875,0
2026-02-19 05:10:00+00:00,61326.30078125,61336.25,61255.8515625,61290.30078125,0
2026-02-19 05:15:00+00:00,61290.69921875,61330.05078125,61279.75,61326.75,0
2026-02-19 05:20:00+00:00,61342.80078125,61351.3515625,61285.25,61292.80078125,0
2026-02-19 05:25:00+00:00,61367.25,61377.3984375,61317.69921875,61342.19921875,0
2026-02-19 05:30:00+00:00,61356.25,61378.75,61340.1484375,61367.1015625,0
2026-02-19 05:35:00+00:00,61340.8984375,61374.3515625,61333.25,61357.6015625,0
2026-02-19 05:40:00+00:00,61322.1484375,61362.69921875,61312.1015625,61343.3984375,0
2026-02-19 05:45:00+00:00,61310.6484375,61341.1015625,61298.6484375,61321.6015625,0
2026-02-19 05:50:00+00:00,61247.6484375,61312.5,61233.1484375,61309.3515625,0
2026-02-19 05:55:00+00:00,61244.0,61262.94921875,61226.1015625,61242.69921875,0
2026-02-19 06:00:00+00:00,61247.6015625,61254.3984375,61223.6015625,61245.25,0
2026-02-19 06:05:00+00:00,61242.3984375,61253.0,61226.80078125,61247.0,0
2026-02-19 06:10:00+00:00,61234.69921875,61252.0,61211.25,61239.44921875,0
2026-02-19 06:15:00+00:00,61196.55078125,61237.8515625,61188.8515625,61237.25,0
2026-02-19 06:20:00+00:00,61195.0,61205.55078125,61180.8515625,61194.6484375,0
2026-02-19 06:25:00+00:00,61213.19921875,61223.80078125,61192.3984375,61195.80078125,0
2026-02-19 06:30:00+00:00,61185.75,61219.1015625,61155.55078125,61214.8515625,0
2026-02-19 06:35:00+00:00,61171.6015625,61205.1484375,61169.8515625,61185.19921875,0
2026-02-19 06:40:00+00:00,61069.80078125,61171.94921875,61066.69921875,61170.6015625,0
2026-02-19 06:45:00+00:00,61090.19921875,61100.75,61024.19921875,61066.5,0
2026-02-19 06:50:00+00:00,61145.5,61156.6015625,61082.0,61090.25,0
2026-02-19 06:55:00+00:00,61118.55078125,61147.30078125,61097.30078125,61145.0,0
2026-02-19 07:00:00+00:00,61073.80078125,61123.05078125,61055.05078125,61113.3515625,0
2026-02-19 07:05:00+00:00,61013.05078125,61091.44921875,61009.1015625,61074.5,0
2026-02-19 07:10:00+00:00,60994.30078125,61022.80078125,60959.6015625,61014.6484375,0
2026-02-19 07:15:00+00:00,61018.3984375,61028.55078125,60963.6015625,60986.3984375,0
2026-02-19 07:20:00+00:00,61045.55078125,61106.30078125,61006.80078125,61018.19921875,0
2026-02-19 07:25:00+00:00,61031.25,61066.3515625,61006.8984375,61048.69921875,0
2026-02-19 07:30:00+00:00,61035.5,61041.0,60998.5,61034.44921875,0
2026-02-19 07:35:00+00:00,61118.8984375,61118.8984375,61033.05078125,61033.05078125,0
2026-02-19 07:40:00+00:00,61098.6484375,61125.30078125,61079.8515625,61117.6484375,0
2026-02-19 07:45:00+00:00,61058.3984375,61096.6484375,61035.94921875,61096.6484375,0
2026-02-19 07:50:00+00:00,61103.8984375,61116.5,61051.55078125,61062.75,0
2026-02-19 07:55:00+00:00,61056.80078125,61111.3515625,61025.3984375,61103.8984375,0
2026-02-19 08:00:00+00:00,61035.6015625,61067.75,60996.1015625,61060.69921875,0
2026-02-19 08:05:00+00:00,61030.30078125,61051.6484375,61008.8984375,61036.6484375,0
2026-02-19 08:10:00+00:00,61040.75,61059.3515625,61028.94921875,61031.55078125,0
2026-02-19 08:15:00+00:00,61004.75,61056.55078125,60997.44921875,61041.55078125,0
2026-02-19 08:20:00+00:00,61016.19921875,61034.19921875,60971.80078125,61007.75,0
2026-02-19 08:25:00+00:00,60969.5,61027.1015625,60967.8984375,61021.5,0
2026-02-19 08:30:00+00:00,60935.80078125,60981.6015625,60927.30078125,60973.30078125,0
2026-02-19 08:35:00+00:00,60949.1015625,60955.1015625,60913.6015625,60934.0,0
2026-02-19 08:40:00+00:00,60986.30078125,60986.8515625,60930.6484375,60947.44921875,0
2026-02-19 08:45:00+00:00,61045.3984375,61051.44921875,60975.75,60988.30078125,0
2026-02-19 08:50:00+00:00,61005.75,61061.0,60985.25,61049.75,0
2026-02-19 08:55:00+00:00,60933.25,61008.8515625,60933.25,61005.1015625,0
2026-02-19 09:00:00+00:00,60987.75,61003.5,60932.19921875,60932.19921875,0
2026-02-19 09:05:00+00:00,60988.19921875,61014.44921875,60965.0,60985.6484375,0
2026-02-19 09:10:00+00:00,60878.8984375,60993.69921875,60878.25,60989.0,0
2026-02-19 09:15:00+00:00,60856.1015625,60879.05078125,60807.25,60877.6484375,0
2026-02-19 09:20:00+00:00,60863.6015625,60871.94921875,60839.5,60852.30078125,0
2026-02-19 09:25:00+00:00,60864.1484375,60887.6484375,60835.0,60862.25,0
2026-02-19 09:30:00+00:00,60857.44921875,60899.1484375,60776.6484375,60858.44921875,0
2026-02-19 09:35:00+00:00,60827.0,60874.1484375,60747.6015625,60853.1484375,0
2026-02-19 09:40:00+00:00,60723.6484375,60842.3515625,60713.80078125,60820.3984375,0
2026-02-19 09:45:00+00:00,60680.8984375,60741.1484375,60672.3984375,60729.1015625,0
2026-02-19 09:50:00+00:00,60635.5,60685.5,60607.1484375,60682.19921875,0
2026-02-19 09:55:00+00:00,60660.75,60670.6484375,60592.8984375,60634.19921875,0
2026-02-20 03:45:00+00:00,60879.05078125,60947.25,60573.6015625,60643.80078125,0
2026-02-20 03:50:00+00:00,60902.75,60948.25,60863.0,60882.69921875,0
2026-02-20 03:55:00+00:00,60788.30078125,60915.3984375,60783.69921875,60902.75,0
2026-02-20 04:00:00+00:00,60974.5,60984.44921875,60774.05078125,60787.94921875,0
2026-02-20 04:05:00+00:00,60935.8984375,60996.6484375,60926.75,60976.3984375,0
2026-02-20 04:10:00+00:00,60983.3984375,61000.5,60895.8515625,60934.1015625,0
2026-02-20 04:15:00+00:00,61073.25,61079.1015625,60979.94921875,60982.80078125,0
2026-02-20 04:20:00+00:00,61051.19921875,61111.55078125,61039.8984375,61075.94921875,0
2026-02-20 04:25:00+00:00,61083.75,61094.80078125,61034.25,61050.19921875,0
2026-02-20 04:30:00+00:00,61034.55078125,61098.19921875,61023.3984375,61082.1015625,0
2026-02-20 04:35:00+00:00,61004.80078125,61067.19921875,60983.0,61038.5,0
2026-02-20 04:40:00+00:00,61006.6015625,61056.1015625,60991.69921875,61007.44921875,0
2026-02-20 04:45:00+00:00,61122.5,61135.25,61003.1015625,61006.44921875,0
2026-02-20 04:50:00+00:00,61099.80078125,61136.3984375,61095.5,61126.5,0
2026-02-20 04:55:00+00:00,61120.3515625,61165.05078125,61096.6484375,61101.3515625,0
2026-02-20 05:00:00+00:00,61138.05078125,61172.3515625,61124.75,61124.75,0
2026-02-20 05:05:00+00:00,61139.6015625,61149.05078125,61102.05078125,61136.25,0
2026-02-20 05:10:00+00:00,61177.8515625,61201.05078125,61130.30078125,61141.19921875,0
2026-02-20 05:15:00+00:00,61175.80078125,61214.3515625,61151.6015625,61185.19921875,0
2026-02-20 05:20:00+00:00,61169.94921875,61185.6015625,61147.1015625,61179.25,0
2026-02-20 05:25:00+00:00,61181.1015625,61197.8984375,61150.25,61172.69921875,0
2026-02-20 05:30:00+00:00,61156.8984375,61190.94921875,61137.8984375,61183.6015625,0
2026-02-20 05:35:00+00:00,61125.44921875,61177.25,61109.44921875,61159.44921875,0
2026-02-20 05:40:00+00:00,61107.8984375,61155.6015625,61094.80078125,61126.94921875,0
2026-02-20 05:45:00+00:00,61156.19921875,61158.44921875,61116.3515625,61116.3515625,0
2026-02-20 05:50:00+00:00,61140.25,61175.80078125,61124.75,61156.6484375,0
2026-02-20 05:55:00+00:00,61179.94921875,61204.1015625,61126.75,61141.3515625,0
2026-02-20 06:00:00+00:00,61204.05078125,61223.80078125,61167.30078125,61180.3984375,0
2026-02-20 06:05:00+00:00,61192.5,61209.94921875,61176.55078125,61200.69921875,0
2026-02-20 06:10:00+00:00,61185.8515625,61216.3984375,61180.6015625,61192.05078125,0
2026-02-20 06:15:00+00:00,61168.30078125,61224.1015625,61151.55078125,61182.19921875,0
2026-02-20 06:20:00+00:00,61164.19921875,61206.1484375,61146.8515625,61165.6015625,0
2026-02-20 06:25:00+00:00,61195.80078125,61215.8984375,61160.5,61167.3984375,0
2026-02-20 06:30:00+00:00,61185.94921875,61211.75,61161.1484375,61199.30078125,0
2026-02-20 06:35:00+00:00,61171.94921875,61188.8515625,61161.8984375,61187.30078125,0
2026-02-20 06:40:00+00:00,61176.55078125,61183.80078125,61165.25,61174.05078125,0
2026-02-20 06:45:00+00:00,61273.94921875,61284.55078125,61176.3515625,61178.05078125,0
2026-02-20 06:50:00+00:00,61328.25,61344.5,61271.44921875,61279.80078125,0
2026-02-20 06:55:00+00:00,61328.25,61360.5,61319.19921875,61329.80078125,0
2026-02-20 07:00:00+00:00,61301.5,61348.94921875,61296.75,61332.19921875,0
2026-02-20 07:05:00+00:00,61308.80078125,61330.1015625,61298.6015625,61302.94921875,0
2026-02-20 07:10:00+00:00,61233.55078125,61316.3515625,61229.1015625,61310.75,0
2026-02-20 07:15:00+00:00,61210.6484375,61254.75,61171.19921875,61231.1484375,0
2026-02-20 07:20:00+00:00,61208.75,61217.69921875,61188.75,61208.6484375,0
2026-02-20 07:25:00+00:00,61133.1484375,61212.25,61097.1015625,61211.3984375,0
2026-02-20 07:30:00+00:00,61125.30078125,61164.8515625,61115.6484375,61129.3515625,0
2026-02-20 07:35:00+00:00,61034.0,61125.30078125,61032.69921875,61124.55078125,0
2026-02-20 07:40:00+00:00,61030.30078125,61046.1484375,60961.25,61034.6484375,0
2026-02-20 07:45:00+00:00,61052.69921875,61057.05078125,60987.30078125,61029.55078125,0
2026-02-20 07:50:00+00:00,61073.0,61082.69921875,61010.44921875,61047.6484375,0
2026-02-20 07:55:00+00:00,61144.0,61158.75,61045.6015625,61077.1484375,0
2026-02-20 08:00:00+00:00,61193.19921875,61193.19921875,61129.1484375,61149.3515625,0
2026-02-20 08:05:00+00:00,61164.25,61231.0,61150.6015625,61193.1484375,0
2026-02-20 08:10:00+00:00,61160.1015625,61188.05078125,61109.6484375,61164.0,0
2026-02-20 08:15:00+00:00,61184.30078125,61202.25,61154.05078125,61165.8515625,0
2026-02-20 08:20:00+00:00,61158.3984375,61195.1015625,61158.3984375,61185.30078125,0
2026-02-20 08:25:00+00:00,61247.05078125,61248.5,61156.19921875,61165.1015625,0
2026-02-20 08:30:00+00:00,61233.30078125,61263.3984375,61228.94921875,61249.19921875,0
2026-02-20 08:35:00+00:00,61243.94921875,61259.6484375,61189.6015625,61229.6015625,0
2026-02-20 08:40:00+00:00,61245.44921875,61257.1015625,61216.8515625,61245.3984375,0
2026-02-20 08:45:00+00:00,61269.69921875,61287.69921875,61243.55078125,61248.1484375,0
2026-02-20 08:50:00+00:00,61219.80078125,61268.80078125,61210.5,61268.80078125,0
2026-02-20 08:55:00+00:00,61168.6484375,61227.1015625,61165.8515625,61216.80078125,0
2026-02-20 09:00:00+00:00,61194.0,61202.94921875,61165.8984375,61176.94921875,0
2026-02-20 09:05:00+00:00,61216.1015625,61246.30078125,61189.25,61193.55078125,0
2026-02-20 09:10:00+00:00,61232.8515625,61261.1015625,61195.8515625,61216.94921875,0
2026-02-20 09:15:00+00:00,61312.44921875,61320.6484375,61233.69921875,61234.75,0
2026-02-20 09:20:00+00:00,61276.05078125,61314.69921875,61228.6015625,61314.69921875,0
2026-02-20 09:25:00+00:00,61301.8984375,61302.8515625,61268.55078125,61276.94921875,0
2026-02-20 09:30:00+00:00,61217.1015625,61317.05078125,61209.3984375,61308.80078125,0
2026-02-20 09:35:00+00:00,61181.1015625,61219.55078125,61144.1015625,61215.19921875,0
2026-02-20 09:40:00+00:00,61176.3515625,61188.44921875,61136.1484375,61187.1484375,0
2026-02-20 09:45:00+00:00,61135.80078125,61183.19921875,61127.6484375,61176.1484375,0
2026-02-20 09:50:00+00:00,61180.44921875,61184.6015625,61096.1484375,61133.3984375,0
2026-02-20 09:55:00+00:00,61140.3515625,61204.44921875,61128.55078125,61182.5,0
2026-02-23 03:45:00+00:00,61244.44921875,61264.6484375,61071.8515625,61152.19921875,0
2026-02-23 03:50:00+00:00,61412.1015625,61415.3984375,61240.05078125,61240.05078125,0
2026-02-23 03:55:00+00:00,61481.05078125,61494.94921875,61386.25,61412.25,0
2026-02-23 04:00:00+00:00,61280.05078125,61516.19921875,61277.6015625,61482.3515625,0
2026-02-23 04:05:00+00:00,61292.6484375,61369.3984375,61279.05078125,61279.3515625,0
2026-02-23 04:10:00+00:00,61241.8515625,61303.0,61238.6015625,61291.5,0
2026-02-23 04:15:00+00:00,61265.80078125,61294.94921875,61161.1015625,61244.94921875,0
2026-02-23 04:20:00+00:00,61222.1015625,61304.30078125,61195.44921875,61274.69921875,0
2026-02-23 04:25:00+00:00,61273.80078125,61290.05078125,61210.3515625,61223.8984375,0
2026-02-23 04:30:00+00:00,61286.69921875,61337.25,61249.80078125,61275.94921875,0
2026-02-23 04:35:00+00:00,61264.8984375,61307.44921875,61264.6484375,61289.19921875,0
2026-02-23 04:40:00+00:00,61300.3984375,61313.69921875,61237.55078125,61266.05078125,0
2026-02-23 04:45:00+00:00,61357.8984375,61360.75,61287.94921875,61301.3984375,0
2026-02-23 04:50:00+00:00,61308.94921875,61358.44921875,61305.8984375,61358.44921875,0
2026-02-23 04:55:00+00:00,61279.0,61312.69921875,61253.75,61309.0,0
2026-02-23 05:00:00+00:00,61274.8515625,61287.3984375,61255.0,61280.0,0
2026-02-23 05:05:00+00:00,61224.30078125,61284.05078125,61203.55078125,61274.94921875,0
2026-02-23 05:10:00+00:00,61168.3984375,61250.6484375,61165.75,61223.19921875,0
2026-02-23 05:15:00+00:00,61140.80078125,61185.19921875,61116.1484375,61168.8515625,0
2026-02-23 05:20:00+00:00,61214.25,61226.44921875,61142.5,61142.5,0
2026-02-23 05:25:00+00:00,61231.55078125,61252.69921875,61199.6015625,61214.25,0
2026-02-23 05:30:00+00:00,61237.1015625,61256.05078125,61226.19921875,61231.6484375,0
2026-02-23 05:35:00+00:00,61269.30078125,61271.55078125,61175.75,61234.3984375,0
2026-02-23 05:40:00+00:00,61284.1015625,61294.3515625,61222.05078125,61264.80078125,0
2026-02-23 05:45:00+00:00,61225.3515625,61287.5,61223.6484375,61278.25,0
2026-02-23 05:50:00+00:00,61200.3515625,61232.8984375,61196.8515625,61227.25,0
2026-02-23 05:55:00+00:00,61211.80078125,61220.1484375,61170.80078125,61194.8515625,0
2026-02-23 06:00:00+00:00,61201.30078125,61216.1015625,61189.19921875,61210.69921875,0
2026-02-23 06:05:00+00:00,61193.3515625,61219.05078125,61187.3984375,61198.75,0
2026-02-23 06:10:00+00:00,61183.25,61201.3515625,61164.75,61195.94921875,0
2026-02-23 06:15:00+00:00,61139.30078125,61202.19921875,61101.6484375,61183.05078125,0
2026-02-23 06:20:00+00:00,61164.8984375,61193.3515625,61102.25,61139.3515625,0
2026-02-23 06:25:00+00:00,61154.1015625,61192.3515625,61142.19921875,61166.69921875,0
2026-02-23 06:30:00+00:00,61169.19921875,61171.8515625,61134.6015625,61156.6015625,0
2026-02-23 06:35:00+00:00,61174.8515625,61210.1015625,61157.25,61169.94921875,0
2026-02-23 06:40:00+00:00,61152.6015625,61175.75,61136.3984375,61175.55078125,0
2026-02-23 06:45:00+00:00,61160.75,61192.5,61144.69921875,61152.69921875,0
2026-02-23 06:50:00+00:00,61133.1015625,61174.3984375,61125.6484375,61161.8984375,0
2026-02-23 06:55:00+00:00,61093.3984375,61137.8984375,61093.3984375,61132.94921875,0
2026-02-23 07:00:00+00:00,61085.55078125,61094.75,61053.1015625,61089.80078125,0
2026-02-23 07:05:00+00:00,61100.69921875,61120.44921875,61084.3515625,61089.55078125,0
2026-02-23 07:10:00+00:00,61180.1484375,61180.1484375,61098.75,61098.75,0
2026-02-23 07:15:00+00:00,61121.8984375,61208.8984375,61119.80078125,61181.1484375,0
2026-02-23 07:20:00+00:00,61150.3984375,61159.44921875,61090.55078125,61122.25,0
2026-02-23 07:25:00+00:00,61089.5,61148.1484375,61089.19921875,61143.5,0
2026-02-23 07:30:00+00:00,61092.19921875,61115.1015625,61080.6015625,61086.8984375,0
2026-02-23 07:35:00+00:00,61133.3984375,61154.44921875,61093.0,61093.0,0
2026-02-23 07:40:00+00:00,61075.8984375,61151.75,61075.8984375,61136.1484375,0
2026-02-23 07:45:00+00:00,61086.5,61107.1015625,61029.6484375,61080.19921875,0
2026-02-23 07:50:00+00:00,61125.25,61139.25,61080.30078125,61090.1015625,0
2026-02-23 07:55:00+00:00,61144.8984375,61152.75,61103.69921875,61124.5,0
2026-02-23 08:00:00+00:00,61108.3984375,61194.55078125,61108.1015625,61144.8515625,0
2026-02-23 08:05:00+00:00,61106.8984375,61129.19921875,61095.0,61111.94921875,0
2026-02-23 08:10:00+00:00,61149.1015625,61152.30078125,61072.5,61114.1484375,0
2026-02-23 08:15:00+00:00,61112.5,61155.80078125,61112.5,61147.6484375,0
2026-02-23 08:20:00+00:00,61119.1484375,61132.8984375,61101.19921875,61116.5,0
2026-02-23 08:25:00+00:00,61106.8515625,61128.69921875,61104.69921875,61119.0,0
2026-02-23 08:30:00+00:00,61087.55078125,61131.1015625,61048.6015625,61108.8984375,0
2026-02-23 08:35:00+00:00,61076.5,61121.6484375,61073.55078125,61087.94921875,0
2026-02-23 08:40:00+00:00,61081.80078125,61087.19921875,61044.1015625,61075.8984375,0
2026-02-23 08:45:00+00:00,61095.3515625,61122.30078125,61060.75,61078.8984375,0
2026-02-23 08:50:00+00:00,61109.19921875,61119.94921875,61075.80078125,61094.69921875,0
2026-02-23 08:55:00+00:00,61167.44921875,61167.44921875,61080.25,61104.8984375,0
2026-02-23 09:00:00+00:00,61209.55078125,61279.1484375,61150.19921875,61163.8984375,0
2026-02-23 09:05:00+00:00,61177.6015625,61226.75,61162.1015625,61206.69921875,0
2026-02-23 09:10:00+00:00,61161.6484375,61182.1015625,61137.94921875,61177.75,0
2026-02-23 09:15:00+00:00,61217.8984375,61222.30078125,61158.05078125,61165.6015625,0
2026-02-23 09:20:00+00:00,61202.1015625,61221.19921875,61191.0,61221.19921875,0
2026-02-23 09:25:00+00:00,61184.8984375,61208.0,61175.30078125,61205.55078125,0
2026-02-23 09:30:00+00:00,61256.6484375,61272.05078125,61192.6015625,61192.6015625,0
2026-02-23 09:35:00+00:00,61249.75,61291.3515625,61239.44921875,61259.30078125,0
2026-02-23 09:40:00+00:00,61268.75,61287.05078125,61243.8515625,61248.1484375,0
2026-02-23 09:45:00+00:00,61275.75,61299.30078125,61266.1484375,61269.25,0
2026-02-23 09:50:00+00:00,61289.5,61290.44921875,61256.69921875,61277.19921875,0
2026-02-23 09:55:00+00:00,61275.0,61305.8515625,61242.5,61289.30078125,0
2026-02-24 03:45:00+00:00,61183.6484375,61308.25,61129.6015625,61288.6484375,0
2026-02-24 03:50:00+00:00,61181.5,61212.44921875,61142.5,61187.6015625,0
2026-02-24 03:55:00+00:00,61210.44921875,61253.19921875,61171.44921875,61180.1484375,0
2026-02-24 04:00:00+00:00,61187.3984375,61230.19921875,61169.30078125,61211.3515625,0
2026-02-24 04:05:00+00:00,61193.6484375,61222.30078125,61165.25,61193.75,0
2026-02-24 04:10:00+00:00,61212.30078125,61220.69921875,61169.05078125,61190.8984375,0
2026-02-24 04:15:00+00:00,61300.80078125,61337.1015625,61211.1484375,61212.8984375,0
2026-02-24 04:20:00+00:00,61281.8515625,61304.19921875,61219.44921875,61300.3984375,0
2026-02-24 04:25:00+00:00,61269.1015625,61294.94921875,61252.25,61284.30078125,0
2026-02-24 04:30:00+00:00,61265.80078125,61309.8515625,61241.8984375,61269.5,0
2026-02-24 04:35:00+00:00,61251.6015625,61307.8984375,61247.19921875,61264.5,0
2026-02-24 04:40:00+00:00,61211.19921875,61257.3515625,61206.44921875,61249.69921875,0
2026-02-24 04:45:00+00:00,61255.8515625,61261.05078125,61188.3515625,61204.8515625,0
2026-02-24 04:50:00+00:00,61237.25,61281.55078125,61218.80078125,61256.1484375,0
2026-02-24 04:55:00+00:00,61277.75,61292.05078125,61213.5,61234.19921875,0
2026-02-24 05:00:00+00:00,61278.5,61316.8515625,61269.1015625,61276.8515625,0
2026-02-24 05:05:00+00:00,61286.55078125,61293.30078125,61258.69921875,61278.30078125,0
2026-02-24 05:10:00+00:00,61261.1484375,61300.1015625,61254.5,61288.1484375,0
2026-02-24 05:15:00+00:00,61217.6484375,61268.8515625,61203.05078125,61266.44921875,0
2026-02-24 05:20:00+00:00,61187.3515625,61236.3515625,61175.3515625,61222.8984375,0
2026-02-24 05:25:00+00:00,61182.3515625,61220.6484375,61176.6484375,61188.0,0
2026-02-24 05:30:00+00:00,61200.80078125,61211.80078125,61182.69921875,61187.0,0
2026-02-24 05:35:00+00:00,61238.3515625,61255.19921875,61184.8515625,61204.30078125,0
2026-02-24 05:40:00+00:00,61286.44921875,61297.44921875,61238.3515625,61243.05078125,0
2026-02-24 05:45:00+00:00,61316.8515625,61332.94921875,61262.25,61288.6484375,0
2026-02-24 05:50:00+00:00,61353.8515625,61378.05078125,61313.8984375,61317.1015625,0
2026-02-24 05:55:00+00:00,61375.25,61395.8515625,61347.3515625,61355.94921875,0
2026-02-24 06:00:00+00:00,61370.1484375,61410.80078125,61363.0,61371.0,0
2026-02-24 06:05:00+00:00,61421.55078125,61430.55078125,61352.25,61369.8515625,0
2026-02-24 06:10:00+00:00,61329.6015625,61434.30078125,61325.5,61423.69921875,0
2026-02-24 06:15:00+00:00,61286.80078125,61329.25,61262.3515625,61325.19921875,0
2026-02-24 06:20:00+00:00,61236.69921875,61288.3515625,61234.3984375,61288.3515625,0
2026-02-24 06:25:00+00:00,61204.5,61254.69921875,61204.5,61234.5,0
2026-02-24 06:30:00+00:00,61212.3515625,61225.44921875,61184.44921875,61209.05078125,0
2026-02-24 06:35:00+00:00,61228.3984375,61257.30078125,61209.3984375,61213.80078125,0
2026-02-24 06:40:00+00:00,61222.69921875,61236.1015625,61193.1015625,61231.05078125,0
2026-02-24 06:45:00+00:00,61154.69921875,61225.44921875,61145.6484375,61225.3515625,0
2026-02-24 06:50:00+00:00,61081.0,61162.19921875,61075.94921875,61159.44921875,0
2026-02-24 06:55:00+00:00,61086.3984375,61102.3515625,61055.5,61085.75,0
2026-02-24 07:00:00+00:00,61043.1484375,61093.8984375,61024.1015625,61090.6015625,0
2026-02-24 07:05:00+00:00,61068.55078125,61085.30078125,61032.55078125,61046.69921875,0
2026-02-24 07:10:00+00:00,61015.3984375,61074.6484375,61009.8984375,61070.75,0
2026-02-24 07:15:00+00:00,60941.69921875,61025.1484375,60926.0,61017.1484375,0
2026-02-24 07:20:00+00:00,60963.6015625,60972.1015625,60929.69921875,60944.30078125,0
2026-02-24 07:25:00+00:00,60956.19921875,60986.8984375,60929.3984375,60963.8984375,0
2026-02-24 07:30:00+00:00,61019.6015625,61024.6015625,60938.05078125,60957.19921875,0
2026-02-24 07:35:00+00:00,61005.1015625,61020.1015625,60983.1484375,61018.05078125,0
2026-02-24 07:40:00+00:00,61047.05078125,61076.69921875,60995.94921875,61005.94921875,0
2026-02-24 07:45:00+00:00,61007.8984375,61048.55078125,60989.25,61047.1484375,0
2026-02-24 07:50:00+00:00,60961.55078125,61008.69921875,60960.3515625,61004.94921875,0
2026-02-24 07:55:00+00:00,60931.8515625,60999.1484375,60928.8515625,60963.3984375,0
2026-02-24 08:00:00+00:00,60839.69921875,60933.5,60834.1484375,60930.44921875,0
2026-02-24 08:05:00+00:00,60928.25,60936.55078125,60803.55078125,60840.44921875,0
2026-02-24 08:10:00+00:00,60924.3515625,60939.0,60889.44921875,60929.30078125,0
2026-02-24 08:15:00+00:00,60908.55078125,60943.1484375,60893.8515625,60925.3984375,0
2026-02-24 08:20:00+00:00,60934.1484375,60940.94921875,60898.94921875,60908.30078125,0
2026-02-24 08:25:00+00:00,61039.6484375,61046.25,60931.69921875,60934.8984375,0
2026-02-24 08:30:00+00:00,60963.8515625,61044.8984375,60953.80078125,61043.05078125,0
2026-02-24 08:35:00+00:00,61028.44921875,61031.0,60947.1484375,60966.75,0
2026-02-24 08:40:00+00:00,61118.8515625,61120.1015625,61013.94921875,61029.30078125,0
2026-02-24 08:45:00+00:00,61116.25,61152.44921875,61093.8984375,61118.80078125,0
2026-02-24 08:50:00+00:00,61052.44921875,61156.6484375,61013.94921875,61117.6484375,0
2026-02-24 08:55:00+00:00,61054.94921875,61120.05078125,61040.75,61056.5,0
2026-02-24 09:00:00+00:00,61039.25,61087.75,61011.3515625,61049.69921875,0
2026-02-24 09:05:00+00:00,61062.6015625,61076.8515625,61028.94921875,61035.30078125,0
2026-02-24 09:10:00+00:00,60981.80078125,61072.44921875,60980.6015625,61063.05078125,0
2026-02-24 09:15:00+00:00,61013.1484375,61029.8515625,60939.1015625,60981.80078125,0
2026-02-24 09:20:00+00:00,61082.19921875,61106.30078125,61013.1015625,61013.1015625,0
2026-02-24 09:25:00+00:00,61093.0,61109.6015625,61067.05078125,61079.69921875,0
2026-02-24 09:30:00+00:00,61032.94921875,61134.69921875,61009.55078125,61096.30078125,0
2026-02-24 09:35:00+00:00,61036.8984375,61074.8984375,61016.69921875,61035.3984375,0
2026-02-24 09:40:00+00:00,61024.44921875,61060.69921875,61003.05078125,61028.69921875,0
2026-02-24 09:45:00+00:00,61045.3984375,61060.3515625,61018.44921875,61025.5,0
2026-02-24 09:50:00+00:00,61049.69921875,61058.8515625,61020.94921875,61047.1484375,0
2026-02-24 09:55:00+00:00,61072.44921875,61117.6484375,61035.8515625,61048.30078125,0
2026-02-25 03:45:00+00:00,61215.5,61282.8984375,61145.5,61167.05078125,0
2026-02-25 03:50:00+00:00,61247.75,61289.69921875,61207.75,61216.80078125,0
2026-02-25 03:55:00+00:00,61240.25,61304.5,61236.19921875,61250.1484375,0
2026-02-25 04:00:00+00:00,61248.55078125,61264.69921875,61228.30078125,61244.3984375,0
2026-02-25 04:05:00+00:00,61262.8984375,61317.1015625,61238.0,61249.75,0
2026-02-25 04:10:00+00:00,61206.5,61267.1484375,61204.55078125,61264.6484375,0
2026-02-25 04:15:00+00:00,61191.44921875,61245.69921875,61183.55078125,61213.30078125,0
2026-02-25 04:20:00+00:00,61189.75,61233.80078125,61166.8515625,61192.1015625,0
2026-02-25 04:25:00+00:00,61199.30078125,61222.19921875,61186.1484375,61189.6015625,0
2026-02-25 04:30:00+00:00,61233.75,61237.1015625,61185.55078125,61199.55078125,0
2026-02-25 04:35:00+00:00,61241.30078125,61275.0,61234.80078125,61236.94921875,0
2026-02-25 04:40:00+00:00,61231.44921875,61246.75,61215.1484375,61241.1015625,0
2026-02-25 04:45:00+00:00,61256.8515625,61300.25,61228.6015625,61231.8515625,0
2026-02-25 04:50:00+00:00,61242.44921875,61264.1015625,61232.6484375,61259.1484375,0
2026-02-25 04:55:00+00:00,61223.25,61249.5,61217.80078125,61243.0,0
2026-02-25 05:00:00+00:00,61251.3984375,61275.30078125,61219.6015625,61221.44921875,0
2026-02-25 05:05:00+00:00,61234.0,61255.80078125,61205.30078125,61251.1015625,0
2026-02-25 05:10:00+00:00,61184.69921875,61241.69921875,61181.44921875,61234.0,0
2026-02-25 05:15:00+00:00,61109.19921875,61192.6484375,61084.44921875,61185.69921875,0
2026-02-25 05:20:00+00:00,61127.80078125,61154.75,61097.3984375,61109.1484375,0
2026-02-25 05:25:00+00:00,61131.6484375,61164.19921875,61110.3984375,61130.05078125,0
2026-02-25 05:30:00+00:00,61126.0,61164.25,61122.94921875,61139.1015625,0
2026-02-25 05:35:00+00:00,61133.3515625,61165.05078125,61121.8515625,61126.6484375,0
2026-02-25 05:40:00+00:00,61130.8984375,61143.25,61106.1484375,61134.44921875,0
2026-02-25 05:45:00+00:00,61107.55078125,61134.19921875,61091.19921875,61129.80078125,0
2026-02-25 05:50:00+00:00,61114.6015625,61122.75,61097.3984375,61108.80078125,0
2026-02-25 05:55:00+00:00,61155.1015625,61156.94921875,61108.44921875,61117.44921875,0
2026-02-25 06:00:00+00:00,61129.05078125,61160.1015625,61117.1484375,61157.05078125,0
2026-02-25 06:05:00+00:00,61111.8984375,61135.3984375,61100.94921875,61135.3984375,0
2026-02-25 06:10:00+00:00,61106.69921875,61114.75,61085.1484375,61112.94921875,0
2026-02-25 06:15:00+00:00,61143.69921875,61157.69921875,61110.1484375,61114.94921875,0
2026-02-25 06:20:00+00:00,61124.75,61156.25,61114.30078125,61147.3984375,0
2026-02-25 06:25:00+00:00,61087.8515625,61132.69921875,61071.6484375,61122.1484375,0
2026-02-25 06:30:00+00:00,61100.80078125,61108.6015625,61084.8515625,61088.94921875,0
2026-02-25 06:35:00+00:00,61109.3984375,61119.3515625,61085.30078125,61099.19921875,0
2026-02-25 06:40:00+00:00,61087.3515625,61112.44921875,61067.75,61111.1484375,0
2026-02-25 06:45:00+00:00,61139.3515625,61151.69921875,61083.6015625,61085.30078125,0
2026-02-25 06:50:00+00:00,61118.19921875,61143.25,61101.8984375,61139.1484375,0
2026-02-25 06:55:00+00:00,61103.8984375,61120.8984375,61094.80078125,61117.25,0
2026-02-25 07:00:00+00:00,61007.94921875,61117.25,61003.6484375,61102.8515625,0
2026-02-25 07:05:00+00:00,61000.75,61017.44921875,60941.80078125,61006.44921875,0
2026-02-25 07:10:00+00:00,60978.1484375,61008.3515625,60971.6484375,61002.19921875,0
2026-02-25 07:15:00+00:00,60902.44921875,60980.1484375,60902.30078125,60978.3515625,0
2026-02-25 07:20:00+00:00,60917.0,60949.8515625,60882.3515625,60895.6015625,0
2026-02-25 07:25:00+00:00,60901.25,60944.8984375,60889.05078125,60912.94921875,0
2026-02-25 07:30:00+00:00,60882.75,60903.3515625,60834.1484375,60900.5,0
2026-02-25 07:35:00+00:00,60897.5,60906.8984375,60843.19921875,60884.55078125,0
2026-02-25 07:40:00+00:00,60891.44921875,60937.3984375,60886.3515625,60901.3984375,0
2026-02-25 07:45:00+00:00,60932.19921875,60944.5,60879.30078125,60894.69921875,0
2026-02-25 07:50:00+00:00,60902.6015625,60952.80078125,60894.25,60933.25,0
2026-02-25 07:55:00+00:00,60922.8515625,60926.30078125,60849.8515625,60907.3515625,0
2026-02-25 08:00:00+00:00,60923.19921875,60977.44921875,60919.25,60926.94921875,0
2026-02-25 08:05:00+00:00,60894.94921875,60937.8515625,60885.94921875,60920.8984375,0
2026-02-25 08:10:00+00:00,60884.44921875,60907.05078125,60870.8515625,60897.25,0
2026-02-25 08:15:00+00:00,60890.75,60902.05078125,60849.3515625,60885.80078125,0
2026-02-25 08:20:00+00:00,60915.94921875,60917.8984375,60888.19921875,60890.3984375,0
2026-02-25 08:25:00+00:00,60945.1484375,60945.94921875,60901.69921875,60916.30078125,0
2026-02-25 08:30:00+00:00,60857.19921875,60944.80078125,60847.44921875,60942.8984375,0
2026-02-25 08:35:00+00:00,60828.8515625,60888.55078125,60817.6484375,60859.94921875,0
2026-02-25 08:40:00+00:00,60897.5,60908.30078125,60830.3984375,60832.1484375,0
2026-02-25 08:45:00+00:00,60997.6484375,61002.94921875,60890.8515625,60897.5,0
2026-02-25 08:50:00+00:00,60951.3515625,61020.3984375,60948.55078125,60996.8984375,0
2026-02-25 08:55:00+00:00,60889.80078125,60960.44921875,60886.6015625,60954.0,0
2026-02-25 09:00:00+00:00,60947.25,60958.6015625,60887.30078125,60887.30078125,0
2026-02-25 09:05:00+00:00,60952.1484375,60977.3984375,60947.05078125,60947.05078125,0
2026-02-25 09:10:00+00:00,60962.3515625,60963.8515625,60925.3515625,60952.6015625,0
2026-02-25 09:15:00+00:00,60938.3515625,60966.3984375,60933.6015625,60960.80078125,0
2026-02-25 09:20:00+00:00,60993.0,60993.0,60934.1484375,60937.0,0
2026-02-25 09:25:00+00:00,61022.8984375,61026.94921875,60975.44921875,60996.8984375,0
2026-02-25 09:30:00+00:00,61079.19921875,61103.75,61026.3984375,61026.3984375,0
2026-02-25 09:35:00+00:00,61027.19921875,61077.80078125,61016.3984375,61077.80078125,0
2026-02-25 09:40:00+00:00,61039.75,61052.6015625,61025.25,61027.8515625,0
2026-02-25 09:45:00+00:00,61036.3515625,61042.44921875,61008.75,61039.3984375,0
2026-02-25 09:50:00+00:00,61026.6015625,61038.0,61019.0,61033.6484375,0
2026-02-25 09:55:00+00:00,61012.3515625,61067.6015625,60997.1015625,61026.8515625,0
2026-02-26 03:45:00+00:00,61120.44921875,61216.5,61115.75,61174.6015625,0
2026-02-26 03:50:00+00:00,61103.5,61150.19921875,61063.05078125,61120.3984375,0
2026-02-26 03:55:00+00:00,61107.19921875,61136.6484375,61082.3984375,61106.25,0
2026-02-26 04:00:00+00:00,61152.6484375,61152.6484375,61079.8515625,61112.75,0
2026-02-26 04:05:00+00:00,61208.94921875,61213.05078125,61135.05078125,61151.69921875,0
2026-02-26 04:10:00+00:00,61206.05078125,61249.0,61196.44921875,61208.5,0
2026-02-26 04:15:00+00:00,61206.19921875,61222.6015625,61160.94921875,61210.8515625,0
2026-02-26 04:20:00+00:00,61120.0,61205.0,61120.0,61205.0,0
2026-02-26 04:25:00+00:00,61139.0,61160.80078125,61098.94921875,61127.19921875,0
2026-02-26 04:30:00+00:00,61160.55078125,61169.8984375,61133.8515625,61140.69921875,0
2026-02-26 04:35:00+00:00,61178.55078125,61202.44921875,61151.3515625,61159.6015625,0
2026-02-26 04:40:00+00:00,61159.30078125,61198.0,61149.25,61176.8515625,0
2026-02-26 04:45:00+00:00,61133.0,61170.3984375,61112.30078125,61160.0,0
2026-02-26 04:50:00+00:00,61082.1484375,61137.8984375,61079.6484375,61134.05078125,0
2026-02-26 04:55:00+00:00,61061.3984375,61117.80078125,61051.6015625,61085.75,0
2026-02-26 05:00:00+00:00,61065.94921875,61099.6015625,61053.3984375,61062.05078125,0
2026-02-26 05:05:00+00:00,61053.80078125,61085.6484375,61039.8515625,61073.3984375,0
2026-02-26 05:10:00+00:00,61094.55078125,61116.6015625,61039.55078125,61049.8515625,0
2026-02-26 05:15:00+00:00,61141.69921875,61147.69921875,61077.44921875,61096.8515625,0
2026-02-26 05:20:00+00:00,61128.5,61142.1015625,61110.1015625,61138.55078125,0
2026-02-26 05:25:00+00:00,61080.0,61137.75,61073.80078125,61131.30078125,0
2026-02-26 05:30:00+00:00,61069.75,61074.6015625,61027.6484375,61071.75,0
2026-02-26 05:35:00+00:00,61041.6484375,61071.6484375,61029.3515625,61069.69921875,0
2026-02-26 05:40:00+00:00,61088.75,61111.5,61038.8984375,61040.55078125,0
2026-02-26 05:45:00+00:00,61103.1015625,61109.1484375,61058.44921875,61091.6015625,0
2026-02-26 05:50:00+00:00,61092.6484375,61104.5,61072.6484375,61104.1015625,0
2026-02-26 05:55:00+00:00,61086.30078125,61146.6015625,61075.69921875,61094.1015625,0
2026-02-26 06:00:00+00:00,61072.55078125,61089.1484375,61049.3515625,61085.55078125,0
2026-02-26 06:05:00+00:00,61061.6484375,61092.5,61051.69921875,61072.0,0
2026-02-26 06:10:00+00:00,61023.19921875,61059.44921875,61001.3515625,61058.44921875,0
2026-02-26 06:15:00+00:00,61061.44921875,61098.3984375,60989.55078125,61021.25,0
2026-02-26 06:20:00+00:00,61044.75,61087.8984375,61025.80078125,61067.1015625,0
2026-02-26 06:25:00+00:00,60994.6015625,61049.3984375,60980.3515625,61043.05078125,0
2026-02-26 06:30:00+00:00,61021.30078125,61026.6484375,60975.6484375,60994.55078125,0
2026-02-26 06:35:00+00:00,60998.1484375,61031.30078125,60988.6015625,61022.3515625,0
2026-02-26 06:40:00+00:00,60957.3515625,61007.94921875,60955.6484375,61001.1484375,0
2026-02-26 06:45:00+00:00,60928.19921875,60985.0,60904.1015625,60966.19921875,0
2026-02-26 06:50:00+00:00,60898.19921875,60934.25,60813.8984375,60926.3984375,0
2026-02-26 06:55:00+00:00,60875.44921875,60925.6484375,60871.44921875,60897.1484375,0
2026-02-26 07:00:00+00:00,60878.69921875,60891.6015625,60845.75,60874.6484375,0
2026-02-26 07:05:00+00:00,60908.55078125,60923.25,60869.44921875,60876.8984375,0
2026-02-26 07:10:00+00:00,60948.6015625,60961.1484375,60897.6015625,60908.05078125,0
2026-02-26 07:15:00+00:00,60959.44921875,60959.44921875,60913.55078125,60946.80078125,0
2026-02-26 07:20:00+00:00,60896.25,60959.19921875,60879.44921875,60958.80078125,0
2026-02-26 07:25:00+00:00,60871.80078125,60896.55078125,60850.05078125,60896.0,0
2026-02-26 07:30:00+00:00,60921.25,60923.30078125,60866.3515625,60869.3515625,0
2026-02-26 07:35:00+00:00,60880.1015625,60924.19921875,60869.69921875,60922.6484375,0
2026-02-26 07:40:00+00:00,60888.80078125,60903.80078125,60860.0,60884.8984375,0
2026-02-26 07:45:00+00:00,60901.3515625,60903.6015625,60862.75,60889.5,0
2026-02-26 07:50:00+00:00,60943.0,60947.44921875,60884.69921875,60900.1484375,0
2026-02-26 07:55:00+00:00,60958.0,60989.19921875,60941.80078125,60943.44921875,0
2026-02-26 08:00:00+00:00,60924.55078125,60971.0,60920.30078125,60953.5,0
2026-02-26 08:05:00+00:00,60946.1484375,60967.1015625,60925.44921875,60926.55078125,0
2026-02-26 08:10:00+00:00,60956.80078125,60975.3984375,60944.0,60946.1015625,0
2026-02-26 08:15:00+00:00,60919.80078125,60978.6484375,60912.75,60960.30078125,0
2026-02-26 08:20:00+00:00,60947.6015625,60957.69921875,60912.5,60921.55078125,0
2026-02-26 08:25:00+00:00,60932.1015625,60960.80078125,60918.55078125,60947.6015625,0
2026-02-26 08:30:00+00:00,60909.0,60942.94921875,60890.6015625,60928.8984375,0
2026-02-26 08:35:00+00:00,60935.1484375,60936.3515625,60863.3984375,60905.1484375,0
2026-02-26 08:40:00+00:00,60958.1015625,60978.75,60922.8984375,60935.8515625,0
2026-02-26 08:45:00+00:00,60959.44921875,60985.75,60932.1015625,60964.25,0
2026-02-26 08:50:00+00:00,60945.05078125,60975.69921875,60937.25,60960.80078125,0
2026-02-26 08:55:00+00:00,60966.6015625,60981.1015625,60937.19921875,60944.6484375,0
2026-02-26 09:00:00+00:00,61038.30078125,61039.8984375,60938.8515625,60965.8515625,0
2026-02-26 09:05:00+00:00,61060.94921875,61067.75,61025.69921875,61038.19921875,0
2026-02-26 09:10:00+00:00,61141.5,61141.5,61047.6015625,61047.6015625,0
2026-02-26 09:15:00+00:00,61153.8515625,61195.3984375,61127.1015625,61141.69921875,0
2026-02-26 09:20:00+00:00,61168.25,61186.19921875,61140.30078125,61158.8984375,0
2026-02-26 09:25:00+00:00,61178.05078125,61196.25,61158.6484375,61168.25,0
2026-02-26 09:30:00+00:00,61149.30078125,61284.6484375,61130.55078125,61178.19921875,0
2026-02-26 09:35:00+00:00,61222.55078125,61235.8984375,61145.6484375,61145.6484375,0
2026-02-26 09:40:00+00:00,61187.30078125,61235.30078125,61150.6484375,61221.05078125,0
2026-02-26 09:45:00+00:00,61191.1484375,61219.94921875,61172.19921875,61190.05078125,0
2026-02-26 09:50:00+00:00,61180.44921875,61191.69921875,61166.1015625,61190.3515625,0
2026-02-26 09:55:00+00:00,61097.0,61178.0,61064.30078125,61177.44921875,0
2026-02-27 03:45:00+00:00,60936.1015625,61082.44921875,60856.55078125,61082.44921875,0
2026-02-27 03:50:00+00:00,60996.44921875,61043.3515625,60900.25,60937.05078125,0
2026-02-27 03:55:00+00:00,60899.69921875,61040.69921875,60896.05078125,61004.44921875,0
2026-02-27 04:00:00+00:00,60898.6015625,60935.8984375,60891.44921875,60896.75,0
2026-02-27 04:05:00+00:00,60927.19921875,60927.19921875,60840.6015625,60898.05078125,0
2026-02-27 04:10:00+00:00,60849.6484375,60928.8984375,60842.6015625,60927.94921875,0
2026-02-27 04:15:00+00:00,60828.80078125,60845.75,60810.3984375,60835.3984375,0
2026-02-27 04:20:00+00:00,60753.05078125,60828.05078125,60749.05078125,60828.05078125,0
2026-02-27 04:25:00+00:00,60713.80078125,60792.94921875,60713.80078125,60754.6484375,0
2026-02-27 04:30:00+00:00,60720.30078125,60739.30078125,60691.6484375,60715.8515625,0
2026-02-27 04:35:00+00:00,60721.8515625,60759.44921875,60686.75,60725.55078125,0
2026-02-27 04:40:00+00:00,60717.44921875,60741.8515625,60709.44921875,60722.44921875,0
2026-02-27 04:45:00+00:00,60678.94921875,60718.30078125,60665.0,60714.05078125,0
2026-02-27 04:50:00+00:00,60732.1015625,60759.44921875,60676.69921875,60678.75,0
2026-02-27 04:55:00+00:00,60771.1015625,60775.30078125,60716.3984375,60730.3515625,0
2026-02-27 05:00:00+00:00,60786.69921875,60806.30078125,60768.8515625,60770.94921875,0
2026-02-27 05:05:00+00:00,60783.05078125,60838.0,60772.6484375,60789.3984375,0
2026-02-27 05:10:00+00:00,60737.30078125,60788.19921875,60733.6015625,60786.80078125,0
2026-02-27 05:15:00+00:00,60752.55078125,60764.80078125,60717.69921875,60739.3984375,0
2026-02-27 05:20:00+00:00,60720.80078125,60763.44921875,60705.8515625,60754.05078125,0
2026-02-27 05:25:00+00:00,60700.0,60736.05078125,60697.6484375,60722.1015625,0
2026-02-27 05:30:00+00:00,60740.44921875,60742.30078125,60693.05078125,60699.0,0
2026-02-27 05:35:00+00:00,60760.8515625,60764.94921875,60721.8984375,60741.6015625,0
2026-02-27 05:40:00+00:00,60773.0,60774.94921875,60742.1484375,60760.80078125,0
2026-02-27 05:45:00+00:00,60757.0,60790.0,60732.94921875,60776.69921875,0
2026-02-27 05:50:00+00:00,60735.25,60764.3984375,60722.05078125,60762.1015625,0
2026-02-27 05:55:00+00:00,60703.8984375,60741.5,60690.3515625,60738.8515625,0
2026-02-27 06:00:00+00:00,60649.8515625,60706.55078125,60648.75,60706.55078125,0
2026-02-27 06:05:00+00:00,60675.94921875,60678.1015625,60635.0,60650.8515625,0
2026-02-27 06:10:00+00:00,60696.5,60703.5,60666.1484375,60677.44921875,0
2026-02-27 06:15:00+00:00,60707.69921875,60724.5,60695.80078125,60696.55078125,0
2026-02-27 06:20:00+00:00,60739.55078125,60758.6484375,60695.80078125,60708.1484375,0
2026-02-27 06:25:00+00:00,60730.1015625,60750.30078125,60711.25,60737.0,0
2026-02-27 06:30:00+00:00,60766.5,60818.0,60728.8984375,60730.3984375,0
2026-02-27 06:35:00+00:00,60747.0,60783.3984375,60730.30078125,60765.3515625,0
2026-02-27 06:40:00+00:00,60719.1484375,60756.6484375,60716.3984375,60749.3515625,0
2026-02-27 06:45:00+00:00,60717.44921875,60728.55078125,60702.6484375,60716.94921875,0
2026-02-27 06:50:00+00:00,60680.1484375,60750.80078125,60675.6015625,60719.6015625,0
2026-02-27 06:55:00+00:00,60741.94921875,60765.94921875,60682.30078125,60682.30078125,0
2026-02-27 07:00:00+00:00,60741.1015625,60776.30078125,60736.6484375,60742.25,0
2026-02-27 07:05:00+00:00,60724.80078125,60757.6484375,60723.6015625,60740.30078125,0
2026-02-27 07:10:00+00:00,60704.8515625,60726.55078125,60696.25,60722.3515625,0
2026-02-27 07:15:00+00:00,60718.6015625,60751.94921875,60690.05078125,60708.5,0
2026-02-27 07:20:00+00:00,60722.1015625,60754.25,60718.5,60718.5,0
2026-02-27 07:25:00+00:00,60711.3515625,60729.1484375,60700.75,60723.3515625,0
2026-02-27 07:30:00+00:00,60705.8515625,60728.6015625,60693.8515625,60712.0,0
2026-02-27 07:35:00+00:00,60751.6015625,60770.44921875,60705.3984375,60706.25,0
2026-02-27 07:40:00+00:00,60715.6484375,60754.0,60710.6484375,60752.25,0
2026-02-27 07:45:00+00:00,60681.8515625,60724.75,60681.8515625,60715.6484375,0
2026-02-27 07:50:00+00:00,60703.6015625,60714.30078125,60680.8984375,60681.3515625,0
2026-02-27 07:55:00+00:00,60712.75,60745.1484375,60704.05078125,60704.05078125,0
2026-02-27 08:00:00+00:00,60670.69921875,60711.5,60670.69921875,60710.25,0
2026-02-27 08:05:00+00:00,60683.0,60705.6484375,60661.5,60670.44921875,0
2026-02-27 08:10:00+00:00,60723.0,60743.19921875,60680.30078125,60683.5,0
2026-02-27 08:15:00+00:00,60800.8984375,60800.8984375,60724.05078125,60724.05078125,0
2026-02-27 08:20:00+00:00,60771.6484375,60801.3984375,60757.3515625,60800.6484375,0
2026-02-27 08:25:00+00:00,60841.5,60846.8984375,60769.80078125,60773.69921875,0
2026-02-27 08:30:00+00:00,60807.44921875,60864.69921875,60785.19921875,60839.19921875,0
2026-02-27 08:35:00+00:00,60814.8515625,60827.05078125,60779.8515625,60808.19921875,0
2026-02-27 08:40:00+00:00,60780.55078125,60828.80078125,60771.55078125,60815.30078125,0
2026-02-27 08:45:00+00:00,60794.55078125,60806.3515625,60777.8515625,60777.8515625,0
2026-02-27 08:50:00+00:00,60793.1015625,60811.25,60779.25,60796.19921875,0
2026-02-27 08:55:00+00:00,60739.5,60798.30078125,60735.25,60793.30078125,0
2026-02-27 09:00:00+00:00,60734.25,60771.55078125,60720.6015625,60739.05078125,0
2026-02-27 09:05:00+00:00,60770.1484375,60780.8515625,60732.8984375,60736.05078125,0
2026-02-27 09:10:00+00:00,60764.1015625,60789.8515625,60756.05078125,60770.80078125,0
2026-02-27 09:15:00+00:00,60809.25,60809.25,60759.1484375,60765.3984375,0
2026-02-27 09:20:00+00:00,60782.6015625,60820.3515625,60765.8984375,60808.0,0
2026-02-27 09:25:00+00:00,60799.55078125,60812.0,60764.6015625,60782.8515625,0
2026-02-27 09:30:00+00:00,60561.55078125,60791.44921875,60551.75,60791.44921875,0
2026-02-27 09:35:00+00:00,60544.6015625,60581.19921875,60440.19921875,60564.69921875,0
2026-02-27 09:40:00+00:00,60526.1015625,60604.3984375,60495.30078125,60539.6484375,0
2026-02-27 09:45:00+00:00,60496.25,60558.6015625,60489.75,60526.0,0
2026-02-27 09:50:00+00:00,60471.1015625,60535.8515625,60456.3984375,60496.3984375,0
2026-02-27 09:55:00+00:00,60482.44921875,60504.80078125,60446.30078125,60469.55078125,0
2026-03-02 03:45:00+00:00,60061.3515625,60075.69921875,59341.8515625,59341.8515625,0
2026-03-02 03:50:00+00:00,60051.0,60164.1015625,60023.30078125,60057.3984375,0
2026-03-02 03:55:00+00:00,60105.6484375,60152.19921875,60006.1484375,60051.3515625,0
2026-03-02 04:00:00+00:00,60153.5,60176.8515625,60092.3515625,60104.19921875,0
2026-03-02 04:05:00+00:00,60113.44921875,60163.8515625,60097.3984375,60151.25,0
2026-03-02 04:10:00+00:00,60111.80078125,60154.3515625,60071.8984375,60111.6484375,0
2026-03-02 04:15:00+00:00,60048.80078125,60122.05078125,60037.0,60115.1015625,0
2026-03-02 04:20:00+00:00,59960.94921875,60053.75,59960.94921875,60047.80078125,0
2026-03-02 04:25:00+00:00,60029.3515625,60058.30078125,59959.69921875,59959.69921875,0
2026-03-02 04:30:00+00:00,59947.19921875,60037.8984375,59944.55078125,60027.94921875,0
2026-03-02 04:35:00+00:00,59884.1015625,59956.8515625,59867.8515625,59949.0,0
2026-03-02 04:40:00+00:00,59907.19921875,59913.1484375,59853.1015625,59883.55078125,0
2026-03-02 04:45:00+00:00,59841.80078125,59922.80078125,59822.3984375,59906.3515625,0
2026-03-02 04:50:00+00:00,59820.75,59854.94921875,59814.94921875,59843.80078125,0
2026-03-02 04:55:00+00:00,59824.19921875,59859.94921875,59809.3984375,59820.8984375,0
2026-03-02 05:00:00+00:00,59861.3515625,59879.30078125,59809.1015625,59819.69921875,0
2026-03-02 05:05:00+00:00,59791.8515625,59875.80078125,59784.69921875,59859.25,0
2026-03-02 05:10:00+00:00,59740.69921875,59800.3515625,59736.80078125,59791.05078125,0
2026-03-02 05:15:00+00:00,59745.94921875,59791.30078125,59736.0,59736.0,0
2026-03-02 05:20:00+00:00,59731.69921875,59779.25,59723.75,59742.1015625,0
2026-03-02 05:25:00+00:00,59818.19921875,59834.30078125,59723.3515625,59731.5,0
2026-03-02 05:30:00+00:00,59860.25,59884.1484375,59804.55078125,59815.6484375,0
2026-03-02 05:35:00+00:00,59838.6015625,59881.1015625,59813.75,59859.0,0
2026-03-02 05:40:00+00:00,59836.25,59851.1484375,59809.05078125,59838.30078125,0
2026-03-02 05:45:00+00:00,59827.44921875,59871.75,59826.75,59839.8515625,0
2026-03-02 05:50:00+00:00,59829.25,59842.05078125,59805.05078125,59824.75,0
2026-03-02 05:55:00+00:00,59806.6015625,59853.1484375,59801.05078125,59826.1484375,0
2026-03-02 06:00:00+00:00,59848.8515625,59859.8984375,59797.55078125,59806.1484375,0
2026-03-02 06:05:00+00:00,59857.6015625,59864.3984375,59829.69921875,59852.3984375,0
2026-03-02 06:10:00+00:00,59854.6015625,59867.94921875,59832.1015625,59857.8984375,0
2026-03-02 06:15:00+00:00,59821.8984375,59887.0,59804.6484375,59854.30078125,0
2026-03-02 06:20:00+00:00,59802.05078125,59829.44921875,59780.69921875,59822.44921875,0
2026-03-02 06:25:00+00:00,59766.0,59801.8515625,59759.55078125,59800.0,0
2026-03-02 06:30:00+00:00,59749.5,59773.1015625,59725.05078125,59764.75,0
2026-03-02 06:35:00+00:00,59762.55078125,59781.1484375,59730.05078125,59752.44921875,0
2026-03-02 06:40:00+00:00,59723.6484375,59791.5,59721.30078125,59756.19921875,0
2026-03-02 06:45:00+00:00,59678.30078125,59739.8984375,59666.1484375,59719.6015625,0
2026-03-02 06:50:00+00:00,59727.75,59735.75,59670.0,59677.94921875,0
2026-03-02 06:55:00+00:00,59761.05078125,59786.19921875,59723.25,59728.25,0
2026-03-02 07:00:00+00:00,59747.8515625,59761.25,59723.8984375,59759.30078125,0
2026-03-02 07:05:00+00:00,59660.30078125,59762.6484375,59648.44921875,59746.94921875,0
2026-03-02 07:10:00+00:00,59635.19921875,59695.05078125,59630.6484375,59664.94921875,0
2026-03-02 07:15:00+00:00,59636.3984375,59678.6484375,59594.94921875,59635.19921875,0
2026-03-02 07:20:00+00:00,59690.0,59719.80078125,59630.1015625,59634.94921875,0
2026-03-02 07:25:00+00:00,59665.55078125,59705.3984375,59655.3984375,59686.55078125,0
2026-03-02 07:30:00+00:00,59660.75,59696.94921875,59654.69921875,59673.1015625,0
2026-03-02 07:35:00+00:00,59629.3984375,59672.8984375,59629.3984375,59660.55078125,0
2026-03-02 07:40:00+00:00,59628.6015625,59653.6015625,59619.69921875,59630.80078125,0
2026-03-02 07:45:00+00:00,59618.55078125,59655.0,59605.55078125,59625.8515625,0
2026-03-02 07:50:00+00:00,59596.1484375,59624.5,59590.8984375,59617.3984375,0
2026-03-02 07:55:00+00:00,59587.1015625,59605.1484375,59569.75,59596.1015625,0
2026-03-02 08:00:00+00:00,59540.30078125,59597.1015625,59537.25,59587.25,0
2026-03-02 08:05:00+00:00,59548.80078125,59577.30078125,59526.80078125,59540.8515625,0
2026-03-02 08:10:00+00:00,59544.05078125,59551.94921875,59503.6015625,59549.25,0
2026-03-02 08:15:00+00:00,59510.5,59561.3515625,59507.1484375,59545.0,0
2026-03-02 08:20:00+00:00,59447.80078125,59518.30078125,59439.30078125,59508.1484375,0
2026-03-02 08:25:00+00:00,59382.05078125,59449.6484375,59368.1484375,59448.44921875,0
2026-03-02 08:30:00+00:00,59590.0,59685.3984375,59345.30078125,59381.69921875,0
2026-03-02 08:35:00+00:00,59668.19921875,59764.5,59580.8984375,59586.69921875,0
2026-03-02 08:40:00+00:00,59723.25,59747.19921875,59662.80078125,59668.0,0
2026-03-02 08:45:00+00:00,59693.25,59749.19921875,59668.1015625,59724.80078125,0
2026-03-02 08:50:00+00:00,59712.19921875,59729.94921875,59662.1484375,59695.3515625,0
2026-03-02 08:55:00+00:00,59636.3515625,59718.0,59623.30078125,59711.69921875,0
2026-03-02 09:00:00+00:00,59716.1484375,59716.1484375,59615.5,59638.94921875,0
2026-03-02 09:05:00+00:00,59785.6484375,59807.3515625,59717.19921875,59718.55078125,0
2026-03-02 09:10:00+00:00,59826.19921875,59870.30078125,59785.1484375,59787.94921875,0
2026-03-02 09:15:00+00:00,59852.80078125,59888.19921875,59747.30078125,59826.55078125,0
2026-03-02 09:20:00+00:00,59853.05078125,59870.8515625,59809.1015625,59852.6015625,0
2026-03-02 09:25:00+00:00,59764.1015625,59870.5,59747.8515625,59852.3515625,0
2026-03-02 09:30:00+00:00,59807.6015625,59833.3515625,59709.75,59769.80078125,0
2026-03-02 09:35:00+00:00,59787.6484375,59840.75,59725.30078125,59806.19921875,0
2026-03-02 09:40:00+00:00,59907.19921875,59909.69921875,59764.94921875,59793.80078125,0
2026-03-02 09:45:00+00:00,59944.80078125,59953.44921875,59853.5,59906.8515625,0
2026-03-02 09:50:00+00:00,59903.69921875,59956.69921875,59883.44921875,59940.94921875,0
2026-03-02 09:55:00+00:00,59856.05078125,59943.3984375,59838.69921875,59903.55078125,0
2026-03-04 03:45:00+00:00,58870.1484375,58996.94921875,58415.3515625,58511.8984375,0
2026-03-04 03:50:00+00:00,58767.05078125,58882.3984375,58763.0,58876.80078125,0
2026-03-04 03:55:00+00:00,58756.3515625,58795.8984375,58699.1484375,58770.69921875,0
2026-03-04 04:00:00+00:00,58695.3984375,58821.94921875,58694.6484375,58751.75,0
2026-03-04 04:05:00+00:00,58707.05078125,58769.44921875,58655.1484375,58695.5,0
2026-03-04 04:10:00+00:00,58747.8515625,58758.80078125,58692.69921875,58705.8515625,0
2026-03-04 04:15:00+00:00,58582.3515625,58752.19921875,58571.1484375,58747.94921875,0
2026-03-04 04:20:00+00:00,58581.3984375,58641.1484375,58576.8984375,58580.30078125,0
2026-03-04 04:25:00+00:00,58550.19921875,58586.3984375,58542.3515625,58582.6484375,0
2026-03-04 04:30:00+00:00,58607.19921875,58632.19921875,58508.6015625,58545.80078125,0
2026-03-04 04:35:00+00:00,58645.0,58649.5,58562.8515625,58613.3515625,0
2026-03-04 04:40:00+00:00,58717.44921875,58726.0,58591.80078125,58646.8984375,0
2026-03-04 04:45:00+00:00,58672.30078125,58724.5,58631.55078125,58720.30078125,0
2026-03-04 04:50:00+00:00,58703.30078125,58753.8984375,58655.75,58673.69921875,0
2026-03-04 04:55:00+00:00,58651.69921875,58723.6484375,58641.19921875,58702.5,0
2026-03-04 05:00:00+00:00,58629.80078125,58670.55078125,58611.30078125,58652.3984375,0
2026-03-04 05:05:00+00:00,58588.69921875,58635.94921875,58573.55078125,58625.30078125,0
2026-03-04 05:10:00+00:00,58589.69921875,58597.8515625,58537.19921875,58589.8515625,0
2026-03-04 05:15:00+00:00,58576.1484375,58633.6484375,58563.75,58589.69921875,0
2026-03-04 05:20:00+00:00,58537.75,58580.80078125,58533.1015625,58579.3515625,0
2026-03-04 05:25:00+00:00,58484.55078125,58538.3984375,58452.94921875,58538.3984375,0
2026-03-04 05:30:00+00:00,58605.3515625,58631.94921875,58496.1015625,58508.75,0
2026-03-04 05:35:00+00:00,58663.05078125,58665.3515625,58582.6484375,58605.6484375,0
2026-03-04 05:40:00+00:00,58633.3984375,58686.55078125,58625.69921875,58663.44921875,0
2026-03-04 05:45:00+00:00,58593.6484375,58641.3515625,58588.80078125,58636.25,0
2026-03-04 05:50:00+00:00,58567.94921875,58628.44921875,58563.19921875,58592.44921875,0
2026-03-04 05:55:00+00:00,58512.05078125,58568.6015625,58509.1015625,58565.69921875,0
2026-03-04 06:00:00+00:00,58521.3984375,58523.75,58484.8984375,58513.25,0
2026-03-04 06:05:00+00:00,58558.25,58576.94921875,58517.8984375,58520.6015625,0
2026-03-04 06:10:00+00:00,58523.0,58559.6015625,58514.5,58557.6484375,0
2026-03-04 06:15:00+00:00,58546.25,58554.25,58509.8515625,58521.6015625,0
2026-03-04 06:20:00+00:00,58517.5,58560.3515625,58512.69921875,58545.80078125,0
2026-03-04 06:25:00+00:00,58520.55078125,58535.8984375,58506.5,58518.8515625,0
2026-03-04 06:30:00+00:00,58541.44921875,58547.19921875,58521.1015625,58526.44921875,0
2026-03-04 06:35:00+00:00,58522.75,58546.19921875,58509.80078125,58543.3984375,0
2026-03-04 06:40:00+00:00,58482.0,58528.8984375,58479.25,58525.19921875,0
2026-03-04 06:45:00+00:00,58472.25,58501.19921875,58468.25,58484.6484375,0
2026-03-04 06:50:00+00:00,58527.6015625,58532.75,58473.75,58477.55078125,0
2026-03-04 06:55:00+00:00,58520.05078125,58557.8984375,58512.5,58529.6484375,0
2026-03-04 07:00:00+00:00,58548.94921875,58555.44921875,58519.6015625,58520.80078125,0
2026-03-04 07:05:00+00:00,58551.3984375,58585.5,58535.55078125,58548.19921875,0
2026-03-04 07:10:00+00:00,58536.75,58557.5,58525.44921875,58554.1484375,0
2026-03-04 07:15:00+00:00,58526.44921875,58551.6484375,58511.94921875,58534.69921875,0
2026-03-04 07:20:00+00:00,58532.6015625,58546.6484375,58520.3515625,58528.19921875,0
2026-03-04 07:25:00+00:00,58589.8984375,58603.3515625,58531.8984375,58534.30078125,0
2026-03-04 07:30:00+00:00,58607.6484375,58620.0,58588.5,58589.30078125,0
2026-03-04 07:35:00+00:00,58654.6484375,58656.55078125,58585.3984375,58604.55078125,0
2026-03-04 07:40:00+00:00,58739.3984375,58754.0,58647.1484375,58653.1015625,0
2026-03-04 07:45:00+00:00,58667.3984375,58752.94921875,58662.3515625,58737.3515625,0
2026-03-04 07:50:00+00:00,58714.05078125,58718.0,58639.8515625,58665.69921875,0
2026-03-04 07:55:00+00:00,58694.6484375,58756.1015625,58691.30078125,58712.19921875,0
2026-03-04 08:00:00+00:00,58636.94921875,58711.19921875,58633.0,58691.55078125,0
2026-03-04 08:05:00+00:00,58662.05078125,58664.8984375,58609.0,58632.44921875,0
2026-03-04 08:10:00+00:00,58708.1484375,58710.25,58629.6015625,58663.94921875,0
2026-03-04 08:15:00+00:00,58662.0,58710.6015625,58646.55078125,58709.19921875,0
2026-03-04 08:20:00+00:00,58631.75,58667.6015625,58622.3515625,58661.75,0
2026-03-04 08:25:00+00:00,58669.3515625,58676.80078125,58622.5,58633.44921875,0
2026-03-04 08:30:00+00:00,58699.30078125,58719.25,58669.55078125,58672.0,0
2026-03-04 08:35:00+00:00,58818.80078125,58829.69921875,58661.6015625,58701.1015625,0
2026-03-04 08:40:00+00:00,58965.44921875,58971.19921875,58788.0,58824.6484375,0
2026-03-04 08:45:00+00:00,58987.0,59032.1484375,58965.80078125,58965.80078125,0
2026-03-04 08:50:00+00:00,58893.3984375,58989.3984375,58891.80078125,58985.80078125,0
2026-03-04 08:55:00+00:00,58874.5,58915.75,58834.6015625,58895.94921875,0
2026-03-04 09:00:00+00:00,58883.8984375,58926.1015625,58829.55078125,58874.1484375,0
2026-03-04 09:05:00+00:00,58876.3515625,58902.8984375,58853.94921875,58884.0,0
2026-03-04 09:10:00+00:00,58974.3515625,58988.8515625,58877.19921875,58880.19921875,0
2026-03-04 09:15:00+00:00,59016.19921875,59056.80078125,58896.25,58973.80078125,0
2026-03-04 09:20:00+00:00,58997.19921875,59026.5,58985.75,59015.8515625,0
2026-03-04 09:25:00+00:00,58965.94921875,59033.80078125,58938.69921875,58994.8984375,0
2026-03-04 09:30:00+00:00,58832.8515625,58978.8515625,58831.05078125,58969.44921875,0
2026-03-04 09:35:00+00:00,58713.0,58848.8984375,58711.69921875,58833.75,0
2026-03-04 09:40:00+00:00,58723.94921875,58735.94921875,58679.1015625,58709.69921875,0
2026-03-04 09:45:00+00:00,58672.0,58735.1015625,58666.75,58723.44921875,0
2026-03-04 09:50:00+00:00,58760.0,58768.75,58657.6015625,58674.69921875,0
2026-03-04 09:55:00+00:00,58759.6484375,58777.0,58714.6484375,58757.94921875,0
2026-03-05 03:45:00+00:00,58955.80078125,59024.94921875,58815.6484375,58994.8515625,0
2026-03-05 03:50:00+00:00,59030.8515625,59037.1484375,58930.0,58960.8515625,0
2026-03-05 03:55:00+00:00,58927.05078125,59088.25,58914.94921875,59036.30078125,0
2026-03-05 04:00:00+00:00,58927.25,58980.44921875,58901.69921875,58942.6015625,0
2026-03-05 04:05:00+00:00,58895.19921875,58935.19921875,58879.3515625,58932.6484375,0
2026-03-05 04:10:00+00:00,58997.6484375,59005.3515625,58850.25,58894.1015625,0
2026-03-05 04:15:00+00:00,59025.6015625,59046.1015625,58979.25,59008.05078125,0
2026-03-05 04:20:00+00:00,59008.0,59029.19921875,58956.6015625,59023.80078125,0
2026-03-05 04:25:00+00:00,58888.80078125,59011.69921875,58884.25,59008.05078125,0
2026-03-05 04:30:00+00:00,58889.0,58947.1015625,58882.1484375,58888.75,0
2026-03-05 04:35:00+00:00,58981.3984375,58981.3984375,58883.69921875,58888.1484375,0
2026-03-05 04:40:00+00:00,58957.25,58993.6484375,58954.5,58981.3984375,0
2026-03-05 04:45:00+00:00,58947.80078125,58992.8515625,58944.6015625,58954.8515625,0
2026-03-05 04:50:00+00:00,58912.1484375,58954.25,58897.6484375,58950.94921875,0
2026-03-05 04:55:00+00:00,58919.3984375,58925.3984375,58846.1015625,58918.1484375,0
2026-03-05 05:00:00+00:00,58886.75,58953.55078125,58872.44921875,58921.8515625,0
2026-03-05 05:05:00+00:00,58964.19921875,58969.5,58853.30078125,58883.25,0
2026-03-05 05:10:00+00:00,58988.80078125,59002.0,58935.1484375,58962.30078125,0
2026-03-05 05:15:00+00:00,58929.25,58991.6015625,58926.05078125,58987.94921875,0
2026-03-05 05:20:00+00:00,58925.75,58945.30078125,58905.6015625,58925.0,0
2026-03-05 05:25:00+00:00,58992.55078125,59004.80078125,58924.30078125,58927.80078125,0
2026-03-05 05:30:00+00:00,59044.6484375,59052.05078125,58992.0,58994.8984375,0
2026-03-05 05:35:00+00:00,59112.30078125,59126.3984375,59032.6484375,59050.1015625,0
2026-03-05 05:40:00+00:00,59093.05078125,59140.1484375,59080.3515625,59111.8984375,0
2026-03-05 05:45:00+00:00,59111.8984375,59120.1484375,59063.3984375,59087.8515625,0
2026-03-05 05:50:00+00:00,59054.80078125,59114.8984375,59043.05078125,59114.8984375,0
2026-03-05 05:55:00+00:00,58976.69921875,59062.80078125,58965.8984375,59057.80078125,0
2026-03-05 06:00:00+00:00,58918.25,58975.8984375,58866.1484375,58975.8984375,0
2026-03-05 06:05:00+00:00,58902.8515625,58919.94921875,58852.94921875,58919.94921875,0
2026-03-05 06:10:00+00:00,58862.8984375,58908.8515625,58854.19921875,58900.80078125,0
2026-03-05 06:15:00+00:00,58752.44921875,58864.19921875,58752.0,58864.19921875,0
2026-03-05 06:20:00+00:00,58773.1484375,58773.1484375,58695.8984375,58756.94921875,0
2026-03-05 06:25:00+00:00,58724.0,58790.69921875,58687.8984375,58776.05078125,0
2026-03-05 06:30:00+00:00,58748.05078125,58762.0,58710.05078125,58725.75,0
2026-03-05 06:35:00+00:00,58736.5,58775.94921875,58709.25,58761.6484375,0
2026-03-05 06:40:00+00:00,58781.0,58810.6015625,58732.6484375,58744.05078125,0
2026-03-05 06:45:00+00:00,58746.44921875,58781.3984375,58716.94921875,58781.3984375,0
2026-03-05 06:50:00+00:00,58797.3984375,58835.1484375,58740.8515625,58746.30078125,0
2026-03-05 06:55:00+00:00,58854.69921875,58865.44921875,58777.6484375,58796.55078125,0
2026-03-05 07:00:00+00:00,58853.8515625,58908.55078125,58851.55078125,58854.1015625,0
2026-03-05 07:05:00+00:00,58837.1484375,58857.19921875,58801.8984375,58852.8984375,0
2026-03-05 07:10:00+00:00,58812.94921875,58847.19921875,58793.5,58837.8515625,0
2026-03-05 07:15:00+00:00,58808.80078125,58816.5,58748.19921875,58812.8984375,0
2026-03-05 07:20:00+00:00,58905.3984375,58909.6015625,58786.3515625,58811.1484375,0
2026-03-05 07:25:00+00:00,58859.8984375,58915.0,58851.05078125,58909.05078125,0
2026-03-05 07:30:00+00:00,58818.0,58888.94921875,58817.30078125,58860.0,0
2026-03-05 07:35:00+00:00,58849.44921875,58855.6015625,58812.25,58814.8984375,0
2026-03-05 07:40:00+00:00,58850.94921875,58885.5,58836.44921875,58853.75,0
2026-03-05 07:45:00+00:00,58811.19921875,58855.8984375,58804.44921875,58854.25,0
2026-03-05 07:50:00+00:00,58852.3984375,58866.30078125,58792.44921875,58814.25,0
2026-03-05 07:55:00+00:00,58884.69921875,58890.1015625,58815.3984375,58852.55078125,0
2026-03-05 08:00:00+00:00,58764.6484375,58897.05078125,58734.0,58885.25,0
2026-03-05 08:05:00+00:00,58689.19921875,58769.1015625,58686.0,58766.5,0
2026-03-05 08:10:00+00:00,58686.1484375,58721.3984375,58664.44921875,58695.1484375,0
2026-03-05 08:15:00+00:00,58693.25,58727.6015625,58666.3984375,58686.05078125,0
2026-03-05 08:20:00+00:00,58589.05078125,58697.6484375,58562.25,58696.8515625,0
2026-03-05 08:25:00+00:00,58587.30078125,58604.80078125,58552.0,58586.94921875,0
2026-03-05 08:30:00+00:00,58627.69921875,58643.80078125,58569.3984375,58581.0,0
2026-03-05 08:35:00+00:00,58572.69921875,58639.6015625,58572.69921875,58626.05078125,0
2026-03-05 08:40:00+00:00,58559.5,58588.44921875,58544.8984375,58570.05078125,0
2026-03-05 08:45:00+00:00,58512.6015625,58596.05078125,58511.44921875,58561.3984375,0
2026-03-05 08:50:00+00:00,58683.19921875,58698.8984375,58506.3984375,58512.6015625,0
2026-03-05 08:55:00+00:00,58734.25,58767.05078125,58629.3984375,58683.19921875,0
2026-03-05 09:00:00+00:00,58586.44921875,58734.94921875,58570.80078125,58734.8515625,0
2026-03-05 09:05:00+00:00,58777.8515625,58789.8515625,58572.05078125,58584.30078125,0
2026-03-05 09:10:00+00:00,58878.75,58961.1484375,58772.1015625,58778.6015625,0
2026-03-05 09:15:00+00:00,58962.8984375,58963.6484375,58846.19921875,58875.8515625,0
2026-03-05 09:20:00+00:00,59202.75,59231.69921875,58955.44921875,58961.75,0
2026-03-05 09:25:00+00:00,59257.69921875,59269.80078125,59139.3984375,59200.5,0
2026-03-05 09:30:00+00:00,59159.1015625,59265.5,59096.3984375,59259.05078125,0
2026-03-05 09:35:00+00:00,59068.05078125,59164.44921875,59060.6484375,59163.94921875,0
2026-03-05 09:40:00+00:00,58926.55078125,59089.1015625,58917.0,59074.44921875,0
2026-03-05 09:45:00+00:00,58926.8515625,59040.25,58922.19921875,58930.69921875,0
2026-03-05 09:50:00+00:00,58916.25,58949.1484375,58885.1015625,58929.69921875,0
2026-03-05 09:55:00+00:00,58970.25,59000.8984375,58911.80078125,58918.5,0
2026-03-06 03:45:00+00:00,58534.6484375,58650.05078125,58527.80078125,58650.05078125,0
2026-03-06 03:50:00+00:00,58527.94921875,58568.3984375,58497.19921875,58528.30078125,0
2026-03-06 03:55:00+00:00,58571.44921875,58575.80078125,58515.1015625,58528.25,0
2026-03-06 04:00:00+00:00,58502.1015625,58614.05078125,58499.8984375,58570.1484375,0
2026-03-06 04:05:00+00:00,58508.19921875,58570.8515625,58457.5,58504.25,0
2026-03-06 04:10:00+00:00,58605.55078125,58607.80078125,58487.3515625,58508.80078125,0
2026-03-06 04:15:00+00:00,58574.6015625,58666.80078125,58566.1484375,58602.8984375,0
2026-03-06 04:20:00+00:00,58517.94921875,58598.1015625,58516.8984375,58572.6015625,0
2026-03-06 04:25:00+00:00,58496.0,58542.05078125,58487.3515625,58517.75,0
2026-03-06 04:30:00+00:00,58446.05078125,58518.19921875,58414.6484375,58495.25,0
2026-03-06 04:35:00+00:00,58480.3984375,58506.6484375,58407.5,58448.5,0
2026-03-06 04:40:00+00:00,58445.6484375,58491.3984375,58445.30078125,58480.25,0
2026-03-06 04:45:00+00:00,58467.55078125,58480.8984375,58430.5,58441.55078125,0
2026-03-06 04:50:00+00:00,58442.19921875,58469.94921875,58424.44921875,58469.94921875,0
2026-03-06 04:55:00+00:00,58405.6015625,58467.44921875,58384.0,58442.8984375,0
2026-03-06 05:00:00+00:00,58361.69921875,58410.05078125,58358.1015625,58404.0,0
2026-03-06 05:05:00+00:00,58402.80078125,58426.0,58336.25,58361.3984375,0
2026-03-06 05:10:00+00:00,58413.25,58427.0,58380.55078125,58405.44921875,0
2026-03-06 05:15:00+00:00,58347.55078125,58431.25,58346.3515625,58413.69921875,0
2026-03-06 05:20:00+00:00,58387.8984375,58422.19921875,58334.30078125,58347.69921875,0
2026-03-06 05:25:00+00:00,58372.3984375,58389.80078125,58363.94921875,58389.30078125,0
2026-03-06 05:30:00+00:00,58425.0,58431.25,58353.6484375,58380.3984375,0
2026-03-06 05:35:00+00:00,58429.69921875,58468.69921875,58416.75,58425.1484375,0
2026-03-06 05:40:00+00:00,58368.75,58435.30078125,58350.69921875,58433.3984375,0
2026-03-06 05:45:00+00:00,58340.1484375,58378.6484375,58304.19921875,58369.1484375,0
2026-03-06 05:50:00+00:00,58340.44921875,58386.8984375,58334.30078125,58340.69921875,0
2026-03-06 05:55:00+00:00,58353.3515625,58358.5,58326.5,58349.44921875,0
2026-03-06 06:00:00+00:00,58377.44921875,58377.6484375,58329.80078125,58350.25,0
2026-03-06 06:05:00+00:00,58411.05078125,58418.8515625,58370.30078125,58374.55078125,0
2026-03-06 06:10:00+00:00,58375.3984375,58456.1015625,58371.25,58411.5,0
2026-03-06 06:15:00+00:00,58392.1015625,58406.1484375,58366.1484375,58376.8984375,0
2026-03-06 06:20:00+00:00,58352.1484375,58391.80078125,58340.05078125,58390.1015625,0
2026-03-06 06:25:00+00:00,58337.8984375,58370.55078125,58333.30078125,58351.19921875,0
2026-03-06 06:30:00+00:00,58294.30078125,58337.6015625,58291.8984375,58337.3984375,0
2026-03-06 06:35:00+00:00,58366.5,58374.30078125,58290.1484375,58295.3515625,0
2026-03-06 06:40:00+00:00,58331.75,58382.44921875,58331.75,58364.0,0
2026-03-06 06:45:00+00:00,58341.44921875,58364.19921875,58325.6484375,58336.05078125,0
2026-03-06 06:50:00+00:00,58342.3984375,58347.8984375,58313.8515625,58342.1484375,0
2026-03-06 06:55:00+00:00,58237.80078125,58348.5,58237.25,58344.44921875,0
2026-03-06 07:00:00+00:00,58265.8984375,58281.8984375,58239.05078125,58239.1484375,0
2026-03-06 07:05:00+00:00,58255.55078125,58275.3984375,58252.05078125,58267.75,0
2026-03-06 07:10:00+00:00,58303.8515625,58317.80078125,58240.94921875,58257.05078125,0
2026-03-06 07:15:00+00:00,58303.0,58319.05078125,58272.6484375,58304.1015625,0
2026-03-06 07:20:00+00:00,58279.94921875,58321.3984375,58275.1484375,58305.30078125,0
2026-03-06 07:25:00+00:00,58296.30078125,58307.1015625,58261.0,58278.3984375,0
2026-03-06 07:30:00+00:00,58281.69921875,58322.8515625,58251.44921875,58296.19921875,0
2026-03-06 07:35:00+00:00,58248.80078125,58281.25,58242.94921875,58280.3515625,0
2026-03-06 07:40:00+00:00,58264.8515625,58277.8515625,58247.3984375,58250.94921875,0
2026-03-06 07:45:00+00:00,58256.3984375,58269.80078125,58249.94921875,58262.94921875,0
2026-03-06 07:50:00+00:00,58297.3515625,58322.5,58246.44921875,58257.5,0
2026-03-06 07:55:00+00:00,58279.19921875,58300.80078125,58266.05078125,58289.3984375,0
2026-03-06 08:00:00+00:00,58246.75,58298.6015625,58230.8515625,58279.1484375,0
2026-03-06 08:05:00+00:00,58282.55078125,58346.75,58225.69921875,58247.94921875,0
2026-03-06 08:10:00+00:00,58260.1015625,58305.8515625,58256.25,58283.8984375,0
2026-03-06 08:15:00+00:00,58244.5,58263.80078125,58211.8515625,58262.0,0
2026-03-06 08:20:00+00:00,58237.30078125,58286.1015625,58225.19921875,58240.8984375,0
2026-03-06 08:25:00+00:00,58201.5,58236.94921875,58195.6484375,58233.30078125,0
2026-03-06 08:30:00+00:00,58193.3515625,58238.05078125,58158.6484375,58202.3515625,0
2026-03-06 08:35:00+00:00,58239.94921875,58244.30078125,58168.1015625,58189.6484375,0
2026-03-06 08:40:00+00:00,58240.0,58287.8984375,58234.3984375,58236.05078125,0
2026-03-06 08:45:00+00:00,58277.8984375,58291.25,58237.6484375,58241.25,0
2026-03-06 08:50:00+00:00,58282.6484375,58287.30078125,58259.55078125,58280.94921875,0
2026-03-06 08:55:00+00:00,58231.8515625,58295.3984375,58221.1484375,58286.1015625,0
2026-03-06 09:00:00+00:00,58212.1015625,58245.80078125,58203.44921875,58230.8984375,0
2026-03-06 09:05:00+00:00,58145.3515625,58213.05078125,58140.1484375,58209.30078125,0
2026-03-06 09:10:00+00:00,58068.5,58144.44921875,58053.55078125,58143.75,0
2026-03-06 09:15:00+00:00,57958.5,58134.44921875,57876.94921875,58067.69921875,0
2026-03-06 09:20:00+00:00,58008.44921875,58065.75,57944.5,57956.30078125,0
2026-03-06 09:25:00+00:00,57930.8984375,58013.3515625,57930.8984375,58009.25,0
2026-03-06 09:30:00+00:00,57872.19921875,57947.75,57861.25,57932.19921875,0
2026-03-06 09:35:00+00:00,57838.3515625,57873.3984375,57799.30078125,57872.44921875,0
2026-03-06 09:40:00+00:00,57750.94921875,57852.3515625,57730.55078125,57839.1484375,0
2026-03-06 09:45:00+00:00,57727.55078125,57759.55078125,57700.1015625,57747.55078125,0
2026-03-06 09:50:00+00:00,57759.75,57796.30078125,57726.30078125,57726.30078125,0
2026-03-06 09:55:00+00:00,57782.3984375,57798.80078125,57728.55078125,57757.5,0
2026-03-09 03:45:00+00:00,55608.94921875,56258.6484375,55522.5,56075.55078125,0
2026-03-09 03:50:00+00:00,55407.8984375,55639.30078125,55403.8515625,55605.25,0
2026-03-09 03:55:00+00:00,55409.30078125,55418.75,55277.1484375,55406.1484375,0
2026-03-09 04:00:00+00:00,55531.1015625,55627.75,55401.94921875,55410.25,0
2026-03-09 04:05:00+00:00,55536.94921875,55559.25,55478.69921875,55528.30078125,0
2026-03-09 04:10:00+00:00,55376.3515625,55551.44921875,55376.3515625,55537.44921875,0
2026-03-09 04:15:00+00:00,55444.1484375,55480.69921875,55276.6015625,55372.55078125,0
2026-03-09 04:20:00+00:00,55456.3984375,55503.25,55383.5,55440.3984375,0
2026-03-09 04:25:00+00:00,55432.30078125,55475.25,55425.6015625,55450.19921875,0
2026-03-09 04:30:00+00:00,55367.80078125,55464.30078125,55323.69921875,55432.19921875,0
2026-03-09 04:35:00+00:00,55524.19921875,55530.1015625,55363.19921875,55373.1484375,0
2026-03-09 04:40:00+00:00,55522.3984375,55586.80078125,55502.1015625,55525.05078125,0
2026-03-09 04:45:00+00:00,55410.55078125,55518.05078125,55386.75,55518.05078125,0
2026-03-09 04:50:00+00:00,55418.55078125,55490.55078125,55394.5,55405.3984375,0
2026-03-09 04:55:00+00:00,55414.0,55430.75,55346.8515625,55416.8515625,0
2026-03-09 05:00:00+00:00,55280.1015625,55424.8515625,55279.1484375,55414.44921875,0
2026-03-09 05:05:00+00:00,55353.94921875,55432.3515625,55276.3984375,55284.6484375,0
2026-03-09 05:10:00+00:00,55366.8515625,55384.1015625,55307.19921875,55351.80078125,0
2026-03-09 05:15:00+00:00,55318.3515625,55367.55078125,55301.94921875,55364.44921875,0
2026-03-09 05:20:00+00:00,55685.1015625,55732.1484375,55299.75,55315.80078125,0
2026-03-09 05:25:00+00:00,55772.69921875,55832.1484375,55636.25,55679.3515625,0
2026-03-09 05:30:00+00:00,55724.0,55805.55078125,55671.69921875,55788.1015625,0
2026-03-09 05:35:00+00:00,55637.25,55739.3515625,55632.05078125,55719.44921875,0
2026-03-09 05:40:00+00:00,55601.69921875,55646.25,55499.0,55636.3984375,0
2026-03-09 05:45:00+00:00,55669.6015625,55675.3515625,55543.6015625,55607.0,0
2026-03-09 05:50:00+00:00,55732.05078125,55792.80078125,55667.3984375,55670.1015625,0
2026-03-09 05:55:00+00:00,55822.25,55847.19921875,55698.0,55731.25,0
2026-03-09 06:00:00+00:00,55834.55078125,55901.6015625,55790.8515625,55821.30078125,0
2026-03-09 06:05:00+00:00,55865.19921875,55877.8515625,55812.6015625,55831.75,0
2026-03-09 06:10:00+00:00,55826.3984375,55952.75,55820.19921875,55863.3984375,0
2026-03-09 06:15:00+00:00,55762.05078125,55845.0,55737.8984375,55825.6484375,0
2026-03-09 06:20:00+00:00,55775.80078125,55785.55078125,55737.80078125,55763.55078125,0
2026-03-09 06:25:00+00:00,55746.5,55787.55078125,55734.44921875,55778.55078125,0
2026-03-09 06:30:00+00:00,55730.94921875,55751.69921875,55671.69921875,55748.75,0
2026-03-09 06:35:00+00:00,55663.75,55742.44921875,55663.6015625,55729.1015625,0
2026-03-09 06:40:00+00:00,55687.8515625,55737.44921875,55635.1015625,55661.75,0
2026-03-09 06:45:00+00:00,55668.94921875,55739.1015625,55663.25,55686.6484375,0
2026-03-09 06:50:00+00:00,55694.69921875,55694.69921875,55629.1015625,55671.8984375,0
2026-03-09 06:55:00+00:00,55690.6484375,55706.80078125,55666.8984375,55693.55078125,0
2026-03-09 07:00:00+00:00,55646.44921875,55726.94921875,55646.44921875,55692.80078125,0
2026-03-09 07:05:00+00:00,55731.1015625,55743.6484375,55627.8515625,55645.69921875,0
2026-03-09 07:10:00+00:00,55739.44921875,55774.05078125,55684.69921875,55726.44921875,0
2026-03-09 07:15:00+00:00,55676.1484375,55769.25,55660.8515625,55738.3515625,0
2026-03-09 07:20:00+00:00,55756.0,55757.25,55670.80078125,55672.6484375,0
2026-03-09 07:25:00+00:00,55808.44921875,55821.8515625,55710.55078125,55754.3984375,0
2026-03-09 07:30:00+00:00,55818.80078125,55837.25,55752.8984375,55805.8984375,0
2026-03-09 07:35:00+00:00,55753.19921875,55826.05078125,55743.25,55813.6015625,0
2026-03-09 07:40:00+00:00,55690.6484375,55756.44921875,55653.69921875,55754.44921875,0
2026-03-09 07:45:00+00:00,55684.80078125,55717.94921875,55642.19921875,55689.19921875,0
2026-03-09 07:50:00+00:00,55682.55078125,55781.19921875,55670.30078125,55687.1015625,0
2026-03-09 07:55:00+00:00,55722.94921875,55792.05078125,55661.8515625,55676.19921875,0
2026-03-09 08:00:00+00:00,55836.3984375,55894.8984375,55723.05078125,55723.05078125,0
2026-03-09 08:05:00+00:00,55834.6484375,55854.55078125,55781.8515625,55835.3515625,0
2026-03-09 08:10:00+00:00,55828.94921875,55861.8984375,55803.75,55834.44921875,0
2026-03-09 08:15:00+00:00,55748.3984375,55828.6484375,55742.80078125,55824.1484375,0
2026-03-09 08:20:00+00:00,55771.55078125,55797.19921875,55738.05078125,55750.55078125,0
2026-03-09 08:25:00+00:00,55700.6484375,55793.80078125,55694.94921875,55771.8515625,0
2026-03-09 08:30:00+00:00,55684.3984375,55712.75,55644.94921875,55701.75,0
2026-03-09 08:35:00+00:00,55690.44921875,55714.5,55652.69921875,55684.94921875,0
2026-03-09 08:40:00+00:00,55647.6484375,55718.55078125,55642.1015625,55688.30078125,0
2026-03-09 08:45:00+00:00,55624.19921875,55669.55078125,55601.44921875,55662.0,0
2026-03-09 08:50:00+00:00,55692.69921875,55710.6015625,55596.1484375,55618.8984375,0
2026-03-09 08:55:00+00:00,55704.1484375,55752.0,55681.6484375,55692.6484375,0
2026-03-09 09:00:00+00:00,55689.3515625,55753.5,55678.6015625,55701.5,0
2026-03-09 09:05:00+00:00,55748.6484375,55752.69921875,55653.8984375,55685.5,0
2026-03-09 09:10:00+00:00,55792.69921875,55838.94921875,55714.8515625,55747.8515625,0
2026-03-09 09:15:00+00:00,55884.19921875,55971.75,55767.0,55791.75,0
2026-03-09 09:20:00+00:00,55952.44921875,55955.55078125,55846.05078125,55891.55078125,0
2026-03-09 09:25:00+00:00,55929.6484375,55971.8984375,55893.1484375,55953.1015625,0
2026-03-09 09:30:00+00:00,56009.19921875,56028.69921875,55858.3515625,55936.25,0
2026-03-09 09:35:00+00:00,55993.3984375,56063.94921875,55963.8515625,56012.1015625,0
2026-03-09 09:40:00+00:00,56082.5,56094.0,55973.8984375,55996.25,0
2026-03-09 09:45:00+00:00,56057.5,56097.5,56022.6015625,56084.5,0
2026-03-09 09:50:00+00:00,56038.19921875,56059.44921875,55994.80078125,56059.44921875,0
2026-03-09 09:55:00+00:00,55998.6015625,56055.1484375,55987.94921875,56039.3984375,0
2026-03-10 03:45:00+00:00,56550.44921875,56723.25,56539.1015625,56665.5,0
2026-03-10 03:50:00+00:00,56469.1015625,56567.1484375,56450.3984375,56548.80078125,0
2026-03-10 03:55:00+00:00,56568.05078125,56594.8515625,56392.8515625,56471.8984375,0
2026-03-10 04:00:00+00:00,56514.69921875,56593.0,56480.75,56575.94921875,0
2026-03-10 04:05:00+00:00,56426.44921875,56515.69921875,56416.6484375,56515.5,0
2026-03-10 04:10:00+00:00,56547.6484375,56547.6484375,56387.19921875,56421.30078125,0
2026-03-10 04:15:00+00:00,56527.19921875,56577.69921875,56499.05078125,56546.3984375,0
2026-03-10 04:20:00+00:00,56550.1484375,56566.3515625,56495.69921875,56527.8515625,0
2026-03-10 04:25:00+00:00,56470.8515625,56552.69921875,56429.6484375,56552.69921875,0
2026-03-10 04:30:00+00:00,56582.3984375,56582.75,56460.19921875,56467.8984375,0
2026-03-10 04:35:00+00:00,56586.30078125,56605.69921875,56543.5,56576.3515625,0
2026-03-10 04:40:00+00:00,56659.0,56676.3515625,56562.8515625,56586.6484375,0
2026-03-10 04:45:00+00:00,56849.6484375,56859.80078125,56655.1484375,56658.75,0
2026-03-10 04:50:00+00:00,56743.5,56861.94921875,56706.1484375,56848.3984375,0
2026-03-10 04:55:00+00:00,56737.30078125,56773.6484375,56708.05078125,56745.25,0
2026-03-10 05:00:00+00:00,56805.80078125,56835.8515625,56725.44921875,56736.5,0
2026-03-10 05:05:00+00:00,56807.1484375,56826.25,56781.8515625,56809.5,0
2026-03-10 05:10:00+00:00,56871.5,56904.1484375,56804.1015625,56808.30078125,0
2026-03-10 05:15:00+00:00,56912.30078125,56941.1015625,56868.94921875,56869.69921875,0
2026-03-10 05:20:00+00:00,56817.80078125,56933.19921875,56796.80078125,56912.75,0
2026-03-10 05:25:00+00:00,56806.19921875,56835.6484375,56776.05078125,56818.05078125,0
2026-03-10 05:30:00+00:00,56818.19921875,56837.80078125,56773.1484375,56804.94921875,0
2026-03-10 05:35:00+00:00,56862.30078125,56866.3984375,56801.8515625,56817.30078125,0
2026-03-10 05:40:00+00:00,56870.05078125,56875.6484375,56838.69921875,56862.44921875,0
2026-03-10 05:45:00+00:00,56841.5,56914.30078125,56829.75,56872.6015625,0
2026-03-10 05:50:00+00:00,56901.6484375,56904.5,56824.8984375,56849.6015625,0
2026-03-10 05:55:00+00:00,56894.8984375,56935.05078125,56854.6015625,56900.5,0
2026-03-10 06:00:00+00:00,56954.3515625,56954.75,56882.69921875,56896.80078125,0
2026-03-10 06:05:00+00:00,56970.05078125,56987.25,56938.5,56953.44921875,0
2026-03-10 06:10:00+00:00,56977.6484375,56990.80078125,56961.80078125,56970.05078125,0
2026-03-10 06:15:00+00:00,56851.8984375,56986.69921875,56850.0,56974.6484375,0
2026-03-10 06:20:00+00:00,56895.3984375,56898.0,56817.94921875,56853.05078125,0
2026-03-10 06:25:00+00:00,56888.6015625,56918.55078125,56836.8515625,56893.3984375,0
2026-03-10 06:30:00+00:00,56909.80078125,56924.1484375,56876.30078125,56887.3515625,0
2026-03-10 06:35:00+00:00,56872.8515625,56952.1484375,56869.55078125,56909.80078125,0
2026-03-10 06:40:00+00:00,56780.05078125,56900.3515625,56776.69921875,56868.94921875,0
2026-03-10 06:45:00+00:00,56812.69921875,56826.19921875,56735.1484375,56778.1015625,0
2026-03-10 06:50:00+00:00,56688.94921875,56823.1015625,56675.8515625,56812.80078125,0
2026-03-10 06:55:00+00:00,56701.44921875,56717.44921875,56658.6484375,56692.5,0
2026-03-10 07:00:00+00:00,56707.6484375,56719.05078125,56670.05078125,56699.5,0
2026-03-10 07:05:00+00:00,56704.8515625,56778.44921875,56699.1484375,56708.75,0
2026-03-10 07:10:00+00:00,56710.0,56736.8515625,56688.1484375,56702.25,0
2026-03-10 07:15:00+00:00,56818.25,56820.5,56696.75,56707.5,0
2026-03-10 07:20:00+00:00,56886.8515625,56889.19921875,56790.5,56820.69921875,0
2026-03-10 07:25:00+00:00,56895.6484375,56932.6015625,56865.3515625,56886.0,0
2026-03-10 07:30:00+00:00,56920.6015625,56929.75,56872.30078125,56893.3984375,0
2026-03-10 07:35:00+00:00,56831.05078125,56922.75,56821.0,56920.05078125,0
2026-03-10 07:40:00+00:00,56824.3515625,56865.3515625,56783.5,56841.05078125,0
2026-03-10 07:45:00+00:00,56835.3984375,56841.8515625,56795.0,56828.5,0
2026-03-10 07:50:00+00:00,56771.94921875,56853.94921875,56745.94921875,56838.94921875,0
2026-03-10 07:55:00+00:00,56817.30078125,56817.55078125,56757.0,56768.19921875,0
2026-03-10 08:00:00+00:00,56874.8984375,56888.94921875,56816.8515625,56816.94921875,0
2026-03-10 08:05:00+00:00,56927.6484375,56955.44921875,56831.80078125,56872.8515625,0
2026-03-10 08:10:00+00:00,56893.1484375,56935.8984375,56878.25,56925.8515625,0
2026-03-10 08:15:00+00:00,56903.5,56907.75,56861.05078125,56889.80078125,0
2026-03-10 08:20:00+00:00,56924.6015625,56957.25,56897.30078125,56904.5,0
2026-03-10 08:25:00+00:00,56899.05078125,56938.6015625,56891.6484375,56924.19921875,0
2026-03-10 08:30:00+00:00,56911.0,56911.0,56852.44921875,56897.44921875,0
2026-03-10 08:35:00+00:00,56988.69921875,57032.8984375,56889.19921875,56907.55078125,0
2026-03-10 08:40:00+00:00,57082.8984375,57085.3984375,56985.3515625,56987.8515625,0
2026-03-10 08:45:00+00:00,56979.0,57096.8515625,56953.8984375,57082.8984375,0
2026-03-10 08:50:00+00:00,56924.25,56980.3515625,56893.8984375,56976.75,0
2026-03-10 08:55:00+00:00,56922.3984375,56950.69921875,56878.94921875,56921.44921875,0
2026-03-10 09:00:00+00:00,56835.05078125,56932.05078125,56790.94921875,56924.3515625,0
2026-03-10 09:05:00+00:00,56868.69921875,56910.8984375,56833.3984375,56836.75,0
2026-03-10 09:10:00+00:00,56870.6484375,56886.30078125,56811.75,56874.6015625,0
2026-03-10 09:15:00+00:00,56915.55078125,56921.80078125,56808.44921875,56875.1015625,0
2026-03-10 09:20:00+00:00,56941.1015625,56960.30078125,56876.0,56912.3984375,0
2026-03-10 09:25:00+00:00,56946.1015625,56946.1484375,56903.94921875,56937.94921875,0
2026-03-10 09:30:00+00:00,56932.1015625,56950.55078125,56851.1015625,56946.1015625,0
2026-03-10 09:35:00+00:00,56933.8515625,56973.05078125,56919.1015625,56928.1015625,0
2026-03-10 09:40:00+00:00,56925.55078125,56976.94921875,56905.80078125,56933.0,0
2026-03-10 09:45:00+00:00,56975.5,56990.80078125,56921.8984375,56923.19921875,0
2026-03-10 09:50:00+00:00,57027.30078125,57036.0,56928.44921875,56969.3984375,0
2026-03-10 09:55:00+00:00,57002.1015625,57071.3515625,56972.80078125,57026.94921875,0
2026-03-11 03:45:00+00:00,56795.6015625,56914.05078125,56718.75,56899.05078125,0
2026-03-11 03:50:00+00:00,56703.25,56862.8515625,56695.75,56800.30078125,0
2026-03-11 03:55:00+00:00,56683.94921875,56736.3515625,56643.55078125,56700.25,0
2026-03-11 04:00:00+00:00,56679.3515625,56687.1484375,56605.80078125,56683.25,0
2026-03-11 04:05:00+00:00,56650.8984375,56690.19921875,56611.25,56678.3515625,0
2026-03-11 04:10:00+00:00,56664.0,56685.94921875,56620.44921875,56651.94921875,0
2026-03-11 04:15:00+00:00,56709.3515625,56729.44921875,56646.6015625,56664.30078125,0
2026-03-11 04:20:00+00:00,56612.19921875,56728.55078125,56610.0,56710.19921875,0
2026-03-11 04:25:00+00:00,56630.6015625,56667.44921875,56585.19921875,56612.55078125,0
2026-03-11 04:30:00+00:00,56644.3984375,56645.3984375,56588.1015625,56631.55078125,0
2026-03-11 04:35:00+00:00,56559.5,56642.69921875,56558.80078125,56642.05078125,0
2026-03-11 04:40:00+00:00,56542.0,56574.8515625,56518.80078125,56561.5,0
2026-03-11 04:45:00+00:00,56577.55078125,56584.44921875,56524.80078125,56541.69921875,0
2026-03-11 04:50:00+00:00,56551.8984375,56578.30078125,56508.3984375,56575.8984375,0
2026-03-11 04:55:00+00:00,56551.0,56571.80078125,56523.69921875,56553.0,0
2026-03-11 05:00:00+00:00,56519.8984375,56559.0,56499.80078125,56547.55078125,0
2026-03-11 05:05:00+00:00,56391.30078125,56527.19921875,56389.1484375,56518.0,0
2026-03-11 05:10:00+00:00,56386.8984375,56416.05078125,56368.3984375,56391.75,0
2026-03-11 05:15:00+00:00,56390.3515625,56400.1484375,56313.3515625,56386.8984375,0
2026-03-11 05:20:00+00:00,56382.25,56408.05078125,56366.05078125,56385.75,0
2026-03-11 05:25:00+00:00,56425.1484375,56437.1015625,56372.69921875,56383.55078125,0
2026-03-11 05:30:00+00:00,56452.1015625,56456.1015625,56386.6484375,56424.05078125,0
2026-03-11 05:35:00+00:00,56396.6015625,56456.30078125,56391.3984375,56453.94921875,0
2026-03-11 05:40:00+00:00,56335.6484375,56399.55078125,56306.8984375,56399.55078125,0
2026-03-11 05:45:00+00:00,56226.80078125,56337.55078125,56220.3984375,56337.3984375,0
2026-03-11 05:50:00+00:00,56116.1015625,56229.75,56115.5,56229.75,0
2026-03-11 05:55:00+00:00,56165.1015625,56171.75,56113.30078125,56118.8984375,0
2026-03-11 06:00:00+00:00,56065.6015625,56169.3515625,56051.25,56165.1015625,0
2026-03-11 06:05:00+00:00,56086.19921875,56126.19921875,56023.6484375,56065.44921875,0
2026-03-11 06:10:00+00:00,56106.44921875,56108.55078125,56051.75,56087.80078125,0
2026-03-11 06:15:00+00:00,56067.8984375,56119.8515625,56061.8515625,56109.0,0
2026-03-11 06:20:00+00:00,56082.80078125,56089.19921875,56019.1015625,56067.3984375,0
2026-03-11 06:25:00+00:00,56058.19921875,56087.6484375,56030.19921875,56083.19921875,0
2026-03-11 06:30:00+00:00,56131.3515625,56138.8984375,56045.80078125,56058.6015625,0
2026-03-11 06:35:00+00:00,56089.05078125,56139.05078125,56065.94921875,56134.25,0
2026-03-11 06:40:00+00:00,56110.44921875,56141.25,56087.19921875,56089.1484375,0
2026-03-11 06:45:00+00:00,56112.19921875,56138.55078125,56098.69921875,56113.19921875,0
2026-03-11 06:50:00+00:00,56121.3515625,56139.6484375,56093.05078125,56112.94921875,0
2026-03-11 06:55:00+00:00,56113.75,56127.1015625,56090.1484375,56120.80078125,0
2026-03-11 07:00:00+00:00,56068.5,56165.69921875,56052.55078125,56116.69921875,0
2026-03-11 07:05:00+00:00,56015.69921875,56088.6484375,56008.6015625,56069.6484375,0
2026-03-11 07:10:00+00:00,56123.05078125,56130.05078125,56006.5,56019.69921875,0
2026-03-11 07:15:00+00:00,56097.0,56127.8984375,56059.0,56127.69921875,0
2026-03-11 07:20:00+00:00,56097.1484375,56138.30078125,56084.1015625,56103.6484375,0
2026-03-11 07:25:00+00:00,56056.55078125,56110.55078125,56055.25,56097.69921875,0
2026-03-11 07:30:00+00:00,56042.25,56087.94921875,56022.1015625,56054.69921875,0
2026-03-11 07:35:00+00:00,56061.0,56076.75,56031.75,56044.19921875,0
2026-03-11 07:40:00+00:00,55952.25,56063.3515625,55944.19921875,56063.1484375,0
2026-03-11 07:45:00+00:00,55960.75,55964.8984375,55899.05078125,55958.30078125,0
2026-03-11 07:50:00+00:00,56026.75,56031.05078125,55935.44921875,55961.30078125,0
2026-03-11 07:55:00+00:00,56064.44921875,56064.44921875,56008.0,56027.44921875,0
2026-03-11 08:00:00+00:00,56023.05078125,56125.05078125,56017.19921875,56064.3984375,0
2026-03-11 08:05:00+00:00,55994.6484375,56052.8515625,55989.94921875,56023.0,0
2026-03-11 08:10:00+00:00,55988.6015625,56023.05078125,55973.3984375,55994.44921875,0
2026-03-11 08:15:00+00:00,55974.3515625,55998.19921875,55935.44921875,55989.44921875,0
2026-03-11 08:20:00+00:00,56005.19921875,56019.25,55950.30078125,55974.44921875,0
2026-03-11 08:25:00+00:00,56027.1015625,56031.25,55978.3515625,56007.44921875,0
2026-03-11 08:30:00+00:00,55998.05078125,56034.0,55967.8984375,56029.19921875,0
2026-03-11 08:35:00+00:00,55937.69921875,56004.5,55933.8984375,55999.6484375,0
2026-03-11 08:40:00+00:00,55950.69921875,55961.44921875,55926.69921875,55934.6015625,0
2026-03-11 08:45:00+00:00,55912.0,55961.8984375,55874.6015625,55950.8515625,0
2026-03-11 08:50:00+00:00,55868.6015625,55948.8984375,55868.6015625,55915.3515625,0
2026-03-11 08:55:00+00:00,56064.19921875,56064.80078125,55846.05078125,55869.30078125,0
2026-03-11 09:00:00+00:00,55910.75,56076.8515625,55910.75,56066.44921875,0
2026-03-11 09:05:00+00:00,55950.25,55953.94921875,55903.8515625,55911.5,0
2026-03-11 09:10:00+00:00,55921.30078125,55951.3984375,55905.1015625,55951.3984375,0
2026-03-11 09:15:00+00:00,55904.75,55938.3515625,55901.44921875,55923.69921875,0
2026-03-11 09:20:00+00:00,55908.69921875,55928.75,55868.8515625,55908.6484375,0
2026-03-11 09:25:00+00:00,55801.44921875,55910.3515625,55798.0,55908.6015625,0
2026-03-11 09:30:00+00:00,55817.1484375,55892.0,55802.25,55802.44921875,0
2026-03-11 09:35:00+00:00,55782.05078125,55835.3984375,55712.1484375,55820.8515625,0
2026-03-11 09:40:00+00:00,55745.5,55805.44921875,55727.6015625,55784.3515625,0
2026-03-11 09:45:00+00:00,55781.8515625,55797.69921875,55705.30078125,55741.80078125,0
2026-03-11 09:50:00+00:00,55733.6015625,55788.19921875,55717.55078125,55779.44921875,0
2026-03-11 09:55:00+00:00,55666.3984375,55749.44921875,55633.94921875,55734.05078125,0
2026-03-12 03:45:00+00:00,54802.6484375,55034.1015625,54767.44921875,55034.1015625,0
2026-03-12 03:50:00+00:00,54937.94921875,54937.94921875,54780.6015625,54797.8984375,0
2026-03-12 03:55:00+00:00,55009.55078125,55010.5,54912.05078125,54945.69921875,0
2026-03-12 04:00:00+00:00,55023.6015625,55042.3984375,54953.94921875,55014.3515625,0
2026-03-12 04:05:00+00:00,54905.0,55028.0,54898.1484375,55027.19921875,0
2026-03-12 04:10:00+00:00,54964.05078125,54981.8515625,54893.80078125,54905.0,0
2026-03-12 04:15:00+00:00,55001.94921875,55012.30078125,54923.75,54971.19921875,0
2026-03-12 04:20:00+00:00,55098.3515625,55098.6484375,54978.6015625,55002.75,0
2026-03-12 04:25:00+00:00,55232.75,55234.0,55073.25,55099.0,0
2026-03-12 04:30:00+00:00,55201.19921875,55238.69921875,55163.3984375,55236.75,0
2026-03-12 04:35:00+00:00,55070.6484375,55204.3515625,55050.05078125,55204.3515625,0
2026-03-12 04:40:00+00:00,55013.25,55113.44921875,54988.75,55080.75,0
2026-03-12 04:45:00+00:00,55042.25,55056.44921875,54975.25,55013.1484375,0
2026-03-12 04:50:00+00:00,55022.6015625,55101.1484375,55000.6484375,55044.69921875,0
2026-03-12 04:55:00+00:00,55182.25,55186.6015625,55029.25,55030.94921875,0
2026-03-12 05:00:00+00:00,55217.5,55231.19921875,55078.30078125,55180.3984375,0
2026-03-12 05:05:00+00:00,55281.75,55301.30078125,55191.30078125,55216.0,0
2026-03-12 05:10:00+00:00,55190.0,55298.75,55173.25,55285.0,0
2026-03-12 05:15:00+00:00,55208.0,55229.30078125,55179.55078125,55194.80078125,0
2026-03-12 05:20:00+00:00,55191.25,55231.69921875,55132.5,55196.8984375,0
2026-03-12 05:25:00+00:00,55298.8515625,55307.69921875,55144.55078125,55182.6015625,0
2026-03-12 05:30:00+00:00,55353.94921875,55357.05078125,55277.1484375,55296.6484375,0
2026-03-12 05:35:00+00:00,55261.94921875,55370.6484375,55251.1015625,55353.1484375,0
2026-03-12 05:40:00+00:00,55267.69921875,55324.1484375,55254.80078125,55260.55078125,0
2026-03-12 05:45:00+00:00,55145.6484375,55295.94921875,55094.30078125,55267.0,0
2026-03-12 05:50:00+00:00,55126.6484375,55146.44921875,55053.3515625,55146.0,0
2026-03-12 05:55:00+00:00,55141.1015625,55173.8515625,55104.94921875,55130.25,0
2026-03-12 06:00:00+00:00,55121.55078125,55142.5,55071.8515625,55140.19921875,0
2026-03-12 06:05:00+00:00,55126.94921875,55127.3515625,55085.0,55118.80078125,0
2026-03-12 06:10:00+00:00,55121.0,55162.1484375,55099.05078125,55123.94921875,0
2026-03-12 06:15:00+00:00,55062.1484375,55150.3984375,55057.69921875,55121.1015625,0
2026-03-12 06:20:00+00:00,55094.3515625,55106.8984375,55047.5,55060.80078125,0
2026-03-12 06:25:00+00:00,55183.0,55198.1015625,55087.3515625,55095.55078125,0
2026-03-12 06:30:00+00:00,55201.75,55222.8515625,55177.8515625,55181.3515625,0
2026-03-12 06:35:00+00:00,55160.69921875,55213.8984375,55138.1015625,55204.1484375,0
2026-03-12 06:40:00+00:00,55232.94921875,55240.05078125,55124.30078125,55160.69921875,0
2026-03-12 06:45:00+00:00,55202.30078125,55241.55078125,55189.75,55236.25,0
2026-03-12 06:50:00+00:00,55290.69921875,55316.6484375,55200.55078125,55203.8515625,0
2026-03-12 06:55:00+00:00,55270.3984375,55335.1484375,55238.55078125,55289.1015625,0
2026-03-12 07:00:00+00:00,55224.3515625,55285.44921875,55219.55078125,55271.1015625,0
2026-03-12 07:05:00+00:00,55162.8515625,55226.94921875,55134.69921875,55222.1015625,0
2026-03-12 07:10:00+00:00,55200.8984375,55204.8984375,55140.05078125,55166.3984375,0
2026-03-12 07:15:00+00:00,55192.6484375,55237.05078125,55180.55078125,55201.6015625,0
2026-03-12 07:20:00+00:00,55150.1484375,55208.5,55137.1015625,55195.19921875,0
2026-03-12 07:25:00+00:00,55174.30078125,55199.80078125,55136.19921875,55153.94921875,0
2026-03-12 07:30:00+00:00,55165.6484375,55183.6484375,55125.69921875,55174.75,0
2026-03-12 07:35:00+00:00,55112.69921875,55165.1015625,55065.3515625,55164.30078125,0
2026-03-12 07:40:00+00:00,55196.25,55205.30078125,55091.1015625,55115.3984375,0
2026-03-12 07:45:00+00:00,55189.1015625,55208.6015625,55168.05078125,55204.44921875,0
2026-03-12 07:50:00+00:00,55331.1484375,55338.6484375,55179.6484375,55193.1484375,0
2026-03-12 07:55:00+00:00,55409.6484375,55426.8984375,55314.30078125,55331.3984375,0
2026-03-12 08:00:00+00:00,55497.3515625,55530.05078125,55408.75,55408.75,0
2026-03-12 08:05:00+00:00,55525.05078125,55528.1484375,55473.25,55495.8984375,0
2026-03-12 08:10:00+00:00,55514.3984375,55636.05078125,55484.1015625,55531.80078125,0
2026-03-12 08:15:00+00:00,55506.44921875,55548.5,55467.44921875,55513.75,0
2026-03-12 08:20:00+00:00,55456.3515625,55526.80078125,55428.80078125,55508.3984375,0
2026-03-12 08:25:00+00:00,55353.25,55454.30078125,55347.80078125,55453.3515625,0
2026-03-12 08:30:00+00:00,55394.69921875,55407.94921875,55337.1484375,55358.19921875,0
2026-03-12 08:35:00+00:00,55286.8984375,55444.5,55281.3984375,55393.8984375,0
2026-03-12 08:40:00+00:00,55369.55078125,55393.0,55243.1015625,55289.30078125,0
2026-03-12 08:45:00+00:00,55395.30078125,55418.1484375,55327.25,55368.30078125,0
2026-03-12 08:50:00+00:00,55382.6015625,55429.94921875,55370.80078125,55397.25,0
2026-03-12 08:55:00+00:00,55316.3984375,55408.80078125,55310.5,55385.3515625,0
2026-03-12 09:00:00+00:00,55348.8984375,55372.6015625,55294.80078125,55314.75,0
2026-03-12 09:05:00+00:00,55303.6015625,55357.6015625,55296.8515625,55347.6484375,0
2026-03-12 09:10:00+00:00,55175.1015625,55306.19921875,55162.30078125,55302.94921875,0
2026-03-12 09:15:00+00:00,55188.5,55205.8515625,55136.30078125,55175.8984375,0
2026-03-12 09:20:00+00:00,55066.3515625,55191.55078125,55010.75,55187.1015625,0
2026-03-12 09:25:00+00:00,55090.1015625,55106.6015625,55033.94921875,55066.1484375,0
2026-03-12 09:30:00+00:00,55132.94921875,55132.94921875,54997.0,55087.5,0
2026-03-12 09:35:00+00:00,55171.1015625,55171.1015625,55080.80078125,55133.19921875,0
2026-03-12 09:40:00+00:00,55064.75,55213.69921875,55053.44921875,55160.8515625,0
2026-03-12 09:45:00+00:00,55130.05078125,55151.94921875,55062.1484375,55067.8984375,0
2026-03-12 09:50:00+00:00,55120.3515625,55135.55078125,55088.55078125,55131.1484375,0
2026-03-12 09:55:00+00:00,55133.6015625,55149.55078125,55104.25,55119.80078125,0
2026-03-13 03:45:00+00:00,54528.25,54695.75,54502.0,54595.1484375,0
2026-03-13 03:50:00+00:00,54430.5,54531.05078125,54420.6015625,54529.80078125,0
2026-03-13 03:55:00+00:00,54503.8984375,54537.44921875,54362.6484375,54437.55078125,0
2026-03-13 04:00:00+00:00,54496.80078125,54543.6015625,54469.94921875,54509.25,0
2026-03-13 04:05:00+00:00,54486.19921875,54524.05078125,54446.1015625,54502.44921875,0
2026-03-13 04:10:00+00:00,54412.8515625,54503.8984375,54407.3984375,54489.44921875,0
2026-03-13 04:15:00+00:00,54282.30078125,54417.5,54265.75,54414.1015625,0
2026-03-13 04:20:00+00:00,54231.25,54281.8984375,54187.8515625,54281.3515625,0
2026-03-13 04:25:00+00:00,54136.1484375,54258.3515625,54133.55078125,54233.05078125,0
2026-03-13 04:30:00+00:00,54205.3984375,54208.44921875,54130.8984375,54137.05078125,0
2026-03-13 04:35:00+00:00,54158.1484375,54206.19921875,54118.80078125,54206.19921875,0
2026-03-13 04:40:00+00:00,54148.1484375,54191.5,54116.94921875,54159.6015625,0
2026-03-13 04:45:00+00:00,54075.30078125,54178.05078125,54075.30078125,54154.30078125,0
2026-03-13 04:50:00+00:00,54044.30078125,54090.1015625,54013.19921875,54075.19921875,0
2026-03-13 04:55:00+00:00,54104.69921875,54118.44921875,54029.94921875,54045.69921875,0
2026-03-13 05:00:00+00:00,54024.6484375,54129.5,54021.1484375,54106.6484375,0
2026-03-13 05:05:00+00:00,54062.3515625,54066.8984375,54010.6015625,54027.3984375,0
2026-03-13 05:10:00+00:00,54028.94921875,54065.25,53990.05078125,54065.25,0
2026-03-13 05:15:00+00:00,54018.25,54048.05078125,53963.05078125,54031.30078125,0
2026-03-13 05:20:00+00:00,54136.75,54178.94921875,54013.5,54015.0,0
2026-03-13 05:25:00+00:00,54155.25,54156.69921875,54098.55078125,54142.8984375,0
2026-03-13 05:30:00+00:00,54104.6484375,54160.44921875,54085.94921875,54157.75,0
2026-03-13 05:35:00+00:00,54068.3984375,54109.1484375,54058.75,54102.19921875,0
2026-03-13 05:40:00+00:00,54057.3515625,54088.1484375,54050.5,54066.55078125,0
2026-03-13 05:45:00+00:00,54056.8515625,54074.55078125,54014.05078125,54053.1015625,0
2026-03-13 05:50:00+00:00,54056.3515625,54091.3984375,54034.05078125,54054.3515625,0
2026-03-13 05:55:00+00:00,54197.30078125,54197.69921875,54048.80078125,54058.6015625,0
2026-03-13 06:00:00+00:00,54225.69921875,54252.5,54158.3515625,54197.05078125,0
2026-03-13 06:05:00+00:00,54245.55078125,54256.05078125,54183.1015625,54227.75,0
2026-03-13 06:10:00+00:00,54234.55078125,54270.19921875,54205.8515625,54249.30078125,0
2026-03-13 06:15:00+00:00,54219.80078125,54244.6015625,54179.69921875,54241.19921875,0
2026-03-13 06:20:00+00:00,54213.94921875,54251.3984375,54189.1015625,54213.55078125,0
2026-03-13 06:25:00+00:00,54126.3984375,54217.75,54118.80078125,54215.8984375,0
2026-03-13 06:30:00+00:00,54079.05078125,54133.80078125,54049.6015625,54125.6015625,0
2026-03-13 06:35:00+00:00,54092.75,54115.69921875,54065.5,54084.55078125,0
2026-03-13 06:40:00+00:00,54079.44921875,54103.69921875,54066.75,54098.30078125,0
2026-03-13 06:45:00+00:00,54040.8984375,54090.75,54040.8984375,54084.3515625,0
2026-03-13 06:50:00+00:00,53899.3984375,54044.44921875,53899.30078125,54044.44921875,0
2026-03-13 06:55:00+00:00,53935.1015625,53959.6015625,53874.25,53905.6015625,0
2026-03-13 07:00:00+00:00,53842.6484375,53940.80078125,53787.44921875,53938.75,0
2026-03-13 07:05:00+00:00,53823.30078125,53869.69921875,53800.19921875,53835.80078125,0
2026-03-13 07:10:00+00:00,53795.1015625,53832.44921875,53766.5,53819.19921875,0
2026-03-13 07:15:00+00:00,53914.44921875,53916.5,53780.44921875,53794.94921875,0
2026-03-13 07:20:00+00:00,53914.1484375,53951.25,53870.6015625,53914.3984375,0
2026-03-13 07:25:00+00:00,53967.80078125,53995.25,53879.44921875,53912.69921875,0
2026-03-13 07:30:00+00:00,53927.94921875,53965.19921875,53901.6484375,53963.94921875,0
2026-03-13 07:35:00+00:00,53871.8984375,53941.8515625,53860.19921875,53928.8515625,0
2026-03-13 07:40:00+00:00,53820.80078125,53889.5,53817.19921875,53874.0,0
2026-03-13 07:45:00+00:00,53823.5,53865.5,53798.19921875,53826.1484375,0
2026-03-13 07:50:00+00:00,53743.6015625,53856.6015625,53734.69921875,53826.3984375,0
2026-03-13 07:55:00+00:00,53849.5,53861.0,53737.69921875,53749.55078125,0
2026-03-13 08:00:00+00:00,53799.8984375,53880.25,53798.55078125,53851.75,0
2026-03-13 08:05:00+00:00,53732.44921875,53806.30078125,53719.3984375,53803.0,0
2026-03-13 08:10:00+00:00,53766.94921875,53778.1015625,53688.05078125,53735.1015625,0
2026-03-13 08:15:00+00:00,53775.94921875,53788.1484375,53746.1484375,53771.1015625,0
2026-03-13 08:20:00+00:00,53737.69921875,53789.69921875,53686.69921875,53775.0,0
2026-03-13 08:25:00+00:00,53695.3984375,53759.44921875,53679.80078125,53742.75,0
2026-03-13 08:30:00+00:00,53742.1484375,53782.44921875,53691.0,53698.75,0
2026-03-13 08:35:00+00:00,53840.94921875,53858.44921875,53740.6015625,53745.6015625,0
2026-03-13 08:40:00+00:00,53909.6015625,53915.1015625,53819.05078125,53846.69921875,0
2026-03-13 08:45:00+00:00,53935.94921875,53935.94921875,53848.3984375,53913.8515625,0
2026-03-13 08:50:00+00:00,53959.8984375,54008.94921875,53924.69921875,53935.8515625,0
2026-03-13 08:55:00+00:00,53946.69921875,54002.3515625,53929.8515625,53960.94921875,0
2026-03-13 09:00:00+00:00,54056.8984375,54107.0,53943.6015625,53943.6015625,0
2026-03-13 09:05:00+00:00,53960.3515625,54070.25,53958.0,54057.5,0
2026-03-13 09:10:00+00:00,54002.75,54011.3984375,53953.19921875,53955.1015625,0
2026-03-13 09:15:00+00:00,53919.3515625,54011.6484375,53888.3515625,54002.55078125,0
2026-03-13 09:20:00+00:00,53880.3515625,53975.5,53874.44921875,53919.25,0
2026-03-13 09:25:00+00:00,53859.1484375,53890.25,53793.30078125,53882.55078125,0
2026-03-13 09:30:00+00:00,53772.3515625,53904.30078125,53769.3984375,53867.69921875,0
2026-03-13 09:35:00+00:00,53745.05078125,53786.3515625,53732.05078125,53773.8984375,0
2026-03-13 09:40:00+00:00,53781.30078125,53799.3515625,53730.44921875,53753.75,0
2026-03-13 09:45:00+00:00,53769.55078125,53788.1484375,53744.6015625,53780.19921875,0
2026-03-13 09:50:00+00:00,53697.30078125,53767.94921875,53684.05078125,53765.69921875,0
2026-03-13 09:55:00+00:00,53770.8984375,53770.8984375,53694.8515625,53697.1484375,0
2026-03-16 03:45:00+00:00,53810.3984375,53936.80078125,53635.80078125,53719.94921875,0
2026-03-16 03:50:00+00:00,53753.19921875,53852.44921875,53731.6484375,53815.0,0
2026-03-16 03:55:00+00:00,53794.1484375,53822.19921875,53677.30078125,53752.75,0
2026-03-16 04:00:00+00:00,54038.5,54051.5,53801.25,53801.25,0
2026-03-16 04:05:00+00:00,54044.55078125,54128.3515625,54010.69921875,54042.44921875,0
2026-03-16 04:10:00+00:00,54048.3515625,54169.6484375,54034.44921875,54042.3515625,0
2026-03-16 04:15:00+00:00,54057.94921875,54135.8515625,54037.5,54051.25,0
2026-03-16 04:20:00+00:00,54003.1015625,54104.3984375,53998.80078125,54059.25,0
2026-03-16 04:25:00+00:00,53879.1484375,54026.80078125,53875.8984375,54000.55078125,0
2026-03-16 04:30:00+00:00,53956.55078125,53960.8515625,53867.44921875,53880.8515625,0
2026-03-16 04:35:00+00:00,53900.1015625,54011.05078125,53896.3515625,53955.69921875,0
2026-03-16 04:40:00+00:00,53829.55078125,53917.69921875,53800.8984375,53901.6015625,0
2026-03-16 04:45:00+00:00,53731.80078125,53827.05078125,53724.75,53824.55078125,0
2026-03-16 04:50:00+00:00,53607.3515625,53731.19921875,53603.8984375,53730.55078125,0
2026-03-16 04:55:00+00:00,53493.0,53620.0,53493.0,53609.8984375,0
2026-03-16 05:00:00+00:00,53570.8515625,53630.6015625,53492.6015625,53495.55078125,0
2026-03-16 05:05:00+00:00,53590.30078125,53635.55078125,53554.94921875,53572.69921875,0
2026-03-16 05:10:00+00:00,53525.5,53603.80078125,53514.75,53588.6484375,0
2026-03-16 05:15:00+00:00,53449.30078125,53567.44921875,53441.6484375,53524.30078125,0
2026-03-16 05:20:00+00:00,53323.25,53459.0,53315.30078125,53445.6015625,0
2026-03-16 05:25:00+00:00,53421.6484375,53425.1484375,53261.55078125,53325.25,0
2026-03-16 05:30:00+00:00,53459.3515625,53474.1015625,53367.3984375,53424.3515625,0
2026-03-16 05:35:00+00:00,53563.1484375,53572.44921875,53426.05078125,53458.8515625,0
2026-03-16 05:40:00+00:00,53593.55078125,53618.5,53520.3984375,53568.6015625,0
2026-03-16 05:45:00+00:00,53853.8515625,53859.80078125,53583.6015625,53595.0,0
2026-03-16 05:50:00+00:00,53841.80078125,53897.19921875,53788.5,53854.6015625,0
2026-03-16 05:55:00+00:00,53802.75,53842.30078125,53764.80078125,53830.44921875,0
2026-03-16 06:00:00+00:00,53887.80078125,53923.6484375,53783.55078125,53804.94921875,0
2026-03-16 06:05:00+00:00,53789.05078125,53913.3515625,53771.3984375,53889.19921875,0
2026-03-16 06:10:00+00:00,53747.1484375,53835.0,53742.5,53785.6484375,0
2026-03-16 06:15:00+00:00,53755.94921875,53785.55078125,53730.8515625,53748.8984375,0
2026-03-16 06:20:00+00:00,53729.44921875,53778.05078125,53696.8984375,53756.69921875,0
2026-03-16 06:25:00+00:00,53718.94921875,53769.19921875,53687.94921875,53728.25,0
2026-03-16 06:30:00+00:00,53710.8515625,53813.8984375,53710.8515625,53721.69921875,0
2026-03-16 06:35:00+00:00,53685.5,53738.1015625,53680.19921875,53713.05078125,0
2026-03-16 06:40:00+00:00,53692.30078125,53750.3515625,53651.75,53685.19921875,0
2026-03-16 06:45:00+00:00,53705.19921875,53707.55078125,53661.75,53693.0,0
2026-03-16 06:50:00+00:00,53742.55078125,53743.80078125,53672.6484375,53705.6484375,0
2026-03-16 06:55:00+00:00,53745.44921875,53778.8984375,53708.6484375,53740.80078125,0
2026-03-16 07:00:00+00:00,53649.1015625,53746.55078125,53634.5,53744.55078125,0
2026-03-16 07:05:00+00:00,53680.55078125,53691.6484375,53569.6484375,53648.3984375,0
2026-03-16 07:10:00+00:00,53695.5,53715.80078125,53660.0,53682.75,0
2026-03-16 07:15:00+00:00,53553.30078125,53694.05078125,53542.1015625,53694.05078125,0
2026-03-16 07:20:00+00:00,53618.75,53634.05078125,53530.94921875,53553.6015625,0
2026-03-16 07:25:00+00:00,53610.1484375,53625.94921875,53578.19921875,53618.25,0
2026-03-16 07:30:00+00:00,53604.05078125,53715.69921875,53601.25,53612.0,0
2026-03-16 07:35:00+00:00,53593.55078125,53629.1484375,53518.55078125,53596.80078125,0
2026-03-16 07:40:00+00:00,53579.6015625,53649.5,53565.25,53591.3984375,0
2026-03-16 07:45:00+00:00,53637.30078125,53647.8984375,53578.1015625,53578.1015625,0
2026-03-16 07:50:00+00:00,53668.80078125,53723.3515625,53621.3984375,53636.6484375,0
2026-03-16 07:55:00+00:00,53638.8515625,53712.6484375,53633.1015625,53671.25,0
2026-03-16 08:00:00+00:00,53622.1015625,53684.0,53594.30078125,53638.8984375,0
2026-03-16 08:05:00+00:00,53660.5,53661.80078125,53611.69921875,53620.69921875,0
2026-03-16 08:10:00+00:00,53609.8984375,53705.19921875,53607.3984375,53657.5,0
2026-03-16 08:15:00+00:00,53598.1015625,53625.69921875,53568.5,53608.75,0
2026-03-16 08:20:00+00:00,53639.0,53683.8515625,53563.30078125,53599.55078125,0
2026-03-16 08:25:00+00:00,53653.0,53665.69921875,53615.94921875,53627.30078125,0
2026-03-16 08:30:00+00:00,53635.30078125,53665.5,53620.05078125,53652.05078125,0
2026-03-16 08:35:00+00:00,53650.25,53663.8515625,53601.55078125,53634.80078125,0
2026-03-16 08:40:00+00:00,53716.3515625,53783.25,53645.1484375,53645.75,0
2026-03-16 08:45:00+00:00,53914.44921875,53921.3515625,53670.0,53714.8984375,0
2026-03-16 08:50:00+00:00,54154.55078125,54165.19921875,53909.6484375,53913.6015625,0
2026-03-16 08:55:00+00:00,54193.8984375,54229.05078125,54064.05078125,54153.6015625,0
2026-03-16 09:00:00+00:00,54262.55078125,54293.0,54149.80078125,54194.8515625,0
2026-03-16 09:05:00+00:00,54407.19921875,54424.94921875,54240.3984375,54263.1484375,0
2026-03-16 09:10:00+00:00,54416.6484375,54483.8515625,54335.8515625,54413.25,0
2026-03-16 09:15:00+00:00,54527.8515625,54548.19921875,54377.0,54426.0,0
2026-03-16 09:20:00+00:00,54541.6484375,54663.55078125,54472.3984375,54536.05078125,0
2026-03-16 09:25:00+00:00,54493.1015625,54566.1484375,54464.1015625,54542.94921875,0
2026-03-16 09:30:00+00:00,54335.05078125,54505.44921875,54330.30078125,54488.8984375,0
2026-03-16 09:35:00+00:00,54514.6484375,54527.1015625,54333.30078125,54333.30078125,0
2026-03-16 09:40:00+00:00,54492.55078125,54605.25,54457.55078125,54522.8515625,0
2026-03-16 09:45:00+00:00,54349.6484375,54496.1015625,54334.1484375,54493.55078125,0
2026-03-16 09:50:00+00:00,54252.5,54365.8984375,54245.3515625,54350.30078125,0
2026-03-16 09:55:00+00:00,54287.75,54314.8515625,54228.8515625,54250.75,0
2026-03-17 03:45:00+00:00,54316.05078125,54633.1015625,54236.94921875,54633.1015625,0
2026-03-17 03:50:00+00:00,54196.44921875,54341.6484375,54196.44921875,54299.44921875,0
2026-03-17 03:55:00+00:00,54176.94921875,54227.6484375,54122.75,54199.44921875,0
2026-03-17 04:00:00+00:00,54201.19921875,54235.6484375,54115.8984375,54180.44921875,0
2026-03-17 04:05:00+00:00,54322.1015625,54332.3515625,54199.8515625,54210.6015625,0
2026-03-17 04:10:00+00:00,54314.0,54366.3984375,54242.25,54323.94921875,0
2026-03-17 04:15:00+00:00,54405.1015625,54405.1015625,54249.3984375,54315.8515625,0
2026-03-17 04:20:00+00:00,54364.6484375,54403.3984375,54311.44921875,54403.0,0
2026-03-17 04:25:00+00:00,54398.05078125,54399.19921875,54313.5,54363.3515625,0
2026-03-17 04:30:00+00:00,54439.3515625,54488.3515625,54395.75,54395.75,0
2026-03-17 04:35:00+00:00,54447.0,54510.5,54406.94921875,54439.94921875,0
2026-03-17 04:40:00+00:00,54482.19921875,54499.5,54423.5,54446.69921875,0
2026-03-17 04:45:00+00:00,54555.30078125,54559.75,54483.44921875,54483.44921875,0
2026-03-17 04:50:00+00:00,54643.6484375,54692.25,54517.55078125,54554.75,0
2026-03-17 04:55:00+00:00,54453.44921875,54647.0,54453.44921875,54641.19921875,0
2026-03-17 05:00:00+00:00,54338.3515625,54456.44921875,54338.3515625,54456.44921875,0
2026-03-17 05:05:00+00:00,54414.8515625,54417.8515625,54292.6015625,54330.0,0
2026-03-17 05:10:00+00:00,54391.80078125,54415.6484375,54339.3984375,54414.30078125,0
2026-03-17 05:15:00+00:00,54521.55078125,54523.8515625,54373.8984375,54394.30078125,0
2026-03-17 05:20:00+00:00,54516.8984375,54555.69921875,54497.19921875,54522.44921875,0
2026-03-17 05:25:00+00:00,54534.30078125,54574.55078125,54495.8984375,54516.44921875,0
2026-03-17 05:30:00+00:00,54499.1484375,54556.1484375,54484.1015625,54533.8984375,0
2026-03-17 05:35:00+00:00,54425.55078125,54518.55078125,54409.30078125,54496.8984375,0
2026-03-17 05:40:00+00:00,54368.80078125,54469.1015625,54365.25,54427.80078125,0
2026-03-17 05:45:00+00:00,54322.75,54398.8984375,54307.80078125,54369.69921875,0
2026-03-17 05:50:00+00:00,54257.80078125,54351.8984375,54247.80078125,54323.3984375,0
2026-03-17 05:55:00+00:00,54225.1015625,54267.6484375,54185.6484375,54257.05078125,0
2026-03-17 06:00:00+00:00,54209.8515625,54275.05078125,54204.1484375,54227.44921875,0
2026-03-17 06:05:00+00:00,54270.94921875,54313.94921875,54182.80078125,54210.55078125,0
2026-03-17 06:10:00+00:00,54294.5,54322.8984375,54259.3984375,54270.1015625,0
2026-03-17 06:15:00+00:00,54284.30078125,54348.6484375,54268.6484375,54294.5,0
2026-03-17 06:20:00+00:00,54312.3984375,54375.1015625,54278.44921875,54284.30078125,0
2026-03-17 06:25:00+00:00,54330.80078125,54338.94921875,54243.8984375,54315.25,0
2026-03-17 06:30:00+00:00,54329.0,54356.5,54293.8515625,54331.55078125,0
2026-03-17 06:35:00+00:00,54375.3515625,54384.5,54318.44921875,54324.1015625,0
2026-03-17 06:40:00+00:00,54392.55078125,54419.8984375,54357.1484375,54373.75,0
2026-03-17 06:45:00+00:00,54286.6484375,54410.75,54281.80078125,54393.80078125,0
2026-03-17 06:50:00+00:00,54283.6484375,54350.1484375,54279.05078125,54283.8515625,0
2026-03-17 06:55:00+00:00,54323.75,54326.55078125,54270.8515625,54279.94921875,0
2026-03-17 07:00:00+00:00,54334.75,54340.3515625,54260.6484375,54325.75,0
2026-03-17 07:05:00+00:00,54366.44921875,54392.69921875,54331.1015625,54335.94921875,0
2026-03-17 07:10:00+00:00,54438.55078125,54443.19921875,54317.30078125,54359.44921875,0
2026-03-17 07:15:00+00:00,54493.1015625,54495.55078125,54416.44921875,54434.6484375,0
2026-03-17 07:20:00+00:00,54443.69921875,54506.8984375,54430.75,54494.1484375,0
2026-03-17 07:25:00+00:00,54468.5,54492.69921875,54423.80078125,54444.55078125,0
2026-03-17 07:30:00+00:00,54512.44921875,54556.1015625,54466.8984375,54471.80078125,0
2026-03-17 07:35:00+00:00,54561.69921875,54564.44921875,54434.3984375,54515.6484375,0
2026-03-17 07:40:00+00:00,54592.6015625,54594.6484375,54551.6484375,54561.69921875,0
2026-03-17 07:45:00+00:00,54642.1484375,54665.94921875,54596.75,54596.75,0
2026-03-17 07:50:00+00:00,54596.44921875,54655.1015625,54591.8515625,54642.94921875,0
2026-03-17 07:55:00+00:00,54582.25,54602.69921875,54550.0,54599.30078125,0
2026-03-17 08:00:00+00:00,54628.6484375,54711.25,54579.30078125,54583.3515625,0
2026-03-17 08:05:00+00:00,54546.05078125,54644.1015625,54532.8515625,54630.1015625,0
2026-03-17 08:10:00+00:00,54575.25,54593.8984375,54518.75,54544.94921875,0
2026-03-17 08:15:00+00:00,54651.8515625,54652.25,54574.8984375,54574.8984375,0
2026-03-17 08:20:00+00:00,54619.6015625,54686.1015625,54616.3984375,54651.19921875,0
2026-03-17 08:25:00+00:00,54609.1015625,54636.8515625,54569.55078125,54618.3984375,0
2026-03-17 08:30:00+00:00,54692.1484375,54720.80078125,54603.0,54609.8515625,0
2026-03-17 08:35:00+00:00,54703.8984375,54722.19921875,54626.0,54695.6015625,0
2026-03-17 08:40:00+00:00,54779.05078125,54796.3984375,54705.69921875,54711.05078125,0
2026-03-17 08:45:00+00:00,54659.69921875,54790.25,54622.5,54780.0,0
2026-03-17 08:50:00+00:00,54608.3984375,54697.55078125,54580.3515625,54663.1484375,0
2026-03-17 08:55:00+00:00,54653.1484375,54664.3984375,54568.3984375,54613.55078125,0
2026-03-17 09:00:00+00:00,54715.30078125,54721.5,54654.30078125,54654.30078125,0
2026-03-17 09:05:00+00:00,54744.1015625,54765.6484375,54694.05078125,54715.80078125,0
2026-03-17 09:10:00+00:00,54733.0,54806.8984375,54724.8984375,54745.3515625,0
2026-03-17 09:15:00+00:00,54789.5,54789.5,54692.69921875,54735.8515625,0
2026-03-17 09:20:00+00:00,54838.1484375,54839.69921875,54766.25,54791.3515625,0
2026-03-17 09:25:00+00:00,54994.55078125,54994.55078125,54839.1484375,54839.25,0
2026-03-17 09:30:00+00:00,54841.69921875,54990.5,54784.3984375,54990.5,0
2026-03-17 09:35:00+00:00,54885.1484375,54937.1015625,54825.3984375,54845.44921875,0
2026-03-17 09:40:00+00:00,54961.6484375,54965.69921875,54815.5,54882.69921875,0
2026-03-17 09:45:00+00:00,54856.80078125,54960.1015625,54816.0,54958.8984375,0
2026-03-17 09:50:00+00:00,54854.69921875,54906.94921875,54848.44921875,54858.8515625,0
2026-03-17 09:55:00+00:00,54838.75,54860.1015625,54820.1484375,54855.3515625,0
2026-03-18 03:45:00+00:00,55080.3984375,55104.3515625,54826.05078125,54942.80078125,0
2026-03-18 03:50:00+00:00,54904.1015625,55101.19921875,54896.5,55076.3515625,0
2026-03-18 03:55:00+00:00,54974.6484375,54988.69921875,54862.8984375,54902.1015625,0
2026-03-18 04:00:00+00:00,55033.3984375,55046.94921875,54970.30078125,54970.30078125,0
2026-03-18 04:05:00+00:00,54984.8515625,55044.5,54966.30078125,55036.30078125,0
2026-03-18 04:10:00+00:00,54972.8515625,55012.3984375,54961.94921875,54988.80078125,0
2026-03-18 04:15:00+00:00,54982.5,54986.5,54907.69921875,54967.6484375,0
2026-03-18 04:20:00+00:00,54938.44921875,55045.55078125,54929.0,54984.25,0
2026-03-18 04:25:00+00:00,54879.3515625,54939.8515625,54806.69921875,54934.75,0
2026-03-18 04:30:00+00:00,54792.44921875,54886.8515625,54782.30078125,54879.3984375,0
2026-03-18 04:35:00+00:00,54743.05078125,54803.6015625,54735.75,54791.75,0
2026-03-18 04:40:00+00:00,54787.25,54792.80078125,54693.1015625,54744.30078125,0
2026-03-18 04:45:00+00:00,54890.3515625,54893.55078125,54769.44921875,54790.5,0
2026-03-18 04:50:00+00:00,54972.5,54975.55078125,54876.80078125,54895.1015625,0
2026-03-18 04:55:00+00:00,54946.0,54985.1015625,54900.55078125,54973.1015625,0
2026-03-18 05:00:00+00:00,54966.0,54987.8515625,54919.3515625,54945.8515625,0
2026-03-18 05:05:00+00:00,54958.69921875,55005.6015625,54945.75,54967.75,0
2026-03-18 05:10:00+00:00,54919.1015625,54987.94921875,54904.8515625,54962.6015625,0
2026-03-18 05:15:00+00:00,54943.69921875,54959.75,54904.05078125,54925.1484375,0
2026-03-18 05:20:00+00:00,55004.8515625,55011.69921875,54923.19921875,54949.44921875,0
2026-03-18 05:25:00+00:00,55011.8984375,55044.69921875,54996.6484375,55010.1484375,0
2026-03-18 05:30:00+00:00,55015.80078125,55029.75,54989.80078125,55016.5,0
2026-03-18 05:35:00+00:00,55001.19921875,55020.80078125,54965.0,55020.80078125,0
2026-03-18 05:40:00+00:00,55043.3984375,55062.0,54985.6484375,55007.5,0
2026-03-18 05:45:00+00:00,55013.3515625,55041.6015625,54985.75,55040.1015625,0
2026-03-18 05:50:00+00:00,55093.3515625,55096.8515625,55004.69921875,55010.0,0
2026-03-18 05:55:00+00:00,55161.3515625,55172.19921875,55053.19921875,55092.3984375,0
2026-03-18 06:00:00+00:00,55205.6484375,55218.0,55132.3515625,55158.75,0
2026-03-18 06:05:00+00:00,55252.75,55263.30078125,55161.94921875,55204.44921875,0
2026-03-18 06:10:00+00:00,55286.55078125,55329.80078125,55250.5,55253.30078125,0
2026-03-18 06:15:00+00:00,55242.75,55299.30078125,55242.75,55287.55078125,0
2026-03-18 06:20:00+00:00,55297.44921875,55303.30078125,55240.3984375,55241.69921875,0
2026-03-18 06:25:00+00:00,55285.44921875,55308.8984375,55274.44921875,55299.69921875,0
2026-03-18 06:30:00+00:00,55253.3984375,55298.1015625,55244.6484375,55290.8515625,0
2026-03-18 06:35:00+00:00,55201.69921875,55269.19921875,55195.25,55256.3984375,0
2026-03-18 06:40:00+00:00,55226.1015625,55247.1015625,55196.3984375,55199.6015625,0
2026-03-18 06:45:00+00:00,55283.3515625,55287.3984375,55215.55078125,55226.69921875,0
2026-03-18 06:50:00+00:00,55256.55078125,55293.6015625,55237.69921875,55283.1015625,0
2026-03-18 06:55:00+00:00,55176.05078125,55264.19921875,55153.5,55260.44921875,0
2026-03-18 07:00:00+00:00,55222.0,55244.1484375,55172.1015625,55174.5,0
2026-03-18 07:05:00+00:00,55182.44921875,55225.75,55145.44921875,55221.8515625,0
2026-03-18 07:10:00+00:00,55170.94921875,55189.3515625,55157.69921875,55185.6484375,0
2026-03-18 07:15:00+00:00,55169.80078125,55173.69921875,55123.1484375,55171.1015625,0
2026-03-18 07:20:00+00:00,55152.5,55191.5,55143.30078125,55169.80078125,0
2026-03-18 07:25:00+00:00,55155.6484375,55173.6015625,55145.75,55152.6484375,0
2026-03-18 07:30:00+00:00,55210.69921875,55214.55078125,55152.05078125,55152.05078125,0
2026-03-18 07:35:00+00:00,55163.3984375,55213.8515625,55141.0,55211.1484375,0
2026-03-18 07:40:00+00:00,55233.94921875,55234.6484375,55155.25,55159.75,0
2026-03-18 07:45:00+00:00,55226.25,55290.3984375,55219.94921875,55232.3984375,0
2026-03-18 07:50:00+00:00,55313.6484375,55323.44921875,55227.94921875,55227.94921875,0
2026-03-18 07:55:00+00:00,55328.8984375,55338.94921875,55290.55078125,55310.1484375,0
2026-03-18 08:00:00+00:00,55393.5,55395.1015625,55312.19921875,55326.80078125,0
2026-03-18 08:05:00+00:00,55394.5,55404.3515625,55345.1015625,55402.44921875,0
2026-03-18 08:10:00+00:00,55426.19921875,55426.19921875,55370.44921875,55390.8984375,0
2026-03-18 08:15:00+00:00,55362.8515625,55427.6015625,55346.6015625,55427.6015625,0
2026-03-18 08:20:00+00:00,55410.6015625,55423.1484375,55342.44921875,55361.19921875,0
2026-03-18 08:25:00+00:00,55432.6015625,55456.44921875,55408.05078125,55408.05078125,0
2026-03-18 08:30:00+00:00,55401.44921875,55466.8515625,55385.3984375,55429.8515625,0
2026-03-18 08:35:00+00:00,55398.44921875,55404.30078125,55343.3515625,55397.8984375,0
2026-03-18 08:40:00+00:00,55377.1484375,55417.8515625,55364.05078125,55395.55078125,0
2026-03-18 08:45:00+00:00,55433.6484375,55451.75,55346.8515625,55375.69921875,0
2026-03-18 08:50:00+00:00,55516.6015625,55524.44921875,55420.25,55435.3984375,0
2026-03-18 08:55:00+00:00,55470.8515625,55553.05078125,55470.8515625,55515.44921875,0
2026-03-18 09:00:00+00:00,55385.3515625,55492.05078125,55382.8515625,55475.5,0
2026-03-18 09:05:00+00:00,55383.94921875,55406.30078125,55345.1484375,55383.80078125,0
2026-03-18 09:10:00+00:00,55338.75,55419.0,55337.44921875,55384.05078125,0
2026-03-18 09:15:00+00:00,55383.19921875,55405.8984375,55321.5,55340.05078125,0
2026-03-18 09:20:00+00:00,55328.44921875,55401.55078125,55312.3984375,55379.8984375,0
2026-03-18 09:25:00+00:00,55370.44921875,55375.94921875,55321.94921875,55331.6015625,0
2026-03-18 09:30:00+00:00,55351.94921875,55397.30078125,55298.6015625,55371.94921875,0
2026-03-18 09:35:00+00:00,55352.19921875,55379.3515625,55333.8515625,55349.6484375,0
2026-03-18 09:40:00+00:00,55342.80078125,55364.44921875,55336.25,55353.55078125,0
2026-03-18 09:45:00+00:00,55302.1484375,55348.05078125,55295.8515625,55346.8515625,0
2026-03-18 09:50:00+00:00,55287.8984375,55304.05078125,55229.75,55304.05078125,0
2026-03-18 09:55:00+00:00,55324.5,55348.05078125,55287.30078125,55288.1015625,0
2026-03-19 03:45:00+00:00,53746.1015625,54057.6484375,53487.8515625,53573.6015625,0
2026-03-19 03:50:00+00:00,54001.30078125,54001.30078125,53692.8515625,53745.05078125,0
2026-03-19 03:55:00+00:00,53996.8984375,54109.55078125,53980.6484375,54000.6015625,0
2026-03-19 04:00:00+00:00,53884.69921875,53992.8515625,53866.8984375,53992.8515625,0
2026-03-19 04:05:00+00:00,53795.1484375,53912.05078125,53788.5,53884.8515625,0
2026-03-19 04:10:00+00:00,53813.5,53843.8515625,53796.0,53803.80078125,0
2026-03-19 04:15:00+00:00,53640.94921875,53815.6484375,53639.1484375,53811.3984375,0
2026-03-19 04:20:00+00:00,53626.1015625,53722.80078125,53562.94921875,53635.3515625,0
2026-03-19 04:25:00+00:00,53645.3984375,53674.3515625,53616.05078125,53627.25,0
2026-03-19 04:30:00+00:00,53685.6015625,53710.94921875,53600.1015625,53646.1484375,0
2026-03-19 04:35:00+00:00,53684.6484375,53713.80078125,53667.8515625,53692.69921875,0
2026-03-19 04:40:00+00:00,53643.25,53688.8984375,53635.05078125,53684.44921875,0
2026-03-19 04:45:00+00:00,53576.1015625,53639.8984375,53551.8515625,53639.8984375,0
2026-03-19 04:50:00+00:00,53682.6484375,53682.6484375,53570.1015625,53576.3984375,0
2026-03-19 04:55:00+00:00,53741.94921875,53791.8984375,53677.94921875,53683.1015625,0
2026-03-19 05:00:00+00:00,53762.6015625,53798.94921875,53742.8984375,53742.8984375,0
2026-03-19 05:05:00+00:00,53895.44921875,53900.1484375,53748.1015625,53760.19921875,0
2026-03-19 05:10:00+00:00,53902.80078125,53905.44921875,53829.55078125,53890.55078125,0
2026-03-19 05:15:00+00:00,53840.30078125,53902.69921875,53827.69921875,53901.1015625,0
2026-03-19 05:20:00+00:00,53912.1015625,53918.80078125,53839.8984375,53841.05078125,0
2026-03-19 05:25:00+00:00,53864.0,53959.1484375,53859.05078125,53912.6015625,0
2026-03-19 05:30:00+00:00,53829.1015625,53872.05078125,53810.6015625,53858.1015625,0
2026-03-19 05:35:00+00:00,53817.8515625,53862.1484375,53812.6015625,53831.75,0
2026-03-19 05:40:00+00:00,53760.6015625,53864.8515625,53739.44921875,53821.0,0
2026-03-19 05:45:00+00:00,53720.30078125,53761.5,53675.8515625,53761.5,0
2026-03-19 05:50:00+00:00,53798.75,53810.44921875,53709.0,53723.05078125,0
2026-03-19 05:55:00+00:00,53771.80078125,53811.80078125,53754.44921875,53795.8515625,0
2026-03-19 06:00:00+00:00,53823.8984375,53835.25,53757.8984375,53772.94921875,0
2026-03-19 06:05:00+00:00,53850.05078125,53854.0,53810.75,53818.80078125,0
2026-03-19 06:10:00+00:00,53851.55078125,53866.25,53817.6484375,53847.55078125,0
2026-03-19 06:15:00+00:00,53897.80078125,53919.05078125,53832.8515625,53851.3515625,0
2026-03-19 06:20:00+00:00,53915.8984375,53953.55078125,53890.8984375,53894.69921875,0
2026-03-19 06:25:00+00:00,53886.75,53928.80078125,53884.3984375,53916.69921875,0
2026-03-19 06:30:00+00:00,53871.80078125,53913.1484375,53864.19921875,53888.30078125,0
2026-03-19 06:35:00+00:00,53919.8984375,53926.6015625,53868.80078125,53873.69921875,0
2026-03-19 06:40:00+00:00,54040.69921875,54054.69921875,53910.6484375,53915.8515625,0
2026-03-19 06:45:00+00:00,54079.30078125,54105.75,54023.8984375,54042.19921875,0
2026-03-19 06:50:00+00:00,54005.55078125,54079.75,53989.69921875,54076.3984375,0
2026-03-19 06:55:00+00:00,54024.05078125,54045.0,53984.19921875,54001.5,0
2026-03-19 07:00:00+00:00,54045.80078125,54056.5,53999.5,54024.8515625,0
2026-03-19 07:05:00+00:00,54098.6015625,54126.1484375,54032.6484375,54047.05078125,0
2026-03-19 07:10:00+00:00,54030.19921875,54101.6015625,54017.75,54100.3515625,0
2026-03-19 07:15:00+00:00,54116.44921875,54121.19921875,54017.3984375,54030.8984375,0
2026-03-19 07:20:00+00:00,54141.55078125,54141.55078125,54076.69921875,54113.75,0
2026-03-19 07:25:00+00:00,54130.19921875,54149.3984375,54107.44921875,54143.44921875,0
2026-03-19 07:30:00+00:00,54049.8984375,54135.80078125,54035.3515625,54128.6015625,0
2026-03-19 07:35:00+00:00,54043.6484375,54068.3515625,54030.5,54048.8984375,0
2026-03-19 07:40:00+00:00,53933.1484375,54101.19921875,53923.94921875,54043.8515625,0
2026-03-19 07:45:00+00:00,53964.1015625,53974.25,53924.1015625,53932.19921875,0
2026-03-19 07:50:00+00:00,53920.05078125,53985.8515625,53916.80078125,53964.5,0
2026-03-19 07:55:00+00:00,53861.19921875,53938.19921875,53850.3984375,53917.8515625,0
2026-03-19 08:00:00+00:00,53863.25,53915.0,53854.5,53862.6015625,0
2026-03-19 08:05:00+00:00,53952.94921875,53953.19921875,53864.3984375,53867.8515625,0
2026-03-19 08:10:00+00:00,53932.44921875,53977.19921875,53925.75,53952.69921875,0
2026-03-19 08:15:00+00:00,53895.6015625,53940.69921875,53890.19921875,53930.55078125,0
2026-03-19 08:20:00+00:00,53907.30078125,53913.69921875,53871.3984375,53892.8515625,0
2026-03-19 08:25:00+00:00,53824.3515625,53913.3984375,53814.30078125,53905.8984375,0
2026-03-19 08:30:00+00:00,53762.94921875,53852.5,53739.44921875,53825.69921875,0
2026-03-19 08:35:00+00:00,53688.19921875,53765.8984375,53688.19921875,53762.5,0
2026-03-19 08:40:00+00:00,53700.30078125,53717.30078125,53660.1484375,53692.05078125,0
2026-03-19 08:45:00+00:00,53747.75,53793.3515625,53687.3515625,53701.94921875,0
2026-03-19 08:50:00+00:00,53746.3515625,53762.5,53688.44921875,53748.25,0
2026-03-19 08:55:00+00:00,53686.8984375,53750.94921875,53680.8984375,53745.25,0
2026-03-19 09:00:00+00:00,53713.44921875,53736.3515625,53675.8515625,53686.8984375,0
2026-03-19 09:05:00+00:00,53638.80078125,53731.8515625,53638.80078125,53712.1015625,0
2026-03-19 09:10:00+00:00,53698.8984375,53709.0,53602.94921875,53639.69921875,0
2026-03-19 09:15:00+00:00,53645.6484375,53742.05078125,53608.8984375,53696.8515625,0
2026-03-19 09:20:00+00:00,53551.25,53651.69921875,53532.80078125,53642.75,0
2026-03-19 09:25:00+00:00,53284.8515625,53571.44921875,53281.25,53550.55078125,0
2026-03-19 09:30:00+00:00,53442.19921875,53492.8515625,53245.25,53287.25,0
2026-03-19 09:35:00+00:00,53312.8984375,53448.75,53291.6484375,53437.0,0
2026-03-19 09:40:00+00:00,53384.3984375,53453.0,53303.25,53325.1484375,0
2026-03-19 09:45:00+00:00,53556.80078125,53556.80078125,53366.19921875,53382.25,0
2026-03-19 09:50:00+00:00,53640.44921875,53662.6015625,53551.69921875,53555.75,0
2026-03-19 09:55:00+00:00,53693.0,53699.8515625,53613.1015625,53640.3515625,0
2026-03-20 03:45:00+00:00,54195.3984375,54204.44921875,53548.19921875,53548.19921875,0
2026-03-20 03:50:00+00:00,54177.19921875,54256.3515625,54058.8515625,54198.5,0
2026-03-20 03:55:00+00:00,54207.3515625,54223.6484375,54155.3984375,54179.25,0
2026-03-20 04:00:00+00:00,54364.1015625,54368.69921875,54205.8984375,54211.8515625,0
2026-03-20 04:05:00+00:00,54261.80078125,54382.1484375,54239.1484375,54362.3984375,0
2026-03-20 04:10:00+00:00,54157.44921875,54264.25,54154.30078125,54264.25,0
2026-03-20 04:15:00+00:00,54188.75,54216.8515625,54133.05078125,54152.75,0
2026-03-20 04:20:00+00:00,54115.44921875,54209.8984375,54098.6484375,54195.1015625,0
2026-03-20 04:25:00+00:00,54143.1484375,54176.05078125,54096.0,54112.1015625,0
2026-03-20 04:30:00+00:00,54064.3515625,54145.25,54044.19921875,54142.25,0
2026-03-20 04:35:00+00:00,54072.3515625,54119.05078125,54027.0,54065.30078125,0
2026-03-20 04:40:00+00:00,54015.44921875,54082.3515625,54015.44921875,54065.6484375,0
2026-03-20 04:45:00+00:00,53969.05078125,54021.1484375,53911.80078125,54017.1015625,0
2026-03-20 04:50:00+00:00,53993.80078125,54004.6484375,53930.94921875,53971.25,0
2026-03-20 04:55:00+00:00,54027.8984375,54047.6484375,53980.3515625,53990.25,0
2026-03-20 05:00:00+00:00,54053.80078125,54083.94921875,54024.1484375,54029.0,0
2026-03-20 05:05:00+00:00,54061.6015625,54082.94921875,54035.8984375,54053.44921875,0
2026-03-20 05:10:00+00:00,54063.1015625,54110.0,54053.0,54059.80078125,0
2026-03-20 05:15:00+00:00,54098.80078125,54154.19921875,54031.3984375,54060.8515625,0
2026-03-20 05:20:00+00:00,54143.0,54148.44921875,54087.55078125,54098.1015625,0
2026-03-20 05:25:00+00:00,54096.8984375,54143.44921875,54036.94921875,54142.55078125,0
2026-03-20 05:30:00+00:00,54049.1015625,54116.25,54040.25,54094.1015625,0
2026-03-20 05:35:00+00:00,54078.94921875,54100.1484375,54032.75,54047.80078125,0
2026-03-20 05:40:00+00:00,54092.3984375,54100.8984375,54036.6015625,54079.80078125,0
2026-03-20 05:45:00+00:00,54153.25,54157.8515625,54076.8984375,54092.30078125,0
2026-03-20 05:50:00+00:00,54184.3515625,54249.30078125,54144.6484375,54151.75,0
2026-03-20 05:55:00+00:00,54121.6484375,54191.6015625,54099.69921875,54187.44921875,0
2026-03-20 06:00:00+00:00,54104.69921875,54156.05078125,54101.3515625,54120.8515625,0
2026-03-20 06:05:00+00:00,54075.0,54118.3984375,54074.1484375,54101.5,0
2026-03-20 06:10:00+00:00,54015.69921875,54087.19921875,54010.6484375,54078.6015625,0
2026-03-20 06:15:00+00:00,54012.1015625,54032.44921875,53988.8515625,54015.55078125,0
2026-03-20 06:20:00+00:00,53948.25,54014.6015625,53937.1015625,54014.6015625,0
2026-03-20 06:25:00+00:00,53939.6015625,53946.6484375,53887.3515625,53946.6484375,0
2026-03-20 06:30:00+00:00,53855.6484375,53961.3515625,53849.1484375,53939.19921875,0
2026-03-20 06:35:00+00:00,53782.6015625,53895.8515625,53782.6015625,53855.0,0
2026-03-20 06:40:00+00:00,53833.8515625,53840.55078125,53770.5,53782.6015625,0
2026-03-20 06:45:00+00:00,53715.0,53834.30078125,53709.0,53834.30078125,0
2026-03-20 06:50:00+00:00,53649.6484375,53740.75,53644.8984375,53720.0,0
2026-03-20 06:55:00+00:00,53624.44921875,53651.0,53575.80078125,53646.1484375,0
2026-03-20 07:00:00+00:00,53672.0,53674.1484375,53510.44921875,53622.5,0
2026-03-20 07:05:00+00:00,53728.5,53740.05078125,53653.1484375,53670.75,0
2026-03-20 07:10:00+00:00,53785.0,53821.69921875,53712.1015625,53727.8984375,0
2026-03-20 07:15:00+00:00,53812.69921875,53848.5,53774.80078125,53787.05078125,0
2026-03-20 07:20:00+00:00,53828.8984375,53856.6015625,53769.19921875,53813.05078125,0
2026-03-20 07:25:00+00:00,53797.05078125,53910.80078125,53790.94921875,53822.6484375,0
2026-03-20 07:30:00+00:00,53851.6015625,53858.3984375,53759.05078125,53795.8515625,0
2026-03-20 07:35:00+00:00,53891.44921875,53929.80078125,53844.19921875,53851.5,0
2026-03-20 07:40:00+00:00,53850.1484375,53889.3515625,53830.5,53889.3515625,0
2026-03-20 07:45:00+00:00,53874.44921875,53936.30078125,53847.05078125,53847.05078125,0
2026-03-20 07:50:00+00:00,53885.69921875,53905.6484375,53821.69921875,53874.80078125,0
2026-03-20 07:55:00+00:00,53907.1015625,53966.1484375,53878.1015625,53886.8984375,0
2026-03-20 08:00:00+00:00,53835.30078125,53925.8515625,53830.80078125,53908.80078125,0
2026-03-20 08:05:00+00:00,53873.44921875,53897.05078125,53820.94921875,53837.05078125,0
2026-03-20 08:10:00+00:00,53776.6015625,53878.94921875,53768.3984375,53878.25,0
2026-03-20 08:15:00+00:00,53714.1484375,53785.75,53707.05078125,53781.5,0
2026-03-20 08:20:00+00:00,53745.1015625,53749.80078125,53693.55078125,53713.3515625,0
2026-03-20 08:25:00+00:00,53682.55078125,53779.30078125,53668.6015625,53744.8515625,0
2026-03-20 08:30:00+00:00,53791.3515625,53792.5,53647.6015625,53688.0,0
2026-03-20 08:35:00+00:00,53750.5,53820.25,53713.69921875,53794.80078125,0
2026-03-20 08:40:00+00:00,53715.44921875,53782.25,53700.94921875,53753.8515625,0
2026-03-20 08:45:00+00:00,53712.44921875,53717.0,53671.30078125,53711.80078125,0
2026-03-20 08:50:00+00:00,53615.0,53726.75,53591.8515625,53713.1015625,0
2026-03-20 08:55:00+00:00,53549.0,53624.44921875,53547.1015625,53617.3984375,0
2026-03-20 09:00:00+00:00,53603.75,53619.1484375,53529.05078125,53547.25,0
2026-03-20 09:05:00+00:00,53549.6015625,53610.5,53491.1015625,53606.05078125,0
2026-03-20 09:10:00+00:00,53421.80078125,53566.25,53420.0,53550.8515625,0
2026-03-20 09:15:00+00:00,53456.1015625,53473.0,53389.80078125,53423.8515625,0
2026-03-20 09:20:00+00:00,53408.80078125,53470.5,53368.30078125,53456.94921875,0
2026-03-20 09:25:00+00:00,53419.69921875,53432.3984375,53367.3984375,53408.1484375,0
2026-03-20 09:30:00+00:00,53527.3984375,53621.8515625,53410.30078125,53423.1015625,0
2026-03-20 09:35:00+00:00,53470.8515625,53558.05078125,53453.8515625,53527.25,0
2026-03-20 09:40:00+00:00,53383.8515625,53495.30078125,53358.1484375,53469.6015625,0
2026-03-20 09:45:00+00:00,53353.05078125,53388.25,53298.6015625,53385.3515625,0
2026-03-20 09:50:00+00:00,53385.30078125,53447.25,53340.3515625,53350.55078125,0
2026-03-20 09:55:00+00:00,53453.8515625,53457.6484375,53369.75,53389.8984375,0
2026-03-23 03:45:00+00:00,52153.6015625,52629.8515625,52073.25,52605.80078125,0
2026-03-23 03:50:00+00:00,52189.75,52263.55078125,52119.30078125,52155.44921875,0
2026-03-23 03:55:00+00:00,52190.19921875,52250.8984375,52152.19921875,52188.69921875,0
2026-03-23 04:00:00+00:00,52165.0,52210.94921875,52141.55078125,52186.75,0
2026-03-23 04:05:00+00:00,52178.6484375,52266.94921875,52154.94921875,52164.3515625,0
2026-03-23 04:10:00+00:00,52187.5,52193.55078125,52147.69921875,52180.25,0
2026-03-23 04:15:00+00:00,52063.8515625,52192.44921875,52038.25,52186.75,0
2026-03-23 04:20:00+00:00,51956.3515625,52067.8984375,51946.5,52061.75,0
2026-03-23 04:25:00+00:00,51846.0,51970.25,51838.3984375,51957.30078125,0
2026-03-23 04:30:00+00:00,51883.69921875,51895.0,51796.30078125,51845.80078125,0
2026-03-23 04:35:00+00:00,51898.05078125,51963.1484375,51883.1484375,51883.1484375,0
2026-03-23 04:40:00+00:00,51826.6015625,51906.8515625,51820.44921875,51896.44921875,0
2026-03-23 04:45:00+00:00,51810.8515625,51896.05078125,51804.3984375,51825.1484375,0
2026-03-23 04:50:00+00:00,51744.44921875,51810.3515625,51741.6015625,51810.3515625,0
2026-03-23 04:55:00+00:00,51718.8515625,51787.55078125,51715.6015625,51740.75,0
2026-03-23 05:00:00+00:00,51733.6484375,51788.1015625,51712.30078125,51717.6484375,0
2026-03-23 05:05:00+00:00,51786.0,51842.30078125,51730.8515625,51736.55078125,0
2026-03-23 05:10:00+00:00,51770.69921875,51828.5,51757.8515625,51785.30078125,0
2026-03-23 05:15:00+00:00,51756.3984375,51789.05078125,51730.1484375,51772.8515625,0
2026-03-23 05:20:00+00:00,51663.80078125,51758.6015625,51640.6484375,51756.8515625,0
2026-03-23 05:25:00+00:00,51654.8515625,51689.6484375,51619.6015625,51659.3984375,0
2026-03-23 05:30:00+00:00,51633.8515625,51660.69921875,51569.75,51658.3515625,0
2026-03-23 05:35:00+00:00,51720.3984375,51783.30078125,51611.6484375,51631.69921875,0
2026-03-23 05:40:00+00:00,51747.0,51760.8515625,51709.5,51717.1484375,0
2026-03-23 05:45:00+00:00,51736.8984375,51751.80078125,51697.8984375,51748.75,0
2026-03-23 05:50:00+00:00,51758.5,51792.75,51714.1484375,51734.0,0
2026-03-23 05:55:00+00:00,51783.3984375,51797.30078125,51741.6015625,51758.44921875,0
2026-03-23 06:00:00+00:00,51687.8515625,51817.80078125,51660.1484375,51786.8515625,0
2026-03-23 06:05:00+00:00,51692.3984375,51696.19921875,51642.44921875,51686.75,0
2026-03-23 06:10:00+00:00,51665.1484375,51760.30078125,51632.05078125,51694.1015625,0
2026-03-23 06:15:00+00:00,51700.1484375,51700.30078125,51651.0,51662.3515625,0
2026-03-23 06:20:00+00:00,51746.44921875,51790.75,51682.25,51698.55078125,0
2026-03-23 06:25:00+00:00,51736.3515625,51773.1484375,51711.1484375,51747.1484375,0
2026-03-23 06:30:00+00:00,51717.80078125,51779.19921875,51712.3984375,51746.25,0
2026-03-23 06:35:00+00:00,51743.1015625,51743.1015625,51673.1484375,51716.30078125,0
2026-03-23 06:40:00+00:00,51708.0,51767.94921875,51703.25,51740.8984375,0
2026-03-23 06:45:00+00:00,51701.30078125,51715.05078125,51659.1015625,51706.6484375,0
2026-03-23 06:50:00+00:00,51609.8984375,51715.30078125,51606.80078125,51698.3984375,0
2026-03-23 06:55:00+00:00,51717.25,51725.0,51602.5,51616.1015625,0
2026-03-23 07:00:00+00:00,51704.75,51730.69921875,51667.80078125,51714.6015625,0
2026-03-23 07:05:00+00:00,51741.94921875,51806.80078125,51703.8984375,51703.8984375,0
2026-03-23 07:10:00+00:00,51729.8984375,51779.1015625,51672.69921875,51736.6484375,0
2026-03-23 07:15:00+00:00,51756.19921875,51789.44921875,51699.6015625,51730.55078125,0
2026-03-23 07:20:00+00:00,51635.30078125,51757.1484375,51633.05078125,51754.6484375,0
2026-03-23 07:25:00+00:00,51648.8984375,51652.5,51593.8984375,51635.69921875,0
2026-03-23 07:30:00+00:00,51615.44921875,51653.5,51599.6015625,51647.44921875,0
2026-03-23 07:35:00+00:00,51637.6015625,51684.94921875,51598.1015625,51611.44921875,0
2026-03-23 07:40:00+00:00,51605.1484375,51644.69921875,51557.3515625,51635.6484375,0
2026-03-23 07:45:00+00:00,51612.8515625,51672.3515625,51607.3984375,51607.3984375,0
2026-03-23 07:50:00+00:00,51653.05078125,51679.8984375,51597.3515625,51612.69921875,0
2026-03-23 07:55:00+00:00,51664.80078125,51702.5,51618.8984375,51652.69921875,0
2026-03-23 08:00:00+00:00,51740.25,51749.8515625,51658.94921875,51664.19921875,0
2026-03-23 08:05:00+00:00,51742.69921875,51779.6015625,51730.75,51741.6484375,0
2026-03-23 08:10:00+00:00,51847.8515625,51854.69921875,51729.1015625,51740.44921875,0
2026-03-23 08:15:00+00:00,51846.8515625,51868.25,51806.8984375,51841.6484375,0
2026-03-23 08:20:00+00:00,51842.75,51917.44921875,51811.8515625,51851.69921875,0
2026-03-23 08:25:00+00:00,51849.0,51916.1484375,51837.80078125,51847.69921875,0
2026-03-23 08:30:00+00:00,51986.25,52016.80078125,51816.25,51848.3984375,0
2026-03-23 08:35:00+00:00,51965.8515625,52041.3515625,51918.75,51992.25,0
2026-03-23 08:40:00+00:00,51942.1015625,51987.44921875,51914.69921875,51968.6484375,0
2026-03-23 08:45:00+00:00,51976.3515625,51992.25,51914.80078125,51941.75,0
2026-03-23 08:50:00+00:00,51910.75,51988.6015625,51909.6484375,51975.6015625,0
2026-03-23 08:55:00+00:00,51836.1015625,51943.8515625,51832.69921875,51908.94921875,0
2026-03-23 09:00:00+00:00,51589.0,51839.25,51566.8515625,51837.25,0
2026-03-23 09:05:00+00:00,51679.3515625,51783.44921875,51578.5,51584.25,0
2026-03-23 09:10:00+00:00,51789.6015625,51803.69921875,51632.6484375,51670.69921875,0
2026-03-23 09:15:00+00:00,51749.5,51793.3984375,51701.8515625,51783.3984375,0
2026-03-23 09:20:00+00:00,51751.3984375,51868.1015625,51745.80078125,51751.8984375,0
2026-03-23 09:25:00+00:00,51692.80078125,51757.0,51655.69921875,51754.25,0
2026-03-23 09:30:00+00:00,51475.3515625,51696.6015625,51473.25,51694.3984375,0
2026-03-23 09:35:00+00:00,51520.80078125,51539.25,51420.69921875,51471.3515625,0
2026-03-23 09:40:00+00:00,51410.75,51555.94921875,51402.3515625,51526.1484375,0
2026-03-23 09:45:00+00:00,51343.19921875,51410.3515625,51341.44921875,51407.05078125,0
2026-03-23 09:50:00+00:00,51389.25,51393.8984375,51327.8515625,51341.69921875,0
2026-03-23 09:55:00+00:00,51446.1484375,51491.3984375,51349.5,51391.44921875,0
2026-03-24 03:45:00+00:00,52218.19921875,52438.69921875,52166.5,52438.69921875,0
2026-03-24 03:50:00+00:00,52294.55078125,52317.6015625,52211.6015625,52242.5,0
2026-03-24 03:55:00+00:00,52429.94921875,52457.69921875,52285.6015625,52292.80078125,0
2026-03-24 04:00:00+00:00,52353.6015625,52494.30078125,52351.25,52425.44921875,0
2026-03-24 04:05:00+00:00,52217.05078125,52403.8515625,52217.05078125,52350.30078125,0
2026-03-24 04:10:00+00:00,52196.0,52308.44921875,52155.30078125,52224.5,0
2026-03-24 04:15:00+00:00,52127.3515625,52204.5,52082.94921875,52194.80078125,0
2026-03-24 04:20:00+00:00,52162.8515625,52176.44921875,52081.80078125,52123.80078125,0
2026-03-24 04:25:00+00:00,52240.0,52291.8984375,52143.75,52161.94921875,0
2026-03-24 04:30:00+00:00,52117.80078125,52244.1484375,52098.5,52240.3984375,0
2026-03-24 04:35:00+00:00,52008.0,52131.30078125,51997.75,52115.05078125,0
2026-03-24 04:40:00+00:00,52075.25,52111.8515625,51999.05078125,52009.19921875,0
2026-03-24 04:45:00+00:00,52155.6484375,52192.75,52062.75,52077.30078125,0
2026-03-24 04:50:00+00:00,52235.25,52235.25,52101.19921875,52156.44921875,0
2026-03-24 04:55:00+00:00,52129.75,52248.0,52117.0,52235.1015625,0
2026-03-24 05:00:00+00:00,51972.0,52132.94921875,51970.3515625,52132.3984375,0
2026-03-24 05:05:00+00:00,51874.25,51978.80078125,51869.3984375,51961.19921875,0
2026-03-24 05:10:00+00:00,51977.25,52012.6015625,51867.1015625,51871.44921875,0
2026-03-24 05:15:00+00:00,52035.1015625,52111.1015625,51943.3515625,51978.44921875,0
2026-03-24 05:20:00+00:00,51943.44921875,52062.3515625,51917.6484375,52034.75,0
2026-03-24 05:25:00+00:00,51846.75,51953.8515625,51828.30078125,51944.6484375,0
2026-03-24 05:30:00+00:00,51930.1015625,51938.6015625,51846.05078125,51846.6015625,0
2026-03-24 05:35:00+00:00,51945.1484375,51960.05078125,51881.55078125,51930.1015625,0
2026-03-24 05:40:00+00:00,51957.44921875,52009.3515625,51927.3515625,51946.1015625,0
2026-03-24 05:45:00+00:00,52046.30078125,52067.19921875,51956.0,51976.3515625,0
2026-03-24 05:50:00+00:00,51945.75,52068.6015625,51942.5,52049.8515625,0
2026-03-24 05:55:00+00:00,52014.69921875,52052.8984375,51924.6484375,51948.6015625,0
2026-03-24 06:00:00+00:00,52060.94921875,52067.0,52013.44921875,52016.75,0
2026-03-24 06:05:00+00:00,52064.6484375,52104.6015625,52046.3515625,52058.0,0
2026-03-24 06:10:00+00:00,52037.3984375,52081.8984375,51992.6015625,52064.1484375,0
2026-03-24 06:15:00+00:00,52040.69921875,52136.6015625,52018.3984375,52038.1015625,0
2026-03-24 06:20:00+00:00,52054.75,52079.55078125,51993.25,52041.0,0
2026-03-24 06:25:00+00:00,52117.25,52185.6484375,52048.3515625,52052.69921875,0
2026-03-24 06:30:00+00:00,52083.8515625,52136.25,52070.25,52118.55078125,0
2026-03-24 06:35:00+00:00,52040.69921875,52088.1015625,52017.0,52087.25,0
2026-03-24 06:40:00+00:00,51993.3984375,52063.05078125,51989.30078125,52040.3515625,0
2026-03-24 06:45:00+00:00,51995.55078125,52018.75,51972.1484375,51994.80078125,0
2026-03-24 06:50:00+00:00,52283.05078125,52284.0,51988.69921875,51997.55078125,0
2026-03-24 06:55:00+00:00,52221.5,52423.6015625,52172.5,52278.25,0
2026-03-24 07:00:00+00:00,52471.05078125,52471.05078125,52218.3984375,52219.25,0
2026-03-24 07:05:00+00:00,52601.80078125,52601.80078125,52458.30078125,52470.3984375,0
2026-03-24 07:10:00+00:00,52620.55078125,52704.3515625,52576.1015625,52606.69921875,0
2026-03-24 07:15:00+00:00,52778.1484375,52791.44921875,52617.94921875,52620.75,0
2026-03-24 07:20:00+00:00,52822.25,52859.55078125,52728.3984375,52776.25,0
2026-03-24 07:25:00+00:00,52689.25,52821.8515625,52621.8515625,52821.69921875,0
2026-03-24 07:30:00+00:00,52582.69921875,52710.6015625,52565.05078125,52684.6015625,0
2026-03-24 07:35:00+00:00,52631.05078125,52660.69921875,52516.19921875,52587.3515625,0
2026-03-24 07:40:00+00:00,52768.75,52768.75,52617.80078125,52631.19921875,0
2026-03-24 07:45:00+00:00,52750.8984375,52773.30078125,52691.6015625,52765.19921875,0
2026-03-24 07:50:00+00:00,52748.8515625,52810.30078125,52694.8515625,52750.69921875,0
2026-03-24 07:55:00+00:00,52851.25,52854.30078125,52731.6015625,52752.69921875,0
2026-03-24 08:00:00+00:00,52847.30078125,52862.19921875,52780.05078125,52847.44921875,0
2026-03-24 08:05:00+00:00,52859.19921875,52926.25,52828.25,52845.69921875,0
2026-03-24 08:10:00+00:00,52887.1484375,52947.55078125,52838.8984375,52860.25,0
2026-03-24 08:15:00+00:00,52691.69921875,52906.6015625,52691.19921875,52889.44921875,0
2026-03-24 08:20:00+00:00,52748.19921875,52792.1484375,52676.30078125,52692.6484375,0
2026-03-24 08:25:00+00:00,52749.94921875,52799.3984375,52736.1015625,52748.1484375,0
2026-03-24 08:30:00+00:00,52747.0,52807.3515625,52694.94921875,52746.3515625,0
2026-03-24 08:35:00+00:00,52734.44921875,52798.1015625,52697.0,52746.19921875,0
2026-03-24 08:40:00+00:00,52809.44921875,52819.3515625,52732.05078125,52736.0,0
2026-03-24 08:45:00+00:00,52743.80078125,52917.75,52741.05078125,52814.44921875,0
2026-03-24 08:50:00+00:00,52747.30078125,52805.6015625,52652.0,52746.6015625,0
2026-03-24 08:55:00+00:00,52726.44921875,52765.5,52694.25,52745.25,0
2026-03-24 09:00:00+00:00,52691.6484375,52728.80078125,52670.75,52726.44921875,0
2026-03-24 09:05:00+00:00,52570.5,52715.80078125,52568.3515625,52692.30078125,0
2026-03-24 09:10:00+00:00,52587.6484375,52684.75,52530.75,52569.25,0
2026-03-24 09:15:00+00:00,52625.25,52629.25,52553.25,52584.25,0
2026-03-24 09:20:00+00:00,52594.0,52630.5,52550.80078125,52623.75,0
2026-03-24 09:25:00+00:00,52668.8984375,52717.0,52583.5,52599.3515625,0
2026-03-24 09:30:00+00:00,52604.0,52671.6015625,52566.3984375,52671.6015625,0
2026-03-24 09:35:00+00:00,52609.19921875,52682.44921875,52566.8984375,52605.6484375,0
2026-03-24 09:40:00+00:00,52548.0,52621.3984375,52542.80078125,52599.0,0
2026-03-24 09:45:00+00:00,52634.1484375,52642.8984375,52493.1484375,52549.69921875,0
2026-03-24 09:50:00+00:00,52650.25,52660.19921875,52612.05078125,52629.8984375,0
2026-03-24 09:55:00+00:00,52745.6484375,52753.1015625,52646.30078125,52651.55078125,0
2026-03-25 03:45:00+00:00,53421.25,53459.05078125,53026.3515625,53026.3515625,0
2026-03-25 03:50:00+00:00,53519.25,53533.19921875,53419.8984375,53419.8984375,0
2026-03-25 03:55:00+00:00,53545.6015625,53571.05078125,53518.6015625,53520.6015625,0
2026-03-25 04:00:00+00:00,53586.8984375,53594.30078125,53525.1484375,53545.75,0
2026-03-25 04:05:00+00:00,53504.8515625,53597.75,53477.1484375,53584.25,0
2026-03-25 04:10:00+00:00,53689.05078125,53695.1015625,53461.19921875,53507.30078125,0
2026-03-25 04:15:00+00:00,53651.8984375,53750.94921875,53644.0,53686.8515625,0
2026-03-25 04:20:00+00:00,53681.75,53687.94921875,53627.19921875,53652.44921875,0
2026-03-25 04:25:00+00:00,53642.75,53688.6015625,53605.1484375,53677.6015625,0
2026-03-25 04:30:00+00:00,53628.94921875,53684.1015625,53614.25,53637.0,0
2026-03-25 04:35:00+00:00,53666.75,53675.8984375,53528.8984375,53630.1015625,0
2026-03-25 04:40:00+00:00,53718.75,53719.30078125,53659.69921875,53669.69921875,0
2026-03-25 04:45:00+00:00,53709.5,53754.3515625,53661.3984375,53713.25,0
2026-03-25 04:50:00+00:00,53643.1484375,53751.25,53628.05078125,53709.69921875,0
2026-03-25 04:55:00+00:00,53720.1015625,53725.1015625,53641.0,53643.6015625,0
2026-03-25 05:00:00+00:00,53699.1015625,53741.5,53664.8515625,53715.55078125,0
2026-03-25 05:05:00+00:00,53694.69921875,53715.0,53677.5,53700.55078125,0
2026-03-25 05:10:00+00:00,53850.30078125,53866.3515625,53695.19921875,53696.80078125,0
2026-03-25 05:15:00+00:00,53853.69921875,53894.69921875,53843.1484375,53851.0,0
2026-03-25 05:20:00+00:00,53879.69921875,53893.8515625,53822.80078125,53861.3984375,0
2026-03-25 05:25:00+00:00,53893.6015625,53897.19921875,53844.44921875,53881.3515625,0
2026-03-25 05:30:00+00:00,53895.44921875,53926.25,53873.8515625,53889.94921875,0
2026-03-25 05:35:00+00:00,53964.05078125,53987.6015625,53882.55078125,53893.6015625,0
2026-03-25 05:40:00+00:00,53987.19921875,53990.1484375,53938.69921875,53956.75,0
2026-03-25 05:45:00+00:00,53935.19921875,54014.75,53927.94921875,53985.6484375,0
2026-03-25 05:50:00+00:00,53855.80078125,53951.6015625,53852.6484375,53937.75,0
2026-03-25 05:55:00+00:00,53892.80078125,53902.8984375,53839.6484375,53855.6015625,0
2026-03-25 06:00:00+00:00,53867.75,53919.44921875,53854.75,53892.05078125,0
2026-03-25 06:05:00+00:00,53746.69921875,53875.69921875,53683.0,53865.55078125,0
2026-03-25 06:10:00+00:00,53794.1484375,53811.55078125,53725.30078125,53738.94921875,0
2026-03-25 06:15:00+00:00,53904.25,53939.3984375,53773.3984375,53792.44921875,0
2026-03-25 06:20:00+00:00,53979.6015625,53992.75,53894.69921875,53901.0,0
2026-03-25 06:25:00+00:00,53963.3984375,54006.3515625,53935.05078125,53975.8984375,0
2026-03-25 06:30:00+00:00,53997.8984375,54003.55078125,53944.3515625,53962.1015625,0
2026-03-25 06:35:00+00:00,53978.44921875,54020.25,53953.19921875,53997.25,0
2026-03-25 06:40:00+00:00,54090.05078125,54096.30078125,53970.3515625,53979.44921875,0
2026-03-25 06:45:00+00:00,54089.1015625,54101.5,54016.8515625,54095.30078125,0
2026-03-25 06:50:00+00:00,54050.6015625,54102.19921875,54049.25,54096.19921875,0
2026-03-25 06:55:00+00:00,54022.44921875,54053.94921875,54000.75,54053.94921875,0
2026-03-25 07:00:00+00:00,54093.3515625,54144.80078125,53980.0,54027.0,0
2026-03-25 07:05:00+00:00,54025.8515625,54104.44921875,54024.44921875,54097.30078125,0
2026-03-25 07:10:00+00:00,54059.8515625,54075.30078125,54009.6484375,54031.25,0
2026-03-25 07:15:00+00:00,53953.8515625,54075.6015625,53942.8984375,54062.19921875,0
2026-03-25 07:20:00+00:00,53881.1015625,53959.69921875,53868.25,53959.0,0
2026-03-25 07:25:00+00:00,53843.6484375,53919.05078125,53839.55078125,53878.69921875,0
2026-03-25 07:30:00+00:00,53924.19921875,53947.6484375,53827.05078125,53842.05078125,0
2026-03-25 07:35:00+00:00,53900.30078125,53986.80078125,53877.8515625,53927.8984375,0
2026-03-25 07:40:00+00:00,53900.80078125,53929.1484375,53889.55078125,53904.80078125,0
2026-03-25 07:45:00+00:00,53853.80078125,53949.8515625,53853.80078125,53899.44921875,0
2026-03-25 07:50:00+00:00,53881.8515625,53892.1015625,53830.8515625,53852.3984375,0
2026-03-25 07:55:00+00:00,53951.55078125,53974.8984375,53878.8984375,53878.8984375,0
2026-03-25 08:00:00+00:00,53963.1484375,53982.19921875,53862.3515625,53950.19921875,0
2026-03-25 08:05:00+00:00,53993.6015625,54021.6484375,53953.5,53964.8515625,0
2026-03-25 08:10:00+00:00,54027.30078125,54035.3515625,53966.8984375,53993.6015625,0
2026-03-25 08:15:00+00:00,54066.05078125,54071.3984375,54014.80078125,54030.5,0
2026-03-25 08:20:00+00:00,54021.19921875,54111.0,53996.25,54065.05078125,0
2026-03-25 08:25:00+00:00,54052.6015625,54076.69921875,53997.1484375,54030.19921875,0
2026-03-25 08:30:00+00:00,54070.0,54119.5,54033.19921875,54057.94921875,0
2026-03-25 08:35:00+00:00,53974.0,54081.1484375,53953.6015625,54080.0,0
2026-03-25 08:40:00+00:00,53907.6484375,54000.19921875,53902.8984375,53973.3515625,0
2026-03-25 08:45:00+00:00,53872.19921875,53927.19921875,53869.6484375,53915.69921875,0
2026-03-25 08:50:00+00:00,53748.8984375,53907.25,53732.75,53873.05078125,0
2026-03-25 08:55:00+00:00,53825.6015625,53841.75,53743.30078125,53752.05078125,0
2026-03-25 09:00:00+00:00,53811.6015625,53869.1015625,53763.8984375,53824.3984375,0
2026-03-25 09:05:00+00:00,53806.19921875,53839.19921875,53765.8515625,53816.3984375,0
2026-03-25 09:10:00+00:00,53853.69921875,53898.25,53804.75,53806.6484375,0
2026-03-25 09:15:00+00:00,53815.05078125,53881.69921875,53776.1015625,53851.75,0
2026-03-25 09:20:00+00:00,53759.44921875,53825.25,53738.5,53810.55078125,0
2026-03-25 09:25:00+00:00,53763.55078125,53783.6015625,53739.3515625,53756.1484375,0
2026-03-25 09:30:00+00:00,53783.6484375,53859.8984375,53623.8515625,53764.5,0
2026-03-25 09:35:00+00:00,53753.05078125,53786.69921875,53659.0,53783.6484375,0
2026-03-25 09:40:00+00:00,53676.1484375,53749.30078125,53657.1015625,53745.6484375,0
2026-03-25 09:45:00+00:00,53666.8515625,53735.94921875,53659.8515625,53676.1015625,0
2026-03-25 09:50:00+00:00,53687.0,53703.75,53653.3515625,53665.3515625,0
2026-03-25 09:55:00+00:00,53689.94921875,53700.5,53653.75,53692.6015625,0
2026-03-27 03:45:00+00:00,52842.1484375,53259.75,52825.55078125,53244.25,0
2026-03-27 03:50:00+00:00,52885.8515625,52955.8515625,52775.6484375,52839.80078125,0
2026-03-27 03:55:00+00:00,52810.69921875,52893.1015625,52800.8984375,52889.55078125,0
2026-03-27 04:00:00+00:00,52742.30078125,52845.6015625,52736.94921875,52813.1015625,0
2026-03-27 04:05:00+00:00,52739.0,52759.6484375,52698.0,52740.5,0
2026-03-27 04:10:00+00:00,52791.44921875,52799.0,52724.30078125,52741.1015625,0
2026-03-27 04:15:00+00:00,52756.5,52793.3515625,52715.94921875,52783.6015625,0
2026-03-27 04:20:00+00:00,52716.0,52774.5,52709.94921875,52755.19921875,0
2026-03-27 04:25:00+00:00,52681.55078125,52721.94921875,52640.8515625,52713.94921875,0
2026-03-27 04:30:00+00:00,52759.3515625,52774.25,52657.3515625,52678.5,0
2026-03-27 04:35:00+00:00,52716.6015625,52759.0,52640.94921875,52756.8515625,0
2026-03-27 04:40:00+00:00,52629.1015625,52717.6484375,52618.3515625,52717.6484375,0
2026-03-27 04:45:00+00:00,52615.8984375,52669.19921875,52597.5,52632.3984375,0
2026-03-27 04:50:00+00:00,52680.1484375,52703.75,52594.75,52616.1484375,0
2026-03-27 04:55:00+00:00,52691.19921875,52700.30078125,52634.3515625,52677.0,0
2026-03-27 05:00:00+00:00,52674.75,52761.1484375,52656.80078125,52692.19921875,0
2026-03-27 05:05:00+00:00,52751.0,52757.25,52670.69921875,52673.30078125,0
2026-03-27 05:10:00+00:00,52658.5,52751.75,52639.80078125,52751.1015625,0
2026-03-27 05:15:00+00:00,52616.3984375,52667.3515625,52603.25,52656.1484375,0
2026-03-27 05:20:00+00:00,52567.0,52635.55078125,52559.3984375,52622.3984375,0
2026-03-27 05:25:00+00:00,52584.30078125,52612.44921875,52537.8984375,52565.44921875,0
2026-03-27 05:30:00+00:00,52554.3984375,52625.75,52536.1015625,52584.69921875,0
2026-03-27 05:35:00+00:00,52584.44921875,52603.1484375,52533.1484375,52556.30078125,0
2026-03-27 05:40:00+00:00,52591.94921875,52610.0,52564.30078125,52587.6015625,0
2026-03-27 05:45:00+00:00,52524.05078125,52616.55078125,52522.0,52591.75,0
2026-03-27 05:50:00+00:00,52518.80078125,52546.1015625,52511.5,52528.05078125,0
2026-03-27 05:55:00+00:00,52453.94921875,52545.8515625,52435.30078125,52523.25,0
2026-03-27 06:00:00+00:00,52502.1015625,52532.25,52447.5,52455.6484375,0
2026-03-27 06:05:00+00:00,52535.8515625,52556.8984375,52494.69921875,52501.69921875,0
2026-03-27 06:10:00+00:00,52528.80078125,52566.94921875,52477.19921875,52536.5,0
2026-03-27 06:15:00+00:00,52512.8984375,52558.1015625,52490.75,52528.80078125,0
2026-03-27 06:20:00+00:00,52554.75,52556.3515625,52500.5,52514.19921875,0
2026-03-27 06:25:00+00:00,52540.55078125,52559.30078125,52509.44921875,52552.44921875,0
2026-03-27 06:30:00+00:00,52511.44921875,52539.05078125,52457.8984375,52537.3515625,0
2026-03-27 06:35:00+00:00,52513.3515625,52560.3984375,52500.6015625,52512.0,0
2026-03-27 06:40:00+00:00,52492.1484375,52530.19921875,52484.94921875,52511.6484375,0
2026-03-27 06:45:00+00:00,52454.0,52495.3515625,52428.5,52487.3515625,0
2026-03-27 06:50:00+00:00,52515.1015625,52515.8984375,52443.25,52452.8984375,0
2026-03-27 06:55:00+00:00,52601.69921875,52614.3984375,52495.44921875,52515.6015625,0
2026-03-27 07:00:00+00:00,52583.1484375,52605.25,52511.8515625,52605.25,0
2026-03-27 07:05:00+00:00,52551.6484375,52594.05078125,52535.8515625,52580.1484375,0
2026-03-27 07:10:00+00:00,52613.69921875,52613.69921875,52542.44921875,52550.6015625,0
2026-03-27 07:15:00+00:00,52599.55078125,52610.44921875,52565.6484375,52607.44921875,0
2026-03-27 07:20:00+00:00,52605.6484375,52668.5,52545.1484375,52603.6484375,0
2026-03-27 07:25:00+00:00,52574.3515625,52618.6015625,52563.1015625,52605.3515625,0
2026-03-27 07:30:00+00:00,52564.44921875,52594.8515625,52563.0,52575.30078125,0
2026-03-27 07:35:00+00:00,52572.1015625,52605.75,52561.6484375,52563.8515625,0
2026-03-27 07:40:00+00:00,52615.6484375,52632.44921875,52556.0,52571.3515625,0
2026-03-27 07:45:00+00:00,52650.3984375,52707.8984375,52603.25,52617.1484375,0
2026-03-27 07:50:00+00:00,52652.3984375,52668.0,52598.94921875,52650.55078125,0
2026-03-27 07:55:00+00:00,52598.8984375,52672.8984375,52595.6484375,52652.80078125,0
2026-03-27 08:00:00+00:00,52569.80078125,52601.6484375,52537.69921875,52601.6484375,0
2026-03-27 08:05:00+00:00,52543.30078125,52583.3515625,52528.3515625,52566.94921875,0
2026-03-27 08:10:00+00:00,52545.75,52590.8984375,52533.25,52542.75,0
2026-03-27 08:15:00+00:00,52504.3515625,52576.0,52498.25,52546.1484375,0
2026-03-27 08:20:00+00:00,52523.8984375,52555.75,52501.55078125,52504.75,0
2026-03-27 08:25:00+00:00,52517.0,52540.3984375,52491.0,52526.19921875,0
2026-03-27 08:30:00+00:00,52509.19921875,52555.25,52502.6484375,52514.8984375,0
2026-03-27 08:35:00+00:00,52473.6015625,52513.69921875,52444.44921875,52508.19921875,0
2026-03-27 08:40:00+00:00,52504.6015625,52514.6484375,52427.75,52474.69921875,0
2026-03-27 08:45:00+00:00,52445.5,52511.3515625,52439.25,52502.94921875,0
2026-03-27 08:50:00+00:00,52427.80078125,52471.69921875,52413.8984375,52443.5,0
2026-03-27 08:55:00+00:00,52422.8515625,52462.69921875,52404.0,52428.6484375,0
2026-03-27 09:00:00+00:00,52352.1015625,52425.80078125,52339.3984375,52421.3984375,0
2026-03-27 09:05:00+00:00,52285.5,52392.1484375,52280.5,52355.3515625,0
2026-03-27 09:10:00+00:00,52306.19921875,52346.6015625,52272.75,52277.3984375,0
2026-03-27 09:15:00+00:00,52335.94921875,52344.75,52293.6484375,52304.8984375,0
2026-03-27 09:20:00+00:00,52322.6484375,52369.94921875,52300.3515625,52332.8515625,0
2026-03-27 09:25:00+00:00,52293.44921875,52344.94921875,52278.0,52320.55078125,0
2026-03-27 09:30:00+00:00,52272.8515625,52319.8515625,52241.30078125,52297.8515625,0
2026-03-27 09:35:00+00:00,52279.8984375,52288.55078125,52238.1015625,52269.75,0
2026-03-27 09:40:00+00:00,52309.3984375,52332.1484375,52272.1484375,52277.3984375,0
2026-03-27 09:45:00+00:00,52276.44921875,52314.1015625,52253.25,52308.55078125,0
2026-03-27 09:50:00+00:00,52232.69921875,52291.25,52225.3515625,52273.80078125,0
2026-03-27 09:55:00+00:00,52364.3515625,52364.3515625,52220.8515625,52234.1015625,0
2026-03-30 03:45:00+00:00,50973.1484375,51576.8984375,50964.0,51576.8984375,0
2026-03-30 03:50:00+00:00,50922.55078125,51007.69921875,50916.8984375,50971.94921875,0
2026-03-30 03:55:00+00:00,51082.55078125,51143.0,50892.8984375,50915.3984375,0
2026-03-30 04:00:00+00:00,51342.75,51350.5,51079.6015625,51085.1484375,0
2026-03-30 04:05:00+00:00,51214.5,51360.19921875,51204.94921875,51339.44921875,0
2026-03-30 04:10:00+00:00,51212.19921875,51322.30078125,51166.1015625,51213.30078125,0
2026-03-30 04:15:00+00:00,51133.3515625,51272.75,51125.3515625,51212.94921875,0
2026-03-30 04:20:00+00:00,51065.05078125,51215.3984375,51065.05078125,51127.75,0
2026-03-30 04:25:00+00:00,51088.3515625,51111.44921875,51036.25,51059.75,0
2026-03-30 04:30:00+00:00,51197.3515625,51218.5,51056.8515625,51087.05078125,0
2026-03-30 04:35:00+00:00,51071.0,51197.0,51053.19921875,51196.44921875,0
2026-03-30 04:40:00+00:00,51104.3984375,51104.3984375,50993.19921875,51069.1015625,0
2026-03-30 04:45:00+00:00,50981.30078125,51117.44921875,50973.69921875,51101.3984375,0
2026-03-30 04:50:00+00:00,51005.75,51022.1015625,50953.3984375,50982.6015625,0
2026-03-30 04:55:00+00:00,50948.94921875,51057.1015625,50946.8984375,51003.69921875,0
2026-03-30 05:00:00+00:00,50953.1484375,50967.19921875,50913.55078125,50950.80078125,0
2026-03-30 05:05:00+00:00,50986.3984375,51029.8515625,50954.0,50956.3515625,0
2026-03-30 05:10:00+00:00,50921.44921875,51029.69921875,50916.75,50993.94921875,0
2026-03-30 05:15:00+00:00,50953.30078125,50972.8515625,50905.3515625,50917.6484375,0
2026-03-30 05:20:00+00:00,50874.0,50979.05078125,50867.1484375,50957.5,0
2026-03-30 05:25:00+00:00,50842.55078125,50958.1015625,50841.25,50874.25,0
2026-03-30 05:30:00+00:00,50882.30078125,50903.1484375,50837.55078125,50841.94921875,0
2026-03-30 05:35:00+00:00,50799.44921875,50897.5,50799.44921875,50883.80078125,0
2026-03-30 05:40:00+00:00,50808.44921875,50829.1484375,50768.0,50797.80078125,0
2026-03-30 05:45:00+00:00,50803.8984375,50819.80078125,50773.55078125,50804.8515625,0
2026-03-30 05:50:00+00:00,50835.6484375,50848.75,50776.44921875,50801.25,0
2026-03-30 05:55:00+00:00,50819.94921875,50854.25,50809.1484375,50835.3984375,0
2026-03-30 06:00:00+00:00,50887.8984375,50892.3984375,50787.3984375,50818.25,0
2026-03-30 06:05:00+00:00,50886.6484375,50935.30078125,50871.05078125,50882.44921875,0
2026-03-30 06:10:00+00:00,50807.05078125,50889.75,50797.55078125,50881.55078125,0
2026-03-30 06:15:00+00:00,50785.8515625,50808.25,50763.6484375,50802.1015625,0
2026-03-30 06:20:00+00:00,50810.8984375,50818.44921875,50747.25,50783.80078125,0
2026-03-30 06:25:00+00:00,50812.3984375,50847.1484375,50789.05078125,50811.3984375,0
2026-03-30 06:30:00+00:00,50907.30078125,50938.75,50806.5,50816.1484375,0
2026-03-30 06:35:00+00:00,50908.6015625,50973.5,50866.8984375,50908.1484375,0
2026-03-30 06:40:00+00:00,50930.1484375,50963.8515625,50896.8515625,50907.80078125,0
2026-03-30 06:45:00+00:00,50916.55078125,50943.25,50877.1015625,50931.3984375,0
2026-03-30 06:50:00+00:00,50841.8984375,51008.94921875,50840.94921875,50918.05078125,0
2026-03-30 06:55:00+00:00,50830.19921875,50869.19921875,50804.30078125,50844.1484375,0
2026-03-30 07:00:00+00:00,50825.25,50847.0,50800.8984375,50833.69921875,0
2026-03-30 07:05:00+00:00,50904.44921875,50913.5,50817.69921875,50827.3984375,0
2026-03-30 07:10:00+00:00,50910.6484375,50939.25,50883.75,50904.94921875,0
2026-03-30 07:15:00+00:00,50843.8515625,50926.44921875,50843.8515625,50910.1484375,0
2026-03-30 07:20:00+00:00,50808.69921875,50871.3515625,50779.25,50851.0,0
2026-03-30 07:25:00+00:00,50795.44921875,50809.25,50766.94921875,50807.1484375,0
2026-03-30 07:30:00+00:00,50756.80078125,50803.3515625,50743.30078125,50792.3515625,0
2026-03-30 07:35:00+00:00,50771.1484375,50817.75,50742.44921875,50756.5,0
2026-03-30 07:40:00+00:00,50774.94921875,50803.55078125,50733.19921875,50771.6015625,0
2026-03-30 07:45:00+00:00,50741.25,50811.19921875,50718.44921875,50772.55078125,0
2026-03-30 07:50:00+00:00,50727.3984375,50767.0,50718.75,50740.8984375,0
2026-03-30 07:55:00+00:00,50694.80078125,50731.69921875,50651.94921875,50725.25,0
2026-03-30 08:00:00+00:00,50714.25,50714.25,50658.6484375,50693.1484375,0
2026-03-30 08:05:00+00:00,50714.55078125,50741.6015625,50672.19921875,50712.1015625,0
2026-03-30 08:10:00+00:00,50662.19921875,50730.94921875,50649.30078125,50714.3984375,0
2026-03-30 08:15:00+00:00,50631.25,50669.69921875,50626.30078125,50665.3984375,0
2026-03-30 08:20:00+00:00,50628.19921875,50656.30078125,50611.0,50632.30078125,0
2026-03-30 08:25:00+00:00,50611.6484375,50674.94921875,50606.8984375,50631.3515625,0
2026-03-30 08:30:00+00:00,50651.55078125,50708.30078125,50596.3515625,50610.30078125,0
2026-03-30 08:35:00+00:00,50645.44921875,50695.94921875,50630.19921875,50652.6484375,0
2026-03-30 08:40:00+00:00,50612.25,50649.8515625,50600.3984375,50642.1015625,0
2026-03-30 08:45:00+00:00,50594.44921875,50621.80078125,50578.3984375,50608.69921875,0
2026-03-30 08:50:00+00:00,50477.8515625,50625.44921875,50456.8984375,50593.44921875,0
2026-03-30 08:55:00+00:00,50466.1484375,50510.3984375,50457.94921875,50474.1484375,0
2026-03-30 09:00:00+00:00,50452.19921875,50539.3515625,50442.75,50464.6484375,0
2026-03-30 09:05:00+00:00,50436.1015625,50465.0,50397.8984375,50448.44921875,0
2026-03-30 09:10:00+00:00,50461.6484375,50481.05078125,50422.25,50435.80078125,0
2026-03-30 09:15:00+00:00,50428.5,50492.94921875,50394.30078125,50456.44921875,0
2026-03-30 09:20:00+00:00,50377.3984375,50466.1484375,50364.1015625,50428.8984375,0
2026-03-30 09:25:00+00:00,50365.69921875,50407.0,50343.44921875,50379.3984375,0
2026-03-30 09:30:00+00:00,50131.1484375,50367.8515625,50110.1484375,50367.8515625,0
2026-03-30 09:35:00+00:00,50244.80078125,50253.6484375,50125.3515625,50132.6015625,0
2026-03-30 09:40:00+00:00,50297.0,50315.55078125,50211.05078125,50243.0,0
2026-03-30 09:45:00+00:00,50297.6015625,50333.30078125,50262.3984375,50297.6484375,0
2026-03-30 09:50:00+00:00,50414.1015625,50423.80078125,50285.30078125,50296.8515625,0
2026-03-30 09:55:00+00:00,50403.3515625,50443.6015625,50344.8984375,50412.5,0
2026-04-01 03:45:00+00:00,51763.75,51790.69921875,51441.69921875,51441.69921875,0
2026-04-01 03:50:00+00:00,51742.55078125,51800.30078125,51656.1015625,51763.80078125,0
2026-04-01 03:55:00+00:00,51767.55078125,51790.75,51742.55078125,51750.94921875,0
2026-04-01 04:00:00+00:00,51576.6484375,51806.1015625,51549.30078125,51771.44921875,0
2026-04-01 04:05:00+00:00,51482.75,51574.69921875,51440.5,51574.69921875,0
2026-04-01 04:10:00+00:00,51528.3515625,51580.6484375,51469.1484375,51484.5,0
2026-04-01 04:15:00+00:00,51611.1015625,51619.0,51484.5,51530.5,0
2026-04-01 04:20:00+00:00,51607.1015625,51668.75,51577.05078125,51610.19921875,0
2026-04-01 04:25:00+00:00,51577.6015625,51623.8984375,51558.6015625,51607.6484375,0
2026-04-01 04:30:00+00:00,51627.6484375,51648.8984375,51572.3984375,51576.5,0
2026-04-01 04:35:00+00:00,51512.05078125,51628.6484375,51506.3984375,51627.55078125,0
2026-04-01 04:40:00+00:00,51451.94921875,51509.6484375,51433.75,51508.44921875,0
2026-04-01 04:45:00+00:00,51428.0,51474.19921875,51403.30078125,51452.55078125,0
2026-04-01 04:50:00+00:00,51251.30078125,51431.6015625,51246.69921875,51425.69921875,0
2026-04-01 04:55:00+00:00,51194.94921875,51252.3984375,51133.55078125,51251.6484375,0
2026-04-01 05:00:00+00:00,51196.8515625,51271.30078125,51176.25,51199.1484375,0
2026-04-01 05:05:00+00:00,51243.19921875,51245.6015625,51194.6015625,51195.8984375,0
2026-04-01 05:10:00+00:00,51242.30078125,51252.25,51189.25,51240.30078125,0
2026-04-01 05:15:00+00:00,51263.05078125,51292.80078125,51230.05078125,51243.1484375,0
2026-04-01 05:20:00+00:00,51236.19921875,51280.0,51229.0,51263.75,0
2026-04-01 05:25:00+00:00,51185.69921875,51238.75,51167.3984375,51238.6015625,0
2026-04-01 05:30:00+00:00,51188.3515625,51201.75,51157.80078125,51188.80078125,0
2026-04-01 05:35:00+00:00,51210.80078125,51245.25,51150.6015625,51190.44921875,0
2026-04-01 05:40:00+00:00,51226.1015625,51271.94921875,51202.1484375,51213.1484375,0
2026-04-01 05:45:00+00:00,51228.3515625,51234.5,51181.69921875,51225.19921875,0
2026-04-01 05:50:00+00:00,51341.8515625,51349.5,51223.80078125,51228.6015625,0
2026-04-01 05:55:00+00:00,51372.5,51373.80078125,51298.0,51343.1484375,0
2026-04-01 06:00:00+00:00,51412.6015625,51452.30078125,51365.6484375,51370.30078125,0
2026-04-01 06:05:00+00:00,51463.3515625,51470.19921875,51377.5,51409.0,0
2026-04-01 06:10:00+00:00,51455.25,51487.5,51434.69921875,51463.1484375,0
2026-04-01 06:15:00+00:00,51343.75,51462.1484375,51305.80078125,51454.3984375,0
2026-04-01 06:20:00+00:00,51313.55078125,51383.55078125,51303.94921875,51341.8984375,0
2026-04-01 06:25:00+00:00,51412.1484375,51442.80078125,51303.55078125,51310.19921875,0
2026-04-01 06:30:00+00:00,51606.80078125,51619.3984375,51405.5,51409.94921875,0
2026-04-01 06:35:00+00:00,51587.6015625,51619.0,51556.3984375,51601.8515625,0
2026-04-01 06:40:00+00:00,51644.55078125,51662.25,51570.8515625,51588.1484375,0
2026-04-01 06:45:00+00:00,51632.8984375,51715.3984375,51631.05078125,51644.44921875,0
2026-04-01 06:50:00+00:00,51612.3515625,51650.30078125,51608.5,51630.1015625,0
2026-04-01 06:55:00+00:00,51667.3984375,51684.6015625,51600.1484375,51612.25,0
2026-04-01 07:00:00+00:00,51667.80078125,51722.25,51661.94921875,51666.8515625,0
2026-04-01 07:05:00+00:00,51718.75,51720.80078125,51657.94921875,51665.05078125,0
2026-04-01 07:10:00+00:00,51717.6484375,51763.1484375,51696.94921875,51718.3984375,0
2026-04-01 07:15:00+00:00,51841.94921875,51875.6015625,51714.6015625,51719.8515625,0
2026-04-01 07:20:00+00:00,51853.3515625,51870.44921875,51821.25,51841.8515625,0
2026-04-01 07:25:00+00:00,51837.55078125,51866.1015625,51824.55078125,51853.30078125,0
2026-04-01 07:30:00+00:00,51921.6484375,51936.69921875,51834.8984375,51839.1015625,0
2026-04-01 07:35:00+00:00,51949.3515625,51972.6015625,51923.05078125,51923.69921875,0
2026-04-01 07:40:00+00:00,51975.69921875,51977.8984375,51856.3984375,51951.44921875,0
2026-04-01 07:45:00+00:00,51880.5,52025.0,51869.6484375,51977.6015625,0
2026-04-01 07:50:00+00:00,51775.8984375,51886.44921875,51766.80078125,51881.69921875,0
2026-04-01 07:55:00+00:00,51779.8984375,51808.30078125,51739.0,51775.3515625,0
2026-04-01 08:00:00+00:00,51716.80078125,51784.6015625,51685.05078125,51779.94921875,0
2026-04-01 08:05:00+00:00,51717.19921875,51735.19921875,51636.8984375,51715.80078125,0
2026-04-01 08:10:00+00:00,51470.0,51716.8984375,51423.1015625,51716.8984375,0
2026-04-01 08:15:00+00:00,51535.94921875,51569.94921875,51418.75,51472.3984375,0
2026-04-01 08:20:00+00:00,51560.1015625,51580.19921875,51517.1484375,51532.94921875,0
2026-04-01 08:25:00+00:00,51568.75,51639.6484375,51533.19921875,51558.0,0
2026-04-01 08:30:00+00:00,51629.19921875,51656.19921875,51527.6484375,51569.3515625,0
2026-04-01 08:35:00+00:00,51683.05078125,51697.30078125,51615.44921875,51630.25,0
2026-04-01 08:40:00+00:00,51732.8984375,51740.6484375,51657.44921875,51689.6484375,0
2026-04-01 08:45:00+00:00,51697.1484375,51740.30078125,51643.6484375,51738.6015625,0
2026-04-01 08:50:00+00:00,51643.1015625,51717.05078125,51607.30078125,51695.75,0
2026-04-01 08:55:00+00:00,51704.94921875,51708.1484375,51622.05078125,51640.75,0
2026-04-01 09:00:00+00:00,51629.44921875,51711.44921875,51612.1015625,51705.25,0
2026-04-01 09:05:00+00:00,51521.1015625,51632.3515625,51497.94921875,51632.3515625,0
2026-04-01 09:10:00+00:00,51479.80078125,51521.75,51436.1015625,51520.6015625,0
2026-04-01 09:15:00+00:00,51415.8984375,51476.8984375,51369.80078125,51476.80078125,0
2026-04-01 09:20:00+00:00,51448.0,51462.25,51378.25,51414.6015625,0
2026-04-01 09:25:00+00:00,51441.8515625,51521.6015625,51424.44921875,51450.1015625,0
2026-04-01 09:30:00+00:00,51445.3984375,51512.5,51389.30078125,51436.05078125,0
2026-04-01 09:35:00+00:00,51465.44921875,51470.3515625,51430.6015625,51449.19921875,0
2026-04-01 09:40:00+00:00,51418.3984375,51477.80078125,51408.69921875,51468.19921875,0
2026-04-01 09:45:00+00:00,51434.3515625,51454.1015625,51411.5,51417.44921875,0
2026-04-01 09:50:00+00:00,51451.80078125,51452.8984375,51416.8515625,51437.05078125,0
2026-04-01 09:55:00+00:00,51526.1015625,51532.75,51444.8984375,51451.80078125,0
2026-04-02 03:45:00+00:00,50066.6484375,50618.25,50005.80078125,50618.25,0
2026-04-02 03:50:00+00:00,50121.25,50148.75,50026.6484375,50064.3515625,0
2026-04-02 03:55:00+00:00,50104.30078125,50126.5,50059.5,50117.55078125,0
2026-04-02 04:00:00+00:00,50187.30078125,50214.80078125,50096.8984375,50102.80078125,0
2026-04-02 04:05:00+00:00,50243.55078125,50347.0,50176.1484375,50192.6015625,0
2026-04-02 04:10:00+00:00,50227.05078125,50273.30078125,50201.80078125,50247.55078125,0
2026-04-02 04:15:00+00:00,50212.55078125,50244.1015625,50180.3984375,50228.8515625,0
2026-04-02 04:20:00+00:00,50148.80078125,50225.30078125,50113.8515625,50212.25,0
2026-04-02 04:25:00+00:00,50121.25,50162.8984375,50120.69921875,50147.6015625,0
2026-04-02 04:30:00+00:00,50060.05078125,50153.1484375,50036.25,50125.30078125,0
2026-04-02 04:35:00+00:00,50036.3515625,50074.5,50011.8515625,50061.1015625,0
2026-04-02 04:40:00+00:00,50172.30078125,50186.6015625,50007.30078125,50032.6484375,0
2026-04-02 04:45:00+00:00,50087.1484375,50173.25,50051.30078125,50173.25,0
2026-04-02 04:50:00+00:00,50050.3515625,50142.1015625,50047.8984375,50087.8984375,0
2026-04-02 04:55:00+00:00,50081.3984375,50121.5,50048.80078125,50054.1484375,0
2026-04-02 05:00:00+00:00,50072.94921875,50100.80078125,50061.75,50080.1484375,0
2026-04-02 05:05:00+00:00,50059.3515625,50085.55078125,50033.44921875,50068.1484375,0
2026-04-02 05:10:00+00:00,50092.44921875,50125.30078125,50044.3984375,50057.3984375,0
2026-04-02 05:15:00+00:00,50000.44921875,50099.19921875,49957.1484375,50092.6015625,0
2026-04-02 05:20:00+00:00,50062.1484375,50079.69921875,49978.25,49998.44921875,0
2026-04-02 05:25:00+00:00,50102.55078125,50112.3984375,50043.44921875,50062.94921875,0
2026-04-02 05:30:00+00:00,50115.25,50161.80078125,50102.5,50106.05078125,0
2026-04-02 05:35:00+00:00,50121.3984375,50148.1484375,50088.3984375,50123.8515625,0
2026-04-02 05:40:00+00:00,50111.1484375,50132.5,50086.94921875,50122.0,0
2026-04-02 05:45:00+00:00,50105.55078125,50127.1015625,50069.6015625,50115.8515625,0
2026-04-02 05:50:00+00:00,50106.80078125,50133.19921875,50076.1015625,50106.3984375,0
2026-04-02 05:55:00+00:00,50081.1484375,50148.8984375,50065.3984375,50111.8984375,0
2026-04-02 06:00:00+00:00,50079.55078125,50124.1484375,50067.1015625,50078.6484375,0
2026-04-02 06:05:00+00:00,50132.3984375,50151.6484375,50073.25,50077.3515625,0
2026-04-02 06:10:00+00:00,50105.6015625,50140.0,50086.3984375,50132.1484375,0
2026-04-02 06:15:00+00:00,50122.8515625,50154.80078125,50094.19921875,50094.19921875,0
2026-04-02 06:20:00+00:00,50124.55078125,50143.6484375,50096.1015625,50119.6484375,0
2026-04-02 06:25:00+00:00,50192.30078125,50254.6015625,50114.1484375,50132.19921875,0
2026-04-02 06:30:00+00:00,50129.05078125,50219.6484375,50111.3515625,50192.80078125,0
2026-04-02 06:35:00+00:00,50121.6015625,50139.05078125,50054.8515625,50131.44921875,0
2026-04-02 06:40:00+00:00,50133.30078125,50170.44921875,50114.6015625,50121.69921875,0
2026-04-02 06:45:00+00:00,50112.19921875,50154.05078125,50104.8515625,50137.30078125,0
2026-04-02 06:50:00+00:00,50116.1015625,50130.3984375,50030.8515625,50110.6484375,0
2026-04-02 06:55:00+00:00,50188.30078125,50189.5,50084.80078125,50111.80078125,0
2026-04-02 07:00:00+00:00,50274.0,50281.80078125,50182.55078125,50184.19921875,0
2026-04-02 07:05:00+00:00,50352.80078125,50385.19921875,50274.94921875,50277.19921875,0
2026-04-02 07:10:00+00:00,50439.1015625,50452.44921875,50348.55078125,50352.25,0
2026-04-02 07:15:00+00:00,50356.3984375,50449.8515625,50338.8515625,50440.0,0
2026-04-02 07:20:00+00:00,50330.1484375,50391.30078125,50324.6015625,50362.5,0
2026-04-02 07:25:00+00:00,50442.5,50460.1015625,50334.30078125,50336.8984375,0
2026-04-02 07:30:00+00:00,50413.1484375,50529.1484375,50401.30078125,50445.19921875,0
2026-04-02 07:35:00+00:00,50438.5,50445.94921875,50314.3984375,50413.44921875,0
2026-04-02 07:40:00+00:00,50398.25,50443.94921875,50372.1015625,50441.55078125,0
2026-04-02 07:45:00+00:00,50472.05078125,50481.30078125,50392.3984375,50398.3984375,0
2026-04-02 07:50:00+00:00,50576.55078125,50577.8515625,50473.30078125,50473.30078125,0
2026-04-02 07:55:00+00:00,50739.69921875,50739.69921875,50533.3984375,50572.6015625,0
2026-04-02 08:00:00+00:00,50764.55078125,50802.25,50695.8515625,50745.69921875,0
2026-04-02 08:05:00+00:00,50859.0,50867.3515625,50693.0,50763.30078125,0
2026-04-02 08:10:00+00:00,50879.3984375,50911.44921875,50837.55078125,50853.69921875,0
2026-04-02 08:15:00+00:00,50873.1015625,50954.5,50854.0,50877.3515625,0
2026-04-02 08:20:00+00:00,50869.0,50926.1015625,50822.55078125,50875.80078125,0
2026-04-02 08:25:00+00:00,50873.5,50884.94921875,50773.5,50864.05078125,0
2026-04-02 08:30:00+00:00,50950.6484375,50962.8984375,50863.3515625,50871.1015625,0
2026-04-02 08:35:00+00:00,50993.75,51001.6484375,50907.69921875,50950.8984375,0
2026-04-02 08:40:00+00:00,51174.8515625,51174.8515625,50984.6015625,50994.94921875,0
2026-04-02 08:45:00+00:00,51273.30078125,51335.3515625,51166.94921875,51170.44921875,0
2026-04-02 08:50:00+00:00,51307.69921875,51311.0,51219.1015625,51267.6484375,0
2026-04-02 08:55:00+00:00,51243.44921875,51334.8515625,51199.69921875,51311.44921875,0
2026-04-02 09:00:00+00:00,51330.5,51379.1484375,51223.19921875,51248.30078125,0
2026-04-02 09:05:00+00:00,51144.3984375,51337.8515625,51128.6484375,51330.3984375,0
2026-04-02 09:10:00+00:00,51029.25,51170.30078125,51013.80078125,51149.1015625,0
2026-04-02 09:15:00+00:00,51134.1484375,51180.44921875,50989.8515625,51035.5,0
2026-04-02 09:20:00+00:00,51247.1484375,51262.0,51114.75,51136.80078125,0
2026-04-02 09:25:00+00:00,51251.94921875,51283.6015625,51200.5,51249.5,0
2026-04-02 09:30:00+00:00,51446.6015625,51452.3515625,51249.30078125,51254.69921875,0
2026-04-02 09:35:00+00:00,51710.30078125,51714.1015625,51448.80078125,51450.30078125,0
2026-04-02 09:40:00+00:00,51674.3515625,51729.75,51621.8515625,51714.8515625,0
2026-04-02 09:45:00+00:00,51579.44921875,51730.3984375,51570.44921875,51674.30078125,0
2026-04-02 09:50:00+00:00,51529.0,51608.6015625,51508.80078125,51578.6015625,0
2026-04-02 09:55:00+00:00,51556.19921875,51607.5,51487.44921875,51529.55078125,0
2026-04-06 03:45:00+00:00,51307.1015625,51791.0,51111.6015625,51771.80078125,0
2026-04-06 03:50:00+00:00,51301.75,51428.1484375,51244.1015625,51314.44921875,0
2026-04-06 03:55:00+00:00,51344.6015625,51382.05078125,51273.30078125,51310.25,0
2026-04-06 04:00:00+00:00,51638.05078125,51642.19921875,51337.30078125,51341.3984375,0
2026-04-06 04:05:00+00:00,51814.1484375,51877.75,51630.25,51639.75,0
2026-04-06 04:10:00+00:00,51593.19921875,51824.80078125,51557.8984375,51815.6015625,0
2026-04-06 04:15:00+00:00,51504.6015625,51673.6484375,51491.0,51592.3984375,0
2026-04-06 04:20:00+00:00,51391.8515625,51510.6015625,51381.94921875,51510.6015625,0
2026-04-06 04:25:00+00:00,51348.19921875,51435.69921875,51348.19921875,51387.75,0
2026-04-06 04:30:00+00:00,51368.6484375,51394.8984375,51324.8984375,51348.6484375,0
2026-04-06 04:35:00+00:00,51378.25,51428.1015625,51338.75,51365.1484375,0
2026-04-06 04:40:00+00:00,51474.25,51483.8515625,51326.44921875,51375.69921875,0
2026-04-06 04:45:00+00:00,51440.8984375,51553.19921875,51369.5,51490.6484375,0
2026-04-06 04:50:00+00:00,51471.6484375,51536.69921875,51433.75,51438.3984375,0
2026-04-06 04:55:00+00:00,51444.3515625,51494.1015625,51354.3515625,51470.0,0
2026-04-06 05:00:00+00:00,51453.0,51469.30078125,51352.55078125,51441.1484375,0
2026-04-06 05:05:00+00:00,51602.05078125,51602.05078125,51450.44921875,51450.44921875,0
2026-04-06 05:10:00+00:00,51603.6015625,51605.5,51520.8515625,51600.1484375,0
2026-04-06 05:15:00+00:00,51619.1015625,51664.55078125,51585.69921875,51604.75,0
2026-04-06 05:20:00+00:00,51539.80078125,51655.8984375,51496.3984375,51622.8515625,0
2026-04-06 05:25:00+00:00,51603.44921875,51628.75,51525.44921875,51541.75,0
2026-04-06 05:30:00+00:00,51473.94921875,51607.94921875,51467.44921875,51604.05078125,0
2026-04-06 05:35:00+00:00,51457.25,51500.25,51416.30078125,51470.75,0
2026-04-06 05:40:00+00:00,51417.44921875,51453.55078125,51352.94921875,51453.55078125,0
2026-04-06 05:45:00+00:00,51535.75,51535.75,51400.69921875,51418.6015625,0
2026-04-06 05:50:00+00:00,51540.55078125,51577.5,51484.44921875,51531.1015625,0
2026-04-06 05:55:00+00:00,51561.55078125,51565.05078125,51492.44921875,51540.75,0
2026-04-06 06:00:00+00:00,51503.69921875,51583.5,51484.1015625,51568.55078125,0
2026-04-06 06:05:00+00:00,51536.19921875,51624.3515625,51490.5,51503.94921875,0
2026-04-06 06:10:00+00:00,51597.30078125,51603.25,51509.19921875,51538.55078125,0
2026-04-06 06:15:00+00:00,51627.30078125,51657.3515625,51576.1015625,51595.94921875,0
2026-04-06 06:20:00+00:00,51657.0,51684.44921875,51624.05078125,51627.44921875,0
2026-04-06 06:25:00+00:00,51662.3984375,51773.94921875,51651.44921875,51657.6484375,0
2026-04-06 06:30:00+00:00,51664.1015625,51707.30078125,51649.75,51661.5,0
2026-04-06 06:35:00+00:00,51689.6484375,51736.3515625,51657.1484375,51662.1484375,0
2026-04-06 06:40:00+00:00,51659.19921875,51704.1015625,51651.19921875,51688.80078125,0
2026-04-06 06:45:00+00:00,51668.80078125,51705.1484375,51629.25,51659.44921875,0
2026-04-06 06:50:00+00:00,51779.94921875,51846.44921875,51664.69921875,51669.8515625,0
2026-04-06 06:55:00+00:00,51809.6484375,51842.25,51769.6015625,51783.19921875,0
2026-04-06 07:00:00+00:00,51633.55078125,51823.1484375,51630.3515625,51807.80078125,0
2026-04-06 07:05:00+00:00,51683.3515625,51710.55078125,51617.75,51635.8984375,0
2026-04-06 07:10:00+00:00,51723.75,51728.80078125,51660.94921875,51684.94921875,0
2026-04-06 07:15:00+00:00,51948.1484375,51948.1484375,51723.5,51724.05078125,0
2026-04-06 07:20:00+00:00,51993.1484375,52054.55078125,51932.6015625,51949.3515625,0
2026-04-06 07:25:00+00:00,52044.30078125,52051.94921875,51987.8984375,51995.6015625,0
2026-04-06 07:30:00+00:00,51938.0,52075.69921875,51925.8515625,52049.8984375,0
2026-04-06 07:35:00+00:00,52048.25,52050.3984375,51936.0,51940.75,0
2026-04-06 07:40:00+00:00,52224.25,52238.8984375,52050.5,52052.19921875,0
2026-04-06 07:45:00+00:00,52239.3515625,52273.75,52158.44921875,52224.19921875,0
2026-04-06 07:50:00+00:00,52276.75,52321.8984375,52237.1015625,52241.44921875,0
2026-04-06 07:55:00+00:00,52220.30078125,52296.1015625,52188.19921875,52280.25,0
2026-04-06 08:00:00+00:00,52296.3515625,52320.25,52226.3984375,52226.3984375,0
2026-04-06 08:05:00+00:00,52240.8984375,52338.1484375,52238.6484375,52296.5,0
2026-04-06 08:10:00+00:00,52203.0,52278.75,52190.69921875,52238.8984375,0
2026-04-06 08:15:00+00:00,52180.0,52261.69921875,52179.1015625,52202.6484375,0
2026-04-06 08:20:00+00:00,52269.44921875,52281.55078125,52177.6484375,52183.80078125,0
2026-04-06 08:25:00+00:00,52235.6484375,52282.05078125,52218.1015625,52270.80078125,0
2026-04-06 08:30:00+00:00,52337.44921875,52338.75,52238.30078125,52239.69921875,0
2026-04-06 08:35:00+00:00,52276.3984375,52338.5,52260.0,52338.19921875,0
2026-04-06 08:40:00+00:00,52394.55078125,52396.3515625,52277.3515625,52280.05078125,0
2026-04-06 08:45:00+00:00,52434.6484375,52465.0,52380.1015625,52395.44921875,0
2026-04-06 08:50:00+00:00,52396.3984375,52478.75,52396.3984375,52438.3515625,0
2026-04-06 08:55:00+00:00,52372.30078125,52419.6015625,52311.8515625,52400.94921875,0
2026-04-06 09:00:00+00:00,52453.05078125,52461.0,52373.25,52376.0,0
2026-04-06 09:05:00+00:00,52426.0,52482.8984375,52387.5,52453.30078125,0
2026-04-06 09:10:00+00:00,52412.6484375,52460.6484375,52396.94921875,52428.25,0
2026-04-06 09:15:00+00:00,52444.25,52454.80078125,52409.19921875,52416.25,0
2026-04-06 09:20:00+00:00,52405.3515625,52455.3515625,52391.5,52445.25,0
2026-04-06 09:25:00+00:00,52418.8984375,52449.8515625,52322.94921875,52406.80078125,0
2026-04-06 09:30:00+00:00,52525.3515625,52540.3515625,52405.0,52421.44921875,0
2026-04-06 09:35:00+00:00,52653.30078125,52653.6015625,52521.80078125,52524.3984375,0
2026-04-06 09:40:00+00:00,52676.44921875,52691.8984375,52607.69921875,52650.44921875,0
2026-04-06 09:45:00+00:00,52649.25,52703.80078125,52638.30078125,52675.3984375,0
2026-04-06 09:50:00+00:00,52629.55078125,52650.6015625,52602.05078125,52650.6015625,0
2026-04-06 09:55:00+00:00,52572.69921875,52644.3515625,52555.94921875,52628.8515625,0
2026-04-07 03:45:00+00:00,51940.6015625,52278.6484375,51884.75,52278.6484375,0
2026-04-07 03:50:00+00:00,52022.1484375,52059.30078125,51868.44921875,51935.19921875,0
2026-04-07 03:55:00+00:00,52227.75,52227.75,52009.8515625,52024.3515625,0
2026-04-07 04:00:00+00:00,52137.19921875,52242.3984375,52116.69921875,52230.8984375,0
2026-04-07 04:05:00+00:00,52124.5,52187.19921875,52095.3515625,52143.44921875,0
2026-04-07 04:10:00+00:00,52020.44921875,52185.80078125,52002.55078125,52128.5,0
2026-04-07 04:15:00+00:00,52040.1484375,52171.0,52017.80078125,52023.75,0
2026-04-07 04:20:00+00:00,52105.75,52131.75,52029.94921875,52039.1015625,0
2026-04-07 04:25:00+00:00,52151.80078125,52162.75,52100.69921875,52105.8984375,0
2026-04-07 04:30:00+00:00,52195.0,52238.6484375,52139.30078125,52151.3984375,0
2026-04-07 04:35:00+00:00,52151.44921875,52220.1484375,52146.25,52195.6015625,0
2026-04-07 04:40:00+00:00,52183.3984375,52204.8984375,52127.8515625,52152.1015625,0
2026-04-07 04:45:00+00:00,52248.75,52289.94921875,52176.1484375,52181.75,0
2026-04-07 04:50:00+00:00,52201.3515625,52346.55078125,52163.3984375,52255.0,0
2026-04-07 04:55:00+00:00,52238.94921875,52255.8515625,52181.3515625,52203.8984375,0
2026-04-07 05:00:00+00:00,52188.19921875,52257.30078125,52179.55078125,52238.94921875,0
2026-04-07 05:05:00+00:00,52168.19921875,52191.8984375,52100.1484375,52186.05078125,0
2026-04-07 05:10:00+00:00,52272.55078125,52286.69921875,52166.1015625,52167.8984375,0
2026-04-07 05:15:00+00:00,52163.80078125,52277.75,52160.55078125,52273.5,0
2026-04-07 05:20:00+00:00,52053.8984375,52167.05078125,52023.5,52165.8515625,0
2026-04-07 05:25:00+00:00,51993.75,52108.75,51979.8515625,52054.05078125,0
2026-04-07 05:30:00+00:00,52000.6015625,52038.80078125,51969.94921875,51988.69921875,0
2026-04-07 05:35:00+00:00,52033.3515625,52075.94921875,51984.1015625,52001.6484375,0
2026-04-07 05:40:00+00:00,51986.69921875,52062.8515625,51950.94921875,52035.75,0
2026-04-07 05:45:00+00:00,52053.1015625,52090.0,51962.3515625,51986.6015625,0
2026-04-07 05:50:00+00:00,52156.19921875,52162.44921875,52041.30078125,52050.3515625,0
2026-04-07 05:55:00+00:00,52202.05078125,52215.6015625,52145.8515625,52157.75,0
2026-04-07 06:00:00+00:00,52168.30078125,52204.0,52156.5,52200.44921875,0
2026-04-07 06:05:00+00:00,52188.5,52213.55078125,52138.80078125,52170.6484375,0
2026-04-07 06:10:00+00:00,52125.3515625,52189.5,52111.8984375,52187.69921875,0
2026-04-07 06:15:00+00:00,52139.1484375,52160.5,52098.8515625,52128.94921875,0
2026-04-07 06:20:00+00:00,52199.55078125,52202.0,52131.0,52143.5,0
2026-04-07 06:25:00+00:00,52279.6015625,52304.25,52193.69921875,52199.0,0
2026-04-07 06:30:00+00:00,52182.55078125,52184.69921875,52180.1015625,52182.44921875,0
2026-04-07 06:35:00+00:00,52199.8515625,52203.3515625,52142.1484375,52180.55078125,0
2026-04-07 06:40:00+00:00,52174.94921875,52205.8515625,52111.6484375,52203.1015625,0
2026-04-07 06:45:00+00:00,52143.8515625,52190.3515625,52130.25,52175.1015625,0
2026-04-07 06:50:00+00:00,52097.30078125,52151.3984375,52084.5,52145.80078125,0
2026-04-07 06:55:00+00:00,52123.44921875,52124.19921875,52071.0,52100.8515625,0
2026-04-07 07:00:00+00:00,52138.80078125,52171.3984375,52106.6015625,52125.94921875,0
2026-04-07 07:05:00+00:00,52156.3984375,52160.30078125,52110.6015625,52139.6015625,0
2026-04-07 07:10:00+00:00,52158.44921875,52176.0,52140.3515625,52158.3515625,0
2026-04-07 07:15:00+00:00,52175.55078125,52192.0,52134.30078125,52158.05078125,0
2026-04-07 07:20:00+00:00,52158.94921875,52213.05078125,52135.80078125,52183.1015625,0
2026-04-07 07:25:00+00:00,52093.75,52173.19921875,52088.8984375,52162.55078125,0
2026-04-07 07:30:00+00:00,52144.80078125,52153.80078125,52072.69921875,52095.0,0
2026-04-07 07:35:00+00:00,52084.44921875,52153.8515625,52078.6015625,52146.94921875,0
2026-04-07 07:40:00+00:00,52158.44921875,52186.30078125,52057.0,52085.8515625,0
2026-04-07 07:45:00+00:00,52239.80078125,52242.8984375,52162.1484375,52162.1484375,0
2026-04-07 07:50:00+00:00,52199.1015625,52242.1484375,52180.19921875,52240.75,0
2026-04-07 07:55:00+00:00,52256.1015625,52256.1015625,52164.8515625,52205.25,0
2026-04-07 08:00:00+00:00,52391.3984375,52436.8515625,52257.05078125,52257.05078125,0
2026-04-07 08:05:00+00:00,52476.6484375,52482.69921875,52388.30078125,52389.80078125,0
2026-04-07 08:10:00+00:00,52559.0,52565.1484375,52440.69921875,52473.5,0
2026-04-07 08:15:00+00:00,52466.69921875,52594.05078125,52458.80078125,52560.3984375,0
2026-04-07 08:20:00+00:00,52484.8515625,52527.94921875,52404.6484375,52470.0,0
2026-04-07 08:25:00+00:00,52360.8515625,52495.55078125,52312.44921875,52487.3984375,0
2026-04-07 08:30:00+00:00,52449.55078125,52469.44921875,52346.3515625,52360.25,0
2026-04-07 08:35:00+00:00,52466.3515625,52480.25,52415.3984375,52454.80078125,0
2026-04-07 08:40:00+00:00,52455.1015625,52475.55078125,52389.6015625,52471.8515625,0
2026-04-07 08:45:00+00:00,52425.80078125,52494.30078125,52417.3515625,52464.8984375,0
2026-04-07 08:50:00+00:00,52439.6015625,52458.44921875,52399.1015625,52430.25,0
2026-04-07 08:55:00+00:00,52446.5,52483.75,52424.3515625,52444.1015625,0
2026-04-07 09:00:00+00:00,52480.8515625,52513.6484375,52445.05078125,52450.75,0
2026-04-07 09:05:00+00:00,52388.94921875,52480.3515625,52351.44921875,52480.3515625,0
2026-04-07 09:10:00+00:00,52458.8984375,52477.19921875,52389.3984375,52389.3984375,0
2026-04-07 09:15:00+00:00,52500.80078125,52522.5,52435.0,52461.1015625,0
2026-04-07 09:20:00+00:00,52564.8984375,52569.5,52501.30078125,52504.75,0
2026-04-07 09:25:00+00:00,52673.1015625,52683.8515625,52572.0,52572.0,0
2026-04-07 09:30:00+00:00,52735.69921875,52756.05078125,52638.3515625,52674.3515625,0
2026-04-07 09:35:00+00:00,52747.55078125,52776.25,52681.05078125,52736.3515625,0
2026-04-07 09:40:00+00:00,52685.55078125,52752.30078125,52667.8515625,52744.5,0
2026-04-07 09:45:00+00:00,52697.25,52756.0,52679.6015625,52684.75,0
2026-04-07 09:50:00+00:00,52725.5,52737.75,52674.6015625,52698.55078125,0
2026-04-07 09:55:00+00:00,52706.1484375,52755.30078125,52660.55078125,52728.5,0
2026-04-08 03:45:00+00:00,55040.5,55082.1484375,54809.8515625,54904.44921875,0
2026-04-08 03:50:00+00:00,54915.69921875,55130.44921875,54903.75,55043.44921875,0
2026-04-08 03:55:00+00:00,54956.5,55018.30078125,54893.3515625,54923.25,0
2026-04-08 04:00:00+00:00,55007.3984375,55062.8515625,54951.1015625,54951.1015625,0
2026-04-08 04:05:00+00:00,55131.3984375,55140.5,55001.25,55004.75,0
2026-04-08 04:10:00+00:00,55180.1484375,55188.75,55116.3515625,55124.3515625,0
2026-04-08 04:15:00+00:00,55235.5,55276.30078125,55177.94921875,55177.94921875,0
2026-04-08 04:20:00+00:00,55215.55078125,55306.6015625,55183.5,55229.25,0
2026-04-08 04:25:00+00:00,55165.19921875,55268.0,55148.30078125,55213.0,0
2026-04-08 04:30:00+00:00,55175.80078125,55277.75,55140.94921875,55164.69921875,0
2026-04-08 04:35:00+00:00,55202.3515625,55293.44921875,55173.44921875,55173.44921875,0
2026-04-08 04:40:00+00:00,55181.05078125,55210.3984375,55164.19921875,55197.8984375,0
2026-04-08 04:45:00+00:00,55247.6484375,55248.1484375,55151.5,55184.6484375,0
2026-04-08 04:50:00+00:00,55224.55078125,55262.05078125,55169.3515625,55251.05078125,0
2026-04-08 04:55:00+00:00,55324.3984375,55327.44921875,55206.25,55225.5,0
2026-04-08 05:00:00+00:00,55378.19921875,55383.75,55287.1484375,55326.30078125,0
2026-04-08 05:05:00+00:00,55315.75,55378.8515625,55282.5,55378.8515625,0
2026-04-08 05:10:00+00:00,55347.69921875,55361.44921875,55273.05078125,55319.75,0
2026-04-08 05:15:00+00:00,55386.19921875,55405.6015625,55322.8984375,55342.3515625,0
2026-04-08 05:20:00+00:00,55451.8515625,55458.80078125,55386.25,55386.25,0
2026-04-08 05:25:00+00:00,55477.6484375,55502.3984375,55432.3984375,55452.8984375,0
2026-04-08 05:30:00+00:00,55475.0,55533.8515625,55459.94921875,55478.75,0
2026-04-08 05:35:00+00:00,55488.80078125,55505.80078125,55465.3515625,55484.6484375,0
2026-04-08 05:40:00+00:00,55489.44921875,55527.19921875,55480.94921875,55489.30078125,0
2026-04-08 05:45:00+00:00,55502.5,55550.3984375,55470.55078125,55488.1484375,0
2026-04-08 05:50:00+00:00,55503.6484375,55528.05078125,55479.75,55504.3515625,0
2026-04-08 05:55:00+00:00,55457.3984375,55514.6484375,55449.05078125,55504.6484375,0
2026-04-08 06:00:00+00:00,55460.6484375,55479.3984375,55414.3984375,55461.69921875,0
2026-04-08 06:05:00+00:00,55443.80078125,55471.30078125,55396.05078125,55460.30078125,0
2026-04-08 06:10:00+00:00,55425.6484375,55479.94921875,55421.3984375,55441.05078125,0
2026-04-08 06:15:00+00:00,55430.8984375,55463.8515625,55422.30078125,55422.30078125,0
2026-04-08 06:20:00+00:00,55356.94921875,55436.75,55335.55078125,55429.25,0
2026-04-08 06:25:00+00:00,55303.0,55362.5,55279.55078125,55358.3984375,0
2026-04-08 06:30:00+00:00,55408.30078125,55411.3984375,55288.6015625,55303.3984375,0
2026-04-08 06:35:00+00:00,55412.1484375,55427.55078125,55377.6015625,55405.3984375,0
2026-04-08 06:40:00+00:00,55419.30078125,55433.25,55398.75,55411.3515625,0
2026-04-08 06:45:00+00:00,55418.6015625,55429.30078125,55398.55078125,55422.05078125,0
2026-04-08 06:50:00+00:00,55424.05078125,55434.6015625,55403.75,55416.69921875,0
2026-04-08 06:55:00+00:00,55381.3515625,55429.80078125,55376.19921875,55421.5,0
2026-04-08 07:00:00+00:00,55309.94921875,55383.30078125,55266.30078125,55380.8984375,0
2026-04-08 07:05:00+00:00,55329.30078125,55334.0,55292.19921875,55309.80078125,0
2026-04-08 07:10:00+00:00,55402.6484375,55423.94921875,55314.3515625,55322.8984375,0
2026-04-08 07:15:00+00:00,55410.6015625,55411.6484375,55364.5,55401.0,0
2026-04-08 07:20:00+00:00,55431.69921875,55434.0,55385.05078125,55410.05078125,0
2026-04-08 07:25:00+00:00,55480.1484375,55491.44921875,55428.05078125,55431.0,0
2026-04-08 07:30:00+00:00,55412.3515625,55483.69921875,55387.55078125,55477.80078125,0
2026-04-08 07:35:00+00:00,55415.05078125,55432.05078125,55372.3984375,55412.8984375,0
2026-04-08 07:40:00+00:00,55424.55078125,55468.44921875,55410.6015625,55415.6015625,0
2026-04-08 07:45:00+00:00,55406.3515625,55453.1015625,55405.1484375,55426.75,0
2026-04-08 07:50:00+00:00,55428.3984375,55435.3984375,55393.94921875,55405.3984375,0
2026-04-08 07:55:00+00:00,55463.6015625,55470.1484375,55420.8515625,55426.0,0
2026-04-08 08:00:00+00:00,55469.55078125,55472.80078125,55436.5,55463.6015625,0
2026-04-08 08:05:00+00:00,55508.5,55533.19921875,55468.80078125,55471.80078125,0
2026-04-08 08:10:00+00:00,55433.05078125,55507.8984375,55421.69921875,55506.1015625,0
2026-04-08 08:15:00+00:00,55434.44921875,55453.0,55415.30078125,55430.0,0
2026-04-08 08:20:00+00:00,55423.1015625,55489.55078125,55397.75,55434.1484375,0
2026-04-08 08:25:00+00:00,55480.3984375,55481.75,55423.0,55426.5,0
2026-04-08 08:30:00+00:00,55460.75,55480.44921875,55436.6015625,55480.05078125,0
2026-04-08 08:35:00+00:00,55450.55078125,55478.5,55419.8984375,55461.80078125,0
2026-04-08 08:40:00+00:00,55422.05078125,55489.6484375,55404.55078125,55448.19921875,0
2026-04-08 08:45:00+00:00,55479.19921875,55481.0,55416.5,55422.8984375,0
2026-04-08 08:50:00+00:00,55546.1015625,55547.8984375,55474.94921875,55478.94921875,0
2026-04-08 08:55:00+00:00,55544.8984375,55574.1484375,55522.19921875,55547.05078125,0
2026-04-08 09:00:00+00:00,55554.94921875,55583.1484375,55531.30078125,55550.6015625,0
2026-04-08 09:05:00+00:00,55595.44921875,55605.1484375,55547.55078125,55554.0,0
2026-04-08 09:10:00+00:00,55666.75,55694.3984375,55593.19921875,55597.1015625,0
2026-04-08 09:15:00+00:00,55652.0,55753.0,55645.44921875,55667.3515625,0
2026-04-08 09:20:00+00:00,55660.1484375,55667.94921875,55610.55078125,55647.30078125,0
2026-04-08 09:25:00+00:00,55702.19921875,55704.55078125,55643.30078125,55660.30078125,0
2026-04-08 09:30:00+00:00,55674.05078125,55701.05078125,55586.1484375,55699.8984375,0
2026-04-08 09:35:00+00:00,55692.30078125,55728.6015625,55673.30078125,55677.1015625,0
2026-04-08 09:40:00+00:00,55678.8984375,55720.94921875,55655.3984375,55690.69921875,0
2026-04-08 09:45:00+00:00,55704.8515625,55717.3984375,55660.94921875,55678.55078125,0
2026-04-08 09:50:00+00:00,55716.1015625,55733.8984375,55689.80078125,55704.8984375,0
2026-04-08 09:55:00+00:00,55757.75,55777.3515625,55718.55078125,55723.05078125,0
2026-04-09 03:45:00+00:00,55507.3984375,55574.80078125,55254.75,55525.05078125,0
2026-04-09 03:50:00+00:00,55542.80078125,55576.0,55472.19921875,55497.19921875,0
2026-04-09 03:55:00+00:00,55533.69921875,55566.0,55508.3984375,55541.1015625,0
2026-04-09 04:00:00+00:00,55318.3984375,55557.3515625,55310.55078125,55537.55078125,0
2026-04-09 04:05:00+00:00,55339.3515625,55404.3515625,55313.3515625,55317.55078125,0
2026-04-09 04:10:00+00:00,55267.6015625,55362.1484375,55244.8515625,55340.44921875,0
2026-04-09 04:15:00+00:00,55155.05078125,55328.8515625,55155.05078125,55267.8984375,0
2026-04-09 04:20:00+00:00,55161.44921875,55187.8984375,55093.5,55155.25,0
2026-04-09 04:25:00+00:00,55152.1484375,55181.44921875,55112.44921875,55160.69921875,0
2026-04-09 04:30:00+00:00,55238.8515625,55269.44921875,55078.8515625,55151.6484375,0
2026-04-09 04:35:00+00:00,55261.6484375,55263.30078125,55195.19921875,55231.3984375,0
2026-04-09 04:40:00+00:00,55349.3515625,55384.44921875,55259.69921875,55259.69921875,0
2026-04-09 04:45:00+00:00,55472.44921875,55481.69921875,55305.94921875,55349.0,0
2026-04-09 04:50:00+00:00,55457.05078125,55473.3984375,55381.1484375,55473.3984375,0
2026-04-09 04:55:00+00:00,55442.19921875,55460.19921875,55342.30078125,55456.55078125,0
2026-04-09 05:00:00+00:00,55506.8515625,55536.3984375,55441.5,55451.6015625,0
2026-04-09 05:05:00+00:00,55434.8515625,55567.80078125,55434.8515625,55501.80078125,0
2026-04-09 05:10:00+00:00,55297.94921875,55439.75,55284.80078125,55435.05078125,0
2026-04-09 05:15:00+00:00,55361.6015625,55389.3984375,55297.30078125,55297.30078125,0
2026-04-09 05:20:00+00:00,55349.6484375,55365.3515625,55304.8984375,55360.25,0
2026-04-09 05:25:00+00:00,55370.8515625,55403.19921875,55346.25,55346.25,0
2026-04-09 05:30:00+00:00,55415.44921875,55478.0,55369.94921875,55371.6484375,0
2026-04-09 05:35:00+00:00,55418.25,55444.05078125,55351.8984375,55416.1015625,0
2026-04-09 05:40:00+00:00,55372.0,55442.69921875,55360.3515625,55416.94921875,0
2026-04-09 05:45:00+00:00,55303.19921875,55385.80078125,55294.80078125,55372.0,0
2026-04-09 05:50:00+00:00,55304.05078125,55334.30078125,55231.5,55305.75,0
2026-04-09 05:55:00+00:00,55288.0,55339.05078125,55282.94921875,55304.6484375,0
2026-04-09 06:00:00+00:00,55272.6015625,55343.75,55242.3515625,55287.94921875,0
2026-04-09 06:05:00+00:00,55280.94921875,55297.1484375,55252.44921875,55263.3984375,0
2026-04-09 06:10:00+00:00,55269.8515625,55308.5,55245.0,55279.69921875,0
2026-04-09 06:15:00+00:00,55288.44921875,55289.94921875,55230.30078125,55269.25,0
2026-04-09 06:20:00+00:00,55250.1484375,55293.6484375,55222.8515625,55284.6484375,0
2026-04-09 06:25:00+00:00,55251.1484375,55294.6484375,55218.8515625,55250.80078125,0
2026-04-09 06:30:00+00:00,55222.19921875,55299.6015625,55208.19921875,55252.1484375,0
2026-04-09 06:35:00+00:00,55286.75,55286.75,55182.3515625,55219.55078125,0
2026-04-09 06:40:00+00:00,55230.8515625,55309.19921875,55222.0,55280.3984375,0
2026-04-09 06:45:00+00:00,55231.55078125,55244.1484375,55206.55078125,55230.5,0
2026-04-09 06:50:00+00:00,55178.05078125,55237.1015625,55170.69921875,55230.8515625,0
2026-04-09 06:55:00+00:00,55188.94921875,55223.30078125,55123.80078125,55173.1484375,0
2026-04-09 07:00:00+00:00,55171.25,55233.1484375,55166.55078125,55192.6484375,0
2026-04-09 07:05:00+00:00,55130.6484375,55190.05078125,55105.94921875,55173.30078125,0
2026-04-09 07:10:00+00:00,55126.6484375,55176.94921875,55106.8515625,55132.0,0
2026-04-09 07:15:00+00:00,55004.5,55136.69921875,55004.19921875,55134.6484375,0
2026-04-09 07:20:00+00:00,55072.6484375,55088.69921875,54984.0,55007.80078125,0
2026-04-09 07:25:00+00:00,55008.8515625,55082.6015625,54998.6484375,55074.6484375,0
2026-04-09 07:30:00+00:00,54993.94921875,55033.1484375,54987.69921875,55010.30078125,0
2026-04-09 07:35:00+00:00,55024.44921875,55030.8984375,54974.6484375,54993.94921875,0
2026-04-09 07:40:00+00:00,54961.6015625,55025.80078125,54939.80078125,55023.30078125,0
2026-04-09 07:45:00+00:00,54920.80078125,54962.30078125,54912.80078125,54959.44921875,0
2026-04-09 07:50:00+00:00,54881.5,54919.6015625,54807.75,54917.3984375,0
2026-04-09 07:55:00+00:00,54825.1484375,54882.44921875,54823.3984375,54878.94921875,0
2026-04-09 08:00:00+00:00,54909.1015625,54914.8984375,54810.55078125,54823.69921875,0
2026-04-09 08:05:00+00:00,54851.6015625,54923.19921875,54834.05078125,54911.05078125,0
2026-04-09 08:10:00+00:00,54829.25,54868.30078125,54817.69921875,54850.8515625,0
2026-04-09 08:15:00+00:00,54851.25,54863.30078125,54771.6015625,54824.19921875,0
2026-04-09 08:20:00+00:00,54870.30078125,54902.19921875,54812.5,54848.8515625,0
2026-04-09 08:25:00+00:00,54856.94921875,54898.6484375,54851.1484375,54869.19921875,0
2026-04-09 08:30:00+00:00,54894.94921875,54918.05078125,54810.55078125,54859.05078125,0
2026-04-09 08:35:00+00:00,54910.0,54945.94921875,54853.6015625,54891.6015625,0
2026-04-09 08:40:00+00:00,54828.05078125,54912.80078125,54814.3984375,54909.30078125,0
2026-04-09 08:45:00+00:00,54772.1484375,54839.1015625,54772.1484375,54826.3984375,0
2026-04-09 08:50:00+00:00,54742.3515625,54814.25,54720.8515625,54771.1484375,0
2026-04-09 08:55:00+00:00,54720.80078125,54745.55078125,54687.75,54739.44921875,0
2026-04-09 09:00:00+00:00,54662.6484375,54720.6015625,54626.8515625,54718.75,0
2026-04-09 09:05:00+00:00,54714.1484375,54718.8984375,54647.5,54663.6015625,0
2026-04-09 09:10:00+00:00,54742.3984375,54777.30078125,54686.0,54715.1015625,0
2026-04-09 09:15:00+00:00,54740.69921875,54748.05078125,54682.0,54742.44921875,0
2026-04-09 09:20:00+00:00,54751.75,54765.0,54700.55078125,54736.6015625,0
2026-04-09 09:25:00+00:00,54743.80078125,54761.55078125,54706.8984375,54750.30078125,0
2026-04-09 09:30:00+00:00,54744.5,54932.8515625,54696.30078125,54740.80078125,0
2026-04-09 09:35:00+00:00,54857.5,54890.44921875,54716.8984375,54745.8984375,0
2026-04-09 09:40:00+00:00,54884.25,54891.80078125,54818.6015625,54858.75,0
2026-04-09 09:45:00+00:00,54843.0,54887.44921875,54834.6484375,54881.6484375,0
2026-04-09 09:50:00+00:00,54821.05078125,54861.30078125,54805.05078125,54840.1015625,0
2026-04-09 09:55:00+00:00,54820.0,54862.3515625,54790.30078125,54821.55078125,0
2026-04-10 03:45:00+00:00,55571.30078125,55581.25,55180.80078125,55193.55078125,0
2026-04-10 03:50:00+00:00,55550.25,55619.44921875,55546.30078125,55571.1015625,0
2026-04-10 03:55:00+00:00,55625.75,55626.3515625,55511.8515625,55554.75,0
2026-04-10 04:00:00+00:00,55618.55078125,55710.80078125,55615.80078125,55628.8515625,0
2026-04-10 04:05:00+00:00,55640.75,55651.5,55556.19921875,55617.1484375,0
2026-04-10 04:10:00+00:00,55698.75,55740.55078125,55638.3984375,55645.44921875,0
2026-04-10 04:15:00+00:00,55755.19921875,55790.75,55686.1015625,55695.30078125,0
2026-04-10 04:20:00+00:00,55756.6015625,55786.75,55742.25,55751.44921875,0
2026-04-10 04:25:00+00:00,55794.94921875,55807.0,55743.25,55755.8984375,0
2026-04-10 04:30:00+00:00,55762.5,55844.44921875,55759.6484375,55795.25,0
2026-04-10 04:35:00+00:00,55777.1015625,55787.25,55612.3984375,55763.5,0
2026-04-10 04:40:00+00:00,55849.1484375,55859.44921875,55773.3515625,55776.19921875,0
2026-04-10 04:45:00+00:00,55916.80078125,55928.75,55858.3984375,55859.8515625,0
2026-04-10 04:50:00+00:00,55884.30078125,55922.94921875,55870.0,55918.1015625,0
2026-04-10 04:55:00+00:00,55843.3984375,55917.0,55822.1484375,55881.69921875,0
2026-04-10 05:00:00+00:00,55798.75,55864.6015625,55739.6484375,55843.69921875,0
2026-04-10 05:05:00+00:00,55797.69921875,55840.3515625,55781.6484375,55797.25,0
2026-04-10 05:10:00+00:00,55809.80078125,55832.25,55795.3984375,55800.75,0
2026-04-10 05:15:00+00:00,55793.0,55835.8515625,55793.0,55809.0,0
2026-04-10 05:20:00+00:00,55766.3984375,55810.25,55763.0,55794.3984375,0
2026-04-10 05:25:00+00:00,55826.1015625,55826.44921875,55720.3984375,55769.05078125,0
2026-04-10 05:30:00+00:00,55826.55078125,55860.55078125,55813.25,55829.44921875,0
2026-04-10 05:35:00+00:00,55862.0,55863.55078125,55802.94921875,55827.6015625,0
2026-04-10 05:40:00+00:00,55849.3984375,55881.69921875,55833.3984375,55862.8984375,0
2026-04-10 05:45:00+00:00,55793.1484375,55851.55078125,55760.1015625,55848.3515625,0
2026-04-10 05:50:00+00:00,55776.1484375,55815.19921875,55771.44921875,55794.44921875,0
2026-04-10 05:55:00+00:00,55732.19921875,55828.8515625,55726.05078125,55774.19921875,0
2026-04-10 06:00:00+00:00,55826.8515625,55835.8984375,55732.55078125,55732.55078125,0
2026-04-10 06:05:00+00:00,55763.94921875,55841.3984375,55755.80078125,55831.1484375,0
2026-04-10 06:10:00+00:00,55765.3984375,55794.44921875,55739.94921875,55762.94921875,0
2026-04-10 06:15:00+00:00,55715.5,55781.3984375,55682.1015625,55763.44921875,0
2026-04-10 06:20:00+00:00,55752.80078125,55773.8984375,55713.44921875,55713.44921875,0
2026-04-10 06:25:00+00:00,55758.6015625,55761.8984375,55729.8515625,55753.5,0
2026-04-10 06:30:00+00:00,55795.25,55800.1484375,55733.6484375,55757.55078125,0
2026-04-10 06:35:00+00:00,55820.05078125,55832.8515625,55779.44921875,55790.80078125,0
2026-04-10 06:40:00+00:00,55767.44921875,55825.8984375,55763.1484375,55820.8984375,0
2026-04-10 06:45:00+00:00,55781.1484375,55781.5,55737.80078125,55767.3515625,0
2026-04-10 06:50:00+00:00,55812.05078125,55812.19921875,55746.5,55777.8984375,0
2026-04-10 06:55:00+00:00,55796.3515625,55848.55078125,55766.19921875,55809.1015625,0
2026-04-10 07:00:00+00:00,55743.80078125,55797.6484375,55736.6015625,55794.69921875,0
2026-04-10 07:05:00+00:00,55793.6015625,55798.94921875,55738.5,55740.55078125,0
2026-04-10 07:10:00+00:00,55761.6484375,55808.55078125,55757.05078125,55794.3984375,0
2026-04-10 07:15:00+00:00,55782.6015625,55794.6484375,55752.0,55754.80078125,0
2026-04-10 07:20:00+00:00,55749.1484375,55785.8984375,55710.05078125,55783.6484375,0
2026-04-10 07:25:00+00:00,55788.75,55792.75,55746.30078125,55747.8984375,0
2026-04-10 07:30:00+00:00,55813.19921875,55828.8515625,55783.0,55791.3984375,0
2026-04-10 07:35:00+00:00,55830.0,55855.1015625,55803.8515625,55813.44921875,0
2026-04-10 07:40:00+00:00,55808.1015625,55835.30078125,55801.94921875,55828.8984375,0
2026-04-10 07:45:00+00:00,55810.3984375,55818.8984375,55787.1484375,55807.44921875,0
2026-04-10 07:50:00+00:00,55836.6484375,55845.1484375,55805.25,55810.3984375,0
2026-04-10 07:55:00+00:00,55882.44921875,55885.8984375,55829.30078125,55835.80078125,0
2026-04-10 08:00:00+00:00,55862.6015625,55889.5,55853.75,55880.5,0
2026-04-10 08:05:00+00:00,55860.6015625,55872.1015625,55835.5,55862.8515625,0
2026-04-10 08:10:00+00:00,55890.0,55903.6015625,55857.19921875,55861.6484375,0
2026-04-10 08:15:00+00:00,55844.3984375,55907.94921875,55829.3515625,55892.94921875,0
2026-04-10 08:20:00+00:00,55868.6015625,55888.1015625,55822.5,55843.05078125,0
2026-04-10 08:25:00+00:00,55923.19921875,55934.94921875,55853.8515625,55871.0,0
2026-04-10 08:30:00+00:00,55899.0,55957.44921875,55895.6484375,55926.0,0
2026-04-10 08:35:00+00:00,55924.3984375,55928.25,55901.1015625,55904.55078125,0
2026-04-10 08:40:00+00:00,55881.6484375,55968.8515625,55828.6484375,55924.3515625,0
2026-04-10 08:45:00+00:00,55804.19921875,55885.5,55668.8984375,55885.5,0
2026-04-10 08:50:00+00:00,55698.8984375,55834.5,55695.69921875,55806.6015625,0
2026-04-10 08:55:00+00:00,55727.19921875,55744.75,55669.25,55695.8984375,0
2026-04-10 09:00:00+00:00,55710.8984375,55780.1015625,55710.8984375,55723.8515625,0
2026-04-10 09:05:00+00:00,55743.19921875,55755.1015625,55649.94921875,55710.5,0
2026-04-10 09:10:00+00:00,55757.25,55800.0,55732.19921875,55739.3515625,0
2026-04-10 09:15:00+00:00,55793.6015625,55796.25,55678.1484375,55753.6015625,0
2026-04-10 09:20:00+00:00,55768.0,55796.3515625,55749.05078125,55791.8515625,0
2026-04-10 09:25:00+00:00,55790.0,55798.44921875,55763.25,55767.8984375,0
2026-04-10 09:30:00+00:00,55845.75,55850.30078125,55779.0,55791.6484375,0
2026-04-10 09:35:00+00:00,55949.0,55951.44921875,55843.05078125,55847.75,0
2026-04-10 09:40:00+00:00,55921.8984375,55977.6484375,55918.30078125,55949.19921875,0
2026-04-10 09:45:00+00:00,55921.19921875,55945.94921875,55900.1015625,55923.3984375,0
2026-04-10 09:50:00+00:00,55942.1015625,55952.8515625,55908.1015625,55919.8984375,0
2026-04-10 09:55:00+00:00,55929.3984375,55957.19921875,55914.19921875,55939.8984375,0
