Datetime,Close,High,Low,Open
2026-01-12 03:45:00+00:00,25611.05078,25699.55078,25611.05078,25671.94922
2026-01-12 03:50:00+00:00,25559.80078,25610.65039,25556.09961,25610.65039
2026-01-12 03:55:00+00:00,25532.44922,25566.05078,25529.40039,25558.84961
2026-01-12 04:00:00+00:00,25568.75,25579.15039,25530.19922,25532.34961
2026-01-12 04:05:00+00:00,25583.84961,25597.09961,25560.59961,25569.09961
2026-01-12 04:10:00+00:00,25557.59961,25582.05078,25543.65039,25582.05078
2026-01-12 04:15:00+00:00,25595.44922,25595.55078,25546,25558.40039
2026-01-12 04:20:00+00:00,25589.90039,25608.55078,25575.59961,25596.25
2026-01-12 04:25:00+00:00,25557.55078,25601.15039,25557.55078,25590.09961
2026-01-12 04:30:00+00:00,25589.69922,25591.80078,25557.44922,25557.90039
2026-01-12 04:35:00+00:00,25580.30078,25596.25,25575.05078,25588.94922
2026-01-12 04:40:00+00:00,25556.90039,25580.30078,25556.40039,25580.30078
2026-01-12 04:45:00+00:00,25583.59961,25587.05078,25545.94922,25556.90039
2026-01-12 04:50:00+00:00,25585.44922,25591.65039,25574.84961,25583.30078
2026-01-12 04:55:00+00:00,25583.15039,25598.19922,25571.5,25585.15039
2026-01-12 05:00:00+00:00,25570.94922,25593,25566.40039,25582.84961
2026-01-12 05:05:00+00:00,25560.84961,25575.25,25560.84961,25570.90039
2026-01-12 05:10:00+00:00,25563.15039,25574.19922,25558.25,25559.84961
2026-01-12 05:15:00+00:00,25569.44922,25573.05078,25538.80078,25561.80078
2026-01-12 05:20:00+00:00,25556.69922,25582.65039,25551.84961,25569.15039
2026-01-12 05:25:00+00:00,25547.34961,25561.84961,25545.59961,25556.34961
2026-01-12 05:30:00+00:00,25547.34961,25551.5,25541.25,25547.59961
2026-01-12 05:35:00+00:00,25541.40039,25549.44922,25534.80078,25545.65039
2026-01-12 05:40:00+00:00,25532.84961,25547.40039,25529.55078,25539.94922
2026-01-12 05:45:00+00:00,25514.94922,25532.94922,25509.80078,25531.90039
2026-01-12 05:50:00+00:00,25507.34961,25521.19922,25503.30078,25515.34961
2026-01-12 05:55:00+00:00,25502.40039,25517.05078,25501.84961,25507.75
2026-01-12 06:00:00+00:00,25476.90039,25502.5,25476.15039,25501.94922
2026-01-12 06:05:00+00:00,25482.69922,25493.19922,25477.09961,25477.75
2026-01-12 06:10:00+00:00,25480.59961,25488.75,25473.40039,25483
2026-01-12 06:15:00+00:00,25490.84961,25499.94922,25474.5,25481.44922
2026-01-12 06:20:00+00:00,25492.15039,25496.90039,25483.90039,25491
2026-01-12 06:25:00+00:00,25501.55078,25502.84961,25491.25,25491.30078
2026-01-12 06:30:00+00:00,25501,25516.94922,25496.19922,25501.44922
2026-01-12 06:35:00+00:00,25520,25530.44922,25500.75,25500.75
2026-01-12 06:40:00+00:00,25578.30078,25578.90039,25511,25520.44922
2026-01-12 06:45:00+00:00,25601.30078,25613.30078,25566.25,25577.5
2026-01-12 06:50:00+00:00,25644.84961,25667.5,25601.05078,25601.90039
2026-01-12 06:55:00+00:00,25660.80078,25678.90039,25634.90039,25642.55078
2026-01-12 07:00:00+00:00,25697.5,25702.75,25656.44922,25660.94922
2026-01-12 07:05:00+00:00,25680.75,25707.30078,25676.09961,25696.94922
2026-01-12 07:10:00+00:00,25723.05078,25736.80078,25679.5,25680.84961
2026-01-12 07:15:00+00:00,25710.59961,25738.09961,25710.59961,25723.34961
2026-01-12 07:20:00+00:00,25726.5,25727.40039,25710.90039,25710.90039
2026-01-12 07:25:00+00:00,25709.05078,25728.30078,25708.84961,25725.94922
2026-01-12 07:30:00+00:00,25699.40039,25710.94922,25673.09961,25709.5
2026-01-12 07:35:00+00:00,25717.09961,25720.55078,25698.25,25698.84961
2026-01-12 07:40:00+00:00,25722.30078,25726.55078,25706.44922,25717.40039
2026-01-12 07:45:00+00:00,25705.19922,25728,25703.80078,25721.80078
2026-01-12 07:50:00+00:00,25706.65039,25710,25694.59961,25705.44922
2026-01-12 07:55:00+00:00,25689.05078,25705.90039,25687.25,25704.30078
2026-01-12 08:00:00+00:00,25745.25,25746.05078,25689.15039,25689.15039
2026-01-12 08:05:00+00:00,25738.94922,25757,25727.59961,25745.40039
2026-01-12 08:10:00+00:00,25730.44922,25755.30078,25730.05078,25739.15039
2026-01-12 08:15:00+00:00,25738.90039,25745.65039,25730.44922,25730.55078
2026-01-12 08:20:00+00:00,25746.34961,25746.59961,25727.40039,25738.40039
2026-01-12 08:25:00+00:00,25741.69922,25748.5,25727.90039,25745.69922
2026-01-12 08:30:00+00:00,25730.25,25742.69922,25715.09961,25741.30078
2026-01-12 08:35:00+00:00,25741.69922,25743.30078,25726.09961,25730.34961
2026-01-12 08:40:00+00:00,25728.44922,25743.65039,25726.94922,25741.5
2026-01-12 08:45:00+00:00,25731.09961,25743.09961,25727,25727.94922
2026-01-12 08:50:00+00:00,25763.55078,25765.5,25727.05078,25730.5
2026-01-12 08:55:00+00:00,25755.69922,25770.84961,25749.84961,25763.34961
2026-01-12 09:00:00+00:00,25733,25761.25,25730.90039,25756
2026-01-12 09:05:00+00:00,25744.90039,25747.65039,25704.65039,25732.94922
2026-01-12 09:10:00+00:00,25760.80078,25763.69922,25742.84961,25744.65039
2026-01-12 09:15:00+00:00,25765.69922,25771.09961,25755.19922,25760.34961
2026-01-12 09:20:00+00:00,25787.84961,25794.09961,25765.19922,25765.19922
2026-01-12 09:25:00+00:00,25810.44922,25813.15039,25786.84961,25787.19922
2026-01-12 09:30:00+00:00,25783.84961,25808.94922,25778.05078,25808.94922
2026-01-12 09:35:00+00:00,25785.19922,25791.15039,25775.09961,25783.80078
2026-01-12 09:40:00+00:00,25778.5,25788.15039,25776.15039,25785
2026-01-12 09:45:00+00:00,25785.69922,25791.5,25778.30078,25778.30078
2026-01-12 09:50:00+00:00,25797.25,25798.05078,25782.59961,25786.19922
2026-01-12 09:55:00+00:00,25806.09961,25807.94922,25792.80078,25797.65039
2026-01-13 03:45:00+00:00,25846.25,25889,25837.84961,25886.05078
2026-01-13 03:50:00+00:00,25836.30078,25852.65039,25814.19922,25845.75
2026-01-13 03:55:00+00:00,25762.84961,25836.75,25760.40039,25836.75
2026-01-13 04:00:00+00:00,25745.34961,25778,25731.94922,25761.40039
2026-01-13 04:05:00+00:00,25736.30078,25756,25725.30078,25744.69922
2026-01-13 04:10:00+00:00,25730.19922,25735.90039,25710.15039,25735.75
2026-01-13 04:15:00+00:00,25739.19922,25789.75,25732.40039,25732.40039
2026-01-13 04:20:00+00:00,25743.40039,25769.05078,25730.55078,25737.90039
2026-01-13 04:25:00+00:00,25709.84961,25744.75,25701.30078,25744
2026-01-13 04:30:00+00:00,25749.59961,25751.80078,25705.19922,25710.15039
2026-01-13 04:35:00+00:00,25760.65039,25767.19922,25736.34961,25748.59961
2026-01-13 04:40:00+00:00,25738.09961,25771,25738.09961,25761.55078
2026-01-13 04:45:00+00:00,25737.75,25756.19922,25726.09961,25738.90039
2026-01-13 04:50:00+00:00,25759.15039,25774.44922,25736.80078,25736.80078
2026-01-13 04:55:00+00:00,25799.44922,25803.59961,25757.44922,25761.05078
2026-01-13 05:00:00+00:00,25806.19922,25827.05078,25795.55078,25799.30078
2026-01-13 05:05:00+00:00,25776.30078,25809.19922,25766.15039,25805.44922
2026-01-13 05:10:00+00:00,25767.69922,25776.09961,25750.19922,25774.05078
2026-01-13 05:15:00+00:00,25777.19922,25782.44922,25754.94922,25766.90039
2026-01-13 05:20:00+00:00,25772.15039,25799.59961,25770.65039,25776.44922
2026-01-13 05:25:00+00:00,25778.90039,25787.80078,25761.84961,25771.84961
2026-01-13 05:30:00+00:00,25773.30078,25788.59961,25759.65039,25779.75
2026-01-13 05:35:00+00:00,25795.59961,25796,25766.44922,25773.84961
2026-01-13 05:40:00+00:00,25788.59961,25799.55078,25778.84961,25795.44922
2026-01-13 05:45:00+00:00,25785.80078,25795.90039,25775.69922,25788
2026-01-13 05:50:00+00:00,25781.25,25794.84961,25776.15039,25784.55078
2026-01-13 05:55:00+00:00,25795.90039,25803.94922,25780.15039,25780.15039
2026-01-13 06:00:00+00:00,25808.44922,25813.5,25787.69922,25794.30078
2026-01-13 06:05:00+00:00,25810.34961,25819.30078,25803.65039,25808.40039
2026-01-13 06:10:00+00:00,25789.69922,25816.5,25786.75,25809.65039
2026-01-13 06:15:00+00:00,25785.75,25790.40039,25779.19922,25788.44922
2026-01-13 08:00:00+00:00,25661.40039,25663.30078,25659.59961,25661.84961
2026-01-13 08:10:00+00:00,25676.15039,25676.69922,25661.90039,25662.69922
2026-01-13 08:15:00+00:00,25665,25678.15039,25661.25,25675.25
2026-01-13 08:20:00+00:00,25671.44922,25686.65039,25664.90039,25664.90039
2026-01-13 08:25:00+00:00,25663.65039,25672.34961,25658.94922,25671.55078
2026-01-13 08:30:00+00:00,25647.05078,25667.5,25644.80078,25662.94922
2026-01-13 08:35:00+00:00,25649.19922,25651.55078,25638.34961,25645.44922
2026-01-13 08:40:00+00:00,25636.55078,25650.30078,25621.44922,25648.90039
2026-01-13 08:45:00+00:00,25638.19922,25649.05078,25623.65039,25636.25
2026-01-13 08:50:00+00:00,25615.25,25640.80078,25615,25637.5
2026-01-13 08:55:00+00:00,25612.59961,25622.80078,25609.84961,25614.90039
2026-01-13 09:00:00+00:00,25640.25,25662.90039,25603.40039,25611.65039
2026-01-13 09:05:00+00:00,25662.19922,25674.19922,25634.80078,25639.59961
2026-01-13 09:10:00+00:00,25692.65039,25702.30078,25658.84961,25661.09961
2026-01-13 09:15:00+00:00,25690.65039,25712.84961,25687.80078,25692.90039
2026-01-13 09:20:00+00:00,25713.90039,25722.75,25688.5,25689.90039
2026-01-13 09:25:00+00:00,25707.94922,25726.05078,25690.80078,25715.05078
2026-01-13 09:30:00+00:00,25706.19922,25757.15039,25702.05078,25711.84961
2026-01-13 09:35:00+00:00,25746.94922,25747.55078,25705.30078,25705.94922
2026-01-13 09:40:00+00:00,25737.40039,25751.94922,25733.65039,25746.15039
2026-01-13 09:45:00+00:00,25726.84961,25749.65039,25724.40039,25738.84961
2026-01-13 09:50:00+00:00,25731,25741.84961,25719.59961,25729.44922
2026-01-13 09:55:00+00:00,25714.19922,25736.80078,25710.44922,25731.30078
2026-01-14 03:45:00+00:00,25683.25,25718.84961,25640.40039,25647.05078
2026-01-14 03:50:00+00:00,25705.15039,25742.09961,25680.5,25684.19922
2026-01-14 03:55:00+00:00,25737.5,25744.80078,25704.15039,25704.59961
2026-01-14 04:00:00+00:00,25734.19922,25750.15039,25722.19922,25737.69922
2026-01-14 04:05:00+00:00,25732.84961,25746.59961,25726,25733.94922
2026-01-14 04:10:00+00:00,25706.65039,25739.59961,25703.15039,25732.40039
2026-01-14 04:15:00+00:00,25689.44922,25712.84961,25674.40039,25704.90039
2026-01-14 04:20:00+00:00,25742.44922,25743.59961,25688.25,25689.34961
2026-01-14 04:25:00+00:00,25729.90039,25761.30078,25715.69922,25743
2026-01-14 04:30:00+00:00,25717.25,25733.80078,25710.15039,25729.59961
2026-01-14 04:35:00+00:00,25708.55078,25723.84961,25700,25715.65039
2026-01-14 04:40:00+00:00,25696.80078,25708.40039,25692.65039,25708.40039
2026-01-14 04:45:00+00:00,25680.05078,25703.75,25670,25697.90039
2026-01-14 04:50:00+00:00,25676.09961,25686.25,25661.34961,25680.80078
2026-01-14 04:55:00+00:00,25688.90039,25689.59961,25670.44922,25676.59961
2026-01-14 05:00:00+00:00,25686.59961,25691.84961,25662.25,25689.90039
2026-01-14 05:05:00+00:00,25679.75,25693.40039,25669.69922,25686.94922
2026-01-14 05:10:00+00:00,25675,25718.90039,25671.84961,25680.09961
2026-01-14 05:15:00+00:00,25692.15039,25696.94922,25662,25674.94922
2026-01-14 05:20:00+00:00,25703.65039,25705.34961,25691.69922,25692.40039
2026-01-14 05:25:00+00:00,25728.80078,25729,25700.34961,25704.55078
2026-01-14 05:30:00+00:00,25733.15039,25736,25710.75,25729.30078
2026-01-14 05:35:00+00:00,25729.55078,25737.90039,25713.44922,25733.80078
2026-01-14 05:40:00+00:00,25726.25,25737.75,25721.44922,25729.59961
2026-01-14 05:45:00+00:00,25747,25751.09961,25720.30078,25723.69922
2026-01-14 05:50:00+00:00,25737.5,25754.94922,25737.5,25747.75
2026-01-14 05:55:00+00:00,25770.40039,25774.15039,25732.69922,25737.90039
2026-01-14 06:00:00+00:00,25769,25775.5,25748.5,25770.69922
2026-01-14 06:05:00+00:00,25767.40039,25771.5,25758.84961,25769.09961
2026-01-14 06:10:00+00:00,25761.15039,25777.19922,25761.15039,25766.84961
2026-01-14 06:15:00+00:00,25784.75,25785.80078,25759.40039,25760.94922
2026-01-14 06:20:00+00:00,25776.5,25785.25,25769.80078,25785.25
2026-01-14 06:25:00+00:00,25775.65039,25784.15039,25771.94922,25775.69922
2026-01-14 06:30:00+00:00,25786.94922,25791.30078,25775.44922,25776.44922
2026-01-14 06:35:00+00:00,25762.30078,25788.25,25760.75,25786.30078
2026-01-14 06:40:00+00:00,25743.34961,25766.34961,25742.19922,25762.90039
2026-01-14 06:45:00+00:00,25766.30078,25766.75,25734.5,25743.69922
2026-01-14 06:50:00+00:00,25767.75,25774.90039,25764.15039,25766.75
2026-01-14 06:55:00+00:00,25755.84961,25773.65039,25751.5,25767.90039
2026-01-14 07:00:00+00:00,25765.15039,25767.55078,25756.09961,25756.09961
2026-01-14 07:05:00+00:00,25772.84961,25780.90039,25764.75,25765.09961
2026-01-14 07:10:00+00:00,25753.44922,25777.5,25751.84961,25772.05078
2026-01-14 07:15:00+00:00,25754.84961,25769.44922,25752.25,25753.5
2026-01-14 07:20:00+00:00,25747.84961,25756.09961,25741.15039,25753.40039
2026-01-14 07:25:00+00:00,25749.19922,25753.44922,25741.75,25747.65039
2026-01-14 07:30:00+00:00,25740.5,25754.05078,25736.05078,25749.09961
2026-01-14 07:35:00+00:00,25753.34961,25753.80078,25740.44922,25740.44922
2026-01-14 07:40:00+00:00,25747.15039,25761.5,25746,25753
2026-01-14 07:45:00+00:00,25743.05078,25757.30078,25740.30078,25746.75
2026-01-14 07:50:00+00:00,25717.15039,25744.19922,25716.94922,25743.5
2026-01-14 07:55:00+00:00,25715.5,25728.80078,25705.59961,25716.90039
2026-01-14 08:00:00+00:00,25700.34961,25718.55078,25699.75,25715.84961
2026-01-14 08:05:00+00:00,25671.19922,25709.34961,25671.19922,25699.75
2026-01-14 08:10:00+00:00,25659.34961,25683.09961,25658.80078,25671.34961
2026-01-14 08:15:00+00:00,25661.65039,25669.19922,25650.94922,25659.84961
2026-01-14 08:20:00+00:00,25638.94922,25670.84961,25638.94922,25662.05078
2026-01-14 08:25:00+00:00,25635.94922,25645.44922,25631.34961,25639.65039
2026-01-14 08:30:00+00:00,25638.15039,25656.90039,25634.15039,25636.05078
2026-01-14 08:35:00+00:00,25645.90039,25658.09961,25632.19922,25637.75
2026-01-14 08:40:00+00:00,25663.19922,25664.09961,25644,25645.30078
2026-01-14 08:45:00+00:00,25644.09961,25669.75,25643.65039,25663.25
2026-01-14 08:50:00+00:00,25610.84961,25644.5,25610.84961,25643.65039
2026-01-14 08:55:00+00:00,25624.30078,25630.80078,25604.09961,25610.84961
2026-01-14 09:00:00+00:00,25636.40039,25638.05078,25618.34961,25624.40039
2026-01-14 09:05:00+00:00,25658.94922,25666.30078,25627.5,25635.94922
2026-01-14 09:10:00+00:00,25676.65039,25680.30078,25650.25,25658.05078
2026-01-14 09:15:00+00:00,25696.44922,25715.65039,25676.40039,25676.40039
2026-01-14 09:20:00+00:00,25695.84961,25702.69922,25689.15039,25697.19922
2026-01-14 09:25:00+00:00,25678.19922,25703.80078,25675.65039,25696.94922
2026-01-14 09:30:00+00:00,25684.94922,25684.94922,25649.40039,25681.25
2026-01-14 09:35:00+00:00,25673.09961,25694.09961,25655.05078,25686.25
2026-01-14 09:40:00+00:00,25652.84961,25676.40039,25650.80078,25673.44922
2026-01-14 09:45:00+00:00,25660.15039,25662,25648.30078,25655.25
2026-01-14 09:50:00+00:00,25675.55078,25675.94922,25654.84961,25660.75
2026-01-14 09:55:00+00:00,25669.09961,25677.40039,25662.59961,25675.80078
2026-01-16 03:45:00+00:00,25729.84961,25742.65039,25679.19922,25696.05078
2026-01-16 03:50:00+00:00,25715,25736.25,25704.65039,25730.44922
2026-01-16 03:55:00+00:00,25725.90039,25732.5,25705.09961,25714.09961
2026-01-16 04:00:00+00:00,25708.25,25726.34961,25686.55078,25725.55078
2026-01-16 04:05:00+00:00,25690.75,25712.55078,25689.09961,25708.75
2026-01-16 04:10:00+00:00,25725.90039,25727.5,25683.80078,25690.05078
2026-01-16 04:15:00+00:00,25742,25743.44922,25715.19922,25725.75
2026-01-16 04:20:00+00:00,25752.40039,25755.5,25737.34961,25742.94922
2026-01-16 04:25:00+00:00,25739.25,25755.80078,25737.75,25752.19922
2026-01-16 04:30:00+00:00,25761.94922,25765.25,25736.80078,25739.25
2026-01-16 04:35:00+00:00,25766.65039,25768.19922,25749.15039,25761.34961
2026-01-16 04:40:00+00:00,25783.65039,25789.30078,25764.80078,25766.69922
2026-01-16 04:45:00+00:00,25836.75,25845.5,25783.90039,25784.94922
2026-01-16 04:50:00+00:00,25848.44922,25854.15039,25834.05078,25837.09961
2026-01-16 04:55:00+00:00,25856.65039,25865.15039,25847.59961,25848.05078
2026-01-16 05:00:00+00:00,25852,25864.09961,25842.05078,25857.5
2026-01-16 05:05:00+00:00,25865.25,25872.09961,25851.5,25852.25
2026-01-16 05:10:00+00:00,25843.69922,25872.84961,25839.75,25865.59961
2026-01-16 05:15:00+00:00,25855.69922,25863.90039,25841.65039,25844.55078
2026-01-16 05:20:00+00:00,25837.84961,25855.84961,25837.84961,25855.84961
2026-01-16 05:25:00+00:00,25829.5,25845.15039,25827,25838.05078
2026-01-16 05:30:00+00:00,25824.65039,25841.80078,25824.19922,25829.69922
2026-01-16 05:35:00+00:00,25829.40039,25837.05078,25820.69922,25824.34961
2026-01-16 05:40:00+00:00,25812.44922,25828.80078,25801.84961,25828.80078
2026-01-16 05:45:00+00:00,25806.80078,25823.40039,25801.25,25812.5
2026-01-16 05:50:00+00:00,25806.55078,25820.40039,25800.94922,25806.59961
2026-01-16 05:55:00+00:00,25813.25,25818.90039,25805.55078,25806.09961
2026-01-16 06:00:00+00:00,25810.90039,25830.65039,25801.25,25813.15039
2026-01-16 06:05:00+00:00,25801.59961,25814.59961,25797.15039,25810.34961
2026-01-16 06:10:00+00:00,25798.44922,25810.55078,25797.40039,25802.15039
2026-01-16 06:15:00+00:00,25789.09961,25798.69922,25783.34961,25798.44922
2026-01-16 06:20:00+00:00,25792.65039,25799.44922,25783.90039,25789.84961
2026-01-16 06:25:00+00:00,25775.75,25797.34961,25770.25,25791.94922
2026-01-16 06:30:00+00:00,25790.69922,25792.09961,25773.44922,25775.65039
2026-01-16 06:35:00+00:00,25812.30078,25812.40039,25789.25,25790.59961
2026-01-16 06:40:00+00:00,25823.59961,25826.59961,25808.55078,25811.94922
2026-01-16 06:45:00+00:00,25813.80078,25829.19922,25811.59961,25824.65039
2026-01-16 06:50:00+00:00,25810.09961,25818.75,25806.19922,25814.59961
2026-01-16 06:55:00+00:00,25752.09961,25812.94922,25744.90039,25810.84961
2026-01-16 07:00:00+00:00,25769.84961,25771,25737.80078,25752.05078
2026-01-16 07:05:00+00:00,25766.59961,25774.59961,25753.90039,25770.75
2026-01-16 07:10:00+00:00,25759.55078,25771.25,25758.80078,25767.84961
2026-01-16 07:15:00+00:00,25754.90039,25766.25,25753.59961,25759.55078
2026-01-16 07:20:00+00:00,25766.30078,25766.94922,25738.09961,25755.59961
2026-01-16 07:25:00+00:00,25744.40039,25767.84961,25741.05078,25766.40039
2026-01-16 07:30:00+00:00,25725.84961,25746.34961,25719.44922,25745.65039
2026-01-16 07:35:00+00:00,25727.05078,25730.94922,25719.19922,25727.19922
2026-01-16 07:40:00+00:00,25716.55078,25728.15039,25704.09961,25728.15039
2026-01-16 07:45:00+00:00,25713.80078,25723.09961,25703.5,25717.05078
2026-01-16 07:50:00+00:00,25695.55078,25718,25692.65039,25713.84961
2026-01-16 07:55:00+00:00,25702.09961,25702.09961,25662.80078,25695.75
2026-01-16 08:00:00+00:00,25702.05078,25719.75,25694.05078,25701.65039
2026-01-16 08:05:00+00:00,25704.69922,25707.94922,25683.80078,25702.30078
2026-01-16 08:10:00+00:00,25696.30078,25707.94922,25690.30078,25704.94922
2026-01-16 08:15:00+00:00,25706.65039,25717.09961,25695.09961,25696.34961
2026-01-16 08:20:00+00:00,25686.25,25716.59961,25676.5,25706.90039
2026-01-16 08:25:00+00:00,25684.30078,25693.80078,25679.94922,25686.25
2026-01-16 08:30:00+00:00,25680.65039,25688.69922,25674.34961,25683.69922
2026-01-16 08:35:00+00:00,25671.59961,25696.94922,25667.40039,25680.44922
2026-01-16 08:40:00+00:00,25688.25,25697.55078,25669.80078,25672.5
2026-01-16 08:45:00+00:00,25688.59961,25688.59961,25671.69922,25688.05078
2026-01-16 08:50:00+00:00,25698.94922,25705.80078,25679.5,25687.40039
2026-01-16 08:55:00+00:00,25697.69922,25710.5,25684.15039,25699.09961
2026-01-16 09:00:00+00:00,25702.15039,25710.59961,25686.90039,25697.80078
2026-01-16 09:05:00+00:00,25705.59961,25709.59961,25680.69922,25701.69922
2026-01-16 09:10:00+00:00,25710.84961,25720.44922,25701.84961,25704.94922
2026-01-16 09:15:00+00:00,25703.34961,25716.15039,25694,25710.19922
2026-01-16 09:20:00+00:00,25697.55078,25709.94922,25687.5,25703.40039
2026-01-16 09:25:00+00:00,25707.19922,25711.90039,25693.75,25696.15039
2026-01-16 09:30:00+00:00,25697.25,25709.05078,25693.55078,25706.34961
2026-01-16 09:35:00+00:00,25694.19922,25699.34961,25687.05078,25697.30078
2026-01-16 09:40:00+00:00,25683.09961,25695.15039,25682.80078,25694.19922
2026-01-16 09:45:00+00:00,25695.55078,25698.59961,25681.59961,25682.44922
2026-01-16 09:50:00+00:00,25699.55078,25705.69922,25694.05078,25694.05078
2026-01-16 09:55:00+00:00,25699.15039,25710.75,25691.15039,25700
2026-01-19 03:45:00+00:00,25597.40039,25631.59961,25531.09961,25631.59961
2026-01-19 03:50:00+00:00,25577.25,25597.65039,25569.19922,25597.65039
2026-01-19 03:55:00+00:00,25554.75,25578.05078,25554.75,25575.69922
2026-01-19 04:00:00+00:00,25588,25592.30078,25532.34961,25556.34961
2026-01-19 04:05:00+00:00,25556.5,25596.30078,25552.34961,25586.59961
2026-01-19 04:10:00+00:00,25565.59961,25570,25547.75,25555.59961
2026-01-19 04:15:00+00:00,25559.09961,25566.09961,25546,25564.75
2026-01-19 04:20:00+00:00,25548.40039,25585,25545.80078,25558.40039
2026-01-19 04:25:00+00:00,25543.44922,25559.55078,25540.15039,25547.05078
2026-01-19 04:30:00+00:00,25515.44922,25542.25,25508.30078,25541.80078
2026-01-19 04:35:00+00:00,25532.05078,25533.75,25505.34961,25515.59961
2026-01-19 04:40:00+00:00,25527.90039,25539.09961,25518.30078,25531.69922
2026-01-19 04:45:00+00:00,25533.15039,25538.5,25525.19922,25526.55078
2026-01-19 04:50:00+00:00,25540.65039,25547.59961,25524.09961,25533
2026-01-19 04:55:00+00:00,25507.25,25540.75,25497.55078,25540.75
2026-01-19 05:00:00+00:00,25509.80078,25527.94922,25504.25,25506.40039
2026-01-19 05:05:00+00:00,25503.80078,25517.80078,25500,25509.25
2026-01-19 05:10:00+00:00,25513.55078,25520.19922,25494.94922,25503.09961
2026-01-19 05:15:00+00:00,25515.19922,25525.80078,25511.90039,25513.84961
2026-01-19 05:20:00+00:00,25519.65039,25523.75,25512.30078,25515
2026-01-19 05:25:00+00:00,25547.69922,25549.25,25519.19922,25519.19922
2026-01-19 05:30:00+00:00,25556.59961,25564.19922,25540.40039,25546.84961
2026-01-19 05:35:00+00:00,25546.84961,25562.5,25545.40039,25556.59961
2026-01-19 05:40:00+00:00,25537.75,25550.5,25526.5,25546.34961
2026-01-19 05:45:00+00:00,25538,25538,25538,25538
2026-01-19 05:50:00+00:00,25517.55078,25530.65039,25508.69922,25523.69922
2026-01-19 05:55:00+00:00,25521.90039,25524.30078,25510.75,25518.5
2026-01-19 06:00:00+00:00,25521.40039,25521.80078,25511.84961,25521.80078
2026-01-19 06:05:00+00:00,25538,25538.40039,25517.09961,25521.44922
2026-01-19 06:10:00+00:00,25545.90039,25547,25532.25,25537.65039
2026-01-19 06:15:00+00:00,25542.44922,25546.94922,25534.40039,25546.05078
2026-01-19 06:20:00+00:00,25546.94922,25549.90039,25534.05078,25543.05078
2026-01-19 06:25:00+00:00,25534.44922,25547.55078,25524.84961,25547.55078
2026-01-19 06:30:00+00:00,25520.44922,25535.25,25517.5,25535.15039
2026-01-19 06:35:00+00:00,25515.34961,25523.94922,25514.09961,25520.30078
2026-01-19 06:40:00+00:00,25532.65039,25532.75,25512.75,25515.34961
2026-01-19 06:45:00+00:00,25546.90039,25556.25,25531.09961,25532.40039
2026-01-19 06:50:00+00:00,25531.15039,25551.34961,25527.34961,25546.90039
2026-01-19 06:55:00+00:00,25528.65039,25532.55078,25518.34961,25530.44922
2026-01-19 07:00:00+00:00,25526.19922,25531.40039,25522.69922,25528.09961
2026-01-19 07:05:00+00:00,25515.90039,25527.59961,25514.84961,25525.75
2026-01-19 07:10:00+00:00,25527,25528.05078,25511.44922,25515.84961
2026-01-19 07:15:00+00:00,25522.15039,25531.80078,25510.65039,25526.94922
2026-01-19 07:20:00+00:00,25543.90039,25546.05078,25515.05078,25522.05078
2026-01-19 07:25:00+00:00,25553.25,25555.30078,25541.59961,25543.80078
2026-01-19 07:30:00+00:00,25553.25,25554.15039,25545.55078,25553.05078
2026-01-19 07:35:00+00:00,25556.25,25565.25,25550.05078,25553.40039
2026-01-19 07:40:00+00:00,25534.65039,25557.80078,25522.65039,25555.30078
2026-01-19 07:45:00+00:00,25538.44922,25538.44922,25525,25533.40039
2026-01-19 07:50:00+00:00,25533.80078,25547.34961,25532.75,25538.15039
2026-01-19 07:55:00+00:00,25529.94922,25533.80078,25522.34961,25533.05078
2026-01-19 08:00:00+00:00,25550.25,25550.40039,25529.44922,25529.44922
2026-01-19 08:05:00+00:00,25560.30078,25561,25544.5,25548.75
2026-01-19 08:10:00+00:00,25549.90039,25564.80078,25543.19922,25558.5
2026-01-19 08:15:00+00:00,25576.05078,25576.05078,25540.80078,25548.25
2026-01-19 08:20:00+00:00,25595,25604.90039,25574.80078,25574.80078
2026-01-19 08:25:00+00:00,25598.75,25611.69922,25592.84961,25595.19922
2026-01-19 08:30:00+00:00,25617.59961,25621.40039,25597.65039,25597.84961
2026-01-19 08:35:00+00:00,25618.84961,25630.65039,25615.90039,25617.5
2026-01-19 08:40:00+00:00,25590.30078,25622.90039,25587,25619.30078
2026-01-19 08:45:00+00:00,25610.05078,25610.75,25586.5,25589.65039
2026-01-19 08:50:00+00:00,25608.30078,25615.34961,25604.40039,25609.84961
2026-01-19 08:55:00+00:00,25592.30078,25610.34961,25588.80078,25607.34961
2026-01-19 09:00:00+00:00,25604.34961,25606.75,25591.75,25591.94922
2026-01-19 09:05:00+00:00,25615.30078,25615.34961,25597.59961,25603.90039
2026-01-19 09:10:00+00:00,25614.90039,25621.69922,25606.84961,25615.44922
2026-01-19 09:15:00+00:00,25623.30078,25626.80078,25613.25,25614.65039
2026-01-19 09:20:00+00:00,25627,25636.25,25618.55078,25622.19922
2026-01-19 09:25:00+00:00,25628.94922,25636.30078,25616.40039,25625.94922
2026-01-19 09:30:00+00:00,25613.84961,25633.69922,25605.09961,25629.30078
2026-01-19 09:35:00+00:00,25597.25,25613.65039,25594.19922,25613.65039
2026-01-19 09:40:00+00:00,25591.15039,25598.5,25585.69922,25597.55078
2026-01-19 09:45:00+00:00,25571.69922,25594.09961,25571.69922,25592.25
2026-01-19 09:50:00+00:00,25561.90039,25573.55078,25553.65039,25573.55078
2026-01-19 09:55:00+00:00,25555.5,25564.69922,25545.40039,25561.59961
2026-01-20 03:45:00+00:00,25558.25,25582.84961,25534.69922,25580.05078
2026-01-20 03:50:00+00:00,25514.34961,25560.40039,25510.94922,25559.30078
2026-01-20 03:55:00+00:00,25488.34961,25520.94922,25484.69922,25514.94922
2026-01-20 04:00:00+00:00,25495.55078,25517.75,25483.75,25488.75
2026-01-20 04:05:00+00:00,25457.94922,25499.05078,25457.05078,25496.59961
2026-01-20 04:10:00+00:00,25467.5,25485.19922,25453.94922,25458.5
2026-01-20 04:15:00+00:00,25462.80078,25478.05078,25455.19922,25468.94922
2026-01-20 04:20:00+00:00,25434.09961,25474.55078,25434.09961,25462.80078
2026-01-20 04:25:00+00:00,25457.75,25466.19922,25432.75,25435.40039
2026-01-20 04:30:00+00:00,25469.90039,25476.05078,25452.69922,25458.69922
2026-01-20 04:35:00+00:00,25479.80078,25486.05078,25461.75,25473.19922
2026-01-20 04:40:00+00:00,25468.69922,25489.5,25463.94922,25481.94922
2026-01-20 04:45:00+00:00,25485.69922,25492,25457.34961,25471.65039
2026-01-20 04:50:00+00:00,25483.80078,25500.44922,25479.05078,25486.55078
2026-01-20 04:55:00+00:00,25482.59961,25491.75,25474.55078,25484.5
2026-01-20 05:00:00+00:00,25477.80078,25488.05078,25471.69922,25483.40039
2026-01-20 05:05:00+00:00,25492.55078,25504,25472.65039,25479.09961
2026-01-20 05:10:00+00:00,25482.44922,25501.05078,25481,25493.19922
2026-01-20 05:15:00+00:00,25481.65039,25491.84961,25477.94922,25483.44922
2026-01-20 05:20:00+00:00,25470.5,25484.05078,25463.55078,25482.75
2026-01-20 05:25:00+00:00,25466.19922,25471.80078,25456.69922,25471.19922
2026-01-20 05:30:00+00:00,25458.55078,25466.94922,25451.25,25466.94922
2026-01-20 05:35:00+00:00,25450.44922,25459.34961,25447.84961,25459.34961
2026-01-20 05:40:00+00:00,25449.59961,25455.55078,25446.25,25451.59961
2026-01-20 05:45:00+00:00,25451.19922,25472.09961,25443.84961,25450.59961
2026-01-20 05:50:00+00:00,25453.90039,25460.09961,25444.65039,25452.5
2026-01-20 05:55:00+00:00,25464.05078,25468.19922,25446.19922,25453.5
2026-01-20 06:00:00+00:00,25457.59961,25468.19922,25452.55078,25464
2026-01-20 06:05:00+00:00,25465.59961,25471.19922,25456.25,25457.94922
2026-01-20 06:10:00+00:00,25469.69922,25472.90039,25460.15039,25466.69922
2026-01-20 06:15:00+00:00,25471.44922,25473.34961,25461.69922,25470.94922
2026-01-20 06:20:00+00:00,25488.94922,25492.5,25467.80078,25472.75
2026-01-20 06:25:00+00:00,25474.40039,25489.15039,25470.59961,25489.15039
2026-01-20 06:30:00+00:00,25454.94922,25476.40039,25454.09961,25475.80078
2026-01-20 06:35:00+00:00,25432.69922,25456.44922,25432.34961,25456.44922
2026-01-20 06:40:00+00:00,25437.34961,25439.65039,25427.44922,25435.25
2026-01-20 06:45:00+00:00,25432.44922,25444.44922,25429.90039,25439.05078
2026-01-20 06:50:00+00:00,25427.75,25438.5,25421.75,25433.19922
2026-01-20 06:55:00+00:00,25432.94922,25439.34961,25421,25429.05078
2026-01-20 07:00:00+00:00,25426.69922,25435.30078,25425.05078,25433.94922
2026-01-20 07:05:00+00:00,25425,25431.75,25421.69922,25427.15039
2026-01-20 07:10:00+00:00,25409.75,25426.75,25409.34961,25426.30078
2026-01-20 07:15:00+00:00,25423.05078,25426.59961,25405.59961,25411.94922
2026-01-20 07:20:00+00:00,25429.25,25434.94922,25417.65039,25425.05078
2026-01-20 07:25:00+00:00,25431.80078,25436.90039,25424.15039,25429.65039
2026-01-20 07:30:00+00:00,25424.15039,25433.69922,25421.30078,25432.55078
2026-01-20 07:35:00+00:00,25420.80078,25428.19922,25414.69922,25424.90039
2026-01-20 07:40:00+00:00,25415.94922,25426.40039,25414.25,25422.94922
2026-01-20 07:45:00+00:00,25418.80078,25422.65039,25410.55078,25416.30078
2026-01-20 07:50:00+00:00,25420.15039,25436.15039,25413.30078,25420.30078
2026-01-20 07:55:00+00:00,25416.75,25426.55078,25415.25,25421.25
2026-01-20 08:00:00+00:00,25396.19922,25419.25,25394.84961,25418.05078
2026-01-20 08:05:00+00:00,25375.59961,25398.15039,25371,25398.15039
2026-01-20 08:10:00+00:00,25372.44922,25379.59961,25361.44922,25376.40039
2026-01-20 08:15:00+00:00,25364.75,25374.34961,25361.84961,25372.75
2026-01-20 08:20:00+00:00,25369.40039,25376,25360.34961,25365
2026-01-20 08:25:00+00:00,25369.65039,25378.65039,25364.30078,25370.25
2026-01-20 08:30:00+00:00,25379.19922,25389.19922,25349.90039,25371.75
2026-01-20 08:35:00+00:00,25354.90039,25379.25,25349.84961,25379.25
2026-01-20 08:40:00+00:00,25360.75,25365.34961,25347.90039,25354.90039
2026-01-20 08:45:00+00:00,25359.65039,25376.75,25358.84961,25361.44922
2026-01-20 08:50:00+00:00,25366.55078,25368.69922,25352.94922,25360.44922
2026-01-20 08:55:00+00:00,25389.44922,25392.34961,25362.40039,25366
2026-01-20 09:00:00+00:00,25379.15039,25394.09961,25378.19922,25390.40039
2026-01-20 09:05:00+00:00,25360.94922,25384.44922,25359.55078,25381.30078
2026-01-20 09:10:00+00:00,25344.15039,25363.44922,25333.65039,25362.40039
2026-01-20 09:15:00+00:00,25346.55078,25355.25,25341,25344.65039
2026-01-20 09:20:00+00:00,25336.40039,25350.69922,25326.75,25347.44922
2026-01-20 09:25:00+00:00,25311.69922,25342.80078,25311.44922,25337.34961
2026-01-20 09:30:00+00:00,25277.69922,25311,25265.90039,25310.30078
2026-01-20 09:35:00+00:00,25267.5,25290.69922,25267.5,25277
2026-01-20 09:40:00+00:00,25217.05078,25269.30078,25216.25,25269.30078
2026-01-20 09:45:00+00:00,25200.05078,25239.30078,25195.34961,25215.05078
2026-01-20 09:50:00+00:00,25180.55078,25199.84961,25178.15039,25199.25
2026-01-20 09:55:00+00:00,25225.34961,25230.34961,25173.80078,25178.09961
2026-01-21 03:45:00+00:00,25242.40039,25277.65039,25145.75,25145.75
2026-01-21 03:50:00+00:00,25221.40039,25240.19922,25185.94922,25239.19922
2026-01-21 03:55:00+00:00,25199.94922,25254.59961,25199.34961,25223.34961
2026-01-21 04:00:00+00:00,25242.84961,25248.15039,25199,25201.94922
2026-01-21 04:05:00+00:00,25189.44922,25251.30078,25188.19922,25242.09961
2026-01-21 04:10:00+00:00,25199.44922,25223.75,25187.90039,25188.59961
2026-01-21 04:15:00+00:00,25198.90039,25212.30078,25173.30078,25199.65039
2026-01-21 04:20:00+00:00,25177.55078,25209.65039,25168.05078,25198.75
2026-01-21 04:25:00+00:00,25158.69922,25207.25,25158.09961,25178.30078
2026-01-21 04:30:00+00:00,25159.55078,25170.69922,25143.59961,25158.94922
2026-01-21 04:35:00+00:00,25153.80078,25173.94922,25147.09961,25159.59961
2026-01-21 04:40:00+00:00,25153.25,25178.94922,25137.94922,25154.19922
2026-01-21 04:45:00+00:00,25144.44922,25159.09961,25136.30078,25153.80078
2026-01-21 04:50:00+00:00,25105.84961,25154.09961,25105.84961,25144.25
2026-01-21 04:55:00+00:00,25096.40039,25120.5,25092.94922,25107.5
2026-01-21 05:00:00+00:00,25095.90039,25102.5,25085.25,25096.75
2026-01-21 05:05:00+00:00,25079.55078,25100.30078,25078.34961,25095.59961
2026-01-21 05:10:00+00:00,25029,25084.80078,25027.55078,25079.44922
2026-01-21 05:15:00+00:00,25011.30078,25030.80078,25006.65039,25029.09961
2026-01-21 05:20:00+00:00,24970.19922,25019.30078,24968.44922,25011.19922
2026-01-21 05:25:00+00:00,24993.59961,25006.59961,24920.19922,24969.05078
2026-01-21 05:30:00+00:00,24994.55078,25009.44922,24982.30078,24991.80078
2026-01-21 05:35:00+00:00,25003.09961,25005.80078,24975,24994.19922
2026-01-21 05:40:00+00:00,25054.75,25070.09961,25003.55078,25004.30078
2026-01-21 05:45:00+00:00,25075.65039,25077.19922,25036.59961,25055.75
2026-01-21 05:50:00+00:00,25059,25077.15039,25047.59961,25076.34961
2026-01-21 05:55:00+00:00,25029.15039,25062.65039,25026.59961,25058.30078
2026-01-21 06:00:00+00:00,25043.65039,25071.19922,25024.44922,25028
2026-01-21 06:05:00+00:00,25043.34961,25061.55078,25036.94922,25043.94922
2026-01-21 06:10:00+00:00,25040.05078,25051.5,25035.59961,25043.34961
2026-01-21 06:15:00+00:00,25050.25,25064.15039,25040.90039,25041
2026-01-21 06:20:00+00:00,25059.90039,25080.25,25047.65039,25051.44922
2026-01-21 06:25:00+00:00,25069.84961,25070.44922,25048.75,25061.34961
2026-01-21 06:30:00+00:00,25116.65039,25124.09961,25063.84961,25069.09961
2026-01-21 06:35:00+00:00,25115.44922,25128.40039,25103.30078,25115.59961
2026-01-21 06:40:00+00:00,25136.15039,25136.15039,25106.44922,25116.30078
2026-01-21 06:45:00+00:00,25157.44922,25167.90039,25122.65039,25135.15039
2026-01-21 06:50:00+00:00,25185.84961,25187.90039,25145.80078,25157.15039
2026-01-21 06:55:00+00:00,25133.19922,25186.59961,25118.5,25184.34961
2026-01-21 07:00:00+00:00,25185.44922,25189.30078,25132,25133.90039
2026-01-21 07:05:00+00:00,25226.65039,25232.94922,25183.59961,25186.09961
2026-01-21 07:10:00+00:00,25226.69922,25245.84961,25218.34961,25229.05078
2026-01-21 07:15:00+00:00,25279.30078,25285.25,25225.09961,25225.90039
2026-01-21 07:20:00+00:00,25282.90039,25293.84961,25262.05078,25279.55078
2026-01-21 07:25:00+00:00,25279.40039,25286.69922,25256,25282.5
2026-01-21 07:30:00+00:00,25287.15039,25300.65039,25273.75,25279.09961
2026-01-21 07:35:00+00:00,25260,25293.69922,25259.19922,25286.84961
2026-01-21 07:40:00+00:00,25237.44922,25259.40039,25221.5,25258
2026-01-21 07:45:00+00:00,25214.40039,25242.40039,25209,25237.59961
2026-01-21 07:50:00+00:00,25212.5,25227.15039,25196.05078,25214.30078
2026-01-21 07:55:00+00:00,25210.40039,25218.75,25200.75,25212.40039
2026-01-21 08:00:00+00:00,25183.59961,25219.90039,25177.05078,25210.75
2026-01-21 08:05:00+00:00,25212.15039,25238.25,25174.25,25182.40039
2026-01-21 08:10:00+00:00,25195.69922,25211.44922,25173.34961,25211.44922
2026-01-21 08:15:00+00:00,25195.69922,25208.90039,25184.30078,25195.15039
2026-01-21 08:20:00+00:00,25168.84961,25201.30078,25160.59961,25195.5
2026-01-21 08:25:00+00:00,25153.25,25170.19922,25148.44922,25169.19922
2026-01-21 08:30:00+00:00,25148.25,25158.84961,25136.34961,25151.09961
2026-01-21 08:35:00+00:00,25144.09961,25160.30078,25142.59961,25149.05078
2026-01-21 08:40:00+00:00,25136.69922,25152.40039,25132.84961,25143.19922
2026-01-21 08:45:00+00:00,25177.80078,25202.05078,25129.80078,25137.44922
2026-01-21 08:50:00+00:00,25152.19922,25186,25138.30078,25176.65039
2026-01-21 08:55:00+00:00,25120.84961,25153.40039,25120,25151.94922
2026-01-21 09:00:00+00:00,25162.84961,25166.40039,25119.84961,25120.25
2026-01-21 09:05:00+00:00,25155,25163.75,25140.80078,25163
2026-01-21 09:10:00+00:00,25150.09961,25163.19922,25135,25154.30078
2026-01-21 09:15:00+00:00,25155.84961,25158.44922,25142.65039,25149
2026-01-21 09:20:00+00:00,25153.94922,25164.05078,25143.15039,25155.55078
2026-01-21 09:25:00+00:00,25143.15039,25157.80078,25137.65039,25153.19922
2026-01-21 09:30:00+00:00,25177.5,25177.80078,25135.34961,25143.75
2026-01-21 09:35:00+00:00,25165.69922,25182.5,25156.80078,25178.44922
2026-01-21 09:40:00+00:00,25155,25169.30078,25144.75,25165.44922
2026-01-21 09:45:00+00:00,25159.90039,25162.19922,25145.84961,25155.19922
2026-01-21 09:50:00+00:00,25152.80078,25160.15039,25140.55078,25159.34961
2026-01-21 09:55:00+00:00,25168.09961,25171.69922,25145.80078,25152.05078
2026-01-22 03:45:00+00:00,25318,25348.69922,25303.30078,25344.59961
2026-01-22 03:50:00+00:00,25338,25345.34961,25310.05078,25317.05078
2026-01-22 03:55:00+00:00,25386.65039,25395.30078,25327.34961,25336.84961
2026-01-22 04:00:00+00:00,25406.65039,25416.09961,25385.19922,25385.19922
2026-01-22 04:05:00+00:00,25405.19922,25425.40039,25395.15039,25408.5
2026-01-22 04:10:00+00:00,25395.94922,25412.25,25387,25404.30078
2026-01-22 04:15:00+00:00,25421,25431.44922,25390.19922,25395.05078
2026-01-22 04:20:00+00:00,25396.44922,25434.84961,25394.44922,25419.80078
2026-01-22 04:25:00+00:00,25394.55078,25407.30078,25379.19922,25395.34961
2026-01-22 04:30:00+00:00,25375.69922,25411.65039,25363.30078,25395.30078
2026-01-22 04:35:00+00:00,25366.15039,25388.25,25364.84961,25374.94922
2026-01-22 04:40:00+00:00,25376,25399.05078,25364.44922,25367.15039
2026-01-22 04:45:00+00:00,25341.30078,25388.55078,25341.30078,25376.5
2026-01-22 04:50:00+00:00,25347.80078,25352.55078,25326.25,25340.15039
2026-01-22 04:55:00+00:00,25291.90039,25348.80078,25290.75,25348.55078
2026-01-22 05:00:00+00:00,25310.84961,25314.40039,25246.40039,25292.90039
2026-01-22 05:05:00+00:00,25287.15039,25332.5,25284.94922,25311.19922
2026-01-22 05:10:00+00:00,25295.34961,25301.19922,25284.65039,25287.84961
2026-01-22 05:15:00+00:00,25275.55078,25298.44922,25272.15039,25294.84961
2026-01-22 05:20:00+00:00,25270.94922,25276.19922,25255.09961,25274.44922
2026-01-22 05:25:00+00:00,25221.69922,25276.69922,25221.69922,25272.19922
2026-01-22 05:30:00+00:00,25230.65039,25248.94922,25216.94922,25221.94922
2026-01-22 05:35:00+00:00,25224.59961,25231.5,25207.80078,25230.44922
2026-01-22 05:40:00+00:00,25215.75,25234.94922,25202.44922,25224.59961
2026-01-22 05:45:00+00:00,25214.44922,25232.40039,25211.25,25215.94922
2026-01-22 05:50:00+00:00,25253.69922,25265.25,25212.40039,25215.09961
2026-01-22 05:55:00+00:00,25247.25,25280.55078,25245.30078,25253.30078
2026-01-22 06:00:00+00:00,25248.75,25255.34961,25232.19922,25246.84961
2026-01-22 06:05:00+00:00,25236.59961,25259.15039,25234,25248.34961
2026-01-22 06:10:00+00:00,25206.84961,25239.44922,25198.69922,25236.65039
2026-01-22 06:15:00+00:00,25211.80078,25211.80078,25177.84961,25205.90039
2026-01-22 06:20:00+00:00,25202.44922,25226.40039,25198.59961,25210.59961
2026-01-22 06:25:00+00:00,25188.19922,25211.34961,25185.90039,25202.25
2026-01-22 06:30:00+00:00,25207.05078,25207.05078,25183.30078,25188.80078
2026-01-22 06:35:00+00:00,25230.5,25241.5,25207.34961,25207.69922
2026-01-22 06:40:00+00:00,25237.09961,25239,25215.55078,25229.44922
2026-01-22 06:45:00+00:00,25239.65039,25247.19922,25216.05078,25237.15039
2026-01-22 06:50:00+00:00,25242.40039,25277.5,25238.09961,25238.84961
2026-01-22 06:55:00+00:00,25255.25,25261.34961,25236.55078,25242.55078
2026-01-22 07:00:00+00:00,25264.55078,25265.75,25242.55078,25254.59961
2026-01-22 07:05:00+00:00,25251.80078,25271.30078,25232.25,25263.75
2026-01-22 07:10:00+00:00,25244.94922,25251.94922,25210.44922,25251.34961
2026-01-22 07:15:00+00:00,25250.25,25254.65039,25228.94922,25244.75
2026-01-22 07:20:00+00:00,25229.09961,25262.5,25229.09961,25251.5
2026-01-22 07:25:00+00:00,25209.90039,25228.5,25205.90039,25228
2026-01-22 07:30:00+00:00,25217.44922,25217.44922,25190.94922,25208.65039
2026-01-22 07:35:00+00:00,25202.69922,25222.05078,25200,25217.15039
2026-01-22 07:40:00+00:00,25191.94922,25214.05078,25190.44922,25201.19922
2026-01-22 07:45:00+00:00,25201.09961,25201.75,25171.40039,25192.05078
2026-01-22 07:50:00+00:00,25197.15039,25208.30078,25186.5,25200.69922
2026-01-22 07:55:00+00:00,25179.05078,25199.15039,25177.5,25196.19922
2026-01-22 08:00:00+00:00,25215.05078,25215.84961,25169.69922,25177.84961
2026-01-22 08:05:00+00:00,25191.5,25227.55078,25188.55078,25214.69922
2026-01-22 08:10:00+00:00,25204.55078,25209.05078,25184.15039,25190.69922
2026-01-22 08:15:00+00:00,25211.34961,25213.80078,25187.05078,25204.05078
2026-01-22 08:20:00+00:00,25233.40039,25239.59961,25206.15039,25211.19922
2026-01-22 08:25:00+00:00,25229.15039,25241.09961,25221.94922,25232.84961
2026-01-22 08:30:00+00:00,25223.19922,25245,25220.84961,25228.34961
2026-01-22 08:35:00+00:00,25211.80078,25230.80078,25201.34961,25223.65039
2026-01-22 08:40:00+00:00,25178.34961,25213.80078,25176.94922,25211.5
2026-01-22 08:45:00+00:00,25179.15039,25188.69922,25168.5,25178.80078
2026-01-22 08:50:00+00:00,25197.94922,25207.5,25176.90039,25178.40039
2026-01-22 08:55:00+00:00,25234.84961,25236.69922,25195.55078,25197.25
2026-01-22 09:00:00+00:00,25276.19922,25279,25233.34961,25234.19922
2026-01-22 09:05:00+00:00,25281.75,25295.90039,25262.59961,25274.44922
2026-01-22 09:10:00+00:00,25284.44922,25292.30078,25261.05078,25281.75
2026-01-22 09:15:00+00:00,25298.44922,25318.19922,25284.09961,25284.09961
2026-01-22 09:20:00+00:00,25279.55078,25309.15039,25278.5,25297.40039
2026-01-22 09:25:00+00:00,25297,25308.09961,25281.65039,25284.34961
2026-01-22 09:30:00+00:00,25258.84961,25296.55078,25238.80078,25295.5
2026-01-22 09:35:00+00:00,25282.34961,25287,25250.44922,25257.25
2026-01-22 09:40:00+00:00,25288.55078,25302,25280.55078,25280.80078
2026-01-22 09:45:00+00:00,25305.59961,25315.19922,25287.59961,25288.44922
2026-01-22 09:50:00+00:00,25316.65039,25332.34961,25302.44922,25304.5
2026-01-22 09:55:00+00:00,25320.44922,25327.5,25311.25,25315.5
2026-01-23 03:45:00+00:00,25275.30078,25344.90039,25249.55078,25338.25
2026-01-23 03:50:00+00:00,25320.09961,25323.30078,25259.90039,25274.80078
2026-01-23 03:55:00+00:00,25344.59961,25344.59961,25311.34961,25320.44922
2026-01-23 04:00:00+00:00,25315.40039,25345.34961,25311.84961,25344.19922
2026-01-23 04:05:00+00:00,25304.5,25319.25,25295.44922,25315.94922
2026-01-23 04:10:00+00:00,25285.69922,25318.15039,25283.94922,25305.5
2026-01-23 04:15:00+00:00,25300.25,25312.55078,25267.69922,25287.59961
2026-01-23 04:20:00+00:00,25281.40039,25303.15039,25281.40039,25300.25
2026-01-23 04:25:00+00:00,25290.94922,25301.90039,25280.30078,25281.5
2026-01-23 04:30:00+00:00,25287.94922,25304.05078,25263.5,25292.30078
2026-01-23 04:35:00+00:00,25277.65039,25308.65039,25276.59961,25287.5
2026-01-23 04:40:00+00:00,25281.69922,25291.59961,25278.25,25278.65039
2026-01-23 04:45:00+00:00,25261.34961,25288.05078,25251.55078,25280.55078
2026-01-23 04:50:00+00:00,25264.19922,25268.34961,25258.09961,25261.69922
2026-01-23 04:55:00+00:00,25291.44922,25295.90039,25260.80078,25265.15039
2026-01-23 05:00:00+00:00,25303.80078,25320.80078,25286.69922,25291.69922
2026-01-23 05:05:00+00:00,25300.09961,25315.69922,25298.94922,25303.55078
2026-01-23 05:10:00+00:00,25293.34961,25310.19922,25286.44922,25301.34961
2026-01-23 05:15:00+00:00,25275.94922,25300.40039,25270.44922,25293.25
2026-01-23 05:20:00+00:00,25278.05078,25287.40039,25273.5,25275.84961
2026-01-23 05:25:00+00:00,25277.55078,25285.09961,25269.69922,25278.25
2026-01-23 05:30:00+00:00,25265.80078,25285.55078,25265.19922,25277.65039
2026-01-23 05:35:00+00:00,25274.15039,25280,25261.05078,25265
2026-01-23 05:40:00+00:00,25284.90039,25293.59961,25273.5,25274.25
2026-01-23 05:45:00+00:00,25265.25,25289.90039,25264.84961,25285.30078
2026-01-23 05:50:00+00:00,25264.75,25275.94922,25254.80078,25265.09961
2026-01-23 05:55:00+00:00,25275.30078,25278.19922,25263.30078,25265.90039
2026-01-23 06:00:00+00:00,25256.40039,25279.34961,25255.59961,25275.84961
2026-01-23 06:05:00+00:00,25229.09961,25259.25,25229.09961,25256.44922
2026-01-23 06:10:00+00:00,25211.59961,25230.55078,25210.40039,25229.69922
2026-01-23 06:15:00+00:00,25193.34961,25215.80078,25193.34961,25211.44922
2026-01-23 06:20:00+00:00,25207.44922,25224.65039,25191.59961,25193.44922
2026-01-23 06:25:00+00:00,25215.19922,25218.15039,25202.94922,25208.05078
2026-01-23 06:30:00+00:00,25219.15039,25223.30078,25198.15039,25214.75
2026-01-23 06:35:00+00:00,25189.55078,25218.55078,25186.84961,25218.55078
2026-01-23 06:40:00+00:00,25185.19922,25195.80078,25183.94922,25190.84961
2026-01-23 06:45:00+00:00,25219.59961,25220.34961,25185.94922,25185.94922
2026-01-23 06:50:00+00:00,25203.65039,25222.94922,25203.40039,25220.34961
2026-01-23 06:55:00+00:00,25205.65039,25218.05078,25194,25204.55078
2026-01-23 07:00:00+00:00,25211.15039,25220.5,25199.44922,25205.30078
2026-01-23 07:05:00+00:00,25216.65039,25217.80078,25202.59961,25210
2026-01-23 07:10:00+00:00,25223.05078,25236.59961,25207.05078,25216.55078
2026-01-23 07:15:00+00:00,25210.75,25243.80078,25208.15039,25223.30078
2026-01-23 07:20:00+00:00,25229.09961,25229.75,25202.19922,25212.05078
2026-01-23 07:25:00+00:00,25202.94922,25229.75,25200.90039,25229.75
2026-01-23 07:30:00+00:00,25194.30078,25213.30078,25191.69922,25203.94922
2026-01-23 07:35:00+00:00,25187.25,25198.5,25180.55078,25194.05078
2026-01-23 07:40:00+00:00,25196.40039,25200.34961,25183.90039,25187.75
2026-01-23 07:45:00+00:00,25148.94922,25197.34961,25143.05078,25196.65039
2026-01-23 07:50:00+00:00,25128,25149.55078,25124.94922,25148.55078
2026-01-23 07:55:00+00:00,25124.59961,25148.25,25121.5,25127.75
2026-01-23 08:00:00+00:00,25070.65039,25125.80078,25068.09961,25125.59961
2026-01-23 08:05:00+00:00,25062.55078,25077.15039,25056.59961,25072.25
2026-01-23 08:10:00+00:00,25049.55078,25081.40039,25047.84961,25063.30078
2026-01-23 08:15:00+00:00,25057.09961,25067.5,25044.15039,25049.25
2026-01-23 08:20:00+00:00,25063.69922,25068.40039,25050.34961,25057.44922
2026-01-23 08:25:00+00:00,25049.94922,25070.5,25046.75,25063.25
2026-01-23 08:30:00+00:00,25065.30078,25068.44922,25046.80078,25049.80078
2026-01-23 08:35:00+00:00,25067.69922,25075.25,25051.84961,25065.65039
2026-01-23 08:40:00+00:00,25063.40039,25078.05078,25056.40039,25068.15039
2026-01-23 08:45:00+00:00,25060.09961,25095.15039,25053.15039,25064.05078
2026-01-23 08:50:00+00:00,25044.75,25066.90039,25041.34961,25060.15039
2026-01-23 08:55:00+00:00,25069.34961,25089.65039,25043.94922,25045.19922
2026-01-23 09:00:00+00:00,25088.75,25100.15039,25068.19922,25069.94922
2026-01-23 09:05:00+00:00,25088.19922,25094.65039,25063.69922,25088.25
2026-01-23 09:10:00+00:00,25083.65039,25107.80078,25083.65039,25087.15039
2026-01-23 09:15:00+00:00,25058.34961,25100.80078,25057.30078,25089.15039
2026-01-23 09:20:00+00:00,25077.05078,25085.80078,25058.15039,25058.15039
2026-01-23 09:25:00+00:00,25090.65039,25106.15039,25079.34961,25079.34961
2026-01-23 09:30:00+00:00,25060.25,25096,25055.84961,25093.90039
2026-01-23 09:35:00+00:00,25029.94922,25061.05078,25028.84961,25060.55078
2026-01-23 09:40:00+00:00,25045.84961,25048.69922,25029.90039,25031.90039
2026-01-23 09:45:00+00:00,25039.25,25062.84961,25025.55078,25046.5
2026-01-23 09:50:00+00:00,25048,25049.80078,25034.69922,25040.84961
2026-01-23 09:55:00+00:00,25064.75,25074.5,25045.90039,25049.59961
2026-01-27 03:45:00+00:00,25009.94922,25123.44922,25007.84961,25079
2026-01-27 03:50:00+00:00,24946.40039,25008.69922,24938.84961,25007.5
2026-01-27 03:55:00+00:00,24958.55078,24970.69922,24933.05078,24946.30078
2026-01-27 04:00:00+00:00,24989.5,25000.19922,24940.19922,24958.40039
2026-01-27 04:05:00+00:00,25091.5,25095.15039,24977.80078,24989.94922
2026-01-27 04:10:00+00:00,25147.59961,25147.59961,25064.75,25090.65039
2026-01-27 04:15:00+00:00,25152.19922,25160.44922,25121,25148.80078
2026-01-27 04:20:00+00:00,25137.25,25158.75,25126.40039,25151.75
2026-01-27 04:25:00+00:00,25108.90039,25141.30078,25100.94922,25139.05078
2026-01-27 04:30:00+00:00,25130.30078,25152.34961,25111,25111
2026-01-27 04:35:00+00:00,25099.44922,25133.19922,25083.34961,25130.19922
2026-01-27 04:40:00+00:00,25128.44922,25131.59961,25086.90039,25099.90039
2026-01-27 04:45:00+00:00,25176.59961,25184,25123.5,25129.34961
2026-01-27 04:50:00+00:00,25161.55078,25179,25158.40039,25177
2026-01-27 04:55:00+00:00,25117.69922,25172.34961,25117.30078,25161.19922
2026-01-27 05:00:00+00:00,25128.65039,25133.40039,25105.75,25117.69922
2026-01-27 05:05:00+00:00,25110.65039,25131.55078,25108.69922,25128.30078
2026-01-27 05:10:00+00:00,25030,25112.34961,25019.69922,25112.09961
2026-01-27 05:15:00+00:00,25041.34961,25044.75,25012.44922,25028.84961
2026-01-27 05:20:00+00:00,24994.69922,25041.59961,24979.19922,25041.59961
2026-01-27 05:25:00+00:00,24983.25,25011.40039,24979.05078,24996.40039
2026-01-27 05:30:00+00:00,25011.05078,25021.5,24980,24983.84961
2026-01-27 05:35:00+00:00,25019.25,25039.80078,24994.05078,25008.80078
2026-01-27 05:40:00+00:00,25029.40039,25030.30078,25013.80078,25019.94922
2026-01-27 05:45:00+00:00,25048.05078,25057.09961,25022.09961,25029.05078
2026-01-27 05:50:00+00:00,25039.40039,25064.84961,25037.15039,25049.80078
2026-01-27 05:55:00+00:00,25057.69922,25066.65039,25030.94922,25038.65039
2026-01-27 06:00:00+00:00,25063,25084.80078,25052.55078,25057.75
2026-01-27 06:05:00+00:00,25090.5,25091.65039,25062.84961,25063
2026-01-27 06:10:00+00:00,25154.65039,25157.84961,25079.44922,25091
2026-01-27 06:15:00+00:00,25108.15039,25162.05078,25107.75,25154.15039
2026-01-27 06:20:00+00:00,25086.75,25109.69922,25084.19922,25109.40039
2026-01-27 06:25:00+00:00,25103.65039,25116.94922,25083.59961,25088.55078
2026-01-27 06:30:00+00:00,25113.65039,25131.80078,25092.65039,25104
2026-01-27 06:35:00+00:00,25115.25,25125.90039,25114.15039,25114.55078
2026-01-27 06:40:00+00:00,25120.34961,25137.65039,25113.94922,25116.25
2026-01-27 06:45:00+00:00,25091.94922,25127.55078,25091.25,25121.55078
2026-01-27 06:50:00+00:00,25127.59961,25135.5,25091.19922,25092
2026-01-27 06:55:00+00:00,25102.09961,25138.19922,25100.34961,25127.09961
2026-01-27 07:00:00+00:00,25098.80078,25109.25,25083.09961,25102.25
2026-01-27 07:05:00+00:00,25086.40039,25101.80078,25070.55078,25099
2026-01-27 07:10:00+00:00,25079.55078,25093.65039,25076.55078,25086.09961
2026-01-27 07:15:00+00:00,25058.5,25091.80078,25058.5,25081.19922
2026-01-27 07:20:00+00:00,25094.30078,25100.40039,25056.5,25060.44922
2026-01-27 07:25:00+00:00,25088.94922,25096.84961,25082.34961,25094
2026-01-27 07:30:00+00:00,25080.94922,25090.44922,25065.15039,25088.94922
2026-01-27 07:35:00+00:00,25089.59961,25094.40039,25074.19922,25080.69922
2026-01-27 07:40:00+00:00,25088.94922,25090.90039,25071.15039,25089.5
2026-01-27 07:45:00+00:00,25098.05078,25099.5,25081.19922,25089.09961
2026-01-27 07:50:00+00:00,25103.55078,25112.75,25085.90039,25098.59961
2026-01-27 07:55:00+00:00,25120.90039,25123.69922,25089.84961,25102.40039
2026-01-27 08:00:00+00:00,25106.90039,25132.25,25106.5,25122.69922
2026-01-27 08:05:00+00:00,25031.69922,25108.55078,25027.69922,25107.25
2026-01-27 08:10:00+00:00,25045.25,25064.09961,25018,25033.59961
2026-01-27 08:15:00+00:00,25058.65039,25060.75,25040.65039,25046.15039
2026-01-27 08:20:00+00:00,25043.44922,25065.90039,25036.94922,25059.80078
2026-01-27 08:25:00+00:00,25049.34961,25065.65039,25039.59961,25043.75
2026-01-27 08:30:00+00:00,25016.55078,25055.65039,25013.15039,25050.84961
2026-01-27 08:35:00+00:00,25024.44922,25033.09961,24998.25,25017.40039
2026-01-27 08:40:00+00:00,25034.55078,25059.40039,25024.34961,25026.05078
2026-01-27 08:45:00+00:00,25029.34961,25039.5,25024.05078,25034.90039
2026-01-27 08:50:00+00:00,25021.25,25032.84961,25007.84961,25030.05078
2026-01-27 08:55:00+00:00,25032.65039,25039.44922,25019,25022.69922
2026-01-27 09:00:00+00:00,25041.75,25051.09961,25024.44922,25032.69922
2026-01-27 09:05:00+00:00,25092.40039,25093.05078,25040.65039,25042.30078
2026-01-27 09:10:00+00:00,25087.59961,25108.65039,25084.84961,25093.09961
2026-01-27 09:15:00+00:00,25115.19922,25116.05078,25088.30078,25088.90039
2026-01-27 09:20:00+00:00,25142.5,25145.80078,25115.15039,25115.90039
2026-01-27 09:25:00+00:00,25139.44922,25155.30078,25116.55078,25143.59961
2026-01-27 09:30:00+00:00,25128.84961,25145.55078,25100.75,25141.19922
2026-01-27 09:35:00+00:00,25147.69922,25160.25,25125.90039,25130.5
2026-01-27 09:40:00+00:00,25170.40039,25175.34961,25142.75,25142.94922
2026-01-27 09:45:00+00:00,25202.90039,25207.34961,25168.05078,25169.25
2026-01-27 09:50:00+00:00,25229.94922,25229.94922,25190.65039,25203.94922
2026-01-27 09:55:00+00:00,25234.09961,25246.09961,25225.69922,25230.40039
2026-01-28 03:45:00+00:00,25336,25336.15039,25227.65039,25248.59961
2026-01-28 03:50:00+00:00,25358.75,25371.40039,25335.09961,25335.44922
2026-01-28 03:55:00+00:00,25352.75,25366.65039,25324.69922,25357.90039
2026-01-28 04:00:00+00:00,25309.30078,25363.90039,25308.69922,25352.09961
2026-01-28 04:05:00+00:00,25311.09961,25319.09961,25286.5,25310.30078
2026-01-28 04:10:00+00:00,25293,25319.84961,25289,25311.40039
2026-01-28 04:15:00+00:00,25292.69922,25299.59961,25278.09961,25292.94922
2026-01-28 04:20:00+00:00,25288.40039,25302.90039,25278.55078,25292.65039
2026-01-28 04:25:00+00:00,25303.69922,25304.65039,25272.69922,25288.40039
2026-01-28 04:30:00+00:00,25289.80078,25316.40039,25281.69922,25304.69922
2026-01-28 04:35:00+00:00,25252.09961,25295.65039,25244.44922,25290.25
2026-01-28 04:40:00+00:00,25248.09961,25265.09961,25232.69922,25252.84961
2026-01-28 04:45:00+00:00,25260.40039,25260.40039,25235.59961,25248.30078
2026-01-28 04:50:00+00:00,25274.84961,25278.09961,25254.25,25260.34961
2026-01-28 04:55:00+00:00,25246.5,25281.59961,25246.5,25275.34961
2026-01-28 05:00:00+00:00,25259,25260.69922,25234.05078,25246.84961
2026-01-28 05:05:00+00:00,25301.59961,25302.19922,25256.15039,25259.30078
2026-01-28 05:10:00+00:00,25281.69922,25301.84961,25279.80078,25301.84961
2026-01-28 05:15:00+00:00,25281.15039,25285.80078,25267.34961,25282.19922
2026-01-28 05:20:00+00:00,25296.30078,25298.59961,25280.59961,25280.80078
2026-01-28 05:25:00+00:00,25298.75,25307.34961,25286.69922,25296.15039
2026-01-28 05:30:00+00:00,25321.09961,25322.44922,25288.84961,25299.84961
2026-01-28 05:35:00+00:00,25321.15039,25330.59961,25314.44922,25321
2026-01-28 05:40:00+00:00,25325.59961,25326.69922,25312.90039,25320.59961
2026-01-28 05:45:00+00:00,25322.55078,25328.59961,25313.30078,25325.34961
2026-01-28 05:50:00+00:00,25337.90039,25339.15039,25318.94922,25322.5
2026-01-28 05:55:00+00:00,25336.94922,25351.05078,25330.69922,25337.19922
2026-01-28 06:00:00+00:00,25337.80078,25343.94922,25330.94922,25337.40039
2026-01-28 06:05:00+00:00,25309.40039,25338.09961,25301.09961,25337.40039
2026-01-28 06:10:00+00:00,25292.5,25310.55078,25292.30078,25310.55078
2026-01-28 06:15:00+00:00,25316.5,25320.94922,25290.65039,25292.80078
2026-01-28 06:20:00+00:00,25314.59961,25321.90039,25309,25317.09961
2026-01-28 06:25:00+00:00,25321.80078,25322.44922,25310.19922,25314.15039
2026-01-28 06:30:00+00:00,25328.75,25332.25,25318.90039,25320.84961
2026-01-28 06:35:00+00:00,25317.5,25339.5,25316.44922,25329.15039
2026-01-28 06:40:00+00:00,25313.80078,25319.34961,25306.94922,25317.55078
2026-01-28 06:45:00+00:00,25302,25318.05078,25299.94922,25313.80078
2026-01-28 06:50:00+00:00,25286.09961,25309.94922,25286.05078,25302.5
2026-01-28 06:55:00+00:00,25271.80078,25290.19922,25269,25286.59961
2026-01-28 07:00:00+00:00,25279.5,25286.19922,25269.05078,25272
2026-01-28 07:05:00+00:00,25274.90039,25285.94922,25271.09961,25280.25
2026-01-28 07:10:00+00:00,25275.34961,25277.84961,25258.94922,25274.65039
2026-01-28 07:15:00+00:00,25265.09961,25281.05078,25263.05078,25275.59961
2026-01-28 07:20:00+00:00,25265.40039,25279.44922,25261,25264.40039
2026-01-28 07:25:00+00:00,25258.09961,25268.34961,25257.05078,25265.15039
2026-01-28 07:30:00+00:00,25262.25,25269.15039,25252.05078,25258.09961
2026-01-28 07:35:00+00:00,25260.05078,25267.15039,25256.34961,25262.40039
2026-01-28 07:40:00+00:00,25276.25,25279.69922,25256.84961,25260.05078
2026-01-28 07:45:00+00:00,25278.55078,25291.30078,25268.80078,25276.59961
2026-01-28 07:50:00+00:00,25238.30078,25280.15039,25215.05078,25278.5
2026-01-28 07:55:00+00:00,25238.65039,25252.55078,25227.84961,25239.25
2026-01-28 08:00:00+00:00,25232.80078,25251.5,25232.80078,25238.34961
2026-01-28 08:05:00+00:00,25232.40039,25234.90039,25225.84961,25233
2026-01-28 08:10:00+00:00,25208.34961,25240.80078,25207.15039,25232
2026-01-28 08:15:00+00:00,25198.80078,25213.44922,25191.59961,25207.34961
2026-01-28 08:20:00+00:00,25218.84961,25220.84961,25188.15039,25199.05078
2026-01-28 08:25:00+00:00,25231.30078,25234.19922,25216.90039,25218.84961
2026-01-28 08:30:00+00:00,25235.5,25242.80078,25224.59961,25232.25
2026-01-28 08:35:00+00:00,25223.80078,25237.44922,25221.69922,25235.80078
2026-01-28 08:40:00+00:00,25209.05078,25233.55078,25205.15039,25223.94922
2026-01-28 08:45:00+00:00,25226.34961,25226.44922,25201.09961,25208.65039
2026-01-28 08:50:00+00:00,25219.09961,25232.15039,25211,25226.40039
2026-01-28 08:55:00+00:00,25235.15039,25239.59961,25216.34961,25219.80078
2026-01-28 09:00:00+00:00,25224.30078,25250.69922,25224.30078,25235.15039
2026-01-28 09:05:00+00:00,25236.75,25240.59961,25218.94922,25223.55078
2026-01-28 09:10:00+00:00,25251.55078,25253.19922,25232.80078,25237.65039
2026-01-28 09:15:00+00:00,25280.5,25280.84961,25251.19922,25252.05078
2026-01-28 09:20:00+00:00,25307.19922,25309.55078,25278,25280.90039
2026-01-28 09:25:00+00:00,25320.69922,25329.05078,25307.75,25307.75
2026-01-28 09:30:00+00:00,25334.34961,25344.5,25320.80078,25320.80078
2026-01-28 09:35:00+00:00,25333.19922,25344.09961,25323.19922,25333.59961
2026-01-28 09:40:00+00:00,25329.65039,25334.65039,25322.5,25333.19922
2026-01-28 09:45:00+00:00,25350.55078,25356.44922,25329.75,25329.75
2026-01-28 09:50:00+00:00,25351.59961,25357.90039,25346.40039,25350.55078
2026-01-28 09:55:00+00:00,25348.05078,25358.40039,25341,25350.5
2026-01-29 03:45:00+00:00,25280.55078,25346.40039,25250.30078,25346.40039
2026-01-29 03:50:00+00:00,25275.84961,25285.44922,25252.40039,25281.30078
2026-01-29 03:55:00+00:00,25272.59961,25304.59961,25271.59961,25275.05078
2026-01-29 04:00:00+00:00,25280.55078,25282.25,25252.30078,25270.69922
2026-01-29 04:05:00+00:00,25225.69922,25279.09961,25216.09961,25279
2026-01-29 04:10:00+00:00,25210.69922,25241.65039,25208.09961,25225.90039
2026-01-29 04:15:00+00:00,25229.09961,25232.80078,25204.40039,25209
2026-01-29 04:20:00+00:00,25180.69922,25238.34961,25176.69922,25227.44922
2026-01-29 04:25:00+00:00,25184.84961,25192.15039,25160.05078,25181.44922
2026-01-29 04:30:00+00:00,25193,25197.90039,25167.05078,25185.30078
2026-01-29 04:35:00+00:00,25190.69922,25200.05078,25172.90039,25192.84961
2026-01-29 04:40:00+00:00,25211.65039,25214.34961,25178.84961,25190.40039
2026-01-29 04:45:00+00:00,25210.84961,25228.84961,25205.40039,25210.34961
2026-01-29 04:50:00+00:00,25213.30078,25218.30078,25167.65039,25211.25
2026-01-29 04:55:00+00:00,25194.30078,25214.90039,25179.19922,25211.84961
2026-01-29 05:00:00+00:00,25212.44922,25218.5,25183.40039,25194.30078
2026-01-29 05:05:00+00:00,25186.40039,25221.65039,25186.40039,25213.09961
2026-01-29 05:10:00+00:00,25190,25204.94922,25175.65039,25186.25
2026-01-29 05:15:00+00:00,25184.84961,25200.84961,25184.5,25191.05078
2026-01-29 05:20:00+00:00,25224.05078,25227.94922,25183.55078,25184.34961
2026-01-29 05:25:00+00:00,25234,25240.55078,25218.59961,25223.94922
2026-01-29 05:30:00+00:00,25238.40039,25247.15039,25232.34961,25234.59961
2026-01-29 05:35:00+00:00,25247.40039,25252.09961,25230.09961,25238.55078
2026-01-29 05:40:00+00:00,25257.80078,25258.94922,25242.05078,25247.75
2026-01-29 05:45:00+00:00,25267.55078,25279.25,25257.19922,25257.94922
2026-01-29 05:50:00+00:00,25287.5,25296.90039,25263.25,25267.55078
2026-01-29 05:55:00+00:00,25278.40039,25287.75,25261.25,25287.75
2026-01-29 06:00:00+00:00,25262.80078,25295.19922,25261.5,25277.40039
2026-01-29 06:05:00+00:00,25256.09961,25267.40039,25249,25262.84961
2026-01-29 06:10:00+00:00,25269.44922,25276.75,25254.25,25255.80078
2026-01-29 06:15:00+00:00,25262.80078,25270.19922,25249.15039,25270.19922
2026-01-29 06:20:00+00:00,25244.25,25274.90039,25240,25263
2026-01-29 06:25:00+00:00,25258.80078,25263.40039,25243.55078,25243.94922
2026-01-29 06:30:00+00:00,25265.5,25268.80078,25255.65039,25259.09961
2026-01-29 06:35:00+00:00,25284.15039,25287.94922,25259.90039,25265.59961
2026-01-29 06:40:00+00:00,25280.75,25286.55078,25265,25283.69922
2026-01-29 06:45:00+00:00,25271.34961,25282.94922,25267.09961,25280.40039
2026-01-29 06:50:00+00:00,25288.30078,25290.15039,25262.05078,25271.15039
2026-01-29 06:55:00+00:00,25284.94922,25289.15039,25268.19922,25289.15039
2026-01-29 07:00:00+00:00,25297.30078,25309.05078,25284.90039,25285.84961
2026-01-29 07:05:00+00:00,25288.80078,25300.80078,25286.69922,25297.90039
2026-01-29 07:10:00+00:00,25282.5,25297.15039,25281.25,25289.65039
2026-01-29 07:15:00+00:00,25302.44922,25309.44922,25276.44922,25282.30078
2026-01-29 07:20:00+00:00,25329.25,25332.59961,25301.84961,25303.15039
2026-01-29 07:25:00+00:00,25321.80078,25340.84961,25317.05078,25330.05078
2026-01-29 07:30:00+00:00,25351.30078,25351.65039,25321,25322.25
2026-01-29 07:35:00+00:00,25356.84961,25367.30078,25349.34961,25351.65039
2026-01-29 07:40:00+00:00,25353.65039,25364,25345.25,25357.15039
2026-01-29 07:45:00+00:00,25338.30078,25356.40039,25334.75,25353.44922
2026-01-29 07:50:00+00:00,25345.44922,25347.40039,25335.75,25338.25
2026-01-29 07:55:00+00:00,25336.75,25350.5,25328.30078,25345.75
2026-01-29 08:00:00+00:00,25374.05078,25379.90039,25333.44922,25337.15039
2026-01-29 08:05:00+00:00,25388.69922,25389.75,25371.84961,25374.30078
2026-01-29 08:10:00+00:00,25402.5,25403.44922,25380.30078,25387.80078
2026-01-29 08:15:00+00:00,25419.5,25430.30078,25400.05078,25403.44922
2026-01-29 08:20:00+00:00,25421.40039,25426.09961,25414.90039,25419.15039
2026-01-29 08:25:00+00:00,25430.90039,25431.05078,25416.40039,25421.15039
2026-01-29 08:30:00+00:00,25416.90039,25436.25,25416.5,25430.05078
2026-01-29 08:35:00+00:00,25384.90039,25416.94922,25383.65039,25416.94922
2026-01-29 08:40:00+00:00,25412.90039,25420.84961,25384.30078,25385.09961
2026-01-29 08:45:00+00:00,25401.84961,25420.05078,25400.34961,25413.30078
2026-01-29 08:50:00+00:00,25409.84961,25410.80078,25398.65039,25402.55078
2026-01-29 08:55:00+00:00,25430.94922,25431,25408.59961,25409.94922
2026-01-29 09:00:00+00:00,25448,25454,25430.69922,25431.15039
2026-01-29 09:05:00+00:00,25441.75,25451.25,25434.94922,25447.59961
2026-01-29 09:10:00+00:00,25440.25,25444.44922,25430.65039,25441.25
2026-01-29 09:15:00+00:00,25451.19922,25455.05078,25436.19922,25439.69922
2026-01-29 09:20:00+00:00,25444.84961,25457.19922,25440.05078,25451.5
2026-01-29 09:25:00+00:00,25434.80078,25444.80078,25429.94922,25444.80078
2026-01-29 09:30:00+00:00,25419.40039,25445.90039,25408,25436.94922
2026-01-29 09:35:00+00:00,25421.44922,25433.84961,25408,25420
2026-01-29 09:40:00+00:00,25407.59961,25428.34961,25407.59961,25423
2026-01-29 09:45:00+00:00,25421.55078,25431.65039,25405.09961,25407.65039
2026-01-29 09:50:00+00:00,25412.44922,25427.69922,25408.69922,25421.5
2026-01-29 09:55:00+00:00,25422.09961,25425.94922,25405.69922,25413.84961
2026-01-30 03:45:00+00:00,25259.30078,25284.40039,25226.75,25261.25
2026-01-30 03:50:00+00:00,25238.84961,25266,25234.19922,25257.80078
2026-01-30 03:55:00+00:00,25242,25280.59961,25230.65039,25236.15039
2026-01-30 04:00:00+00:00,25261.40039,25261.90039,25219.15039,25242.5
2026-01-30 04:05:00+00:00,25290.65039,25308.5,25261.19922,25261.19922
2026-01-30 04:10:00+00:00,25292.25,25304.55078,25268.80078,25291.05078
2026-01-30 04:15:00+00:00,25305.55078,25308.05078,25280.94922,25291.75
2026-01-30 04:20:00+00:00,25316.44922,25323,25298.19922,25303.65039
2026-01-30 04:25:00+00:00,25283.40039,25317.55078,25274.34961,25316.44922
2026-01-30 04:30:00+00:00,25288.59961,25315.94922,25279.94922,25283.94922
2026-01-30 04:35:00+00:00,25282.65039,25288.90039,25266.44922,25288.09961
2026-01-30 04:40:00+00:00,25314.30078,25315.75,25275.44922,25282.55078
2026-01-30 04:45:00+00:00,25303.34961,25319.65039,25303.34961,25315.80078
2026-01-30 04:50:00+00:00,25279.30078,25304.34961,25274.5,25303.25
2026-01-30 04:55:00+00:00,25279.59961,25281.40039,25268.94922,25279.75
2026-01-30 05:00:00+00:00,25292.05078,25299.94922,25273.44922,25279.94922
2026-01-30 05:05:00+00:00,25301.25,25302,25282,25291.55078
2026-01-30 05:10:00+00:00,25302.09961,25311.59961,25295.90039,25300.90039
2026-01-30 05:15:00+00:00,25297.59961,25312.65039,25297.25,25301.05078
2026-01-30 05:20:00+00:00,25296.80078,25298.34961,25284.30078,25297.75
2026-01-30 05:25:00+00:00,25302.05078,25306.5,25295.15039,25296.25
2026-01-30 05:30:00+00:00,25300.44922,25309.19922,25298.94922,25302.40039
2026-01-30 05:35:00+00:00,25263.09961,25300.65039,25262,25300.65039
2026-01-30 05:40:00+00:00,25255.44922,25267.34961,25247.09961,25262.84961
2026-01-30 05:45:00+00:00,25252.34961,25260.05078,25246.44922,25255.34961
2026-01-30 05:50:00+00:00,25263.5,25263.80078,25244,25252.44922
2026-01-30 05:55:00+00:00,25258.94922,25282.84961,25256.59961,25263.25
2026-01-30 06:00:00+00:00,25245.84961,25261.75,25232,25257.55078
2026-01-30 06:05:00+00:00,25274.05078,25274.94922,25242.94922,25245.30078
2026-01-30 06:10:00+00:00,25272.44922,25280.34961,25269.65039,25273.94922
2026-01-30 06:15:00+00:00,25261.69922,25275.40039,25256.30078,25271.84961
2026-01-30 06:20:00+00:00,25287.40039,25294,25259.65039,25261.05078
2026-01-30 06:25:00+00:00,25261.40039,25293.34961,25257.65039,25287.69922
2026-01-30 06:30:00+00:00,25258.34961,25265.34961,25248.84961,25262
2026-01-30 06:35:00+00:00,25268.59961,25271,25253.80078,25258.15039
2026-01-30 06:40:00+00:00,25294.69922,25294.84961,25268.25,25269.09961
2026-01-30 06:45:00+00:00,25274.59961,25301.80078,25270.59961,25293.65039
2026-01-30 06:50:00+00:00,25306.94922,25311.94922,25275.25,25275.25
2026-01-30 06:55:00+00:00,25294.05078,25316.59961,25288.94922,25306.75
2026-01-30 07:00:00+00:00,25295.34961,25309.09961,25291.19922,25293.80078
2026-01-30 07:05:00+00:00,25300.05078,25304.80078,25281.44922,25296.44922
2026-01-30 07:10:00+00:00,25293.55078,25309.84961,25288.80078,25299.90039
2026-01-30 07:15:00+00:00,25293,25300.84961,25290.15039,25293.69922
2026-01-30 07:20:00+00:00,25298.19922,25299.69922,25285.19922,25293.09961
2026-01-30 07:25:00+00:00,25302.65039,25303.30078,25288.30078,25298.30078
2026-01-30 07:30:00+00:00,25276.94922,25306.15039,25274.65039,25303.75
2026-01-30 07:35:00+00:00,25243.75,25277.59961,25243.25,25276.59961
2026-01-30 07:40:00+00:00,25247.05078,25260.25,25238.5,25243.90039
2026-01-30 07:45:00+00:00,25232.59961,25247.5,25213.80078,25247.40039
2026-01-30 07:50:00+00:00,25229.80078,25238,25227,25232.55078
2026-01-30 07:55:00+00:00,25230.5,25239.94922,25228.59961,25229.94922
2026-01-30 08:00:00+00:00,25254.30078,25254.65039,25229.55078,25230.5
2026-01-30 08:05:00+00:00,25269.84961,25270.05078,25251.90039,25254.90039
2026-01-30 08:10:00+00:00,25301.19922,25306.5,25269.80078,25270.19922
2026-01-30 08:15:00+00:00,25299.19922,25313.09961,25284.90039,25302.05078
2026-01-30 08:20:00+00:00,25329.59961,25338.90039,25295.65039,25297.44922
2026-01-30 08:25:00+00:00,25342.65039,25344.30078,25322.75,25331.15039
2026-01-30 08:30:00+00:00,25338.80078,25352.30078,25331.69922,25343.80078
2026-01-30 08:35:00+00:00,25365.65039,25365.65039,25338.55078,25338.94922
2026-01-30 08:40:00+00:00,25352.44922,25370.59961,25344.09961,25366.65039
2026-01-30 08:45:00+00:00,25353.15039,25356.44922,25344.09961,25353.5
2026-01-30 08:50:00+00:00,25346.75,25356.34961,25336.5,25352.59961
2026-01-30 08:55:00+00:00,25336.09961,25348.30078,25326.34961,25348.15039
2026-01-30 09:00:00+00:00,25322.5,25341.5,25320.55078,25335.44922
2026-01-30 09:05:00+00:00,25344.84961,25348.65039,25320.05078,25322.05078
2026-01-30 09:10:00+00:00,25311.59961,25350.30078,25303.94922,25344.80078
2026-01-30 09:15:00+00:00,25348.30078,25351.94922,25302.19922,25310.15039
2026-01-30 09:20:00+00:00,25352.44922,25357.80078,25343.15039,25347.30078
2026-01-30 09:25:00+00:00,25352.44922,25368.80078,25340.34961,25351.65039
2026-01-30 09:30:00+00:00,25314.05078,25354.19922,25293.30078,25352.44922
2026-01-30 09:35:00+00:00,25320.90039,25324.5,25306.5,25314.34961
2026-01-30 09:40:00+00:00,25319.69922,25333.84961,25318.19922,25322
2026-01-30 09:45:00+00:00,25324.44922,25343.90039,25316.44922,25321
2026-01-30 09:50:00+00:00,25313.25,25327.25,25311.05078,25325.15039
2026-01-30 09:55:00+00:00,25315.80078,25337.65039,25309.59961,25313.84961
2026-02-03 03:45:00+00:00,25809.75,26290.19922,25776.09961,26264.90039
2026-02-03 03:50:00+00:00,25808.94922,25869,25807.75,25811.09961
2026-02-03 03:55:00+00:00,25786.25,25823.09961,25766.40039,25813.19922
2026-02-03 04:00:00+00:00,25755.15039,25795.25,25755,25785.30078
2026-02-03 04:05:00+00:00,25772.65039,25782.05078,25746.94922,25756.30078
2026-02-03 04:10:00+00:00,25727.30078,25777.5,25720.59961,25771.65039
2026-02-03 04:15:00+00:00,25776.40039,25777.5,25676.69922,25726.30078
2026-02-03 04:20:00+00:00,25732.15039,25793.09961,25732.15039,25775.84961
2026-02-03 04:25:00+00:00,25702.59961,25748.15039,25696.90039,25733.40039
2026-02-03 04:30:00+00:00,25701.30078,25729.15039,25701.30078,25703.55078
2026-02-03 04:35:00+00:00,25685.34961,25702.69922,25642.34961,25701.59961
2026-02-03 04:40:00+00:00,25671,25685.25,25645.19922,25685.25
2026-02-03 04:45:00+00:00,25753.34961,25761.44922,25672.34961,25672.34961
2026-02-03 04:50:00+00:00,25781.25,25786.55078,25753.30078,25753.5
2026-02-03 04:55:00+00:00,25771.15039,25794.69922,25771,25782.05078
2026-02-03 05:00:00+00:00,25810.30078,25818.5,25763.69922,25771.55078
2026-02-03 05:05:00+00:00,25814,25821.65039,25805.59961,25810.55078
2026-02-03 05:10:00+00:00,25798.30078,25819.19922,25795.94922,25813.84961
2026-02-03 05:15:00+00:00,25763.69922,25804.40039,25756.05078,25798.30078
2026-02-03 05:20:00+00:00,25766.30078,25767.40039,25746.69922,25764.30078
2026-02-03 05:25:00+00:00,25780.09961,25798.19922,25764.84961,25765.5
2026-02-03 05:30:00+00:00,25794,25810.5,25778.80078,25780.69922
2026-02-03 05:35:00+00:00,25778,25803.40039,25775.90039,25794.44922
2026-02-03 05:40:00+00:00,25784.19922,25789,25765.5,25778.09961
2026-02-03 05:45:00+00:00,25776.84961,25794.75,25773.90039,25785.15039
2026-02-03 05:50:00+00:00,25798.69922,25801.69922,25774.55078,25777.30078
2026-02-03 05:55:00+00:00,25815.75,25824.05078,25798.80078,25799.69922
2026-02-03 06:00:00+00:00,25858.40039,25859.84961,25805.75,25815.90039
2026-02-03 06:05:00+00:00,25847.05078,25863.15039,25834.15039,25857.84961
2026-02-03 06:10:00+00:00,25851.55078,25861.15039,25846.44922,25847.90039
2026-02-03 06:15:00+00:00,25833.25,25855.90039,25830.65039,25851.19922
2026-02-03 06:20:00+00:00,25835.25,25841.05078,25826.15039,25833.55078
2026-02-03 06:25:00+00:00,25847.84961,25850.25,25832.25,25835.59961
2026-02-03 06:30:00+00:00,25820.05078,25851.84961,25818.75,25849.19922
2026-02-03 06:35:00+00:00,25828.25,25834.34961,25813.25,25820.09961
2026-02-03 06:40:00+00:00,25836.55078,25843.34961,25827.94922,25828.25
2026-02-03 06:45:00+00:00,25829.30078,25838.59961,25822.94922,25837.34961
2026-02-03 06:50:00+00:00,25812.15039,25835.44922,25812.15039,25830.40039
2026-02-03 06:55:00+00:00,25786.55078,25812.44922,25780.84961,25811.59961
2026-02-03 07:00:00+00:00,25795.05078,25812.09961,25781.69922,25786.25
2026-02-03 07:05:00+00:00,25789.90039,25797.05078,25767.55078,25796.5
2026-02-03 07:10:00+00:00,25796.05078,25801.75,25788.5,25792.44922
2026-02-03 07:15:00+00:00,25784.09961,25797.69922,25783.5,25796.44922
2026-02-03 07:20:00+00:00,25790.80078,25797.84961,25780.09961,25784.30078
2026-02-03 07:25:00+00:00,25795.59961,25805.5,25785.65039,25791.44922
2026-02-03 07:30:00+00:00,25801.34961,25808.59961,25792.09961,25795.44922
2026-02-03 07:35:00+00:00,25791.15039,25811.5,25790.15039,25801.05078
2026-02-03 07:40:00+00:00,25790.30078,25795.65039,25786.40039,25791.30078
2026-02-03 07:45:00+00:00,25798.59961,25800.44922,25790.15039,25791.30078
2026-02-03 07:50:00+00:00,25793.05078,25800.15039,25786.94922,25797.75
2026-02-03 07:55:00+00:00,25771.05078,25795.05078,25744,25793
2026-02-03 08:00:00+00:00,25759.30078,25779.69922,25758.40039,25771.69922
2026-02-03 08:05:00+00:00,25773.5,25777.34961,25729.40039,25758.65039
2026-02-03 08:10:00+00:00,25800.80078,25811.44922,25770.5,25773
2026-02-03 08:15:00+00:00,25796.09961,25811.84961,25795.05078,25802.05078
2026-02-03 08:20:00+00:00,25806.69922,25806.90039,25787.40039,25795.59961
2026-02-03 08:25:00+00:00,25770.34961,25810.34961,25770.15039,25806
2026-02-03 08:30:00+00:00,25776.44922,25777.84961,25755.59961,25770.84961
2026-02-03 08:35:00+00:00,25785.59961,25785.80078,25765.75,25775.94922
2026-02-03 08:40:00+00:00,25775.15039,25786.69922,25765.69922,25785
2026-02-03 08:45:00+00:00,25764,25781.55078,25763.40039,25774.40039
2026-02-03 08:50:00+00:00,25772.84961,25778.69922,25763,25763.40039
2026-02-03 08:55:00+00:00,25768.90039,25773.44922,25766.25,25772.5
2026-02-03 09:00:00+00:00,25762.80078,25788.09961,25740.30078,25769.05078
2026-02-03 09:05:00+00:00,25766.5,25776.5,25763.25,25763.40039
2026-02-03 09:10:00+00:00,25746.59961,25766.5,25741.34961,25766.44922
2026-02-03 09:15:00+00:00,25762,25767.65039,25740.19922,25746.19922
2026-02-03 09:20:00+00:00,25764,25770,25749.30078,25761.55078
2026-02-03 09:25:00+00:00,25778.05078,25790.34961,25760.84961,25763.55078
2026-02-03 09:30:00+00:00,25719.65039,25780.44922,25714.44922,25778.75
2026-02-03 09:35:00+00:00,25716.84961,25737.5,25696.84961,25719.90039
2026-02-03 09:40:00+00:00,25717.84961,25739.25,25699.80078,25717.15039
2026-02-03 09:45:00+00:00,25741.30078,25749.44922,25706.05078,25721.90039
2026-02-03 09:50:00+00:00,25730.44922,25741.59961,25726.75,25741.59961
2026-02-03 09:55:00+00:00,25714.80078,25732.19922,25708.5,25731.15039
2026-02-04 03:45:00+00:00,25710.69922,25742,25572.30078,25659.90039
2026-02-04 03:50:00+00:00,25754.15039,25761.15039,25708.34961,25712.55078
2026-02-04 03:55:00+00:00,25752.65039,25787.80078,25749.65039,25754.80078
2026-02-04 04:00:00+00:00,25762.25,25789.55078,25752.65039,25752.65039
2026-02-04 04:05:00+00:00,25729.75,25764.19922,25728.19922,25761.94922
2026-02-04 04:10:00+00:00,25788.65039,25791.05078,25729.69922,25729.69922
2026-02-04 04:15:00+00:00,25786.44922,25794.05078,25779.90039,25788.05078
2026-02-04 04:20:00+00:00,25762.65039,25786.94922,25748.09961,25786.25
2026-02-04 04:25:00+00:00,25781.5,25782.05078,25756.19922,25763.09961
2026-02-04 04:30:00+00:00,25776.15039,25785.34961,25772.30078,25779.55078
2026-02-04 04:35:00+00:00,25796,25800.05078,25771.30078,25775.69922
2026-02-04 04:40:00+00:00,25782.30078,25801.80078,25774.90039,25795.84961
2026-02-04 04:45:00+00:00,25757.34961,25787.05078,25757.34961,25782.55078
2026-02-04 04:50:00+00:00,25744.80078,25769.59961,25737.55078,25757.25
2026-02-04 04:55:00+00:00,25743.30078,25753.80078,25735.94922,25744.80078
2026-02-04 05:00:00+00:00,25726.5,25750.34961,25723.55078,25744.15039
2026-02-04 05:05:00+00:00,25727.44922,25732.19922,25709.55078,25726.19922
2026-02-04 05:10:00+00:00,25740.34961,25743.75,25724,25727.09961
2026-02-04 05:15:00+00:00,25752.84961,25755.90039,25729.59961,25739
2026-02-04 05:20:00+00:00,25743.30078,25756.90039,25739.05078,25751.84961
2026-02-04 05:25:00+00:00,25746.19922,25750.40039,25734.94922,25742.40039
2026-02-04 05:30:00+00:00,25749.05078,25760.15039,25737.30078,25745.90039
2026-02-04 05:35:00+00:00,25737.15039,25759,25736.69922,25748.80078
2026-02-04 05:40:00+00:00,25723.94922,25738,25714.15039,25737.40039
2026-02-04 05:45:00+00:00,25708.94922,25726.80078,25704.90039,25724
2026-02-04 05:50:00+00:00,25698.05078,25723.25,25695.40039,25709.09961
2026-02-04 05:55:00+00:00,25699.34961,25704.65039,25685.94922,25696.90039
2026-02-04 06:00:00+00:00,25705.15039,25711.5,25691.25,25698.15039
2026-02-04 06:05:00+00:00,25703.44922,25709.09961,25698.09961,25705.84961
2026-02-04 06:10:00+00:00,25717.34961,25723.90039,25702.59961,25703.19922
2026-02-04 06:15:00+00:00,25714.19922,25725.59961,25703.84961,25717.05078
2026-02-04 06:20:00+00:00,25721.90039,25723.15039,25695.65039,25713.75
2026-02-04 06:25:00+00:00,25727.44922,25729.55078,25717.90039,25721.34961
2026-02-04 06:30:00+00:00,25717.55078,25734.84961,25711.25,25726.90039
2026-02-04 06:35:00+00:00,25736.34961,25737.90039,25716.80078,25717.40039
2026-02-04 06:40:00+00:00,25742.55078,25742.55078,25731.65039,25736.19922
2026-02-04 06:45:00+00:00,25734.15039,25750.30078,25732.40039,25741.69922
2026-02-04 06:50:00+00:00,25727.84961,25738.30078,25723.59961,25733.5
2026-02-04 06:55:00+00:00,25748,25756.30078,25727.19922,25727.19922
2026-02-04 07:00:00+00:00,25738.5,25747.69922,25731.34961,25746.84961
2026-02-04 07:05:00+00:00,25741.55078,25742.94922,25727.19922,25738
2026-02-04 07:10:00+00:00,25738.69922,25762.94922,25738.69922,25741.19922
2026-02-04 07:15:00+00:00,25723.34961,25738.90039,25722.19922,25738.59961
2026-02-04 07:20:00+00:00,25720.40039,25725,25712.44922,25723.90039
2026-02-04 07:25:00+00:00,25705.15039,25721.59961,25701.25,25720.09961
2026-02-04 07:30:00+00:00,25717.09961,25718.25,25702.65039,25704.55078
2026-02-04 07:35:00+00:00,25733.90039,25738.09961,25715.59961,25717.19922
2026-02-04 07:40:00+00:00,25736.75,25740.94922,25728.80078,25734.15039
2026-02-04 07:45:00+00:00,25734.69922,25744,25727.84961,25735.90039
2026-02-04 07:50:00+00:00,25750.59961,25752.19922,25734.59961,25736.94922
2026-02-04 07:55:00+00:00,25757.25,25759.25,25748.75,25750.55078
2026-02-04 08:00:00+00:00,25765.15039,25768.90039,25757.05078,25757.94922
2026-02-04 08:05:00+00:00,25770.90039,25772.5,25757.44922,25764.34961
2026-02-04 08:10:00+00:00,25771.34961,25772.69922,25767.25,25771.5
2026-02-04 08:15:00+00:00,25764.40039,25772.55078,25762.44922,25770.19922
2026-02-04 08:20:00+00:00,25786.25,25787.09961,25761,25764.5
2026-02-04 08:25:00+00:00,25775.09961,25788.25,25772.59961,25786.75
2026-02-04 08:30:00+00:00,25766.19922,25775.80078,25755.25,25774.94922
2026-02-04 08:35:00+00:00,25766.55078,25767.90039,25757.09961,25765.59961
2026-02-04 08:40:00+00:00,25790.90039,25791.69922,25765.25,25766.75
2026-02-04 08:45:00+00:00,25806.19922,25813.69922,25789.94922,25789.94922
2026-02-04 08:50:00+00:00,25801,25818.30078,25799.75,25806.19922
2026-02-04 08:55:00+00:00,25798.19922,25801.25,25788.34961,25801.25
2026-02-04 09:00:00+00:00,25799.19922,25804.05078,25793.15039,25797.75
2026-02-04 09:05:00+00:00,25811.5,25815.69922,25795.84961,25799.40039
2026-02-04 09:10:00+00:00,25809.34961,25813.25,25803.90039,25811.44922
2026-02-04 09:15:00+00:00,25795.05078,25812.65039,25782.25,25809.69922
2026-02-04 09:20:00+00:00,25795.65039,25799.55078,25791.5,25795.25
2026-02-04 09:25:00+00:00,25782.65039,25798.69922,25779.84961,25795.30078
2026-02-04 09:30:00+00:00,25789.90039,25812.40039,25784.80078,25784.80078
2026-02-04 09:35:00+00:00,25784.65039,25796.55078,25780.19922,25790.05078
2026-02-04 09:40:00+00:00,25783.09961,25789.30078,25780.34961,25785.44922
2026-02-04 09:45:00+00:00,25768.94922,25790.25,25768.94922,25783
2026-02-04 09:50:00+00:00,25759.69922,25771.44922,25755.90039,25770.09961
2026-02-04 09:55:00+00:00,25737.5,25764.59961,25737.5,25760.84961
2026-02-05 03:45:00+00:00,25727.34961,25752.25,25685.25,25752.25
2026-02-05 03:50:00+00:00,25682.30078,25728.30078,25681.05078,25728.30078
2026-02-05 03:55:00+00:00,25690.65039,25690.65039,25666.75,25682.59961
2026-02-05 04:00:00+00:00,25692.75,25729.55078,25690.69922,25690.69922
2026-02-05 04:05:00+00:00,25677.84961,25707.05078,25663.44922,25692.94922
2026-02-05 04:10:00+00:00,25635.15039,25680.34961,25633.90039,25679.59961
2026-02-05 04:15:00+00:00,25631.65039,25641.80078,25623.40039,25635.15039
2026-02-05 04:20:00+00:00,25624.59961,25647.05078,25622.30078,25631.75
2026-02-05 04:25:00+00:00,25637.65039,25643.80078,25613.09961,25625.25
2026-02-05 04:30:00+00:00,25636.84961,25643.09961,25622.55078,25637.34961
2026-02-05 04:35:00+00:00,25637.09961,25646,25630,25637.65039
2026-02-05 04:40:00+00:00,25672.75,25676.69922,25635.34961,25635.55078
2026-02-05 04:45:00+00:00,25670.55078,25673.09961,25657.30078,25672.5
2026-02-05 04:50:00+00:00,25694.59961,25700.44922,25670.59961,25670.59961
2026-02-05 04:55:00+00:00,25669.55078,25698.34961,25668.94922,25694.84961
2026-02-05 05:00:00+00:00,25646.69922,25670.84961,25641.19922,25668.90039
2026-02-05 05:05:00+00:00,25627.80078,25653.40039,25626.65039,25646.90039
2026-02-05 05:10:00+00:00,25642.65039,25651,25623.55078,25627.44922
2026-02-05 05:15:00+00:00,25639.94922,25649.15039,25636.5,25642.80078
2026-02-05 05:20:00+00:00,25635.05078,25651.15039,25633.69922,25640.25
2026-02-05 05:25:00+00:00,25624,25635.84961,25616,25633.55078
2026-02-05 05:30:00+00:00,25643.09961,25649.30078,25611.94922,25624.34961
2026-02-05 05:35:00+00:00,25662.84961,25663.40039,25642.75,25643.25
2026-02-05 05:40:00+00:00,25673.55078,25678.25,25658.65039,25662.25
2026-02-05 05:45:00+00:00,25647.80078,25676.90039,25646.84961,25673.65039
2026-02-05 05:50:00+00:00,25645,25655.69922,25644.59961,25647.05078
2026-02-05 05:55:00+00:00,25653.05078,25655.30078,25639.40039,25644.90039
2026-02-05 06:00:00+00:00,25647.30078,25665.84961,25645.94922,25652.55078
2026-02-05 06:05:00+00:00,25671.05078,25674.34961,25641.75,25647.40039
2026-02-05 06:10:00+00:00,25666.30078,25680.19922,25665.59961,25671.44922
2026-02-05 06:15:00+00:00,25635.05078,25668.30078,25631.30078,25666.34961
2026-02-05 06:20:00+00:00,25638.34961,25638.90039,25629.65039,25634.90039
2026-02-05 06:25:00+00:00,25651.90039,25652.25,25637.15039,25638.19922
2026-02-05 06:30:00+00:00,25651.30078,25654.55078,25635,25651.34961
2026-02-05 06:35:00+00:00,25636.94922,25657.69922,25631.65039,25651.30078
2026-02-05 06:40:00+00:00,25629.80078,25642.09961,25627.09961,25636.55078
2026-02-05 06:45:00+00:00,25615.05078,25630.5,25614.69922,25629.69922
2026-02-05 06:50:00+00:00,25616.40039,25622.05078,25611.55078,25615.65039
2026-02-05 06:55:00+00:00,25621.55078,25626.5,25611.69922,25616.05078
2026-02-05 07:00:00+00:00,25618.09961,25634.94922,25604.09961,25620.90039
2026-02-05 07:05:00+00:00,25621.34961,25627.80078,25617.55078,25617.55078
2026-02-05 07:10:00+00:00,25617.44922,25627.34961,25614.90039,25622.05078
2026-02-05 07:15:00+00:00,25625.55078,25628.65039,25616.90039,25617.19922
2026-02-05 07:20:00+00:00,25623.30078,25636.90039,25619.25,25626.30078
2026-02-05 07:25:00+00:00,25640.80078,25646.55078,25606.75,25622.94922
2026-02-05 07:30:00+00:00,25637.69922,25642.19922,25633.34961,25640.09961
2026-02-05 07:35:00+00:00,25642.55078,25644.55078,25634.44922,25638.44922
2026-02-05 07:40:00+00:00,25636.80078,25646.44922,25629.55078,25643.69922
2026-02-05 07:45:00+00:00,25650.55078,25653.25,25637.44922,25637.44922
2026-02-05 07:50:00+00:00,25644.65039,25657.30078,25643.40039,25651.30078
2026-02-05 07:55:00+00:00,25612.30078,25645,25611.19922,25644.44922
2026-02-05 08:00:00+00:00,25632.55078,25633.69922,25611.69922,25611.69922
2026-02-05 08:05:00+00:00,25639,25643.5,25626.05078,25632.25
2026-02-05 08:10:00+00:00,25635.90039,25643.40039,25632.80078,25639.59961
2026-02-05 08:15:00+00:00,25642.40039,25645.15039,25632,25635.80078
2026-02-05 08:20:00+00:00,25629.40039,25647.40039,25629.05078,25641.94922
2026-02-05 08:25:00+00:00,25635.25,25635.30078,25621.05078,25629.94922
2026-02-05 08:30:00+00:00,25627.25,25642,25621.94922,25635.40039
2026-02-05 08:35:00+00:00,25594.40039,25627.94922,25592.40039,25627.25
2026-02-05 08:40:00+00:00,25596.94922,25599.19922,25580.59961,25594.69922
2026-02-05 08:45:00+00:00,25597.40039,25601.5,25589.90039,25597.44922
2026-02-05 08:50:00+00:00,25598.94922,25605.34961,25595.90039,25597.84961
2026-02-05 08:55:00+00:00,25611.90039,25617.65039,25594.55078,25598.90039
2026-02-05 09:00:00+00:00,25626.40039,25627.34961,25606.34961,25611.80078
2026-02-05 09:05:00+00:00,25631.09961,25640.34961,25626.69922,25626.69922
2026-02-05 09:10:00+00:00,25624.05078,25634.19922,25620.55078,25631.84961
2026-02-05 09:15:00+00:00,25620.80078,25626.90039,25609.05078,25624.25
2026-02-05 09:20:00+00:00,25630.19922,25632.09961,25618.05078,25620.19922
2026-02-05 09:25:00+00:00,25645.19922,25649,25630.15039,25630.15039
2026-02-05 09:30:00+00:00,25665.25,25669.44922,25645.94922,25646.05078
2026-02-05 09:35:00+00:00,25643.19922,25669.75,25631.19922,25665.55078
2026-02-05 09:40:00+00:00,25647.80078,25649.44922,25630.44922,25644.75
2026-02-05 09:45:00+00:00,25629.25,25649.75,25621.84961,25647.75
2026-02-05 09:50:00+00:00,25640.94922,25642.15039,25621.55078,25630.44922
2026-02-05 09:55:00+00:00,25641.59961,25645.59961,25629.30078,25642.69922
2026-02-06 03:45:00+00:00,25603.5,25630.44922,25555.94922,25610.5
2026-02-06 03:50:00+00:00,25587.84961,25601.84961,25578.44922,25600.65039
2026-02-06 03:55:00+00:00,25574.34961,25596.94922,25570.5,25588.09961
2026-02-06 04:00:00+00:00,25563.59961,25574.59961,25554.5,25574.59961
2026-02-06 04:05:00+00:00,25544.30078,25565.80078,25534.40039,25563.65039
2026-02-06 04:10:00+00:00,25526.30078,25547.69922,25522.40039,25543.44922
2026-02-06 04:15:00+00:00,25569,25569,25527.19922,25527.19922
2026-02-06 04:20:00+00:00,25554.25,25570.80078,25553,25569.25
2026-02-06 04:25:00+00:00,25552.34961,25554.59961,25538.05078,25554.19922
2026-02-06 04:30:00+00:00,25535.55078,25560.44922,25520.05078,25552.34961
2026-02-06 04:35:00+00:00,25531.75,25542.15039,25520.80078,25534.84961
2026-02-06 04:40:00+00:00,25515.80078,25533.5,25504.75,25531.55078
2026-02-06 04:45:00+00:00,25544.84961,25553.19922,25511.59961,25515.80078
2026-02-06 04:50:00+00:00,25544.69922,25558.80078,25539.44922,25543.94922
2026-02-06 04:55:00+00:00,25506.65039,25546.40039,25506.65039,25543.94922
2026-02-06 05:00:00+00:00,25504.80078,25514.15039,25496.65039,25507.09961
2026-02-06 05:05:00+00:00,25522.44922,25525.84961,25502.40039,25504.84961
2026-02-06 05:10:00+00:00,25502.40039,25523.65039,25497.90039,25521.59961
2026-02-06 05:15:00+00:00,25507.80078,25518.05078,25496.94922,25501.69922
2026-02-06 05:20:00+00:00,25498.25,25513.5,25493.55078,25507.55078
2026-02-06 05:25:00+00:00,25522.5,25524.19922,25492.15039,25498.19922
2026-02-06 05:30:00+00:00,25546.75,25548.15039,25522.75,25522.75
2026-02-06 05:35:00+00:00,25558.80078,25559.55078,25543.25,25546.25
2026-02-06 05:40:00+00:00,25576.40039,25576.40039,25554.84961,25558.59961
2026-02-06 05:45:00+00:00,25578.19922,25581.19922,25564.59961,25577.80078
2026-02-06 05:50:00+00:00,25593,25597.55078,25575.55078,25577.59961
2026-02-06 05:55:00+00:00,25588.55078,25598.19922,25583.34961,25592.90039
2026-02-06 06:00:00+00:00,25607.80078,25609.80078,25583,25588.5
2026-02-06 06:05:00+00:00,25627.84961,25630.90039,25599.84961,25607.80078
2026-02-06 06:10:00+00:00,25623.80078,25644.5,25623.44922,25627.59961
2026-02-06 06:15:00+00:00,25636.84961,25641.80078,25613.19922,25623.84961
2026-02-06 06:20:00+00:00,25625.65039,25639.55078,25620.75,25636.65039
2026-02-06 06:25:00+00:00,25632.25,25632.55078,25616.65039,25625.5
2026-02-06 06:30:00+00:00,25621.25,25657.59961,25620.80078,25631.34961
2026-02-06 06:35:00+00:00,25593.94922,25621.30078,25592.59961,25621.15039
2026-02-06 06:40:00+00:00,25611.05078,25611.65039,25588.44922,25593.44922
2026-02-06 06:45:00+00:00,25603.40039,25614.34961,25592,25611.69922
2026-02-06 06:50:00+00:00,25570.30078,25602.75,25570.30078,25602.75
2026-02-06 06:55:00+00:00,25573.75,25579.09961,25561.34961,25570.44922
2026-02-06 07:00:00+00:00,25543.30078,25573.5,25536.69922,25573.25
2026-02-06 07:05:00+00:00,25552.25,25562.59961,25542.94922,25542.94922
2026-02-06 07:10:00+00:00,25543.44922,25558.15039,25536.94922,25552.40039
2026-02-06 07:15:00+00:00,25542.05078,25570.34961,25537.5,25542.80078
2026-02-06 07:20:00+00:00,25532,25547.84961,25531.84961,25541.34961
2026-02-06 07:25:00+00:00,25556.69922,25563.15039,25526.65039,25532.30078
2026-02-06 07:30:00+00:00,25557.15039,25557.80078,25540.19922,25556.15039
2026-02-06 07:35:00+00:00,25553.84961,25573.15039,25545.30078,25557.59961
2026-02-06 07:40:00+00:00,25561.44922,25565.55078,25553.25,25554.30078
2026-02-06 07:45:00+00:00,25569.65039,25573.65039,25559.69922,25562.09961
2026-02-06 07:50:00+00:00,25569.40039,25576.65039,25562.75,25569.15039
2026-02-06 07:55:00+00:00,25570.25,25571.09961,25567.65039,25570.5
2026-02-06 08:00:00+00:00,25562.84961,25566.25,25549.09961,25558.30078
2026-02-06 08:05:00+00:00,25585.84961,25589.80078,25560.94922,25563.55078
2026-02-06 08:10:00+00:00,25578.44922,25598.75,25575.69922,25586.59961
2026-02-06 08:15:00+00:00,25588.75,25592.65039,25572.05078,25578.30078
2026-02-06 08:20:00+00:00,25618.59961,25620.65039,25587.15039,25588.90039
2026-02-06 08:25:00+00:00,25617.59961,25626.09961,25602,25618.25
2026-02-06 08:30:00+00:00,25618.84961,25633.30078,25615.75,25617.40039
2026-02-06 08:35:00+00:00,25625.30078,25630.90039,25618,25618.59961
2026-02-06 08:40:00+00:00,25612.30078,25626,25607.15039,25625.5
2026-02-06 08:45:00+00:00,25619.69922,25622.19922,25601.90039,25612.15039
2026-02-06 08:50:00+00:00,25604.75,25630.65039,25603.75,25620.34961
2026-02-06 08:55:00+00:00,25610.90039,25617.44922,25604.25,25604.69922
2026-02-06 09:00:00+00:00,25622.09961,25623.34961,25606.5,25611.09961
2026-02-06 09:05:00+00:00,25631.55078,25637.44922,25619.34961,25622.34961
2026-02-06 09:10:00+00:00,25651.84961,25652.40039,25631.69922,25632.09961
2026-02-06 09:15:00+00:00,25636.59961,25660.84961,25633.65039,25651.80078
2026-02-06 09:20:00+00:00,25651.30078,25651.75,25635.5,25636.90039
2026-02-06 09:25:00+00:00,25670.30078,25671.75,25651.80078,25651.80078
2026-02-06 09:30:00+00:00,25685.44922,25689.55078,25671.19922,25671.19922
2026-02-06 09:35:00+00:00,25692.55078,25698.94922,25681.75,25683.05078
2026-02-06 09:40:00+00:00,25698.5,25703.44922,25687.30078,25690.44922
2026-02-06 09:45:00+00:00,25695.19922,25703.25,25693,25697.75
2026-02-06 09:50:00+00:00,25700.94922,25701.5,25692.94922,25693.55078
2026-02-06 09:55:00+00:00,25673.59961,25700.05078,25660.19922,25698.5
2026-02-09 03:45:00+00:00,25815.55078,25903.09961,25799.30078,25903.09961
2026-02-09 03:50:00+00:00,25821.84961,25826.05078,25793.84961,25814.30078
2026-02-09 03:55:00+00:00,25822.90039,25823.80078,25801.75,25821.19922
2026-02-09 04:00:00+00:00,25802.19922,25835.5,25792.15039,25822
2026-02-09 04:05:00+00:00,25782.44922,25807.15039,25782.44922,25802.55078
2026-02-09 04:10:00+00:00,25793.05078,25803.94922,25781.55078,25781.94922
2026-02-09 04:15:00+00:00,25812,25815.15039,25790.34961,25792.90039
2026-02-09 04:20:00+00:00,25812.80078,25819.25,25806.65039,25812.55078
2026-02-09 04:25:00+00:00,25814.09961,25818.09961,25806.05078,25812.84961
2026-02-09 04:30:00+00:00,25824.75,25826.09961,25814.15039,25814.80078
2026-02-09 04:35:00+00:00,25810,25831.09961,25803.55078,25824.09961
2026-02-09 04:40:00+00:00,25801.59961,25812.65039,25796.15039,25810.19922
2026-02-09 04:45:00+00:00,25816.65039,25817.94922,25794,25800.09961
2026-02-09 04:50:00+00:00,25817.84961,25829.94922,25809.05078,25816.15039
2026-02-09 04:55:00+00:00,25812.80078,25825.59961,25810.44922,25818.09961
2026-02-09 05:00:00+00:00,25826.25,25829.19922,25810.09961,25812.30078
2026-02-09 05:05:00+00:00,25842.65039,25846.69922,25823.59961,25824.90039
2026-02-09 05:10:00+00:00,25852.34961,25852.34961,25841.65039,25843.40039
2026-02-09 05:15:00+00:00,25846.30078,25859.75,25844.5,25852.80078
2026-02-09 05:20:00+00:00,25860.15039,25861.09961,25845.80078,25847.19922
2026-02-09 05:25:00+00:00,25864.59961,25866.40039,25856,25859.5
2026-02-09 05:30:00+00:00,25856.44922,25870.05078,25855.25,25865.19922
2026-02-09 05:35:00+00:00,25855.15039,25866.59961,25853.44922,25856.40039
2026-02-09 05:40:00+00:00,25857.94922,25864,25853.90039,25855.65039
2026-02-09 05:45:00+00:00,25860.65039,25862,25851.75,25858.15039
2026-02-09 05:50:00+00:00,25863.55078,25865.34961,25854.15039,25860.75
2026-02-09 05:55:00+00:00,25858.40039,25868.34961,25853.90039,25863.30078
2026-02-09 06:00:00+00:00,25848.40039,25860.05078,25842,25858.84961
2026-02-09 06:05:00+00:00,25860,25862,25845.55078,25849.65039
2026-02-09 06:10:00+00:00,25851,25866.55078,25850.40039,25860
2026-02-09 06:15:00+00:00,25847.09961,25852.30078,25835.75,25850.44922
2026-02-09 06:20:00+00:00,25832.19922,25847.80078,25832.19922,25846.5
2026-02-09 06:25:00+00:00,25834.75,25838.59961,25830.5,25832.05078
2026-02-09 06:30:00+00:00,25842.69922,25842.90039,25833.90039,25834.30078
2026-02-09 06:35:00+00:00,25855.19922,25856,25839.25,25842.65039
2026-02-09 06:40:00+00:00,25856.25,25861.25,25850.69922,25855.19922
2026-02-09 06:45:00+00:00,25852.84961,25857.90039,25850,25856.59961
2026-02-09 06:50:00+00:00,25858.5,25861.09961,25851.55078,25852.15039
2026-02-09 06:55:00+00:00,25849.30078,25861.44922,25848.5,25858.94922
2026-02-09 07:00:00+00:00,25839.65039,25850.90039,25831.55078,25850.55078
2026-02-09 07:05:00+00:00,25836.44922,25850.19922,25836.44922,25841.55078
2026-02-09 07:10:00+00:00,25835.94922,25842.5,25832.5,25837.34961
2026-02-09 07:15:00+00:00,25832.90039,25839.80078,25830.15039,25836
2026-02-09 07:20:00+00:00,25822.34961,25838.65039,25821.65039,25833.34961
2026-02-09 07:25:00+00:00,25837.25,25838.75,25819.94922,25822.80078
2026-02-09 07:30:00+00:00,25843.25,25846.25,25835.90039,25838.40039
2026-02-09 07:35:00+00:00,25853.40039,25855.19922,25841.90039,25844.55078
2026-02-09 07:40:00+00:00,25849.94922,25860.30078,25847.44922,25854.40039
2026-02-09 07:45:00+00:00,25857.34961,25859.09961,25850.25,25850.75
2026-02-09 07:50:00+00:00,25846.30078,25860,25845.19922,25859.40039
2026-02-09 07:55:00+00:00,25838.15039,25851.90039,25836.84961,25847.25
2026-02-09 08:00:00+00:00,25849.84961,25852.94922,25835.84961,25840.34961
2026-02-09 08:05:00+00:00,25850.05078,25854.90039,25849.59961,25851.80078
2026-02-09 08:10:00+00:00,25853.30078,25856.09961,25849.65039,25851.5
2026-02-09 08:15:00+00:00,25847.15039,25857.30078,25846,25854.05078
2026-02-09 08:20:00+00:00,25846.65039,25850.94922,25843.09961,25848.65039
2026-02-09 08:25:00+00:00,25845.65039,25855.30078,25843.75,25846.90039
2026-02-09 08:30:00+00:00,25842.34961,25853.80078,25839.94922,25846.09961
2026-02-09 08:35:00+00:00,25846.25,25846.69922,25835.5,25843.94922
2026-02-09 08:40:00+00:00,25844.40039,25852.75,25842.19922,25847.80078
2026-02-09 08:45:00+00:00,25850.30078,25852.59961,25842.19922,25845.25
2026-02-09 08:50:00+00:00,25858.55078,25864.40039,25850,25852.25
2026-02-09 08:55:00+00:00,25858.69922,25862.94922,25854.94922,25860
2026-02-09 09:00:00+00:00,25852.34961,25861,25849.44922,25860.05078
2026-02-09 09:05:00+00:00,25850,25856.84961,25847.19922,25852.40039
2026-02-09 09:10:00+00:00,25843.80078,25851.15039,25840.34961,25850.15039
2026-02-09 09:15:00+00:00,25851.55078,25858.19922,25843.09961,25844.94922
2026-02-09 09:20:00+00:00,25848.5,25858.15039,25836.25,25853.05078
2026-02-09 09:25:00+00:00,25858.05078,25861.30078,25848.34961,25850.25
2026-02-09 09:30:00+00:00,25868.84961,25869.84961,25859.34961,25860.5
2026-02-09 09:35:00+00:00,25870.25,25875.40039,25867.55078,25869.44922
2026-02-09 09:40:00+00:00,25866.30078,25875.84961,25862.5,25870.84961
2026-02-09 09:45:00+00:00,25868.65039,25870.25,25863.44922,25866.55078
2026-02-09 09:50:00+00:00,25864,25870.55078,25861.15039,25869.55078
2026-02-09 09:55:00+00:00,25863.30078,25870.09961,25856.84961,25864.84961
2026-02-10 03:45:00+00:00,25918.05078,25934.44922,25871.44922,25912.84961
2026-02-10 03:50:00+00:00,25915.55078,25922.09961,25894.15039,25918.09961
2026-02-10 03:55:00+00:00,25917.59961,25924.75,25907.69922,25914.90039
2026-02-10 04:00:00+00:00,25943.75,25943.75,25909.65039,25918.19922
2026-02-10 04:05:00+00:00,25941.05078,25948.34961,25936.69922,25943.30078
2026-02-10 04:10:00+00:00,25949.40039,25952.90039,25939.80078,25941.15039
2026-02-10 04:15:00+00:00,25948.19922,25961.40039,25947.05078,25949.65039
2026-02-10 04:20:00+00:00,25932.59961,25952,25929.94922,25948.15039
2026-02-10 04:25:00+00:00,25949.5,25951.05078,25928.80078,25932.19922
2026-02-10 04:30:00+00:00,25954.90039,25958.44922,25943.94922,25948.69922
2026-02-10 04:35:00+00:00,25952,25965,25948.19922,25954.94922
2026-02-10 04:40:00+00:00,25944.34961,25953.75,25940.25,25951.59961
2026-02-10 04:45:00+00:00,25966,25971.55078,25942,25944.40039
2026-02-10 04:50:00+00:00,25964.25,25966.15039,25958.75,25965.69922
2026-02-10 04:55:00+00:00,25963.40039,25968.75,25961.65039,25963.94922
2026-02-10 05:00:00+00:00,25976.75,25978.55078,25962.05078,25963.5
2026-02-10 05:05:00+00:00,25969.15039,25978.15039,25968.40039,25976.19922
2026-02-10 05:10:00+00:00,25960.69922,25970.94922,25951.34961,25969.69922
2026-02-10 05:15:00+00:00,25959.40039,25971.69922,25954.34961,25960.15039
2026-02-10 05:20:00+00:00,25957.84961,25969.5,25954.80078,25960
2026-02-10 05:25:00+00:00,25959.59961,25964.30078,25955.30078,25958.30078
2026-02-10 05:30:00+00:00,25964.59961,25969.30078,25955.09961,25959.30078
2026-02-10 05:35:00+00:00,25961.90039,25969.90039,25960.25,25964.59961
2026-02-10 05:40:00+00:00,25959.65039,25963.80078,25955.75,25961.55078
2026-02-10 05:45:00+00:00,25959.15039,25964.40039,25954.59961,25960.05078
2026-02-10 05:50:00+00:00,25952.44922,25961.90039,25951.30078,25959.25
2026-02-10 05:55:00+00:00,25954.05078,25959.65039,25947.30078,25952.44922
2026-02-10 06:00:00+00:00,25956.34961,25961.19922,25952.90039,25953.94922
2026-02-10 06:05:00+00:00,25953.30078,25960.94922,25941.90039,25956.44922
2026-02-10 06:10:00+00:00,25950.90039,25954.55078,25943.69922,25953.44922
2026-02-10 06:15:00+00:00,25949.30078,25955.30078,25943.94922,25951.34961
2026-02-10 06:20:00+00:00,25960.05078,25961.19922,25944.25,25949.05078
2026-02-10 06:25:00+00:00,25961.75,25963.69922,25952.69922,25960.09961
2026-02-10 06:30:00+00:00,25964.34961,25965.40039,25958.15039,25961.90039
2026-02-10 06:35:00+00:00,25954.40039,25963.94922,25950.65039,25963.34961
2026-02-10 06:40:00+00:00,25963.65039,25964.19922,25952.25,25953.94922
2026-02-10 06:45:00+00:00,25968,25969.80078,25960.90039,25964.34961
2026-02-10 06:50:00+00:00,25959.65039,25968.59961,25956,25967.55078
2026-02-10 06:55:00+00:00,25956.80078,25959.80078,25952.65039,25959.19922
2026-02-10 07:00:00+00:00,25956.25,25959.34961,25952.19922,25956.40039
2026-02-10 07:05:00+00:00,25957.94922,25957.94922,25950.84961,25956.05078
2026-02-10 07:10:00+00:00,25964.69922,25965,25955.5,25958
2026-02-10 07:15:00+00:00,25984.15039,25984.90039,25963.69922,25964.55078
2026-02-10 07:20:00+00:00,25979.05078,25989.19922,25977.05078,25983.15039
2026-02-10 07:25:00+00:00,25973.44922,25985.69922,25972.15039,25979.40039
2026-02-10 07:30:00+00:00,25966.19922,25974.84961,25956.80078,25972.44922
2026-02-10 07:35:00+00:00,25978.75,25981,25962.44922,25965.30078
2026-02-10 07:40:00+00:00,25977.75,25980.30078,25970.80078,25978.69922
2026-02-10 07:45:00+00:00,25948.40039,25982.25,25947.5,25978
2026-02-10 07:50:00+00:00,25931.84961,25951.25,25927.44922,25948.59961
2026-02-10 07:55:00+00:00,25938.09961,25951.94922,25929.90039,25932.09961
2026-02-10 08:00:00+00:00,25922.90039,25935.65039,25908.84961,25935.05078
2026-02-10 08:05:00+00:00,25924.84961,25924.84961,25915.40039,25921.69922
2026-02-10 08:10:00+00:00,25927.19922,25929.30078,25919.90039,25922.75
2026-02-10 08:15:00+00:00,25921.90039,25932.25,25915.94922,25925.05078
2026-02-10 08:20:00+00:00,25934.09961,25936.05078,25920.30078,25920.59961
2026-02-10 08:25:00+00:00,25910.84961,25934.40039,25909.59961,25933.09961
2026-02-10 08:30:00+00:00,25901.69922,25910.55078,25893.19922,25910.34961
2026-02-10 08:35:00+00:00,25911.75,25923.40039,25898.30078,25900.69922
2026-02-10 08:40:00+00:00,25918.69922,25918.69922,25899.65039,25909.65039
2026-02-10 08:45:00+00:00,25943,25943,25918.15039,25918.15039
2026-02-10 08:50:00+00:00,25924.65039,25943.80078,25919.40039,25941.84961
2026-02-10 08:55:00+00:00,25921.30078,25928.90039,25915.84961,25923.25
2026-02-10 09:00:00+00:00,25924.15039,25929,25918.59961,25919.15039
2026-02-10 09:05:00+00:00,25916.84961,25930.59961,25916.19922,25922.69922
2026-02-10 09:10:00+00:00,25912.69922,25917.44922,25903.84961,25915.30078
2026-02-10 09:15:00+00:00,25928.69922,25932.40039,25911.19922,25911.40039
2026-02-10 09:20:00+00:00,25935.34961,25937.84961,25923.69922,25927.75
2026-02-10 09:25:00+00:00,25941.44922,25944.40039,25930.90039,25935.75
2026-02-10 09:30:00+00:00,25951.40039,25967.40039,25939.94922,25943
2026-02-10 09:35:00+00:00,25958.09961,25963.25,25930.84961,25953.25
2026-02-10 09:40:00+00:00,25933.94922,25960.19922,25931.5,25958.84961
2026-02-10 09:45:00+00:00,25919.30078,25937.05078,25914.55078,25934.30078
2026-02-10 09:50:00+00:00,25911.55078,25922,25909.75,25919.15039
2026-02-10 09:55:00+00:00,25916.80078,25919.25,25906.05078,25911.55078
2026-02-11 03:45:00+00:00,25985,26000.65039,25949.09961,26000.65039
2026-02-11 03:50:00+00:00,25980.69922,25993.19922,25975.80078,25984.94922
2026-02-11 03:55:00+00:00,25980.59961,25988.09961,25975.59961,25980.84961
2026-02-11 04:00:00+00:00,25955.34961,25984.55078,25954.75,25980.09961
2026-02-11 04:05:00+00:00,25933.59961,25960.75,25932.5,25955.15039
2026-02-11 04:10:00+00:00,25937.84961,25939.40039,25923.69922,25932.40039
2026-02-11 04:15:00+00:00,25929.84961,25945.25,25929.84961,25937.80078
2026-02-11 04:20:00+00:00,25950.09961,25952.69922,25925.75,25930.40039
2026-02-11 04:25:00+00:00,25943.05078,25956.30078,25943.05078,25949.05078
2026-02-11 04:30:00+00:00,25915.80078,25943.40039,25912,25943.19922
2026-02-11 04:35:00+00:00,25925.80078,25926.94922,25913.55078,25914.34961
2026-02-11 04:40:00+00:00,25917.90039,25938.55078,25909.94922,25925.59961
2026-02-11 04:45:00+00:00,25954.15039,25954.90039,25916.90039,25918.05078
2026-02-11 04:50:00+00:00,25961.65039,25962.80078,25948.19922,25954.80078
2026-02-11 04:55:00+00:00,25964.55078,25967.75,25955.90039,25961.05078
2026-02-11 05:00:00+00:00,25964.19922,25973.19922,25962.75,25964.19922
2026-02-11 05:05:00+00:00,25977.40039,25980.59961,25958.19922,25963.94922
2026-02-11 05:10:00+00:00,25969.05078,25981.30078,25966.65039,25978.30078
2026-02-11 05:15:00+00:00,25976.55078,25976.84961,25964.80078,25968
2026-02-11 05:20:00+00:00,25960.55078,25978.59961,25960.09961,25975.75
2026-02-11 05:25:00+00:00,25961.25,25964.69922,25955.80078,25960.69922
2026-02-11 05:30:00+00:00,25966.65039,25966.65039,25954.19922,25961.94922
2026-02-11 05:35:00+00:00,25942.55078,25971.65039,25938.90039,25966.75
2026-02-11 05:40:00+00:00,25956.94922,25959.30078,25940.69922,25941.90039
2026-02-11 05:45:00+00:00,25955.90039,25967.90039,25953.59961,25957.40039
2026-02-11 05:50:00+00:00,25959.90039,25963.59961,25947.40039,25955.19922
2026-02-11 05:55:00+00:00,25957.69922,25964.59961,25955.5,25960.25
2026-02-11 06:00:00+00:00,25972.25,25977.84961,25953.65039,25957.69922
2026-02-11 06:05:00+00:00,25967.90039,25979.05078,25967.25,25972.59961
2026-02-11 06:10:00+00:00,25956.15039,25970.30078,25955.59961,25967.84961
2026-02-11 06:15:00+00:00,25961.34961,25964.15039,25953.30078,25956.44922
2026-02-11 06:20:00+00:00,25958.05078,25964.34961,25949.59961,25961.84961
2026-02-11 06:25:00+00:00,25946.75,25969.34961,25945.5,25958.65039
2026-02-11 06:30:00+00:00,25955.69922,25960.94922,25944.90039,25947.55078
2026-02-11 06:35:00+00:00,25942.44922,25956.90039,25933.94922,25955.90039
2026-02-11 06:40:00+00:00,25953.94922,25960.05078,25942.34961,25942.34961
2026-02-11 06:45:00+00:00,25942.84961,25955.44922,25940,25954.44922
2026-02-11 06:50:00+00:00,25937.65039,25945.55078,25936.05078,25942.80078
2026-02-11 06:55:00+00:00,25939.69922,25943.05078,25935.80078,25938.09961
2026-02-11 07:00:00+00:00,25926.25,25945.09961,25926.05078,25940.05078
2026-02-11 07:05:00+00:00,25917.05078,25936.15039,25914.80078,25926.80078
2026-02-11 07:10:00+00:00,25911.19922,25925.34961,25900.19922,25916.55078
2026-02-11 07:15:00+00:00,25916,25917.65039,25900.90039,25911.19922
2026-02-11 07:20:00+00:00,25926.19922,25927.40039,25911.65039,25915.69922
2026-02-11 07:25:00+00:00,25927.40039,25936.44922,25920.05078,25925.90039
2026-02-11 07:30:00+00:00,25914.25,25928.19922,25907.59961,25928.19922
2026-02-11 07:35:00+00:00,25926.09961,25929.59961,25912.90039,25913.34961
2026-02-11 07:40:00+00:00,25923.75,25931.09961,25917.80078,25925.15039
2026-02-11 07:45:00+00:00,25928.90039,25930.30078,25920.09961,25923.94922
2026-02-11 07:50:00+00:00,25931.25,25939.30078,25923.19922,25928.90039
2026-02-11 07:55:00+00:00,25945.05078,25945.65039,25931.69922,25931.69922
2026-02-11 08:00:00+00:00,25949.19922,25952.09961,25939.90039,25944.69922
2026-02-11 08:05:00+00:00,25957.34961,25959.75,25945.09961,25949.65039
2026-02-11 08:10:00+00:00,25955.34961,25969.19922,25954.30078,25958.09961
2026-02-11 08:15:00+00:00,25939.30078,25956.30078,25939,25955.09961
2026-02-11 08:20:00+00:00,25932.05078,25940.19922,25927.5,25938.25
2026-02-11 08:25:00+00:00,25932.59961,25939.94922,25930.19922,25931.65039
2026-02-11 08:30:00+00:00,25938.5,25943.30078,25925.55078,25932.05078
2026-02-11 08:35:00+00:00,25937.5,25944.34961,25934.44922,25938.19922
2026-02-11 08:40:00+00:00,25956.19922,25956.80078,25936.69922,25936.80078
2026-02-11 08:45:00+00:00,25958.40039,25964.09961,25955.44922,25955.94922
2026-02-11 08:50:00+00:00,25945,25960.19922,25939.69922,25958.05078
2026-02-11 08:55:00+00:00,25944.84961,25954.55078,25942.80078,25944.90039
2026-02-11 09:00:00+00:00,25952.44922,25952.44922,25937.19922,25944.40039
2026-02-11 09:05:00+00:00,25944.80078,25954.05078,25943.5,25951.84961
2026-02-11 09:10:00+00:00,25944.90039,25947.84961,25938.84961,25944.65039
2026-02-11 09:15:00+00:00,25943.30078,25952.25,25940.30078,25945.44922
2026-02-11 09:20:00+00:00,25946.30078,25951.75,25940.59961,25942.84961
2026-02-11 09:25:00+00:00,25944.94922,25955.94922,25943.59961,25946.30078
2026-02-11 09:30:00+00:00,25956.09961,25970.75,25944.65039,25944.65039
2026-02-11 09:35:00+00:00,25951.75,25958.75,25948.69922,25956.80078
2026-02-11 09:40:00+00:00,25955.90039,25958.15039,25948.90039,25952.94922
2026-02-11 09:45:00+00:00,25955.25,25958.65039,25950.90039,25957.94922
2026-02-11 09:50:00+00:00,25949,25956.90039,25946.40039,25956.90039
2026-02-11 09:55:00+00:00,25945.34961,25952.84961,25939.75,25950.44922
2026-02-12 03:45:00+00:00,25855.25,25892.30078,25848.05078,25892.30078
2026-02-12 03:50:00+00:00,25843.90039,25861.05078,25837.69922,25857.69922
2026-02-12 03:55:00+00:00,25833.75,25850.94922,25832.05078,25845.25
2026-02-12 04:00:00+00:00,25838.34961,25841.34961,25823.80078,25835.80078
2026-02-12 04:05:00+00:00,25842.25,25847.94922,25829.80078,25839.59961
2026-02-12 04:10:00+00:00,25844.65039,25847.19922,25830.40039,25842.55078
2026-02-12 04:15:00+00:00,25854.69922,25862.75,25828.40039,25844.84961
2026-02-12 04:20:00+00:00,25860.40039,25865.94922,25851.44922,25859
2026-02-12 04:25:00+00:00,25865.09961,25872.34961,25857.65039,25861.09961
2026-02-12 04:30:00+00:00,25871.09961,25875.75,25857.84961,25867.5
2026-02-12 04:35:00+00:00,25865,25875.25,25849.90039,25871.55078
2026-02-12 04:40:00+00:00,25880.84961,25880.90039,25854.80078,25866.40039
2026-02-12 04:45:00+00:00,25876.30078,25882.59961,25865.25,25881.80078
2026-02-12 04:50:00+00:00,25875.30078,25881.65039,25870.84961,25876.44922
2026-02-12 04:55:00+00:00,25867.19922,25876.05078,25859.40039,25876.05078
2026-02-12 05:00:00+00:00,25872.80078,25874.15039,25860.94922,25867.34961
2026-02-12 05:05:00+00:00,25859.75,25876,25850.59961,25873.5
2026-02-12 05:10:00+00:00,25859.30078,25865.80078,25855.69922,25861.25
2026-02-12 05:15:00+00:00,25856.80078,25865.55078,25852.75,25859.30078
2026-02-12 05:20:00+00:00,25853.09961,25857.90039,25848.69922,25857.90039
2026-02-12 05:25:00+00:00,25853.59961,25861.90039,25852.65039,25853.40039
2026-02-12 05:30:00+00:00,25856.69922,25860.90039,25851.19922,25853.59961
2026-02-12 05:35:00+00:00,25853.90039,25861.80078,25843.15039,25857.25
2026-02-12 05:40:00+00:00,25849.15039,25857.40039,25846.84961,25854.5
2026-02-12 05:45:00+00:00,25840.09961,25849.55078,25833.34961,25849.55078
2026-02-12 05:50:00+00:00,25833.5,25840.84961,25824.19922,25840.84961
2026-02-12 05:55:00+00:00,25831.09961,25838.09961,25827.05078,25834.59961
2026-02-12 06:00:00+00:00,25821.15039,25833.90039,25816.84961,25833.90039
2026-02-12 06:05:00+00:00,25817.59961,25826.09961,25813.90039,25822.25
2026-02-12 06:10:00+00:00,25828.40039,25831.84961,25815.69922,25820.59961
2026-02-12 06:15:00+00:00,25827.09961,25836.09961,25826.19922,25828.15039
2026-02-12 06:20:00+00:00,25814.75,25828.19922,25808.75,25827.90039
2026-02-12 06:25:00+00:00,25826.30078,25827.84961,25810.75,25815.90039
2026-02-12 06:30:00+00:00,25815.15039,25830.44922,25806.84961,25827.05078
2026-02-12 06:35:00+00:00,25828,25828,25812.40039,25816.09961
2026-02-12 06:40:00+00:00,25828.90039,25832.40039,25823.34961,25828.34961
2026-02-12 06:45:00+00:00,25836.25,25838.44922,25827.94922,25829.80078
2026-02-12 06:50:00+00:00,25836.59961,25839.69922,25831.19922,25838.34961
2026-02-12 06:55:00+00:00,25832.15039,25837.69922,25830.94922,25836.80078
2026-02-12 07:00:00+00:00,25842.34961,25846.65039,25831.84961,25834.90039
2026-02-12 07:05:00+00:00,25838.09961,25843.5,25835.40039,25843.05078
2026-02-12 07:10:00+00:00,25844.44922,25847.05078,25834.05078,25839.69922
2026-02-12 07:15:00+00:00,25844.80078,25852.25,25839.94922,25845.59961
2026-02-12 07:20:00+00:00,25853.5,25854,25843.40039,25845.65039
2026-02-12 07:25:00+00:00,25853.75,25859.5,25849.15039,25854.15039
2026-02-12 07:30:00+00:00,25854.94922,25859.84961,25847.84961,25854.55078
2026-02-12 07:35:00+00:00,25854.80078,25854.80078,25854.80078,25854.80078
2026-02-12 07:40:00+00:00,25835.75,25843.65039,25830,25840.5
2026-02-12 07:45:00+00:00,25851.59961,25863.55078,25831.55078,25836.44922
2026-02-12 07:50:00+00:00,25860.44922,25861.75,25830.75,25853.19922
2026-02-12 07:55:00+00:00,25855.44922,25879.30078,25853.44922,25861.05078
2026-02-12 08:00:00+00:00,25849.44922,25859.09961,25842.84961,25857.40039
2026-02-12 08:05:00+00:00,25859.80078,25861.75,25845.34961,25850.09961
2026-02-12 08:10:00+00:00,25844.84961,25862,25841.30078,25862
2026-02-12 08:15:00+00:00,25817.5,25847.34961,25817,25845.05078
2026-02-12 08:20:00+00:00,25821.65039,25821.65039,25805.84961,25817.75
2026-02-12 08:25:00+00:00,25816.94922,25824.55078,25815.34961,25822.40039
2026-02-12 08:30:00+00:00,25817.80078,25820.84961,25807.25,25817.19922
2026-02-12 08:35:00+00:00,25817.69922,25822.5,25814.15039,25817.90039
2026-02-12 08:40:00+00:00,25817.55078,25821.59961,25812.65039,25817.80078
2026-02-12 08:45:00+00:00,25807.90039,25818.34961,25804,25818.19922
2026-02-12 08:50:00+00:00,25833.34961,25836.34961,25806.75,25807.94922
2026-02-12 08:55:00+00:00,25823.69922,25837.84961,25820.30078,25833.75
2026-02-12 09:00:00+00:00,25823.90039,25829.55078,25818.5,25823.40039
2026-02-12 09:05:00+00:00,25808.19922,25829.65039,25804,25823.44922
2026-02-12 09:10:00+00:00,25797.30078,25819.5,25795,25808.75
2026-02-12 09:15:00+00:00,25759,25798.75,25752.40039,25796.94922
2026-02-12 09:20:00+00:00,25775.40039,25776.69922,25754.90039,25760.59961
2026-02-12 09:25:00+00:00,25785.5,25788.15039,25775.09961,25776.34961
2026-02-12 09:30:00+00:00,25823.94922,25840.69922,25788.40039,25788.94922
2026-02-12 09:35:00+00:00,25821.40039,25826.90039,25791.15039,25823.19922
2026-02-12 09:40:00+00:00,25807.44922,25821.69922,25802.40039,25820.90039
2026-02-12 09:45:00+00:00,25810.55078,25814.80078,25797.44922,25805.34961
2026-02-12 09:50:00+00:00,25799.5,25811.59961,25795.5,25809.40039
2026-02-12 09:55:00+00:00,25796.15039,25803.65039,25790.40039,25796.34961
2026-02-13 03:45:00+00:00,25596.40039,25625.09961,25563.65039,25578.59961
2026-02-13 03:50:00+00:00,25602.65039,25605.65039,25580.09961,25597.09961
2026-02-13 03:55:00+00:00,25585.69922,25605,25583.94922,25605
2026-02-13 04:00:00+00:00,25547.69922,25586.09961,25545.55078,25586.09961
2026-02-13 04:05:00+00:00,25538.30078,25550.90039,25534.65039,25549
2026-02-13 04:10:00+00:00,25560.84961,25566.25,25525.90039,25537.40039
2026-02-13 04:15:00+00:00,25544.25,25564.44922,25541.05078,25560.75
2026-02-13 04:20:00+00:00,25553.65039,25565.30078,25537.05078,25543.19922
2026-02-13 04:25:00+00:00,25534.44922,25555.05078,25531.5,25553.15039
2026-02-13 04:30:00+00:00,25549,25550.69922,25532.5,25534.65039
2026-02-13 04:35:00+00:00,25534.94922,25550.5,25531.69922,25549.84961
2026-02-13 04:40:00+00:00,25531.75,25546.94922,25529.34961,25535.80078
2026-02-13 04:45:00+00:00,25526.25,25533.05078,25513.55078,25531.5
2026-02-13 04:50:00+00:00,25538.90039,25540.69922,25524,25527
2026-02-13 04:55:00+00:00,25548.94922,25553.25,25538.55078,25539.75
2026-02-13 05:00:00+00:00,25567.30078,25572.15039,25548.25,25548.55078
2026-02-13 05:05:00+00:00,25579.40039,25581.65039,25562.69922,25567.25
2026-02-13 05:10:00+00:00,25574.09961,25584.30078,25570.25,25578.94922
2026-02-13 05:15:00+00:00,25558.09961,25573.75,25557.84961,25573.30078
2026-02-13 05:20:00+00:00,25559.84961,25566.30078,25543.94922,25558.15039
2026-02-13 05:25:00+00:00,25560.5,25574.59961,25557.84961,25560
2026-02-13 05:30:00+00:00,25545.34961,25563.75,25544.09961,25561.90039
2026-02-13 05:35:00+00:00,25536.40039,25547.34961,25533.05078,25545.40039
2026-02-13 05:40:00+00:00,25554.19922,25554.19922,25536.69922,25537.15039
2026-02-13 05:45:00+00:00,25532.19922,25555.94922,25526.09961,25553.69922
2026-02-13 05:50:00+00:00,25533.09961,25536.40039,25522.80078,25531.90039
2026-02-13 05:55:00+00:00,25548.80078,25550.65039,25531.09961,25533.09961
2026-02-13 06:00:00+00:00,25530.05078,25549.69922,25529.25,25548.84961
2026-02-13 06:05:00+00:00,25531.25,25537.44922,25526.5,25531.34961
2026-02-13 06:10:00+00:00,25549.59961,25551.05078,25525.05078,25530.90039
2026-02-13 06:15:00+00:00,25548.44922,25554.84961,25543.40039,25550.80078
2026-02-13 06:20:00+00:00,25551.80078,25557,25544.55078,25548.84961
2026-02-13 06:25:00+00:00,25558.84961,25561.25,25548.19922,25552.40039
2026-02-13 06:30:00+00:00,25562.65039,25568.5,25554.94922,25559
2026-02-13 06:35:00+00:00,25568.80078,25575.55078,25560.59961,25562.15039
2026-02-13 06:40:00+00:00,25573.40039,25576.69922,25562.15039,25568.55078
2026-02-13 06:45:00+00:00,25572.30078,25576.15039,25557.69922,25573.5
2026-02-13 06:50:00+00:00,25580.30078,25582.44922,25569.15039,25572.59961
2026-02-13 06:55:00+00:00,25585.30078,25604.25,25578.19922,25580.44922
2026-02-13 07:00:00+00:00,25602.44922,25606.05078,25576.5,25585.80078
2026-02-13 07:05:00+00:00,25593.25,25602.75,25581.90039,25602.5
2026-02-13 07:10:00+00:00,25584,25594.59961,25579.34961,25593.5
2026-02-13 07:15:00+00:00,25571.59961,25596.84961,25570,25585.15039
2026-02-13 07:20:00+00:00,25556.94922,25571.55078,25553.69922,25571.55078
2026-02-13 07:25:00+00:00,25542.05078,25560.05078,25537.59961,25557.09961
2026-02-13 07:30:00+00:00,25542.5,25553.05078,25534.09961,25542.94922
2026-02-13 07:35:00+00:00,25549.09961,25549.30078,25531.65039,25542.80078
2026-02-13 07:40:00+00:00,25574.69922,25578,25548.19922,25549.90039
2026-02-13 07:45:00+00:00,25585.15039,25586.84961,25570.19922,25575.65039
2026-02-13 07:50:00+00:00,25553.19922,25584.75,25552,25584.59961
2026-02-13 07:55:00+00:00,25546.65039,25554.15039,25541.65039,25554.05078
2026-02-13 08:00:00+00:00,25542.40039,25552.5,25533.19922,25546.90039
2026-02-13 08:05:00+00:00,25546.94922,25553.40039,25541.44922,25542.94922
2026-02-13 08:10:00+00:00,25539.19922,25553.80078,25538.65039,25548.19922
2026-02-13 08:15:00+00:00,25510.30078,25540.15039,25505.65039,25538.90039
2026-02-13 08:20:00+00:00,25517.15039,25517.59961,25500.40039,25510.5
2026-02-13 08:25:00+00:00,25524.5,25531.19922,25516.69922,25517.05078
2026-02-13 08:30:00+00:00,25526.25,25530.84961,25513.69922,25525.15039
2026-02-13 08:35:00+00:00,25518.90039,25539.25,25515.55078,25526.09961
2026-02-13 08:40:00+00:00,25534.59961,25535.34961,25513.59961,25518.5
2026-02-13 08:45:00+00:00,25527.94922,25538.40039,25524.80078,25535
2026-02-13 08:50:00+00:00,25527.30078,25535.65039,25515.30078,25528.25
2026-02-13 08:55:00+00:00,25530.94922,25536.65039,25526.69922,25527
2026-02-13 09:00:00+00:00,25510.90039,25534.55078,25510.05078,25531.15039
2026-02-13 09:05:00+00:00,25513.84961,25521.40039,25499.65039,25511.05078
2026-02-13 09:10:00+00:00,25511.75,25518.44922,25503,25514
2026-02-13 09:15:00+00:00,25508.15039,25516.5,25504.90039,25511.44922
2026-02-13 09:20:00+00:00,25515.34961,25521.5,25502.19922,25507.55078
2026-02-13 09:25:00+00:00,25521.25,25528.30078,25512.90039,25515.65039
2026-02-13 09:30:00+00:00,25496.44922,25527.55078,25489.84961,25521.94922
2026-02-13 09:35:00+00:00,25483.80078,25498.75,25473.15039,25495.90039
2026-02-13 09:40:00+00:00,25477.19922,25489.5,25476.19922,25482.5
2026-02-13 09:45:00+00:00,25485.05078,25487.90039,25472.90039,25475.55078
2026-02-13 09:50:00+00:00,25468.15039,25489.80078,25464,25487.19922
2026-02-13 09:55:00+00:00,25460.55078,25470.90039,25445.59961,25470.90039
2026-02-16 03:45:00+00:00,25472.19922,25472.19922,25376.05078,25427.44922
2026-02-16 03:50:00+00:00,25480.65039,25491.94922,25461.34961,25473.05078
2026-02-16 03:55:00+00:00,25472.25,25484.44922,25453.65039,25482.59961
2026-02-16 04:00:00+00:00,25521.90039,25527.5,25472.69922,25473.55078
2026-02-16 04:05:00+00:00,25495.94922,25522.69922,25489.55078,25522.69922
2026-02-16 04:10:00+00:00,25460.75,25496.59961,25458.15039,25495.84961
2026-02-16 04:15:00+00:00,25455.05078,25471.84961,25447.84961,25460.25
2026-02-16 04:20:00+00:00,25466.59961,25466.59961,25431.90039,25454.80078
2026-02-16 04:25:00+00:00,25496.65039,25497.94922,25463.69922,25466.34961
2026-02-16 04:30:00+00:00,25527.15039,25533.55078,25497.5,25497.5
2026-02-16 04:35:00+00:00,25521.40039,25533.40039,25512,25527.30078
2026-02-16 04:40:00+00:00,25551.44922,25555.84961,25517.80078,25522.05078
2026-02-16 04:45:00+00:00,25550.15039,25561.15039,25541.90039,25551.44922
2026-02-16 04:50:00+00:00,25526.80078,25551.80078,25526.34961,25550.55078
2026-02-16 04:55:00+00:00,25525.84961,25532.40039,25518.90039,25526.09961
2026-02-16 05:00:00+00:00,25531.34961,25540.25,25520.5,25526.19922
2026-02-16 05:05:00+00:00,25526.55078,25538.34961,25522.19922,25533.59961
2026-02-16 05:10:00+00:00,25526.25,25540.09961,25521,25527.30078
2026-02-16 05:15:00+00:00,25518.59961,25536,25516.5,25526.44922
2026-02-16 05:20:00+00:00,25513.59961,25525.69922,25508.80078,25516.75
2026-02-16 05:25:00+00:00,25523.05078,25525.65039,25508.19922,25512.69922
2026-02-16 05:30:00+00:00,25530.90039,25533.44922,25507.15039,25523.55078
2026-02-16 05:35:00+00:00,25531.94922,25537.09961,25525.84961,25530.90039
2026-02-16 05:40:00+00:00,25534.55078,25534.69922,25523.94922,25531.65039
2026-02-16 05:45:00+00:00,25533.84961,25540.69922,25527.30078,25533.84961
2026-02-16 05:50:00+00:00,25541.40039,25544.55078,25530.69922,25534.65039
2026-02-16 05:55:00+00:00,25517.80078,25547.15039,25511.34961,25541.44922
2026-02-16 06:00:00+00:00,25519.40039,25531.30078,25513.90039,25518.09961
2026-02-16 06:05:00+00:00,25528.19922,25531.40039,25513.59961,25520.65039
2026-02-16 06:10:00+00:00,25523.65039,25531.55078,25518.90039,25528.5
2026-02-16 06:15:00+00:00,25515.59961,25522.5,25503.05078,25521.05078
2026-02-16 06:20:00+00:00,25509.09961,25517.40039,25506.80078,25515.09961
2026-02-16 06:25:00+00:00,25529.09961,25529.65039,25507.65039,25509
2026-02-16 06:30:00+00:00,25535.59961,25538.75,25528.84961,25529.09961
2026-02-16 06:35:00+00:00,25539.30078,25542.80078,25531.59961,25535.55078
2026-02-16 06:40:00+00:00,25545.69922,25555.19922,25539.59961,25539.59961
2026-02-16 06:45:00+00:00,25561.25,25565.5,25532.94922,25545.40039
2026-02-16 06:50:00+00:00,25559.80078,25566.44922,25552.05078,25562.5
2026-02-16 06:55:00+00:00,25576.05078,25576.05078,25554.40039,25560.94922
2026-02-16 07:00:00+00:00,25584.30078,25587.80078,25572.15039,25576.40039
2026-02-16 07:05:00+00:00,25574.59961,25590.5,25574.05078,25585.05078
2026-02-16 07:10:00+00:00,25577.80078,25583.90039,25572,25575
2026-02-16 07:15:00+00:00,25554,25582.34961,25553.15039,25578.94922
2026-02-16 07:20:00+00:00,25565.80078,25571.59961,25553.15039,25554.80078
2026-02-16 07:25:00+00:00,25556.84961,25573.65039,25550.65039,25566.69922
2026-02-16 07:30:00+00:00,25570.65039,25580.94922,25555.19922,25556.59961
2026-02-16 07:35:00+00:00,25576.84961,25578,25564.90039,25570.05078
2026-02-16 07:40:00+00:00,25571.34961,25584.84961,25570.90039,25576.19922
2026-02-16 07:45:00+00:00,25567.94922,25575.55078,25564.80078,25571.44922
2026-02-16 07:50:00+00:00,25574.75,25581,25564.34961,25566.75
2026-02-16 07:55:00+00:00,25581.69922,25584,25569,25574.90039
2026-02-16 08:00:00+00:00,25576.25,25584.19922,25566.34961,25582.40039
2026-02-16 08:05:00+00:00,25590.15039,25592.44922,25575.94922,25577.25
2026-02-16 08:10:00+00:00,25590.59961,25593.09961,25583.90039,25590.59961
2026-02-16 08:15:00+00:00,25582.40039,25593.90039,25580.44922,25590.69922
2026-02-16 08:20:00+00:00,25567.30078,25589.90039,25567.30078,25580.84961
2026-02-16 08:25:00+00:00,25566,25569.55078,25544.84961,25567.40039
2026-02-16 08:30:00+00:00,25576.34961,25585.40039,25564.25,25565
2026-02-16 08:35:00+00:00,25562,25580.19922,25560.84961,25577.15039
2026-02-16 08:40:00+00:00,25580.34961,25582.5,25560.5,25563.44922
2026-02-16 08:45:00+00:00,25575.25,25587.5,25574,25581.09961
2026-02-16 08:50:00+00:00,25583.94922,25584.90039,25575.15039,25575.5
2026-02-16 08:55:00+00:00,25620.40039,25623.55078,25582.84961,25583.80078
2026-02-16 09:00:00+00:00,25648.90039,25648.90039,25620.34961,25620.75
2026-02-16 09:05:00+00:00,25636.34961,25654.80078,25634.34961,25647.55078
2026-02-16 09:10:00+00:00,25646.25,25648.69922,25631.55078,25636
2026-02-16 09:15:00+00:00,25665,25668.94922,25639.80078,25645.75
2026-02-16 09:20:00+00:00,25651.34961,25665.90039,25643.90039,25665.30078
2026-02-16 09:25:00+00:00,25663.44922,25666.19922,25647.90039,25651.59961
2026-02-16 09:30:00+00:00,25686.65039,25687.30078,25661.55078,25661.55078
2026-02-16 09:35:00+00:00,25688.65039,25693,25678.5,25684.75
2026-02-16 09:40:00+00:00,25686.75,25695.84961,25682.34961,25687.09961
2026-02-16 09:45:00+00:00,25680.94922,25689,25676.80078,25687.05078
2026-02-16 09:50:00+00:00,25687.59961,25692.75,25675.5,25678.25
2026-02-16 09:55:00+00:00,25682.44922,25691.94922,25673,25689.34961
2026-02-17 03:45:00+00:00,25612.44922,25644.5,25591.69922,25644.5
2026-02-17 03:50:00+00:00,25579.69922,25610.44922,25574.69922,25610.44922
2026-02-17 03:55:00+00:00,25592.80078,25598.40039,25570.69922,25578.84961
2026-02-17 04:00:00+00:00,25612.40039,25616.5,25578.69922,25593.09961
2026-02-17 04:05:00+00:00,25616.59961,25616.65039,25584.05078,25613.84961
2026-02-17 04:10:00+00:00,25642.94922,25644.75,25601.40039,25615.05078
2026-02-17 04:15:00+00:00,25641.55078,25645.65039,25632.40039,25642.19922
2026-02-17 04:20:00+00:00,25662.30078,25664.40039,25633.09961,25641.19922
2026-02-17 04:25:00+00:00,25663.15039,25675.55078,25652.90039,25662
2026-02-17 04:30:00+00:00,25662.25,25667.40039,25651.30078,25662.25
2026-02-17 04:35:00+00:00,25665.44922,25671.84961,25656.94922,25662
2026-02-17 04:40:00+00:00,25679.25,25681.40039,25659.40039,25665.80078
2026-02-17 04:45:00+00:00,25690.69922,25692.15039,25666.15039,25679.40039
2026-02-17 04:50:00+00:00,25694.65039,25697.94922,25687.55078,25690.44922
2026-02-17 04:55:00+00:00,25724.40039,25728.5,25692.05078,25694.59961
2026-02-17 05:00:00+00:00,25710.5,25730.09961,25706.15039,25724.09961
2026-02-17 05:05:00+00:00,25692.80078,25710,25691.94922,25709.94922
2026-02-17 05:10:00+00:00,25661.30078,25697.34961,25657.19922,25692.44922
2026-02-17 05:15:00+00:00,25656.65039,25668.05078,25642.75,25661.59961
2026-02-17 05:20:00+00:00,25656.59961,25658.15039,25649.19922,25657.09961
2026-02-17 05:25:00+00:00,25668.09961,25669.15039,25656.25,25656.55078
2026-02-17 05:30:00+00:00,25666.55078,25672.09961,25658.19922,25667.75
2026-02-17 05:35:00+00:00,25670.59961,25674.94922,25653.65039,25666.80078
2026-02-17 05:40:00+00:00,25673.09961,25674.94922,25661.40039,25671.19922
2026-02-17 05:45:00+00:00,25685.80078,25690.25,25669.5,25673.94922
2026-02-17 05:50:00+00:00,25688,25690.90039,25679.05078,25685.59961
2026-02-17 05:55:00+00:00,25693.59961,25695.55078,25685.40039,25689
2026-02-17 06:00:00+00:00,25721.44922,25723.84961,25687.55078,25693.94922
2026-02-17 06:05:00+00:00,25730.55078,25745.34961,25716.75,25721.19922
2026-02-17 06:10:00+00:00,25722.34961,25732.25,25708.5,25730.65039
2026-02-17 06:15:00+00:00,25738.05078,25741.65039,25722.59961,25722.75
2026-02-17 06:20:00+00:00,25741.59961,25741.80078,25733.05078,25738
2026-02-17 06:25:00+00:00,25729.44922,25741.80078,25725.59961,25741.40039
2026-02-17 06:30:00+00:00,25724,25737.25,25722.15039,25730
2026-02-17 06:35:00+00:00,25726.09961,25732.69922,25722.55078,25723.75
2026-02-17 06:40:00+00:00,25721.69922,25731.44922,25718.80078,25725.94922
2026-02-17 06:45:00+00:00,25742.09961,25744.34961,25721.84961,25722.55078
2026-02-17 06:50:00+00:00,25747.40039,25751,25737.44922,25741.94922
2026-02-17 06:55:00+00:00,25733.65039,25753.55078,25730.44922,25747.34961
2026-02-17 07:00:00+00:00,25735.69922,25740.09961,25728.09961,25733.90039
2026-02-17 07:05:00+00:00,25733.75,25737.55078,25725.34961,25735.5
2026-02-17 07:10:00+00:00,25738.69922,25741.25,25728.55078,25732.80078
2026-02-17 07:15:00+00:00,25741,25742.15039,25736.09961,25738.25
2026-02-17 07:20:00+00:00,25753.94922,25760.59961,25737.09961,25740.59961
2026-02-17 07:25:00+00:00,25733.80078,25755.59961,25732.19922,25752.55078
2026-02-17 07:30:00+00:00,25717.05078,25739.65039,25717.05078,25733.59961
2026-02-17 07:35:00+00:00,25759.44922,25761.44922,25713.90039,25716.25
2026-02-17 07:40:00+00:00,25736.34961,25763.90039,25728.55078,25760.05078
2026-02-17 07:45:00+00:00,25736.09961,25739.65039,25725.75,25736.25
2026-02-17 07:50:00+00:00,25740.40039,25748,25735.05078,25735.05078
2026-02-17 07:55:00+00:00,25740.09961,25742.09961,25735.09961,25740.19922
2026-02-17 08:00:00+00:00,25751.80078,25759.94922,25740.94922,25740.94922
2026-02-17 08:05:00+00:00,25742.25,25761.94922,25738.05078,25752.90039
2026-02-17 08:10:00+00:00,25744.69922,25754.09961,25740.80078,25742.59961
2026-02-17 08:15:00+00:00,25735.15039,25749.80078,25730.90039,25744.80078
2026-02-17 08:20:00+00:00,25731.94922,25741.59961,25726.69922,25735.25
2026-02-17 08:25:00+00:00,25698.84961,25731.69922,25696.75,25731.69922
2026-02-17 08:30:00+00:00,25726.09961,25732.80078,25697.15039,25699.44922
2026-02-17 08:35:00+00:00,25710.5,25734.15039,25710.05078,25728
2026-02-17 08:40:00+00:00,25670.94922,25710.65039,25667.80078,25710.65039
2026-02-17 08:45:00+00:00,25697.19922,25703.90039,25662.59961,25670.69922
2026-02-17 08:50:00+00:00,25698.19922,25705.80078,25693.19922,25696.84961
2026-02-17 08:55:00+00:00,25683.34961,25705.30078,25683.05078,25698.25
2026-02-17 09:00:00+00:00,25696.05078,25697.09961,25675.5,25686.09961
2026-02-17 09:05:00+00:00,25724.25,25726.34961,25691.84961,25695.69922
2026-02-17 09:10:00+00:00,25717.30078,25733.44922,25714.75,25723.19922
2026-02-17 09:15:00+00:00,25708.94922,25719.84961,25704.80078,25717.30078
2026-02-17 09:20:00+00:00,25717.15039,25718.65039,25703.90039,25709.84961
2026-02-17 09:25:00+00:00,25711.90039,25721,25691.15039,25717.84961
2026-02-17 09:30:00+00:00,25709.75,25746.30078,25709.75,25713.09961
2026-02-17 09:35:00+00:00,25741.84961,25743.75,25703,25711.05078
2026-02-17 09:40:00+00:00,25724.84961,25744.34961,25713.80078,25743.90039
2026-02-17 09:45:00+00:00,25720.34961,25729.15039,25714.84961,25725.44922
2026-02-17 09:50:00+00:00,25724.55078,25731.84961,25718.05078,25720.5
2026-02-17 09:55:00+00:00,25716,25728.09961,25713.80078,25725
2026-02-18 03:45:00+00:00,25742.05078,25754.65039,25706.84961,25754.65039
2026-02-18 03:50:00+00:00,25704.5,25742,25704.5,25742
2026-02-18 03:55:00+00:00,25728.5,25738.19922,25699.15039,25705.40039
2026-02-18 04:00:00+00:00,25731.44922,25736.44922,25711.94922,25730.25
2026-02-18 04:05:00+00:00,25737.15039,25745.40039,25725.84961,25731.80078
2026-02-18 04:10:00+00:00,25741.84961,25746.65039,25732.44922,25738.59961
2026-02-18 04:15:00+00:00,25720.44922,25744.44922,25714.05078,25741.84961
2026-02-18 04:20:00+00:00,25702.34961,25724.19922,25699.34961,25722.09961
2026-02-18 04:25:00+00:00,25665.44922,25702,25656.5,25701.84961
2026-02-18 04:30:00+00:00,25666.44922,25669.15039,25651.05078,25666.59961
2026-02-18 04:35:00+00:00,25665.44922,25674.84961,25652.30078,25668.30078
2026-02-18 04:40:00+00:00,25661.94922,25674.55078,25658.5,25666.80078
2026-02-18 04:45:00+00:00,25671.34961,25675,25645.90039,25663.84961
2026-02-18 04:50:00+00:00,25670.30078,25675.59961,25659.84961,25672.65039
2026-02-18 04:55:00+00:00,25665.34961,25671.05078,25646.05078,25670.94922
2026-02-18 05:00:00+00:00,25673,25675.09961,25659.34961,25666.19922
2026-02-18 05:05:00+00:00,25660.75,25684.69922,25660.75,25673.34961
2026-02-18 05:10:00+00:00,25660.75,25667.44922,25654.69922,25662.80078
2026-02-18 05:15:00+00:00,25681.84961,25683.59961,25658.84961,25661.90039
2026-02-18 05:20:00+00:00,25691.65039,25696.80078,25678.59961,25681.55078
2026-02-18 05:25:00+00:00,25703.19922,25708,25688.05078,25692.19922
2026-02-18 05:30:00+00:00,25706.15039,25709,25698.65039,25706
2026-02-18 05:35:00+00:00,25703.84961,25706.65039,25697.19922,25706
2026-02-18 05:40:00+00:00,25700.05078,25705.84961,25689.30078,25703.94922
2026-02-18 05:45:00+00:00,25686.55078,25701.80078,25683.5,25700.69922
2026-02-18 05:50:00+00:00,25688,25697.69922,25685.80078,25688.44922
2026-02-18 05:55:00+00:00,25693.55078,25697.55078,25679.94922,25687.69922
2026-02-18 06:00:00+00:00,25713.65039,25716.55078,25687.59961,25694.90039
2026-02-18 06:05:00+00:00,25698.90039,25716.40039,25695.65039,25711.59961
2026-02-18 06:10:00+00:00,25686.90039,25701.34961,25676.55078,25698.44922
2026-02-18 06:15:00+00:00,25688.65039,25690.55078,25682.65039,25687.5
2026-02-18 06:20:00+00:00,25695.55078,25695.69922,25687.40039,25688.19922
2026-02-18 06:25:00+00:00,25701.05078,25701.90039,25689.94922,25695.5
2026-02-18 06:30:00+00:00,25704.5,25711.59961,25697.15039,25702.40039
2026-02-18 06:35:00+00:00,25713.25,25718.40039,25704.30078,25705.44922
2026-02-18 06:40:00+00:00,25709.84961,25717.40039,25708.69922,25712.44922
2026-02-18 06:45:00+00:00,25713.09961,25721.55078,25710.5,25710.5
2026-02-18 06:50:00+00:00,25720.30078,25723,25711.94922,25714.09961
2026-02-18 06:55:00+00:00,25711.75,25722.94922,25703.65039,25720.40039
2026-02-18 07:00:00+00:00,25722.69922,25726.19922,25709.90039,25713.90039
2026-02-18 07:05:00+00:00,25732.25,25734.40039,25722.44922,25722.44922
2026-02-18 07:10:00+00:00,25726.34961,25732.34961,25718.05078,25732
2026-02-18 07:15:00+00:00,25713.94922,25729.55078,25713.69922,25725.09961
2026-02-18 07:20:00+00:00,25726.80078,25728.5,25711.90039,25715.19922
2026-02-18 07:25:00+00:00,25731.84961,25733.90039,25719.55078,25726.55078
2026-02-18 07:30:00+00:00,25737,25742.05078,25722.15039,25732.19922
2026-02-18 07:35:00+00:00,25731.75,25742.05078,25730.69922,25736.69922
2026-02-18 07:40:00+00:00,25731.5,25733.5,25718.40039,25732.94922
2026-02-18 07:45:00+00:00,25740.84961,25745.59961,25730.94922,25730.94922
2026-02-18 07:50:00+00:00,25744.84961,25753.19922,25739.55078,25741.94922
2026-02-18 07:55:00+00:00,25728.05078,25746.84961,25717.80078,25745.15039
2026-02-18 08:00:00+00:00,25727.55078,25730.5,25722.94922,25727.25
2026-02-18 08:05:00+00:00,25721.34961,25730.94922,25719.84961,25726.19922
2026-02-18 08:10:00+00:00,25724.69922,25729.44922,25718.09961,25721.44922
2026-02-18 08:15:00+00:00,25735.5,25739.19922,25723.30078,25724.59961
2026-02-18 08:20:00+00:00,25700,25746.15039,25699.15039,25735.15039
2026-02-18 08:25:00+00:00,25724.30078,25726.55078,25695.75,25699.19922
2026-02-18 08:30:00+00:00,25725.44922,25728.19922,25719.94922,25724.44922
2026-02-18 08:35:00+00:00,25735.44922,25735.44922,25725.25,25726.55078
2026-02-18 08:40:00+00:00,25756.80078,25757.34961,25733.05078,25735.05078
2026-02-18 08:45:00+00:00,25771.59961,25771.69922,25750.59961,25756.94922
2026-02-18 08:50:00+00:00,25790.55078,25791.25,25770.69922,25771.65039
2026-02-18 08:55:00+00:00,25785.19922,25792.44922,25778.94922,25789.90039
2026-02-18 09:00:00+00:00,25779.09961,25789.90039,25774.69922,25784.19922
2026-02-18 09:05:00+00:00,25781,25793.05078,25778.25,25778.80078
2026-02-18 09:10:00+00:00,25779.80078,25784.55078,25774.30078,25780.59961
2026-02-18 09:15:00+00:00,25781.44922,25781.94922,25768.44922,25779.65039
2026-02-18 09:20:00+00:00,25787.44922,25790.55078,25778.30078,25781.84961
2026-02-18 09:25:00+00:00,25792.15039,25796.05078,25786.94922,25786.94922
2026-02-18 09:30:00+00:00,25814.55078,25826.75,25794.75,25794.75
2026-02-18 09:35:00+00:00,25825.69922,25825.69922,25807.94922,25813.65039
2026-02-18 09:40:00+00:00,25821.94922,25827.15039,25818.5,25823.90039
2026-02-18 09:45:00+00:00,25818.30078,25827.44922,25817.09961,25820.05078
2026-02-18 09:50:00+00:00,25817.30078,25822.40039,25814.09961,25816.84961
2026-02-18 09:55:00+00:00,25805.69922,25818.94922,25805.05078,25815.44922
2026-02-19 03:45:00+00:00,25853.90039,25879.59961,25837.09961,25866.30078
2026-02-19 03:50:00+00:00,25850.19922,25877.34961,25849.80078,25853.65039
2026-02-19 03:55:00+00:00,25817.65039,25851.90039,25811.80078,25850.25
2026-02-19 04:00:00+00:00,25804.30078,25821.15039,25803.80078,25817.75
2026-02-19 04:05:00+00:00,25790.65039,25821.19922,25780.25,25805.05078
2026-02-19 04:10:00+00:00,25779.90039,25792.05078,25776.80078,25790.75
2026-02-19 04:15:00+00:00,25809.25,25812.94922,25773.90039,25780.94922
2026-02-19 04:20:00+00:00,25782.65039,25810.55078,25782.65039,25808.30078
2026-02-19 04:25:00+00:00,25772.84961,25789.09961,25769.84961,25783.59961
2026-02-19 04:30:00+00:00,25786.55078,25786.55078,25763.40039,25772.55078
2026-02-19 04:35:00+00:00,25779.59961,25793.90039,25776.05078,25785.84961
2026-02-19 04:40:00+00:00,25756.44922,25783.30078,25750.69922,25778.65039
2026-02-19 04:45:00+00:00,25756.84961,25765.84961,25747.44922,25757.75
2026-02-19 04:50:00+00:00,25754.05078,25761.75,25742.09961,25757.30078
2026-02-19 04:55:00+00:00,25746.69922,25754.94922,25733.65039,25752.80078
2026-02-19 05:00:00+00:00,25739.5,25752.40039,25736.80078,25746.75
2026-02-19 05:05:00+00:00,25716.40039,25743.19922,25714.09961,25739.94922
2026-02-19 05:10:00+00:00,25735.05078,25739.5,25708.75,25716.59961
2026-02-19 05:15:00+00:00,25723.15039,25736.75,25718.05078,25735.19922
2026-02-19 05:20:00+00:00,25733.65039,25737,25718.25,25722.94922
2026-02-19 05:25:00+00:00,25734.84961,25740.5,25719.94922,25732.75
2026-02-19 05:30:00+00:00,25734.90039,25746,25726.15039,25734.75
2026-02-19 05:35:00+00:00,25726.94922,25745.05078,25726.25,25734.80078
2026-02-19 05:40:00+00:00,25715.80078,25736.84961,25713.84961,25727.30078
2026-02-19 05:45:00+00:00,25705.65039,25720.69922,25703.84961,25715.30078
2026-02-19 05:50:00+00:00,25683.25,25709.75,25679.84961,25705.15039
2026-02-19 05:55:00+00:00,25688.65039,25692.44922,25681.15039,25682.40039
2026-02-19 06:00:00+00:00,25686.94922,25693.09961,25683.44922,25687.69922
2026-02-19 06:05:00+00:00,25684.59961,25688.94922,25671.90039,25686.44922
2026-02-19 06:10:00+00:00,25678.90039,25685.65039,25667.94922,25683.65039
2026-02-19 06:15:00+00:00,25664.44922,25680.05078,25658.84961,25679.34961
2026-02-19 06:20:00+00:00,25658.65039,25664.65039,25652.69922,25664.5
2026-02-19 06:25:00+00:00,25658.69922,25663.94922,25650.84961,25657.19922
2026-02-19 06:30:00+00:00,25652.09961,25661.59961,25642.05078,25658.65039
2026-02-19 06:35:00+00:00,25637.75,25655.84961,25637.09961,25652.94922
2026-02-19 06:40:00+00:00,25603.5,25636.55078,25601,25636.55078
2026-02-19 06:45:00+00:00,25611.40039,25615.69922,25586.84961,25602.84961
2026-02-19 06:50:00+00:00,25633.34961,25639.69922,25607.55078,25611.80078
2026-02-19 06:55:00+00:00,25626,25634.90039,25614.05078,25631.90039
2026-02-19 07:00:00+00:00,25614,25630.69922,25608.59961,25625.40039
2026-02-19 07:05:00+00:00,25593.80078,25621.40039,25591.84961,25613.75
2026-02-19 07:10:00+00:00,25582.55078,25602.55078,25569.44922,25594.19922
2026-02-19 07:15:00+00:00,25584.05078,25585.55078,25568.19922,25580.69922
2026-02-19 07:20:00+00:00,25592.19922,25613.40039,25580.05078,25584.44922
2026-02-19 07:25:00+00:00,25597.5,25602.40039,25590,25593.34961
2026-02-19 07:30:00+00:00,25598.44922,25599.94922,25586.25,25598.40039
2026-02-19 07:35:00+00:00,25628,25629.80078,25597.5,25597.75
2026-02-19 07:40:00+00:00,25624.55078,25631.40039,25618.5,25628.75
2026-02-19 07:45:00+00:00,25607,25624.55078,25598.5,25623.84961
2026-02-19 07:50:00+00:00,25630.75,25634.30078,25604.55078,25606.75
2026-02-19 07:55:00+00:00,25619.69922,25636.25,25604.69922,25630.59961
2026-02-19 08:00:00+00:00,25591.30078,25620.55078,25575.84961,25617.94922
2026-02-19 08:05:00+00:00,25600.94922,25606.80078,25578.65039,25591.05078
2026-02-19 08:10:00+00:00,25600.55078,25608.90039,25594.5,25600.55078
2026-02-19 08:15:00+00:00,25587.30078,25605.69922,25584,25600.5
2026-02-19 08:20:00+00:00,25579.94922,25591.25,25565.30078,25587.59961
2026-02-19 08:25:00+00:00,25562.44922,25582.69922,25561.84961,25581.90039
2026-02-19 08:30:00+00:00,25552.5,25569.19922,25549.84961,25562.84961
2026-02-19 08:35:00+00:00,25566.65039,25568.40039,25545.5,25552.55078
2026-02-19 08:40:00+00:00,25571.40039,25577.44922,25559.90039,25566.09961
2026-02-19 08:45:00+00:00,25598.59961,25601.69922,25568.30078,25570.90039
2026-02-19 08:50:00+00:00,25580.94922,25609.94922,25571.15039,25599.75
2026-02-19 08:55:00+00:00,25547.09961,25580.44922,25545.34961,25579.65039
2026-02-19 09:00:00+00:00,25564.55078,25572.05078,25545.84961,25545.84961
2026-02-19 09:05:00+00:00,25567.90039,25575.55078,25561.15039,25564.05078
2026-02-19 09:10:00+00:00,25518.25,25573.15039,25518.25,25568.15039
2026-02-19 09:15:00+00:00,25515.90039,25522.19922,25488.19922,25517.94922
2026-02-19 09:20:00+00:00,25522.69922,25525.59961,25512.19922,25513.84961
2026-02-19 09:25:00+00:00,25523.34961,25535.40039,25511.09961,25520.55078
2026-02-19 09:30:00+00:00,25504.65039,25521.75,25467.25,25521.75
2026-02-19 09:35:00+00:00,25489.40039,25512.30078,25448.90039,25504.40039
2026-02-19 09:40:00+00:00,25447.59961,25498.94922,25442,25488.05078
2026-02-19 09:45:00+00:00,25410.15039,25447.55078,25407.94922,25447.55078
2026-02-19 09:50:00+00:00,25404.44922,25412.94922,25390.5,25410.30078
2026-02-19 09:55:00+00:00,25416.44922,25419.30078,25390.55078,25403.44922
2026-02-20 03:45:00+00:00,25452.90039,25485.5,25386.75,25406.34961
2026-02-20 03:50:00+00:00,25431.55078,25479.44922,25431.55078,25453.25
2026-02-20 03:55:00+00:00,25382.09961,25432,25380.34961,25432
2026-02-20 04:00:00+00:00,25466.34961,25468.84961,25381.75,25381.75
2026-02-20 04:05:00+00:00,25469.15039,25479.40039,25456.69922,25466.59961
2026-02-20 04:10:00+00:00,25482.30078,25486.59961,25450.34961,25469.44922
2026-02-20 04:15:00+00:00,25507.90039,25514.75,25480.59961,25481.65039
2026-02-20 04:20:00+00:00,25504.05078,25523.84961,25496.59961,25508.05078
2026-02-20 04:25:00+00:00,25520.80078,25524.69922,25498.55078,25503.90039
2026-02-20 04:30:00+00:00,25496.34961,25523.44922,25491.94922,25520.25
2026-02-20 04:35:00+00:00,25475.09961,25512.59961,25468.94922,25497.44922
2026-02-20 04:40:00+00:00,25480.44922,25501.80078,25474.30078,25475.40039
2026-02-20 04:45:00+00:00,25538.05078,25543,25479.90039,25479.90039
2026-02-20 04:50:00+00:00,25544.84961,25554.65039,25531.5,25538.55078
2026-02-20 04:55:00+00:00,25550.80078,25572.5,25543.75,25543.75
2026-02-20 05:00:00+00:00,25570.84961,25577.75,25550.94922,25550.94922
2026-02-20 05:05:00+00:00,25578.40039,25578.40039,25564.15039,25570.5
2026-02-20 05:10:00+00:00,25596.65039,25602.80078,25576.30078,25576.65039
2026-02-20 05:15:00+00:00,25588.75,25606,25581.94922,25595.59961
2026-02-20 05:20:00+00:00,25587.94922,25593.94922,25577.05078,25588.84961
2026-02-20 05:25:00+00:00,25584.19922,25593.84961,25574.05078,25588.30078
2026-02-20 05:30:00+00:00,25579.19922,25590.30078,25569.30078,25584.84961
2026-02-20 05:35:00+00:00,25571,25586.34961,25564.84961,25579.55078
2026-02-20 05:40:00+00:00,25561.84961,25583.90039,25560.75,25570.40039
2026-02-20 05:45:00+00:00,25577.80078,25582.94922,25563.34961,25563.34961
2026-02-20 05:50:00+00:00,25568.84961,25583.19922,25562.15039,25577.65039
2026-02-20 05:55:00+00:00,25585.5,25597.05078,25563.40039,25568.40039
2026-02-20 06:00:00+00:00,25593.90039,25602.59961,25580.25,25585.5
2026-02-20 06:05:00+00:00,25599.65039,25605.19922,25586.05078,25593.25
2026-02-20 06:10:00+00:00,25600.84961,25606.65039,25595.44922,25599.75
2026-02-20 06:15:00+00:00,25592.40039,25620.05078,25586.94922,25600.25
2026-02-20 06:20:00+00:00,25583.84961,25600.84961,25582.65039,25592.30078
2026-02-20 06:25:00+00:00,25598.15039,25610.75,25581.09961,25583.59961
2026-02-20 06:30:00+00:00,25587.30078,25602.05078,25580.55078,25597.80078
2026-02-20 06:35:00+00:00,25592.80078,25594.05078,25582.80078,25586.75
2026-02-20 06:40:00+00:00,25603.09961,25604.5,25591.19922,25592.44922
2026-02-20 06:45:00+00:00,25634.90039,25639.59961,25602.09961,25602.44922
2026-02-20 06:50:00+00:00,25648.09961,25651.19922,25635.19922,25635.19922
2026-02-20 06:55:00+00:00,25653.44922,25663.34961,25646.65039,25648.05078
2026-02-20 07:00:00+00:00,25643,25658.34961,25640.59961,25652.94922
2026-02-20 07:05:00+00:00,25632.75,25649.19922,25632,25643.34961
2026-02-20 07:10:00+00:00,25606.80078,25636.94922,25604.94922,25633.34961
2026-02-20 07:15:00+00:00,25608.55078,25623.84961,25588.44922,25605.94922
2026-02-20 07:20:00+00:00,25612.25,25613.69922,25600.65039,25607.55078
2026-02-20 07:25:00+00:00,25594.59961,25613.19922,25573.30078,25612.09961
2026-02-20 07:30:00+00:00,25587.90039,25609.75,25585.5,25594.25
2026-02-20 07:35:00+00:00,25561.94922,25588.90039,25560.80078,25588.25
2026-02-20 07:40:00+00:00,25554.59961,25566.30078,25535.75,25562.34961
2026-02-20 07:45:00+00:00,25546.30078,25559.15039,25538.90039,25554.5
2026-02-20 07:50:00+00:00,25549.84961,25551.44922,25532,25545.65039
2026-02-20 07:55:00+00:00,25568.5,25573.30078,25540.30078,25549.19922
2026-02-20 08:00:00+00:00,25593.5,25593.5,25565.65039,25567.5
2026-02-20 08:05:00+00:00,25573.19922,25609.59961,25568.69922,25593.5
2026-02-20 08:10:00+00:00,25573,25580.09961,25556,25574.75
2026-02-20 08:15:00+00:00,25580.90039,25587.40039,25568.75,25572.84961
2026-02-20 08:20:00+00:00,25565.19922,25583.25,25565.15039,25580.90039
2026-02-20 08:25:00+00:00,25601.15039,25602.90039,25561.40039,25564.90039
2026-02-20 08:30:00+00:00,25593,25611.80078,25593,25600.75
2026-02-20 08:35:00+00:00,25596.15039,25601.84961,25577.44922,25592.19922
2026-02-20 08:40:00+00:00,25602.15039,25602.15039,25591.80078,25595.84961
2026-02-20 08:45:00+00:00,25630.55078,25632.80078,25601.65039,25601.65039
2026-02-20 08:50:00+00:00,25604.55078,25634.15039,25602.5,25630.5
2026-02-20 08:55:00+00:00,25591.09961,25607.30078,25587.05078,25604.34961
2026-02-20 09:00:00+00:00,25600.75,25604.84961,25585.90039,25592
2026-02-20 09:05:00+00:00,25607.75,25617.44922,25595.75,25600.69922
2026-02-20 09:10:00+00:00,25625.55078,25637.59961,25607.05078,25607.5
2026-02-20 09:15:00+00:00,25649.84961,25652.84961,25625.94922,25625.94922
2026-02-20 09:20:00+00:00,25632.55078,25650.59961,25614.59961,25649.94922
2026-02-20 09:25:00+00:00,25642.80078,25642.80078,25629.15039,25632.09961
2026-02-20 09:30:00+00:00,25598,25649.65039,25595.30078,25646.90039
2026-02-20 09:35:00+00:00,25574.19922,25598.80078,25570.34961,25597.05078
2026-02-20 09:40:00+00:00,25571.94922,25576.05078,25563,25573.69922
2026-02-20 09:45:00+00:00,25554.44922,25572.59961,25552.30078,25570.84961
2026-02-20 09:50:00+00:00,25567,25568.34961,25538.90039,25553
2026-02-20 09:55:00+00:00,25565.90039,25577.44922,25551.65039,25566.30078
2026-02-23 03:45:00+00:00,25698.34961,25706.65039,25627.15039,25678.40039
2026-02-23 03:50:00+00:00,25737.34961,25740.65039,25697.05078,25697.40039
2026-02-23 03:55:00+00:00,25760,25766.44922,25732.55078,25736.30078
2026-02-23 04:00:00+00:00,25740.5,25770.69922,25736.90039,25759.05078
2026-02-23 04:05:00+00:00,25728.69922,25768.25,25728.5,25740.40039
2026-02-23 04:10:00+00:00,25730.25,25740.5,25718.59961,25728.69922
2026-02-23 04:15:00+00:00,25741.40039,25749,25727.15039,25730.25
2026-02-23 04:20:00+00:00,25716.80078,25746.65039,25711.09961,25740.59961
2026-02-23 04:25:00+00:00,25729.19922,25743.94922,25711.94922,25717.90039
2026-02-23 04:30:00+00:00,25729.55078,25735.5,25721.05078,25728.65039
2026-02-23 04:35:00+00:00,25727.69922,25737.44922,25717.94922,25729.55078
2026-02-23 04:40:00+00:00,25717.84961,25731.25,25705.15039,25727.19922
2026-02-23 04:45:00+00:00,25728.5,25733.69922,25712.84961,25717.34961
2026-02-23 04:50:00+00:00,25725.5,25733,25719.65039,25727.90039
2026-02-23 04:55:00+00:00,25705.55078,25726.30078,25695.94922,25726.30078
2026-02-23 05:00:00+00:00,25700.19922,25709.65039,25693.55078,25706.44922
2026-02-23 05:05:00+00:00,25689.55078,25706.34961,25684.15039,25700.09961
2026-02-23 05:10:00+00:00,25656.80078,25690.5,25655.15039,25689.59961
2026-02-23 05:15:00+00:00,25653.30078,25664.19922,25646.59961,25656.94922
2026-02-23 05:20:00+00:00,25671.90039,25677.69922,25653.15039,25653.65039
2026-02-23 05:25:00+00:00,25667.90039,25676.94922,25665,25671.80078
2026-02-23 05:30:00+00:00,25683.59961,25692,25666.75,25667.84961
2026-02-23 05:35:00+00:00,25679.40039,25684.05078,25652.30078,25683.15039
2026-02-23 05:40:00+00:00,25696.55078,25697.94922,25674.40039,25680.5
2026-02-23 05:45:00+00:00,25673.44922,25699.19922,25673.44922,25696.09961
2026-02-23 05:50:00+00:00,25663.25,25678.40039,25660.19922,25673.44922
2026-02-23 05:55:00+00:00,25661.94922,25666,25652.5,25663.19922
2026-02-23 06:00:00+00:00,25655.19922,25662.40039,25654.84961,25662
2026-02-23 06:05:00+00:00,25668.34961,25670.84961,25651.84961,25655.05078
2026-02-23 06:10:00+00:00,25667.84961,25671.19922,25662.15039,25668.59961
2026-02-23 06:15:00+00:00,25648.30078,25671.19922,25634.94922,25667.65039
2026-02-23 06:20:00+00:00,25658.90039,25664.75,25631.65039,25648.69922
2026-02-23 06:25:00+00:00,25648.94922,25666.44922,25648.59961,25658.80078
2026-02-23 06:30:00+00:00,25660.55078,25664.40039,25646.05078,25649.44922
2026-02-23 06:35:00+00:00,25664.69922,25673.34961,25657.05078,25660.5
2026-02-23 06:40:00+00:00,25662,25673.30078,25651.55078,25664.75
2026-02-23 06:45:00+00:00,25670.44922,25682.94922,25660.19922,25661.59961
2026-02-23 06:50:00+00:00,25654.84961,25673.5,25653.15039,25669.94922
2026-02-23 06:55:00+00:00,25651.34961,25658.94922,25647.65039,25654.75
2026-02-23 07:00:00+00:00,25654.09961,25655.55078,25636.40039,25651.90039
2026-02-23 07:05:00+00:00,25661.84961,25664.09961,25653.19922,25653.84961
2026-02-23 07:10:00+00:00,25684.84961,25684.84961,25660.15039,25660.75
2026-02-23 07:15:00+00:00,25663.15039,25690.84961,25661.75,25685
2026-02-23 07:20:00+00:00,25655.90039,25668.94922,25643.55078,25662.69922
2026-02-23 07:25:00+00:00,25638.34961,25657.65039,25636.75,25655.75
2026-02-23 07:30:00+00:00,25638.25,25643.15039,25631.55078,25638.05078
2026-02-23 07:35:00+00:00,25649.94922,25654.90039,25639,25639.5
2026-02-23 07:40:00+00:00,25637.5,25657.59961,25636.15039,25649.09961
2026-02-23 07:45:00+00:00,25645.19922,25653.25,25627.69922,25636.69922
2026-02-23 07:50:00+00:00,25655.05078,25659,25644.05078,25644.84961
2026-02-23 07:55:00+00:00,25667.40039,25668.44922,25652.65039,25655.09961
2026-02-23 08:00:00+00:00,25646.90039,25680.30078,25646.44922,25667.44922
2026-02-23 08:05:00+00:00,25643.84961,25652.59961,25640.25,25648.05078
2026-02-23 08:10:00+00:00,25663.40039,25666.75,25632.34961,25647.15039
2026-02-23 08:15:00+00:00,25652.19922,25669.40039,25652.19922,25663.09961
2026-02-23 08:20:00+00:00,25652.55078,25660.69922,25650.75,25653
2026-02-23 08:25:00+00:00,25637.94922,25656.34961,25637.94922,25652.75
2026-02-23 08:30:00+00:00,25623.75,25643,25609.34961,25638.40039
2026-02-23 08:35:00+00:00,25626.90039,25638.30078,25618.5,25623.65039
2026-02-23 08:40:00+00:00,25629.84961,25633.30078,25615,25627.25
2026-02-23 08:45:00+00:00,25643.65039,25644.34961,25619.75,25630.69922
2026-02-23 08:50:00+00:00,25648.40039,25651.34961,25638.5,25643.55078
2026-02-23 08:55:00+00:00,25673.44922,25673.94922,25641.44922,25648
2026-02-23 09:00:00+00:00,25693.59961,25709.44922,25673.34961,25673.65039
2026-02-23 09:05:00+00:00,25680.5,25702.75,25676.55078,25694.30078
2026-02-23 09:10:00+00:00,25670.94922,25684.19922,25661.75,25680.05078
2026-02-23 09:15:00+00:00,25698.55078,25699.75,25668.09961,25670.05078
2026-02-23 09:20:00+00:00,25678.84961,25699.84961,25672.80078,25697.94922
2026-02-23 09:25:00+00:00,25673,25683.55078,25669.59961,25679.15039
2026-02-23 09:30:00+00:00,25717.19922,25724.30078,25674.15039,25674.15039
2026-02-23 09:35:00+00:00,25710.59961,25728.94922,25708.90039,25718.25
2026-02-23 09:40:00+00:00,25710.75,25717.94922,25705.69922,25710.19922
2026-02-23 09:45:00+00:00,25716.15039,25722.40039,25709.19922,25712.09961
2026-02-23 09:50:00+00:00,25717.30078,25719.25,25705.5,25716.25
2026-02-23 09:55:00+00:00,25704.25,25722.5,25700,25719.30078
2026-02-24 03:45:00+00:00,25571.44922,25641.80078,25570.84961,25641.80078
2026-02-24 03:50:00+00:00,25560,25581.40039,25549.55078,25571.25
2026-02-24 03:55:00+00:00,25548.65039,25570.5,25547.94922,25559.40039
2026-02-24 04:00:00+00:00,25513.90039,25549.75,25509.19922,25548.59961
2026-02-24 04:05:00+00:00,25508.15039,25528.44922,25506.84961,25512.80078
2026-02-24 04:10:00+00:00,25499.44922,25514.55078,25483.59961,25507.65039
2026-02-24 04:15:00+00:00,25525.34961,25535.59961,25497.34961,25500.30078
2026-02-24 04:20:00+00:00,25511.59961,25526.30078,25494.94922,25525.25
2026-02-24 04:25:00+00:00,25516.34961,25520.40039,25510.09961,25511.65039
2026-02-24 04:30:00+00:00,25514.05078,25525.30078,25506.84961,25516.5
2026-02-24 04:35:00+00:00,25516.25,25532.65039,25513,25513.25
2026-02-24 04:40:00+00:00,25484.69922,25517.55078,25483.80078,25515.69922
2026-02-24 04:45:00+00:00,25500.30078,25501.44922,25475.19922,25484
2026-02-24 04:50:00+00:00,25488.5,25515,25487.30078,25500.5
2026-02-24 04:55:00+00:00,25495.5,25499.80078,25486.59961,25487.84961
2026-02-24 05:00:00+00:00,25500.69922,25510.34961,25493.55078,25495.09961
2026-02-24 05:05:00+00:00,25504,25508.25,25499.44922,25499.65039
2026-02-24 05:10:00+00:00,25498.09961,25513.25,25492.5,25503.84961
2026-02-24 05:15:00+00:00,25472.44922,25499.65039,25472.44922,25497.90039
2026-02-24 05:20:00+00:00,25465.34961,25481.15039,25460.84961,25472.05078
2026-02-24 05:25:00+00:00,25471.5,25476.30078,25462.40039,25465.65039
2026-02-24 05:30:00+00:00,25484.65039,25487.84961,25470.34961,25470.34961
2026-02-24 05:35:00+00:00,25495.55078,25501.09961,25480.40039,25484.55078
2026-02-24 05:40:00+00:00,25505.84961,25512.5,25494.44922,25495.5
2026-02-24 05:45:00+00:00,25508.65039,25512.05078,25497.09961,25505.69922
2026-02-24 05:50:00+00:00,25504.44922,25519.15039,25503.55078,25508.15039
2026-02-24 05:55:00+00:00,25518.15039,25519.34961,25503.65039,25504.30078
2026-02-24 06:00:00+00:00,25506.55078,25520.69922,25501.55078,25517.09961
2026-02-24 06:05:00+00:00,25522.19922,25524.5,25503.84961,25506.55078
2026-02-24 06:10:00+00:00,25501.55078,25525.19922,25500.59961,25523.34961
2026-02-24 06:15:00+00:00,25499.19922,25503.44922,25489.09961,25500.59961
2026-02-24 06:20:00+00:00,25488.84961,25498.75,25488.55078,25498.15039
2026-02-24 06:25:00+00:00,25472.55078,25493.40039,25471.69922,25488.09961
2026-02-24 06:30:00+00:00,25463.25,25474.25,25456.40039,25472.05078
2026-02-24 06:35:00+00:00,25458.40039,25476.15039,25456.69922,25462.75
2026-02-24 06:40:00+00:00,25466.05078,25470.55078,25447.15039,25458.40039
2026-02-24 06:45:00+00:00,25446.30078,25466.94922,25442.05078,25464.5
2026-02-24 06:50:00+00:00,25421.05078,25448.84961,25419.05078,25445.05078
2026-02-24 06:55:00+00:00,25429.25,25434.05078,25417.09961,25420.90039
2026-02-24 07:00:00+00:00,25428.80078,25433.09961,25421.40039,25429.30078
2026-02-24 07:05:00+00:00,25427.5,25439.80078,25426.5,25428.15039
2026-02-24 07:10:00+00:00,25418.05078,25432.30078,25417.40039,25428.5
2026-02-24 07:15:00+00:00,25392.55078,25420.80078,25387.75,25417.30078
2026-02-24 07:20:00+00:00,25401.69922,25401.69922,25387.44922,25392.80078
2026-02-24 07:25:00+00:00,25404.69922,25408.25,25395.69922,25401.34961
2026-02-24 07:30:00+00:00,25421.90039,25425,25396.5,25405.05078
2026-02-24 07:35:00+00:00,25418.55078,25422.59961,25411.09961,25421.65039
2026-02-24 07:40:00+00:00,25424.59961,25433.25,25415.25,25418.80078
2026-02-24 07:45:00+00:00,25422.59961,25425.75,25410.15039,25424.59961
2026-02-24 07:50:00+00:00,25398.94922,25424,25398.19922,25421.84961
2026-02-24 07:55:00+00:00,25378.65039,25408.05078,25378.65039,25397.75
2026-02-24 08:00:00+00:00,25339.84961,25380.19922,25336.59961,25378.94922
2026-02-24 08:05:00+00:00,25377.84961,25380.15039,25328,25339.84961
2026-02-24 08:10:00+00:00,25365.44922,25379.19922,25358.65039,25377.65039
2026-02-24 08:15:00+00:00,25363.94922,25374.80078,25359.40039,25365.90039
2026-02-24 08:20:00+00:00,25374.65039,25375.65039,25359.30078,25363.05078
2026-02-24 08:25:00+00:00,25411.94922,25416.15039,25373.90039,25373.90039
2026-02-24 08:30:00+00:00,25388.75,25414.5,25384.5,25412.09961
2026-02-24 08:35:00+00:00,25409.90039,25411.5,25382.05078,25388.34961
2026-02-24 08:40:00+00:00,25440.5,25443.55078,25407.25,25409.25
2026-02-24 08:45:00+00:00,25434.19922,25446.09961,25418,25440.05078
2026-02-24 08:50:00+00:00,25405.09961,25436.55078,25391.90039,25434.75
2026-02-24 08:55:00+00:00,25408.84961,25421.5,25403,25406.44922
2026-02-24 09:00:00+00:00,25397.30078,25413.59961,25389.80078,25407.94922
2026-02-24 09:05:00+00:00,25417,25425.19922,25395.09961,25395.55078
2026-02-24 09:10:00+00:00,25381.25,25423.5,25381.25,25417.40039
2026-02-24 09:15:00+00:00,25396.05078,25403.34961,25361.90039,25380.44922
2026-02-24 09:20:00+00:00,25412.80078,25423.30078,25395.40039,25395.40039
2026-02-24 09:25:00+00:00,25424.84961,25427.75,25411.5,25412.65039
2026-02-24 09:30:00+00:00,25406.84961,25443.59961,25406.34961,25425.05078
2026-02-24 09:35:00+00:00,25413.75,25422.40039,25401.15039,25406.90039
2026-02-24 09:40:00+00:00,25421.19922,25426.09961,25409.19922,25413.09961
2026-02-24 09:45:00+00:00,25435.55078,25436.44922,25416.65039,25422.19922
2026-02-24 09:50:00+00:00,25441.09961,25441.5,25429.44922,25435.90039
2026-02-24 09:55:00+00:00,25460.25,25464.55078,25435.75,25442.34961
2026-02-25 03:45:00+00:00,25561.80078,25573.90039,25512.90039,25515.05078
2026-02-25 03:50:00+00:00,25568.5,25575.15039,25552.84961,25562.19922
2026-02-25 03:55:00+00:00,25582.90039,25594.90039,25567.15039,25568.80078
2026-02-25 04:00:00+00:00,25579.05078,25585.90039,25559.09961,25584.84961
2026-02-25 04:05:00+00:00,25569.19922,25587.80078,25568.55078,25578.80078
2026-02-25 04:10:00+00:00,25561.75,25585,25560.75,25570.44922
2026-02-25 04:15:00+00:00,25575.94922,25587.40039,25560.5,25561.65039
2026-02-25 04:20:00+00:00,25574,25587.34961,25559.15039,25576.75
2026-02-25 04:25:00+00:00,25600.59961,25603.25,25572.90039,25573.19922
2026-02-25 04:30:00+00:00,25618.19922,25622.44922,25594.80078,25600.84961
2026-02-25 04:35:00+00:00,25629.84961,25631.30078,25617.5,25617.5
2026-02-25 04:40:00+00:00,25631.75,25632.90039,25618.90039,25628.75
2026-02-25 04:45:00+00:00,25639.40039,25652.5,25631.59961,25631.59961
2026-02-25 04:50:00+00:00,25630.90039,25639.90039,25629.94922,25638.90039
2026-02-25 04:55:00+00:00,25635.19922,25639.65039,25630.69922,25630.69922
2026-02-25 05:00:00+00:00,25643.30078,25645.05078,25633.5,25635
2026-02-25 05:05:00+00:00,25634.05078,25649.65039,25626.19922,25643.65039
2026-02-25 05:10:00+00:00,25619.90039,25635.5,25618.90039,25634.15039
2026-02-25 05:15:00+00:00,25616.59961,25625.40039,25607.5,25619.05078
2026-02-25 05:20:00+00:00,25620.15039,25628.15039,25613.40039,25616.65039
2026-02-25 05:25:00+00:00,25612.34961,25624.05078,25611.44922,25621.09961
2026-02-25 05:30:00+00:00,25615.05078,25626.75,25613.19922,25614.09961
2026-02-25 05:35:00+00:00,25621.05078,25630.80078,25614.15039,25616.34961
2026-02-25 05:40:00+00:00,25616,25630.05078,25608.55078,25621.19922
2026-02-25 05:45:00+00:00,25607.09961,25620,25602.30078,25615.5
2026-02-25 05:50:00+00:00,25608.59961,25611.40039,25597.59961,25608.09961
2026-02-25 05:55:00+00:00,25613.30078,25617.5,25606.80078,25607.84961
2026-02-25 06:00:00+00:00,25602.15039,25614.65039,25599.94922,25613.30078
2026-02-25 06:05:00+00:00,25605.15039,25609.90039,25601.94922,25603.19922
2026-02-25 06:10:00+00:00,25588,25606.09961,25581.05078,25604.75
2026-02-25 06:15:00+00:00,25617.65039,25619,25589.84961,25589.84961
2026-02-25 06:20:00+00:00,25607.44922,25622.19922,25606.75,25618.25
2026-02-25 06:25:00+00:00,25595.09961,25609.19922,25586.30078,25608.65039
2026-02-25 06:30:00+00:00,25611.44922,25611.44922,25592.65039,25592.65039
2026-02-25 06:35:00+00:00,25606.5,25614.25,25598.44922,25610.19922
2026-02-25 06:40:00+00:00,25600.19922,25609.09961,25591.90039,25606.05078
2026-02-25 06:45:00+00:00,25606.75,25615.5,25599.69922,25599.69922
2026-02-25 06:50:00+00:00,25599.44922,25609.65039,25588.65039,25608.5
2026-02-25 06:55:00+00:00,25592.5,25599.84961,25588.55078,25599.5
2026-02-25 07:00:00+00:00,25536.19922,25596.75,25534.75,25591.94922
2026-02-25 07:05:00+00:00,25528.59961,25537.84961,25504.94922,25535.44922
2026-02-25 07:10:00+00:00,25504.30078,25530.25,25503.05078,25528.84961
2026-02-25 07:15:00+00:00,25467.84961,25505.15039,25467.84961,25504.5
2026-02-25 07:20:00+00:00,25480.09961,25490.84961,25461.90039,25464.25
2026-02-25 07:25:00+00:00,25472.19922,25491.44922,25465.59961,25479
2026-02-25 07:30:00+00:00,25462.05078,25472.44922,25440.30078,25471.65039
2026-02-25 07:35:00+00:00,25463.15039,25469.90039,25444.90039,25461.19922
2026-02-25 07:40:00+00:00,25462.59961,25476.5,25461.40039,25463.80078
2026-02-25 07:45:00+00:00,25478.5,25479.44922,25457.69922,25462.40039
2026-02-25 07:50:00+00:00,25456.34961,25485.19922,25455,25478.44922
2026-02-25 07:55:00+00:00,25460.30078,25461.15039,25428.40039,25455.69922
2026-02-25 08:00:00+00:00,25461.25,25480.94922,25460.09961,25460.09961
2026-02-25 08:05:00+00:00,25466.40039,25479.25,25460.09961,25461.30078
2026-02-25 08:10:00+00:00,25462.05078,25469.40039,25461.75,25467.30078
2026-02-25 08:15:00+00:00,25467.40039,25469.84961,25450.5,25462.34961
2026-02-25 08:20:00+00:00,25473.19922,25474.80078,25463.19922,25467.55078
2026-02-25 08:25:00+00:00,25472.65039,25474.69922,25466.05078,25473.80078
2026-02-25 08:30:00+00:00,25443.90039,25473.05078,25439.30078,25473.05078
2026-02-25 08:35:00+00:00,25435.65039,25453.5,25430.15039,25445.30078
2026-02-25 08:40:00+00:00,25457.09961,25464.94922,25436.30078,25436.40039
2026-02-25 08:45:00+00:00,25493.80078,25495.75,25454.84961,25457.30078
2026-02-25 08:50:00+00:00,25473,25502.44922,25472.40039,25494.19922
2026-02-25 08:55:00+00:00,25448.55078,25475.65039,25448.55078,25473.34961
2026-02-25 09:00:00+00:00,25475.69922,25480.84961,25449.5,25449.5
2026-02-25 09:05:00+00:00,25477.94922,25482.59961,25474.90039,25476.34961
2026-02-25 09:10:00+00:00,25471.44922,25478.59961,25457.94922,25478.25
2026-02-25 09:15:00+00:00,25450.34961,25473.34961,25446.15039,25471.59961
2026-02-25 09:20:00+00:00,25458.34961,25460.69922,25439.94922,25451.05078
2026-02-25 09:25:00+00:00,25468.25,25473.55078,25452.59961,25459.59961
2026-02-25 09:30:00+00:00,25501,25506.55078,25469.80078,25469.80078
2026-02-25 09:35:00+00:00,25483.34961,25501.40039,25480.25,25499.90039
2026-02-25 09:40:00+00:00,25478.5,25485.75,25469.5,25482.69922
2026-02-25 09:45:00+00:00,25481.40039,25485.19922,25473.09961,25477.05078
2026-02-25 09:50:00+00:00,25475.05078,25482.80078,25473.80078,25481.25
2026-02-25 09:55:00+00:00,25478.65039,25488.25,25471.05078,25475.84961
2026-02-26 03:45:00+00:00,25535.09961,25566.94922,25525.80078,25551.55078
2026-02-26 03:50:00+00:00,25498.44922,25543.09961,25489.15039,25534.30078
2026-02-26 03:55:00+00:00,25504.44922,25519,25488.30078,25499.09961
2026-02-26 04:00:00+00:00,25518.80078,25519.69922,25492.09961,25505.15039
2026-02-26 04:05:00+00:00,25545,25547.44922,25516.40039,25518.84961
2026-02-26 04:10:00+00:00,25555.90039,25556.30078,25538.80078,25543.30078
2026-02-26 04:15:00+00:00,25557.19922,25565.59961,25547.05078,25555.30078
2026-02-26 04:20:00+00:00,25510.59961,25559.44922,25508.19922,25557.30078
2026-02-26 04:25:00+00:00,25518.34961,25520.59961,25500.09961,25509.80078
2026-02-26 04:30:00+00:00,25543.80078,25543.80078,25516.75,25517.94922
2026-02-26 04:35:00+00:00,25563.30078,25563.30078,25540.25,25543.25
2026-02-26 04:40:00+00:00,25558.25,25572.25,25556.25,25561.94922
2026-02-26 04:45:00+00:00,25560.75,25562,25544.5,25558.59961
2026-02-26 04:50:00+00:00,25538.40039,25561.69922,25534.80078,25560.55078
2026-02-26 04:55:00+00:00,25526.94922,25550.25,25519.55078,25537.65039
2026-02-26 05:00:00+00:00,25536.59961,25544.34961,25523.55078,25526.55078
2026-02-26 05:05:00+00:00,25529.30078,25542.30078,25523.19922,25538.94922
2026-02-26 05:10:00+00:00,25531.80078,25539.84961,25521.55078,25527.59961
2026-02-26 05:15:00+00:00,25548.15039,25551.55078,25527.09961,25532.80078
2026-02-26 05:20:00+00:00,25525.75,25548.05078,25525.75,25545.44922
2026-02-26 05:25:00+00:00,25509.94922,25528.65039,25505.44922,25527.15039
2026-02-26 05:30:00+00:00,25521.80078,25523.44922,25491.69922,25506.90039
2026-02-26 05:35:00+00:00,25513.55078,25522.55078,25509.5,25520.75
2026-02-26 05:40:00+00:00,25523.25,25530.44922,25510.19922,25513.25
2026-02-26 05:45:00+00:00,25534.44922,25538.84961,25517.44922,25523.5
2026-02-26 05:50:00+00:00,25540.65039,25541.09961,25526.05078,25533.69922
2026-02-26 05:55:00+00:00,25536.75,25570.84961,25535.19922,25541.40039
2026-02-26 06:00:00+00:00,25521.34961,25537.25,25512.55078,25535.34961
2026-02-26 06:05:00+00:00,25502.75,25524,25495.75,25522.09961
2026-02-26 06:10:00+00:00,25461.34961,25501.75,25458.59961,25501.69922
2026-02-26 06:15:00+00:00,25483.34961,25490.44922,25452.34961,25460.34961
2026-02-26 06:20:00+00:00,25469.65039,25490.65039,25463.05078,25483.94922
2026-02-26 06:25:00+00:00,25453.40039,25470.65039,25446.75,25468.90039
2026-02-26 06:30:00+00:00,25470.19922,25472.44922,25450.90039,25453.30078
2026-02-26 06:35:00+00:00,25472.55078,25481.69922,25466.84961,25469.75
2026-02-26 06:40:00+00:00,25459.30078,25475.30078,25456.25,25471.84961
2026-02-26 06:45:00+00:00,25447.40039,25468.5,25440.34961,25458.05078
2026-02-26 06:50:00+00:00,25432.40039,25446.75,25401.59961,25446.69922
2026-02-26 06:55:00+00:00,25430.69922,25445.44922,25425.25,25432.84961
2026-02-26 07:00:00+00:00,25436.09961,25445.40039,25426.40039,25430.84961
2026-02-26 07:05:00+00:00,25445.40039,25449.69922,25431.30078,25435.40039
2026-02-26 07:10:00+00:00,25459.94922,25461.15039,25438.34961,25445.25
2026-02-26 07:15:00+00:00,25452.59961,25460.69922,25441.80078,25457.44922
2026-02-26 07:20:00+00:00,25430.75,25452.75,25426.65039,25451.55078
2026-02-26 07:25:00+00:00,25414.80078,25432.34961,25412.05078,25432.25
2026-02-26 07:30:00+00:00,25451.75,25452.25,25413.75,25415.40039
2026-02-26 07:35:00+00:00,25436.59961,25453.30078,25430.5,25451.34961
2026-02-26 07:40:00+00:00,25428.55078,25437.40039,25427.05078,25436.69922
2026-02-26 07:45:00+00:00,25420.65039,25430.80078,25403.40039,25428.19922
2026-02-26 07:50:00+00:00,25438.05078,25438.30078,25414.09961,25420.34961
2026-02-26 07:55:00+00:00,25438,25454.75,25432,25437.5
2026-02-26 08:00:00+00:00,25432.84961,25449.30078,25430.65039,25437.30078
2026-02-26 08:05:00+00:00,25439.34961,25447.15039,25432.80078,25434.44922
2026-02-26 08:10:00+00:00,25438.19922,25448.15039,25435.09961,25439.34961
2026-02-26 08:15:00+00:00,25418.80078,25445.19922,25417.40039,25438.05078
2026-02-26 08:20:00+00:00,25441.94922,25447.75,25415.09961,25418.65039
2026-02-26 08:25:00+00:00,25440.80078,25450.90039,25431.65039,25443.19922
2026-02-26 08:30:00+00:00,25427.44922,25447.25,25419.34961,25440.80078
2026-02-26 08:35:00+00:00,25439.94922,25440.34961,25406.15039,25425.30078
2026-02-26 08:40:00+00:00,25453.44922,25460.55078,25438.94922,25440.09961
2026-02-26 08:45:00+00:00,25445.09961,25463.15039,25442.19922,25456.65039
2026-02-26 08:50:00+00:00,25430.15039,25452.40039,25428.15039,25446.69922
2026-02-26 08:55:00+00:00,25442.15039,25449.40039,25427,25429.55078
2026-02-26 09:00:00+00:00,25462.44922,25462.5,25431.84961,25441.65039
2026-02-26 09:05:00+00:00,25471.25,25478,25459,25462.44922
2026-02-26 09:10:00+00:00,25513,25513,25472.09961,25473.80078
2026-02-26 09:15:00+00:00,25510.65039,25527.15039,25503.69922,25514.80078
2026-02-26 09:20:00+00:00,25504.55078,25522.15039,25486.44922,25510
2026-02-26 09:25:00+00:00,25501.84961,25511.59961,25492.05078,25504.69922
2026-02-26 09:30:00+00:00,25486,25524.84961,25477.55078,25503.65039
2026-02-26 09:35:00+00:00,25503.30078,25507.25,25485.25,25485.25
2026-02-26 09:40:00+00:00,25486.15039,25504,25475.5,25500.94922
2026-02-26 09:45:00+00:00,25496.09961,25502.30078,25483.80078,25486.94922
2026-02-26 09:50:00+00:00,25498.59961,25503.25,25492.69922,25496.84961
2026-02-26 09:55:00+00:00,25493.30078,25501.84961,25482.94922,25499
2026-02-27 03:45:00+00:00,25395.40039,25470.15039,25379.55078,25470.15039
2026-02-27 03:50:00+00:00,25399.65039,25417.30078,25381.30078,25394.80078
2026-02-27 03:55:00+00:00,25364.55078,25417.69922,25363.5,25398.44922
2026-02-27 04:00:00+00:00,25367.19922,25383.55078,25364.05078,25365.09961
2026-02-27 04:05:00+00:00,25383.40039,25383.40039,25351.75,25367.15039
2026-02-27 04:10:00+00:00,25363.84961,25383.65039,25358.05078,25383.09961
2026-02-27 04:15:00+00:00,25347.34961,25363.80078,25346.09961,25363.80078
2026-02-27 04:20:00+00:00,25336.05078,25353.90039,25334.5,25347.44922
2026-02-27 04:25:00+00:00,25330,25348.15039,25329.40039,25336.09961
2026-02-27 04:30:00+00:00,25327.25,25334.15039,25322.94922,25330.30078
2026-02-27 04:35:00+00:00,25320,25328.19922,25309.40039,25328.19922
2026-02-27 04:40:00+00:00,25322.59961,25332.5,25318.69922,25319.69922
2026-02-27 04:45:00+00:00,25302.80078,25324,25301.75,25321.94922
2026-02-27 04:50:00+00:00,25314.80078,25319.75,25292.65039,25303.09961
2026-02-27 04:55:00+00:00,25324.30078,25333,25314.90039,25314.90039
2026-02-27 05:00:00+00:00,25327,25337.05078,25319.15039,25324.34961
2026-02-27 05:05:00+00:00,25335.30078,25346.44922,25323.44922,25327.34961
2026-02-27 05:10:00+00:00,25315.25,25337.5,25313.94922,25335.19922
2026-02-27 05:15:00+00:00,25322.90039,25326.65039,25307.65039,25315.25
2026-02-27 05:20:00+00:00,25310.90039,25325.75,25308.05078,25322.90039
2026-02-27 05:25:00+00:00,25304.65039,25318,25304.25,25310.80078
2026-02-27 05:30:00+00:00,25322.94922,25322.94922,25305.15039,25305.34961
2026-02-27 05:35:00+00:00,25336.59961,25338.19922,25322.44922,25322.44922
2026-02-27 05:40:00+00:00,25335,25337.25,25322.55078,25335.55078
2026-02-27 05:45:00+00:00,25325.34961,25341.65039,25322.5,25334.55078
2026-02-27 05:50:00+00:00,25319.25,25327.05078,25312.30078,25325.55078
2026-02-27 05:55:00+00:00,25306.84961,25321.19922,25302.80078,25319.25
2026-02-27 06:00:00+00:00,25284.5,25308.75,25284.5,25307.90039
2026-02-27 06:05:00+00:00,25281.84961,25291.09961,25272.19922,25284.55078
2026-02-27 06:10:00+00:00,25295.09961,25296.34961,25279.15039,25282.30078
2026-02-27 06:15:00+00:00,25302,25305.5,25295.15039,25295.15039
2026-02-27 06:20:00+00:00,25306.80078,25314.19922,25297.55078,25302.25
2026-02-27 06:25:00+00:00,25313.40039,25317.75,25298.40039,25306.44922
2026-02-27 06:30:00+00:00,25312.80078,25328.80078,25309.84961,25313.40039
2026-02-27 06:35:00+00:00,25293.09961,25315.75,25290.34961,25312.65039
2026-02-27 06:40:00+00:00,25284.94922,25297.09961,25284.80078,25292.69922
2026-02-27 06:45:00+00:00,25284.55078,25288.44922,25278.75,25285.34961
2026-02-27 06:50:00+00:00,25272.94922,25298.75,25270.19922,25284.40039
2026-02-27 06:55:00+00:00,25300.59961,25313.15039,25273.19922,25273.19922
2026-02-27 07:00:00+00:00,25290.90039,25309.05078,25289.69922,25300.55078
2026-02-27 07:05:00+00:00,25282.25,25294.34961,25282.25,25290.40039
2026-02-27 07:10:00+00:00,25277.19922,25286.5,25274.44922,25282.55078
2026-02-27 07:15:00+00:00,25282.25,25293.69922,25269.65039,25276.75
2026-02-27 07:20:00+00:00,25283.30078,25295.09961,25281.25,25282.15039
2026-02-27 07:25:00+00:00,25276.94922,25285.55078,25273.69922,25283.19922
2026-02-27 07:30:00+00:00,25278.69922,25283.55078,25274.25,25277.15039
2026-02-27 07:35:00+00:00,25293.05078,25296.84961,25278.90039,25278.90039
2026-02-27 07:40:00+00:00,25289.69922,25295.69922,25287.34961,25293.30078
2026-02-27 07:45:00+00:00,25284.25,25292.94922,25283.55078,25288.80078
2026-02-27 07:50:00+00:00,25286.94922,25290.69922,25281.65039,25284
2026-02-27 07:55:00+00:00,25300.75,25300.94922,25287.55078,25287.55078
2026-02-27 08:00:00+00:00,25293,25302.09961,25293,25300.19922
2026-02-27 08:05:00+00:00,25296.5,25307.15039,25286.94922,25292.75
2026-02-27 08:10:00+00:00,25300.75,25313.75,25295.80078,25296.34961
2026-02-27 08:15:00+00:00,25327.65039,25328.55078,25300.25,25300.25
2026-02-27 08:20:00+00:00,25321.05078,25328.30078,25312.09961,25327.19922
2026-02-27 08:25:00+00:00,25343.15039,25343.94922,25320.65039,25321.15039
2026-02-27 08:30:00+00:00,25325.80078,25352.05078,25323.94922,25342.59961
2026-02-27 08:35:00+00:00,25332,25332.44922,25315.69922,25325.59961
2026-02-27 08:40:00+00:00,25324.55078,25340.30078,25320.19922,25331.94922
2026-02-27 08:45:00+00:00,25323.75,25327.34961,25320.69922,25324.19922
2026-02-27 08:50:00+00:00,25318.5,25328.90039,25316.90039,25323.19922
2026-02-27 08:55:00+00:00,25293.55078,25319.05078,25291.05078,25318.65039
2026-02-27 09:00:00+00:00,25293.94922,25303.94922,25287,25293.55078
2026-02-27 09:05:00+00:00,25298.25,25310.09961,25293.69922,25293.75
2026-02-27 09:10:00+00:00,25293.80078,25303.34961,25289.65039,25298.65039
2026-02-27 09:15:00+00:00,25300.75,25301,25287.80078,25294.09961
2026-02-27 09:20:00+00:00,25300.5,25304.94922,25290.5,25301.55078
2026-02-27 09:25:00+00:00,25312.40039,25314.80078,25294.69922,25300.55078
2026-02-27 09:30:00+00:00,25183.5,25309.44922,25179.65039,25309.44922
2026-02-27 09:35:00+00:00,25168.19922,25190.90039,25142.34961,25183.55078
2026-02-27 09:40:00+00:00,25167.90039,25189.5,25162.69922,25167.84961
2026-02-27 09:45:00+00:00,25170.25,25189.09961,25166.34961,25168.80078
2026-02-27 09:50:00+00:00,25166.94922,25179.19922,25159.34961,25170.69922
2026-02-27 09:55:00+00:00,25181.80078,25188.19922,25163.84961,25167.30078
2026-03-02 03:45:00+00:00,24892.94922,24939.09961,24722,24723.40039
2026-03-02 03:50:00+00:00,24896.5,24957.05078,24878.80078,24893.09961
2026-03-02 03:55:00+00:00,24889.40039,24920.15039,24857.09961,24896.69922
2026-03-02 04:00:00+00:00,24974.55078,24975.40039,24885.44922,24889.75
2026-03-02 04:05:00+00:00,24949.80078,24977.25,24923.80078,24975.69922
2026-03-02 04:10:00+00:00,24963.65039,24977.09961,24936.05078,24948.55078
2026-03-02 04:15:00+00:00,24953.19922,24988.75,24948.59961,24964.30078
2026-03-02 04:20:00+00:00,24884.15039,24951.09961,24883.19922,24949.40039
2026-03-02 04:25:00+00:00,24945.09961,24946.09961,24886.09961,24886.69922
2026-03-02 04:30:00+00:00,24898.25,24953.25,24894.65039,24946.19922
2026-03-02 04:35:00+00:00,24884.65039,24909.59961,24874.15039,24898.94922
2026-03-02 04:40:00+00:00,24884.84961,24894,24865.69922,24885.25
2026-03-02 04:45:00+00:00,24876.40039,24887.84961,24853.69922,24885.34961
2026-03-02 04:50:00+00:00,24864.59961,24876.75,24856.84961,24876.55078
2026-03-02 04:55:00+00:00,24859.59961,24873.5,24856.40039,24863.59961
2026-03-02 05:00:00+00:00,24872.69922,24885.25,24853.30078,24860.94922
2026-03-02 05:05:00+00:00,24855.5,24878.59961,24843.69922,24874.05078
2026-03-02 05:10:00+00:00,24813.69922,24857.80078,24812.25,24855.25
2026-03-02 05:15:00+00:00,24818.80078,24837.94922,24814,24814.80078
2026-03-02 05:20:00+00:00,24828.84961,24834.05078,24818.30078,24818.40039
2026-03-02 05:25:00+00:00,24855.15039,24859.19922,24826.65039,24828.59961
2026-03-02 05:30:00+00:00,24854.05078,24868.69922,24849.30078,24856.30078
2026-03-02 05:35:00+00:00,24858.19922,24865.40039,24842.55078,24853.75
2026-03-02 05:40:00+00:00,24843.19922,24860.34961,24839.34961,24859.30078
2026-03-02 05:45:00+00:00,24831.55078,24849.19922,24831.55078,24844.80078
2026-03-02 05:50:00+00:00,24825.15039,24834.94922,24819.84961,24830
2026-03-02 05:55:00+00:00,24803,24829.25,24797.55078,24825.34961
2026-03-02 06:00:00+00:00,24808.05078,24813.80078,24797.44922,24802.80078
2026-03-02 06:05:00+00:00,24822.94922,24825.44922,24806.25,24807.65039
2026-03-02 06:10:00+00:00,24821.59961,24824.5,24807.69922,24822.09961
2026-03-02 06:15:00+00:00,24815.30078,24842.80078,24813.65039,24822.19922
2026-03-02 06:20:00+00:00,24804.19922,24821.84961,24793.65039,24815.90039
2026-03-02 06:25:00+00:00,24784,24806.25,24782.69922,24804.25
2026-03-02 06:30:00+00:00,24773.69922,24784.59961,24764.40039,24784.09961
2026-03-02 06:35:00+00:00,24770.75,24779,24761.59961,24775.09961
2026-03-02 06:40:00+00:00,24744.55078,24781.19922,24743.25,24768.69922
2026-03-02 06:45:00+00:00,24727.44922,24756,24721.69922,24743.5
2026-03-02 06:50:00+00:00,24728.55078,24736.30078,24718.55078,24725.30078
2026-03-02 06:55:00+00:00,24735.65039,24737.25,24721.44922,24728.44922
2026-03-02 07:00:00+00:00,24734.90039,24741.25,24724.84961,24734.55078
2026-03-02 07:05:00+00:00,24695.75,24736.80078,24691.5,24734.15039
2026-03-02 07:10:00+00:00,24687.90039,24712.80078,24684.25,24695.65039
2026-03-02 07:15:00+00:00,24688.59961,24707.15039,24679.09961,24687.5
2026-03-02 07:20:00+00:00,24698.09961,24711.80078,24685.25,24687.59961
2026-03-02 07:25:00+00:00,24697.05078,24705.40039,24687.80078,24697.80078
2026-03-02 07:30:00+00:00,24697.69922,24706.65039,24686.84961,24698.94922
2026-03-02 07:35:00+00:00,24692.90039,24702.44922,24692.25,24699.30078
2026-03-02 07:40:00+00:00,24695.5,24699.44922,24689.15039,24692.90039
2026-03-02 07:45:00+00:00,24699.19922,24708.80078,24688.40039,24695.65039
2026-03-02 07:50:00+00:00,24696,24704.59961,24691.19922,24696.75
2026-03-02 07:55:00+00:00,24679.5,24697.90039,24671.59961,24696.30078
2026-03-02 08:00:00+00:00,24677.25,24690.65039,24668.44922,24677.80078
2026-03-02 08:05:00+00:00,24674.94922,24687.84961,24669.65039,24677.90039
2026-03-02 08:10:00+00:00,24675.34961,24676.5,24655.55078,24675.69922
2026-03-02 08:15:00+00:00,24661.44922,24678.5,24658.05078,24675.15039
2026-03-02 08:20:00+00:00,24645.84961,24665.75,24644.25,24661.05078
2026-03-02 08:25:00+00:00,24614.75,24647,24604.69922,24646.69922
2026-03-02 08:30:00+00:00,24687.30078,24740.80078,24603.94922,24612.59961
2026-03-02 08:35:00+00:00,24746.5,24780.09961,24685.30078,24686.34961
2026-03-02 08:40:00+00:00,24787.40039,24795.5,24745.30078,24746.25
2026-03-02 08:45:00+00:00,24782.15039,24794.55078,24752.34961,24787.5
2026-03-02 08:50:00+00:00,24779.25,24791.30078,24755.55078,24782.65039
2026-03-02 08:55:00+00:00,24730.30078,24783.15039,24727.80078,24779.5
2026-03-02 09:00:00+00:00,24799.75,24799.75,24722.5,24730.90039
2026-03-02 09:05:00+00:00,24837.65039,24854.34961,24801.84961,24801.84961
2026-03-02 09:10:00+00:00,24864.84961,24879.34961,24838.34961,24838.34961
2026-03-02 09:15:00+00:00,24872.15039,24892.40039,24825.90039,24865.30078
2026-03-02 09:20:00+00:00,24876.5,24880.44922,24850.34961,24871.94922
2026-03-02 09:25:00+00:00,24823.34961,24881.05078,24815.19922,24875.75
2026-03-02 09:30:00+00:00,24862.19922,24878.25,24808.34961,24824.69922
2026-03-02 09:35:00+00:00,24862.59961,24877.09961,24830.59961,24863.05078
2026-03-02 09:40:00+00:00,24904.80078,24904.80078,24849,24863.19922
2026-03-02 09:45:00+00:00,24912.09961,24913.55078,24878.94922,24905.25
2026-03-02 09:50:00+00:00,24864.25,24914.84961,24860.40039,24913.44922
2026-03-02 09:55:00+00:00,24849.75,24886.09961,24845.19922,24865.55078
2026-03-04 03:45:00+00:00,24385.09961,24471.19922,24336.69922,24421.44922
2026-03-04 03:50:00+00:00,24341.15039,24392.05078,24339.55078,24388.19922
2026-03-04 03:55:00+00:00,24342.84961,24374.44922,24316.25,24340.55078
2026-03-04 04:00:00+00:00,24332.34961,24366.5,24326,24344.75
2026-03-04 04:05:00+00:00,24346.84961,24362.05078,24317.15039,24334.94922
2026-03-04 04:10:00+00:00,24408.75,24412,24347.80078,24348.75
2026-03-04 04:15:00+00:00,24365.25,24416.19922,24353.80078,24410.94922
2026-03-04 04:20:00+00:00,24359.09961,24372,24349.80078,24365.75
2026-03-04 04:25:00+00:00,24325.90039,24360.34961,24323.59961,24359.19922
2026-03-04 04:30:00+00:00,24332.84961,24346.09961,24306.59961,24325.80078
2026-03-04 04:35:00+00:00,24367.94922,24371.80078,24329.69922,24335.05078
2026-03-04 04:40:00+00:00,24413.65039,24414.80078,24351.05078,24368.84961
2026-03-04 04:45:00+00:00,24387,24417.55078,24384.30078,24413.65039
2026-03-04 04:50:00+00:00,24399.34961,24425,24382.59961,24387.75
2026-03-04 04:55:00+00:00,24419.05078,24437.34961,24394.65039,24399.59961
2026-03-04 05:00:00+00:00,24398.84961,24420.69922,24394.15039,24420
2026-03-04 05:05:00+00:00,24390.09961,24409.30078,24382,24398.94922
2026-03-04 05:10:00+00:00,24390.75,24392.34961,24379.94922,24391.55078
2026-03-04 05:15:00+00:00,24400.30078,24422.40039,24390.44922,24391.65039
2026-03-04 05:20:00+00:00,24398,24402,24382.80078,24401.69922
2026-03-04 05:25:00+00:00,24391.44922,24399.84961,24375.69922,24398.80078
2026-03-04 05:30:00+00:00,24420.69922,24427.80078,24388.59961,24394.19922
2026-03-04 05:35:00+00:00,24450.90039,24453.40039,24413.19922,24421.15039
2026-03-04 05:40:00+00:00,24435.44922,24461.34961,24433.84961,24451.65039
2026-03-04 05:45:00+00:00,24412.05078,24438.90039,24409.05078,24436.40039
2026-03-04 05:50:00+00:00,24393.30078,24422.90039,24390.34961,24412.15039
2026-03-04 05:55:00+00:00,24365.55078,24397.55078,24363,24393.44922
2026-03-04 06:00:00+00:00,24364.69922,24378.5,24354.15039,24367.05078
2026-03-04 06:05:00+00:00,24367.25,24383.34961,24362.80078,24365.75
2026-03-04 06:10:00+00:00,24362.19922,24382.30078,24361.09961,24367.05078
2026-03-04 06:15:00+00:00,24367.84961,24372.55078,24354.30078,24364.05078
2026-03-04 06:20:00+00:00,24369.40039,24401.05078,24367,24368.59961
2026-03-04 06:25:00+00:00,24375.15039,24380.40039,24367.84961,24370.15039
2026-03-04 06:30:00+00:00,24389.09961,24391.5,24376.34961,24376.84961
2026-03-04 06:35:00+00:00,24393.40039,24395.59961,24378.19922,24389.80078
2026-03-04 06:40:00+00:00,24379.84961,24402.30078,24378.44922,24394.80078
2026-03-04 06:45:00+00:00,24369,24383.80078,24366.55078,24381.15039
2026-03-04 06:50:00+00:00,24375.80078,24385.59961,24369.55078,24371.34961
2026-03-04 06:55:00+00:00,24368.30078,24384.94922,24362.25,24376.65039
2026-03-04 07:00:00+00:00,24375.05078,24381.59961,24368.94922,24368.94922
2026-03-04 07:05:00+00:00,24377.94922,24387.5,24370.94922,24375.55078
2026-03-04 07:10:00+00:00,24382.55078,24383.30078,24357.75,24378.5
2026-03-04 07:15:00+00:00,24385.84961,24396.19922,24379.94922,24383.34961
2026-03-04 07:20:00+00:00,24394.15039,24397.90039,24384.19922,24386.55078
2026-03-04 07:25:00+00:00,24416.80078,24428.09961,24393.44922,24394.80078
2026-03-04 07:30:00+00:00,24422.15039,24431.94922,24414.75,24418
2026-03-04 07:35:00+00:00,24438.15039,24438.34961,24414.5,24423.15039
2026-03-04 07:40:00+00:00,24461,24461,24433,24438.94922
2026-03-04 07:45:00+00:00,24441.44922,24465.75,24436.30078,24461.44922
2026-03-04 07:50:00+00:00,24459.55078,24460.19922,24432.30078,24442.15039
2026-03-04 07:55:00+00:00,24451.59961,24476.69922,24449.75,24459.55078
2026-03-04 08:00:00+00:00,24435.65039,24466.34961,24435.09961,24451.25
2026-03-04 08:05:00+00:00,24447,24448.09961,24418.15039,24436.05078
2026-03-04 08:10:00+00:00,24462.59961,24462.65039,24440.25,24448.05078
2026-03-04 08:15:00+00:00,24441.94922,24469.84961,24438.69922,24463.5
2026-03-04 08:20:00+00:00,24428.55078,24445.30078,24426.90039,24442.59961
2026-03-04 08:25:00+00:00,24437,24438.40039,24415.75,24428.69922
2026-03-04 08:30:00+00:00,24451.09961,24453.90039,24437.55078,24437.90039
2026-03-04 08:35:00+00:00,24494.59961,24496.19922,24440.19922,24451.19922
2026-03-04 08:40:00+00:00,24554.94922,24556.44922,24483.30078,24495.55078
2026-03-04 08:45:00+00:00,24567.84961,24574.25,24541.30078,24555.34961
2026-03-04 08:50:00+00:00,24535,24568.84961,24533.94922,24568.34961
2026-03-04 08:55:00+00:00,24522.5,24541.30078,24513.84961,24536.55078
2026-03-04 09:00:00+00:00,24534.25,24553.5,24502.59961,24523.09961
2026-03-04 09:05:00+00:00,24537.84961,24543.5,24520.59961,24534.84961
2026-03-04 09:10:00+00:00,24578.75,24583.75,24539.25,24540.34961
2026-03-04 09:15:00+00:00,24581.19922,24598.94922,24548,24579.09961
2026-03-04 09:20:00+00:00,24585.55078,24594.05078,24570.69922,24584.84961
2026-03-04 09:25:00+00:00,24582.94922,24602,24571.75,24586.34961
2026-03-04 09:30:00+00:00,24509,24584.44922,24506.19922,24582.94922
2026-03-04 09:35:00+00:00,24472.19922,24518.44922,24471.05078,24508.65039
2026-03-04 09:40:00+00:00,24465.94922,24474.44922,24457.44922,24471.15039
2026-03-04 09:45:00+00:00,24456.90039,24473.55078,24451.05078,24464.84961
2026-03-04 09:50:00+00:00,24470.44922,24473,24453.65039,24457.09961
2026-03-04 09:55:00+00:00,24473.94922,24482.15039,24457.90039,24468.40039
2026-03-05 03:45:00+00:00,24584.84961,24651.59961,24553.75,24615.90039
2026-03-05 03:50:00+00:00,24607.19922,24609.5,24557.25,24586.80078
2026-03-05 03:55:00+00:00,24568.44922,24610.94922,24558.84961,24608.30078
2026-03-05 04:00:00+00:00,24564.5,24586.30078,24550.09961,24570.59961
2026-03-05 04:05:00+00:00,24534.25,24569.84961,24533.59961,24566.30078
2026-03-05 04:10:00+00:00,24596.19922,24599.59961,24530.69922,24533.30078
2026-03-05 04:15:00+00:00,24604.94922,24616.55078,24583.75,24597.5
2026-03-05 04:20:00+00:00,24648.90039,24651.15039,24603.19922,24604.55078
2026-03-05 04:25:00+00:00,24628.5,24656.5,24626.90039,24648.84961
2026-03-05 04:30:00+00:00,24623.25,24649,24623.15039,24628.25
2026-03-05 04:35:00+00:00,24628.59961,24647.90039,24622.40039,24622.40039
2026-03-05 04:40:00+00:00,24596.25,24630.25,24595.15039,24629.44922
2026-03-05 04:45:00+00:00,24596,24608.65039,24594.40039,24597.05078
2026-03-05 04:50:00+00:00,24581.44922,24598.19922,24574.40039,24594.30078
2026-03-05 04:55:00+00:00,24564.55078,24584.59961,24538.55078,24582.59961
2026-03-05 05:00:00+00:00,24559.59961,24572.05078,24550.30078,24563.69922
2026-03-05 05:05:00+00:00,24627.69922,24629.55078,24559.69922,24559.94922
2026-03-05 05:10:00+00:00,24650.94922,24653.94922,24625.84961,24627.84961
2026-03-05 05:15:00+00:00,24641.55078,24660.15039,24639.80078,24651.05078
2026-03-05 05:20:00+00:00,24644.25,24645.75,24629.25,24639.94922
2026-03-05 05:25:00+00:00,24666.55078,24672.05078,24645.75,24646.25
2026-03-05 05:30:00+00:00,24648.09961,24672.5,24639.05078,24667.19922
2026-03-05 05:35:00+00:00,24655.15039,24667.69922,24645.65039,24649.15039
2026-03-05 05:40:00+00:00,24643.19922,24657.40039,24643.19922,24656.40039
2026-03-05 05:45:00+00:00,24655.90039,24662.94922,24636.05078,24639.84961
2026-03-05 05:50:00+00:00,24634.65039,24658.09961,24626.09961,24657.65039
2026-03-05 05:55:00+00:00,24612.90039,24639.94922,24607.69922,24635.09961
2026-03-05 06:00:00+00:00,24624.94922,24638.30078,24611.75,24613.65039
2026-03-05 06:05:00+00:00,24603.40039,24625.59961,24593.69922,24624.80078
2026-03-05 06:10:00+00:00,24590.34961,24605.84961,24588.55078,24603.94922
2026-03-05 06:15:00+00:00,24569.69922,24593.15039,24568.55078,24590.75
2026-03-05 06:20:00+00:00,24594.59961,24594.59961,24556.90039,24569.19922
2026-03-05 06:25:00+00:00,24579.09961,24597.55078,24560.34961,24594.84961
2026-03-05 06:30:00+00:00,24590.15039,24596.05078,24578.05078,24580.19922
2026-03-05 06:35:00+00:00,24588.25,24595.80078,24574.44922,24590.80078
2026-03-05 06:40:00+00:00,24615.5,24616.30078,24584.84961,24587.15039
2026-03-05 06:45:00+00:00,24602.34961,24616.19922,24592.90039,24615.65039
2026-03-05 06:50:00+00:00,24619.15039,24635.65039,24602.40039,24603.19922
2026-03-05 06:55:00+00:00,24648.84961,24651.75,24611.59961,24619.19922
2026-03-05 07:00:00+00:00,24650.30078,24665.94922,24647,24649.15039
2026-03-05 07:05:00+00:00,24652.69922,24654.19922,24632.65039,24650.65039
2026-03-05 07:10:00+00:00,24645.80078,24657.59961,24641.25,24653.15039
2026-03-05 07:15:00+00:00,24631.44922,24646.5,24619.40039,24645.80078
2026-03-05 07:20:00+00:00,24652.65039,24654.34961,24626.80078,24632.09961
2026-03-05 07:25:00+00:00,24653.44922,24657.59961,24643.69922,24653.15039
2026-03-05 07:30:00+00:00,24633.30078,24660.84961,24633.15039,24653.94922
2026-03-05 07:35:00+00:00,24644.09961,24647.15039,24632.55078,24633.15039
2026-03-05 07:40:00+00:00,24639.65039,24656.59961,24632.90039,24644.69922
2026-03-05 07:45:00+00:00,24631.05078,24646.25,24627,24640.69922
2026-03-05 07:50:00+00:00,24638.19922,24645.55078,24621.75,24631.19922
2026-03-05 07:55:00+00:00,24651,24651.34961,24629.05078,24638.65039
2026-03-05 08:00:00+00:00,24639.19922,24671.30078,24628.25,24651.55078
2026-03-05 08:05:00+00:00,24614.05078,24642.44922,24605.80078,24639.59961
2026-03-05 08:10:00+00:00,24619.80078,24629.94922,24606.25,24614.69922
2026-03-05 08:15:00+00:00,24615.40039,24635.09961,24615.30078,24619.84961
2026-03-05 08:20:00+00:00,24592.59961,24618.5,24588.05078,24616.09961
2026-03-05 08:25:00+00:00,24573.69922,24594.75,24569.75,24593.94922
2026-03-05 08:30:00+00:00,24578.19922,24586.09961,24564.80078,24572.5
2026-03-05 08:35:00+00:00,24552.90039,24581.09961,24552.90039,24578.65039
2026-03-05 08:40:00+00:00,24553.75,24563.19922,24547.34961,24553.30078
2026-03-05 08:45:00+00:00,24531.94922,24567.65039,24529.55078,24554.15039
2026-03-05 08:50:00+00:00,24590.94922,24600,24529.65039,24531.25
2026-03-05 08:55:00+00:00,24611.25,24617.40039,24576.90039,24591.09961
2026-03-05 09:00:00+00:00,24582.5,24612.75,24576.44922,24611.5
2026-03-05 09:05:00+00:00,24672.5,24673.90039,24580.15039,24583.59961
2026-03-05 09:10:00+00:00,24726.80078,24759.44922,24669.80078,24672.44922
2026-03-05 09:15:00+00:00,24758.40039,24762.75,24712.75,24727.05078
2026-03-05 09:20:00+00:00,24846.55078,24853.75,24753.69922,24757.05078
2026-03-05 09:25:00+00:00,24848.94922,24853.90039,24799.84961,24846.25
2026-03-05 09:30:00+00:00,24790.69922,24853.25,24768.05078,24849.19922
2026-03-05 09:35:00+00:00,24774.30078,24796.44922,24765.59961,24789.40039
2026-03-05 09:40:00+00:00,24714.80078,24784.69922,24714.09961,24772.65039
2026-03-05 09:45:00+00:00,24716.84961,24759.40039,24713.75,24716
2026-03-05 09:50:00+00:00,24719.05078,24730.65039,24706.05078,24717.19922
2026-03-05 09:55:00+00:00,24737.44922,24748.44922,24715.90039,24719.84961
2026-03-06 03:45:00+00:00,24594.40039,24656.40039,24591.75,24656.40039
2026-03-06 03:50:00+00:00,24647.59961,24652.75,24588.34961,24594.90039
2026-03-06 03:55:00+00:00,24681.19922,24683,24644.19922,24647.44922
2026-03-06 04:00:00+00:00,24650.44922,24681.5,24649.30078,24681.5
2026-03-06 04:05:00+00:00,24648.40039,24676.55078,24639.80078,24650.34961
2026-03-06 04:10:00+00:00,24678.84961,24680.80078,24641.25,24647.80078
2026-03-06 04:15:00+00:00,24657.90039,24688.09961,24655.75,24678.34961
2026-03-06 04:20:00+00:00,24643.84961,24666.25,24638.94922,24658.19922
2026-03-06 04:25:00+00:00,24625.15039,24643.59961,24618.84961,24643.30078
2026-03-06 04:30:00+00:00,24635,24647.5,24616.94922,24624.30078
2026-03-06 04:35:00+00:00,24653.59961,24661.09961,24622.80078,24634.65039
2026-03-06 04:40:00+00:00,24653.34961,24657.84961,24648.94922,24654
2026-03-06 04:45:00+00:00,24673.5,24675.44922,24651.09961,24652.34961
2026-03-06 04:50:00+00:00,24669.09961,24674.34961,24658.75,24674.15039
2026-03-06 04:55:00+00:00,24651.75,24675.65039,24647.40039,24669.19922
2026-03-06 05:00:00+00:00,24619.09961,24652.69922,24618.84961,24652.34961
2026-03-06 05:05:00+00:00,24621.59961,24630.55078,24608.75,24618.59961
2026-03-06 05:10:00+00:00,24620.15039,24629.09961,24613.30078,24620.94922
2026-03-06 05:15:00+00:00,24586.5,24622.30078,24585.30078,24620.80078
2026-03-06 05:20:00+00:00,24596.69922,24621.05078,24575.75,24587.19922
2026-03-06 05:25:00+00:00,24594.65039,24598.09961,24584.19922,24596.69922
2026-03-06 05:30:00+00:00,24635.69922,24636.84961,24594.90039,24594.90039
2026-03-06 05:35:00+00:00,24635.94922,24648.69922,24626.30078,24636.55078
2026-03-06 05:40:00+00:00,24617.59961,24637.55078,24615.09961,24636.09961
2026-03-06 05:45:00+00:00,24606.34961,24621.40039,24599.69922,24617.40039
2026-03-06 05:50:00+00:00,24600.15039,24619.59961,24600.15039,24606.59961
2026-03-06 05:55:00+00:00,24607.25,24607.55078,24593.90039,24600.19922
2026-03-06 06:00:00+00:00,24620.44922,24620.84961,24602.55078,24607.75
2026-03-06 06:05:00+00:00,24635.55078,24635.65039,24618.34961,24620.75
2026-03-06 06:10:00+00:00,24616.40039,24654.55078,24615.80078,24634.84961
2026-03-06 06:15:00+00:00,24632.44922,24634,24611.69922,24616.5
2026-03-06 06:20:00+00:00,24619.84961,24634.84961,24613.90039,24632.40039
2026-03-06 06:25:00+00:00,24625.69922,24630.19922,24611.94922,24619.30078
2026-03-06 06:30:00+00:00,24609.65039,24627.55078,24608.94922,24625.84961
2026-03-06 06:35:00+00:00,24626.5,24629.55078,24606.19922,24610.09961
2026-03-06 06:40:00+00:00,24608.84961,24631.44922,24605.44922,24626.80078
2026-03-06 06:45:00+00:00,24610,24623.34961,24603.94922,24608.59961
2026-03-06 06:50:00+00:00,24608.84961,24612.75,24600.09961,24610.59961
2026-03-06 06:55:00+00:00,24578.30078,24609.69922,24576.05078,24609.69922
2026-03-06 07:00:00+00:00,24595.05078,24598,24578.25,24578.25
2026-03-06 07:05:00+00:00,24586.15039,24597.90039,24584.94922,24594.84961
2026-03-06 07:10:00+00:00,24599.84961,24602,24586.05078,24586.05078
2026-03-06 07:15:00+00:00,24595.5,24603.30078,24583.80078,24599.80078
2026-03-06 07:20:00+00:00,24596.94922,24611.25,24595.40039,24596
2026-03-06 07:25:00+00:00,24603.69922,24607.44922,24592.15039,24597.19922
2026-03-06 07:30:00+00:00,24600.09961,24614.25,24591.90039,24603.59961
2026-03-06 07:35:00+00:00,24595.09961,24610.05078,24593.59961,24600.75
2026-03-06 07:40:00+00:00,24602.65039,24603.59961,24594.25,24595.44922
2026-03-06 07:45:00+00:00,24597.80078,24606.69922,24593.25,24602.05078
2026-03-06 07:50:00+00:00,24607.15039,24614.84961,24593.59961,24597.84961
2026-03-06 07:55:00+00:00,24609.65039,24613.15039,24602.75,24605.84961
2026-03-06 08:00:00+00:00,24584.19922,24610.65039,24576.90039,24609
2026-03-06 08:05:00+00:00,24600.40039,24623.5,24573.84961,24584
2026-03-06 08:10:00+00:00,24594.94922,24608.05078,24592.19922,24600.44922
2026-03-06 08:15:00+00:00,24581.84961,24596.59961,24572.40039,24596.59961
2026-03-06 08:20:00+00:00,24575.15039,24596.5,24569.94922,24580.94922
2026-03-06 08:25:00+00:00,24554.90039,24574.59961,24553.94922,24574.25
2026-03-06 08:30:00+00:00,24567.05078,24581.94922,24543.80078,24555.69922
2026-03-06 08:35:00+00:00,24584.90039,24585,24564.55078,24566.44922
2026-03-06 08:40:00+00:00,24585.75,24605.69922,24584.09961,24584.09961
2026-03-06 08:45:00+00:00,24609.25,24615.90039,24585.44922,24587.19922
2026-03-06 08:50:00+00:00,24611.69922,24612.55078,24603.09961,24610.05078
2026-03-06 08:55:00+00:00,24593,24616.44922,24592.30078,24612.44922
2026-03-06 09:00:00+00:00,24583.09961,24602.30078,24581.30078,24593.44922
2026-03-06 09:05:00+00:00,24568.90039,24592.44922,24567.75,24583.80078
2026-03-06 09:10:00+00:00,24543.44922,24569.19922,24534.94922,24569.19922
2026-03-06 09:15:00+00:00,24488.80078,24559.75,24446.59961,24543.5
2026-03-06 09:20:00+00:00,24512.75,24534.80078,24484.69922,24488.40039
2026-03-06 09:25:00+00:00,24482.55078,24515.34961,24481.59961,24512.15039
2026-03-06 09:30:00+00:00,24461.75,24492.80078,24459.44922,24481.80078
2026-03-06 09:35:00+00:00,24460.05078,24465.34961,24445.69922,24460.94922
2026-03-06 09:40:00+00:00,24441.65039,24464.09961,24431.5,24460.15039
2026-03-06 09:45:00+00:00,24434.90039,24443.84961,24416.65039,24441.09961
2026-03-06 09:50:00+00:00,24446.80078,24454.25,24434,24434
2026-03-06 09:55:00+00:00,24469.40039,24474.40039,24443.15039,24447.25
2026-03-09 03:45:00+00:00,23777.25,23958.09961,23744.75,23868.05078
2026-03-09 03:50:00+00:00,23719.19922,23786.80078,23715.09961,23774.34961
2026-03-09 03:55:00+00:00,23736.80078,23748.69922,23697.84961,23720.94922
2026-03-09 04:00:00+00:00,23764.40039,23799.30078,23735.34961,23736.75
2026-03-09 04:05:00+00:00,23766.19922,23782.40039,23751.44922,23764.84961
2026-03-09 04:10:00+00:00,23738.69922,23776.69922,23737.59961,23765.55078
2026-03-09 04:15:00+00:00,23763.90039,23773.34961,23711.84961,23737.40039
2026-03-09 04:20:00+00:00,23777.09961,23784.30078,23751.25,23761.75
2026-03-09 04:25:00+00:00,23774.69922,23786.40039,23763.30078,23776.5
2026-03-09 04:30:00+00:00,23757.09961,23789.25,23750.65039,23773.90039
2026-03-09 04:35:00+00:00,23809.34961,23813.09961,23756.5,23758.59961
2026-03-09 04:40:00+00:00,23807.25,23834.15039,23805.19922,23808.69922
2026-03-09 04:45:00+00:00,23764.44922,23806.19922,23755.84961,23806.19922
2026-03-09 04:50:00+00:00,23776.75,23797.19922,23761.75,23764.5
2026-03-09 04:55:00+00:00,23782.59961,23787.69922,23758.09961,23776.30078
2026-03-09 05:00:00+00:00,23753.09961,23785.19922,23749.90039,23781.84961
2026-03-09 05:05:00+00:00,23774,23791.75,23744.84961,23752.30078
2026-03-09 05:10:00+00:00,23782.09961,23787.30078,23763.94922,23774.34961
2026-03-09 05:15:00+00:00,23754.65039,23784.90039,23754,23783.40039
2026-03-09 05:20:00+00:00,23851.44922,23862.34961,23750.15039,23754.94922
2026-03-09 05:25:00+00:00,23861.69922,23896,23847.30078,23852.65039
2026-03-09 05:30:00+00:00,23849,23871.65039,23836.55078,23862.34961
2026-03-09 05:35:00+00:00,23830.30078,23854.15039,23824.69922,23848.65039
2026-03-09 05:40:00+00:00,23818.59961,23837.30078,23784.44922,23830.65039
2026-03-09 05:45:00+00:00,23834.09961,23837.09961,23787.34961,23819.5
2026-03-09 05:50:00+00:00,23847,23864.75,23831.84961,23833.75
2026-03-09 05:55:00+00:00,23877.75,23888.65039,23840.40039,23846.80078
2026-03-09 06:00:00+00:00,23882.15039,23889.55078,23863.90039,23877.80078
2026-03-09 06:05:00+00:00,23901.09961,23904.80078,23881.44922,23881.44922
2026-03-09 06:10:00+00:00,23897.65039,23932,23891.55078,23901.05078
2026-03-09 06:15:00+00:00,23892.94922,23910.5,23878.75,23897.65039
2026-03-09 06:20:00+00:00,23891.75,23899.30078,23883.94922,23892.55078
2026-03-09 06:25:00+00:00,23886.55078,23898.19922,23882.09961,23892.40039
2026-03-09 06:30:00+00:00,23881.40039,23888.59961,23867.15039,23887.19922
2026-03-09 06:35:00+00:00,23841.94922,23882.59961,23841.94922,23882.59961
2026-03-09 06:40:00+00:00,23855.80078,23869.19922,23828.34961,23841.80078
2026-03-09 06:45:00+00:00,23852.40039,23866.80078,23848.94922,23855.34961
2026-03-09 06:50:00+00:00,23863.84961,23864.80078,23839.19922,23852.59961
2026-03-09 06:55:00+00:00,23863.25,23870.84961,23854.09961,23865
2026-03-09 07:00:00+00:00,23844.84961,23870.69922,23844.84961,23862.19922
2026-03-09 07:05:00+00:00,23866.94922,23871.15039,23834.09961,23844.5
2026-03-09 07:10:00+00:00,23873.25,23883.15039,23859,23867.5
2026-03-09 07:15:00+00:00,23855.69922,23884,23854.30078,23873.44922
2026-03-09 07:20:00+00:00,23889.15039,23891.40039,23854.40039,23856.09961
2026-03-09 07:25:00+00:00,23909.65039,23914.94922,23881,23889.5
2026-03-09 07:30:00+00:00,23915.05078,23917.75,23890.19922,23910.94922
2026-03-09 07:35:00+00:00,23896.5,23918.19922,23893.40039,23914.44922
2026-03-09 07:40:00+00:00,23870.69922,23900.25,23863.34961,23897.55078
2026-03-09 07:45:00+00:00,23863.40039,23883.69922,23853.84961,23869.69922
2026-03-09 07:50:00+00:00,23868.09961,23902.80078,23861.15039,23863.34961
2026-03-09 07:55:00+00:00,23881.05078,23906.84961,23858.75,23866.75
2026-03-09 08:00:00+00:00,23912.44922,23937.55078,23882.15039,23882.15039
2026-03-09 08:05:00+00:00,23908.30078,23914.40039,23891.30078,23912.30078
2026-03-09 08:10:00+00:00,23903.40039,23919.34961,23899.30078,23909.05078
2026-03-09 08:15:00+00:00,23886.19922,23907.05078,23876.90039,23902.84961
2026-03-09 08:20:00+00:00,23900.90039,23910.34961,23882.69922,23886.75
2026-03-09 08:25:00+00:00,23878,23911.55078,23876.05078,23901.15039
2026-03-09 08:30:00+00:00,23883.59961,23885.69922,23859.59961,23878.5
2026-03-09 08:35:00+00:00,23894.90039,23900.19922,23876.65039,23883.65039
2026-03-09 08:40:00+00:00,23881.34961,23904.80078,23878.75,23895.09961
2026-03-09 08:45:00+00:00,23875.69922,23886.84961,23865.90039,23883.59961
2026-03-09 08:50:00+00:00,23897.65039,23901.15039,23863.94922,23875.44922
2026-03-09 08:55:00+00:00,23903.55078,23917.30078,23891.80078,23899.15039
2026-03-09 09:00:00+00:00,23907.55078,23925,23895.59961,23902.5
2026-03-09 09:05:00+00:00,23929.75,23931.55078,23901.15039,23907.75
2026-03-09 09:10:00+00:00,23946.55078,23956.30078,23914,23929.80078
2026-03-09 09:15:00+00:00,23981.05078,24016.84961,23939.30078,23946.94922
2026-03-09 09:20:00+00:00,24012.15039,24012.44922,23968.09961,23981.05078
2026-03-09 09:25:00+00:00,24008.80078,24018.55078,23991.34961,24011.65039
2026-03-09 09:30:00+00:00,24048.30078,24056.30078,23973.94922,24011
2026-03-09 09:35:00+00:00,24033.65039,24075.84961,24021.59961,24049.40039
2026-03-09 09:40:00+00:00,24047.80078,24061,24024.69922,24033.30078
2026-03-09 09:45:00+00:00,24039.65039,24056.15039,24037.80078,24047.69922
2026-03-09 09:50:00+00:00,24015.69922,24040.75,24006.15039,24040.59961
2026-03-09 09:55:00+00:00,24007.59961,24016.84961,23994.69922,24014.65039
2026-03-10 03:45:00+00:00,24150.40039,24296.90039,24150.40039,24287.09961
2026-03-10 03:50:00+00:00,24152.59961,24174.65039,24138.59961,24150.69922
2026-03-10 03:55:00+00:00,24159.80078,24171.19922,24126.59961,24151.65039
2026-03-10 04:00:00+00:00,24124.44922,24164.59961,24121.30078,24159.34961
2026-03-10 04:05:00+00:00,24093.40039,24124.25,24086.40039,24124.25
2026-03-10 04:10:00+00:00,24153.44922,24155.25,24089.34961,24093.15039
2026-03-10 04:15:00+00:00,24136.65039,24157.19922,24115.05078,24151.40039
2026-03-10 04:20:00+00:00,24131.40039,24140.25,24121.80078,24136.59961
2026-03-10 04:25:00+00:00,24093.09961,24131.94922,24079.94922,24131.84961
2026-03-10 04:30:00+00:00,24131.59961,24138.65039,24091.30078,24092.05078
2026-03-10 04:35:00+00:00,24139.5,24147.5,24121.40039,24130.80078
2026-03-10 04:40:00+00:00,24151.05078,24160.94922,24131.09961,24139.15039
2026-03-10 04:45:00+00:00,24204.55078,24213.69922,24149.30078,24151.5
2026-03-10 04:50:00+00:00,24169,24208.19922,24151.90039,24205
2026-03-10 04:55:00+00:00,24160.59961,24175.94922,24153.19922,24169.19922
2026-03-10 05:00:00+00:00,24200.30078,24207.30078,24159.09961,24160.30078
2026-03-10 05:05:00+00:00,24193.19922,24209.15039,24185.44922,24200.30078
2026-03-10 05:10:00+00:00,24217.05078,24224.80078,24191.5,24192.69922
2026-03-10 05:15:00+00:00,24222.40039,24233.19922,24213.25,24217.19922
2026-03-10 05:20:00+00:00,24192.05078,24225.80078,24184.94922,24222.19922
2026-03-10 05:25:00+00:00,24197.40039,24198.80078,24173.94922,24192.19922
2026-03-10 05:30:00+00:00,24202.65039,24207.30078,24186.59961,24197.59961
2026-03-10 05:35:00+00:00,24219.59961,24219.59961,24196.75,24202.80078
2026-03-10 05:40:00+00:00,24222.40039,24224.94922,24216.19922,24219.09961
2026-03-10 05:45:00+00:00,24210.25,24243.5,24208.30078,24222.19922
2026-03-10 05:50:00+00:00,24233.30078,24234.44922,24206.09961,24210.80078
2026-03-10 05:55:00+00:00,24229,24237.69922,24216.94922,24233.40039
2026-03-10 06:00:00+00:00,24244.65039,24246.84961,24226.94922,24229.55078
2026-03-10 06:05:00+00:00,24252.05078,24255.05078,24242.34961,24245.40039
2026-03-10 06:10:00+00:00,24250.09961,24255.30078,24247.84961,24252.30078
2026-03-10 06:15:00+00:00,24208.19922,24250.5,24208,24250
2026-03-10 06:20:00+00:00,24213.15039,24214.59961,24195.69922,24207.44922
2026-03-10 06:25:00+00:00,24210.65039,24225.25,24193.90039,24214.30078
2026-03-10 06:30:00+00:00,24214.15039,24222.75,24207.94922,24210.80078
2026-03-10 06:35:00+00:00,24205.30078,24229.44922,24205.30078,24214.44922
2026-03-10 06:40:00+00:00,24172.5,24215.90039,24172.5,24205.34961
2026-03-10 06:45:00+00:00,24184.5,24189.44922,24149.94922,24173.09961
2026-03-10 06:50:00+00:00,24152,24186.65039,24143.05078,24184.40039
2026-03-10 06:55:00+00:00,24162.65039,24166.05078,24147.59961,24152
2026-03-10 07:00:00+00:00,24160.90039,24165.90039,24153.15039,24163.30078
2026-03-10 07:05:00+00:00,24157,24191.5,24156.5,24160
2026-03-10 07:10:00+00:00,24147.05078,24163.34961,24142.44922,24156.65039
2026-03-10 07:15:00+00:00,24184.5,24184.5,24142.75,24147.59961
2026-03-10 07:20:00+00:00,24218.40039,24220.05078,24181.90039,24184.44922
2026-03-10 07:25:00+00:00,24219.15039,24231.34961,24209.40039,24218.55078
2026-03-10 07:30:00+00:00,24224.09961,24236.5,24213.59961,24219.40039
2026-03-10 07:35:00+00:00,24206.30078,24226.69922,24201.55078,24226.34961
2026-03-10 07:40:00+00:00,24209.34961,24217.84961,24194.90039,24208.05078
2026-03-10 07:45:00+00:00,24215.40039,24219.05078,24203.59961,24209.90039
2026-03-10 07:50:00+00:00,24199.84961,24225.30078,24190.40039,24215.75
2026-03-10 07:55:00+00:00,24212.59961,24213.34961,24191.84961,24199.34961
2026-03-10 08:00:00+00:00,24231.80078,24236.05078,24212.40039,24212.55078
2026-03-10 08:05:00+00:00,24252.15039,24262.84961,24215.75,24231.40039
2026-03-10 08:10:00+00:00,24238.55078,24258.09961,24230.34961,24251.69922
2026-03-10 08:15:00+00:00,24233.65039,24238.69922,24223.5,24238.5
2026-03-10 08:20:00+00:00,24239.5,24253.5,24232.75,24233.80078
2026-03-10 08:25:00+00:00,24233.19922,24244.34961,24232.80078,24239.69922
2026-03-10 08:30:00+00:00,24233.34961,24236.65039,24215.59961,24233.44922
2026-03-10 08:35:00+00:00,24275.5,24289.94922,24227.65039,24232.80078
2026-03-10 08:40:00+00:00,24285.94922,24294,24269.59961,24276.75
2026-03-10 08:45:00+00:00,24252.84961,24296.65039,24248.44922,24286.25
2026-03-10 08:50:00+00:00,24239.34961,24253.80078,24222.44922,24252.65039
2026-03-10 08:55:00+00:00,24235.44922,24244.44922,24221.25,24238.05078
2026-03-10 09:00:00+00:00,24215.15039,24245.94922,24201.94922,24235.19922
2026-03-10 09:05:00+00:00,24228.44922,24245.15039,24214.05078,24215.30078
2026-03-10 09:10:00+00:00,24224.59961,24236.40039,24203.05078,24227.5
2026-03-10 09:15:00+00:00,24264.59961,24267.65039,24208.5,24224.84961
2026-03-10 09:20:00+00:00,24263.80078,24278.15039,24240.34961,24265.75
2026-03-10 09:25:00+00:00,24261.44922,24273.90039,24250.15039,24263.84961
2026-03-10 09:30:00+00:00,24252.40039,24264.05078,24217.5,24261.94922
2026-03-10 09:35:00+00:00,24259,24269.19922,24246.55078,24252.05078
2026-03-10 09:40:00+00:00,24258,24276.25,24250.59961,24259
2026-03-10 09:45:00+00:00,24274.25,24280.40039,24256.94922,24257.40039
2026-03-10 09:50:00+00:00,24291.34961,24292,24254,24273.59961
2026-03-10 09:55:00+00:00,24286.15039,24302.5,24281.25,24291.59961
2026-03-11 03:45:00+00:00,24285.90039,24293.5,24220.5,24262.69922
2026-03-11 03:50:00+00:00,24242.5,24298.44922,24239.34961,24288.80078
2026-03-11 03:55:00+00:00,24237.34961,24250.34961,24214.65039,24243.59961
2026-03-11 04:00:00+00:00,24228.59961,24238.25,24203.5,24237.90039
2026-03-11 04:05:00+00:00,24192.44922,24230.69922,24182.84961,24228.75
2026-03-11 04:10:00+00:00,24187.65039,24197.59961,24173.84961,24194.69922
2026-03-11 04:15:00+00:00,24198.80078,24207.5,24179.94922,24188.94922
2026-03-11 04:20:00+00:00,24148.55078,24205.34961,24147.19922,24199.30078
2026-03-11 04:25:00+00:00,24153.69922,24170.55078,24145.44922,24148.34961
2026-03-11 04:30:00+00:00,24160.59961,24161.69922,24134.25,24154.59961
2026-03-11 04:35:00+00:00,24118.19922,24160.94922,24117.25,24160.94922
2026-03-11 04:40:00+00:00,24116.5,24125.90039,24109.84961,24118.84961
2026-03-11 04:45:00+00:00,24124,24132.25,24112,24117.09961
2026-03-11 04:50:00+00:00,24125.05078,24130.34961,24104.55078,24124.59961
2026-03-11 04:55:00+00:00,24121.65039,24131.94922,24111,24126.30078
2026-03-11 05:00:00+00:00,24125.40039,24141.94922,24119.40039,24122.34961
2026-03-11 05:05:00+00:00,24085.55078,24125.59961,24084.90039,24125.34961
2026-03-11 05:10:00+00:00,24074.09961,24101.40039,24070.19922,24087
2026-03-11 05:15:00+00:00,24087.59961,24088.34961,24049.40039,24074
2026-03-11 05:20:00+00:00,24083.44922,24097.65039,24072.34961,24087.40039
2026-03-11 05:25:00+00:00,24102.94922,24104.05078,24080.34961,24083.44922
2026-03-11 05:30:00+00:00,24110.84961,24114.09961,24089.90039,24102.94922
2026-03-11 05:35:00+00:00,24085.65039,24111.94922,24083.65039,24111.44922
2026-03-11 05:40:00+00:00,24071.40039,24087.40039,24063.30078,24085.75
2026-03-11 05:45:00+00:00,24042.09961,24073.75,24037.90039,24073.75
2026-03-11 05:50:00+00:00,24010.59961,24042.09961,24010.15039,24042.09961
2026-03-11 05:55:00+00:00,24033.55078,24033.69922,24011.94922,24013.5
2026-03-11 06:00:00+00:00,24001.19922,24034.34961,23997.05078,24033.90039
2026-03-11 06:05:00+00:00,24009.59961,24023.59961,23986.84961,24001.44922
2026-03-11 06:10:00+00:00,24013.94922,24014.25,24000.09961,24010.44922
2026-03-11 06:15:00+00:00,23996.75,24015.94922,23996.15039,24014.44922
2026-03-11 06:20:00+00:00,23995.25,23998.25,23975.15039,23997.94922
2026-03-11 06:25:00+00:00,23982.30078,23995.55078,23972.34961,23995.55078
2026-03-11 06:30:00+00:00,24021.94922,24022.84961,23978.94922,23982.59961
2026-03-11 06:35:00+00:00,24002.5,24023.84961,23997.59961,24022.09961
2026-03-11 06:40:00+00:00,24011.59961,24020.80078,23999.65039,24003.15039
2026-03-11 06:45:00+00:00,24015.30078,24019.75,24006.25,24012.55078
2026-03-11 06:50:00+00:00,24015.59961,24024.19922,24009.05078,24016.05078
2026-03-11 06:55:00+00:00,24011.90039,24017,24002.5,24016.19922
2026-03-11 07:00:00+00:00,23990.90039,24023.65039,23984,24012.34961
2026-03-11 07:05:00+00:00,23972.19922,24001.75,23969.80078,23993.25
2026-03-11 07:10:00+00:00,24010.94922,24011,23970.94922,23973.59961
2026-03-11 07:15:00+00:00,23992.55078,24011.84961,23983.09961,24011.84961
2026-03-11 07:20:00+00:00,23985.94922,23999.25,23983.19922,23993.40039
2026-03-11 07:25:00+00:00,23973.30078,23990.84961,23971.15039,23986.30078
2026-03-11 07:30:00+00:00,23961.5,23993.75,23954.19922,23973.80078
2026-03-11 07:35:00+00:00,23971.5,23974.34961,23958.69922,23962.15039
2026-03-11 07:40:00+00:00,23929.65039,23971.55078,23920.30078,23971.55078
2026-03-11 07:45:00+00:00,23938.75,23939.65039,23914.19922,23930.69922
2026-03-11 07:50:00+00:00,23961.44922,23963.19922,23934.75,23939.65039
2026-03-11 07:55:00+00:00,23980,23980.65039,23952.40039,23962.05078
2026-03-11 08:00:00+00:00,23977.09961,24005.34961,23973.90039,23980.44922
2026-03-11 08:05:00+00:00,23961.34961,23985.59961,23958.34961,23977.55078
2026-03-11 08:10:00+00:00,23957.94922,23974.25,23955.84961,23962.09961
2026-03-11 08:15:00+00:00,23951.75,23964.40039,23941.80078,23958.44922
2026-03-11 08:20:00+00:00,23961.5,23965.65039,23938.69922,23951.84961
2026-03-11 08:25:00+00:00,23959.19922,23966.25,23942.44922,23961.84961
2026-03-11 08:30:00+00:00,23955.05078,23960.90039,23940.59961,23959
2026-03-11 08:35:00+00:00,23934.34961,23959.40039,23934.34961,23955.09961
2026-03-11 08:40:00+00:00,23939.94922,23944.15039,23929.19922,23936.19922
2026-03-11 08:45:00+00:00,23915.30078,23948.40039,23904.34961,23940.94922
2026-03-11 08:50:00+00:00,23900.09961,23927.34961,23900.09961,23916.90039
2026-03-11 08:55:00+00:00,23974.55078,23974.59961,23892.19922,23899.55078
2026-03-11 09:00:00+00:00,23924.30078,23977.05078,23924.30078,23975.80078
2026-03-11 09:05:00+00:00,23936.80078,23939.5,23918.65039,23923.25
2026-03-11 09:10:00+00:00,23921.30078,23938.59961,23913.69922,23938.59961
2026-03-11 09:15:00+00:00,23916.44922,23930.40039,23912.30078,23921.55078
2026-03-11 09:20:00+00:00,23916.15039,23923.84961,23894.5,23917.40039
2026-03-11 09:25:00+00:00,23872.40039,23916.75,23872.05078,23916.75
2026-03-11 09:30:00+00:00,23883.94922,23913.09961,23874.80078,23874.80078
2026-03-11 09:35:00+00:00,23878.90039,23896.40039,23855.25,23887.15039
2026-03-11 09:40:00+00:00,23861.90039,23885.84961,23857.5,23880.55078
2026-03-11 09:45:00+00:00,23874.55078,23879.59961,23856.44922,23864.19922
2026-03-11 09:50:00+00:00,23860.25,23878.44922,23848.09961,23876.5
2026-03-11 09:55:00+00:00,23848.19922,23860.55078,23837.05078,23860.55078
2026-03-12 03:45:00+00:00,23563.15039,23686.59961,23557.84961,23686.59961
2026-03-12 03:50:00+00:00,23601.40039,23601.40039,23557.84961,23564.5
2026-03-12 03:55:00+00:00,23603.34961,23612.75,23586.84961,23601.65039
2026-03-12 04:00:00+00:00,23592.65039,23619.59961,23589.55078,23600.44922
2026-03-12 04:05:00+00:00,23572.84961,23610.09961,23571.84961,23593.94922
2026-03-12 04:10:00+00:00,23602.65039,23606.90039,23569.40039,23574.5
2026-03-12 04:15:00+00:00,23623.15039,23624.55078,23595.05078,23606.19922
2026-03-12 04:20:00+00:00,23656.75,23657,23618.44922,23623.5
2026-03-12 04:25:00+00:00,23693.80078,23696.30078,23643.75,23657
2026-03-12 04:30:00+00:00,23677.84961,23696.34961,23670.59961,23695.40039
2026-03-12 04:35:00+00:00,23628.19922,23679.84961,23620.15039,23679.84961
2026-03-12 04:40:00+00:00,23610.15039,23651.40039,23605.34961,23632.44922
2026-03-12 04:45:00+00:00,23612.65039,23615.90039,23589.90039,23610.5
2026-03-12 04:50:00+00:00,23616.44922,23628.94922,23608.5,23614.75
2026-03-12 04:55:00+00:00,23666.65039,23681.55078,23617.15039,23617.19922
2026-03-12 05:00:00+00:00,23685.44922,23690.09961,23632.34961,23666.34961
2026-03-12 05:05:00+00:00,23712.94922,23719.44922,23673.44922,23686.15039
2026-03-12 05:10:00+00:00,23692.69922,23719.80078,23684.65039,23714.34961
2026-03-12 05:15:00+00:00,23694,23704.84961,23690.59961,23693.40039
2026-03-12 05:20:00+00:00,23694.5,23713.65039,23669.30078,23694.59961
2026-03-12 05:25:00+00:00,23740.90039,23741.59961,23681.69922,23695.25
2026-03-12 05:30:00+00:00,23767.19922,23768.09961,23741.15039,23741.59961
2026-03-12 05:35:00+00:00,23738.40039,23773.65039,23733.94922,23768.55078
2026-03-12 05:40:00+00:00,23741.05078,23764.40039,23737.19922,23739.44922
2026-03-12 05:45:00+00:00,23696.90039,23756.65039,23678.15039,23741.75
2026-03-12 05:50:00+00:00,23703.5,23703.90039,23665,23700.69922
2026-03-12 05:55:00+00:00,23703.30078,23713.44922,23690.5,23703.84961
2026-03-12 06:00:00+00:00,23697.90039,23704.19922,23676.59961,23704.19922
2026-03-12 06:05:00+00:00,23697.25,23701.25,23682.65039,23698.34961
2026-03-12 06:10:00+00:00,23711.34961,23718.25,23689.80078,23699.40039
2026-03-12 06:15:00+00:00,23694.30078,23725,23688.09961,23712.44922
2026-03-12 06:20:00+00:00,23712.94922,23718.84961,23692.5,23695.69922
2026-03-12 06:25:00+00:00,23739.84961,23742.19922,23708.15039,23713.90039
2026-03-12 06:30:00+00:00,23744.19922,23748.09961,23735.30078,23739.44922
2026-03-12 06:35:00+00:00,23725.65039,23748.44922,23718.09961,23744.40039
2026-03-12 06:40:00+00:00,23749.34961,23750.65039,23710.5,23727.80078
2026-03-12 06:45:00+00:00,23724.30078,23751.15039,23721.80078,23751.15039
2026-03-12 06:50:00+00:00,23749.19922,23755.94922,23724,23725.69922
2026-03-12 06:55:00+00:00,23744.09961,23759.19922,23735.19922,23750.84961
2026-03-12 07:00:00+00:00,23721.90039,23747.59961,23717.5,23744.40039
2026-03-12 07:05:00+00:00,23709.75,23731.69922,23702.40039,23721.75
2026-03-12 07:10:00+00:00,23715.80078,23722.34961,23702.30078,23710.65039
2026-03-12 07:15:00+00:00,23722.09961,23731.25,23714.09961,23716.69922
2026-03-12 07:20:00+00:00,23708.34961,23728.90039,23701.5,23722.84961
2026-03-12 07:25:00+00:00,23717,23723.80078,23700.80078,23710.69922
2026-03-12 07:30:00+00:00,23702.75,23718.69922,23691.40039,23717.84961
2026-03-12 07:35:00+00:00,23682.55078,23702.59961,23656.40039,23702.44922
2026-03-12 07:40:00+00:00,23715.25,23722.40039,23678.75,23683.55078
2026-03-12 07:45:00+00:00,23702.25,23718.5,23697.25,23718.30078
2026-03-12 07:50:00+00:00,23740.34961,23744.09961,23695.80078,23702.94922
2026-03-12 07:55:00+00:00,23764.30078,23767.94922,23732.69922,23741.69922
2026-03-12 08:00:00+00:00,23804.30078,23814.75,23764.69922,23765.25
2026-03-12 08:05:00+00:00,23811.80078,23818.44922,23796.59961,23805.25
2026-03-12 08:10:00+00:00,23789.90039,23832.65039,23784.25,23813.59961
2026-03-12 08:15:00+00:00,23782.55078,23801.25,23776.25,23789.34961
2026-03-12 08:20:00+00:00,23771.44922,23793.09961,23762.5,23783.59961
2026-03-12 08:25:00+00:00,23738.59961,23772,23738.59961,23771.84961
2026-03-12 08:30:00+00:00,23752.84961,23762.44922,23733.5,23740.55078
2026-03-12 08:35:00+00:00,23721.5,23771.55078,23720.05078,23752.84961
2026-03-12 08:40:00+00:00,23738.90039,23747.65039,23701.94922,23721.69922
2026-03-12 08:45:00+00:00,23749.34961,23758.15039,23723.30078,23739.34961
2026-03-12 08:50:00+00:00,23732.94922,23755.80078,23730.34961,23749.5
2026-03-12 08:55:00+00:00,23711.80078,23744.30078,23709.65039,23734.15039
2026-03-12 09:00:00+00:00,23738.30078,23739.94922,23710.40039,23713.5
2026-03-12 09:05:00+00:00,23724.94922,23745.15039,23721.40039,23739.30078
2026-03-12 09:10:00+00:00,23673.80078,23726.15039,23667.59961,23726.15039
2026-03-12 09:15:00+00:00,23672.55078,23684.09961,23657.19922,23673.15039
2026-03-12 09:20:00+00:00,23633.05078,23674.69922,23605.55078,23674.25
2026-03-12 09:25:00+00:00,23639.44922,23647.94922,23619.94922,23634.5
2026-03-12 09:30:00+00:00,23654.90039,23655.80078,23609.94922,23641.09961
2026-03-12 09:35:00+00:00,23666.80078,23669.05078,23637.90039,23655.65039
2026-03-12 09:40:00+00:00,23633.90039,23679.80078,23628.80078,23665.34961
2026-03-12 09:45:00+00:00,23649.55078,23652,23624.75,23636.34961
2026-03-12 09:50:00+00:00,23635.59961,23652.15039,23630.55078,23650.65039
2026-03-12 09:55:00+00:00,23639.34961,23643.09961,23624.59961,23635.55078
2026-03-13 03:45:00+00:00,23450.25,23485.05078,23421.55078,23472.80078
2026-03-13 03:50:00+00:00,23431.59961,23451.94922,23417.40039,23448.5
2026-03-13 03:55:00+00:00,23469.65039,23475.55078,23416.05078,23431.15039
2026-03-13 04:00:00+00:00,23453.90039,23491.90039,23452.59961,23469.80078
2026-03-13 04:05:00+00:00,23454.75,23474.44922,23433.59961,23455.05078
2026-03-13 04:10:00+00:00,23425.5,23462,23424.94922,23456.25
2026-03-13 04:15:00+00:00,23397.40039,23426.55078,23388.84961,23426.55078
2026-03-13 04:20:00+00:00,23363.09961,23399.65039,23363.09961,23399.65039
2026-03-13 04:25:00+00:00,23347.55078,23372.55078,23344.75,23364.44922
2026-03-13 04:30:00+00:00,23361.09961,23369.94922,23333.5,23349.09961
2026-03-13 04:35:00+00:00,23337.05078,23361.80078,23326.94922,23361.80078
2026-03-13 04:40:00+00:00,23329.80078,23344.09961,23311.84961,23337.34961
2026-03-13 04:45:00+00:00,23317.5,23340.69922,23317.34961,23330.94922
2026-03-13 04:50:00+00:00,23311.84961,23334.84961,23306.5,23318.09961
2026-03-13 04:55:00+00:00,23353.44922,23357.09961,23309,23313.69922
2026-03-13 05:00:00+00:00,23326.75,23360,23325.69922,23354.44922
2026-03-13 05:05:00+00:00,23337.19922,23338,23320.30078,23326.75
2026-03-13 05:10:00+00:00,23324.55078,23342,23313.05078,23338.09961
2026-03-13 05:15:00+00:00,23330.40039,23333.40039,23309.30078,23325.19922
2026-03-13 05:20:00+00:00,23359.19922,23379.55078,23330.09961,23330.65039
2026-03-13 05:25:00+00:00,23372.69922,23372.69922,23348.90039,23362.09961
2026-03-13 05:30:00+00:00,23358.25,23374.69922,23355.19922,23373.80078
2026-03-13 05:35:00+00:00,23334.19922,23361.65039,23331.5,23357.25
2026-03-13 05:40:00+00:00,23321.65039,23339.55078,23317.44922,23333.34961
2026-03-13 05:45:00+00:00,23324.84961,23329.25,23309.65039,23323.55078
2026-03-13 05:50:00+00:00,23335.94922,23342.84961,23319.59961,23324.09961
2026-03-13 05:55:00+00:00,23377.34961,23379.19922,23333.15039,23337
2026-03-13 06:00:00+00:00,23391.30078,23400.30078,23365.34961,23378.84961
2026-03-13 06:05:00+00:00,23405.15039,23410.19922,23380.5,23392.19922
2026-03-13 06:10:00+00:00,23407.90039,23414.90039,23395.25,23407.34961
2026-03-13 06:15:00+00:00,23403.5,23410.59961,23390.40039,23409.34961
2026-03-13 06:20:00+00:00,23389.25,23409.40039,23388.69922,23405.5
2026-03-13 06:25:00+00:00,23361.19922,23389.69922,23360.5,23389.69922
2026-03-13 06:30:00+00:00,23344.15039,23365.44922,23335.75,23363.09961
2026-03-13 06:35:00+00:00,23331.59961,23347.5,23322.34961,23344.30078
2026-03-13 06:40:00+00:00,23336.15039,23342.55078,23317.44922,23333.90039
2026-03-13 06:45:00+00:00,23318.09961,23338.90039,23318.09961,23338.90039
2026-03-13 06:50:00+00:00,23269.55078,23319.09961,23269.55078,23319.09961
2026-03-13 06:55:00+00:00,23278.69922,23291.25,23266.5,23273.30078
2026-03-13 07:00:00+00:00,23239.19922,23281.5,23228.80078,23280.05078
2026-03-13 07:05:00+00:00,23216.30078,23241.80078,23211.5,23241
2026-03-13 07:10:00+00:00,23212.40039,23219.40039,23193.90039,23219.19922
2026-03-13 07:15:00+00:00,23240.90039,23245.5,23210.19922,23214
2026-03-13 07:20:00+00:00,23229.59961,23250.19922,23213.55078,23241.65039
2026-03-13 07:25:00+00:00,23231.09961,23242.80078,23213.30078,23230.44922
2026-03-13 07:30:00+00:00,23221.25,23239.55078,23217.75,23232.55078
2026-03-13 07:35:00+00:00,23197.15039,23227.5,23194,23223.75
2026-03-13 07:40:00+00:00,23175.69922,23210.19922,23175.05078,23198.44922
2026-03-13 07:45:00+00:00,23171.59961,23192.75,23169.34961,23178.34961
2026-03-13 07:50:00+00:00,23141.25,23187.65039,23138.15039,23171.75
2026-03-13 07:55:00+00:00,23189.34961,23191.30078,23139.25,23142.75
2026-03-13 08:00:00+00:00,23167.94922,23202.65039,23166.40039,23191.34961
2026-03-13 08:05:00+00:00,23145.65039,23171.09961,23142.69922,23169.19922
2026-03-13 08:10:00+00:00,23157.15039,23165.19922,23133,23147.25
2026-03-13 08:15:00+00:00,23160.25,23168.40039,23148.84961,23159.09961
2026-03-13 08:20:00+00:00,23138.25,23166.90039,23120.44922,23162.30078
2026-03-13 08:25:00+00:00,23118.94922,23150.30078,23113.30078,23141.55078
2026-03-13 08:30:00+00:00,23143.19922,23161.44922,23120.19922,23121.65039
2026-03-13 08:35:00+00:00,23170.25,23178.5,23142.25,23145.25
2026-03-13 08:40:00+00:00,23201.84961,23205.5,23167.15039,23172.75
2026-03-13 08:45:00+00:00,23219.19922,23220,23182.75,23203.65039
2026-03-13 08:50:00+00:00,23210.19922,23233.5,23201.75,23221.44922
2026-03-13 08:55:00+00:00,23202.5,23225.09961,23199.75,23210.80078
2026-03-13 09:00:00+00:00,23235.5,23258.59961,23203.59961,23204.59961
2026-03-13 09:05:00+00:00,23208.65039,23249.05078,23208.30078,23242.09961
2026-03-13 09:10:00+00:00,23224.80078,23231.55078,23205.65039,23211.75
2026-03-13 09:15:00+00:00,23191.05078,23231.19922,23177.55078,23228.69922
2026-03-13 09:20:00+00:00,23167.34961,23212.5,23166.59961,23193.65039
2026-03-13 09:25:00+00:00,23177.90039,23182.09961,23144.55078,23172.65039
2026-03-13 09:30:00+00:00,23138.05078,23190.55078,23135.75,23181.05078
2026-03-13 09:35:00+00:00,23132.75,23147.94922,23125.09961,23137.44922
2026-03-13 09:40:00+00:00,23162.55078,23167.05078,23127.75,23136.90039
2026-03-13 09:45:00+00:00,23153.19922,23165.15039,23145.65039,23161.44922
2026-03-13 09:50:00+00:00,23148.15039,23154.09961,23138.5,23153.09961
2026-03-13 09:55:00+00:00,23170.90039,23173.84961,23147,23147.30078
2026-03-16 03:45:00+00:00,23172.55078,23240.84961,23106.44922,23125.65039
2026-03-16 03:50:00+00:00,23139.90039,23188.30078,23131.65039,23173.80078
2026-03-16 03:55:00+00:00,23157.75,23166.94922,23111.30078,23140.84961
2026-03-16 04:00:00+00:00,23219.65039,23224.30078,23158.19922,23159.5
2026-03-16 04:05:00+00:00,23242.75,23269.80078,23217.05078,23221.15039
2026-03-16 04:10:00+00:00,23240.5,23284.34961,23237.40039,23240.94922
2026-03-16 04:15:00+00:00,23241,23276.94922,23231.44922,23240.19922
2026-03-16 04:20:00+00:00,23226.5,23261,23221,23240.84961
2026-03-16 04:25:00+00:00,23167.55078,23232.75,23164.69922,23226.65039
2026-03-16 04:30:00+00:00,23196.94922,23198.34961,23167.44922,23168.80078
2026-03-16 04:35:00+00:00,23184.44922,23210.5,23182.15039,23197.09961
2026-03-16 04:40:00+00:00,23155.19922,23189.94922,23143.25,23184.75
2026-03-16 04:45:00+00:00,23100,23154.34961,23099.80078,23154.34961
2026-03-16 04:50:00+00:00,23056.69922,23100.59961,23055.75,23100.59961
2026-03-16 04:55:00+00:00,23024.94922,23065.94922,23024.94922,23055.69922
2026-03-16 05:00:00+00:00,23045.09961,23074.5,23025.94922,23026.5
2026-03-16 05:05:00+00:00,23057.69922,23076.75,23038.80078,23045.30078
2026-03-16 05:10:00+00:00,23052.05078,23068.30078,23047.75,23056.84961
2026-03-16 05:15:00+00:00,23035.59961,23064.25,23028,23053.5
2026-03-16 05:20:00+00:00,22986.25,23041.5,22985.34961,23035.69922
2026-03-16 05:25:00+00:00,23032.25,23034.05078,22955.55078,22987.34961
2026-03-16 05:30:00+00:00,23043.05078,23049.05078,23012.94922,23032.94922
2026-03-16 05:35:00+00:00,23076.75,23079,23030.40039,23043.84961
2026-03-16 05:40:00+00:00,23092.34961,23097.44922,23060.65039,23077.90039
2026-03-16 05:45:00+00:00,23187.75,23190.15039,23090.69922,23093.55078
2026-03-16 05:50:00+00:00,23185.40039,23199.44922,23164.5,23189.05078
2026-03-16 05:55:00+00:00,23172.19922,23184.15039,23160.55078,23182.69922
2026-03-16 06:00:00+00:00,23196.84961,23218.15039,23163.19922,23172.75
2026-03-16 06:05:00+00:00,23166.69922,23209.05078,23161.34961,23197.09961
2026-03-16 06:10:00+00:00,23149.5,23184.05078,23148.34961,23166.34961
2026-03-16 06:15:00+00:00,23160,23166.44922,23144.80078,23149.90039
2026-03-16 06:20:00+00:00,23154.19922,23170.55078,23144.94922,23160
2026-03-16 06:25:00+00:00,23144.94922,23172,23138.09961,23152.94922
2026-03-16 06:30:00+00:00,23155.09961,23188.94922,23144.40039,23144.40039
2026-03-16 06:35:00+00:00,23159.55078,23168.15039,23150.80078,23155.5
2026-03-16 06:40:00+00:00,23162.84961,23185.84961,23147.30078,23159.19922
2026-03-16 06:45:00+00:00,23166.05078,23169.15039,23154.34961,23163.30078
2026-03-16 06:50:00+00:00,23191.90039,23192.84961,23162.30078,23166.5
2026-03-16 06:55:00+00:00,23179.40039,23196.44922,23171.15039,23191.15039
2026-03-16 07:00:00+00:00,23144.65039,23182.55078,23138.84961,23178.65039
2026-03-16 07:05:00+00:00,23159.44922,23160.55078,23114.5,23144.19922
2026-03-16 07:10:00+00:00,23154.80078,23173.65039,23151.44922,23159.44922
2026-03-16 07:15:00+00:00,23102.65039,23154.59961,23100.59961,23154.15039
2026-03-16 07:20:00+00:00,23123.5,23128.69922,23093.25,23102.40039
2026-03-16 07:25:00+00:00,23132.40039,23132.75,23114.80078,23123.19922
2026-03-16 07:30:00+00:00,23121.90039,23172.59961,23121.90039,23132.75
2026-03-16 07:35:00+00:00,23121.55078,23131.84961,23086.34961,23120.94922
2026-03-16 07:40:00+00:00,23116.80078,23146.30078,23111.65039,23120.25
2026-03-16 07:45:00+00:00,23151.09961,23151.09961,23115.40039,23117.94922
2026-03-16 07:50:00+00:00,23149.19922,23168.94922,23144.80078,23150.69922
2026-03-16 07:55:00+00:00,23124.5,23161.80078,23121.84961,23150
2026-03-16 08:00:00+00:00,23108.30078,23144.19922,23100.69922,23123.75
2026-03-16 08:05:00+00:00,23128.19922,23130.44922,23106.65039,23107.90039
2026-03-16 08:10:00+00:00,23108.25,23147.84961,23107.05078,23126.34961
2026-03-16 08:15:00+00:00,23107.80078,23119.34961,23092.84961,23107.44922
2026-03-16 08:20:00+00:00,23130.05078,23142.55078,23097.15039,23107.84961
2026-03-16 08:25:00+00:00,23130.80078,23133.25,23115.75,23127.59961
2026-03-16 08:30:00+00:00,23123.69922,23134.44922,23121.59961,23130.44922
2026-03-16 08:35:00+00:00,23137.59961,23142.90039,23116,23123.44922
2026-03-16 08:40:00+00:00,23155.30078,23180.69922,23136.34961,23136.34961
2026-03-16 08:45:00+00:00,23225.59961,23226.84961,23134.59961,23155.05078
2026-03-16 08:50:00+00:00,23336.44922,23340.90039,23225.19922,23226.55078
2026-03-16 08:55:00+00:00,23347.84961,23369.5,23302.15039,23339.69922
2026-03-16 09:00:00+00:00,23365.84961,23382.19922,23337.65039,23352.84961
2026-03-16 09:05:00+00:00,23411.59961,23416.80078,23358.09961,23370.25
2026-03-16 09:10:00+00:00,23427.84961,23450.05078,23390.05078,23415
2026-03-16 09:15:00+00:00,23453.84961,23460.65039,23411.30078,23429.84961
2026-03-16 09:20:00+00:00,23458.15039,23502,23435.09961,23456.25
2026-03-16 09:25:00+00:00,23454.05078,23475.44922,23436.75,23463.75
2026-03-16 09:30:00+00:00,23401.69922,23459.25,23388.75,23455.30078
2026-03-16 09:35:00+00:00,23440.19922,23458,23403.55078,23403.55078
2026-03-16 09:40:00+00:00,23435.25,23460.19922,23418.25,23442.19922
2026-03-16 09:45:00+00:00,23376,23436.05078,23373.25,23435.80078
2026-03-16 09:50:00+00:00,23354.55078,23385.34961,23352.65039,23376.69922
2026-03-16 09:55:00+00:00,23355.59961,23359.90039,23338.59961,23354.84961
2026-03-17 03:45:00+00:00,23398.40039,23493.19922,23361.34961,23493.19922
2026-03-17 03:50:00+00:00,23368.55078,23424.25,23366.94922,23395.55078
2026-03-17 03:55:00+00:00,23373.19922,23391.05078,23347.40039,23363.75
2026-03-17 04:00:00+00:00,23387.80078,23402.84961,23359.5,23373.15039
2026-03-17 04:05:00+00:00,23437,23440.30078,23385.05078,23388.80078
2026-03-17 04:10:00+00:00,23452.90039,23462.90039,23417.30078,23437.25
2026-03-17 04:15:00+00:00,23482.59961,23486.30078,23431.69922,23453.15039
2026-03-17 04:20:00+00:00,23483,23488.30078,23456.40039,23484.5
2026-03-17 04:25:00+00:00,23496.69922,23501.59961,23466,23483
2026-03-17 04:30:00+00:00,23513,23524.94922,23496.69922,23496.75
2026-03-17 04:35:00+00:00,23519.09961,23530.34961,23512.65039,23513.44922
2026-03-17 04:40:00+00:00,23526,23536.84961,23504.80078,23520.5
2026-03-17 04:45:00+00:00,23554.69922,23555.19922,23525.75,23525.84961
2026-03-17 04:50:00+00:00,23564.44922,23576.55078,23536.59961,23554.30078
2026-03-17 04:55:00+00:00,23500.19922,23566.15039,23500.19922,23563.69922
2026-03-17 05:00:00+00:00,23470.09961,23510.65039,23470,23501.84961
2026-03-17 05:05:00+00:00,23489.94922,23490.59961,23443,23467.84961
2026-03-17 05:10:00+00:00,23483.75,23493.80078,23461.25,23489.69922
2026-03-17 05:15:00+00:00,23523,23523.15039,23475.5,23483.90039
2026-03-17 05:20:00+00:00,23519.94922,23533,23510.25,23522.65039
2026-03-17 05:25:00+00:00,23523.94922,23533.90039,23509.40039,23521.15039
2026-03-17 05:30:00+00:00,23515.19922,23528.15039,23508,23523.84961
2026-03-17 05:35:00+00:00,23490.65039,23526.94922,23481.59961,23514.90039
2026-03-17 05:40:00+00:00,23470.55078,23507.40039,23467.40039,23490.44922
2026-03-17 05:45:00+00:00,23440.65039,23479.5,23440.44922,23471.44922
2026-03-17 05:50:00+00:00,23412.75,23448.15039,23411.15039,23438.55078
2026-03-17 05:55:00+00:00,23383.69922,23416.84961,23375.94922,23412.65039
2026-03-17 06:00:00+00:00,23366.05078,23394,23363.44922,23384.34961
2026-03-17 06:05:00+00:00,23391.05078,23409.90039,23355.69922,23365.75
2026-03-17 06:10:00+00:00,23390.65039,23408.15039,23379.94922,23390.44922
2026-03-17 06:15:00+00:00,23392.84961,23417.84961,23387.80078,23390.44922
2026-03-17 06:20:00+00:00,23410.44922,23429.59961,23389.59961,23392.65039
2026-03-17 06:25:00+00:00,23415.84961,23419.59961,23376.05078,23410.59961
2026-03-17 06:30:00+00:00,23412.90039,23421.94922,23402.59961,23415.34961
2026-03-17 06:35:00+00:00,23436.30078,23438,23408.19922,23410.40039
2026-03-17 06:40:00+00:00,23435.30078,23450.05078,23424.30078,23435.59961
2026-03-17 06:45:00+00:00,23383.94922,23438.30078,23382.25,23435.15039
2026-03-17 06:50:00+00:00,23386.44922,23413.05078,23381.55078,23383.44922
2026-03-17 06:55:00+00:00,23406.84961,23408.75,23385.19922,23385.19922
2026-03-17 07:00:00+00:00,23411,23415.19922,23380.34961,23406.34961
2026-03-17 07:05:00+00:00,23425.59961,23437.09961,23409.84961,23410.55078
2026-03-17 07:10:00+00:00,23451,23457.25,23412.84961,23424.5
2026-03-17 07:15:00+00:00,23484.34961,23486.90039,23449.30078,23450.90039
2026-03-17 07:20:00+00:00,23466.19922,23496.19922,23459.75,23488.15039
2026-03-17 07:25:00+00:00,23476.80078,23482.59961,23456.94922,23465.5
2026-03-17 07:30:00+00:00,23505.59961,23512.55078,23477.05078,23477.55078
2026-03-17 07:35:00+00:00,23517,23520.30078,23476.15039,23505.19922
2026-03-17 07:40:00+00:00,23531.59961,23533.5,23515.94922,23516.30078
2026-03-17 07:45:00+00:00,23554.5,23557.80078,23532.94922,23532.94922
2026-03-17 07:50:00+00:00,23540.65039,23560.19922,23537.15039,23554.69922
2026-03-17 07:55:00+00:00,23541.75,23544.75,23524.84961,23539.90039
2026-03-17 08:00:00+00:00,23548.90039,23591.40039,23541.05078,23541.05078
2026-03-17 08:05:00+00:00,23513.59961,23554.34961,23512.55078,23549.90039
2026-03-17 08:10:00+00:00,23530.44922,23540.75,23504.15039,23513.19922
2026-03-17 08:15:00+00:00,23557.65039,23558.40039,23530.75,23530.75
2026-03-17 08:20:00+00:00,23548.19922,23568.30078,23547.59961,23557.44922
2026-03-17 08:25:00+00:00,23542.05078,23554.19922,23531.05078,23547.5
2026-03-17 08:30:00+00:00,23565.05078,23573.19922,23533.40039,23541.84961
2026-03-17 08:35:00+00:00,23569.65039,23573.30078,23537.25,23566.69922
2026-03-17 08:40:00+00:00,23600.44922,23608.90039,23569.69922,23569.69922
2026-03-17 08:45:00+00:00,23561.80078,23606.84961,23551.15039,23600
2026-03-17 08:50:00+00:00,23545.25,23575.30078,23534.84961,23562.09961
2026-03-17 08:55:00+00:00,23553.69922,23565.59961,23526.84961,23545.75
2026-03-17 09:00:00+00:00,23580.09961,23587.80078,23554.05078,23554.05078
2026-03-17 09:05:00+00:00,23589.90039,23600.15039,23575.09961,23579.30078
2026-03-17 09:10:00+00:00,23587.40039,23614.69922,23585.34961,23590.19922
2026-03-17 09:15:00+00:00,23598.80078,23599.15039,23567.55078,23587.09961
2026-03-17 09:20:00+00:00,23623.15039,23623.5,23592.09961,23598.59961
2026-03-17 09:25:00+00:00,23654.44922,23656.19922,23621.94922,23622.44922
2026-03-17 09:30:00+00:00,23593.19922,23655.19922,23569.25,23654.5
2026-03-17 09:35:00+00:00,23593,23614.59961,23574.44922,23592.94922
2026-03-17 09:40:00+00:00,23607.5,23610.69922,23567.5,23593.59961
2026-03-17 09:45:00+00:00,23562.5,23607.65039,23546.55078,23607.05078
2026-03-17 09:50:00+00:00,23558.94922,23580.55078,23552.69922,23563
2026-03-17 09:55:00+00:00,23557.5,23568.40039,23553.15039,23559
2026-03-18 03:45:00+00:00,23721.90039,23726,23630.25,23634.30078
2026-03-18 03:50:00+00:00,23676.15039,23738.44922,23675.5,23721.59961
2026-03-18 03:55:00+00:00,23715.30078,23724.15039,23667.30078,23677
2026-03-18 04:00:00+00:00,23725.30078,23735.05078,23714.80078,23714.80078
2026-03-18 04:05:00+00:00,23708.05078,23729.34961,23706.44922,23726.80078
2026-03-18 04:10:00+00:00,23721.75,23731.09961,23700.09961,23708.09961
2026-03-18 04:15:00+00:00,23732.19922,23733.94922,23704.44922,23720.34961
2026-03-18 04:20:00+00:00,23724.34961,23754.34961,23720.84961,23733.40039
2026-03-18 04:25:00+00:00,23691.25,23725.19922,23669.55078,23724.30078
2026-03-18 04:30:00+00:00,23657.05078,23695.65039,23650.59961,23691.15039
2026-03-18 04:35:00+00:00,23650.19922,23664,23643.30078,23658.05078
2026-03-18 04:40:00+00:00,23664.30078,23666.30078,23640.69922,23649.34961
2026-03-18 04:45:00+00:00,23707.34961,23711,23664.65039,23664.94922
2026-03-18 04:50:00+00:00,23735.84961,23736.05078,23701.34961,23707.69922
2026-03-18 04:55:00+00:00,23722.94922,23737.84961,23716.69922,23734.90039
2026-03-18 05:00:00+00:00,23732.15039,23739.44922,23713.44922,23721.65039
2026-03-18 05:05:00+00:00,23731.5,23746,23723,23730.40039
2026-03-18 05:10:00+00:00,23723.34961,23741.19922,23718.30078,23730.55078
2026-03-18 05:15:00+00:00,23759.84961,23760.19922,23721.09961,23721.65039
2026-03-18 05:20:00+00:00,23768.15039,23769.65039,23752.65039,23759.55078
2026-03-18 05:25:00+00:00,23770.59961,23777.90039,23764.19922,23767.55078
2026-03-18 05:30:00+00:00,23784.40039,23785.94922,23764.15039,23770.80078
2026-03-18 05:35:00+00:00,23777.15039,23784.19922,23764.55078,23782.44922
2026-03-18 05:40:00+00:00,23785.30078,23790.75,23768.44922,23776.59961
2026-03-18 05:45:00+00:00,23787.05078,23787.05078,23770.59961,23784.69922
2026-03-18 05:50:00+00:00,23798.19922,23800.84961,23781.84961,23786.25
2026-03-18 05:55:00+00:00,23799.59961,23805.80078,23779.75,23797.84961
2026-03-18 06:00:00+00:00,23791.65039,23804.34961,23790.09961,23798.75
2026-03-18 06:05:00+00:00,23812.94922,23814.84961,23783.09961,23791.69922
2026-03-18 06:10:00+00:00,23817.94922,23835.09961,23812.09961,23813.34961
2026-03-18 06:15:00+00:00,23804.15039,23820.40039,23804.15039,23816.90039
2026-03-18 06:20:00+00:00,23820.55078,23822.5,23803.55078,23804.30078
2026-03-18 06:25:00+00:00,23806.30078,23821.30078,23806.30078,23820.15039
2026-03-18 06:30:00+00:00,23793.30078,23810.80078,23787,23806.65039
2026-03-18 06:35:00+00:00,23779.59961,23797.19922,23777.75,23793.44922
2026-03-18 06:40:00+00:00,23779.65039,23789.55078,23772.15039,23779.05078
2026-03-18 06:45:00+00:00,23786.44922,23787.69922,23775.15039,23779.19922
2026-03-18 06:50:00+00:00,23781.44922,23788.80078,23769.40039,23785.69922
2026-03-18 06:55:00+00:00,23767,23784.19922,23760.90039,23781.59961
2026-03-18 07:00:00+00:00,23780.84961,23789.94922,23767.15039,23767.15039
2026-03-18 07:05:00+00:00,23772.59961,23788.80078,23765.30078,23780.19922
2026-03-18 07:10:00+00:00,23778.19922,23778.19922,23762.40039,23772.59961
2026-03-18 07:15:00+00:00,23785.75,23785.75,23764.94922,23777.69922
2026-03-18 07:20:00+00:00,23772.44922,23794.5,23768.34961,23785.44922
2026-03-18 07:25:00+00:00,23775.90039,23781.15039,23765.75,23771.59961
2026-03-18 07:30:00+00:00,23796.15039,23798.19922,23775.15039,23775.15039
2026-03-18 07:35:00+00:00,23777.84961,23797.59961,23766.40039,23796.44922
2026-03-18 07:40:00+00:00,23803.19922,23803.19922,23774.69922,23776.5
2026-03-18 07:45:00+00:00,23796.59961,23810.19922,23792.40039,23802.40039
2026-03-18 07:50:00+00:00,23828.69922,23829.25,23797.25,23798
2026-03-18 07:55:00+00:00,23824.34961,23836.65039,23810.34961,23828.19922
2026-03-18 08:00:00+00:00,23833.15039,23837.40039,23816,23823.84961
2026-03-18 08:05:00+00:00,23841.40039,23843.25,23824.15039,23834.94922
2026-03-18 08:10:00+00:00,23844.40039,23844.40039,23829.65039,23840.5
2026-03-18 08:15:00+00:00,23829.44922,23845.44922,23824.15039,23845.44922
2026-03-18 08:20:00+00:00,23845.80078,23850.55078,23819.05078,23828.15039
2026-03-18 08:25:00+00:00,23833.65039,23858.75,23831.19922,23844.59961
2026-03-18 08:30:00+00:00,23826.75,23851.5,23820.84961,23832.5
2026-03-18 08:35:00+00:00,23828,23830.25,23812.94922,23827.34961
2026-03-18 08:40:00+00:00,23817.65039,23836.05078,23809.59961,23827.5
2026-03-18 08:45:00+00:00,23839.34961,23845.59961,23811.09961,23817.5
2026-03-18 08:50:00+00:00,23849.19922,23852.59961,23833.15039,23839.84961
2026-03-18 08:55:00+00:00,23835.25,23861.80078,23835.25,23848.69922
2026-03-18 09:00:00+00:00,23796.15039,23840.05078,23795.80078,23836.44922
2026-03-18 09:05:00+00:00,23801.15039,23805.69922,23786.94922,23795.90039
2026-03-18 09:10:00+00:00,23780.59961,23811.40039,23779.69922,23801.5
2026-03-18 09:15:00+00:00,23799.05078,23802.55078,23775.55078,23780.55078
2026-03-18 09:20:00+00:00,23783.75,23808.34961,23780.59961,23798.59961
2026-03-18 09:25:00+00:00,23801.80078,23804,23781.84961,23785.55078
2026-03-18 09:30:00+00:00,23804.69922,23809.80078,23766.90039,23801.65039
2026-03-18 09:35:00+00:00,23795.25,23806,23792.90039,23803.55078
2026-03-18 09:40:00+00:00,23792.55078,23798.55078,23789,23795.90039
2026-03-18 09:45:00+00:00,23766.80078,23792.90039,23766.15039,23792.34961
2026-03-18 09:50:00+00:00,23751.25,23768.09961,23730.65039,23767.44922
2026-03-18 09:55:00+00:00,23764.09961,23770.05078,23750.05078,23750.94922
2026-03-19 03:45:00+00:00,23289.5,23371.75,23209.09961,23209.09961
2026-03-19 03:50:00+00:00,23345.15039,23345.15039,23276.80078,23289.69922
2026-03-19 03:55:00+00:00,23316.05078,23352.5,23316.05078,23345.44922
2026-03-19 04:00:00+00:00,23301,23325.59961,23296.69922,23317.19922
2026-03-19 04:05:00+00:00,23257.25,23306.80078,23255.5,23299.69922
2026-03-19 04:10:00+00:00,23271,23281.65039,23255.69922,23261.09961
2026-03-19 04:15:00+00:00,23238.30078,23273.34961,23226.75,23269.59961
2026-03-19 04:20:00+00:00,23239.25,23263.65039,23231.19922,23235.90039
2026-03-19 04:25:00+00:00,23242.69922,23260.30078,23229.34961,23239.15039
2026-03-19 04:30:00+00:00,23264.84961,23269.94922,23230.44922,23241.94922
2026-03-19 04:35:00+00:00,23261.19922,23268.34961,23247.59961,23264.90039
2026-03-19 04:40:00+00:00,23236.65039,23260.84961,23235.69922,23260.5
2026-03-19 04:45:00+00:00,23217,23234.94922,23204.05078,23234.75
2026-03-19 04:50:00+00:00,23260,23260,23214.75,23216.94922
2026-03-19 04:55:00+00:00,23272.40039,23283.94922,23257.94922,23258.44922
2026-03-19 05:00:00+00:00,23274.15039,23287.15039,23272.40039,23272.40039
2026-03-19 05:05:00+00:00,23311.59961,23317.80078,23271.69922,23275.19922
2026-03-19 05:10:00+00:00,23311.69922,23316.30078,23287.30078,23313.34961
2026-03-19 05:15:00+00:00,23276.75,23312.59961,23275.05078,23312.59961
2026-03-19 05:20:00+00:00,23287.5,23291.25,23272.59961,23276.75
2026-03-19 05:25:00+00:00,23260.44922,23291.69922,23258.30078,23286.40039
2026-03-19 05:30:00+00:00,23250.09961,23264.65039,23244.65039,23260.65039
2026-03-19 05:35:00+00:00,23239.40039,23259.25,23238.55078,23251.05078
2026-03-19 05:40:00+00:00,23220.94922,23254.94922,23217.09961,23241.44922
2026-03-19 05:45:00+00:00,23218.69922,23228.90039,23207.55078,23221.34961
2026-03-19 05:50:00+00:00,23246.44922,23253.59961,23214.94922,23219.55078
2026-03-19 05:55:00+00:00,23228.05078,23246,23224.44922,23244.90039
2026-03-19 06:00:00+00:00,23248.90039,23250.09961,23225.55078,23227.34961
2026-03-19 06:05:00+00:00,23240.59961,23253.84961,23237.65039,23246.75
2026-03-19 06:10:00+00:00,23241.65039,23246.75,23229.19922,23240.34961
2026-03-19 06:15:00+00:00,23246.19922,23260,23236.94922,23241.59961
2026-03-19 06:20:00+00:00,23245.90039,23256.80078,23242.44922,23246.44922
2026-03-19 06:25:00+00:00,23241.05078,23248,23236.19922,23245.59961
2026-03-19 06:30:00+00:00,23231.59961,23245.15039,23226.34961,23241.90039
2026-03-19 06:35:00+00:00,23234,23240.80078,23217.84961,23232.65039
2026-03-19 06:40:00+00:00,23265.5,23268.75,23226.90039,23231.90039
2026-03-19 06:45:00+00:00,23276.75,23281.19922,23257.09961,23265.5
2026-03-19 06:50:00+00:00,23245.94922,23276.30078,23238.94922,23276.09961
2026-03-19 06:55:00+00:00,23254.84961,23257.94922,23240.94922,23244.94922
2026-03-19 07:00:00+00:00,23248.94922,23264.69922,23235.84961,23254.90039
2026-03-19 07:05:00+00:00,23253.44922,23261.15039,23244.25,23249.05078
2026-03-19 07:10:00+00:00,23235.65039,23255.09961,23229.30078,23253.34961
2026-03-19 07:15:00+00:00,23270.19922,23274.90039,23233.80078,23234.84961
2026-03-19 07:20:00+00:00,23273.84961,23274.94922,23253.40039,23271.5
2026-03-19 07:25:00+00:00,23264.65039,23277.30078,23257.44922,23274.59961
2026-03-19 07:30:00+00:00,23238.90039,23265.59961,23235.59961,23265.34961
2026-03-19 07:35:00+00:00,23234.15039,23243.90039,23226.15039,23238.69922
2026-03-19 07:40:00+00:00,23200.25,23255.05078,23194.69922,23233.59961
2026-03-19 07:45:00+00:00,23200.90039,23208.69922,23194.84961,23200.34961
2026-03-19 07:50:00+00:00,23182.75,23206.09961,23181.80078,23200.69922
2026-03-19 07:55:00+00:00,23176.65039,23195.69922,23172.55078,23183.69922
2026-03-19 08:00:00+00:00,23175.84961,23194.94922,23174.90039,23176.69922
2026-03-19 08:05:00+00:00,23204.5,23204.5,23173.80078,23177.44922
2026-03-19 08:10:00+00:00,23199.15039,23217.84961,23198.30078,23205.19922
2026-03-19 08:15:00+00:00,23190.84961,23203.75,23182.90039,23198.55078
2026-03-19 08:20:00+00:00,23198.30078,23199.5,23185.34961,23190.25
2026-03-19 08:25:00+00:00,23163.05078,23200.5,23156.90039,23197.75
2026-03-19 08:30:00+00:00,23128.05078,23171.80078,23123.65039,23163.30078
2026-03-19 08:35:00+00:00,23107.25,23132.5,23106.55078,23129.09961
2026-03-19 08:40:00+00:00,23111.30078,23113.84961,23088.94922,23106.44922
2026-03-19 08:45:00+00:00,23128.75,23137.05078,23108.05078,23111.55078
2026-03-19 08:50:00+00:00,23127.90039,23133.44922,23109.30078,23129
2026-03-19 08:55:00+00:00,23100.65039,23129.80078,23096.90039,23128.19922
2026-03-19 09:00:00+00:00,23117.15039,23121.40039,23097.94922,23101.09961
2026-03-19 09:05:00+00:00,23098.90039,23127.55078,23097.55078,23116.59961
2026-03-19 09:10:00+00:00,23110.69922,23115.59961,23084.65039,23098.19922
2026-03-19 09:15:00+00:00,23064,23111.55078,23053.25,23110.55078
2026-03-19 09:20:00+00:00,23033.5,23064.80078,23027.59961,23062.15039
2026-03-19 09:25:00+00:00,22954.05078,23044.44922,22947.69922,23033.44922
2026-03-19 09:30:00+00:00,22990,23016.19922,22931.94922,22954.90039
2026-03-19 09:35:00+00:00,22971.90039,22993.69922,22954.19922,22988.59961
2026-03-19 09:40:00+00:00,22987.25,23019.09961,22965.90039,22972.05078
2026-03-19 09:45:00+00:00,23037.25,23037.40039,22977.65039,22987.55078
2026-03-19 09:50:00+00:00,23069.15039,23072.94922,23036,23037.5
2026-03-19 09:55:00+00:00,23087.84961,23093.90039,23061.75,23068.69922
2026-03-20 03:45:00+00:00,23281.5,23284.5,23130.59961,23130.59961
2026-03-20 03:50:00+00:00,23254.44922,23303.05078,23223.25,23283.44922
2026-03-20 03:55:00+00:00,23286.80078,23287.5,23248.40039,23257.40039
2026-03-20 04:00:00+00:00,23313.80078,23317.75,23277.90039,23287.05078
2026-03-20 04:05:00+00:00,23270.80078,23318.90039,23262.69922,23314.90039
2026-03-20 04:10:00+00:00,23228.94922,23271.40039,23228.94922,23271.40039
2026-03-20 04:15:00+00:00,23246.90039,23249.80078,23222.75,23230.59961
2026-03-20 04:20:00+00:00,23244.30078,23266.69922,23236.15039,23248.59961
2026-03-20 04:25:00+00:00,23259,23264.19922,23239.09961,23243.34961
2026-03-20 04:30:00+00:00,23233.94922,23261.05078,23220.69922,23260.19922
2026-03-20 04:35:00+00:00,23246.44922,23258.19922,23232.80078,23234.25
2026-03-20 04:40:00+00:00,23243.65039,23260.75,23236.40039,23244.94922
2026-03-20 04:45:00+00:00,23219.59961,23246.80078,23200.65039,23243.40039
2026-03-20 04:50:00+00:00,23244.15039,23244.15039,23205.69922,23220.90039
2026-03-20 04:55:00+00:00,23260.59961,23261.30078,23237.55078,23243.55078
2026-03-20 05:00:00+00:00,23269.30078,23278.34961,23252.59961,23261.75
2026-03-20 05:05:00+00:00,23286.55078,23286.55078,23269.44922,23269.75
2026-03-20 05:10:00+00:00,23290.15039,23301.80078,23285.40039,23287.30078
2026-03-20 05:15:00+00:00,23296.19922,23312.59961,23277.05078,23290.59961
2026-03-20 05:20:00+00:00,23313.44922,23317.90039,23296.90039,23297.40039
2026-03-20 05:25:00+00:00,23296.59961,23313.90039,23281.44922,23313.59961
2026-03-20 05:30:00+00:00,23268.30078,23303.65039,23264.15039,23298.65039
2026-03-20 05:35:00+00:00,23290.15039,23293.30078,23265.09961,23268.69922
2026-03-20 05:40:00+00:00,23289.15039,23291.44922,23266.19922,23290.59961
2026-03-20 05:45:00+00:00,23305.44922,23307.34961,23284.59961,23288.94922
2026-03-20 05:50:00+00:00,23327.55078,23344.90039,23302.55078,23306.59961
2026-03-20 05:55:00+00:00,23317.30078,23332.15039,23309.44922,23329.09961
2026-03-20 06:00:00+00:00,23312.19922,23331.59961,23310.19922,23317.90039
2026-03-20 06:05:00+00:00,23304.84961,23321.69922,23302.55078,23312.30078
2026-03-20 06:10:00+00:00,23286.90039,23310.80078,23285.80078,23306.5
2026-03-20 06:15:00+00:00,23288.15039,23292.84961,23279.90039,23287.40039
2026-03-20 06:20:00+00:00,23249.19922,23288.75,23249.19922,23288.75
2026-03-20 06:25:00+00:00,23250.30078,23250.90039,23223.09961,23249.55078
2026-03-20 06:30:00+00:00,23228.94922,23259.5,23224.34961,23251.25
2026-03-20 06:35:00+00:00,23212.25,23240,23210.90039,23229.84961
2026-03-20 06:40:00+00:00,23233.05078,23236.09961,23210.90039,23212.94922
2026-03-20 06:45:00+00:00,23185.59961,23234.15039,23183,23234.15039
2026-03-20 06:50:00+00:00,23155.05078,23193.55078,23153.19922,23187.44922
2026-03-20 06:55:00+00:00,23155.15039,23160.05078,23137.05078,23154.80078
2026-03-20 07:00:00+00:00,23170.09961,23170.90039,23120.34961,23155.65039
2026-03-20 07:05:00+00:00,23184.65039,23191.75,23165.84961,23171.59961
2026-03-20 07:10:00+00:00,23205.75,23216.40039,23180.65039,23185.5
2026-03-20 07:15:00+00:00,23217.30078,23226.69922,23202.80078,23206.5
2026-03-20 07:20:00+00:00,23227,23241.34961,23204.84961,23218.90039
2026-03-20 07:25:00+00:00,23214.80078,23249.69922,23214.80078,23227.94922
2026-03-20 07:30:00+00:00,23240.30078,23243.15039,23202.59961,23214.90039
2026-03-20 07:35:00+00:00,23240.90039,23251.19922,23227.65039,23240.90039
2026-03-20 07:40:00+00:00,23231.5,23243.15039,23224.55078,23242.15039
2026-03-20 07:45:00+00:00,23235.59961,23257.34961,23230.30078,23232
2026-03-20 07:50:00+00:00,23248.15039,23259.34961,23230,23236.75
2026-03-20 07:55:00+00:00,23257.69922,23271.09961,23243.69922,23249.19922
2026-03-20 08:00:00+00:00,23245.19922,23266.44922,23243.05078,23258.44922
2026-03-20 08:05:00+00:00,23270.19922,23272.40039,23242.5,23246.19922
2026-03-20 08:10:00+00:00,23232,23270.55078,23231.94922,23270.30078
2026-03-20 08:15:00+00:00,23206.44922,23234,23206.05078,23233.69922
2026-03-20 08:20:00+00:00,23216.84961,23218.05078,23194.65039,23207.59961
2026-03-20 08:25:00+00:00,23193.44922,23230.30078,23188.65039,23216.65039
2026-03-20 08:30:00+00:00,23235.34961,23235.34961,23185.25,23195
2026-03-20 08:35:00+00:00,23225.55078,23244.55078,23212,23237.40039
2026-03-20 08:40:00+00:00,23199.15039,23228.55078,23192.55078,23226.84961
2026-03-20 08:45:00+00:00,23200.69922,23204.84961,23183.44922,23200.05078
2026-03-20 08:50:00+00:00,23185.40039,23205.75,23169.75,23201.80078
2026-03-20 08:55:00+00:00,23164,23186.19922,23164,23186.19922
2026-03-20 09:00:00+00:00,23176.65039,23188.05078,23152,23164.05078
2026-03-20 09:05:00+00:00,23150.25,23177.59961,23133.15039,23177.59961
2026-03-20 09:10:00+00:00,23098.25,23154.80078,23098.25,23151.40039
2026-03-20 09:15:00+00:00,23104.34961,23113.40039,23086.5,23099.40039
2026-03-20 09:20:00+00:00,23086.59961,23107.55078,23067.90039,23105.75
2026-03-20 09:25:00+00:00,23090.5,23096.15039,23077.55078,23086.65039
2026-03-20 09:30:00+00:00,23139.40039,23177.44922,23078.59961,23091.30078
2026-03-20 09:35:00+00:00,23124.44922,23156.05078,23121.55078,23139.25
2026-03-20 09:40:00+00:00,23106.84961,23132.80078,23088.5,23124.34961
2026-03-20 09:45:00+00:00,23092.5,23107.30078,23078.69922,23106.25
2026-03-20 09:50:00+00:00,23112.90039,23139,23091.40039,23091.65039
2026-03-20 09:55:00+00:00,23134.65039,23139.80078,23105.05078,23112.75
2026-03-23 03:45:00+00:00,22687.44922,22838.34961,22637.80078,22837.19922
2026-03-23 03:50:00+00:00,22702.59961,22737.09961,22676.94922,22686.25
2026-03-23 03:55:00+00:00,22704.40039,22728.25,22699.34961,22701.59961
2026-03-23 04:00:00+00:00,22713.05078,22721.84961,22694.84961,22702.15039
2026-03-23 04:05:00+00:00,22715.30078,22742.80078,22707.15039,22712.44922
2026-03-23 04:10:00+00:00,22706.40039,22716.69922,22691.80078,22714.65039
2026-03-23 04:15:00+00:00,22663,22706.65039,22658.80078,22706.09961
2026-03-23 04:20:00+00:00,22629.05078,22665.05078,22625.44922,22662.05078
2026-03-23 04:25:00+00:00,22597.5,22634.34961,22593.84961,22628.55078
2026-03-23 04:30:00+00:00,22616.09961,22618,22582.59961,22597.44922
2026-03-23 04:35:00+00:00,22605.65039,22633.05078,22605,22615.19922
2026-03-23 04:40:00+00:00,22572.30078,22609.19922,22571.40039,22607.09961
2026-03-23 04:45:00+00:00,22554.5,22587.5,22554.09961,22571.94922
2026-03-23 04:50:00+00:00,22541.59961,22559.15039,22538.5,22554.30078
2026-03-23 04:55:00+00:00,22531,22559.59961,22530.90039,22541.19922
2026-03-23 05:00:00+00:00,22537.75,22554.05078,22529.84961,22530.59961
2026-03-23 05:05:00+00:00,22557.94922,22581.5,22536.84961,22538.19922
2026-03-23 05:10:00+00:00,22548.09961,22558.34961,22536.65039,22558.34961
2026-03-23 05:15:00+00:00,22547.55078,22550.25,22534,22548.19922
2026-03-23 05:20:00+00:00,22527.09961,22545.75,22510.69922,22545.75
2026-03-23 05:25:00+00:00,22531.84961,22536.75,22516.80078,22528.94922
2026-03-23 05:30:00+00:00,22533.15039,22533.40039,22505,22531.19922
2026-03-23 05:35:00+00:00,22560.34961,22583.65039,22526.59961,22531.94922
2026-03-23 05:40:00+00:00,22554.15039,22562.44922,22546.34961,22560.80078
2026-03-23 05:45:00+00:00,22534.34961,22554.59961,22528,22554.59961
2026-03-23 05:50:00+00:00,22548,22556.59961,22528.90039,22534.25
2026-03-23 05:55:00+00:00,22559.15039,22561.44922,22536.40039,22547.59961
2026-03-23 06:00:00+00:00,22531.30078,22571.59961,22524.94922,22557.84961
2026-03-23 06:05:00+00:00,22539.59961,22542.34961,22519.69922,22531.75
2026-03-23 06:10:00+00:00,22520.15039,22557.44922,22508.30078,22539.19922
2026-03-23 06:15:00+00:00,22532.25,22534.5,22518,22518
2026-03-23 06:20:00+00:00,22552.75,22563.55078,22527.90039,22533.15039
2026-03-23 06:25:00+00:00,22554.65039,22564,22539.34961,22555.40039
2026-03-23 06:30:00+00:00,22546.55078,22561.15039,22541.94922,22556.05078
2026-03-23 06:35:00+00:00,22547.75,22554.09961,22530.59961,22545.69922
2026-03-23 06:40:00+00:00,22535.34961,22562.34961,22533.80078,22551.25
2026-03-23 06:45:00+00:00,22528.44922,22535.55078,22514.44922,22534.25
2026-03-23 06:50:00+00:00,22489.55078,22527.30078,22483.44922,22527.30078
2026-03-23 06:55:00+00:00,22511.94922,22515.05078,22478.69922,22487.55078
2026-03-23 07:00:00+00:00,22518.84961,22519.09961,22497.69922,22514.59961
2026-03-23 07:05:00+00:00,22524.90039,22551.5,22514.80078,22517.69922
2026-03-23 07:10:00+00:00,22535.65039,22540.59961,22510.59961,22524.65039
2026-03-23 07:15:00+00:00,22543.30078,22555.90039,22522.75,22534.69922
2026-03-23 07:20:00+00:00,22504.25,22543.34961,22503.65039,22542.44922
2026-03-23 07:25:00+00:00,22500.05078,22505.5,22481.69922,22504.19922
2026-03-23 07:30:00+00:00,22480.90039,22499.55078,22480.25,22499.55078
2026-03-23 07:35:00+00:00,22489.05078,22508.25,22474.65039,22480.15039
2026-03-23 07:40:00+00:00,22489.09961,22493.15039,22472.09961,22488.90039
2026-03-23 07:45:00+00:00,22494.05078,22512.55078,22489.44922,22489.69922
2026-03-23 07:50:00+00:00,22501.84961,22514.5,22488.05078,22493.75
2026-03-23 07:55:00+00:00,22487.05078,22512.05078,22482.84961,22501.25
2026-03-23 08:00:00+00:00,22517.25,22525.44922,22487.15039,22487.59961
2026-03-23 08:05:00+00:00,22518.05078,22529,22513.25,22518.05078
2026-03-23 08:10:00+00:00,22561.69922,22567.34961,22513.69922,22517.34961
2026-03-23 08:15:00+00:00,22598.94922,22601.25,22557.59961,22558.94922
2026-03-23 08:20:00+00:00,22601.34961,22629.75,22593.19922,22597.94922
2026-03-23 08:25:00+00:00,22599.65039,22620.55078,22599.15039,22602
2026-03-23 08:30:00+00:00,22644.75,22655.40039,22590.44922,22598.84961
2026-03-23 08:35:00+00:00,22627.44922,22661.15039,22607.44922,22645.69922
2026-03-23 08:40:00+00:00,22618.69922,22643.34961,22610.34961,22627.80078
2026-03-23 08:45:00+00:00,22641.59961,22652.65039,22612.25,22619.65039
2026-03-23 08:50:00+00:00,22625.55078,22656.44922,22624.55078,22641.34961
2026-03-23 08:55:00+00:00,22611.19922,22633.69922,22591.94922,22624.90039
2026-03-23 09:00:00+00:00,22526.80078,22617.40039,22515.25,22610.55078
2026-03-23 09:05:00+00:00,22564.05078,22591.94922,22522.15039,22524.80078
2026-03-23 09:10:00+00:00,22599.09961,22599.09961,22541.94922,22561.05078
2026-03-23 09:15:00+00:00,22596.75,22603.40039,22579.05078,22596.94922
2026-03-23 09:20:00+00:00,22613.84961,22646.55078,22597.90039,22597.90039
2026-03-23 09:25:00+00:00,22614.5,22617.40039,22586.19922,22612.69922
2026-03-23 09:30:00+00:00,22503.90039,22614.75,22503.05078,22614.75
2026-03-23 09:35:00+00:00,22523.84961,22531.84961,22486.09961,22503.55078
2026-03-23 09:40:00+00:00,22509.25,22542.44922,22505.19922,22523.25
2026-03-23 09:45:00+00:00,22485.19922,22510.69922,22483.84961,22509.55078
2026-03-23 09:50:00+00:00,22492.40039,22495.84961,22479.55078,22484.25
2026-03-23 09:55:00+00:00,22492.65039,22505.34961,22478.09961,22492
2026-03-24 03:45:00+00:00,22785.15039,22897.65039,22775.40039,22854.05078
2026-03-24 03:50:00+00:00,22816.69922,22817,22765.15039,22789.80078
2026-03-24 03:55:00+00:00,22839.90039,22849.25,22811.15039,22815.80078
2026-03-24 04:00:00+00:00,22815.19922,22852.40039,22815.19922,22839.59961
2026-03-24 04:05:00+00:00,22764.30078,22827.90039,22763.09961,22815.59961
2026-03-24 04:10:00+00:00,22744.80078,22783.09961,22732.30078,22764.30078
2026-03-24 04:15:00+00:00,22718.90039,22748.09961,22707.05078,22747.30078
2026-03-24 04:20:00+00:00,22730.69922,22737.15039,22701.80078,22718.75
2026-03-24 04:25:00+00:00,22754.19922,22773.65039,22725.05078,22729.90039
2026-03-24 04:30:00+00:00,22705.59961,22756.65039,22701.84961,22753.90039
2026-03-24 04:35:00+00:00,22685.15039,22719.44922,22682.34961,22705.69922
2026-03-24 04:40:00+00:00,22708.09961,22714.84961,22682.30078,22684.5
2026-03-24 04:45:00+00:00,22731.69922,22748.5,22701.55078,22706.94922
2026-03-24 04:50:00+00:00,22762.15039,22766.80078,22712.25,22731.40039
2026-03-24 04:55:00+00:00,22737.90039,22765.80078,22725.09961,22763.09961
2026-03-24 05:00:00+00:00,22667.75,22738.90039,22667.75,22738.19922
2026-03-24 05:05:00+00:00,22631.80078,22667.69922,22624.90039,22665.59961
2026-03-24 05:10:00+00:00,22667.90039,22680.65039,22630.55078,22631.59961
2026-03-24 05:15:00+00:00,22692,22723.5,22657,22667.55078
2026-03-24 05:20:00+00:00,22667.25,22707.69922,22653.59961,22691.90039
2026-03-24 05:25:00+00:00,22639.69922,22674.25,22629.40039,22667.80078
2026-03-24 05:30:00+00:00,22678.80078,22682,22639.80078,22639.80078
2026-03-24 05:35:00+00:00,22680.90039,22689.09961,22661.44922,22679.75
2026-03-24 05:40:00+00:00,22698.25,22711.05078,22678.69922,22680.09961
2026-03-24 05:45:00+00:00,22730.44922,22732.34961,22694.34961,22699.40039
2026-03-24 05:50:00+00:00,22703.15039,22746,22701.59961,22731.80078
2026-03-24 05:55:00+00:00,22728.5,22737.19922,22689.55078,22703.25
2026-03-24 06:00:00+00:00,22753.59961,22756.55078,22724.5,22729.34961
2026-03-24 06:05:00+00:00,22766.19922,22770,22749.90039,22751.65039
2026-03-24 06:10:00+00:00,22754.65039,22770.15039,22738.94922,22764.94922
2026-03-24 06:15:00+00:00,22769.25,22793.25,22745.84961,22754.34961
2026-03-24 06:20:00+00:00,22785.55078,22795.5,22756.59961,22769.19922
2026-03-24 06:25:00+00:00,22806.90039,22827.80078,22784.40039,22785.09961
2026-03-24 06:30:00+00:00,22796.55078,22816.90039,22793.80078,22806.75
2026-03-24 06:35:00+00:00,22770.09961,22796.40039,22765.15039,22796.40039
2026-03-24 06:40:00+00:00,22761.44922,22787.75,22760,22769.90039
2026-03-24 06:45:00+00:00,22757.30078,22773.69922,22753.34961,22761.90039
2026-03-24 06:50:00+00:00,22881.5,22883.40039,22756.40039,22758
2026-03-24 06:55:00+00:00,22844.44922,22935.55078,22822.34961,22880.19922
2026-03-24 07:00:00+00:00,22922.80078,22922.80078,22843.40039,22844.15039
2026-03-24 07:05:00+00:00,22951,22952.69922,22915.90039,22922.30078
2026-03-24 07:10:00+00:00,22955.19922,22988.84961,22937.40039,22952.05078
2026-03-24 07:15:00+00:00,22993.40039,22996.09961,22955.30078,22956.94922
2026-03-24 07:20:00+00:00,23008.5,23025.19922,22980,22993.34961
2026-03-24 07:25:00+00:00,22974.40039,23009.05078,22952.84961,23009.05078
2026-03-24 07:30:00+00:00,22941.44922,22979.34961,22936.44922,22974.59961
2026-03-24 07:35:00+00:00,22939,22956.5,22911.34961,22941.90039
2026-03-24 07:40:00+00:00,22990.5,22990.5,22935.30078,22939.5
2026-03-24 07:45:00+00:00,22987.5,22991.80078,22958.40039,22990.75
2026-03-24 07:50:00+00:00,22992.05078,23012.94922,22966.44922,22986.69922
2026-03-24 07:55:00+00:00,23021.94922,23025.65039,22983.75,22991.40039
2026-03-24 08:00:00+00:00,23034.84961,23039.05078,22999.84961,23021.19922
2026-03-24 08:05:00+00:00,23028.94922,23056.25,23021.69922,23034.69922
2026-03-24 08:10:00+00:00,23037.5,23057.09961,23022,23029.19922
2026-03-24 08:15:00+00:00,22962.90039,23047.90039,22962.90039,23037.59961
2026-03-24 08:20:00+00:00,22972.69922,22992.55078,22950.59961,22963.65039
2026-03-24 08:25:00+00:00,22976.19922,22996.55078,22971.30078,22972.65039
2026-03-24 08:30:00+00:00,22970.69922,22993.75,22954.25,22975.25
2026-03-24 08:35:00+00:00,22972.5,22992.40039,22957.15039,22970.65039
2026-03-24 08:40:00+00:00,22992.34961,22995.75,22971.30078,22971.75
2026-03-24 08:45:00+00:00,22981.09961,23037.90039,22980.05078,22993.19922
2026-03-24 08:50:00+00:00,22956.75,22996.44922,22920,22981.19922
2026-03-24 08:55:00+00:00,22945.59961,22964.30078,22932.34961,22955.09961
2026-03-24 09:00:00+00:00,22948.05078,22959.40039,22926.40039,22945.09961
2026-03-24 09:05:00+00:00,22895.94922,22954.09961,22893.30078,22948.15039
2026-03-24 09:10:00+00:00,22909.65039,22931.94922,22882.65039,22896.15039
2026-03-24 09:15:00+00:00,22914.94922,22917.75,22901.59961,22909.25
2026-03-24 09:20:00+00:00,22891.84961,22916.15039,22883.90039,22915.90039
2026-03-24 09:25:00+00:00,22916.34961,22927.15039,22889.65039,22893.34961
2026-03-24 09:30:00+00:00,22909.05078,22923.44922,22875.34961,22914.59961
2026-03-24 09:35:00+00:00,22916.55078,22932.09961,22894.15039,22910.09961
2026-03-24 09:40:00+00:00,22898.65039,22922.84961,22898.65039,22916.90039
2026-03-24 09:45:00+00:00,22919.69922,22927.05078,22881.30078,22901.15039
2026-03-24 09:50:00+00:00,22931.34961,22932.59961,22915.05078,22918.84961
2026-03-24 09:55:00+00:00,22958.40039,22961.69922,22931.30078,22931.80078
2026-03-25 03:45:00+00:00,23162.59961,23172.40039,23067.75,23067.75
2026-03-25 03:50:00+00:00,23188.5,23202.15039,23161.90039,23162.19922
2026-03-25 03:55:00+00:00,23215.09961,23220.09961,23188.90039,23189.65039
2026-03-25 04:00:00+00:00,23233.44922,23237.44922,23207.80078,23214.65039
2026-03-25 04:05:00+00:00,23215.90039,23239.55078,23202.55078,23234.84961
2026-03-25 04:10:00+00:00,23270.90039,23277.34961,23204.65039,23216.30078
2026-03-25 04:15:00+00:00,23270,23286.05078,23262.05078,23272.94922
2026-03-25 04:20:00+00:00,23287.69922,23289.05078,23262.75,23271.40039
2026-03-25 04:25:00+00:00,23286.05078,23298.09961,23269.34961,23287.55078
2026-03-25 04:30:00+00:00,23280.84961,23304.65039,23276.94922,23287.40039
2026-03-25 04:35:00+00:00,23290.15039,23291.94922,23246.55078,23281.69922
2026-03-25 04:40:00+00:00,23305.55078,23310.09961,23284.94922,23290.34961
2026-03-25 04:45:00+00:00,23295.5,23317.69922,23289.94922,23306.59961
2026-03-25 04:50:00+00:00,23292.19922,23313.65039,23283.34961,23295.44922
2026-03-25 04:55:00+00:00,23314.55078,23317.55078,23291.90039,23293.5
2026-03-25 05:00:00+00:00,23310.25,23323.5,23299.94922,23313.69922
2026-03-25 05:05:00+00:00,23314.94922,23319.19922,23302,23310.40039
2026-03-25 05:10:00+00:00,23366.65039,23369.05078,23312.80078,23313.05078
2026-03-25 05:15:00+00:00,23360.55078,23373.05078,23357,23366.25
2026-03-25 05:20:00+00:00,23375.80078,23378,23354.34961,23359.30078
2026-03-25 05:25:00+00:00,23367.44922,23376.25,23357.19922,23375.30078
2026-03-25 05:30:00+00:00,23384.80078,23391.15039,23366,23366
2026-03-25 05:35:00+00:00,23419.34961,23430.59961,23383.15039,23385.09961
2026-03-25 05:40:00+00:00,23432.55078,23433.55078,23415.19922,23418.34961
2026-03-25 05:45:00+00:00,23417.84961,23434.25,23412.44922,23432.30078
2026-03-25 05:50:00+00:00,23388.75,23423,23388.44922,23417.75
2026-03-25 05:55:00+00:00,23388.40039,23398.65039,23377.30078,23388.34961
2026-03-25 06:00:00+00:00,23389.65039,23406.80078,23380,23391.5
2026-03-25 06:05:00+00:00,23359.09961,23394.25,23343.5,23389.25
2026-03-25 06:10:00+00:00,23361.34961,23381.44922,23355.65039,23358.90039
2026-03-25 06:15:00+00:00,23390.09961,23402.69922,23359.40039,23361.30078
2026-03-25 06:20:00+00:00,23411.40039,23416.09961,23389.30078,23391.84961
2026-03-25 06:25:00+00:00,23399.34961,23416.34961,23390.40039,23411.30078
2026-03-25 06:30:00+00:00,23411.59961,23414.30078,23394.5,23399.40039
2026-03-25 06:35:00+00:00,23411.75,23422.44922,23402.44922,23411.84961
2026-03-25 06:40:00+00:00,23440.34961,23442,23408.25,23411.25
2026-03-25 06:45:00+00:00,23441.40039,23447.59961,23417.84961,23439.94922
2026-03-25 06:50:00+00:00,23433.94922,23448.84961,23433.40039,23441.75
2026-03-25 06:55:00+00:00,23429.25,23436.30078,23421,23433.44922
2026-03-25 07:00:00+00:00,23448.69922,23465.25,23416.55078,23429
2026-03-25 07:05:00+00:00,23435.55078,23458.09961,23433.25,23447.55078
2026-03-25 07:10:00+00:00,23447.55078,23450.94922,23430.90039,23434.5
2026-03-25 07:15:00+00:00,23418.65039,23452.25,23414.34961,23447.84961
2026-03-25 07:20:00+00:00,23390.25,23420.40039,23389.80078,23419.44922
2026-03-25 07:25:00+00:00,23375.34961,23400.84961,23372.34961,23391
2026-03-25 07:30:00+00:00,23399.55078,23403.15039,23369.69922,23374.84961
2026-03-25 07:35:00+00:00,23392.30078,23420.5,23384.90039,23400.5
2026-03-25 07:40:00+00:00,23392.59961,23405,23390,23393.75
2026-03-25 07:45:00+00:00,23381.5,23411.65039,23381.5,23392.19922
2026-03-25 07:50:00+00:00,23392.59961,23397.09961,23371.55078,23381
2026-03-25 07:55:00+00:00,23412.94922,23424.30078,23391,23391.5
2026-03-25 08:00:00+00:00,23423.94922,23432.34961,23388.09961,23414.15039
2026-03-25 08:05:00+00:00,23429.5,23439.25,23417.90039,23424.5
2026-03-25 08:10:00+00:00,23432.55078,23434.90039,23420.30078,23429.90039
2026-03-25 08:15:00+00:00,23444.90039,23451.30078,23429.19922,23432.94922
2026-03-25 08:20:00+00:00,23428.55078,23462.80078,23423.19922,23445.75
2026-03-25 08:25:00+00:00,23430.19922,23437.09961,23419,23428
2026-03-25 08:30:00+00:00,23443.44922,23460.30078,23429.19922,23430.34961
2026-03-25 08:35:00+00:00,23406.30078,23447.90039,23402.69922,23444.5
2026-03-25 08:40:00+00:00,23390.75,23418.69922,23387.44922,23406.69922
2026-03-25 08:45:00+00:00,23375.75,23403.94922,23375.44922,23390.30078
2026-03-25 08:50:00+00:00,23321.40039,23385.65039,23316.80078,23375.80078
2026-03-25 08:55:00+00:00,23337.25,23340.84961,23314.34961,23321.19922
2026-03-25 09:00:00+00:00,23338,23353.84961,23304.5,23337.34961
2026-03-25 09:05:00+00:00,23337.59961,23348.55078,23321.30078,23338.80078
2026-03-25 09:10:00+00:00,23357.34961,23368.05078,23336.69922,23337.44922
2026-03-25 09:15:00+00:00,23344.69922,23367.65039,23331.44922,23357.09961
2026-03-25 09:20:00+00:00,23325.05078,23350.25,23319.09961,23345.09961
2026-03-25 09:25:00+00:00,23334.84961,23335.25,23318.5,23325.80078
2026-03-25 09:30:00+00:00,23330,23357.44922,23284.09961,23332.5
2026-03-25 09:35:00+00:00,23321.65039,23330.05078,23296.65039,23330.05078
2026-03-25 09:40:00+00:00,23300.65039,23325.40039,23299.44922,23321.59961
2026-03-25 09:45:00+00:00,23274.59961,23311.40039,23274.59961,23302.94922
2026-03-25 09:50:00+00:00,23296.59961,23296.59961,23273.94922,23277.84961
2026-03-25 09:55:00+00:00,23309,23309,23287.65039,23296.19922
2026-03-27 03:45:00+00:00,23042.69922,23173.55078,23029.84961,23173.55078
2026-03-27 03:50:00+00:00,23074.84961,23101.15039,23026.34961,23041.80078
2026-03-27 03:55:00+00:00,23057.55078,23087.94922,23054.55078,23075.09961
2026-03-27 04:00:00+00:00,23018.59961,23063.84961,23017.94922,23056.80078
2026-03-27 04:05:00+00:00,23023.5,23023.5,23001.59961,23018.34961
2026-03-27 04:10:00+00:00,23052.90039,23055.75,23022.34961,23024.15039
2026-03-27 04:15:00+00:00,23039.34961,23054.59961,23024.84961,23053.55078
2026-03-27 04:20:00+00:00,23014.94922,23040.09961,23014.30078,23039.25
2026-03-27 04:25:00+00:00,22991.40039,23017.30078,22979.44922,23015.34961
2026-03-27 04:30:00+00:00,23024.59961,23034.94922,22988.80078,22992.25
2026-03-27 04:35:00+00:00,23015.59961,23024.84961,22998.34961,23024.84961
2026-03-27 04:40:00+00:00,22979.84961,23015.59961,22977.55078,23015.59961
2026-03-27 04:45:00+00:00,22972.84961,22986.40039,22972.5,22980.5
2026-03-27 04:50:00+00:00,23007.65039,23011.25,22968.5,22973.34961
2026-03-27 04:55:00+00:00,23005.75,23014.05078,22991.34961,23007.90039
2026-03-27 05:00:00+00:00,23009.59961,23038.65039,23002.90039,23006.75
2026-03-27 05:05:00+00:00,23018.19922,23020.40039,22996.19922,23009.40039
2026-03-27 05:10:00+00:00,22988.5,23018.69922,22987,23018.69922
2026-03-27 05:15:00+00:00,22977.05078,22989.40039,22973,22989.15039
2026-03-27 05:20:00+00:00,22952.94922,22979.65039,22950.30078,22977.90039
2026-03-27 05:25:00+00:00,22973.30078,22977.80078,22949.75,22952.09961
2026-03-27 05:30:00+00:00,22978.90039,22997.69922,22967.09961,22973.5
2026-03-27 05:35:00+00:00,22989.94922,22992.84961,22972.69922,22979.15039
2026-03-27 05:40:00+00:00,22991,23001.15039,22976.80078,22989.34961
2026-03-27 05:45:00+00:00,22961.25,22992.69922,22956.25,22990.44922
2026-03-27 05:50:00+00:00,22947.75,22964,22946.84961,22960.15039
2026-03-27 05:55:00+00:00,22935.19922,22961.80078,22928.05078,22947.34961
2026-03-27 06:00:00+00:00,22938.59961,22952.15039,22929.30078,22934.5
2026-03-27 06:05:00+00:00,22950.5,22957,22934.80078,22938.94922
2026-03-27 06:10:00+00:00,22950.59961,22957.30078,22933.09961,22950.44922
2026-03-27 06:15:00+00:00,22949.5,22957.44922,22943.44922,22950.55078
2026-03-27 06:20:00+00:00,22958.05078,22961.80078,22946.44922,22949.25
2026-03-27 06:25:00+00:00,22946.65039,22958.5,22938.80078,22958.30078
2026-03-27 06:30:00+00:00,22937.84961,22946.65039,22917.69922,22946.65039
2026-03-27 06:35:00+00:00,22940.19922,22954.25,22932.40039,22936.84961
2026-03-27 06:40:00+00:00,22934.15039,22940,22924.5,22939.34961
2026-03-27 06:45:00+00:00,22908.19922,22934.90039,22907.05078,22934.34961
2026-03-27 06:50:00+00:00,22932.90039,22933.19922,22906.40039,22909.19922
2026-03-27 06:55:00+00:00,22961.55078,22964.25,22924.05078,22932.30078
2026-03-27 07:00:00+00:00,22958.25,22963.80078,22930.65039,22962.30078
2026-03-27 07:05:00+00:00,22954.90039,22967.55078,22950.65039,22958
2026-03-27 07:10:00+00:00,22965.55078,22965.55078,22938.94922,22954.84961
2026-03-27 07:15:00+00:00,22956.84961,22966.44922,22944.40039,22964.69922
2026-03-27 07:20:00+00:00,22956.09961,22973.19922,22939.90039,22956.80078
2026-03-27 07:25:00+00:00,22944.59961,22961.30078,22942.19922,22956.34961
2026-03-27 07:30:00+00:00,22926.65039,22952.59961,22925.84961,22945.65039
2026-03-27 07:35:00+00:00,22925.30078,22935.90039,22925.30078,22926.59961
2026-03-27 07:40:00+00:00,22943.15039,22944.84961,22920,22926.40039
2026-03-27 07:45:00+00:00,22972.05078,22992.94922,22939.69922,22943.65039
2026-03-27 07:50:00+00:00,22961.65039,22972.75,22945.05078,22972.75
2026-03-27 07:55:00+00:00,22936.40039,22977.25,22935.75,22960.30078
2026-03-27 08:00:00+00:00,22922.55078,22937.19922,22918.34961,22936.40039
2026-03-27 08:05:00+00:00,22912,22934.15039,22909.30078,22922.59961
2026-03-27 08:10:00+00:00,22930.94922,22949.15039,22909.44922,22912.34961
2026-03-27 08:15:00+00:00,22923.44922,22937.90039,22920.75,22930.30078
2026-03-27 08:20:00+00:00,22928.90039,22945.30078,22920.44922,22922.94922
2026-03-27 08:25:00+00:00,22924.05078,22937.15039,22912.75,22928.55078
2026-03-27 08:30:00+00:00,22919.75,22930.59961,22916.19922,22922.84961
2026-03-27 08:35:00+00:00,22909.05078,22925,22896.5,22919.90039
2026-03-27 08:40:00+00:00,22911.69922,22915.05078,22884.94922,22908.55078
2026-03-27 08:45:00+00:00,22894.5,22917.09961,22893.75,22911.05078
2026-03-27 08:50:00+00:00,22889,22905.34961,22882.15039,22895.5
2026-03-27 08:55:00+00:00,22885.59961,22899.40039,22872.25,22888.55078
2026-03-27 09:00:00+00:00,22858.09961,22886.94922,22852.94922,22885.15039
2026-03-27 09:05:00+00:00,22836.34961,22868.19922,22832.19922,22856.69922
2026-03-27 09:10:00+00:00,22852.90039,22867.40039,22832.44922,22837
2026-03-27 09:15:00+00:00,22855.80078,22864.15039,22848.09961,22852.59961
2026-03-27 09:20:00+00:00,22855.69922,22869.19922,22848.44922,22855.19922
2026-03-27 09:25:00+00:00,22846.55078,22865.19922,22840.40039,22856.44922
2026-03-27 09:30:00+00:00,22832.19922,22845,22814.09961,22845
2026-03-27 09:35:00+00:00,22820.65039,22831.30078,22812.94922,22831.30078
2026-03-27 09:40:00+00:00,22815.19922,22833.25,22811.90039,22819.80078
2026-03-27 09:45:00+00:00,22819.75,22819.80078,22806.05078,22814.40039
2026-03-27 09:50:00+00:00,22815.44922,22821.30078,22804.80078,22820.34961
2026-03-27 09:55:00+00:00,22835.5,22838.25,22807.75,22815.84961
2026-03-30 03:45:00+00:00,22522.44922,22609.80078,22472.94922,22574.69922
2026-03-30 03:50:00+00:00,22529.30078,22551.40039,22500.09961,22521.19922
2026-03-30 03:55:00+00:00,22580.75,22590.40039,22516.90039,22526.09961
2026-03-30 04:00:00+00:00,22683.59961,22684.69922,22576.75,22581.40039
2026-03-30 04:05:00+00:00,22677.40039,22713.30078,22661.90039,22681.55078
2026-03-30 04:10:00+00:00,22659.25,22703.69922,22652.65039,22675.80078
2026-03-30 04:15:00+00:00,22630.44922,22690,22628.84961,22659.55078
2026-03-30 04:20:00+00:00,22618.5,22665.30078,22617.19922,22630.19922
2026-03-30 04:25:00+00:00,22615.30078,22629.80078,22596.94922,22617.94922
2026-03-30 04:30:00+00:00,22651.19922,22665.5,22604.69922,22614.69922
2026-03-30 04:35:00+00:00,22601.59961,22650.05078,22594.05078,22650.05078
2026-03-30 04:40:00+00:00,22596.75,22600.19922,22556.59961,22600.19922
2026-03-30 04:45:00+00:00,22556.30078,22603.94922,22553.5,22595.90039
2026-03-30 04:50:00+00:00,22544.34961,22564.55078,22537.65039,22555.30078
2026-03-30 04:55:00+00:00,22534.75,22564,22534.75,22542.65039
2026-03-30 05:00:00+00:00,22529.15039,22540.25,22519.19922,22535.44922
2026-03-30 05:05:00+00:00,22538.30078,22549.5,22526.25,22528.5
2026-03-30 05:10:00+00:00,22514.55078,22554.59961,22512.25,22538.84961
2026-03-30 05:15:00+00:00,22527.34961,22535.05078,22509.44922,22513.30078
2026-03-30 05:20:00+00:00,22493.34961,22538.30078,22491.40039,22528
2026-03-30 05:25:00+00:00,22490.19922,22524.19922,22478.34961,22493.25
2026-03-30 05:30:00+00:00,22504.30078,22509.05078,22483.65039,22489.59961
2026-03-30 05:35:00+00:00,22472.30078,22509.30078,22472.30078,22503.44922
2026-03-30 05:40:00+00:00,22478.55078,22482.09961,22454,22471.44922
2026-03-30 05:45:00+00:00,22481.30078,22483.5,22466.90039,22479.25
2026-03-30 05:50:00+00:00,22482.34961,22486.84961,22467.5,22480.34961
2026-03-30 05:55:00+00:00,22468.19922,22488.25,22465.80078,22481.25
2026-03-30 06:00:00+00:00,22503.80078,22506.30078,22457.34961,22468.09961
2026-03-30 06:05:00+00:00,22516.25,22535.80078,22503.19922,22503.30078
2026-03-30 06:10:00+00:00,22486.65039,22519.15039,22484.75,22515.05078
2026-03-30 06:15:00+00:00,22464.55078,22485.69922,22460.40039,22485.69922
2026-03-30 06:20:00+00:00,22478.59961,22480.25,22453.15039,22465.05078
2026-03-30 06:25:00+00:00,22484,22489.84961,22468.15039,22477.69922
2026-03-30 06:30:00+00:00,22549.34961,22560.59961,22480.30078,22483.15039
2026-03-30 06:35:00+00:00,22558.30078,22594.5,22545.65039,22549.05078
2026-03-30 06:40:00+00:00,22567.09961,22578.09961,22553.80078,22557.55078
2026-03-30 06:45:00+00:00,22555.30078,22577.44922,22550.84961,22566.90039
2026-03-30 06:50:00+00:00,22531.30078,22594.09961,22531.05078,22555.34961
2026-03-30 06:55:00+00:00,22519.15039,22534.59961,22502.84961,22531.15039
2026-03-30 07:00:00+00:00,22517.40039,22523.5,22508,22519.84961
2026-03-30 07:05:00+00:00,22565.59961,22569.44922,22514.05078,22516.65039
2026-03-30 07:10:00+00:00,22557.05078,22579.30078,22555.80078,22564.65039
2026-03-30 07:15:00+00:00,22530.55078,22560.69922,22530.55078,22557.34961
2026-03-30 07:20:00+00:00,22503.94922,22533.05078,22484.05078,22530.09961
2026-03-30 07:25:00+00:00,22505.80078,22506.69922,22491.75,22501.75
2026-03-30 07:30:00+00:00,22491.34961,22511.40039,22486.15039,22506.09961
2026-03-30 07:35:00+00:00,22495.80078,22504.90039,22485.34961,22490.84961
2026-03-30 07:40:00+00:00,22499.19922,22506.94922,22481.44922,22495.30078
2026-03-30 07:45:00+00:00,22484.94922,22516.34961,22479.09961,22498.55078
2026-03-30 07:50:00+00:00,22484.34961,22495.05078,22482.19922,22485.30078
2026-03-30 07:55:00+00:00,22476.44922,22486.40039,22456.55078,22484.25
2026-03-30 08:00:00+00:00,22485.80078,22486.05078,22464.05078,22476.19922
2026-03-30 08:05:00+00:00,22493.65039,22502.09961,22474.25,22485.59961
2026-03-30 08:10:00+00:00,22462.05078,22500.5,22454.84961,22494.34961
2026-03-30 08:15:00+00:00,22448,22468.15039,22446.69922,22461.15039
2026-03-30 08:20:00+00:00,22422.09961,22452.90039,22420.5,22445.55078
2026-03-30 08:25:00+00:00,22428.80078,22441.59961,22420.15039,22420.94922
2026-03-30 08:30:00+00:00,22462.30078,22487.19922,22423.75,22428.09961
2026-03-30 08:35:00+00:00,22449.44922,22475.84961,22449.44922,22461.19922
2026-03-30 08:40:00+00:00,22420.5,22451.90039,22419.15039,22449.05078
2026-03-30 08:45:00+00:00,22411.55078,22425.34961,22409.59961,22420.19922
2026-03-30 08:50:00+00:00,22388,22431.84961,22383.44922,22412.34961
2026-03-30 08:55:00+00:00,22378.05078,22394.40039,22376.34961,22386
2026-03-30 09:00:00+00:00,22362.5,22410.59961,22360.65039,22376.55078
2026-03-30 09:05:00+00:00,22362.90039,22378.5,22352.19922,22361.40039
2026-03-30 09:10:00+00:00,22366.80078,22383.90039,22358.69922,22363.44922
2026-03-30 09:15:00+00:00,22362,22383.40039,22341,22365.59961
2026-03-30 09:20:00+00:00,22348.5,22376.90039,22344.69922,22361.34961
2026-03-30 09:25:00+00:00,22349.94922,22357.80078,22338.30078,22347.69922
2026-03-30 09:30:00+00:00,22291.19922,22348.5,22285.55078,22348.5
2026-03-30 09:35:00+00:00,22299.40039,22307.69922,22289.09961,22291.19922
2026-03-30 09:40:00+00:00,22335.59961,22342,22295.44922,22297.09961
2026-03-30 09:45:00+00:00,22341.80078,22356.55078,22325.15039,22335.44922
2026-03-30 09:50:00+00:00,22377.44922,22381.25,22341.84961,22342.30078
2026-03-30 09:55:00+00:00,22379.19922,22391,22359.15039,22376
2026-04-01 03:45:00+00:00,22887,22894.69922,22811.40039,22878.90039
2026-04-01 03:50:00+00:00,22899.55078,22902.40039,22872.55078,22888.59961
2026-04-01 03:55:00+00:00,22929.75,22930.15039,22898.25,22900
2026-04-01 04:00:00+00:00,22854.5,22936.90039,22845.44922,22928.55078
2026-04-01 04:05:00+00:00,22828.09961,22854,22824.15039,22853.25
2026-04-01 04:10:00+00:00,22854.94922,22873.69922,22827.40039,22828.5
2026-04-01 04:15:00+00:00,22897.55078,22898.09961,22848.5,22851.44922
2026-04-01 04:20:00+00:00,22915.15039,22932.09961,22896.19922,22897.75
2026-04-01 04:25:00+00:00,22893.15039,22919.09961,22885,22914.94922
2026-04-01 04:30:00+00:00,22927.15039,22941,22890.44922,22892.90039
2026-04-01 04:35:00+00:00,22906.80078,22932,22905.09961,22927.55078
2026-04-01 04:40:00+00:00,22868.84961,22907.44922,22862.55078,22907.44922
2026-04-01 04:45:00+00:00,22871.15039,22878.84961,22857.40039,22867.90039
2026-04-01 04:50:00+00:00,22828.34961,22879.44922,22822.05078,22871.69922
2026-04-01 04:55:00+00:00,22796.5,22828.15039,22772.09961,22827.84961
2026-04-01 05:00:00+00:00,22796,22816.30078,22778.34961,22797.09961
2026-04-01 05:05:00+00:00,22813.80078,22816.40039,22796.15039,22796.40039
2026-04-01 05:10:00+00:00,22807.5,22815,22787.34961,22813.15039
2026-04-01 05:15:00+00:00,22797.15039,22820.25,22791.90039,22808.59961
2026-04-01 05:20:00+00:00,22789.84961,22802.05078,22783.44922,22797.59961
2026-04-01 05:25:00+00:00,22770.75,22791.5,22769.69922,22791.5
2026-04-01 05:30:00+00:00,22749.09961,22771.34961,22744.5,22771.34961
2026-04-01 05:35:00+00:00,22770.55078,22786,22738.59961,22748.69922
2026-04-01 05:40:00+00:00,22763.75,22791.65039,22758.09961,22771.19922
2026-04-01 05:45:00+00:00,22767.19922,22767.55078,22747.69922,22763.55078
2026-04-01 05:50:00+00:00,22781.65039,22782.80078,22764.90039,22766.80078
2026-04-01 05:55:00+00:00,22790.09961,22800.65039,22781.5,22781.5
2026-04-01 06:00:00+00:00,22798.5,22811.65039,22786.44922,22788.84961
2026-04-01 06:05:00+00:00,22813.44922,22814.34961,22788.84961,22797.65039
2026-04-01 06:10:00+00:00,22799.15039,22822.65039,22798.19922,22813.5
2026-04-01 06:15:00+00:00,22754.09961,22798.65039,22743.65039,22797.65039
2026-04-01 06:20:00+00:00,22745.59961,22765,22742.59961,22751.94922
2026-04-01 06:25:00+00:00,22775.90039,22778.15039,22736.94922,22743.19922
2026-04-01 06:30:00+00:00,22838.75,22841.15039,22774.09961,22774.09961
2026-04-01 06:35:00+00:00,22839.15039,22842.40039,22827,22834.55078
2026-04-01 06:40:00+00:00,22859.30078,22864.59961,22828.15039,22837.80078
2026-04-01 06:45:00+00:00,22837.75,22864.19922,22834.69922,22857.75
2026-04-01 06:50:00+00:00,22831.40039,22841.94922,22825.55078,22836.30078
2026-04-01 06:55:00+00:00,22832.80078,22836.94922,22817.84961,22829.55078
2026-04-01 07:00:00+00:00,22829.5,22847.40039,22824.25,22831
2026-04-01 07:05:00+00:00,22842.5,22842.69922,22816.55078,22827.94922
2026-04-01 07:10:00+00:00,22834.59961,22856.34961,22829.55078,22841.55078
2026-04-01 07:15:00+00:00,22868.65039,22881.09961,22833.84961,22834.94922
2026-04-01 07:20:00+00:00,22873.55078,22875.55078,22860.40039,22868.44922
2026-04-01 07:25:00+00:00,22862.05078,22874.34961,22855.69922,22873.05078
2026-04-01 07:30:00+00:00,22864.59961,22873.59961,22855.5,22862.09961
2026-04-01 07:35:00+00:00,22869.15039,22878.55078,22862.09961,22864.90039
2026-04-01 07:40:00+00:00,22883.30078,22883.40039,22842.69922,22868.94922
2026-04-01 07:45:00+00:00,22843,22897.94922,22839.84961,22883.19922
2026-04-01 07:50:00+00:00,22810.59961,22843.5,22805.59961,22843
2026-04-01 07:55:00+00:00,22807.94922,22812.44922,22795,22810.55078
2026-04-01 08:00:00+00:00,22776.75,22808.34961,22760.09961,22808.34961
2026-04-01 08:05:00+00:00,22764.75,22776.34961,22748.5,22776.25
2026-04-01 08:10:00+00:00,22675.15039,22763.90039,22649.75,22763.90039
2026-04-01 08:15:00+00:00,22703.19922,22720.5,22658.69922,22674.84961
2026-04-01 08:20:00+00:00,22697.94922,22708.59961,22691.5,22702.44922
2026-04-01 08:25:00+00:00,22703.65039,22725.90039,22690.5,22697.55078
2026-04-01 08:30:00+00:00,22720.80078,22730.5,22688.19922,22703.75
2026-04-01 08:35:00+00:00,22737.25,22739.84961,22715.44922,22720.65039
2026-04-01 08:40:00+00:00,22753,22756.59961,22727.90039,22739
2026-04-01 08:45:00+00:00,22742.05078,22756.80078,22723.75,22754.34961
2026-04-01 08:50:00+00:00,22723.40039,22743.09961,22709.94922,22741.34961
2026-04-01 08:55:00+00:00,22733.40039,22736,22717,22723.15039
2026-04-01 09:00:00+00:00,22709.15039,22734.90039,22704.44922,22734.55078
2026-04-01 09:05:00+00:00,22667.75,22709.34961,22665.19922,22708.25
2026-04-01 09:10:00+00:00,22662.65039,22678.55078,22641.40039,22666.19922
2026-04-01 09:15:00+00:00,22641.19922,22662.5,22619.05078,22660.59961
2026-04-01 09:20:00+00:00,22657.19922,22666.75,22629.80078,22640.90039
2026-04-01 09:25:00+00:00,22647.80078,22685.34961,22644.84961,22656.80078
2026-04-01 09:30:00+00:00,22676.75,22692.55078,22651.25,22651.25
2026-04-01 09:35:00+00:00,22682.09961,22684.40039,22669.90039,22676.94922
2026-04-01 09:40:00+00:00,22671.65039,22691.30078,22670.05078,22682.75
2026-04-01 09:45:00+00:00,22681.09961,22688.5,22668.59961,22671.09961
2026-04-01 09:50:00+00:00,22683.5,22683.90039,22672.94922,22681.25
2026-04-01 09:55:00+00:00,22703.15039,22706.30078,22674.59961,22683.55078
2026-04-02 03:45:00+00:00,22228,22383.40039,22209.5,22383.40039
2026-04-02 03:50:00+00:00,22252.15039,22255.94922,22215.59961,22226.34961
2026-04-02 03:55:00+00:00,22245.55078,22261.59961,22236.34961,22251.44922
2026-04-02 04:00:00+00:00,22255.40039,22268.75,22239.44922,22244.44922
2026-04-02 04:05:00+00:00,22251.44922,22290.75,22244,22255.40039
2026-04-02 04:10:00+00:00,22262.55078,22278.09961,22244,22249.90039
2026-04-02 04:15:00+00:00,22235.65039,22273.19922,22227.34961,22264.44922
2026-04-02 04:20:00+00:00,22221.15039,22241.69922,22212.69922,22235.69922
2026-04-02 04:25:00+00:00,22206.5,22227.55078,22205.84961,22220.80078
2026-04-02 04:30:00+00:00,22215.09961,22229.80078,22190.44922,22206.80078
2026-04-02 04:35:00+00:00,22186.40039,22216.09961,22184.69922,22216.09961
2026-04-02 04:40:00+00:00,22234.34961,22236.65039,22183.30078,22186.34961
2026-04-02 04:45:00+00:00,22205.34961,22234.5,22190.65039,22234.5
2026-04-02 04:50:00+00:00,22191.30078,22226.5,22189.44922,22206.55078
2026-04-02 04:55:00+00:00,22217.65039,22221.40039,22188.94922,22189.75
2026-04-02 05:00:00+00:00,22214,22229,22208.5,22216.84961
2026-04-02 05:05:00+00:00,22221.34961,22224.34961,22206.80078,22213.40039
2026-04-02 05:10:00+00:00,22221.40039,22236.19922,22215.09961,22219.94922
2026-04-02 05:15:00+00:00,22206.34961,22225.09961,22189.44922,22221.19922
2026-04-02 05:20:00+00:00,22226.59961,22237.44922,22199.25,22204.84961
2026-04-02 05:25:00+00:00,22243.69922,22249.5,22220.30078,22225.59961
2026-04-02 05:30:00+00:00,22234.84961,22250.19922,22230.30078,22242.94922
2026-04-02 05:35:00+00:00,22235.69922,22243.34961,22222.40039,22236.30078
2026-04-02 05:40:00+00:00,22227.65039,22235.05078,22217.94922,22233.40039
2026-04-02 05:45:00+00:00,22217.65039,22230.80078,22206.05078,22225.84961
2026-04-02 05:50:00+00:00,22212,22220.55078,22206.25,22216.59961
2026-04-02 05:55:00+00:00,22207.59961,22222.75,22202.75,22209
2026-04-02 06:00:00+00:00,22219.80078,22224.09961,22203.69922,22206.5
2026-04-02 06:05:00+00:00,22234.40039,22239.19922,22218.30078,22218.90039
2026-04-02 06:10:00+00:00,22225.5,22237.25,22221.40039,22234.75
2026-04-02 06:15:00+00:00,22242,22251.05078,22223.09961,22223.15039
2026-04-02 06:20:00+00:00,22245.19922,22256.75,22241.65039,22243.44922
2026-04-02 06:25:00+00:00,22277.19922,22300.59961,22243.59961,22247.40039
2026-04-02 06:30:00+00:00,22271.25,22288.75,22260.40039,22277.55078
2026-04-02 06:35:00+00:00,22262.40039,22270.19922,22244.55078,22269.5
2026-04-02 06:40:00+00:00,22267,22277.40039,22259.05078,22264.30078
2026-04-02 06:45:00+00:00,22261.65039,22272.44922,22256.90039,22267.84961
2026-04-02 06:50:00+00:00,22261.65039,22266.19922,22231.25,22261.44922
2026-04-02 06:55:00+00:00,22295,22295,22255.69922,22258.90039
2026-04-02 07:00:00+00:00,22316.55078,22319.44922,22285.15039,22294.5
2026-04-02 07:05:00+00:00,22348.59961,22360.75,22307.69922,22316.44922
2026-04-02 07:10:00+00:00,22361.84961,22368.09961,22334.30078,22349.30078
2026-04-02 07:15:00+00:00,22350.90039,22367.05078,22336.65039,22363.05078
2026-04-02 07:20:00+00:00,22324.65039,22362.94922,22323.55078,22351.15039
2026-04-02 07:25:00+00:00,22364.80078,22371.69922,22325.19922,22326.25
2026-04-02 07:30:00+00:00,22373.34961,22405.19922,22364.84961,22365.30078
2026-04-02 07:35:00+00:00,22376.80078,22378.75,22330.90039,22372.90039
2026-04-02 07:40:00+00:00,22369.84961,22376.90039,22355.34961,22376.80078
2026-04-02 07:45:00+00:00,22389.09961,22394.65039,22360.30078,22368.5
2026-04-02 07:50:00+00:00,22439.65039,22439.65039,22385.65039,22388.44922
2026-04-02 07:55:00+00:00,22488.25,22488.25,22421.05078,22439.75
2026-04-02 08:00:00+00:00,22491.80078,22502.40039,22458,22488.44922
2026-04-02 08:05:00+00:00,22517.80078,22522.65039,22465.15039,22491
2026-04-02 08:10:00+00:00,22535.65039,22543.30078,22513.40039,22519.15039
2026-04-02 08:15:00+00:00,22533.80078,22560.09961,22524.5,22537.80078
2026-04-02 08:20:00+00:00,22532.05078,22560.19922,22519.09961,22533.55078
2026-04-02 08:25:00+00:00,22530.34961,22538.44922,22493.80078,22530.15039
2026-04-02 08:30:00+00:00,22560,22561.55078,22519.84961,22529.44922
2026-04-02 08:35:00+00:00,22567.94922,22571.80078,22537.30078,22558.90039
2026-04-02 08:40:00+00:00,22627.25,22628.25,22566.40039,22566.69922
2026-04-02 08:45:00+00:00,22651.94922,22672.59961,22618.40039,22625.84961
2026-04-02 08:50:00+00:00,22673.84961,22675.25,22637.75,22651.55078
2026-04-02 08:55:00+00:00,22665.65039,22684.30078,22645.84961,22672.55078
2026-04-02 09:00:00+00:00,22689.15039,22706,22656.59961,22665.55078
2026-04-02 09:05:00+00:00,22629.15039,22694.5,22620.94922,22690.34961
2026-04-02 09:10:00+00:00,22584.59961,22639.59961,22572.84961,22630.84961
2026-04-02 09:15:00+00:00,22615.5,22634.94922,22569.15039,22584.40039
2026-04-02 09:20:00+00:00,22659.55078,22663.59961,22609.90039,22614.90039
2026-04-02 09:25:00+00:00,22656.80078,22667.15039,22641.65039,22659.09961
2026-04-02 09:30:00+00:00,22688.75,22697.34961,22650.80078,22658.30078
2026-04-02 09:35:00+00:00,22746.65039,22747.05078,22686.94922,22689.84961
2026-04-02 09:40:00+00:00,22760.40039,22761.44922,22733.5,22747.90039
2026-04-02 09:45:00+00:00,22718.15039,22781.94922,22715.59961,22761.94922
2026-04-02 09:50:00+00:00,22689.15039,22724.34961,22673.59961,22717.65039
2026-04-02 09:55:00+00:00,22700.25,22711.5,22678.5,22690.44922
2026-04-06 03:45:00+00:00,22666.05078,22785.84961,22592.30078,22785.84961
2026-04-06 03:50:00+00:00,22653.55078,22714.34961,22646.69922,22671.30078
2026-04-06 03:55:00+00:00,22609.05078,22661.94922,22602.19922,22657.25
2026-04-06 04:00:00+00:00,22681.05078,22684.84961,22596.5,22604.84961
2026-04-06 04:05:00+00:00,22704.34961,22746.90039,22678.19922,22681.69922
2026-04-06 04:10:00+00:00,22620.19922,22714.34961,22602.19922,22704.84961
2026-04-06 04:15:00+00:00,22589.90039,22636.34961,22589.90039,22620.19922
2026-04-06 04:20:00+00:00,22573,22603.25,22569,22591.09961
2026-04-06 04:25:00+00:00,22569.30078,22586.55078,22568.40039,22571.09961
2026-04-06 04:30:00+00:00,22589.59961,22591.59961,22562.84961,22569.09961
2026-04-06 04:35:00+00:00,22614.94922,22632.05078,22586,22590.44922
2026-04-06 04:40:00+00:00,22654.84961,22656.80078,22597.25,22615.84961
2026-04-06 04:45:00+00:00,22638.59961,22679.69922,22613.30078,22659.80078
2026-04-06 04:50:00+00:00,22640.55078,22662.80078,22637,22639.5
2026-04-06 04:55:00+00:00,22634.44922,22645,22591.30078,22638.34961
2026-04-06 05:00:00+00:00,22636.80078,22640.40039,22598.84961,22634.05078
2026-04-06 05:05:00+00:00,22661,22661.84961,22634.44922,22637.69922
2026-04-06 05:10:00+00:00,22653.5,22662.65039,22627.30078,22661.69922
2026-04-06 05:15:00+00:00,22657,22663.25,22641.15039,22653.94922
2026-04-06 05:20:00+00:00,22617.40039,22669.19922,22610.25,22657.30078
2026-04-06 05:25:00+00:00,22635.84961,22651.30078,22609.59961,22618.69922
2026-04-06 05:30:00+00:00,22590.05078,22635.80078,22587.84961,22635.59961
2026-04-06 05:35:00+00:00,22588.55078,22603.30078,22577.40039,22590.30078
2026-04-06 05:40:00+00:00,22567.80078,22587.40039,22543.40039,22587.40039
2026-04-06 05:45:00+00:00,22611.94922,22611.94922,22558.65039,22567.44922
2026-04-06 05:50:00+00:00,22613.94922,22635.65039,22597.09961,22611.34961
2026-04-06 05:55:00+00:00,22629.30078,22629.55078,22596.75,22615.05078
2026-04-06 06:00:00+00:00,22610.05078,22633.09961,22595.90039,22629.15039
2026-04-06 06:05:00+00:00,22618.84961,22647.94922,22606.19922,22610.19922
2026-04-06 06:10:00+00:00,22644.40039,22650.59961,22604.90039,22619.59961
2026-04-06 06:15:00+00:00,22645.69922,22663.30078,22634.55078,22644.30078
2026-04-06 06:20:00+00:00,22668.19922,22675.25,22644.80078,22646.19922
2026-04-06 06:25:00+00:00,22676.40039,22707.80078,22665.69922,22669
2026-04-06 06:30:00+00:00,22667.84961,22684.80078,22663.75,22678.05078
2026-04-06 06:35:00+00:00,22673.59961,22691.94922,22664.75,22667.94922
2026-04-06 06:40:00+00:00,22659.59961,22680.75,22659.40039,22673
2026-04-06 06:45:00+00:00,22660.19922,22672.44922,22653.09961,22660.34961
2026-04-06 06:50:00+00:00,22700.80078,22731.09961,22659.25,22661.69922
2026-04-06 06:55:00+00:00,22713.40039,22727.94922,22699.25,22702
2026-04-06 07:00:00+00:00,22650.09961,22714.90039,22648.34961,22713.55078
2026-04-06 07:05:00+00:00,22667.69922,22682.59961,22644.44922,22649.40039
2026-04-06 07:10:00+00:00,22675.65039,22684.80078,22652.65039,22667.94922
2026-04-06 07:15:00+00:00,22757,22757,22675.44922,22676.19922
2026-04-06 07:20:00+00:00,22775.25,22785.30078,22746.55078,22757
2026-04-06 07:25:00+00:00,22802.44922,22803.69922,22774.30078,22776.15039
2026-04-06 07:30:00+00:00,22767.40039,22814.30078,22758.44922,22804.09961
2026-04-06 07:35:00+00:00,22806,22806.94922,22768.40039,22769.05078
2026-04-06 07:40:00+00:00,22860.69922,22864.84961,22806.19922,22807.25
2026-04-06 07:45:00+00:00,22864.19922,22875.5,22844.84961,22861.30078
2026-04-06 07:50:00+00:00,22878.40039,22898.65039,22863.15039,22864.40039
2026-04-06 07:55:00+00:00,22860.19922,22881.15039,22843.84961,22878.5
2026-04-06 08:00:00+00:00,22884.84961,22893.59961,22862.94922,22863.65039
2026-04-06 08:05:00+00:00,22863.40039,22900.55078,22863.40039,22885.69922
2026-04-06 08:10:00+00:00,22850.90039,22877.75,22843.5,22863.44922
2026-04-06 08:15:00+00:00,22843.80078,22874.34961,22843.80078,22852.69922
2026-04-06 08:20:00+00:00,22882.69922,22886.75,22843.40039,22845.80078
2026-04-06 08:25:00+00:00,22862.80078,22887.40039,22859.59961,22883
2026-04-06 08:30:00+00:00,22890.55078,22898.69922,22861.75,22862.44922
2026-04-06 08:35:00+00:00,22866.05078,22898.65039,22865.94922,22890.69922
2026-04-06 08:40:00+00:00,22911.40039,22913.34961,22865.94922,22866.90039
2026-04-06 08:45:00+00:00,22914.94922,22928.75,22897.65039,22911.65039
2026-04-06 08:50:00+00:00,22907.25,22928.5,22907.25,22916.15039
2026-04-06 08:55:00+00:00,22895.44922,22913.30078,22881.40039,22908
2026-04-06 09:00:00+00:00,22922.25,22925.84961,22895.90039,22896.65039
2026-04-06 09:05:00+00:00,22918,22939.94922,22902.65039,22923.09961
2026-04-06 09:10:00+00:00,22913.80078,22928.5,22904.15039,22918.65039
2026-04-06 09:15:00+00:00,22922,22928.65039,22911.55078,22914.30078
2026-04-06 09:20:00+00:00,22911.15039,22929.25,22905.30078,22924.19922
2026-04-06 09:25:00+00:00,22917.15039,22930.30078,22886.30078,22910.59961
2026-04-06 09:30:00+00:00,22959.65039,22968.25,22912.44922,22917.05078
2026-04-06 09:35:00+00:00,22975.34961,22977.30078,22959.75,22960.19922
2026-04-06 09:40:00+00:00,22989.34961,22997.65039,22965.34961,22974.65039
2026-04-06 09:45:00+00:00,22970.90039,22991.19922,22967.05078,22990.30078
2026-04-06 09:50:00+00:00,22969.84961,22972.94922,22957.94922,22970.84961
2026-04-06 09:55:00+00:00,22959.44922,22972.19922,22954.19922,22969.90039
2026-04-07 03:45:00+00:00,22773.05078,22834.80078,22720.44922,22834.80078
2026-04-07 03:50:00+00:00,22802.15039,22825.80078,22758.75,22773.75
2026-04-07 03:55:00+00:00,22889.84961,22892.59961,22801.30078,22804.65039
2026-04-07 04:00:00+00:00,22858.34961,22900.65039,22856.75,22891.44922
2026-04-07 04:05:00+00:00,22851.25,22880.34961,22837.65039,22860.19922
2026-04-07 04:10:00+00:00,22801.80078,22868.5,22793,22854.90039
2026-04-07 04:15:00+00:00,22818.25,22863,22803.25,22803.25
2026-04-07 04:20:00+00:00,22841.40039,22853.84961,22811.25,22819.69922
2026-04-07 04:25:00+00:00,22886.15039,22892.65039,22842.44922,22843.94922
2026-04-07 04:30:00+00:00,22913.90039,22923.19922,22879.30078,22889.34961
2026-04-07 04:35:00+00:00,22897.5,22928.34961,22893.75,22914.44922
2026-04-07 04:40:00+00:00,22920,22923.55078,22887,22899.5
2026-04-07 04:45:00+00:00,22943.19922,22950.75,22917.44922,22921.80078
2026-04-07 04:50:00+00:00,22926.44922,22966.40039,22915.84961,22945.75
2026-04-07 04:55:00+00:00,22943.65039,22945.69922,22922.80078,22928.80078
2026-04-07 05:00:00+00:00,22913.69922,22947.90039,22910.44922,22944.5
2026-04-07 05:05:00+00:00,22928.75,22929.94922,22887.59961,22915.90039
2026-04-07 05:10:00+00:00,22958.84961,22965.25,22928.19922,22930.65039
2026-04-07 05:15:00+00:00,22931.75,22960.94922,22924,22960.30078
2026-04-07 05:20:00+00:00,22879.19922,22933.5,22862.40039,22933.19922
2026-04-07 05:25:00+00:00,22843.94922,22904.05078,22834.65039,22881.09961
2026-04-07 05:30:00+00:00,22850.55078,22864.34961,22827.75,22845.09961
2026-04-07 05:35:00+00:00,22864.94922,22886.69922,22844.80078,22853.84961
2026-04-07 05:40:00+00:00,22862.5,22878.94922,22848.40039,22867.59961
2026-04-07 05:45:00+00:00,22893.69922,22903.15039,22852.15039,22866.05078
2026-04-07 05:50:00+00:00,22927.5,22928.19922,22887.5,22895
2026-04-07 05:55:00+00:00,22943.59961,22947,22920.94922,22928.80078
2026-04-07 06:00:00+00:00,22943.94922,22946.40039,22933.09961,22943.5
2026-04-07 06:05:00+00:00,22944.25,22960.25,22927.59961,22944.5
2026-04-07 06:10:00+00:00,22921.25,22945.05078,22912.34961,22945.05078
2026-04-07 06:15:00+00:00,22917.09961,22928,22903.80078,22922.40039
2026-04-07 06:20:00+00:00,22942.94922,22943.09961,22917.09961,22918.69922
2026-04-07 06:25:00+00:00,22986.84961,22991.55078,22943.44922,22944.34961
2026-04-07 06:30:00+00:00,22944.40039,22945.25,22944.09961,22944.80078
2026-04-07 06:35:00+00:00,22949.05078,22950.30078,22926,22945.84961
2026-04-07 06:40:00+00:00,22942.55078,22950.5,22906.25,22950.5
2026-04-07 06:45:00+00:00,22929.94922,22947.25,22922.5,22939.94922
2026-04-07 06:50:00+00:00,22912.75,22932.65039,22905.69922,22931.84961
2026-04-07 06:55:00+00:00,22924.75,22929.30078,22909.44922,22914.94922
2026-04-07 07:00:00+00:00,22934.84961,22945.34961,22920.30078,22926.19922
2026-04-07 07:05:00+00:00,22946.30078,22946.30078,22924.44922,22937.55078
2026-04-07 07:10:00+00:00,22946.05078,22951.90039,22933.09961,22947.19922
2026-04-07 07:15:00+00:00,22942.80078,22948.84961,22931.5,22947.19922
2026-04-07 07:20:00+00:00,22939.84961,22952.05078,22925.25,22944.80078
2026-04-07 07:25:00+00:00,22915.90039,22944.59961,22912.5,22940.5
2026-04-07 07:30:00+00:00,22937.69922,22942.19922,22907.84961,22917.40039
2026-04-07 07:35:00+00:00,22912.75,22939.69922,22911.34961,22939.69922
2026-04-07 07:40:00+00:00,22938.84961,22956.05078,22906.15039,22914.09961
2026-04-07 07:45:00+00:00,22967.30078,22970.69922,22940.5,22941.65039
2026-04-07 07:50:00+00:00,22954.25,22969.30078,22948.55078,22969.30078
2026-04-07 07:55:00+00:00,22959.94922,22961.09961,22933.75,22954.75
2026-04-07 08:00:00+00:00,23012.80078,23042.75,22961.80078,22961.90039
2026-04-07 08:05:00+00:00,23030.19922,23033.09961,23003.15039,23014.15039
2026-04-07 08:10:00+00:00,23056.05078,23062.34961,23016.55078,23031.09961
2026-04-07 08:15:00+00:00,23020.75,23063.34961,23017.75,23057.5
2026-04-07 08:20:00+00:00,23026.94922,23044.09961,22995.05078,23022.19922
2026-04-07 08:25:00+00:00,22977.69922,23032.69922,22960.05078,23029
2026-04-07 08:30:00+00:00,23013.55078,23020.55078,22974.09961,22979.90039
2026-04-07 08:35:00+00:00,23015.55078,23022.65039,22993.90039,23016.40039
2026-04-07 08:40:00+00:00,23011.94922,23018.34961,22986.05078,23016.15039
2026-04-07 08:45:00+00:00,22996.59961,23026.15039,22994.80078,23014.55078
2026-04-07 08:50:00+00:00,23004.80078,23011.80078,22982.15039,22998.90039
2026-04-07 08:55:00+00:00,23014.09961,23025.40039,22999.05078,23005.94922
2026-04-07 09:00:00+00:00,23034.19922,23049.94922,23012.94922,23015
2026-04-07 09:05:00+00:00,23001.30078,23036.44922,22989.44922,23036.05078
2026-04-07 09:10:00+00:00,23028.59961,23041.15039,23003.44922,23004.25
2026-04-07 09:15:00+00:00,23044.55078,23055.30078,23020.69922,23031.40039
2026-04-07 09:20:00+00:00,23060.05078,23067.94922,23045.19922,23046.40039
2026-04-07 09:25:00+00:00,23096.69922,23101.19922,23064.19922,23064.59961
2026-04-07 09:30:00+00:00,23118.55078,23128.75,23076.5,23096.84961
2026-04-07 09:35:00+00:00,23127,23133.25,23102.15039,23117.94922
2026-04-07 09:40:00+00:00,23109.25,23130,23099.34961,23125
2026-04-07 09:45:00+00:00,23123.44922,23140.5,23106.09961,23109.40039
2026-04-07 09:50:00+00:00,23135.34961,23143.5,23123.09961,23125.34961
2026-04-07 09:55:00+00:00,23129.94922,23151.84961,23124.15039,23137.05078
2026-04-08 03:45:00+00:00,23900,23909.44922,23836.90039,23855.15039
2026-04-08 03:50:00+00:00,23862.59961,23928.09961,23859.80078,23899.94922
2026-04-08 03:55:00+00:00,23877.75,23893.65039,23855.19922,23863.34961
2026-04-08 04:00:00+00:00,23879.44922,23909.34961,23875.90039,23877.84961
2026-04-08 04:05:00+00:00,23913.90039,23916.19922,23879.90039,23879.94922
2026-04-08 04:10:00+00:00,23921.05078,23921.34961,23899.5,23913.34961
2026-04-08 04:15:00+00:00,23941.55078,23959.75,23920.15039,23920.15039
2026-04-08 04:20:00+00:00,23921.19922,23958.5,23912.55078,23940.94922
2026-04-08 04:25:00+00:00,23897.40039,23936.59961,23891.84961,23922.05078
2026-04-08 04:30:00+00:00,23900.34961,23923.90039,23892.84961,23896.90039
2026-04-08 04:35:00+00:00,23901.84961,23935.09961,23893.15039,23900.40039
2026-04-08 04:40:00+00:00,23880.15039,23903.40039,23878.59961,23902
2026-04-08 04:45:00+00:00,23904.59961,23905.05078,23869.09961,23880.44922
2026-04-08 04:50:00+00:00,23893.09961,23913,23877.40039,23905.25
2026-04-08 04:55:00+00:00,23908.75,23915.25,23880.05078,23892.75
2026-04-08 05:00:00+00:00,23921.5,23928.34961,23908.05078,23909.84961
2026-04-08 05:05:00+00:00,23921.55078,23930.90039,23904.05078,23922.05078
2026-04-08 05:10:00+00:00,23950.5,23952.94922,23906.65039,23921.65039
2026-04-08 05:15:00+00:00,23940.34961,23955.55078,23925.15039,23950.94922
2026-04-08 05:20:00+00:00,23971.84961,23971.94922,23935.15039,23940.09961
2026-04-08 05:25:00+00:00,23982.5,23984.05078,23965.09961,23970.19922
2026-04-08 05:30:00+00:00,23992,23998.44922,23981.30078,23982.15039
2026-04-08 05:35:00+00:00,23990,24000.80078,23985.69922,23992.34961
2026-04-08 05:40:00+00:00,23991.75,24004.19922,23983.5,23990.5
2026-04-08 05:45:00+00:00,24001.05078,24014,23991.09961,23991.59961
2026-04-08 05:50:00+00:00,24002.09961,24013.5,23998.75,24001.05078
2026-04-08 05:55:00+00:00,23981.90039,24004.15039,23975.5,24001.84961
2026-04-08 06:00:00+00:00,23968.30078,23982.75,23965.65039,23982.75
2026-04-08 06:05:00+00:00,23963.75,23981.09961,23947.09961,23968.44922
2026-04-08 06:10:00+00:00,23980.55078,23988.30078,23954.44922,23964.05078
2026-04-08 06:15:00+00:00,23986.5,23998.59961,23979.94922,23980.55078
2026-04-08 06:20:00+00:00,23948.69922,23987.40039,23930.19922,23985.80078
2026-04-08 06:25:00+00:00,23931,23951.44922,23923.5,23949.34961
2026-04-08 06:30:00+00:00,23951.40039,23957.44922,23920.15039,23931.19922
2026-04-08 06:35:00+00:00,23971,23971,23950.80078,23951.25
2026-04-08 06:40:00+00:00,23963.30078,23971.19922,23957.69922,23969.59961
2026-04-08 06:45:00+00:00,23963.55078,23967.34961,23958.05078,23963.19922
2026-04-08 06:50:00+00:00,23971.55078,23973.94922,23962.80078,23963.44922
2026-04-08 06:55:00+00:00,23949.25,23973.44922,23949.25,23971.05078
2026-04-08 07:00:00+00:00,23917.09961,23950.94922,23902.25,23950.09961
2026-04-08 07:05:00+00:00,23922.69922,23934,23910.59961,23916.55078
2026-04-08 07:10:00+00:00,23947.09961,23950.55078,23916.25,23923.44922
2026-04-08 07:15:00+00:00,23952.40039,23953.15039,23932.34961,23946.34961
2026-04-08 07:20:00+00:00,23953.09961,23958.84961,23944.40039,23952.55078
2026-04-08 07:25:00+00:00,23977.65039,23979.80078,23953.25,23953.40039
2026-04-08 07:30:00+00:00,23967.90039,23979.19922,23957,23978.80078
2026-04-08 07:35:00+00:00,23961.84961,23969.69922,23948.80078,23967.75
2026-04-08 07:40:00+00:00,23974.09961,23988.59961,23961.80078,23962.34961
2026-04-08 07:45:00+00:00,23974.65039,23991.34961,23965.19922,23974.30078
2026-04-08 07:50:00+00:00,23984,23984.69922,23969.69922,23973.90039
2026-04-08 07:55:00+00:00,23999.44922,24001.59961,23983,23983.19922
2026-04-08 08:00:00+00:00,23994.40039,24000.34961,23981.25,23999.15039
2026-04-08 08:05:00+00:00,24015.5,24024.5,23994,23994.15039
2026-04-08 08:10:00+00:00,23976,24017.5,23975.5,24015.5
2026-04-08 08:15:00+00:00,23976.80078,23990.05078,23968.75,23975.40039
2026-04-08 08:20:00+00:00,23963,23985.5,23953.09961,23977.34961
2026-04-08 08:25:00+00:00,23985.69922,23988.40039,23964.05078,23964.05078
2026-04-08 08:30:00+00:00,23968.40039,23986.34961,23964.55078,23985.5
2026-04-08 08:35:00+00:00,23965.19922,23971.65039,23951.19922,23967.34961
2026-04-08 08:40:00+00:00,23948.25,23979.94922,23944,23964.30078
2026-04-08 08:45:00+00:00,23963.55078,23966.59961,23946.75,23948.15039
2026-04-08 08:50:00+00:00,23976.90039,23985.40039,23962.90039,23965.30078
2026-04-08 08:55:00+00:00,23978.94922,23988.80078,23973.75,23977.30078
2026-04-08 09:00:00+00:00,23979,23988.84961,23971.90039,23979.55078
2026-04-08 09:05:00+00:00,23978.80078,23990.55078,23973.84961,23977.55078
2026-04-08 09:10:00+00:00,23998.90039,24006.15039,23977.80078,23979.19922
2026-04-08 09:15:00+00:00,23984.30078,24017.59961,23978.84961,23999
2026-04-08 09:20:00+00:00,23987.5,23990.59961,23972.55078,23982.80078
2026-04-08 09:25:00+00:00,24002.19922,24005,23984.15039,23987.65039
2026-04-08 09:30:00+00:00,23992.05078,24002.65039,23955.75,24002.65039
2026-04-08 09:35:00+00:00,24000.09961,24011.5,23992.19922,23992.25
2026-04-08 09:40:00+00:00,23994.84961,24008.09961,23989.25,23999
2026-04-08 09:45:00+00:00,23992.65039,23998.09961,23985.30078,23994.25
2026-04-08 09:50:00+00:00,24003.80078,24004.55078,23991.40039,23993
2026-04-08 09:55:00+00:00,24010.59961,24018.25,24000.34961,24004.19922
2026-04-09 03:45:00+00:00,23935.65039,23935.65039,23816.44922,23908.65039
2026-04-09 03:50:00+00:00,23969.40039,23974.40039,23926.55078,23932
2026-04-09 03:55:00+00:00,23984.19922,23989.75,23961.19922,23968.44922
2026-04-09 04:00:00+00:00,23890.94922,23986.09961,23890.94922,23983.59961
2026-04-09 04:05:00+00:00,23891.09961,23929.34961,23882,23891.80078
2026-04-09 04:10:00+00:00,23861.15039,23899.30078,23856.65039,23891.30078
2026-04-09 04:15:00+00:00,23817.30078,23883.05078,23816.94922,23863.90039
2026-04-09 04:20:00+00:00,23805.05078,23826,23795.19922,23815.94922
2026-04-09 04:25:00+00:00,23786.30078,23806.59961,23771.19922,23805.94922
2026-04-09 04:30:00+00:00,23817.40039,23826.5,23760.55078,23785.34961
2026-04-09 04:35:00+00:00,23824.05078,23831.34961,23807.40039,23815.30078
2026-04-09 04:40:00+00:00,23839,23853.15039,23824,23824
2026-04-09 04:45:00+00:00,23870.69922,23870.69922,23820.84961,23839.05078
2026-04-09 04:50:00+00:00,23864.80078,23871.34961,23843.5,23869.94922
2026-04-09 04:55:00+00:00,23848.19922,23867.55078,23820.19922,23863.5
2026-04-09 05:00:00+00:00,23858.44922,23863.59961,23841.80078,23848.44922
2026-04-09 05:05:00+00:00,23837.59961,23872.19922,23832.25,23858.05078
2026-04-09 05:10:00+00:00,23807.90039,23839.5,23803.65039,23836.80078
2026-04-09 05:15:00+00:00,23824.34961,23829.25,23807.94922,23807.94922
2026-04-09 05:20:00+00:00,23825.40039,23830.40039,23811.25,23823.75
2026-04-09 05:25:00+00:00,23828.75,23843.55078,23820.84961,23825.94922
2026-04-09 05:30:00+00:00,23849.30078,23864.09961,23828.55078,23828.94922
2026-04-09 05:35:00+00:00,23860.65039,23866.40039,23828.15039,23848.69922
2026-04-09 05:40:00+00:00,23855.75,23869.5,23852,23860.34961
2026-04-09 05:45:00+00:00,23829.94922,23863.19922,23824.15039,23855.59961
2026-04-09 05:50:00+00:00,23839.5,23850.5,23814.19922,23830.30078
2026-04-09 05:55:00+00:00,23855.25,23863.84961,23838.30078,23838.30078
2026-04-09 06:00:00+00:00,23855.30078,23875.5,23844.40039,23855
2026-04-09 06:05:00+00:00,23856.25,23862.09961,23847.69922,23852.90039
2026-04-09 06:10:00+00:00,23864.80078,23871.30078,23845.94922,23856.15039
2026-04-09 06:15:00+00:00,23887.25,23887.59961,23849.40039,23864.80078
2026-04-09 06:20:00+00:00,23883.65039,23898,23870.5,23886.94922
2026-04-09 06:25:00+00:00,23886.34961,23905.40039,23871.80078,23884.59961
2026-04-09 06:30:00+00:00,23876.55078,23902.75,23868.90039,23887.15039
2026-04-09 06:35:00+00:00,23901,23902.69922,23860.25,23875.75
2026-04-09 06:40:00+00:00,23881.25,23907.30078,23877.09961,23899.84961
2026-04-09 06:45:00+00:00,23875.34961,23884.05078,23873.65039,23881.05078
2026-04-09 06:50:00+00:00,23869.5,23883.84961,23867.05078,23875.30078
2026-04-09 06:55:00+00:00,23872.55078,23886.90039,23854.84961,23868.55078
2026-04-09 07:00:00+00:00,23864.55078,23885.34961,23862.55078,23871.75
2026-04-09 07:05:00+00:00,23855.34961,23871.44922,23845.09961,23864.65039
2026-04-09 07:10:00+00:00,23852.30078,23867.55078,23848.44922,23854.25
2026-04-09 07:15:00+00:00,23807.15039,23855.25,23805.25,23853.30078
2026-04-09 07:20:00+00:00,23831.30078,23839.40039,23801.59961,23807.09961
2026-04-09 07:25:00+00:00,23830.69922,23843.59961,23828.40039,23830.59961
2026-04-09 07:30:00+00:00,23830.94922,23842.59961,23824.34961,23830.25
2026-04-09 07:35:00+00:00,23829.59961,23836.94922,23816.84961,23831.15039
2026-04-09 07:40:00+00:00,23815.40039,23831.05078,23804.69922,23829.15039
2026-04-09 07:45:00+00:00,23803.19922,23817.30078,23800.94922,23815.84961
2026-04-09 07:50:00+00:00,23787.19922,23804.34961,23767.80078,23803.05078
2026-04-09 07:55:00+00:00,23769.30078,23790.34961,23767.90039,23786.59961
2026-04-09 08:00:00+00:00,23788.69922,23792.5,23759.05078,23769.15039
2026-04-09 08:05:00+00:00,23773.19922,23798.94922,23767.65039,23789.05078
2026-04-09 08:10:00+00:00,23760.15039,23776.65039,23755.84961,23773.34961
2026-04-09 08:15:00+00:00,23762.5,23770.55078,23740.80078,23759.84961
2026-04-09 08:20:00+00:00,23770.5,23785.44922,23753.5,23762.90039
2026-04-09 08:25:00+00:00,23767.84961,23782.30078,23764.55078,23770.34961
2026-04-09 08:30:00+00:00,23781.80078,23790.19922,23754.94922,23767.84961
2026-04-09 08:35:00+00:00,23785.55078,23800,23767.75,23781.75
2026-04-09 08:40:00+00:00,23753.19922,23786.94922,23751.80078,23785.34961
2026-04-09 08:45:00+00:00,23746.59961,23760.94922,23746.19922,23753.44922
2026-04-09 08:50:00+00:00,23731.69922,23758.69922,23721.90039,23746.34961
2026-04-09 08:55:00+00:00,23720.30078,23733.80078,23710.40039,23731.65039
2026-04-09 09:00:00+00:00,23697.15039,23722.25,23683.34961,23720
2026-04-09 09:05:00+00:00,23705.84961,23708.84961,23690.40039,23697.19922
2026-04-09 09:10:00+00:00,23729.75,23744.90039,23702.69922,23707.25
2026-04-09 09:15:00+00:00,23737.94922,23748.34961,23720.5,23728.80078
2026-04-09 09:20:00+00:00,23748.40039,23751.44922,23723.5,23737.75
2026-04-09 09:25:00+00:00,23741.05078,23752.15039,23733.09961,23747.75
2026-04-09 09:30:00+00:00,23741.59961,23806.80078,23726.90039,23742.44922
2026-04-09 09:35:00+00:00,23787.75,23800.59961,23733.40039,23744.19922
2026-04-09 09:40:00+00:00,23793.34961,23801.25,23778.65039,23789.09961
2026-04-09 09:45:00+00:00,23771.25,23794.34961,23769.09961,23792.94922
2026-04-09 09:50:00+00:00,23781.40039,23784.55078,23765.44922,23772.84961
2026-04-09 09:55:00+00:00,23766.05078,23791.15039,23758.94922,23782.19922
2026-04-10 03:45:00+00:00,23965.69922,23967.40039,23867.19922,23880.55078
2026-04-10 03:50:00+00:00,23918.65039,23978.19922,23917.05078,23966.25
2026-04-10 03:55:00+00:00,23936.90039,23944.19922,23902.19922,23918.84961
2026-04-10 04:00:00+00:00,23943.59961,23959.5,23931.19922,23937.34961
2026-04-10 04:05:00+00:00,23936.55078,23944.05078,23921.84961,23943.19922
2026-04-10 04:10:00+00:00,23948.15039,23957.94922,23934.94922,23937.15039
2026-04-10 04:15:00+00:00,23974.34961,23992.09961,23943.65039,23948.59961
2026-04-10 04:20:00+00:00,23986.84961,23987.94922,23971.25,23973.25
2026-04-10 04:25:00+00:00,23988.05078,23998.25,23980.75,23986.65039
2026-04-10 04:30:00+00:00,23972.34961,24001.25,23971.84961,23988.44922
2026-04-10 04:35:00+00:00,23961.55078,23973.94922,23916.30078,23971.65039
2026-04-10 04:40:00+00:00,23994.40039,23995.90039,23960.05078,23960.65039
2026-04-10 04:45:00+00:00,24015.05078,24018.65039,23994.94922,23994.94922
2026-04-10 04:50:00+00:00,24021.55078,24023.94922,24010.84961,24014.15039
2026-04-10 04:55:00+00:00,24009.09961,24035.59961,24002.5,24022.55078
2026-04-10 05:00:00+00:00,24019.84961,24023.90039,24001,24010
2026-04-10 05:05:00+00:00,24007.05078,24026.09961,24003.55078,24019.69922
2026-04-10 05:10:00+00:00,24003.84961,24017.59961,24003.80078,24007.40039
2026-04-10 05:15:00+00:00,23994.94922,24009.05078,23993.65039,24003.75
2026-04-10 05:20:00+00:00,23985.69922,23997.34961,23984.75,23994.65039
2026-04-10 05:25:00+00:00,23998.84961,24000,23972.30078,23985.30078
2026-04-10 05:30:00+00:00,24001.80078,24010.40039,23994.90039,23999.69922
2026-04-10 05:35:00+00:00,24010.05078,24011.19922,23993.94922,24001.44922
2026-04-10 05:40:00+00:00,24013.30078,24021.34961,24007.30078,24010.05078
2026-04-10 05:45:00+00:00,23992.65039,24015.34961,23985.15039,24012.05078
2026-04-10 05:50:00+00:00,23992.30078,24001.55078,23990.09961,23992.80078
2026-04-10 05:55:00+00:00,23972.55078,24005.25,23971.30078,23992.59961
2026-04-10 06:00:00+00:00,24004.59961,24007.40039,23972.15039,23972.15039
2026-04-10 06:05:00+00:00,23983.84961,24006.69922,23980.09961,24004.30078
2026-04-10 06:10:00+00:00,23980.15039,23990.05078,23970.05078,23984.30078
2026-04-10 06:15:00+00:00,23963.34961,23987.09961,23953.80078,23980.94922
2026-04-10 06:20:00+00:00,23982.44922,23988.55078,23964.05078,23964.65039
2026-04-10 06:25:00+00:00,23994.15039,23996,23979,23982.40039
2026-04-10 06:30:00+00:00,24008.05078,24008.05078,23984.94922,23994.69922
2026-04-10 06:35:00+00:00,24015.05078,24019.19922,24002.59961,24007.55078
2026-04-10 06:40:00+00:00,24009.05078,24019.55078,24008.30078,24015.05078
2026-04-10 06:45:00+00:00,24003.90039,24011,23991.15039,24009.09961
2026-04-10 06:50:00+00:00,24019.19922,24020.19922,23991.75,24003.34961
2026-04-10 06:55:00+00:00,24009.59961,24032.59961,23994.75,24019.15039
2026-04-10 07:00:00+00:00,23998.25,24016.80078,23995.30078,24009.34961
2026-04-10 07:05:00+00:00,24014.40039,24020.44922,23996,23996
2026-04-10 07:10:00+00:00,24004.25,24022,24003.30078,24014.30078
2026-04-10 07:15:00+00:00,24011.30078,24018.94922,24001.09961,24004.30078
2026-04-10 07:20:00+00:00,24000.75,24012.25,23986.15039,24011.34961
2026-04-10 07:25:00+00:00,24004.55078,24007.65039,23993.25,24000.59961
2026-04-10 07:30:00+00:00,24014.05078,24018.55078,24003.69922,24004.90039
2026-04-10 07:35:00+00:00,24020.34961,24021.75,24007.34961,24013.30078
2026-04-10 07:40:00+00:00,24002.55078,24021.40039,23999.34961,24019.55078
2026-04-10 07:45:00+00:00,23999.30078,24010.75,23999.30078,24003.15039
2026-04-10 07:50:00+00:00,23999.30078,24004,23996.44922,23999.5
2026-04-10 07:55:00+00:00,24007.05078,24009.90039,23996,23999.15039
2026-04-10 08:00:00+00:00,24004.25,24016.5,24003.59961,24007.5
2026-04-10 08:05:00+00:00,24011.59961,24012.09961,23999.15039,24004.09961
2026-04-10 08:10:00+00:00,24020.40039,24025.69922,24011.5,24011.5
2026-04-10 08:15:00+00:00,24012.84961,24030.25,24009.59961,24020.69922
2026-04-10 08:20:00+00:00,24018.59961,24021.84961,24002.34961,24012.05078
2026-04-10 08:25:00+00:00,24040.94922,24044.55078,24016.59961,24018.59961
2026-04-10 08:30:00+00:00,24028.94922,24047.84961,24026.69922,24041.19922
2026-04-10 08:35:00+00:00,24031.55078,24037.59961,24025.44922,24029.19922
2026-04-10 08:40:00+00:00,24020.09961,24046.5,23998.44922,24031.84961
2026-04-10 08:45:00+00:00,23994.84961,24021.80078,23938.59961,24020.40039
2026-04-10 08:50:00+00:00,23956.90039,24010.59961,23956.59961,23995.09961
2026-04-10 08:55:00+00:00,23964.75,23969.65039,23947.90039,23956.59961
2026-04-10 09:00:00+00:00,23964.5,23989.90039,23959.84961,23965.34961
2026-04-10 09:05:00+00:00,23971.25,23981,23947.25,23962.84961
2026-04-10 09:10:00+00:00,23982.69922,23993.44922,23969.19922,23970.44922
2026-04-10 09:15:00+00:00,24000.65039,24005.5,23956.75,23982.90039
2026-04-10 09:20:00+00:00,23994.84961,24006.15039,23991.19922,24000.5
2026-04-10 09:25:00+00:00,23993.55078,24005.65039,23993.55078,23995
2026-04-10 09:30:00+00:00,24035.09961,24035.25,23994.19922,23994.19922
2026-04-10 09:35:00+00:00,24060.80078,24062.05078,24035,24035
2026-04-10 09:40:00+00:00,24057.5,24073.80078,24057.19922,24060.40039
2026-04-10 09:45:00+00:00,24055.09961,24061.44922,24045.90039,24058.09961
2026-04-10 09:50:00+00:00,24054.69922,24061.40039,24049.65039,24053.65039
2026-04-10 09:55:00+00:00,24051.80078,24063.44922,24046.19922,24054.55078
