Price,Close,High,Low,Open,Volume
Ticker,^NSEI,^NSEI,^NSEI,^NSEI,^NSEI
Datetime,,,,,
2026-01-12 03:45:00+00:00,25611.05078125,25699.55078125,25611.05078125,25671.94921875,0
2026-01-12 03:50:00+00:00,25559.80078125,25610.650390625,25556.099609375,25610.650390625,0
2026-01-12 03:55:00+00:00,25532.44921875,25566.05078125,25529.400390625,25558.849609375,0
2026-01-12 04:00:00+00:00,25568.75,25579.150390625,25530.19921875,25532.349609375,0
2026-01-12 04:05:00+00:00,25583.849609375,25597.099609375,25560.599609375,25569.099609375,0
2026-01-12 04:10:00+00:00,25557.599609375,25582.05078125,25543.650390625,25582.05078125,0
2026-01-12 04:15:00+00:00,25595.44921875,25595.55078125,25546.0,25558.400390625,0
2026-01-12 04:20:00+00:00,25589.900390625,25608.55078125,25575.599609375,25596.25,0
2026-01-12 04:25:00+00:00,25557.55078125,25601.150390625,25557.55078125,25590.099609375,0
2026-01-12 04:30:00+00:00,25589.69921875,25591.80078125,25557.44921875,25557.900390625,0
2026-01-12 04:35:00+00:00,25580.30078125,25596.25,25575.05078125,25588.94921875,0
2026-01-12 04:40:00+00:00,25556.900390625,25580.30078125,25556.400390625,25580.30078125,0
2026-01-12 04:45:00+00:00,25583.599609375,25587.05078125,25545.94921875,25556.900390625,0
2026-01-12 04:50:00+00:00,25585.44921875,25591.650390625,25574.849609375,25583.30078125,0
2026-01-12 04:55:00+00:00,25583.150390625,25598.19921875,25571.5,25585.150390625,0
2026-01-12 05:00:00+00:00,25570.94921875,25593.0,25566.400390625,25582.849609375,0
2026-01-12 05:05:00+00:00,25560.849609375,25575.25,25560.849609375,25570.900390625,0
2026-01-12 05:10:00+00:00,25563.150390625,25574.19921875,25558.25,25559.849609375,0
2026-01-12 05:15:00+00:00,25569.44921875,25573.05078125,25538.80078125,25561.80078125,0
2026-01-12 05:20:00+00:00,25556.69921875,25582.650390625,25551.849609375,25569.150390625,0
2026-01-12 05:25:00+00:00,25547.349609375,25561.849609375,25545.599609375,25556.349609375,0
2026-01-12 05:30:00+00:00,25547.349609375,25551.5,25541.25,25547.599609375,0
2026-01-12 05:35:00+00:00,25541.400390625,25549.44921875,25534.80078125,25545.650390625,0
2026-01-12 05:40:00+00:00,25532.849609375,25547.400390625,25529.55078125,25539.94921875,0
2026-01-12 05:45:00+00:00,25514.94921875,25532.94921875,25509.80078125,25531.900390625,0
2026-01-12 05:50:00+00:00,25507.349609375,25521.19921875,25503.30078125,25515.349609375,0
2026-01-12 05:55:00+00:00,25502.400390625,25517.05078125,25501.849609375,25507.75,0
2026-01-12 06:00:00+00:00,25476.900390625,25502.5,25476.150390625,25501.94921875,0
2026-01-12 06:05:00+00:00,25482.69921875,25493.19921875,25477.099609375,25477.75,0
2026-01-12 06:10:00+00:00,25480.599609375,25488.75,25473.400390625,25483.0,0
2026-01-12 06:15:00+00:00,25490.849609375,25499.94921875,25474.5,25481.44921875,0
2026-01-12 06:20:00+00:00,25492.150390625,25496.900390625,25483.900390625,25491.0,0
2026-01-12 06:25:00+00:00,25501.55078125,25502.849609375,25491.25,25491.30078125,0
2026-01-12 06:30:00+00:00,25501.0,25516.94921875,25496.19921875,25501.44921875,0
2026-01-12 06:35:00+00:00,25520.0,25530.44921875,25500.75,25500.75,0
2026-01-12 06:40:00+00:00,25578.30078125,25578.900390625,25511.0,25520.44921875,0
2026-01-12 06:45:00+00:00,25601.30078125,25613.30078125,25566.25,25577.5,0
2026-01-12 06:50:00+00:00,25644.849609375,25667.5,25601.05078125,25601.900390625,0
2026-01-12 06:55:00+00:00,25660.80078125,25678.900390625,25634.900390625,25642.55078125,0
2026-01-12 07:00:00+00:00,25697.5,25702.75,25656.44921875,25660.94921875,0
2026-01-12 07:05:00+00:00,25680.75,25707.30078125,25676.099609375,25696.94921875,0
2026-01-12 07:10:00+00:00,25723.05078125,25736.80078125,25679.5,25680.849609375,0
2026-01-12 07:15:00+00:00,25710.599609375,25738.099609375,25710.599609375,25723.349609375,0
2026-01-12 07:20:00+00:00,25726.5,25727.400390625,25710.900390625,25710.900390625,0
2026-01-12 07:25:00+00:00,25709.05078125,25728.30078125,25708.849609375,25725.94921875,0
2026-01-12 07:30:00+00:00,25699.400390625,25710.94921875,25673.099609375,25709.5,0
2026-01-12 07:35:00+00:00,25717.099609375,25720.55078125,25698.25,25698.849609375,0
2026-01-12 07:40:00+00:00,25722.30078125,25726.55078125,25706.44921875,25717.400390625,0
2026-01-12 07:45:00+00:00,25705.19921875,25728.0,25703.80078125,25721.80078125,0
2026-01-12 07:50:00+00:00,25706.650390625,25710.0,25694.599609375,25705.44921875,0
2026-01-12 07:55:00+00:00,25689.05078125,25705.900390625,25687.25,25704.30078125,0
2026-01-12 08:00:00+00:00,25745.25,25746.05078125,25689.150390625,25689.150390625,0
2026-01-12 08:05:00+00:00,25738.94921875,25757.0,25727.599609375,25745.400390625,0
2026-01-12 08:10:00+00:00,25730.44921875,25755.30078125,25730.05078125,25739.150390625,0
2026-01-12 08:15:00+00:00,25738.900390625,25745.650390625,25730.44921875,25730.55078125,0
2026-01-12 08:20:00+00:00,25746.349609375,25746.599609375,25727.400390625,25738.400390625,0
2026-01-12 08:25:00+00:00,25741.69921875,25748.5,25727.900390625,25745.69921875,0
2026-01-12 08:30:00+00:00,25730.25,25742.69921875,25715.099609375,25741.30078125,0
2026-01-12 08:35:00+00:00,25741.69921875,25743.30078125,25726.099609375,25730.349609375,0
2026-01-12 08:40:00+00:00,25728.44921875,25743.650390625,25726.94921875,25741.5,0
2026-01-12 08:45:00+00:00,25731.099609375,25743.099609375,25727.0,25727.94921875,0
2026-01-12 08:50:00+00:00,25763.55078125,25765.5,25727.05078125,25730.5,0
2026-01-12 08:55:00+00:00,25755.69921875,25770.849609375,25749.849609375,25763.349609375,0
2026-01-12 09:00:00+00:00,25733.0,25761.25,25730.900390625,25756.0,0
2026-01-12 09:05:00+00:00,25744.900390625,25747.650390625,25704.650390625,25732.94921875,0
2026-01-12 09:10:00+00:00,25760.80078125,25763.69921875,25742.849609375,25744.650390625,0
2026-01-12 09:15:00+00:00,25765.69921875,25771.099609375,25755.19921875,25760.349609375,0
2026-01-12 09:20:00+00:00,25787.849609375,25794.099609375,25765.19921875,25765.19921875,0
2026-01-12 09:25:00+00:00,25810.44921875,25813.150390625,25786.849609375,25787.19921875,0
2026-01-12 09:30:00+00:00,25783.849609375,25808.94921875,25778.05078125,25808.94921875,0
2026-01-12 09:35:00+00:00,25785.19921875,25791.150390625,25775.099609375,25783.80078125,0
2026-01-12 09:40:00+00:00,25778.5,25788.150390625,25776.150390625,25785.0,0
2026-01-12 09:45:00+00:00,25785.69921875,25791.5,25778.30078125,25778.30078125,0
2026-01-12 09:50:00+00:00,25797.25,25798.05078125,25782.599609375,25786.19921875,0
2026-01-12 09:55:00+00:00,25806.099609375,25807.94921875,25792.80078125,25797.650390625,0
2026-01-13 03:45:00+00:00,25846.25,25889.0,25837.849609375,25886.05078125,0
2026-01-13 03:50:00+00:00,25836.30078125,25852.650390625,25814.19921875,25845.75,0
2026-01-13 03:55:00+00:00,25762.849609375,25836.75,25760.400390625,25836.75,0
2026-01-13 04:00:00+00:00,25745.349609375,25778.0,25731.94921875,25761.400390625,0
2026-01-13 04:05:00+00:00,25736.30078125,25756.0,25725.30078125,25744.69921875,0
2026-01-13 04:10:00+00:00,25730.19921875,25735.900390625,25710.150390625,25735.75,0
2026-01-13 04:15:00+00:00,25739.19921875,25789.75,25732.400390625,25732.400390625,0
2026-01-13 04:20:00+00:00,25743.400390625,25769.05078125,25730.55078125,25737.900390625,0
2026-01-13 04:25:00+00:00,25709.849609375,25744.75,25701.30078125,25744.0,0
2026-01-13 04:30:00+00:00,25749.599609375,25751.80078125,25705.19921875,25710.150390625,0
2026-01-13 04:35:00+00:00,25760.650390625,25767.19921875,25736.349609375,25748.599609375,0
2026-01-13 04:40:00+00:00,25738.099609375,25771.0,25738.099609375,25761.55078125,0
2026-01-13 04:45:00+00:00,25737.75,25756.19921875,25726.099609375,25738.900390625,0
2026-01-13 04:50:00+00:00,25759.150390625,25774.44921875,25736.80078125,25736.80078125,0
2026-01-13 04:55:00+00:00,25799.44921875,25803.599609375,25757.44921875,25761.05078125,0
2026-01-13 05:00:00+00:00,25806.19921875,25827.05078125,25795.55078125,25799.30078125,0
2026-01-13 05:05:00+00:00,25776.30078125,25809.19921875,25766.150390625,25805.44921875,0
2026-01-13 05:10:00+00:00,25767.69921875,25776.099609375,25750.19921875,25774.05078125,0
2026-01-13 05:15:00+00:00,25777.19921875,25782.44921875,25754.94921875,25766.900390625,0
2026-01-13 05:20:00+00:00,25772.150390625,25799.599609375,25770.650390625,25776.44921875,0
2026-01-13 05:25:00+00:00,25778.900390625,25787.80078125,25761.849609375,25771.849609375,0
2026-01-13 05:30:00+00:00,25773.30078125,25788.599609375,25759.650390625,25779.75,0
2026-01-13 05:35:00+00:00,25795.599609375,25796.0,25766.44921875,25773.849609375,0
2026-01-13 05:40:00+00:00,25788.599609375,25799.55078125,25778.849609375,25795.44921875,0
2026-01-13 05:45:00+00:00,25785.80078125,25795.900390625,25775.69921875,25788.0,0
2026-01-13 05:50:00+00:00,25781.25,25794.849609375,25776.150390625,25784.55078125,0
2026-01-13 05:55:00+00:00,25795.900390625,25803.94921875,25780.150390625,25780.150390625,0
2026-01-13 06:00:00+00:00,25808.44921875,25813.5,25787.69921875,25794.30078125,0
2026-01-13 06:05:00+00:00,25810.349609375,25819.30078125,25803.650390625,25808.400390625,0
2026-01-13 06:10:00+00:00,25789.69921875,25816.5,25786.75,25809.650390625,0
2026-01-13 06:15:00+00:00,25785.75,25790.400390625,25779.19921875,25788.44921875,0
2026-01-13 08:00:00+00:00,25661.400390625,25663.30078125,25659.599609375,25661.849609375,0
2026-01-13 08:10:00+00:00,25676.150390625,25676.69921875,25661.900390625,25662.69921875,0
2026-01-13 08:15:00+00:00,25665.0,25678.150390625,25661.25,25675.25,0
2026-01-13 08:20:00+00:00,25671.44921875,25686.650390625,25664.900390625,25664.900390625,0
2026-01-13 08:25:00+00:00,25663.650390625,25672.349609375,25658.94921875,25671.55078125,0
2026-01-13 08:30:00+00:00,25647.05078125,25667.5,25644.80078125,25662.94921875,0
2026-01-13 08:35:00+00:00,25649.19921875,25651.55078125,25638.349609375,25645.44921875,0
2026-01-13 08:40:00+00:00,25636.55078125,25650.30078125,25621.44921875,25648.900390625,0
2026-01-13 08:45:00+00:00,25638.19921875,25649.05078125,25623.650390625,25636.25,0
2026-01-13 08:50:00+00:00,25615.25,25640.80078125,25615.0,25637.5,0
2026-01-13 08:55:00+00:00,25612.599609375,25622.80078125,25609.849609375,25614.900390625,0
2026-01-13 09:00:00+00:00,25640.25,25662.900390625,25603.400390625,25611.650390625,0
2026-01-13 09:05:00+00:00,25662.19921875,25674.19921875,25634.80078125,25639.599609375,0
2026-01-13 09:10:00+00:00,25692.650390625,25702.30078125,25658.849609375,25661.099609375,0
2026-01-13 09:15:00+00:00,25690.650390625,25712.849609375,25687.80078125,25692.900390625,0
2026-01-13 09:20:00+00:00,25713.900390625,25722.75,25688.5,25689.900390625,0
2026-01-13 09:25:00+00:00,25707.94921875,25726.05078125,25690.80078125,25715.05078125,0
2026-01-13 09:30:00+00:00,25706.19921875,25757.150390625,25702.05078125,25711.849609375,0
2026-01-13 09:35:00+00:00,25746.94921875,25747.55078125,25705.30078125,25705.94921875,0
2026-01-13 09:40:00+00:00,25737.400390625,25751.94921875,25733.650390625,25746.150390625,0
2026-01-13 09:45:00+00:00,25726.849609375,25749.650390625,25724.400390625,25738.849609375,0
2026-01-13 09:50:00+00:00,25731.0,25741.849609375,25719.599609375,25729.44921875,0
2026-01-13 09:55:00+00:00,25714.19921875,25736.80078125,25710.44921875,25731.30078125,0
2026-01-14 03:45:00+00:00,25683.25,25718.849609375,25640.400390625,25647.05078125,0
2026-01-14 03:50:00+00:00,25705.150390625,25742.099609375,25680.5,25684.19921875,0
2026-01-14 03:55:00+00:00,25737.5,25744.80078125,25704.150390625,25704.599609375,0
2026-01-14 04:00:00+00:00,25734.19921875,25750.150390625,25722.19921875,25737.69921875,0
2026-01-14 04:05:00+00:00,25732.849609375,25746.599609375,25726.0,25733.94921875,0
2026-01-14 04:10:00+00:00,25706.650390625,25739.599609375,25703.150390625,25732.400390625,0
2026-01-14 04:15:00+00:00,25689.44921875,25712.849609375,25674.400390625,25704.900390625,0
2026-01-14 04:20:00+00:00,25742.44921875,25743.599609375,25688.25,25689.349609375,0
2026-01-14 04:25:00+00:00,25729.900390625,25761.30078125,25715.69921875,25743.0,0
2026-01-14 04:30:00+00:00,25717.25,25733.80078125,25710.150390625,25729.599609375,0
2026-01-14 04:35:00+00:00,25708.55078125,25723.849609375,25700.0,25715.650390625,0
2026-01-14 04:40:00+00:00,25696.80078125,25708.400390625,25692.650390625,25708.400390625,0
2026-01-14 04:45:00+00:00,25680.05078125,25703.75,25670.0,25697.900390625,0
2026-01-14 04:50:00+00:00,25676.099609375,25686.25,25661.349609375,25680.80078125,0
2026-01-14 04:55:00+00:00,25688.900390625,25689.599609375,25670.44921875,25676.599609375,0
2026-01-14 05:00:00+00:00,25686.599609375,25691.849609375,25662.25,25689.900390625,0
2026-01-14 05:05:00+00:00,25679.75,25693.400390625,25669.69921875,25686.94921875,0
2026-01-14 05:10:00+00:00,25675.0,25718.900390625,25671.849609375,25680.099609375,0
2026-01-14 05:15:00+00:00,25692.150390625,25696.94921875,25662.0,25674.94921875,0
2026-01-14 05:20:00+00:00,25703.650390625,25705.349609375,25691.69921875,25692.400390625,0
2026-01-14 05:25:00+00:00,25728.80078125,25729.0,25700.349609375,25704.55078125,0
2026-01-14 05:30:00+00:00,25733.150390625,25736.0,25710.75,25729.30078125,0
2026-01-14 05:35:00+00:00,25729.55078125,25737.900390625,25713.44921875,25733.80078125,0
2026-01-14 05:40:00+00:00,25726.25,25737.75,25721.44921875,25729.599609375,0
2026-01-14 05:45:00+00:00,25747.0,25751.099609375,25720.30078125,25723.69921875,0
2026-01-14 05:50:00+00:00,25737.5,25754.94921875,25737.5,25747.75,0
2026-01-14 05:55:00+00:00,25770.400390625,25774.150390625,25732.69921875,25737.900390625,0
2026-01-14 06:00:00+00:00,25769.0,25775.5,25748.5,25770.69921875,0
2026-01-14 06:05:00+00:00,25767.400390625,25771.5,25758.849609375,25769.099609375,0
2026-01-14 06:10:00+00:00,25761.150390625,25777.19921875,25761.150390625,25766.849609375,0
2026-01-14 06:15:00+00:00,25784.75,25785.80078125,25759.400390625,25760.94921875,0
2026-01-14 06:20:00+00:00,25776.5,25785.25,25769.80078125,25785.25,0
2026-01-14 06:25:00+00:00,25775.650390625,25784.150390625,25771.94921875,25775.69921875,0
2026-01-14 06:30:00+00:00,25786.94921875,25791.30078125,25775.44921875,25776.44921875,0
2026-01-14 06:35:00+00:00,25762.30078125,25788.25,25760.75,25786.30078125,0
2026-01-14 06:40:00+00:00,25743.349609375,25766.349609375,25742.19921875,25762.900390625,0
2026-01-14 06:45:00+00:00,25766.30078125,25766.75,25734.5,25743.69921875,0
2026-01-14 06:50:00+00:00,25767.75,25774.900390625,25764.150390625,25766.75,0
2026-01-14 06:55:00+00:00,25755.849609375,25773.650390625,25751.5,25767.900390625,0
2026-01-14 07:00:00+00:00,25765.150390625,25767.55078125,25756.099609375,25756.099609375,0
2026-01-14 07:05:00+00:00,25772.849609375,25780.900390625,25764.75,25765.099609375,0
2026-01-14 07:10:00+00:00,25753.44921875,25777.5,25751.849609375,25772.05078125,0
2026-01-14 07:15:00+00:00,25754.849609375,25769.44921875,25752.25,25753.5,0
2026-01-14 07:20:00+00:00,25747.849609375,25756.099609375,25741.150390625,25753.400390625,0
2026-01-14 07:25:00+00:00,25749.19921875,25753.44921875,25741.75,25747.650390625,0
2026-01-14 07:30:00+00:00,25740.5,25754.05078125,25736.05078125,25749.099609375,0
2026-01-14 07:35:00+00:00,25753.349609375,25753.80078125,25740.44921875,25740.44921875,0
2026-01-14 07:40:00+00:00,25747.150390625,25761.5,25746.0,25753.0,0
2026-01-14 07:45:00+00:00,25743.05078125,25757.30078125,25740.30078125,25746.75,0
2026-01-14 07:50:00+00:00,25717.150390625,25744.19921875,25716.94921875,25743.5,0
2026-01-14 07:55:00+00:00,25715.5,25728.80078125,25705.599609375,25716.900390625,0
2026-01-14 08:00:00+00:00,25700.349609375,25718.55078125,25699.75,25715.849609375,0
2026-01-14 08:05:00+00:00,25671.19921875,25709.349609375,25671.19921875,25699.75,0
2026-01-14 08:10:00+00:00,25659.349609375,25683.099609375,25658.80078125,25671.349609375,0
2026-01-14 08:15:00+00:00,25661.650390625,25669.19921875,25650.94921875,25659.849609375,0
2026-01-14 08:20:00+00:00,25638.94921875,25670.849609375,25638.94921875,25662.05078125,0
2026-01-14 08:25:00+00:00,25635.94921875,25645.44921875,25631.349609375,25639.650390625,0
2026-01-14 08:30:00+00:00,25638.150390625,25656.900390625,25634.150390625,25636.05078125,0
2026-01-14 08:35:00+00:00,25645.900390625,25658.099609375,25632.19921875,25637.75,0
2026-01-14 08:40:00+00:00,25663.19921875,25664.099609375,25644.0,25645.30078125,0
2026-01-14 08:45:00+00:00,25644.099609375,25669.75,25643.650390625,25663.25,0
2026-01-14 08:50:00+00:00,25610.849609375,25644.5,25610.849609375,25643.650390625,0
2026-01-14 08:55:00+00:00,25624.30078125,25630.80078125,25604.099609375,25610.849609375,0
2026-01-14 09:00:00+00:00,25636.400390625,25638.05078125,25618.349609375,25624.400390625,0
2026-01-14 09:05:00+00:00,25658.94921875,25666.30078125,25627.5,25635.94921875,0
2026-01-14 09:10:00+00:00,25676.650390625,25680.30078125,25650.25,25658.05078125,0
2026-01-14 09:15:00+00:00,25696.44921875,25715.650390625,25676.400390625,25676.400390625,0
2026-01-14 09:20:00+00:00,25695.849609375,25702.69921875,25689.150390625,25697.19921875,0
2026-01-14 09:25:00+00:00,25678.19921875,25703.80078125,25675.650390625,25696.94921875,0
2026-01-14 09:30:00+00:00,25684.94921875,25684.94921875,25649.400390625,25681.25,0
2026-01-14 09:35:00+00:00,25673.099609375,25694.099609375,25655.05078125,25686.25,0
2026-01-14 09:40:00+00:00,25652.849609375,25676.400390625,25650.80078125,25673.44921875,0
2026-01-14 09:45:00+00:00,25660.150390625,25662.0,25648.30078125,25655.25,0
2026-01-14 09:50:00+00:00,25675.55078125,25675.94921875,25654.849609375,25660.75,0
2026-01-14 09:55:00+00:00,25669.099609375,25677.400390625,25662.599609375,25675.80078125,0
2026-01-16 03:45:00+00:00,25729.849609375,25742.650390625,25679.19921875,25696.05078125,0
2026-01-16 03:50:00+00:00,25715.0,25736.25,25704.650390625,25730.44921875,0
2026-01-16 03:55:00+00:00,25725.900390625,25732.5,25705.099609375,25714.099609375,0
2026-01-16 04:00:00+00:00,25708.25,25726.349609375,25686.55078125,25725.55078125,0
2026-01-16 04:05:00+00:00,25690.75,25712.55078125,25689.099609375,25708.75,0
2026-01-16 04:10:00+00:00,25725.900390625,25727.5,25683.80078125,25690.05078125,0
2026-01-16 04:15:00+00:00,25742.0,25743.44921875,25715.19921875,25725.75,0
2026-01-16 04:20:00+00:00,25752.400390625,25755.5,25737.349609375,25742.94921875,0
2026-01-16 04:25:00+00:00,25739.25,25755.80078125,25737.75,25752.19921875,0
2026-01-16 04:30:00+00:00,25761.94921875,25765.25,25736.80078125,25739.25,0
2026-01-16 04:35:00+00:00,25766.650390625,25768.19921875,25749.150390625,25761.349609375,0
2026-01-16 04:40:00+00:00,25783.650390625,25789.30078125,25764.80078125,25766.69921875,0
2026-01-16 04:45:00+00:00,25836.75,25845.5,25783.900390625,25784.94921875,0
2026-01-16 04:50:00+00:00,25848.44921875,25854.150390625,25834.05078125,25837.099609375,0
2026-01-16 04:55:00+00:00,25856.650390625,25865.150390625,25847.599609375,25848.05078125,0
2026-01-16 05:00:00+00:00,25852.0,25864.099609375,25842.05078125,25857.5,0
2026-01-16 05:05:00+00:00,25865.25,25872.099609375,25851.5,25852.25,0
2026-01-16 05:10:00+00:00,25843.69921875,25872.849609375,25839.75,25865.599609375,0
2026-01-16 05:15:00+00:00,25855.69921875,25863.900390625,25841.650390625,25844.55078125,0
2026-01-16 05:20:00+00:00,25837.849609375,25855.849609375,25837.849609375,25855.849609375,0
2026-01-16 05:25:00+00:00,25829.5,25845.150390625,25827.0,25838.05078125,0
2026-01-16 05:30:00+00:00,25824.650390625,25841.80078125,25824.19921875,25829.69921875,0
2026-01-16 05:35:00+00:00,25829.400390625,25837.05078125,25820.69921875,25824.349609375,0
2026-01-16 05:40:00+00:00,25812.44921875,25828.80078125,25801.849609375,25828.80078125,0
2026-01-16 05:45:00+00:00,25806.80078125,25823.400390625,25801.25,25812.5,0
2026-01-16 05:50:00+00:00,25806.55078125,25820.400390625,25800.94921875,25806.599609375,0
2026-01-16 05:55:00+00:00,25813.25,25818.900390625,25805.55078125,25806.099609375,0
2026-01-16 06:00:00+00:00,25810.900390625,25830.650390625,25801.25,25813.150390625,0
2026-01-16 06:05:00+00:00,25801.599609375,25814.599609375,25797.150390625,25810.349609375,0
2026-01-16 06:10:00+00:00,25798.44921875,25810.55078125,25797.400390625,25802.150390625,0
2026-01-16 06:15:00+00:00,25789.099609375,25798.69921875,25783.349609375,25798.44921875,0
2026-01-16 06:20:00+00:00,25792.650390625,25799.44921875,25783.900390625,25789.849609375,0
2026-01-16 06:25:00+00:00,25775.75,25797.349609375,25770.25,25791.94921875,0
2026-01-16 06:30:00+00:00,25790.69921875,25792.099609375,25773.44921875,25775.650390625,0
2026-01-16 06:35:00+00:00,25812.30078125,25812.400390625,25789.25,25790.599609375,0
2026-01-16 06:40:00+00:00,25823.599609375,25826.599609375,25808.55078125,25811.94921875,0
2026-01-16 06:45:00+00:00,25813.80078125,25829.19921875,25811.599609375,25824.650390625,0
2026-01-16 06:50:00+00:00,25810.099609375,25818.75,25806.19921875,25814.599609375,0
2026-01-16 06:55:00+00:00,25752.099609375,25812.94921875,25744.900390625,25810.849609375,0
2026-01-16 07:00:00+00:00,25769.849609375,25771.0,25737.80078125,25752.05078125,0
2026-01-16 07:05:00+00:00,25766.599609375,25774.599609375,25753.900390625,25770.75,0
2026-01-16 07:10:00+00:00,25759.55078125,25771.25,25758.80078125,25767.849609375,0
2026-01-16 07:15:00+00:00,25754.900390625,25766.25,25753.599609375,25759.55078125,0
2026-01-16 07:20:00+00:00,25766.30078125,25766.94921875,25738.099609375,25755.599609375,0
2026-01-16 07:25:00+00:00,25744.400390625,25767.849609375,25741.05078125,25766.400390625,0
2026-01-16 07:30:00+00:00,25725.849609375,25746.349609375,25719.44921875,25745.650390625,0
2026-01-16 07:35:00+00:00,25727.05078125,25730.94921875,25719.19921875,25727.19921875,0
2026-01-16 07:40:00+00:00,25716.55078125,25728.150390625,25704.099609375,25728.150390625,0
2026-01-16 07:45:00+00:00,25713.80078125,25723.099609375,25703.5,25717.05078125,0
2026-01-16 07:50:00+00:00,25695.55078125,25718.0,25692.650390625,25713.849609375,0
2026-01-16 07:55:00+00:00,25702.099609375,25702.099609375,25662.80078125,25695.75,0
2026-01-16 08:00:00+00:00,25702.05078125,25719.75,25694.05078125,25701.650390625,0
2026-01-16 08:05:00+00:00,25704.69921875,25707.94921875,25683.80078125,25702.30078125,0
2026-01-16 08:10:00+00:00,25696.30078125,25707.94921875,25690.30078125,25704.94921875,0
2026-01-16 08:15:00+00:00,25706.650390625,25717.099609375,25695.099609375,25696.349609375,0
2026-01-16 08:20:00+00:00,25686.25,25716.599609375,25676.5,25706.900390625,0
2026-01-16 08:25:00+00:00,25684.30078125,25693.80078125,25679.94921875,25686.25,0
2026-01-16 08:30:00+00:00,25680.650390625,25688.69921875,25674.349609375,25683.69921875,0
2026-01-16 08:35:00+00:00,25671.599609375,25696.94921875,25667.400390625,25680.44921875,0
2026-01-16 08:40:00+00:00,25688.25,25697.55078125,25669.80078125,25672.5,0
2026-01-16 08:45:00+00:00,25688.599609375,25688.599609375,25671.69921875,25688.05078125,0
2026-01-16 08:50:00+00:00,25698.94921875,25705.80078125,25679.5,25687.400390625,0
2026-01-16 08:55:00+00:00,25697.69921875,25710.5,25684.150390625,25699.099609375,0
2026-01-16 09:00:00+00:00,25702.150390625,25710.599609375,25686.900390625,25697.80078125,0
2026-01-16 09:05:00+00:00,25705.599609375,25709.599609375,25680.69921875,25701.69921875,0
2026-01-16 09:10:00+00:00,25710.849609375,25720.44921875,25701.849609375,25704.94921875,0
2026-01-16 09:15:00+00:00,25703.349609375,25716.150390625,25694.0,25710.19921875,0
2026-01-16 09:20:00+00:00,25697.55078125,25709.94921875,25687.5,25703.400390625,0
2026-01-16 09:25:00+00:00,25707.19921875,25711.900390625,25693.75,25696.150390625,0
2026-01-16 09:30:00+00:00,25697.25,25709.05078125,25693.55078125,25706.349609375,0
2026-01-16 09:35:00+00:00,25694.19921875,25699.349609375,25687.05078125,25697.30078125,0
2026-01-16 09:40:00+00:00,25683.099609375,25695.150390625,25682.80078125,25694.19921875,0
2026-01-16 09:45:00+00:00,25695.55078125,25698.599609375,25681.599609375,25682.44921875,0
2026-01-16 09:50:00+00:00,25699.55078125,25705.69921875,25694.05078125,25694.05078125,0
2026-01-16 09:55:00+00:00,25699.150390625,25710.75,25691.150390625,25700.0,0
2026-01-19 03:45:00+00:00,25597.400390625,25631.599609375,25531.099609375,25631.599609375,0
2026-01-19 03:50:00+00:00,25577.25,25597.650390625,25569.19921875,25597.650390625,0
2026-01-19 03:55:00+00:00,25554.75,25578.05078125,25554.75,25575.69921875,0
2026-01-19 04:00:00+00:00,25588.0,25592.30078125,25532.349609375,25556.349609375,0
2026-01-19 04:05:00+00:00,25556.5,25596.30078125,25552.349609375,25586.599609375,0
2026-01-19 04:10:00+00:00,25565.599609375,25570.0,25547.75,25555.599609375,0
2026-01-19 04:15:00+00:00,25559.099609375,25566.099609375,25546.0,25564.75,0
2026-01-19 04:20:00+00:00,25548.400390625,25585.0,25545.80078125,25558.400390625,0
2026-01-19 04:25:00+00:00,25543.44921875,25559.55078125,25540.150390625,25547.05078125,0
2026-01-19 04:30:00+00:00,25515.44921875,25542.25,25508.30078125,25541.80078125,0
2026-01-19 04:35:00+00:00,25532.05078125,25533.75,25505.349609375,25515.599609375,0
2026-01-19 04:40:00+00:00,25527.900390625,25539.099609375,25518.30078125,25531.69921875,0
2026-01-19 04:45:00+00:00,25533.150390625,25538.5,25525.19921875,25526.55078125,0
2026-01-19 04:50:00+00:00,25540.650390625,25547.599609375,25524.099609375,25533.0,0
2026-01-19 04:55:00+00:00,25507.25,25540.75,25497.55078125,25540.75,0
2026-01-19 05:00:00+00:00,25509.80078125,25527.94921875,25504.25,25506.400390625,0
2026-01-19 05:05:00+00:00,25503.80078125,25517.80078125,25500.0,25509.25,0
2026-01-19 05:10:00+00:00,25513.55078125,25520.19921875,25494.94921875,25503.099609375,0
2026-01-19 05:15:00+00:00,25515.19921875,25525.80078125,25511.900390625,25513.849609375,0
2026-01-19 05:20:00+00:00,25519.650390625,25523.75,25512.30078125,25515.0,0
2026-01-19 05:25:00+00:00,25547.69921875,25549.25,25519.19921875,25519.19921875,0
2026-01-19 05:30:00+00:00,25556.599609375,25564.19921875,25540.400390625,25546.849609375,0
2026-01-19 05:35:00+00:00,25546.849609375,25562.5,25545.400390625,25556.599609375,0
2026-01-19 05:40:00+00:00,25537.75,25550.5,25526.5,25546.349609375,0
2026-01-19 05:45:00+00:00,25538.0,25538.0,25538.0,25538.0,0
2026-01-19 05:50:00+00:00,25517.55078125,25530.650390625,25508.69921875,25523.69921875,0
2026-01-19 05:55:00+00:00,25521.900390625,25524.30078125,25510.75,25518.5,0
2026-01-19 06:00:00+00:00,25521.400390625,25521.80078125,25511.849609375,25521.80078125,0
2026-01-19 06:05:00+00:00,25538.0,25538.400390625,25517.099609375,25521.44921875,0
2026-01-19 06:10:00+00:00,25545.900390625,25547.0,25532.25,25537.650390625,0
2026-01-19 06:15:00+00:00,25542.44921875,25546.94921875,25534.400390625,25546.05078125,0
2026-01-19 06:20:00+00:00,25546.94921875,25549.900390625,25534.05078125,25543.05078125,0
2026-01-19 06:25:00+00:00,25534.44921875,25547.55078125,25524.849609375,25547.55078125,0
2026-01-19 06:30:00+00:00,25520.44921875,25535.25,25517.5,25535.150390625,0
2026-01-19 06:35:00+00:00,25515.349609375,25523.94921875,25514.099609375,25520.30078125,0
2026-01-19 06:40:00+00:00,25532.650390625,25532.75,25512.75,25515.349609375,0
2026-01-19 06:45:00+00:00,25546.900390625,25556.25,25531.099609375,25532.400390625,0
2026-01-19 06:50:00+00:00,25531.150390625,25551.349609375,25527.349609375,25546.900390625,0
2026-01-19 06:55:00+00:00,25528.650390625,25532.55078125,25518.349609375,25530.44921875,0
2026-01-19 07:00:00+00:00,25526.19921875,25531.400390625,25522.69921875,25528.099609375,0
2026-01-19 07:05:00+00:00,25515.900390625,25527.599609375,25514.849609375,25525.75,0
2026-01-19 07:10:00+00:00,25527.0,25528.05078125,25511.44921875,25515.849609375,0
2026-01-19 07:15:00+00:00,25522.150390625,25531.80078125,25510.650390625,25526.94921875,0
2026-01-19 07:20:00+00:00,25543.900390625,25546.05078125,25515.05078125,25522.05078125,0
2026-01-19 07:25:00+00:00,25553.25,25555.30078125,25541.599609375,25543.80078125,0
2026-01-19 07:30:00+00:00,25553.25,25554.150390625,25545.55078125,25553.05078125,0
2026-01-19 07:35:00+00:00,25556.25,25565.25,25550.05078125,25553.400390625,0
2026-01-19 07:40:00+00:00,25534.650390625,25557.80078125,25522.650390625,25555.30078125,0
2026-01-19 07:45:00+00:00,25538.44921875,25538.44921875,25525.0,25533.400390625,0
2026-01-19 07:50:00+00:00,25533.80078125,25547.349609375,25532.75,25538.150390625,0
2026-01-19 07:55:00+00:00,25529.94921875,25533.80078125,25522.349609375,25533.05078125,0
2026-01-19 08:00:00+00:00,25550.25,25550.400390625,25529.44921875,25529.44921875,0
2026-01-19 08:05:00+00:00,25560.30078125,25561.0,25544.5,25548.75,0
2026-01-19 08:10:00+00:00,25549.900390625,25564.80078125,25543.19921875,25558.5,0
2026-01-19 08:15:00+00:00,25576.05078125,25576.05078125,25540.80078125,25548.25,0
2026-01-19 08:20:00+00:00,25595.0,25604.900390625,25574.80078125,25574.80078125,0
2026-01-19 08:25:00+00:00,25598.75,25611.69921875,25592.849609375,25595.19921875,0
2026-01-19 08:30:00+00:00,25617.599609375,25621.400390625,25597.650390625,25597.849609375,0
2026-01-19 08:35:00+00:00,25618.849609375,25630.650390625,25615.900390625,25617.5,0
2026-01-19 08:40:00+00:00,25590.30078125,25622.900390625,25587.0,25619.30078125,0
2026-01-19 08:45:00+00:00,25610.05078125,25610.75,25586.5,25589.650390625,0
2026-01-19 08:50:00+00:00,25608.30078125,25615.349609375,25604.400390625,25609.849609375,0
2026-01-19 08:55:00+00:00,25592.30078125,25610.349609375,25588.80078125,25607.349609375,0
2026-01-19 09:00:00+00:00,25604.349609375,25606.75,25591.75,25591.94921875,0
2026-01-19 09:05:00+00:00,25615.30078125,25615.349609375,25597.599609375,25603.900390625,0
2026-01-19 09:10:00+00:00,25614.900390625,25621.69921875,25606.849609375,25615.44921875,0
2026-01-19 09:15:00+00:00,25623.30078125,25626.80078125,25613.25,25614.650390625,0
2026-01-19 09:20:00+00:00,25627.0,25636.25,25618.55078125,25622.19921875,0
2026-01-19 09:25:00+00:00,25628.94921875,25636.30078125,25616.400390625,25625.94921875,0
2026-01-19 09:30:00+00:00,25613.849609375,25633.69921875,25605.099609375,25629.30078125,0
2026-01-19 09:35:00+00:00,25597.25,25613.650390625,25594.19921875,25613.650390625,0
2026-01-19 09:40:00+00:00,25591.150390625,25598.5,25585.69921875,25597.55078125,0
2026-01-19 09:45:00+00:00,25571.69921875,25594.099609375,25571.69921875,25592.25,0
2026-01-19 09:50:00+00:00,25561.900390625,25573.55078125,25553.650390625,25573.55078125,0
2026-01-19 09:55:00+00:00,25555.5,25564.69921875,25545.400390625,25561.599609375,0
2026-01-20 03:45:00+00:00,25558.25,25582.849609375,25534.69921875,25580.05078125,0
2026-01-20 03:50:00+00:00,25514.349609375,25560.400390625,25510.94921875,25559.30078125,0
2026-01-20 03:55:00+00:00,25488.349609375,25520.94921875,25484.69921875,25514.94921875,0
2026-01-20 04:00:00+00:00,25495.55078125,25517.75,25483.75,25488.75,0
2026-01-20 04:05:00+00:00,25457.94921875,25499.05078125,25457.05078125,25496.599609375,0
2026-01-20 04:10:00+00:00,25467.5,25485.19921875,25453.94921875,25458.5,0
2026-01-20 04:15:00+00:00,25462.80078125,25478.05078125,25455.19921875,25468.94921875,0
2026-01-20 04:20:00+00:00,25434.099609375,25474.55078125,25434.099609375,25462.80078125,0
2026-01-20 04:25:00+00:00,25457.75,25466.19921875,25432.75,25435.400390625,0
2026-01-20 04:30:00+00:00,25469.900390625,25476.05078125,25452.69921875,25458.69921875,0
2026-01-20 04:35:00+00:00,25479.80078125,25486.05078125,25461.75,25473.19921875,0
2026-01-20 04:40:00+00:00,25468.69921875,25489.5,25463.94921875,25481.94921875,0
2026-01-20 04:45:00+00:00,25485.69921875,25492.0,25457.349609375,25471.650390625,0
2026-01-20 04:50:00+00:00,25483.80078125,25500.44921875,25479.05078125,25486.55078125,0
2026-01-20 04:55:00+00:00,25482.599609375,25491.75,25474.55078125,25484.5,0
2026-01-20 05:00:00+00:00,25477.80078125,25488.05078125,25471.69921875,25483.400390625,0
2026-01-20 05:05:00+00:00,25492.55078125,25504.0,25472.650390625,25479.099609375,0
2026-01-20 05:10:00+00:00,25482.44921875,25501.05078125,25481.0,25493.19921875,0
2026-01-20 05:15:00+00:00,25481.650390625,25491.849609375,25477.94921875,25483.44921875,0
2026-01-20 05:20:00+00:00,25470.5,25484.05078125,25463.55078125,25482.75,0
2026-01-20 05:25:00+00:00,25466.19921875,25471.80078125,25456.69921875,25471.19921875,0
2026-01-20 05:30:00+00:00,25458.55078125,25466.94921875,25451.25,25466.94921875,0
2026-01-20 05:35:00+00:00,25450.44921875,25459.349609375,25447.849609375,25459.349609375,0
2026-01-20 05:40:00+00:00,25449.599609375,25455.55078125,25446.25,25451.599609375,0
2026-01-20 05:45:00+00:00,25451.19921875,25472.099609375,25443.849609375,25450.599609375,0
2026-01-20 05:50:00+00:00,25453.900390625,25460.099609375,25444.650390625,25452.5,0
2026-01-20 05:55:00+00:00,25464.05078125,25468.19921875,25446.19921875,25453.5,0
2026-01-20 06:00:00+00:00,25457.599609375,25468.19921875,25452.55078125,25464.0,0
2026-01-20 06:05:00+00:00,25465.599609375,25471.19921875,25456.25,25457.94921875,0
2026-01-20 06:10:00+00:00,25469.69921875,25472.900390625,25460.150390625,25466.69921875,0
2026-01-20 06:15:00+00:00,25471.44921875,25473.349609375,25461.69921875,25470.94921875,0
2026-01-20 06:20:00+00:00,25488.94921875,25492.5,25467.80078125,25472.75,0
2026-01-20 06:25:00+00:00,25474.400390625,25489.150390625,25470.599609375,25489.150390625,0
2026-01-20 06:30:00+00:00,25454.94921875,25476.400390625,25454.099609375,25475.80078125,0
2026-01-20 06:35:00+00:00,25432.69921875,25456.44921875,25432.349609375,25456.44921875,0
2026-01-20 06:40:00+00:00,25437.349609375,25439.650390625,25427.44921875,25435.25,0
2026-01-20 06:45:00+00:00,25432.44921875,25444.44921875,25429.900390625,25439.05078125,0
2026-01-20 06:50:00+00:00,25427.75,25438.5,25421.75,25433.19921875,0
2026-01-20 06:55:00+00:00,25432.94921875,25439.349609375,25421.0,25429.05078125,0
2026-01-20 07:00:00+00:00,25426.69921875,25435.30078125,25425.05078125,25433.94921875,0
2026-01-20 07:05:00+00:00,25425.0,25431.75,25421.69921875,25427.150390625,0
2026-01-20 07:10:00+00:00,25409.75,25426.75,25409.349609375,25426.30078125,0
2026-01-20 07:15:00+00:00,25423.05078125,25426.599609375,25405.599609375,25411.94921875,0
2026-01-20 07:20:00+00:00,25429.25,25434.94921875,25417.650390625,25425.05078125,0
2026-01-20 07:25:00+00:00,25431.80078125,25436.900390625,25424.150390625,25429.650390625,0
2026-01-20 07:30:00+00:00,25424.150390625,25433.69921875,25421.30078125,25432.55078125,0
2026-01-20 07:35:00+00:00,25420.80078125,25428.19921875,25414.69921875,25424.900390625,0
2026-01-20 07:40:00+00:00,25415.94921875,25426.400390625,25414.25,25422.94921875,0
2026-01-20 07:45:00+00:00,25418.80078125,25422.650390625,25410.55078125,25416.30078125,0
2026-01-20 07:50:00+00:00,25420.150390625,25436.150390625,25413.30078125,25420.30078125,0
2026-01-20 07:55:00+00:00,25416.75,25426.55078125,25415.25,25421.25,0
2026-01-20 08:00:00+00:00,25396.19921875,25419.25,25394.849609375,25418.05078125,0
2026-01-20 08:05:00+00:00,25375.599609375,25398.150390625,25371.0,25398.150390625,0
2026-01-20 08:10:00+00:00,25372.44921875,25379.599609375,25361.44921875,25376.400390625,0
2026-01-20 08:15:00+00:00,25364.75,25374.349609375,25361.849609375,25372.75,0
2026-01-20 08:20:00+00:00,25369.400390625,25376.0,25360.349609375,25365.0,0
2026-01-20 08:25:00+00:00,25369.650390625,25378.650390625,25364.30078125,25370.25,0
2026-01-20 08:30:00+00:00,25379.19921875,25389.19921875,25349.900390625,25371.75,0
2026-01-20 08:35:00+00:00,25354.900390625,25379.25,25349.849609375,25379.25,0
2026-01-20 08:40:00+00:00,25360.75,25365.349609375,25347.900390625,25354.900390625,0
2026-01-20 08:45:00+00:00,25359.650390625,25376.75,25358.849609375,25361.44921875,0
2026-01-20 08:50:00+00:00,25366.55078125,25368.69921875,25352.94921875,25360.44921875,0
2026-01-20 08:55:00+00:00,25389.44921875,25392.349609375,25362.400390625,25366.0,0
2026-01-20 09:00:00+00:00,25379.150390625,25394.099609375,25378.19921875,25390.400390625,0
2026-01-20 09:05:00+00:00,25360.94921875,25384.44921875,25359.55078125,25381.30078125,0
2026-01-20 09:10:00+00:00,25344.150390625,25363.44921875,25333.650390625,25362.400390625,0
2026-01-20 09:15:00+00:00,25346.55078125,25355.25,25341.0,25344.650390625,0
2026-01-20 09:20:00+00:00,25336.400390625,25350.69921875,25326.75,25347.44921875,0
2026-01-20 09:25:00+00:00,25311.69921875,25342.80078125,25311.44921875,25337.349609375,0
2026-01-20 09:30:00+00:00,25277.69921875,25311.0,25265.900390625,25310.30078125,0
2026-01-20 09:35:00+00:00,25267.5,25290.69921875,25267.5,25277.0,0
2026-01-20 09:40:00+00:00,25217.05078125,25269.30078125,25216.25,25269.30078125,0
2026-01-20 09:45:00+00:00,25200.05078125,25239.30078125,25195.349609375,25215.05078125,0
2026-01-20 09:50:00+00:00,25180.55078125,25199.849609375,25178.150390625,25199.25,0
2026-01-20 09:55:00+00:00,25225.349609375,25230.349609375,25173.80078125,25178.099609375,0
2026-01-21 03:45:00+00:00,25242.400390625,25277.650390625,25145.75,25145.75,0
2026-01-21 03:50:00+00:00,25221.400390625,25240.19921875,25185.94921875,25239.19921875,0
2026-01-21 03:55:00+00:00,25199.94921875,25254.599609375,25199.349609375,25223.349609375,0
2026-01-21 04:00:00+00:00,25242.849609375,25248.150390625,25199.0,25201.94921875,0
2026-01-21 04:05:00+00:00,25189.44921875,25251.30078125,25188.19921875,25242.099609375,0
2026-01-21 04:10:00+00:00,25199.44921875,25223.75,25187.900390625,25188.599609375,0
2026-01-21 04:15:00+00:00,25198.900390625,25212.30078125,25173.30078125,25199.650390625,0
2026-01-21 04:20:00+00:00,25177.55078125,25209.650390625,25168.05078125,25198.75,0
2026-01-21 04:25:00+00:00,25158.69921875,25207.25,25158.099609375,25178.30078125,0
2026-01-21 04:30:00+00:00,25159.55078125,25170.69921875,25143.599609375,25158.94921875,0
2026-01-21 04:35:00+00:00,25153.80078125,25173.94921875,25147.099609375,25159.599609375,0
2026-01-21 04:40:00+00:00,25153.25,25178.94921875,25137.94921875,25154.19921875,0
2026-01-21 04:45:00+00:00,25144.44921875,25159.099609375,25136.30078125,25153.80078125,0
2026-01-21 04:50:00+00:00,25105.849609375,25154.099609375,25105.849609375,25144.25,0
2026-01-21 04:55:00+00:00,25096.400390625,25120.5,25092.94921875,25107.5,0
2026-01-21 05:00:00+00:00,25095.900390625,25102.5,25085.25,25096.75,0
2026-01-21 05:05:00+00:00,25079.55078125,25100.30078125,25078.349609375,25095.599609375,0
2026-01-21 05:10:00+00:00,25029.0,25084.80078125,25027.55078125,25079.44921875,0
2026-01-21 05:15:00+00:00,25011.30078125,25030.80078125,25006.650390625,25029.099609375,0
2026-01-21 05:20:00+00:00,24970.19921875,25019.30078125,24968.44921875,25011.19921875,0
2026-01-21 05:25:00+00:00,24993.599609375,25006.599609375,24920.19921875,24969.05078125,0
2026-01-21 05:30:00+00:00,24994.55078125,25009.44921875,24982.30078125,24991.80078125,0
2026-01-21 05:35:00+00:00,25003.099609375,25005.80078125,24975.0,24994.19921875,0
2026-01-21 05:40:00+00:00,25054.75,25070.099609375,25003.55078125,25004.30078125,0
2026-01-21 05:45:00+00:00,25075.650390625,25077.19921875,25036.599609375,25055.75,0
2026-01-21 05:50:00+00:00,25059.0,25077.150390625,25047.599609375,25076.349609375,0
2026-01-21 05:55:00+00:00,25029.150390625,25062.650390625,25026.599609375,25058.30078125,0
2026-01-21 06:00:00+00:00,25043.650390625,25071.19921875,25024.44921875,25028.0,0
2026-01-21 06:05:00+00:00,25043.349609375,25061.55078125,25036.94921875,25043.94921875,0
2026-01-21 06:10:00+00:00,25040.05078125,25051.5,25035.599609375,25043.349609375,0
2026-01-21 06:15:00+00:00,25050.25,25064.150390625,25040.900390625,25041.0,0
2026-01-21 06:20:00+00:00,25059.900390625,25080.25,25047.650390625,25051.44921875,0
2026-01-21 06:25:00+00:00,25069.849609375,25070.44921875,25048.75,25061.349609375,0
2026-01-21 06:30:00+00:00,25116.650390625,25124.099609375,25063.849609375,25069.099609375,0
2026-01-21 06:35:00+00:00,25115.44921875,25128.400390625,25103.30078125,25115.599609375,0
2026-01-21 06:40:00+00:00,25136.150390625,25136.150390625,25106.44921875,25116.30078125,0
2026-01-21 06:45:00+00:00,25157.44921875,25167.900390625,25122.650390625,25135.150390625,0
2026-01-21 06:50:00+00:00,25185.849609375,25187.900390625,25145.80078125,25157.150390625,0
2026-01-21 06:55:00+00:00,25133.19921875,25186.599609375,25118.5,25184.349609375,0
2026-01-21 07:00:00+00:00,25185.44921875,25189.30078125,25132.0,25133.900390625,0
2026-01-21 07:05:00+00:00,25226.650390625,25232.94921875,25183.599609375,25186.099609375,0
2026-01-21 07:10:00+00:00,25226.69921875,25245.849609375,25218.349609375,25229.05078125,0
2026-01-21 07:15:00+00:00,25279.30078125,25285.25,25225.099609375,25225.900390625,0
2026-01-21 07:20:00+00:00,25282.900390625,25293.849609375,25262.05078125,25279.55078125,0
2026-01-21 07:25:00+00:00,25279.400390625,25286.69921875,25256.0,25282.5,0
2026-01-21 07:30:00+00:00,25287.150390625,25300.650390625,25273.75,25279.099609375,0
2026-01-21 07:35:00+00:00,25260.0,25293.69921875,25259.19921875,25286.849609375,0
2026-01-21 07:40:00+00:00,25237.44921875,25259.400390625,25221.5,25258.0,0
2026-01-21 07:45:00+00:00,25214.400390625,25242.400390625,25209.0,25237.599609375,0
2026-01-21 07:50:00+00:00,25212.5,25227.150390625,25196.05078125,25214.30078125,0
2026-01-21 07:55:00+00:00,25210.400390625,25218.75,25200.75,25212.400390625,0
2026-01-21 08:00:00+00:00,25183.599609375,25219.900390625,25177.05078125,25210.75,0
2026-01-21 08:05:00+00:00,25212.150390625,25238.25,25174.25,25182.400390625,0
2026-01-21 08:10:00+00:00,25195.69921875,25211.44921875,25173.349609375,25211.44921875,0
2026-01-21 08:15:00+00:00,25195.69921875,25208.900390625,25184.30078125,25195.150390625,0
2026-01-21 08:20:00+00:00,25168.849609375,25201.30078125,25160.599609375,25195.5,0
2026-01-21 08:25:00+00:00,25153.25,25170.19921875,25148.44921875,25169.19921875,0
2026-01-21 08:30:00+00:00,25148.25,25158.849609375,25136.349609375,25151.099609375,0
2026-01-21 08:35:00+00:00,25144.099609375,25160.30078125,25142.599609375,25149.05078125,0
2026-01-21 08:40:00+00:00,25136.69921875,25152.400390625,25132.849609375,25143.19921875,0
2026-01-21 08:45:00+00:00,25177.80078125,25202.05078125,25129.80078125,25137.44921875,0
2026-01-21 08:50:00+00:00,25152.19921875,25186.0,25138.30078125,25176.650390625,0
2026-01-21 08:55:00+00:00,25120.849609375,25153.400390625,25120.0,25151.94921875,0
2026-01-21 09:00:00+00:00,25162.849609375,25166.400390625,25119.849609375,25120.25,0
2026-01-21 09:05:00+00:00,25155.0,25163.75,25140.80078125,25163.0,0
2026-01-21 09:10:00+00:00,25150.099609375,25163.19921875,25135.0,25154.30078125,0
2026-01-21 09:15:00+00:00,25155.849609375,25158.44921875,25142.650390625,25149.0,0
2026-01-21 09:20:00+00:00,25153.94921875,25164.05078125,25143.150390625,25155.55078125,0
2026-01-21 09:25:00+00:00,25143.150390625,25157.80078125,25137.650390625,25153.19921875,0
2026-01-21 09:30:00+00:00,25177.5,25177.80078125,25135.349609375,25143.75,0
2026-01-21 09:35:00+00:00,25165.69921875,25182.5,25156.80078125,25178.44921875,0
2026-01-21 09:40:00+00:00,25155.0,25169.30078125,25144.75,25165.44921875,0
2026-01-21 09:45:00+00:00,25159.900390625,25162.19921875,25145.849609375,25155.19921875,0
2026-01-21 09:50:00+00:00,25152.80078125,25160.150390625,25140.55078125,25159.349609375,0
2026-01-21 09:55:00+00:00,25168.099609375,25171.69921875,25145.80078125,25152.05078125,0
2026-01-22 03:45:00+00:00,25318.0,25348.69921875,25303.30078125,25344.599609375,0
2026-01-22 03:50:00+00:00,25338.0,25345.349609375,25310.05078125,25317.05078125,0
2026-01-22 03:55:00+00:00,25386.650390625,25395.30078125,25327.349609375,25336.849609375,0
2026-01-22 04:00:00+00:00,25406.650390625,25416.099609375,25385.19921875,25385.19921875,0
2026-01-22 04:05:00+00:00,25405.19921875,25425.400390625,25395.150390625,25408.5,0
2026-01-22 04:10:00+00:00,25395.94921875,25412.25,25387.0,25404.30078125,0
2026-01-22 04:15:00+00:00,25421.0,25431.44921875,25390.19921875,25395.05078125,0
2026-01-22 04:20:00+00:00,25396.44921875,25434.849609375,25394.44921875,25419.80078125,0
2026-01-22 04:25:00+00:00,25394.55078125,25407.30078125,25379.19921875,25395.349609375,0
2026-01-22 04:30:00+00:00,25375.69921875,25411.650390625,25363.30078125,25395.30078125,0
2026-01-22 04:35:00+00:00,25366.150390625,25388.25,25364.849609375,25374.94921875,0
2026-01-22 04:40:00+00:00,25376.0,25399.05078125,25364.44921875,25367.150390625,0
2026-01-22 04:45:00+00:00,25341.30078125,25388.55078125,25341.30078125,25376.5,0
2026-01-22 04:50:00+00:00,25347.80078125,25352.55078125,25326.25,25340.150390625,0
2026-01-22 04:55:00+00:00,25291.900390625,25348.80078125,25290.75,25348.55078125,0
2026-01-22 05:00:00+00:00,25310.849609375,25314.400390625,25246.400390625,25292.900390625,0
2026-01-22 05:05:00+00:00,25287.150390625,25332.5,25284.94921875,25311.19921875,0
2026-01-22 05:10:00+00:00,25295.349609375,25301.19921875,25284.650390625,25287.849609375,0
2026-01-22 05:15:00+00:00,25275.55078125,25298.44921875,25272.150390625,25294.849609375,0
2026-01-22 05:20:00+00:00,25270.94921875,25276.19921875,25255.099609375,25274.44921875,0
2026-01-22 05:25:00+00:00,25221.69921875,25276.69921875,25221.69921875,25272.19921875,0
2026-01-22 05:30:00+00:00,25230.650390625,25248.94921875,25216.94921875,25221.94921875,0
2026-01-22 05:35:00+00:00,25224.599609375,25231.5,25207.80078125,25230.44921875,0
2026-01-22 05:40:00+00:00,25215.75,25234.94921875,25202.44921875,25224.599609375,0
2026-01-22 05:45:00+00:00,25214.44921875,25232.400390625,25211.25,25215.94921875,0
2026-01-22 05:50:00+00:00,25253.69921875,25265.25,25212.400390625,25215.099609375,0
2026-01-22 05:55:00+00:00,25247.25,25280.55078125,25245.30078125,25253.30078125,0
2026-01-22 06:00:00+00:00,25248.75,25255.349609375,25232.19921875,25246.849609375,0
2026-01-22 06:05:00+00:00,25236.599609375,25259.150390625,25234.0,25248.349609375,0
2026-01-22 06:10:00+00:00,25206.849609375,25239.44921875,25198.69921875,25236.650390625,0
2026-01-22 06:15:00+00:00,25211.80078125,25211.80078125,25177.849609375,25205.900390625,0
2026-01-22 06:20:00+00:00,25202.44921875,25226.400390625,25198.599609375,25210.599609375,0
2026-01-22 06:25:00+00:00,25188.19921875,25211.349609375,25185.900390625,25202.25,0
2026-01-22 06:30:00+00:00,25207.05078125,25207.05078125,25183.30078125,25188.80078125,0
2026-01-22 06:35:00+00:00,25230.5,25241.5,25207.349609375,25207.69921875,0
2026-01-22 06:40:00+00:00,25237.099609375,25239.0,25215.55078125,25229.44921875,0
2026-01-22 06:45:00+00:00,25239.650390625,25247.19921875,25216.05078125,25237.150390625,0
2026-01-22 06:50:00+00:00,25242.400390625,25277.5,25238.099609375,25238.849609375,0
2026-01-22 06:55:00+00:00,25255.25,25261.349609375,25236.55078125,25242.55078125,0
2026-01-22 07:00:00+00:00,25264.55078125,25265.75,25242.55078125,25254.599609375,0
2026-01-22 07:05:00+00:00,25251.80078125,25271.30078125,25232.25,25263.75,0
2026-01-22 07:10:00+00:00,25244.94921875,25251.94921875,25210.44921875,25251.349609375,0
2026-01-22 07:15:00+00:00,25250.25,25254.650390625,25228.94921875,25244.75,0
2026-01-22 07:20:00+00:00,25229.099609375,25262.5,25229.099609375,25251.5,0
2026-01-22 07:25:00+00:00,25209.900390625,25228.5,25205.900390625,25228.0,0
2026-01-22 07:30:00+00:00,25217.44921875,25217.44921875,25190.94921875,25208.650390625,0
2026-01-22 07:35:00+00:00,25202.69921875,25222.05078125,25200.0,25217.150390625,0
2026-01-22 07:40:00+00:00,25191.94921875,25214.05078125,25190.44921875,25201.19921875,0
2026-01-22 07:45:00+00:00,25201.099609375,25201.75,25171.400390625,25192.05078125,0
2026-01-22 07:50:00+00:00,25197.150390625,25208.30078125,25186.5,25200.69921875,0
2026-01-22 07:55:00+00:00,25179.05078125,25199.150390625,25177.5,25196.19921875,0
2026-01-22 08:00:00+00:00,25215.05078125,25215.849609375,25169.69921875,25177.849609375,0
2026-01-22 08:05:00+00:00,25191.5,25227.55078125,25188.55078125,25214.69921875,0
2026-01-22 08:10:00+00:00,25204.55078125,25209.05078125,25184.150390625,25190.69921875,0
2026-01-22 08:15:00+00:00,25211.349609375,25213.80078125,25187.05078125,25204.05078125,0
2026-01-22 08:20:00+00:00,25233.400390625,25239.599609375,25206.150390625,25211.19921875,0
2026-01-22 08:25:00+00:00,25229.150390625,25241.099609375,25221.94921875,25232.849609375,0
2026-01-22 08:30:00+00:00,25223.19921875,25245.0,25220.849609375,25228.349609375,0
2026-01-22 08:35:00+00:00,25211.80078125,25230.80078125,25201.349609375,25223.650390625,0
2026-01-22 08:40:00+00:00,25178.349609375,25213.80078125,25176.94921875,25211.5,0
2026-01-22 08:45:00+00:00,25179.150390625,25188.69921875,25168.5,25178.80078125,0
2026-01-22 08:50:00+00:00,25197.94921875,25207.5,25176.900390625,25178.400390625,0
2026-01-22 08:55:00+00:00,25234.849609375,25236.69921875,25195.55078125,25197.25,0
2026-01-22 09:00:00+00:00,25276.19921875,25279.0,25233.349609375,25234.19921875,0
2026-01-22 09:05:00+00:00,25281.75,25295.900390625,25262.599609375,25274.44921875,0
2026-01-22 09:10:00+00:00,25284.44921875,25292.30078125,25261.05078125,25281.75,0
2026-01-22 09:15:00+00:00,25298.44921875,25318.19921875,25284.099609375,25284.099609375,0
2026-01-22 09:20:00+00:00,25279.55078125,25309.150390625,25278.5,25297.400390625,0
2026-01-22 09:25:00+00:00,25297.0,25308.099609375,25281.650390625,25284.349609375,0
2026-01-22 09:30:00+00:00,25258.849609375,25296.55078125,25238.80078125,25295.5,0
2026-01-22 09:35:00+00:00,25282.349609375,25287.0,25250.44921875,25257.25,0
2026-01-22 09:40:00+00:00,25288.55078125,25302.0,25280.55078125,25280.80078125,0
2026-01-22 09:45:00+00:00,25305.599609375,25315.19921875,25287.599609375,25288.44921875,0
2026-01-22 09:50:00+00:00,25316.650390625,25332.349609375,25302.44921875,25304.5,0
2026-01-22 09:55:00+00:00,25320.44921875,25327.5,25311.25,25315.5,0
2026-01-23 03:45:00+00:00,25275.30078125,25344.900390625,25249.55078125,25338.25,0
2026-01-23 03:50:00+00:00,25320.099609375,25323.30078125,25259.900390625,25274.80078125,0
2026-01-23 03:55:00+00:00,25344.599609375,25344.599609375,25311.349609375,25320.44921875,0
2026-01-23 04:00:00+00:00,25315.400390625,25345.349609375,25311.849609375,25344.19921875,0
2026-01-23 04:05:00+00:00,25304.5,25319.25,25295.44921875,25315.94921875,0
2026-01-23 04:10:00+00:00,25285.69921875,25318.150390625,25283.94921875,25305.5,0
2026-01-23 04:15:00+00:00,25300.25,25312.55078125,25267.69921875,25287.599609375,0
2026-01-23 04:20:00+00:00,25281.400390625,25303.150390625,25281.400390625,25300.25,0
2026-01-23 04:25:00+00:00,25290.94921875,25301.900390625,25280.30078125,25281.5,0
2026-01-23 04:30:00+00:00,25287.94921875,25304.05078125,25263.5,25292.30078125,0
2026-01-23 04:35:00+00:00,25277.650390625,25308.650390625,25276.599609375,25287.5,0
2026-01-23 04:40:00+00:00,25281.69921875,25291.599609375,25278.25,25278.650390625,0
2026-01-23 04:45:00+00:00,25261.349609375,25288.05078125,25251.55078125,25280.55078125,0
2026-01-23 04:50:00+00:00,25264.19921875,25268.349609375,25258.099609375,25261.69921875,0
2026-01-23 04:55:00+00:00,25291.44921875,25295.900390625,25260.80078125,25265.150390625,0
2026-01-23 05:00:00+00:00,25303.80078125,25320.80078125,25286.69921875,25291.69921875,0
2026-01-23 05:05:00+00:00,25300.099609375,25315.69921875,25298.94921875,25303.55078125,0
2026-01-23 05:10:00+00:00,25293.349609375,25310.19921875,25286.44921875,25301.349609375,0
2026-01-23 05:15:00+00:00,25275.94921875,25300.400390625,25270.44921875,25293.25,0
2026-01-23 05:20:00+00:00,25278.05078125,25287.400390625,25273.5,25275.849609375,0
2026-01-23 05:25:00+00:00,25277.55078125,25285.099609375,25269.69921875,25278.25,0
2026-01-23 05:30:00+00:00,25265.80078125,25285.55078125,25265.19921875,25277.650390625,0
2026-01-23 05:35:00+00:00,25274.150390625,25280.0,25261.05078125,25265.0,0
2026-01-23 05:40:00+00:00,25284.900390625,25293.599609375,25273.5,25274.25,0
2026-01-23 05:45:00+00:00,25265.25,25289.900390625,25264.849609375,25285.30078125,0
2026-01-23 05:50:00+00:00,25264.75,25275.94921875,25254.80078125,25265.099609375,0
2026-01-23 05:55:00+00:00,25275.30078125,25278.19921875,25263.30078125,25265.900390625,0
2026-01-23 06:00:00+00:00,25256.400390625,25279.349609375,25255.599609375,25275.849609375,0
2026-01-23 06:05:00+00:00,25229.099609375,25259.25,25229.099609375,25256.44921875,0
2026-01-23 06:10:00+00:00,25211.599609375,25230.55078125,25210.400390625,25229.69921875,0
2026-01-23 06:15:00+00:00,25193.349609375,25215.80078125,25193.349609375,25211.44921875,0
2026-01-23 06:20:00+00:00,25207.44921875,25224.650390625,25191.599609375,25193.44921875,0
2026-01-23 06:25:00+00:00,25215.19921875,25218.150390625,25202.94921875,25208.05078125,0
2026-01-23 06:30:00+00:00,25219.150390625,25223.30078125,25198.150390625,25214.75,0
2026-01-23 06:35:00+00:00,25189.55078125,25218.55078125,25186.849609375,25218.55078125,0
2026-01-23 06:40:00+00:00,25185.19921875,25195.80078125,25183.94921875,25190.849609375,0
2026-01-23 06:45:00+00:00,25219.599609375,25220.349609375,25185.94921875,25185.94921875,0
2026-01-23 06:50:00+00:00,25203.650390625,25222.94921875,25203.400390625,25220.349609375,0
2026-01-23 06:55:00+00:00,25205.650390625,25218.05078125,25194.0,25204.55078125,0
2026-01-23 07:00:00+00:00,25211.150390625,25220.5,25199.44921875,25205.30078125,0
2026-01-23 07:05:00+00:00,25216.650390625,25217.80078125,25202.599609375,25210.0,0
2026-01-23 07:10:00+00:00,25223.05078125,25236.599609375,25207.05078125,25216.55078125,0
2026-01-23 07:15:00+00:00,25210.75,25243.80078125,25208.150390625,25223.30078125,0
2026-01-23 07:20:00+00:00,25229.099609375,25229.75,25202.19921875,25212.05078125,0
2026-01-23 07:25:00+00:00,25202.94921875,25229.75,25200.900390625,25229.75,0
2026-01-23 07:30:00+00:00,25194.30078125,25213.30078125,25191.69921875,25203.94921875,0
2026-01-23 07:35:00+00:00,25187.25,25198.5,25180.55078125,25194.05078125,0
2026-01-23 07:40:00+00:00,25196.400390625,25200.349609375,25183.900390625,25187.75,0
2026-01-23 07:45:00+00:00,25148.94921875,25197.349609375,25143.05078125,25196.650390625,0
2026-01-23 07:50:00+00:00,25128.0,25149.55078125,25124.94921875,25148.55078125,0
2026-01-23 07:55:00+00:00,25124.599609375,25148.25,25121.5,25127.75,0
2026-01-23 08:00:00+00:00,25070.650390625,25125.80078125,25068.099609375,25125.599609375,0
2026-01-23 08:05:00+00:00,25062.55078125,25077.150390625,25056.599609375,25072.25,0
2026-01-23 08:10:00+00:00,25049.55078125,25081.400390625,25047.849609375,25063.30078125,0
2026-01-23 08:15:00+00:00,25057.099609375,25067.5,25044.150390625,25049.25,0
2026-01-23 08:20:00+00:00,25063.69921875,25068.400390625,25050.349609375,25057.44921875,0
2026-01-23 08:25:00+00:00,25049.94921875,25070.5,25046.75,25063.25,0
2026-01-23 08:30:00+00:00,25065.30078125,25068.44921875,25046.80078125,25049.80078125,0
2026-01-23 08:35:00+00:00,25067.69921875,25075.25,25051.849609375,25065.650390625,0
2026-01-23 08:40:00+00:00,25063.400390625,25078.05078125,25056.400390625,25068.150390625,0
2026-01-23 08:45:00+00:00,25060.099609375,25095.150390625,25053.150390625,25064.05078125,0
2026-01-23 08:50:00+00:00,25044.75,25066.900390625,25041.349609375,25060.150390625,0
2026-01-23 08:55:00+00:00,25069.349609375,25089.650390625,25043.94921875,25045.19921875,0
2026-01-23 09:00:00+00:00,25088.75,25100.150390625,25068.19921875,25069.94921875,0
2026-01-23 09:05:00+00:00,25088.19921875,25094.650390625,25063.69921875,25088.25,0
2026-01-23 09:10:00+00:00,25083.650390625,25107.80078125,25083.650390625,25087.150390625,0
2026-01-23 09:15:00+00:00,25058.349609375,25100.80078125,25057.30078125,25089.150390625,0
2026-01-23 09:20:00+00:00,25077.05078125,25085.80078125,25058.150390625,25058.150390625,0
2026-01-23 09:25:00+00:00,25090.650390625,25106.150390625,25079.349609375,25079.349609375,0
2026-01-23 09:30:00+00:00,25060.25,25096.0,25055.849609375,25093.900390625,0
2026-01-23 09:35:00+00:00,25029.94921875,25061.05078125,25028.849609375,25060.55078125,0
2026-01-23 09:40:00+00:00,25045.849609375,25048.69921875,25029.900390625,25031.900390625,0
2026-01-23 09:45:00+00:00,25039.25,25062.849609375,25025.55078125,25046.5,0
2026-01-23 09:50:00+00:00,25048.0,25049.80078125,25034.69921875,25040.849609375,0
2026-01-23 09:55:00+00:00,25064.75,25074.5,25045.900390625,25049.599609375,0
2026-01-27 03:45:00+00:00,25009.94921875,25123.44921875,25007.849609375,25079.0,0
2026-01-27 03:50:00+00:00,24946.400390625,25008.69921875,24938.849609375,25007.5,0
2026-01-27 03:55:00+00:00,24958.55078125,24970.69921875,24933.05078125,24946.30078125,0
2026-01-27 04:00:00+00:00,24989.5,25000.19921875,24940.19921875,24958.400390625,0
2026-01-27 04:05:00+00:00,25091.5,25095.150390625,24977.80078125,24989.94921875,0
2026-01-27 04:10:00+00:00,25147.599609375,25147.599609375,25064.75,25090.650390625,0
2026-01-27 04:15:00+00:00,25152.19921875,25160.44921875,25121.0,25148.80078125,0
2026-01-27 04:20:00+00:00,25137.25,25158.75,25126.400390625,25151.75,0
2026-01-27 04:25:00+00:00,25108.900390625,25141.30078125,25100.94921875,25139.05078125,0
2026-01-27 04:30:00+00:00,25130.30078125,25152.349609375,25111.0,25111.0,0
2026-01-27 04:35:00+00:00,25099.44921875,25133.19921875,25083.349609375,25130.19921875,0
2026-01-27 04:40:00+00:00,25128.44921875,25131.599609375,25086.900390625,25099.900390625,0
2026-01-27 04:45:00+00:00,25176.599609375,25184.0,25123.5,25129.349609375,0
2026-01-27 04:50:00+00:00,25161.55078125,25179.0,25158.400390625,25177.0,0
2026-01-27 04:55:00+00:00,25117.69921875,25172.349609375,25117.30078125,25161.19921875,0
2026-01-27 05:00:00+00:00,25128.650390625,25133.400390625,25105.75,25117.69921875,0
2026-01-27 05:05:00+00:00,25110.650390625,25131.55078125,25108.69921875,25128.30078125,0
2026-01-27 05:10:00+00:00,25030.0,25112.349609375,25019.69921875,25112.099609375,0
2026-01-27 05:15:00+00:00,25041.349609375,25044.75,25012.44921875,25028.849609375,0
2026-01-27 05:20:00+00:00,24994.69921875,25041.599609375,24979.19921875,25041.599609375,0
2026-01-27 05:25:00+00:00,24983.25,25011.400390625,24979.05078125,24996.400390625,0
2026-01-27 05:30:00+00:00,25011.05078125,25021.5,24980.0,24983.849609375,0
2026-01-27 05:35:00+00:00,25019.25,25039.80078125,24994.05078125,25008.80078125,0
2026-01-27 05:40:00+00:00,25029.400390625,25030.30078125,25013.80078125,25019.94921875,0
2026-01-27 05:45:00+00:00,25048.05078125,25057.099609375,25022.099609375,25029.05078125,0
2026-01-27 05:50:00+00:00,25039.400390625,25064.849609375,25037.150390625,25049.80078125,0
2026-01-27 05:55:00+00:00,25057.69921875,25066.650390625,25030.94921875,25038.650390625,0
2026-01-27 06:00:00+00:00,25063.0,25084.80078125,25052.55078125,25057.75,0
2026-01-27 06:05:00+00:00,25090.5,25091.650390625,25062.849609375,25063.0,0
2026-01-27 06:10:00+00:00,25154.650390625,25157.849609375,25079.44921875,25091.0,0
2026-01-27 06:15:00+00:00,25108.150390625,25162.05078125,25107.75,25154.150390625,0
2026-01-27 06:20:00+00:00,25086.75,25109.69921875,25084.19921875,25109.400390625,0
2026-01-27 06:25:00+00:00,25103.650390625,25116.94921875,25083.599609375,25088.55078125,0
2026-01-27 06:30:00+00:00,25113.650390625,25131.80078125,25092.650390625,25104.0,0
2026-01-27 06:35:00+00:00,25115.25,25125.900390625,25114.150390625,25114.55078125,0
2026-01-27 06:40:00+00:00,25120.349609375,25137.650390625,25113.94921875,25116.25,0
2026-01-27 06:45:00+00:00,25091.94921875,25127.55078125,25091.25,25121.55078125,0
2026-01-27 06:50:00+00:00,25127.599609375,25135.5,25091.19921875,25092.0,0
2026-01-27 06:55:00+00:00,25102.099609375,25138.19921875,25100.349609375,25127.099609375,0
2026-01-27 07:00:00+00:00,25098.80078125,25109.25,25083.099609375,25102.25,0
2026-01-27 07:05:00+00:00,25086.400390625,25101.80078125,25070.55078125,25099.0,0
2026-01-27 07:10:00+00:00,25079.55078125,25093.650390625,25076.55078125,25086.099609375,0
2026-01-27 07:15:00+00:00,25058.5,25091.80078125,25058.5,25081.19921875,0
2026-01-27 07:20:00+00:00,25094.30078125,25100.400390625,25056.5,25060.44921875,0
2026-01-27 07:25:00+00:00,25088.94921875,25096.849609375,25082.349609375,25094.0,0
2026-01-27 07:30:00+00:00,25080.94921875,25090.44921875,25065.150390625,25088.94921875,0
2026-01-27 07:35:00+00:00,25089.599609375,25094.400390625,25074.19921875,25080.69921875,0
2026-01-27 07:40:00+00:00,25088.94921875,25090.900390625,25071.150390625,25089.5,0
2026-01-27 07:45:00+00:00,25098.05078125,25099.5,25081.19921875,25089.099609375,0
2026-01-27 07:50:00+00:00,25103.55078125,25112.75,25085.900390625,25098.599609375,0
2026-01-27 07:55:00+00:00,25120.900390625,25123.69921875,25089.849609375,25102.400390625,0
2026-01-27 08:00:00+00:00,25106.900390625,25132.25,25106.5,25122.69921875,0
2026-01-27 08:05:00+00:00,25031.69921875,25108.55078125,25027.69921875,25107.25,0
2026-01-27 08:10:00+00:00,25045.25,25064.099609375,25018.0,25033.599609375,0
2026-01-27 08:15:00+00:00,25058.650390625,25060.75,25040.650390625,25046.150390625,0
2026-01-27 08:20:00+00:00,25043.44921875,25065.900390625,25036.94921875,25059.80078125,0
2026-01-27 08:25:00+00:00,25049.349609375,25065.650390625,25039.599609375,25043.75,0
2026-01-27 08:30:00+00:00,25016.55078125,25055.650390625,25013.150390625,25050.849609375,0
2026-01-27 08:35:00+00:00,25024.44921875,25033.099609375,24998.25,25017.400390625,0
2026-01-27 08:40:00+00:00,25034.55078125,25059.400390625,25024.349609375,25026.05078125,0
2026-01-27 08:45:00+00:00,25029.349609375,25039.5,25024.05078125,25034.900390625,0
2026-01-27 08:50:00+00:00,25021.25,25032.849609375,25007.849609375,25030.05078125,0
2026-01-27 08:55:00+00:00,25032.650390625,25039.44921875,25019.0,25022.69921875,0
2026-01-27 09:00:00+00:00,25041.75,25051.099609375,25024.44921875,25032.69921875,0
2026-01-27 09:05:00+00:00,25092.400390625,25093.05078125,25040.650390625,25042.30078125,0
2026-01-27 09:10:00+00:00,25087.599609375,25108.650390625,25084.849609375,25093.099609375,0
2026-01-27 09:15:00+00:00,25115.19921875,25116.05078125,25088.30078125,25088.900390625,0
2026-01-27 09:20:00+00:00,25142.5,25145.80078125,25115.150390625,25115.900390625,0
2026-01-27 09:25:00+00:00,25139.44921875,25155.30078125,25116.55078125,25143.599609375,0
2026-01-27 09:30:00+00:00,25128.849609375,25145.55078125,25100.75,25141.19921875,0
2026-01-27 09:35:00+00:00,25147.69921875,25160.25,25125.900390625,25130.5,0
2026-01-27 09:40:00+00:00,25170.400390625,25175.349609375,25142.75,25142.94921875,0
2026-01-27 09:45:00+00:00,25202.900390625,25207.349609375,25168.05078125,25169.25,0
2026-01-27 09:50:00+00:00,25229.94921875,25229.94921875,25190.650390625,25203.94921875,0
2026-01-27 09:55:00+00:00,25234.099609375,25246.099609375,25225.69921875,25230.400390625,0
2026-01-28 03:45:00+00:00,25336.0,25336.150390625,25227.650390625,25248.599609375,0
2026-01-28 03:50:00+00:00,25358.75,25371.400390625,25335.099609375,25335.44921875,0
2026-01-28 03:55:00+00:00,25352.75,25366.650390625,25324.69921875,25357.900390625,0
2026-01-28 04:00:00+00:00,25309.30078125,25363.900390625,25308.69921875,25352.099609375,0
2026-01-28 04:05:00+00:00,25311.099609375,25319.099609375,25286.5,25310.30078125,0
2026-01-28 04:10:00+00:00,25293.0,25319.849609375,25289.0,25311.400390625,0
2026-01-28 04:15:00+00:00,25292.69921875,25299.599609375,25278.099609375,25292.94921875,0
2026-01-28 04:20:00+00:00,25288.400390625,25302.900390625,25278.55078125,25292.650390625,0
2026-01-28 04:25:00+00:00,25303.69921875,25304.650390625,25272.69921875,25288.400390625,0
2026-01-28 04:30:00+00:00,25289.80078125,25316.400390625,25281.69921875,25304.69921875,0
2026-01-28 04:35:00+00:00,25252.099609375,25295.650390625,25244.44921875,25290.25,0
2026-01-28 04:40:00+00:00,25248.099609375,25265.099609375,25232.69921875,25252.849609375,0
2026-01-28 04:45:00+00:00,25260.400390625,25260.400390625,25235.599609375,25248.30078125,0
2026-01-28 04:50:00+00:00,25274.849609375,25278.099609375,25254.25,25260.349609375,0
2026-01-28 04:55:00+00:00,25246.5,25281.599609375,25246.5,25275.349609375,0
2026-01-28 05:00:00+00:00,25259.0,25260.69921875,25234.05078125,25246.849609375,0
2026-01-28 05:05:00+00:00,25301.599609375,25302.19921875,25256.150390625,25259.30078125,0
2026-01-28 05:10:00+00:00,25281.69921875,25301.849609375,25279.80078125,25301.849609375,0
2026-01-28 05:15:00+00:00,25281.150390625,25285.80078125,25267.349609375,25282.19921875,0
2026-01-28 05:20:00+00:00,25296.30078125,25298.599609375,25280.599609375,25280.80078125,0
2026-01-28 05:25:00+00:00,25298.75,25307.349609375,25286.69921875,25296.150390625,0
2026-01-28 05:30:00+00:00,25321.099609375,25322.44921875,25288.849609375,25299.849609375,0
2026-01-28 05:35:00+00:00,25321.150390625,25330.599609375,25314.44921875,25321.0,0
2026-01-28 05:40:00+00:00,25325.599609375,25326.69921875,25312.900390625,25320.599609375,0
2026-01-28 05:45:00+00:00,25322.55078125,25328.599609375,25313.30078125,25325.349609375,0
2026-01-28 05:50:00+00:00,25337.900390625,25339.150390625,25318.94921875,25322.5,0
2026-01-28 05:55:00+00:00,25336.94921875,25351.05078125,25330.69921875,25337.19921875,0
2026-01-28 06:00:00+00:00,25337.80078125,25343.94921875,25330.94921875,25337.400390625,0
2026-01-28 06:05:00+00:00,25309.400390625,25338.099609375,25301.099609375,25337.400390625,0
2026-01-28 06:10:00+00:00,25292.5,25310.55078125,25292.30078125,25310.55078125,0
2026-01-28 06:15:00+00:00,25316.5,25320.94921875,25290.650390625,25292.80078125,0
2026-01-28 06:20:00+00:00,25314.599609375,25321.900390625,25309.0,25317.099609375,0
2026-01-28 06:25:00+00:00,25321.80078125,25322.44921875,25310.19921875,25314.150390625,0
2026-01-28 06:30:00+00:00,25328.75,25332.25,25318.900390625,25320.849609375,0
2026-01-28 06:35:00+00:00,25317.5,25339.5,25316.44921875,25329.150390625,0
2026-01-28 06:40:00+00:00,25313.80078125,25319.349609375,25306.94921875,25317.55078125,0
2026-01-28 06:45:00+00:00,25302.0,25318.05078125,25299.94921875,25313.80078125,0
2026-01-28 06:50:00+00:00,25286.099609375,25309.94921875,25286.05078125,25302.5,0
2026-01-28 06:55:00+00:00,25271.80078125,25290.19921875,25269.0,25286.599609375,0
2026-01-28 07:00:00+00:00,25279.5,25286.19921875,25269.05078125,25272.0,0
2026-01-28 07:05:00+00:00,25274.900390625,25285.94921875,25271.099609375,25280.25,0
2026-01-28 07:10:00+00:00,25275.349609375,25277.849609375,25258.94921875,25274.650390625,0
2026-01-28 07:15:00+00:00,25265.099609375,25281.05078125,25263.05078125,25275.599609375,0
2026-01-28 07:20:00+00:00,25265.400390625,25279.44921875,25261.0,25264.400390625,0
2026-01-28 07:25:00+00:00,25258.099609375,25268.349609375,25257.05078125,25265.150390625,0
2026-01-28 07:30:00+00:00,25262.25,25269.150390625,25252.05078125,25258.099609375,0
2026-01-28 07:35:00+00:00,25260.05078125,25267.150390625,25256.349609375,25262.400390625,0
2026-01-28 07:40:00+00:00,25276.25,25279.69921875,25256.849609375,25260.05078125,0
2026-01-28 07:45:00+00:00,25278.55078125,25291.30078125,25268.80078125,25276.599609375,0
2026-01-28 07:50:00+00:00,25238.30078125,25280.150390625,25215.05078125,25278.5,0
2026-01-28 07:55:00+00:00,25238.650390625,25252.55078125,25227.849609375,25239.25,0
2026-01-28 08:00:00+00:00,25232.80078125,25251.5,25232.80078125,25238.349609375,0
2026-01-28 08:05:00+00:00,25232.400390625,25234.900390625,25225.849609375,25233.0,0
2026-01-28 08:10:00+00:00,25208.349609375,25240.80078125,25207.150390625,25232.0,0
2026-01-28 08:15:00+00:00,25198.80078125,25213.44921875,25191.599609375,25207.349609375,0
2026-01-28 08:20:00+00:00,25218.849609375,25220.849609375,25188.150390625,25199.05078125,0
2026-01-28 08:25:00+00:00,25231.30078125,25234.19921875,25216.900390625,25218.849609375,0
2026-01-28 08:30:00+00:00,25235.5,25242.80078125,25224.599609375,25232.25,0
2026-01-28 08:35:00+00:00,25223.80078125,25237.44921875,25221.69921875,25235.80078125,0
2026-01-28 08:40:00+00:00,25209.05078125,25233.55078125,25205.150390625,25223.94921875,0
2026-01-28 08:45:00+00:00,25226.349609375,25226.44921875,25201.099609375,25208.650390625,0
2026-01-28 08:50:00+00:00,25219.099609375,25232.150390625,25211.0,25226.400390625,0
2026-01-28 08:55:00+00:00,25235.150390625,25239.599609375,25216.349609375,25219.80078125,0
2026-01-28 09:00:00+00:00,25224.30078125,25250.69921875,25224.30078125,25235.150390625,0
2026-01-28 09:05:00+00:00,25236.75,25240.599609375,25218.94921875,25223.55078125,0
2026-01-28 09:10:00+00:00,25251.55078125,25253.19921875,25232.80078125,25237.650390625,0
2026-01-28 09:15:00+00:00,25280.5,25280.849609375,25251.19921875,25252.05078125,0
2026-01-28 09:20:00+00:00,25307.19921875,25309.55078125,25278.0,25280.900390625,0
2026-01-28 09:25:00+00:00,25320.69921875,25329.05078125,25307.75,25307.75,0
2026-01-28 09:30:00+00:00,25334.349609375,25344.5,25320.80078125,25320.80078125,0
2026-01-28 09:35:00+00:00,25333.19921875,25344.099609375,25323.19921875,25333.599609375,0
2026-01-28 09:40:00+00:00,25329.650390625,25334.650390625,25322.5,25333.19921875,0
2026-01-28 09:45:00+00:00,25350.55078125,25356.44921875,25329.75,25329.75,0
2026-01-28 09:50:00+00:00,25351.599609375,25357.900390625,25346.400390625,25350.55078125,0
2026-01-28 09:55:00+00:00,25348.05078125,25358.400390625,25341.0,25350.5,0
2026-01-29 03:45:00+00:00,25280.55078125,25346.400390625,25250.30078125,25346.400390625,0
2026-01-29 03:50:00+00:00,25275.849609375,25285.44921875,25252.400390625,25281.30078125,0
2026-01-29 03:55:00+00:00,25272.599609375,25304.599609375,25271.599609375,25275.05078125,0
2026-01-29 04:00:00+00:00,25280.55078125,25282.25,25252.30078125,25270.69921875,0
2026-01-29 04:05:00+00:00,25225.69921875,25279.099609375,25216.099609375,25279.0,0
2026-01-29 04:10:00+00:00,25210.69921875,25241.650390625,25208.099609375,25225.900390625,0
2026-01-29 04:15:00+00:00,25229.099609375,25232.80078125,25204.400390625,25209.0,0
2026-01-29 04:20:00+00:00,25180.69921875,25238.349609375,25176.69921875,25227.44921875,0
2026-01-29 04:25:00+00:00,25184.849609375,25192.150390625,25160.05078125,25181.44921875,0
2026-01-29 04:30:00+00:00,25193.0,25197.900390625,25167.05078125,25185.30078125,0
2026-01-29 04:35:00+00:00,25190.69921875,25200.05078125,25172.900390625,25192.849609375,0
2026-01-29 04:40:00+00:00,25211.650390625,25214.349609375,25178.849609375,25190.400390625,0
2026-01-29 04:45:00+00:00,25210.849609375,25228.849609375,25205.400390625,25210.349609375,0
2026-01-29 04:50:00+00:00,25213.30078125,25218.30078125,25167.650390625,25211.25,0
2026-01-29 04:55:00+00:00,25194.30078125,25214.900390625,25179.19921875,25211.849609375,0
2026-01-29 05:00:00+00:00,25212.44921875,25218.5,25183.400390625,25194.30078125,0
2026-01-29 05:05:00+00:00,25186.400390625,25221.650390625,25186.400390625,25213.099609375,0
2026-01-29 05:10:00+00:00,25190.0,25204.94921875,25175.650390625,25186.25,0
2026-01-29 05:15:00+00:00,25184.849609375,25200.849609375,25184.5,25191.05078125,0
2026-01-29 05:20:00+00:00,25224.05078125,25227.94921875,25183.55078125,25184.349609375,0
2026-01-29 05:25:00+00:00,25234.0,25240.55078125,25218.599609375,25223.94921875,0
2026-01-29 05:30:00+00:00,25238.400390625,25247.150390625,25232.349609375,25234.599609375,0
2026-01-29 05:35:00+00:00,25247.400390625,25252.099609375,25230.099609375,25238.55078125,0
2026-01-29 05:40:00+00:00,25257.80078125,25258.94921875,25242.05078125,25247.75,0
2026-01-29 05:45:00+00:00,25267.55078125,25279.25,25257.19921875,25257.94921875,0
2026-01-29 05:50:00+00:00,25287.5,25296.900390625,25263.25,25267.55078125,0
2026-01-29 05:55:00+00:00,25278.400390625,25287.75,25261.25,25287.75,0
2026-01-29 06:00:00+00:00,25262.80078125,25295.19921875,25261.5,25277.400390625,0
2026-01-29 06:05:00+00:00,25256.099609375,25267.400390625,25249.0,25262.849609375,0
2026-01-29 06:10:00+00:00,25269.44921875,25276.75,25254.25,25255.80078125,0
2026-01-29 06:15:00+00:00,25262.80078125,25270.19921875,25249.150390625,25270.19921875,0
2026-01-29 06:20:00+00:00,25244.25,25274.900390625,25240.0,25263.0,0
2026-01-29 06:25:00+00:00,25258.80078125,25263.400390625,25243.55078125,25243.94921875,0
2026-01-29 06:30:00+00:00,25265.5,25268.80078125,25255.650390625,25259.099609375,0
2026-01-29 06:35:00+00:00,25284.150390625,25287.94921875,25259.900390625,25265.599609375,0
2026-01-29 06:40:00+00:00,25280.75,25286.55078125,25265.0,25283.69921875,0
2026-01-29 06:45:00+00:00,25271.349609375,25282.94921875,25267.099609375,25280.400390625,0
2026-01-29 06:50:00+00:00,25288.30078125,25290.150390625,25262.05078125,25271.150390625,0
2026-01-29 06:55:00+00:00,25284.94921875,25289.150390625,25268.19921875,25289.150390625,0
2026-01-29 07:00:00+00:00,25297.30078125,25309.05078125,25284.900390625,25285.849609375,0
2026-01-29 07:05:00+00:00,25288.80078125,25300.80078125,25286.69921875,25297.900390625,0
2026-01-29 07:10:00+00:00,25282.5,25297.150390625,25281.25,25289.650390625,0
2026-01-29 07:15:00+00:00,25302.44921875,25309.44921875,25276.44921875,25282.30078125,0
2026-01-29 07:20:00+00:00,25329.25,25332.599609375,25301.849609375,25303.150390625,0
2026-01-29 07:25:00+00:00,25321.80078125,25340.849609375,25317.05078125,25330.05078125,0
2026-01-29 07:30:00+00:00,25351.30078125,25351.650390625,25321.0,25322.25,0
2026-01-29 07:35:00+00:00,25356.849609375,25367.30078125,25349.349609375,25351.650390625,0
2026-01-29 07:40:00+00:00,25353.650390625,25364.0,25345.25,25357.150390625,0
2026-01-29 07:45:00+00:00,25338.30078125,25356.400390625,25334.75,25353.44921875,0
2026-01-29 07:50:00+00:00,25345.44921875,25347.400390625,25335.75,25338.25,0
2026-01-29 07:55:00+00:00,25336.75,25350.5,25328.30078125,25345.75,0
2026-01-29 08:00:00+00:00,25374.05078125,25379.900390625,25333.44921875,25337.150390625,0
2026-01-29 08:05:00+00:00,25388.69921875,25389.75,25371.849609375,25374.30078125,0
2026-01-29 08:10:00+00:00,25402.5,25403.44921875,25380.30078125,25387.80078125,0
2026-01-29 08:15:00+00:00,25419.5,25430.30078125,25400.05078125,25403.44921875,0
2026-01-29 08:20:00+00:00,25421.400390625,25426.099609375,25414.900390625,25419.150390625,0
2026-01-29 08:25:00+00:00,25430.900390625,25431.05078125,25416.400390625,25421.150390625,0
2026-01-29 08:30:00+00:00,25416.900390625,25436.25,25416.5,25430.05078125,0
2026-01-29 08:35:00+00:00,25384.900390625,25416.94921875,25383.650390625,25416.94921875,0
2026-01-29 08:40:00+00:00,25412.900390625,25420.849609375,25384.30078125,25385.099609375,0
2026-01-29 08:45:00+00:00,25401.849609375,25420.05078125,25400.349609375,25413.30078125,0
2026-01-29 08:50:00+00:00,25409.849609375,25410.80078125,25398.650390625,25402.55078125,0
2026-01-29 08:55:00+00:00,25430.94921875,25431.0,25408.599609375,25409.94921875,0
2026-01-29 09:00:00+00:00,25448.0,25454.0,25430.69921875,25431.150390625,0
2026-01-29 09:05:00+00:00,25441.75,25451.25,25434.94921875,25447.599609375,0
2026-01-29 09:10:00+00:00,25440.25,25444.44921875,25430.650390625,25441.25,0
2026-01-29 09:15:00+00:00,25451.19921875,25455.05078125,25436.19921875,25439.69921875,0
2026-01-29 09:20:00+00:00,25444.849609375,25457.19921875,25440.05078125,25451.5,0
2026-01-29 09:25:00+00:00,25434.80078125,25444.80078125,25429.94921875,25444.80078125,0
2026-01-29 09:30:00+00:00,25419.400390625,25445.900390625,25408.0,25436.94921875,0
2026-01-29 09:35:00+00:00,25421.44921875,25433.849609375,25408.0,25420.0,0
2026-01-29 09:40:00+00:00,25407.599609375,25428.349609375,25407.599609375,25423.0,0
2026-01-29 09:45:00+00:00,25421.55078125,25431.650390625,25405.099609375,25407.650390625,0
2026-01-29 09:50:00+00:00,25412.44921875,25427.69921875,25408.69921875,25421.5,0
2026-01-29 09:55:00+00:00,25422.099609375,25425.94921875,25405.69921875,25413.849609375,0
2026-01-30 03:45:00+00:00,25259.30078125,25284.400390625,25226.75,25261.25,0
2026-01-30 03:50:00+00:00,25238.849609375,25266.0,25234.19921875,25257.80078125,0
2026-01-30 03:55:00+00:00,25242.0,25280.599609375,25230.650390625,25236.150390625,0
2026-01-30 04:00:00+00:00,25261.400390625,25261.900390625,25219.150390625,25242.5,0
2026-01-30 04:05:00+00:00,25290.650390625,25308.5,25261.19921875,25261.19921875,0
2026-01-30 04:10:00+00:00,25292.25,25304.55078125,25268.80078125,25291.05078125,0
2026-01-30 04:15:00+00:00,25305.55078125,25308.05078125,25280.94921875,25291.75,0
2026-01-30 04:20:00+00:00,25316.44921875,25323.0,25298.19921875,25303.650390625,0
2026-01-30 04:25:00+00:00,25283.400390625,25317.55078125,25274.349609375,25316.44921875,0
2026-01-30 04:30:00+00:00,25288.599609375,25315.94921875,25279.94921875,25283.94921875,0
2026-01-30 04:35:00+00:00,25282.650390625,25288.900390625,25266.44921875,25288.099609375,0
2026-01-30 04:40:00+00:00,25314.30078125,25315.75,25275.44921875,25282.55078125,0
2026-01-30 04:45:00+00:00,25303.349609375,25319.650390625,25303.349609375,25315.80078125,0
2026-01-30 04:50:00+00:00,25279.30078125,25304.349609375,25274.5,25303.25,0
2026-01-30 04:55:00+00:00,25279.599609375,25281.400390625,25268.94921875,25279.75,0
2026-01-30 05:00:00+00:00,25292.05078125,25299.94921875,25273.44921875,25279.94921875,0
2026-01-30 05:05:00+00:00,25301.25,25302.0,25282.0,25291.55078125,0
2026-01-30 05:10:00+00:00,25302.099609375,25311.599609375,25295.900390625,25300.900390625,0
2026-01-30 05:15:00+00:00,25297.599609375,25312.650390625,25297.25,25301.05078125,0
2026-01-30 05:20:00+00:00,25296.80078125,25298.349609375,25284.30078125,25297.75,0
2026-01-30 05:25:00+00:00,25302.05078125,25306.5,25295.150390625,25296.25,0
2026-01-30 05:30:00+00:00,25300.44921875,25309.19921875,25298.94921875,25302.400390625,0
2026-01-30 05:35:00+00:00,25263.099609375,25300.650390625,25262.0,25300.650390625,0
2026-01-30 05:40:00+00:00,25255.44921875,25267.349609375,25247.099609375,25262.849609375,0
2026-01-30 05:45:00+00:00,25252.349609375,25260.05078125,25246.44921875,25255.349609375,0
2026-01-30 05:50:00+00:00,25263.5,25263.80078125,25244.0,25252.44921875,0
2026-01-30 05:55:00+00:00,25258.94921875,25282.849609375,25256.599609375,25263.25,0
2026-01-30 06:00:00+00:00,25245.849609375,25261.75,25232.0,25257.55078125,0
2026-01-30 06:05:00+00:00,25274.05078125,25274.94921875,25242.94921875,25245.30078125,0
2026-01-30 06:10:00+00:00,25272.44921875,25280.349609375,25269.650390625,25273.94921875,0
2026-01-30 06:15:00+00:00,25261.69921875,25275.400390625,25256.30078125,25271.849609375,0
2026-01-30 06:20:00+00:00,25287.400390625,25294.0,25259.650390625,25261.05078125,0
2026-01-30 06:25:00+00:00,25261.400390625,25293.349609375,25257.650390625,25287.69921875,0
2026-01-30 06:30:00+00:00,25258.349609375,25265.349609375,25248.849609375,25262.0,0
2026-01-30 06:35:00+00:00,25268.599609375,25271.0,25253.80078125,25258.150390625,0
2026-01-30 06:40:00+00:00,25294.69921875,25294.849609375,25268.25,25269.099609375,0
2026-01-30 06:45:00+00:00,25274.599609375,25301.80078125,25270.599609375,25293.650390625,0
2026-01-30 06:50:00+00:00,25306.94921875,25311.94921875,25275.25,25275.25,0
2026-01-30 06:55:00+00:00,25294.05078125,25316.599609375,25288.94921875,25306.75,0
2026-01-30 07:00:00+00:00,25295.349609375,25309.099609375,25291.19921875,25293.80078125,0
2026-01-30 07:05:00+00:00,25300.05078125,25304.80078125,25281.44921875,25296.44921875,0
2026-01-30 07:10:00+00:00,25293.55078125,25309.849609375,25288.80078125,25299.900390625,0
2026-01-30 07:15:00+00:00,25293.0,25300.849609375,25290.150390625,25293.69921875,0
2026-01-30 07:20:00+00:00,25298.19921875,25299.69921875,25285.19921875,25293.099609375,0
2026-01-30 07:25:00+00:00,25302.650390625,25303.30078125,25288.30078125,25298.30078125,0
2026-01-30 07:30:00+00:00,25276.94921875,25306.150390625,25274.650390625,25303.75,0
2026-01-30 07:35:00+00:00,25243.75,25277.599609375,25243.25,25276.599609375,0
2026-01-30 07:40:00+00:00,25247.05078125,25260.25,25238.5,25243.900390625,0
2026-01-30 07:45:00+00:00,25232.599609375,25247.5,25213.80078125,25247.400390625,0
2026-01-30 07:50:00+00:00,25229.80078125,25238.0,25227.0,25232.55078125,0
2026-01-30 07:55:00+00:00,25230.5,25239.94921875,25228.599609375,25229.94921875,0
2026-01-30 08:00:00+00:00,25254.30078125,25254.650390625,25229.55078125,25230.5,0
2026-01-30 08:05:00+00:00,25269.849609375,25270.05078125,25251.900390625,25254.900390625,0
2026-01-30 08:10:00+00:00,25301.19921875,25306.5,25269.80078125,25270.19921875,0
2026-01-30 08:15:00+00:00,25299.19921875,25313.099609375,25284.900390625,25302.05078125,0
2026-01-30 08:20:00+00:00,25329.599609375,25338.900390625,25295.650390625,25297.44921875,0
2026-01-30 08:25:00+00:00,25342.650390625,25344.30078125,25322.75,25331.150390625,0
2026-01-30 08:30:00+00:00,25338.80078125,25352.30078125,25331.69921875,25343.80078125,0
2026-01-30 08:35:00+00:00,25365.650390625,25365.650390625,25338.55078125,25338.94921875,0
2026-01-30 08:40:00+00:00,25352.44921875,25370.599609375,25344.099609375,25366.650390625,0
2026-01-30 08:45:00+00:00,25353.150390625,25356.44921875,25344.099609375,25353.5,0
2026-01-30 08:50:00+00:00,25346.75,25356.349609375,25336.5,25352.599609375,0
2026-01-30 08:55:00+00:00,25336.099609375,25348.30078125,25326.349609375,25348.150390625,0
2026-01-30 09:00:00+00:00,25322.5,25341.5,25320.55078125,25335.44921875,0
2026-01-30 09:05:00+00:00,25344.849609375,25348.650390625,25320.05078125,25322.05078125,0
2026-01-30 09:10:00+00:00,25311.599609375,25350.30078125,25303.94921875,25344.80078125,0
2026-01-30 09:15:00+00:00,25348.30078125,25351.94921875,25302.19921875,25310.150390625,0
2026-01-30 09:20:00+00:00,25352.44921875,25357.80078125,25343.150390625,25347.30078125,0
2026-01-30 09:25:00+00:00,25352.44921875,25368.80078125,25340.349609375,25351.650390625,0
2026-01-30 09:30:00+00:00,25314.05078125,25354.19921875,25293.30078125,25352.44921875,0
2026-01-30 09:35:00+00:00,25320.900390625,25324.5,25306.5,25314.349609375,0
2026-01-30 09:40:00+00:00,25319.69921875,25333.849609375,25318.19921875,25322.0,0
2026-01-30 09:45:00+00:00,25324.44921875,25343.900390625,25316.44921875,25321.0,0
2026-01-30 09:50:00+00:00,25313.25,25327.25,25311.05078125,25325.150390625,0
2026-01-30 09:55:00+00:00,25315.80078125,25337.650390625,25309.599609375,25313.849609375,0
2026-02-03 03:45:00+00:00,25809.75,26290.19921875,25776.099609375,26264.900390625,0
2026-02-03 03:50:00+00:00,25808.94921875,25869.0,25807.75,25811.099609375,0
2026-02-03 03:55:00+00:00,25786.25,25823.099609375,25766.400390625,25813.19921875,0
2026-02-03 04:00:00+00:00,25755.150390625,25795.25,25755.0,25785.30078125,0
2026-02-03 04:05:00+00:00,25772.650390625,25782.05078125,25746.94921875,25756.30078125,0
2026-02-03 04:10:00+00:00,25727.30078125,25777.5,25720.599609375,25771.650390625,0
2026-02-03 04:15:00+00:00,25776.400390625,25777.5,25676.69921875,25726.30078125,0
2026-02-03 04:20:00+00:00,25732.150390625,25793.099609375,25732.150390625,25775.849609375,0
2026-02-03 04:25:00+00:00,25702.599609375,25748.150390625,25696.900390625,25733.400390625,0
2026-02-03 04:30:00+00:00,25701.30078125,25729.150390625,25701.30078125,25703.55078125,0
2026-02-03 04:35:00+00:00,25685.349609375,25702.69921875,25642.349609375,25701.599609375,0
2026-02-03 04:40:00+00:00,25671.0,25685.25,25645.19921875,25685.25,0
2026-02-03 04:45:00+00:00,25753.349609375,25761.44921875,25672.349609375,25672.349609375,0
2026-02-03 04:50:00+00:00,25781.25,25786.55078125,25753.30078125,25753.5,0
2026-02-03 04:55:00+00:00,25771.150390625,25794.69921875,25771.0,25782.05078125,0
2026-02-03 05:00:00+00:00,25810.30078125,25818.5,25763.69921875,25771.55078125,0
2026-02-03 05:05:00+00:00,25814.0,25821.650390625,25805.599609375,25810.55078125,0
2026-02-03 05:10:00+00:00,25798.30078125,25819.19921875,25795.94921875,25813.849609375,0
2026-02-03 05:15:00+00:00,25763.69921875,25804.400390625,25756.05078125,25798.30078125,0
2026-02-03 05:20:00+00:00,25766.30078125,25767.400390625,25746.69921875,25764.30078125,0
2026-02-03 05:25:00+00:00,25780.099609375,25798.19921875,25764.849609375,25765.5,0
2026-02-03 05:30:00+00:00,25794.0,25810.5,25778.80078125,25780.69921875,0
2026-02-03 05:35:00+00:00,25778.0,25803.400390625,25775.900390625,25794.44921875,0
2026-02-03 05:40:00+00:00,25784.19921875,25789.0,25765.5,25778.099609375,0
2026-02-03 05:45:00+00:00,25776.849609375,25794.75,25773.900390625,25785.150390625,0
2026-02-03 05:50:00+00:00,25798.69921875,25801.69921875,25774.55078125,25777.30078125,0
2026-02-03 05:55:00+00:00,25815.75,25824.05078125,25798.80078125,25799.69921875,0
2026-02-03 06:00:00+00:00,25858.400390625,25859.849609375,25805.75,25815.900390625,0
2026-02-03 06:05:00+00:00,25847.05078125,25863.150390625,25834.150390625,25857.849609375,0
2026-02-03 06:10:00+00:00,25851.55078125,25861.150390625,25846.44921875,25847.900390625,0
2026-02-03 06:15:00+00:00,25833.25,25855.900390625,25830.650390625,25851.19921875,0
2026-02-03 06:20:00+00:00,25835.25,25841.05078125,25826.150390625,25833.55078125,0
2026-02-03 06:25:00+00:00,25847.849609375,25850.25,25832.25,25835.599609375,0
2026-02-03 06:30:00+00:00,25820.05078125,25851.849609375,25818.75,25849.19921875,0
2026-02-03 06:35:00+00:00,25828.25,25834.349609375,25813.25,25820.099609375,0
2026-02-03 06:40:00+00:00,25836.55078125,25843.349609375,25827.94921875,25828.25,0
2026-02-03 06:45:00+00:00,25829.30078125,25838.599609375,25822.94921875,25837.349609375,0
2026-02-03 06:50:00+00:00,25812.150390625,25835.44921875,25812.150390625,25830.400390625,0
2026-02-03 06:55:00+00:00,25786.55078125,25812.44921875,25780.849609375,25811.599609375,0
2026-02-03 07:00:00+00:00,25795.05078125,25812.099609375,25781.69921875,25786.25,0
2026-02-03 07:05:00+00:00,25789.900390625,25797.05078125,25767.55078125,25796.5,0
2026-02-03 07:10:00+00:00,25796.05078125,25801.75,25788.5,25792.44921875,0
2026-02-03 07:15:00+00:00,25784.099609375,25797.69921875,25783.5,25796.44921875,0
2026-02-03 07:20:00+00:00,25790.80078125,25797.849609375,25780.099609375,25784.30078125,0
2026-02-03 07:25:00+00:00,25795.599609375,25805.5,25785.650390625,25791.44921875,0
2026-02-03 07:30:00+00:00,25801.349609375,25808.599609375,25792.099609375,25795.44921875,0
2026-02-03 07:35:00+00:00,25791.150390625,25811.5,25790.150390625,25801.05078125,0
2026-02-03 07:40:00+00:00,25790.30078125,25795.650390625,25786.400390625,25791.30078125,0
2026-02-03 07:45:00+00:00,25798.599609375,25800.44921875,25790.150390625,25791.30078125,0
2026-02-03 07:50:00+00:00,25793.05078125,25800.150390625,25786.94921875,25797.75,0
2026-02-03 07:55:00+00:00,25771.05078125,25795.05078125,25744.0,25793.0,0
2026-02-03 08:00:00+00:00,25759.30078125,25779.69921875,25758.400390625,25771.69921875,0
2026-02-03 08:05:00+00:00,25773.5,25777.349609375,25729.400390625,25758.650390625,0
2026-02-03 08:10:00+00:00,25800.80078125,25811.44921875,25770.5,25773.0,0
2026-02-03 08:15:00+00:00,25796.099609375,25811.849609375,25795.05078125,25802.05078125,0
2026-02-03 08:20:00+00:00,25806.69921875,25806.900390625,25787.400390625,25795.599609375,0
2026-02-03 08:25:00+00:00,25770.349609375,25810.349609375,25770.150390625,25806.0,0
2026-02-03 08:30:00+00:00,25776.44921875,25777.849609375,25755.599609375,25770.849609375,0
2026-02-03 08:35:00+00:00,25785.599609375,25785.80078125,25765.75,25775.94921875,0
2026-02-03 08:40:00+00:00,25775.150390625,25786.69921875,25765.69921875,25785.0,0
2026-02-03 08:45:00+00:00,25764.0,25781.55078125,25763.400390625,25774.400390625,0
2026-02-03 08:50:00+00:00,25772.849609375,25778.69921875,25763.0,25763.400390625,0
2026-02-03 08:55:00+00:00,25768.900390625,25773.44921875,25766.25,25772.5,0
2026-02-03 09:00:00+00:00,25762.80078125,25788.099609375,25740.30078125,25769.05078125,0
2026-02-03 09:05:00+00:00,25766.5,25776.5,25763.25,25763.400390625,0
2026-02-03 09:10:00+00:00,25746.599609375,25766.5,25741.349609375,25766.44921875,0
2026-02-03 09:15:00+00:00,25762.0,25767.650390625,25740.19921875,25746.19921875,0
2026-02-03 09:20:00+00:00,25764.0,25770.0,25749.30078125,25761.55078125,0
2026-02-03 09:25:00+00:00,25778.05078125,25790.349609375,25760.849609375,25763.55078125,0
2026-02-03 09:30:00+00:00,25719.650390625,25780.44921875,25714.44921875,25778.75,0
2026-02-03 09:35:00+00:00,25716.849609375,25737.5,25696.849609375,25719.900390625,0
2026-02-03 09:40:00+00:00,25717.849609375,25739.25,25699.80078125,25717.150390625,0
2026-02-03 09:45:00+00:00,25741.30078125,25749.44921875,25706.05078125,25721.900390625,0
2026-02-03 09:50:00+00:00,25730.44921875,25741.599609375,25726.75,25741.599609375,0
2026-02-03 09:55:00+00:00,25714.80078125,25732.19921875,25708.5,25731.150390625,0
2026-02-04 03:45:00+00:00,25710.69921875,25742.0,25572.30078125,25659.900390625,0
2026-02-04 03:50:00+00:00,25754.150390625,25761.150390625,25708.349609375,25712.55078125,0
2026-02-04 03:55:00+00:00,25752.650390625,25787.80078125,25749.650390625,25754.80078125,0
2026-02-04 04:00:00+00:00,25762.25,25789.55078125,25752.650390625,25752.650390625,0
2026-02-04 04:05:00+00:00,25729.75,25764.19921875,25728.19921875,25761.94921875,0
2026-02-04 04:10:00+00:00,25788.650390625,25791.05078125,25729.69921875,25729.69921875,0
2026-02-04 04:15:00+00:00,25786.44921875,25794.05078125,25779.900390625,25788.05078125,0
2026-02-04 04:20:00+00:00,25762.650390625,25786.94921875,25748.099609375,25786.25,0
2026-02-04 04:25:00+00:00,25781.5,25782.05078125,25756.19921875,25763.099609375,0
2026-02-04 04:30:00+00:00,25776.150390625,25785.349609375,25772.30078125,25779.55078125,0
2026-02-04 04:35:00+00:00,25796.0,25800.05078125,25771.30078125,25775.69921875,0
2026-02-04 04:40:00+00:00,25782.30078125,25801.80078125,25774.900390625,25795.849609375,0
2026-02-04 04:45:00+00:00,25757.349609375,25787.05078125,25757.349609375,25782.55078125,0
2026-02-04 04:50:00+00:00,25744.80078125,25769.599609375,25737.55078125,25757.25,0
2026-02-04 04:55:00+00:00,25743.30078125,25753.80078125,25735.94921875,25744.80078125,0
2026-02-04 05:00:00+00:00,25726.5,25750.349609375,25723.55078125,25744.150390625,0
2026-02-04 05:05:00+00:00,25727.44921875,25732.19921875,25709.55078125,25726.19921875,0
2026-02-04 05:10:00+00:00,25740.349609375,25743.75,25724.0,25727.099609375,0
2026-02-04 05:15:00+00:00,25752.849609375,25755.900390625,25729.599609375,25739.0,0
2026-02-04 05:20:00+00:00,25743.30078125,25756.900390625,25739.05078125,25751.849609375,0
2026-02-04 05:25:00+00:00,25746.19921875,25750.400390625,25734.94921875,25742.400390625,0
2026-02-04 05:30:00+00:00,25749.05078125,25760.150390625,25737.30078125,25745.900390625,0
2026-02-04 05:35:00+00:00,25737.150390625,25759.0,25736.69921875,25748.80078125,0
2026-02-04 05:40:00+00:00,25723.94921875,25738.0,25714.150390625,25737.400390625,0
2026-02-04 05:45:00+00:00,25708.94921875,25726.80078125,25704.900390625,25724.0,0
2026-02-04 05:50:00+00:00,25698.05078125,25723.25,25695.400390625,25709.099609375,0
2026-02-04 05:55:00+00:00,25699.349609375,25704.650390625,25685.94921875,25696.900390625,0
2026-02-04 06:00:00+00:00,25705.150390625,25711.5,25691.25,25698.150390625,0
2026-02-04 06:05:00+00:00,25703.44921875,25709.099609375,25698.099609375,25705.849609375,0
2026-02-04 06:10:00+00:00,25717.349609375,25723.900390625,25702.599609375,25703.19921875,0
2026-02-04 06:15:00+00:00,25714.19921875,25725.599609375,25703.849609375,25717.05078125,0
2026-02-04 06:20:00+00:00,25721.900390625,25723.150390625,25695.650390625,25713.75,0
2026-02-04 06:25:00+00:00,25727.44921875,25729.55078125,25717.900390625,25721.349609375,0
2026-02-04 06:30:00+00:00,25717.55078125,25734.849609375,25711.25,25726.900390625,0
2026-02-04 06:35:00+00:00,25736.349609375,25737.900390625,25716.80078125,25717.400390625,0
2026-02-04 06:40:00+00:00,25742.55078125,25742.55078125,25731.650390625,25736.19921875,0
2026-02-04 06:45:00+00:00,25734.150390625,25750.30078125,25732.400390625,25741.69921875,0
2026-02-04 06:50:00+00:00,25727.849609375,25738.30078125,25723.599609375,25733.5,0
2026-02-04 06:55:00+00:00,25748.0,25756.30078125,25727.19921875,25727.19921875,0
2026-02-04 07:00:00+00:00,25738.5,25747.69921875,25731.349609375,25746.849609375,0
2026-02-04 07:05:00+00:00,25741.55078125,25742.94921875,25727.19921875,25738.0,0
2026-02-04 07:10:00+00:00,25738.69921875,25762.94921875,25738.69921875,25741.19921875,0
2026-02-04 07:15:00+00:00,25723.349609375,25738.900390625,25722.19921875,25738.599609375,0
2026-02-04 07:20:00+00:00,25720.400390625,25725.0,25712.44921875,25723.900390625,0
2026-02-04 07:25:00+00:00,25705.150390625,25721.599609375,25701.25,25720.099609375,0
2026-02-04 07:30:00+00:00,25717.099609375,25718.25,25702.650390625,25704.55078125,0
2026-02-04 07:35:00+00:00,25733.900390625,25738.099609375,25715.599609375,25717.19921875,0
2026-02-04 07:40:00+00:00,25736.75,25740.94921875,25728.80078125,25734.150390625,0
2026-02-04 07:45:00+00:00,25734.69921875,25744.0,25727.849609375,25735.900390625,0
2026-02-04 07:50:00+00:00,25750.599609375,25752.19921875,25734.599609375,25736.94921875,0
2026-02-04 07:55:00+00:00,25757.25,25759.25,25748.75,25750.55078125,0
2026-02-04 08:00:00+00:00,25765.150390625,25768.900390625,25757.05078125,25757.94921875,0
2026-02-04 08:05:00+00:00,25770.900390625,25772.5,25757.44921875,25764.349609375,0
2026-02-04 08:10:00+00:00,25771.349609375,25772.69921875,25767.25,25771.5,0
2026-02-04 08:15:00+00:00,25764.400390625,25772.55078125,25762.44921875,25770.19921875,0
2026-02-04 08:20:00+00:00,25786.25,25787.099609375,25761.0,25764.5,0
2026-02-04 08:25:00+00:00,25775.099609375,25788.25,25772.599609375,25786.75,0
2026-02-04 08:30:00+00:00,25766.19921875,25775.80078125,25755.25,25774.94921875,0
2026-02-04 08:35:00+00:00,25766.55078125,25767.900390625,25757.099609375,25765.599609375,0
2026-02-04 08:40:00+00:00,25790.900390625,25791.69921875,25765.25,25766.75,0
2026-02-04 08:45:00+00:00,25806.19921875,25813.69921875,25789.94921875,25789.94921875,0
2026-02-04 08:50:00+00:00,25801.0,25818.30078125,25799.75,25806.19921875,0
2026-02-04 08:55:00+00:00,25798.19921875,25801.25,25788.349609375,25801.25,0
2026-02-04 09:00:00+00:00,25799.19921875,25804.05078125,25793.150390625,25797.75,0
2026-02-04 09:05:00+00:00,25811.5,25815.69921875,25795.849609375,25799.400390625,0
2026-02-04 09:10:00+00:00,25809.349609375,25813.25,25803.900390625,25811.44921875,0
2026-02-04 09:15:00+00:00,25795.05078125,25812.650390625,25782.25,25809.69921875,0
2026-02-04 09:20:00+00:00,25795.650390625,25799.55078125,25791.5,25795.25,0
2026-02-04 09:25:00+00:00,25782.650390625,25798.69921875,25779.849609375,25795.30078125,0
2026-02-04 09:30:00+00:00,25789.900390625,25812.400390625,25784.80078125,25784.80078125,0
2026-02-04 09:35:00+00:00,25784.650390625,25796.55078125,25780.19921875,25790.05078125,0
2026-02-04 09:40:00+00:00,25783.099609375,25789.30078125,25780.349609375,25785.44921875,0
2026-02-04 09:45:00+00:00,25768.94921875,25790.25,25768.94921875,25783.0,0
2026-02-04 09:50:00+00:00,25759.69921875,25771.44921875,25755.900390625,25770.099609375,0
2026-02-04 09:55:00+00:00,25737.5,25764.599609375,25737.5,25760.849609375,0
2026-02-05 03:45:00+00:00,25727.349609375,25752.25,25685.25,25752.25,0
2026-02-05 03:50:00+00:00,25682.30078125,25728.30078125,25681.05078125,25728.30078125,0
2026-02-05 03:55:00+00:00,25690.650390625,25690.650390625,25666.75,25682.599609375,0
2026-02-05 04:00:00+00:00,25692.75,25729.55078125,25690.69921875,25690.69921875,0
2026-02-05 04:05:00+00:00,25677.849609375,25707.05078125,25663.44921875,25692.94921875,0
2026-02-05 04:10:00+00:00,25635.150390625,25680.349609375,25633.900390625,25679.599609375,0
2026-02-05 04:15:00+00:00,25631.650390625,25641.80078125,25623.400390625,25635.150390625,0
2026-02-05 04:20:00+00:00,25624.599609375,25647.05078125,25622.30078125,25631.75,0
2026-02-05 04:25:00+00:00,25637.650390625,25643.80078125,25613.099609375,25625.25,0
2026-02-05 04:30:00+00:00,25636.849609375,25643.099609375,25622.55078125,25637.349609375,0
2026-02-05 04:35:00+00:00,25637.099609375,25646.0,25630.0,25637.650390625,0
2026-02-05 04:40:00+00:00,25672.75,25676.69921875,25635.349609375,25635.55078125,0
2026-02-05 04:45:00+00:00,25670.55078125,25673.099609375,25657.30078125,25672.5,0
2026-02-05 04:50:00+00:00,25694.599609375,25700.44921875,25670.599609375,25670.599609375,0
2026-02-05 04:55:00+00:00,25669.55078125,25698.349609375,25668.94921875,25694.849609375,0
2026-02-05 05:00:00+00:00,25646.69921875,25670.849609375,25641.19921875,25668.900390625,0
2026-02-05 05:05:00+00:00,25627.80078125,25653.400390625,25626.650390625,25646.900390625,0
2026-02-05 05:10:00+00:00,25642.650390625,25651.0,25623.55078125,25627.44921875,0
2026-02-05 05:15:00+00:00,25639.94921875,25649.150390625,25636.5,25642.80078125,0
2026-02-05 05:20:00+00:00,25635.05078125,25651.150390625,25633.69921875,25640.25,0
2026-02-05 05:25:00+00:00,25624.0,25635.849609375,25616.0,25633.55078125,0
2026-02-05 05:30:00+00:00,25643.099609375,25649.30078125,25611.94921875,25624.349609375,0
2026-02-05 05:35:00+00:00,25662.849609375,25663.400390625,25642.75,25643.25,0
2026-02-05 05:40:00+00:00,25673.55078125,25678.25,25658.650390625,25662.25,0
2026-02-05 05:45:00+00:00,25647.80078125,25676.900390625,25646.849609375,25673.650390625,0
2026-02-05 05:50:00+00:00,25645.0,25655.69921875,25644.599609375,25647.05078125,0
2026-02-05 05:55:00+00:00,25653.05078125,25655.30078125,25639.400390625,25644.900390625,0
2026-02-05 06:00:00+00:00,25647.30078125,25665.849609375,25645.94921875,25652.55078125,0
2026-02-05 06:05:00+00:00,25671.05078125,25674.349609375,25641.75,25647.400390625,0
2026-02-05 06:10:00+00:00,25666.30078125,25680.19921875,25665.599609375,25671.44921875,0
2026-02-05 06:15:00+00:00,25635.05078125,25668.30078125,25631.30078125,25666.349609375,0
2026-02-05 06:20:00+00:00,25638.349609375,25638.900390625,25629.650390625,25634.900390625,0
2026-02-05 06:25:00+00:00,25651.900390625,25652.25,25637.150390625,25638.19921875,0
2026-02-05 06:30:00+00:00,25651.30078125,25654.55078125,25635.0,25651.349609375,0
2026-02-05 06:35:00+00:00,25636.94921875,25657.69921875,25631.650390625,25651.30078125,0
2026-02-05 06:40:00+00:00,25629.80078125,25642.099609375,25627.099609375,25636.55078125,0
2026-02-05 06:45:00+00:00,25615.05078125,25630.5,25614.69921875,25629.69921875,0
2026-02-05 06:50:00+00:00,25616.400390625,25622.05078125,25611.55078125,25615.650390625,0
2026-02-05 06:55:00+00:00,25621.55078125,25626.5,25611.69921875,25616.05078125,0
2026-02-05 07:00:00+00:00,25618.099609375,25634.94921875,25604.099609375,25620.900390625,0
2026-02-05 07:05:00+00:00,25621.349609375,25627.80078125,25617.55078125,25617.55078125,0
2026-02-05 07:10:00+00:00,25617.44921875,25627.349609375,25614.900390625,25622.05078125,0
2026-02-05 07:15:00+00:00,25625.55078125,25628.650390625,25616.900390625,25617.19921875,0
2026-02-05 07:20:00+00:00,25623.30078125,25636.900390625,25619.25,25626.30078125,0
2026-02-05 07:25:00+00:00,25640.80078125,25646.55078125,25606.75,25622.94921875,0
2026-02-05 07:30:00+00:00,25637.69921875,25642.19921875,25633.349609375,25640.099609375,0
2026-02-05 07:35:00+00:00,25642.55078125,25644.55078125,25634.44921875,25638.44921875,0
2026-02-05 07:40:00+00:00,25636.80078125,25646.44921875,25629.55078125,25643.69921875,0
2026-02-05 07:45:00+00:00,25650.55078125,25653.25,25637.44921875,25637.44921875,0
2026-02-05 07:50:00+00:00,25644.650390625,25657.30078125,25643.400390625,25651.30078125,0
2026-02-05 07:55:00+00:00,25612.30078125,25645.0,25611.19921875,25644.44921875,0
2026-02-05 08:00:00+00:00,25632.55078125,25633.69921875,25611.69921875,25611.69921875,0
2026-02-05 08:05:00+00:00,25639.0,25643.5,25626.05078125,25632.25,0
2026-02-05 08:10:00+00:00,25635.900390625,25643.400390625,25632.80078125,25639.599609375,0
2026-02-05 08:15:00+00:00,25642.400390625,25645.150390625,25632.0,25635.80078125,0
2026-02-05 08:20:00+00:00,25629.400390625,25647.400390625,25629.05078125,25641.94921875,0
2026-02-05 08:25:00+00:00,25635.25,25635.30078125,25621.05078125,25629.94921875,0
2026-02-05 08:30:00+00:00,25627.25,25642.0,25621.94921875,25635.400390625,0
2026-02-05 08:35:00+00:00,25594.400390625,25627.94921875,25592.400390625,25627.25,0
2026-02-05 08:40:00+00:00,25596.94921875,25599.19921875,25580.599609375,25594.69921875,0
2026-02-05 08:45:00+00:00,25597.400390625,25601.5,25589.900390625,25597.44921875,0
2026-02-05 08:50:00+00:00,25598.94921875,25605.349609375,25595.900390625,25597.849609375,0
2026-02-05 08:55:00+00:00,25611.900390625,25617.650390625,25594.55078125,25598.900390625,0
2026-02-05 09:00:00+00:00,25626.400390625,25627.349609375,25606.349609375,25611.80078125,0
2026-02-05 09:05:00+00:00,25631.099609375,25640.349609375,25626.69921875,25626.69921875,0
2026-02-05 09:10:00+00:00,25624.05078125,25634.19921875,25620.55078125,25631.849609375,0
2026-02-05 09:15:00+00:00,25620.80078125,25626.900390625,25609.05078125,25624.25,0
2026-02-05 09:20:00+00:00,25630.19921875,25632.099609375,25618.05078125,25620.19921875,0
2026-02-05 09:25:00+00:00,25645.19921875,25649.0,25630.150390625,25630.150390625,0
2026-02-05 09:30:00+00:00,25665.25,25669.44921875,25645.94921875,25646.05078125,0
2026-02-05 09:35:00+00:00,25643.19921875,25669.75,25631.19921875,25665.55078125,0
2026-02-05 09:40:00+00:00,25647.80078125,25649.44921875,25630.44921875,25644.75,0
2026-02-05 09:45:00+00:00,25629.25,25649.75,25621.849609375,25647.75,0
2026-02-05 09:50:00+00:00,25640.94921875,25642.150390625,25621.55078125,25630.44921875,0
2026-02-05 09:55:00+00:00,25641.599609375,25645.599609375,25629.30078125,25642.69921875,0
2026-02-06 03:45:00+00:00,25603.5,25630.44921875,25555.94921875,25610.5,0
2026-02-06 03:50:00+00:00,25587.849609375,25601.849609375,25578.44921875,25600.650390625,0
2026-02-06 03:55:00+00:00,25574.349609375,25596.94921875,25570.5,25588.099609375,0
2026-02-06 04:00:00+00:00,25563.599609375,25574.599609375,25554.5,25574.599609375,0
2026-02-06 04:05:00+00:00,25544.30078125,25565.80078125,25534.400390625,25563.650390625,0
2026-02-06 04:10:00+00:00,25526.30078125,25547.69921875,25522.400390625,25543.44921875,0
2026-02-06 04:15:00+00:00,25569.0,25569.0,25527.19921875,25527.19921875,0
2026-02-06 04:20:00+00:00,25554.25,25570.80078125,25553.0,25569.25,0
2026-02-06 04:25:00+00:00,25552.349609375,25554.599609375,25538.05078125,25554.19921875,0
2026-02-06 04:30:00+00:00,25535.55078125,25560.44921875,25520.05078125,25552.349609375,0
2026-02-06 04:35:00+00:00,25531.75,25542.150390625,25520.80078125,25534.849609375,0
2026-02-06 04:40:00+00:00,25515.80078125,25533.5,25504.75,25531.55078125,0
2026-02-06 04:45:00+00:00,25544.849609375,25553.19921875,25511.599609375,25515.80078125,0
2026-02-06 04:50:00+00:00,25544.69921875,25558.80078125,25539.44921875,25543.94921875,0
2026-02-06 04:55:00+00:00,25506.650390625,25546.400390625,25506.650390625,25543.94921875,0
2026-02-06 05:00:00+00:00,25504.80078125,25514.150390625,25496.650390625,25507.099609375,0
2026-02-06 05:05:00+00:00,25522.44921875,25525.849609375,25502.400390625,25504.849609375,0
2026-02-06 05:10:00+00:00,25502.400390625,25523.650390625,25497.900390625,25521.599609375,0
2026-02-06 05:15:00+00:00,25507.80078125,25518.05078125,25496.94921875,25501.69921875,0
2026-02-06 05:20:00+00:00,25498.25,25513.5,25493.55078125,25507.55078125,0
2026-02-06 05:25:00+00:00,25522.5,25524.19921875,25492.150390625,25498.19921875,0
2026-02-06 05:30:00+00:00,25546.75,25548.150390625,25522.75,25522.75,0
2026-02-06 05:35:00+00:00,25558.80078125,25559.55078125,25543.25,25546.25,0
2026-02-06 05:40:00+00:00,25576.400390625,25576.400390625,25554.849609375,25558.599609375,0
2026-02-06 05:45:00+00:00,25578.19921875,25581.19921875,25564.599609375,25577.80078125,0
2026-02-06 05:50:00+00:00,25593.0,25597.55078125,25575.55078125,25577.599609375,0
2026-02-06 05:55:00+00:00,25588.55078125,25598.19921875,25583.349609375,25592.900390625,0
2026-02-06 06:00:00+00:00,25607.80078125,25609.80078125,25583.0,25588.5,0
2026-02-06 06:05:00+00:00,25627.849609375,25630.900390625,25599.849609375,25607.80078125,0
2026-02-06 06:10:00+00:00,25623.80078125,25644.5,25623.44921875,25627.599609375,0
2026-02-06 06:15:00+00:00,25636.849609375,25641.80078125,25613.19921875,25623.849609375,0
2026-02-06 06:20:00+00:00,25625.650390625,25639.55078125,25620.75,25636.650390625,0
2026-02-06 06:25:00+00:00,25632.25,25632.55078125,25616.650390625,25625.5,0
2026-02-06 06:30:00+00:00,25621.25,25657.599609375,25620.80078125,25631.349609375,0
2026-02-06 06:35:00+00:00,25593.94921875,25621.30078125,25592.599609375,25621.150390625,0
2026-02-06 06:40:00+00:00,25611.05078125,25611.650390625,25588.44921875,25593.44921875,0
2026-02-06 06:45:00+00:00,25603.400390625,25614.349609375,25592.0,25611.69921875,0
2026-02-06 06:50:00+00:00,25570.30078125,25602.75,25570.30078125,25602.75,0
2026-02-06 06:55:00+00:00,25573.75,25579.099609375,25561.349609375,25570.44921875,0
2026-02-06 07:00:00+00:00,25543.30078125,25573.5,25536.69921875,25573.25,0
2026-02-06 07:05:00+00:00,25552.25,25562.599609375,25542.94921875,25542.94921875,0
2026-02-06 07:10:00+00:00,25543.44921875,25558.150390625,25536.94921875,25552.400390625,0
2026-02-06 07:15:00+00:00,25542.05078125,25570.349609375,25537.5,25542.80078125,0
2026-02-06 07:20:00+00:00,25532.0,25547.849609375,25531.849609375,25541.349609375,0
2026-02-06 07:25:00+00:00,25556.69921875,25563.150390625,25526.650390625,25532.30078125,0
2026-02-06 07:30:00+00:00,25557.150390625,25557.80078125,25540.19921875,25556.150390625,0
2026-02-06 07:35:00+00:00,25553.849609375,25573.150390625,25545.30078125,25557.599609375,0
2026-02-06 07:40:00+00:00,25561.44921875,25565.55078125,25553.25,25554.30078125,0
2026-02-06 07:45:00+00:00,25569.650390625,25573.650390625,25559.69921875,25562.099609375,0
2026-02-06 07:50:00+00:00,25569.400390625,25576.650390625,25562.75,25569.150390625,0
2026-02-06 07:55:00+00:00,25570.25,25571.099609375,25567.650390625,25570.5,0
2026-02-06 08:00:00+00:00,25562.849609375,25566.25,25549.099609375,25558.30078125,0
2026-02-06 08:05:00+00:00,25585.849609375,25589.80078125,25560.94921875,25563.55078125,0
2026-02-06 08:10:00+00:00,25578.44921875,25598.75,25575.69921875,25586.599609375,0
2026-02-06 08:15:00+00:00,25588.75,25592.650390625,25572.05078125,25578.30078125,0
2026-02-06 08:20:00+00:00,25618.599609375,25620.650390625,25587.150390625,25588.900390625,0
2026-02-06 08:25:00+00:00,25617.599609375,25626.099609375,25602.0,25618.25,0
2026-02-06 08:30:00+00:00,25618.849609375,25633.30078125,25615.75,25617.400390625,0
2026-02-06 08:35:00+00:00,25625.30078125,25630.900390625,25618.0,25618.599609375,0
2026-02-06 08:40:00+00:00,25612.30078125,25626.0,25607.150390625,25625.5,0
2026-02-06 08:45:00+00:00,25619.69921875,25622.19921875,25601.900390625,25612.150390625,0
2026-02-06 08:50:00+00:00,25604.75,25630.650390625,25603.75,25620.349609375,0
2026-02-06 08:55:00+00:00,25610.900390625,25617.44921875,25604.25,25604.69921875,0
2026-02-06 09:00:00+00:00,25622.099609375,25623.349609375,25606.5,25611.099609375,0
2026-02-06 09:05:00+00:00,25631.55078125,25637.44921875,25619.349609375,25622.349609375,0
2026-02-06 09:10:00+00:00,25651.849609375,25652.400390625,25631.69921875,25632.099609375,0
2026-02-06 09:15:00+00:00,25636.599609375,25660.849609375,25633.650390625,25651.80078125,0
2026-02-06 09:20:00+00:00,25651.30078125,25651.75,25635.5,25636.900390625,0
2026-02-06 09:25:00+00:00,25670.30078125,25671.75,25651.80078125,25651.80078125,0
2026-02-06 09:30:00+00:00,25685.44921875,25689.55078125,25671.19921875,25671.19921875,0
2026-02-06 09:35:00+00:00,25692.55078125,25698.94921875,25681.75,25683.05078125,0
2026-02-06 09:40:00+00:00,25698.5,25703.44921875,25687.30078125,25690.44921875,0
2026-02-06 09:45:00+00:00,25695.19921875,25703.25,25693.0,25697.75,0
2026-02-06 09:50:00+00:00,25700.94921875,25701.5,25692.94921875,25693.55078125,0
2026-02-06 09:55:00+00:00,25673.599609375,25700.05078125,25660.19921875,25698.5,0
2026-02-09 03:45:00+00:00,25815.55078125,25903.099609375,25799.30078125,25903.099609375,0
2026-02-09 03:50:00+00:00,25821.849609375,25826.05078125,25793.849609375,25814.30078125,0
2026-02-09 03:55:00+00:00,25822.900390625,25823.80078125,25801.75,25821.19921875,0
2026-02-09 04:00:00+00:00,25802.19921875,25835.5,25792.150390625,25822.0,0
2026-02-09 04:05:00+00:00,25782.44921875,25807.150390625,25782.44921875,25802.55078125,0
2026-02-09 04:10:00+00:00,25793.05078125,25803.94921875,25781.55078125,25781.94921875,0
2026-02-09 04:15:00+00:00,25812.0,25815.150390625,25790.349609375,25792.900390625,0
2026-02-09 04:20:00+00:00,25812.80078125,25819.25,25806.650390625,25812.55078125,0
2026-02-09 04:25:00+00:00,25814.099609375,25818.099609375,25806.05078125,25812.849609375,0
2026-02-09 04:30:00+00:00,25824.75,25826.099609375,25814.150390625,25814.80078125,0
2026-02-09 04:35:00+00:00,25810.0,25831.099609375,25803.55078125,25824.099609375,0
2026-02-09 04:40:00+00:00,25801.599609375,25812.650390625,25796.150390625,25810.19921875,0
2026-02-09 04:45:00+00:00,25816.650390625,25817.94921875,25794.0,25800.099609375,0
2026-02-09 04:50:00+00:00,25817.849609375,25829.94921875,25809.05078125,25816.150390625,0
2026-02-09 04:55:00+00:00,25812.80078125,25825.599609375,25810.44921875,25818.099609375,0
2026-02-09 05:00:00+00:00,25826.25,25829.19921875,25810.099609375,25812.30078125,0
2026-02-09 05:05:00+00:00,25842.650390625,25846.69921875,25823.599609375,25824.900390625,0
2026-02-09 05:10:00+00:00,25852.349609375,25852.349609375,25841.650390625,25843.400390625,0
2026-02-09 05:15:00+00:00,25846.30078125,25859.75,25844.5,25852.80078125,0
2026-02-09 05:20:00+00:00,25860.150390625,25861.099609375,25845.80078125,25847.19921875,0
2026-02-09 05:25:00+00:00,25864.599609375,25866.400390625,25856.0,25859.5,0
2026-02-09 05:30:00+00:00,25856.44921875,25870.05078125,25855.25,25865.19921875,0
2026-02-09 05:35:00+00:00,25855.150390625,25866.599609375,25853.44921875,25856.400390625,0
2026-02-09 05:40:00+00:00,25857.94921875,25864.0,25853.900390625,25855.650390625,0
2026-02-09 05:45:00+00:00,25860.650390625,25862.0,25851.75,25858.150390625,0
2026-02-09 05:50:00+00:00,25863.55078125,25865.349609375,25854.150390625,25860.75,0
2026-02-09 05:55:00+00:00,25858.400390625,25868.349609375,25853.900390625,25863.30078125,0
2026-02-09 06:00:00+00:00,25848.400390625,25860.05078125,25842.0,25858.849609375,0
2026-02-09 06:05:00+00:00,25860.0,25862.0,25845.55078125,25849.650390625,0
2026-02-09 06:10:00+00:00,25851.0,25866.55078125,25850.400390625,25860.0,0
2026-02-09 06:15:00+00:00,25847.099609375,25852.30078125,25835.75,25850.44921875,0
2026-02-09 06:20:00+00:00,25832.19921875,25847.80078125,25832.19921875,25846.5,0
2026-02-09 06:25:00+00:00,25834.75,25838.599609375,25830.5,25832.05078125,0
2026-02-09 06:30:00+00:00,25842.69921875,25842.900390625,25833.900390625,25834.30078125,0
2026-02-09 06:35:00+00:00,25855.19921875,25856.0,25839.25,25842.650390625,0
2026-02-09 06:40:00+00:00,25856.25,25861.25,25850.69921875,25855.19921875,0
2026-02-09 06:45:00+00:00,25852.849609375,25857.900390625,25850.0,25856.599609375,0
2026-02-09 06:50:00+00:00,25858.5,25861.099609375,25851.55078125,25852.150390625,0
2026-02-09 06:55:00+00:00,25849.30078125,25861.44921875,25848.5,25858.94921875,0
2026-02-09 07:00:00+00:00,25839.650390625,25850.900390625,25831.55078125,25850.55078125,0
2026-02-09 07:05:00+00:00,25836.44921875,25850.19921875,25836.44921875,25841.55078125,0
2026-02-09 07:10:00+00:00,25835.94921875,25842.5,25832.5,25837.349609375,0
2026-02-09 07:15:00+00:00,25832.900390625,25839.80078125,25830.150390625,25836.0,0
2026-02-09 07:20:00+00:00,25822.349609375,25838.650390625,25821.650390625,25833.349609375,0
2026-02-09 07:25:00+00:00,25837.25,25838.75,25819.94921875,25822.80078125,0
2026-02-09 07:30:00+00:00,25843.25,25846.25,25835.900390625,25838.400390625,0
2026-02-09 07:35:00+00:00,25853.400390625,25855.19921875,25841.900390625,25844.55078125,0
2026-02-09 07:40:00+00:00,25849.94921875,25860.30078125,25847.44921875,25854.400390625,0
2026-02-09 07:45:00+00:00,25857.349609375,25859.099609375,25850.25,25850.75,0
2026-02-09 07:50:00+00:00,25846.30078125,25860.0,25845.19921875,25859.400390625,0
2026-02-09 07:55:00+00:00,25838.150390625,25851.900390625,25836.849609375,25847.25,0
2026-02-09 08:00:00+00:00,25849.849609375,25852.94921875,25835.849609375,25840.349609375,0
2026-02-09 08:05:00+00:00,25850.05078125,25854.900390625,25849.599609375,25851.80078125,0
2026-02-09 08:10:00+00:00,25853.30078125,25856.099609375,25849.650390625,25851.5,0
2026-02-09 08:15:00+00:00,25847.150390625,25857.30078125,25846.0,25854.05078125,0
2026-02-09 08:20:00+00:00,25846.650390625,25850.94921875,25843.099609375,25848.650390625,0
2026-02-09 08:25:00+00:00,25845.650390625,25855.30078125,25843.75,25846.900390625,0
2026-02-09 08:30:00+00:00,25842.349609375,25853.80078125,25839.94921875,25846.099609375,0
2026-02-09 08:35:00+00:00,25846.25,25846.69921875,25835.5,25843.94921875,0
2026-02-09 08:40:00+00:00,25844.400390625,25852.75,25842.19921875,25847.80078125,0
2026-02-09 08:45:00+00:00,25850.30078125,25852.599609375,25842.19921875,25845.25,0
2026-02-09 08:50:00+00:00,25858.55078125,25864.400390625,25850.0,25852.25,0
2026-02-09 08:55:00+00:00,25858.69921875,25862.94921875,25854.94921875,25860.0,0
2026-02-09 09:00:00+00:00,25852.349609375,25861.0,25849.44921875,25860.05078125,0
2026-02-09 09:05:00+00:00,25850.0,25856.849609375,25847.19921875,25852.400390625,0
2026-02-09 09:10:00+00:00,25843.80078125,25851.150390625,25840.349609375,25850.150390625,0
2026-02-09 09:15:00+00:00,25851.55078125,25858.19921875,25843.099609375,25844.94921875,0
2026-02-09 09:20:00+00:00,25848.5,25858.150390625,25836.25,25853.05078125,0
2026-02-09 09:25:00+00:00,25858.05078125,25861.30078125,25848.349609375,25850.25,0
2026-02-09 09:30:00+00:00,25868.849609375,25869.849609375,25859.349609375,25860.5,0
2026-02-09 09:35:00+00:00,25870.25,25875.400390625,25867.55078125,25869.44921875,0
2026-02-09 09:40:00+00:00,25866.30078125,25875.849609375,25862.5,25870.849609375,0
2026-02-09 09:45:00+00:00,25868.650390625,25870.25,25863.44921875,25866.55078125,0
2026-02-09 09:50:00+00:00,25864.0,25870.55078125,25861.150390625,25869.55078125,0
2026-02-09 09:55:00+00:00,25863.30078125,25870.099609375,25856.849609375,25864.849609375,0
2026-02-10 03:45:00+00:00,25918.05078125,25934.44921875,25871.44921875,25912.849609375,0
2026-02-10 03:50:00+00:00,25915.55078125,25922.099609375,25894.150390625,25918.099609375,0
2026-02-10 03:55:00+00:00,25917.599609375,25924.75,25907.69921875,25914.900390625,0
2026-02-10 04:00:00+00:00,25943.75,25943.75,25909.650390625,25918.19921875,0
2026-02-10 04:05:00+00:00,25941.05078125,25948.349609375,25936.69921875,25943.30078125,0
2026-02-10 04:10:00+00:00,25949.400390625,25952.900390625,25939.80078125,25941.150390625,0
2026-02-10 04:15:00+00:00,25948.19921875,25961.400390625,25947.05078125,25949.650390625,0
2026-02-10 04:20:00+00:00,25932.599609375,25952.0,25929.94921875,25948.150390625,0
2026-02-10 04:25:00+00:00,25949.5,25951.05078125,25928.80078125,25932.19921875,0
2026-02-10 04:30:00+00:00,25954.900390625,25958.44921875,25943.94921875,25948.69921875,0
2026-02-10 04:35:00+00:00,25952.0,25965.0,25948.19921875,25954.94921875,0
2026-02-10 04:40:00+00:00,25944.349609375,25953.75,25940.25,25951.599609375,0
2026-02-10 04:45:00+00:00,25966.0,25971.55078125,25942.0,25944.400390625,0
2026-02-10 04:50:00+00:00,25964.25,25966.150390625,25958.75,25965.69921875,0
2026-02-10 04:55:00+00:00,25963.400390625,25968.75,25961.650390625,25963.94921875,0
2026-02-10 05:00:00+00:00,25976.75,25978.55078125,25962.05078125,25963.5,0
2026-02-10 05:05:00+00:00,25969.150390625,25978.150390625,25968.400390625,25976.19921875,0
2026-02-10 05:10:00+00:00,25960.69921875,25970.94921875,25951.349609375,25969.69921875,0
2026-02-10 05:15:00+00:00,25959.400390625,25971.69921875,25954.349609375,25960.150390625,0
2026-02-10 05:20:00+00:00,25957.849609375,25969.5,25954.80078125,25960.0,0
2026-02-10 05:25:00+00:00,25959.599609375,25964.30078125,25955.30078125,25958.30078125,0
2026-02-10 05:30:00+00:00,25964.599609375,25969.30078125,25955.099609375,25959.30078125,0
2026-02-10 05:35:00+00:00,25961.900390625,25969.900390625,25960.25,25964.599609375,0
2026-02-10 05:40:00+00:00,25959.650390625,25963.80078125,25955.75,25961.55078125,0
2026-02-10 05:45:00+00:00,25959.150390625,25964.400390625,25954.599609375,25960.05078125,0
2026-02-10 05:50:00+00:00,25952.44921875,25961.900390625,25951.30078125,25959.25,0
2026-02-10 05:55:00+00:00,25954.05078125,25959.650390625,25947.30078125,25952.44921875,0
2026-02-10 06:00:00+00:00,25956.349609375,25961.19921875,25952.900390625,25953.94921875,0
2026-02-10 06:05:00+00:00,25953.30078125,25960.94921875,25941.900390625,25956.44921875,0
2026-02-10 06:10:00+00:00,25950.900390625,25954.55078125,25943.69921875,25953.44921875,0
2026-02-10 06:15:00+00:00,25949.30078125,25955.30078125,25943.94921875,25951.349609375,0
2026-02-10 06:20:00+00:00,25960.05078125,25961.19921875,25944.25,25949.05078125,0
2026-02-10 06:25:00+00:00,25961.75,25963.69921875,25952.69921875,25960.099609375,0
2026-02-10 06:30:00+00:00,25964.349609375,25965.400390625,25958.150390625,25961.900390625,0
2026-02-10 06:35:00+00:00,25954.400390625,25963.94921875,25950.650390625,25963.349609375,0
2026-02-10 06:40:00+00:00,25963.650390625,25964.19921875,25952.25,25953.94921875,0
2026-02-10 06:45:00+00:00,25968.0,25969.80078125,25960.900390625,25964.349609375,0
2026-02-10 06:50:00+00:00,25959.650390625,25968.599609375,25956.0,25967.55078125,0
2026-02-10 06:55:00+00:00,25956.80078125,25959.80078125,25952.650390625,25959.19921875,0
2026-02-10 07:00:00+00:00,25956.25,25959.349609375,25952.19921875,25956.400390625,0
2026-02-10 07:05:00+00:00,25957.94921875,25957.94921875,25950.849609375,25956.05078125,0
2026-02-10 07:10:00+00:00,25964.69921875,25965.0,25955.5,25958.0,0
2026-02-10 07:15:00+00:00,25984.150390625,25984.900390625,25963.69921875,25964.55078125,0
2026-02-10 07:20:00+00:00,25979.05078125,25989.19921875,25977.05078125,25983.150390625,0
2026-02-10 07:25:00+00:00,25973.44921875,25985.69921875,25972.150390625,25979.400390625,0
2026-02-10 07:30:00+00:00,25966.19921875,25974.849609375,25956.80078125,25972.44921875,0
2026-02-10 07:35:00+00:00,25978.75,25981.0,25962.44921875,25965.30078125,0
2026-02-10 07:40:00+00:00,25977.75,25980.30078125,25970.80078125,25978.69921875,0
2026-02-10 07:45:00+00:00,25948.400390625,25982.25,25947.5,25978.0,0
2026-02-10 07:50:00+00:00,25931.849609375,25951.25,25927.44921875,25948.599609375,0
2026-02-10 07:55:00+00:00,25938.099609375,25951.94921875,25929.900390625,25932.099609375,0
2026-02-10 08:00:00+00:00,25922.900390625,25935.650390625,25908.849609375,25935.05078125,0
2026-02-10 08:05:00+00:00,25924.849609375,25924.849609375,25915.400390625,25921.69921875,0
2026-02-10 08:10:00+00:00,25927.19921875,25929.30078125,25919.900390625,25922.75,0
2026-02-10 08:15:00+00:00,25921.900390625,25932.25,25915.94921875,25925.05078125,0
2026-02-10 08:20:00+00:00,25934.099609375,25936.05078125,25920.30078125,25920.599609375,0
2026-02-10 08:25:00+00:00,25910.849609375,25934.400390625,25909.599609375,25933.099609375,0
2026-02-10 08:30:00+00:00,25901.69921875,25910.55078125,25893.19921875,25910.349609375,0
2026-02-10 08:35:00+00:00,25911.75,25923.400390625,25898.30078125,25900.69921875,0
2026-02-10 08:40:00+00:00,25918.69921875,25918.69921875,25899.650390625,25909.650390625,0
2026-02-10 08:45:00+00:00,25943.0,25943.0,25918.150390625,25918.150390625,0
2026-02-10 08:50:00+00:00,25924.650390625,25943.80078125,25919.400390625,25941.849609375,0
2026-02-10 08:55:00+00:00,25921.30078125,25928.900390625,25915.849609375,25923.25,0
2026-02-10 09:00:00+00:00,25924.150390625,25929.0,25918.599609375,25919.150390625,0
2026-02-10 09:05:00+00:00,25916.849609375,25930.599609375,25916.19921875,25922.69921875,0
2026-02-10 09:10:00+00:00,25912.69921875,25917.44921875,25903.849609375,25915.30078125,0
2026-02-10 09:15:00+00:00,25928.69921875,25932.400390625,25911.19921875,25911.400390625,0
2026-02-10 09:20:00+00:00,25935.349609375,25937.849609375,25923.69921875,25927.75,0
2026-02-10 09:25:00+00:00,25941.44921875,25944.400390625,25930.900390625,25935.75,0
2026-02-10 09:30:00+00:00,25951.400390625,25967.400390625,25939.94921875,25943.0,0
2026-02-10 09:35:00+00:00,25958.099609375,25963.25,25930.849609375,25953.25,0
2026-02-10 09:40:00+00:00,25933.94921875,25960.19921875,25931.5,25958.849609375,0
2026-02-10 09:45:00+00:00,25919.30078125,25937.05078125,25914.55078125,25934.30078125,0
2026-02-10 09:50:00+00:00,25911.55078125,25922.0,25909.75,25919.150390625,0
2026-02-10 09:55:00+00:00,25916.80078125,25919.25,25906.05078125,25911.55078125,0
2026-02-11 03:45:00+00:00,25985.0,26000.650390625,25949.099609375,26000.650390625,0
2026-02-11 03:50:00+00:00,25980.69921875,25993.19921875,25975.80078125,25984.94921875,0
2026-02-11 03:55:00+00:00,25980.599609375,25988.099609375,25975.599609375,25980.849609375,0
2026-02-11 04:00:00+00:00,25955.349609375,25984.55078125,25954.75,25980.099609375,0
2026-02-11 04:05:00+00:00,25933.599609375,25960.75,25932.5,25955.150390625,0
2026-02-11 04:10:00+00:00,25937.849609375,25939.400390625,25923.69921875,25932.400390625,0
2026-02-11 04:15:00+00:00,25929.849609375,25945.25,25929.849609375,25937.80078125,0
2026-02-11 04:20:00+00:00,25950.099609375,25952.69921875,25925.75,25930.400390625,0
2026-02-11 04:25:00+00:00,25943.05078125,25956.30078125,25943.05078125,25949.05078125,0
2026-02-11 04:30:00+00:00,25915.80078125,25943.400390625,25912.0,25943.19921875,0
2026-02-11 04:35:00+00:00,25925.80078125,25926.94921875,25913.55078125,25914.349609375,0
2026-02-11 04:40:00+00:00,25917.900390625,25938.55078125,25909.94921875,25925.599609375,0
2026-02-11 04:45:00+00:00,25954.150390625,25954.900390625,25916.900390625,25918.05078125,0
2026-02-11 04:50:00+00:00,25961.650390625,25962.80078125,25948.19921875,25954.80078125,0
2026-02-11 04:55:00+00:00,25964.55078125,25967.75,25955.900390625,25961.05078125,0
2026-02-11 05:00:00+00:00,25964.19921875,25973.19921875,25962.75,25964.19921875,0
2026-02-11 05:05:00+00:00,25977.400390625,25980.599609375,25958.19921875,25963.94921875,0
2026-02-11 05:10:00+00:00,25969.05078125,25981.30078125,25966.650390625,25978.30078125,0
2026-02-11 05:15:00+00:00,25976.55078125,25976.849609375,25964.80078125,25968.0,0
2026-02-11 05:20:00+00:00,25960.55078125,25978.599609375,25960.099609375,25975.75,0
2026-02-11 05:25:00+00:00,25961.25,25964.69921875,25955.80078125,25960.69921875,0
2026-02-11 05:30:00+00:00,25966.650390625,25966.650390625,25954.19921875,25961.94921875,0
2026-02-11 05:35:00+00:00,25942.55078125,25971.650390625,25938.900390625,25966.75,0
2026-02-11 05:40:00+00:00,25956.94921875,25959.30078125,25940.69921875,25941.900390625,0
2026-02-11 05:45:00+00:00,25955.900390625,25967.900390625,25953.599609375,25957.400390625,0
2026-02-11 05:50:00+00:00,25959.900390625,25963.599609375,25947.400390625,25955.19921875,0
2026-02-11 05:55:00+00:00,25957.69921875,25964.599609375,25955.5,25960.25,0
2026-02-11 06:00:00+00:00,25972.25,25977.849609375,25953.650390625,25957.69921875,0
2026-02-11 06:05:00+00:00,25967.900390625,25979.05078125,25967.25,25972.599609375,0
2026-02-11 06:10:00+00:00,25956.150390625,25970.30078125,25955.599609375,25967.849609375,0
2026-02-11 06:15:00+00:00,25961.349609375,25964.150390625,25953.30078125,25956.44921875,0
2026-02-11 06:20:00+00:00,25958.05078125,25964.349609375,25949.599609375,25961.849609375,0
2026-02-11 06:25:00+00:00,25946.75,25969.349609375,25945.5,25958.650390625,0
2026-02-11 06:30:00+00:00,25955.69921875,25960.94921875,25944.900390625,25947.55078125,0
2026-02-11 06:35:00+00:00,25942.44921875,25956.900390625,25933.94921875,25955.900390625,0
2026-02-11 06:40:00+00:00,25953.94921875,25960.05078125,25942.349609375,25942.349609375,0
2026-02-11 06:45:00+00:00,25942.849609375,25955.44921875,25940.0,25954.44921875,0
2026-02-11 06:50:00+00:00,25937.650390625,25945.55078125,25936.05078125,25942.80078125,0
2026-02-11 06:55:00+00:00,25939.69921875,25943.05078125,25935.80078125,25938.099609375,0
2026-02-11 07:00:00+00:00,25926.25,25945.099609375,25926.05078125,25940.05078125,0
2026-02-11 07:05:00+00:00,25917.05078125,25936.150390625,25914.80078125,25926.80078125,0
2026-02-11 07:10:00+00:00,25911.19921875,25925.349609375,25900.19921875,25916.55078125,0
2026-02-11 07:15:00+00:00,25916.0,25917.650390625,25900.900390625,25911.19921875,0
2026-02-11 07:20:00+00:00,25926.19921875,25927.400390625,25911.650390625,25915.69921875,0
2026-02-11 07:25:00+00:00,25927.400390625,25936.44921875,25920.05078125,25925.900390625,0
2026-02-11 07:30:00+00:00,25914.25,25928.19921875,25907.599609375,25928.19921875,0
2026-02-11 07:35:00+00:00,25926.099609375,25929.599609375,25912.900390625,25913.349609375,0
2026-02-11 07:40:00+00:00,25923.75,25931.099609375,25917.80078125,25925.150390625,0
2026-02-11 07:45:00+00:00,25928.900390625,25930.30078125,25920.099609375,25923.94921875,0
2026-02-11 07:50:00+00:00,25931.25,25939.30078125,25923.19921875,25928.900390625,0
2026-02-11 07:55:00+00:00,25945.05078125,25945.650390625,25931.69921875,25931.69921875,0
2026-02-11 08:00:00+00:00,25949.19921875,25952.099609375,25939.900390625,25944.69921875,0
2026-02-11 08:05:00+00:00,25957.349609375,25959.75,25945.099609375,25949.650390625,0
2026-02-11 08:10:00+00:00,25955.349609375,25969.19921875,25954.30078125,25958.099609375,0
2026-02-11 08:15:00+00:00,25939.30078125,25956.30078125,25939.0,25955.099609375,0
2026-02-11 08:20:00+00:00,25932.05078125,25940.19921875,25927.5,25938.25,0
2026-02-11 08:25:00+00:00,25932.599609375,25939.94921875,25930.19921875,25931.650390625,0
2026-02-11 08:30:00+00:00,25938.5,25943.30078125,25925.55078125,25932.05078125,0
2026-02-11 08:35:00+00:00,25937.5,25944.349609375,25934.44921875,25938.19921875,0
2026-02-11 08:40:00+00:00,25956.19921875,25956.80078125,25936.69921875,25936.80078125,0
2026-02-11 08:45:00+00:00,25958.400390625,25964.099609375,25955.44921875,25955.94921875,0
2026-02-11 08:50:00+00:00,25945.0,25960.19921875,25939.69921875,25958.05078125,0
2026-02-11 08:55:00+00:00,25944.849609375,25954.55078125,25942.80078125,25944.900390625,0
2026-02-11 09:00:00+00:00,25952.44921875,25952.44921875,25937.19921875,25944.400390625,0
2026-02-11 09:05:00+00:00,25944.80078125,25954.05078125,25943.5,25951.849609375,0
2026-02-11 09:10:00+00:00,25944.900390625,25947.849609375,25938.849609375,25944.650390625,0
2026-02-11 09:15:00+00:00,25943.30078125,25952.25,25940.30078125,25945.44921875,0
2026-02-11 09:20:00+00:00,25946.30078125,25951.75,25940.599609375,25942.849609375,0
2026-02-11 09:25:00+00:00,25944.94921875,25955.94921875,25943.599609375,25946.30078125,0
2026-02-11 09:30:00+00:00,25956.099609375,25970.75,25944.650390625,25944.650390625,0
2026-02-11 09:35:00+00:00,25951.75,25958.75,25948.69921875,25956.80078125,0
2026-02-11 09:40:00+00:00,25955.900390625,25958.150390625,25948.900390625,25952.94921875,0
2026-02-11 09:45:00+00:00,25955.25,25958.650390625,25950.900390625,25957.94921875,0
2026-02-11 09:50:00+00:00,25949.0,25956.900390625,25946.400390625,25956.900390625,0
2026-02-11 09:55:00+00:00,25945.349609375,25952.849609375,25939.75,25950.44921875,0
2026-02-12 03:45:00+00:00,25855.25,25892.30078125,25848.05078125,25892.30078125,0
2026-02-12 03:50:00+00:00,25843.900390625,25861.05078125,25837.69921875,25857.69921875,0
2026-02-12 03:55:00+00:00,25833.75,25850.94921875,25832.05078125,25845.25,0
2026-02-12 04:00:00+00:00,25838.349609375,25841.349609375,25823.80078125,25835.80078125,0
2026-02-12 04:05:00+00:00,25842.25,25847.94921875,25829.80078125,25839.599609375,0
2026-02-12 04:10:00+00:00,25844.650390625,25847.19921875,25830.400390625,25842.55078125,0
2026-02-12 04:15:00+00:00,25854.69921875,25862.75,25828.400390625,25844.849609375,0
2026-02-12 04:20:00+00:00,25860.400390625,25865.94921875,25851.44921875,25859.0,0
2026-02-12 04:25:00+00:00,25865.099609375,25872.349609375,25857.650390625,25861.099609375,0
2026-02-12 04:30:00+00:00,25871.099609375,25875.75,25857.849609375,25867.5,0
2026-02-12 04:35:00+00:00,25865.0,25875.25,25849.900390625,25871.55078125,0
2026-02-12 04:40:00+00:00,25880.849609375,25880.900390625,25854.80078125,25866.400390625,0
2026-02-12 04:45:00+00:00,25876.30078125,25882.599609375,25865.25,25881.80078125,0
2026-02-12 04:50:00+00:00,25875.30078125,25881.650390625,25870.849609375,25876.44921875,0
2026-02-12 04:55:00+00:00,25867.19921875,25876.05078125,25859.400390625,25876.05078125,0
2026-02-12 05:00:00+00:00,25872.80078125,25874.150390625,25860.94921875,25867.349609375,0
2026-02-12 05:05:00+00:00,25859.75,25876.0,25850.599609375,25873.5,0
2026-02-12 05:10:00+00:00,25859.30078125,25865.80078125,25855.69921875,25861.25,0
2026-02-12 05:15:00+00:00,25856.80078125,25865.55078125,25852.75,25859.30078125,0
2026-02-12 05:20:00+00:00,25853.099609375,25857.900390625,25848.69921875,25857.900390625,0
2026-02-12 05:25:00+00:00,25853.599609375,25861.900390625,25852.650390625,25853.400390625,0
2026-02-12 05:30:00+00:00,25856.69921875,25860.900390625,25851.19921875,25853.599609375,0
2026-02-12 05:35:00+00:00,25853.900390625,25861.80078125,25843.150390625,25857.25,0
2026-02-12 05:40:00+00:00,25849.150390625,25857.400390625,25846.849609375,25854.5,0
2026-02-12 05:45:00+00:00,25840.099609375,25849.55078125,25833.349609375,25849.55078125,0
2026-02-12 05:50:00+00:00,25833.5,25840.849609375,25824.19921875,25840.849609375,0
2026-02-12 05:55:00+00:00,25831.099609375,25838.099609375,25827.05078125,25834.599609375,0
2026-02-12 06:00:00+00:00,25821.150390625,25833.900390625,25816.849609375,25833.900390625,0
2026-02-12 06:05:00+00:00,25817.599609375,25826.099609375,25813.900390625,25822.25,0
2026-02-12 06:10:00+00:00,25828.400390625,25831.849609375,25815.69921875,25820.599609375,0
2026-02-12 06:15:00+00:00,25827.099609375,25836.099609375,25826.19921875,25828.150390625,0
2026-02-12 06:20:00+00:00,25814.75,25828.19921875,25808.75,25827.900390625,0
2026-02-12 06:25:00+00:00,25826.30078125,25827.849609375,25810.75,25815.900390625,0
2026-02-12 06:30:00+00:00,25815.150390625,25830.44921875,25806.849609375,25827.05078125,0
2026-02-12 06:35:00+00:00,25828.0,25828.0,25812.400390625,25816.099609375,0
2026-02-12 06:40:00+00:00,25828.900390625,25832.400390625,25823.349609375,25828.349609375,0
2026-02-12 06:45:00+00:00,25836.25,25838.44921875,25827.94921875,25829.80078125,0
2026-02-12 06:50:00+00:00,25836.599609375,25839.69921875,25831.19921875,25838.349609375,0
2026-02-12 06:55:00+00:00,25832.150390625,25837.69921875,25830.94921875,25836.80078125,0
2026-02-12 07:00:00+00:00,25842.349609375,25846.650390625,25831.849609375,25834.900390625,0
2026-02-12 07:05:00+00:00,25838.099609375,25843.5,25835.400390625,25843.05078125,0
2026-02-12 07:10:00+00:00,25844.44921875,25847.05078125,25834.05078125,25839.69921875,0
2026-02-12 07:15:00+00:00,25844.80078125,25852.25,25839.94921875,25845.599609375,0
2026-02-12 07:20:00+00:00,25853.5,25854.0,25843.400390625,25845.650390625,0
2026-02-12 07:25:00+00:00,25853.75,25859.5,25849.150390625,25854.150390625,0
2026-02-12 07:30:00+00:00,25854.94921875,25859.849609375,25847.849609375,25854.55078125,0
2026-02-12 07:35:00+00:00,25854.80078125,25854.80078125,25854.80078125,25854.80078125,0
2026-02-12 07:40:00+00:00,25835.75,25843.650390625,25830.0,25840.5,0
2026-02-12 07:45:00+00:00,25851.599609375,25863.55078125,25831.55078125,25836.44921875,0
2026-02-12 07:50:00+00:00,25860.44921875,25861.75,25830.75,25853.19921875,0
2026-02-12 07:55:00+00:00,25855.44921875,25879.30078125,25853.44921875,25861.05078125,0
2026-02-12 08:00:00+00:00,25849.44921875,25859.099609375,25842.849609375,25857.400390625,0
2026-02-12 08:05:00+00:00,25859.80078125,25861.75,25845.349609375,25850.099609375,0
2026-02-12 08:10:00+00:00,25844.849609375,25862.0,25841.30078125,25862.0,0
2026-02-12 08:15:00+00:00,25817.5,25847.349609375,25817.0,25845.05078125,0
2026-02-12 08:20:00+00:00,25821.650390625,25821.650390625,25805.849609375,25817.75,0
2026-02-12 08:25:00+00:00,25816.94921875,25824.55078125,25815.349609375,25822.400390625,0
2026-02-12 08:30:00+00:00,25817.80078125,25820.849609375,25807.25,25817.19921875,0
2026-02-12 08:35:00+00:00,25817.69921875,25822.5,25814.150390625,25817.900390625,0
2026-02-12 08:40:00+00:00,25817.55078125,25821.599609375,25812.650390625,25817.80078125,0
2026-02-12 08:45:00+00:00,25807.900390625,25818.349609375,25804.0,25818.19921875,0
2026-02-12 08:50:00+00:00,25833.349609375,25836.349609375,25806.75,25807.94921875,0
2026-02-12 08:55:00+00:00,25823.69921875,25837.849609375,25820.30078125,25833.75,0
2026-02-12 09:00:00+00:00,25823.900390625,25829.55078125,25818.5,25823.400390625,0
2026-02-12 09:05:00+00:00,25808.19921875,25829.650390625,25804.0,25823.44921875,0
2026-02-12 09:10:00+00:00,25797.30078125,25819.5,25795.0,25808.75,0
2026-02-12 09:15:00+00:00,25759.0,25798.75,25752.400390625,25796.94921875,0
2026-02-12 09:20:00+00:00,25775.400390625,25776.69921875,25754.900390625,25760.599609375,0
2026-02-12 09:25:00+00:00,25785.5,25788.150390625,25775.099609375,25776.349609375,0
2026-02-12 09:30:00+00:00,25823.94921875,25840.69921875,25788.400390625,25788.94921875,0
2026-02-12 09:35:00+00:00,25821.400390625,25826.900390625,25791.150390625,25823.19921875,0
2026-02-12 09:40:00+00:00,25807.44921875,25821.69921875,25802.400390625,25820.900390625,0
2026-02-12 09:45:00+00:00,25810.55078125,25814.80078125,25797.44921875,25805.349609375,0
2026-02-12 09:50:00+00:00,25799.5,25811.599609375,25795.5,25809.400390625,0
2026-02-12 09:55:00+00:00,25796.150390625,25803.650390625,25790.400390625,25796.349609375,0
2026-02-13 03:45:00+00:00,25596.400390625,25625.099609375,25563.650390625,25578.599609375,0
2026-02-13 03:50:00+00:00,25602.650390625,25605.650390625,25580.099609375,25597.099609375,0
2026-02-13 03:55:00+00:00,25585.69921875,25605.0,25583.94921875,25605.0,0
2026-02-13 04:00:00+00:00,25547.69921875,25586.099609375,25545.55078125,25586.099609375,0
2026-02-13 04:05:00+00:00,25538.30078125,25550.900390625,25534.650390625,25549.0,0
2026-02-13 04:10:00+00:00,25560.849609375,25566.25,25525.900390625,25537.400390625,0
2026-02-13 04:15:00+00:00,25544.25,25564.44921875,25541.05078125,25560.75,0
2026-02-13 04:20:00+00:00,25553.650390625,25565.30078125,25537.05078125,25543.19921875,0
2026-02-13 04:25:00+00:00,25534.44921875,25555.05078125,25531.5,25553.150390625,0
2026-02-13 04:30:00+00:00,25549.0,25550.69921875,25532.5,25534.650390625,0
2026-02-13 04:35:00+00:00,25534.94921875,25550.5,25531.69921875,25549.849609375,0
2026-02-13 04:40:00+00:00,25531.75,25546.94921875,25529.349609375,25535.80078125,0
2026-02-13 04:45:00+00:00,25526.25,25533.05078125,25513.55078125,25531.5,0
2026-02-13 04:50:00+00:00,25538.900390625,25540.69921875,25524.0,25527.0,0
2026-02-13 04:55:00+00:00,25548.94921875,25553.25,25538.55078125,25539.75,0
2026-02-13 05:00:00+00:00,25567.30078125,25572.150390625,25548.25,25548.55078125,0
2026-02-13 05:05:00+00:00,25579.400390625,25581.650390625,25562.69921875,25567.25,0
2026-02-13 05:10:00+00:00,25574.099609375,25584.30078125,25570.25,25578.94921875,0
2026-02-13 05:15:00+00:00,25558.099609375,25573.75,25557.849609375,25573.30078125,0
2026-02-13 05:20:00+00:00,25559.849609375,25566.30078125,25543.94921875,25558.150390625,0
2026-02-13 05:25:00+00:00,25560.5,25574.599609375,25557.849609375,25560.0,0
2026-02-13 05:30:00+00:00,25545.349609375,25563.75,25544.099609375,25561.900390625,0
2026-02-13 05:35:00+00:00,25536.400390625,25547.349609375,25533.05078125,25545.400390625,0
2026-02-13 05:40:00+00:00,25554.19921875,25554.19921875,25536.69921875,25537.150390625,0
2026-02-13 05:45:00+00:00,25532.19921875,25555.94921875,25526.099609375,25553.69921875,0
2026-02-13 05:50:00+00:00,25533.099609375,25536.400390625,25522.80078125,25531.900390625,0
2026-02-13 05:55:00+00:00,25548.80078125,25550.650390625,25531.099609375,25533.099609375,0
2026-02-13 06:00:00+00:00,25530.05078125,25549.69921875,25529.25,25548.849609375,0
2026-02-13 06:05:00+00:00,25531.25,25537.44921875,25526.5,25531.349609375,0
2026-02-13 06:10:00+00:00,25549.599609375,25551.05078125,25525.05078125,25530.900390625,0
2026-02-13 06:15:00+00:00,25548.44921875,25554.849609375,25543.400390625,25550.80078125,0
2026-02-13 06:20:00+00:00,25551.80078125,25557.0,25544.55078125,25548.849609375,0
2026-02-13 06:25:00+00:00,25558.849609375,25561.25,25548.19921875,25552.400390625,0
2026-02-13 06:30:00+00:00,25562.650390625,25568.5,25554.94921875,25559.0,0
2026-02-13 06:35:00+00:00,25568.80078125,25575.55078125,25560.599609375,25562.150390625,0
2026-02-13 06:40:00+00:00,25573.400390625,25576.69921875,25562.150390625,25568.55078125,0
2026-02-13 06:45:00+00:00,25572.30078125,25576.150390625,25557.69921875,25573.5,0
2026-02-13 06:50:00+00:00,25580.30078125,25582.44921875,25569.150390625,25572.599609375,0
2026-02-13 06:55:00+00:00,25585.30078125,25604.25,25578.19921875,25580.44921875,0
2026-02-13 07:00:00+00:00,25602.44921875,25606.05078125,25576.5,25585.80078125,0
2026-02-13 07:05:00+00:00,25593.25,25602.75,25581.900390625,25602.5,0
2026-02-13 07:10:00+00:00,25584.0,25594.599609375,25579.349609375,25593.5,0
2026-02-13 07:15:00+00:00,25571.599609375,25596.849609375,25570.0,25585.150390625,0
2026-02-13 07:20:00+00:00,25556.94921875,25571.55078125,25553.69921875,25571.55078125,0
2026-02-13 07:25:00+00:00,25542.05078125,25560.05078125,25537.599609375,25557.099609375,0
2026-02-13 07:30:00+00:00,25542.5,25553.05078125,25534.099609375,25542.94921875,0
2026-02-13 07:35:00+00:00,25549.099609375,25549.30078125,25531.650390625,25542.80078125,0
2026-02-13 07:40:00+00:00,25574.69921875,25578.0,25548.19921875,25549.900390625,0
2026-02-13 07:45:00+00:00,25585.150390625,25586.849609375,25570.19921875,25575.650390625,0
2026-02-13 07:50:00+00:00,25553.19921875,25584.75,25552.0,25584.599609375,0
2026-02-13 07:55:00+00:00,25546.650390625,25554.150390625,25541.650390625,25554.05078125,0
2026-02-13 08:00:00+00:00,25542.400390625,25552.5,25533.19921875,25546.900390625,0
2026-02-13 08:05:00+00:00,25546.94921875,25553.400390625,25541.44921875,25542.94921875,0
2026-02-13 08:10:00+00:00,25539.19921875,25553.80078125,25538.650390625,25548.19921875,0
2026-02-13 08:15:00+00:00,25510.30078125,25540.150390625,25505.650390625,25538.900390625,0
2026-02-13 08:20:00+00:00,25517.150390625,25517.599609375,25500.400390625,25510.5,0
2026-02-13 08:25:00+00:00,25524.5,25531.19921875,25516.69921875,25517.05078125,0
2026-02-13 08:30:00+00:00,25526.25,25530.849609375,25513.69921875,25525.150390625,0
2026-02-13 08:35:00+00:00,25518.900390625,25539.25,25515.55078125,25526.099609375,0
2026-02-13 08:40:00+00:00,25534.599609375,25535.349609375,25513.599609375,25518.5,0
2026-02-13 08:45:00+00:00,25527.94921875,25538.400390625,25524.80078125,25535.0,0
2026-02-13 08:50:00+00:00,25527.30078125,25535.650390625,25515.30078125,25528.25,0
2026-02-13 08:55:00+00:00,25530.94921875,25536.650390625,25526.69921875,25527.0,0
2026-02-13 09:00:00+00:00,25510.900390625,25534.55078125,25510.05078125,25531.150390625,0
2026-02-13 09:05:00+00:00,25513.849609375,25521.400390625,25499.650390625,25511.05078125,0
2026-02-13 09:10:00+00:00,25511.75,25518.44921875,25503.0,25514.0,0
2026-02-13 09:15:00+00:00,25508.150390625,25516.5,25504.900390625,25511.44921875,0
2026-02-13 09:20:00+00:00,25515.349609375,25521.5,25502.19921875,25507.55078125,0
2026-02-13 09:25:00+00:00,25521.25,25528.30078125,25512.900390625,25515.650390625,0
2026-02-13 09:30:00+00:00,25496.44921875,25527.55078125,25489.849609375,25521.94921875,0
2026-02-13 09:35:00+00:00,25483.80078125,25498.75,25473.150390625,25495.900390625,0
2026-02-13 09:40:00+00:00,25477.19921875,25489.5,25476.19921875,25482.5,0
2026-02-13 09:45:00+00:00,25485.05078125,25487.900390625,25472.900390625,25475.55078125,0
2026-02-13 09:50:00+00:00,25468.150390625,25489.80078125,25464.0,25487.19921875,0
2026-02-13 09:55:00+00:00,25460.55078125,25470.900390625,25445.599609375,25470.900390625,0
2026-02-16 03:45:00+00:00,25472.19921875,25472.19921875,25376.05078125,25427.44921875,0
2026-02-16 03:50:00+00:00,25480.650390625,25491.94921875,25461.349609375,25473.05078125,0
2026-02-16 03:55:00+00:00,25472.25,25484.44921875,25453.650390625,25482.599609375,0
2026-02-16 04:00:00+00:00,25521.900390625,25527.5,25472.69921875,25473.55078125,0
2026-02-16 04:05:00+00:00,25495.94921875,25522.69921875,25489.55078125,25522.69921875,0
2026-02-16 04:10:00+00:00,25460.75,25496.599609375,25458.150390625,25495.849609375,0
2026-02-16 04:15:00+00:00,25455.05078125,25471.849609375,25447.849609375,25460.25,0
2026-02-16 04:20:00+00:00,25466.599609375,25466.599609375,25431.900390625,25454.80078125,0
2026-02-16 04:25:00+00:00,25496.650390625,25497.94921875,25463.69921875,25466.349609375,0
2026-02-16 04:30:00+00:00,25527.150390625,25533.55078125,25497.5,25497.5,0
2026-02-16 04:35:00+00:00,25521.400390625,25533.400390625,25512.0,25527.30078125,0
2026-02-16 04:40:00+00:00,25551.44921875,25555.849609375,25517.80078125,25522.05078125,0
2026-02-16 04:45:00+00:00,25550.150390625,25561.150390625,25541.900390625,25551.44921875,0
2026-02-16 04:50:00+00:00,25526.80078125,25551.80078125,25526.349609375,25550.55078125,0
2026-02-16 04:55:00+00:00,25525.849609375,25532.400390625,25518.900390625,25526.099609375,0
2026-02-16 05:00:00+00:00,25531.349609375,25540.25,25520.5,25526.19921875,0
2026-02-16 05:05:00+00:00,25526.55078125,25538.349609375,25522.19921875,25533.599609375,0
2026-02-16 05:10:00+00:00,25526.25,25540.099609375,25521.0,25527.30078125,0
2026-02-16 05:15:00+00:00,25518.599609375,25536.0,25516.5,25526.44921875,0
2026-02-16 05:20:00+00:00,25513.599609375,25525.69921875,25508.80078125,25516.75,0
2026-02-16 05:25:00+00:00,25523.05078125,25525.650390625,25508.19921875,25512.69921875,0
2026-02-16 05:30:00+00:00,25530.900390625,25533.44921875,25507.150390625,25523.55078125,0
2026-02-16 05:35:00+00:00,25531.94921875,25537.099609375,25525.849609375,25530.900390625,0
2026-02-16 05:40:00+00:00,25534.55078125,25534.69921875,25523.94921875,25531.650390625,0
2026-02-16 05:45:00+00:00,25533.849609375,25540.69921875,25527.30078125,25533.849609375,0
2026-02-16 05:50:00+00:00,25541.400390625,25544.55078125,25530.69921875,25534.650390625,0
2026-02-16 05:55:00+00:00,25517.80078125,25547.150390625,25511.349609375,25541.44921875,0
2026-02-16 06:00:00+00:00,25519.400390625,25531.30078125,25513.900390625,25518.099609375,0
2026-02-16 06:05:00+00:00,25528.19921875,25531.400390625,25513.599609375,25520.650390625,0
2026-02-16 06:10:00+00:00,25523.650390625,25531.55078125,25518.900390625,25528.5,0
2026-02-16 06:15:00+00:00,25515.599609375,25522.5,25503.05078125,25521.05078125,0
2026-02-16 06:20:00+00:00,25509.099609375,25517.400390625,25506.80078125,25515.099609375,0
2026-02-16 06:25:00+00:00,25529.099609375,25529.650390625,25507.650390625,25509.0,0
2026-02-16 06:30:00+00:00,25535.599609375,25538.75,25528.849609375,25529.099609375,0
2026-02-16 06:35:00+00:00,25539.30078125,25542.80078125,25531.599609375,25535.55078125,0
2026-02-16 06:40:00+00:00,25545.69921875,25555.19921875,25539.599609375,25539.599609375,0
2026-02-16 06:45:00+00:00,25561.25,25565.5,25532.94921875,25545.400390625,0
2026-02-16 06:50:00+00:00,25559.80078125,25566.44921875,25552.05078125,25562.5,0
2026-02-16 06:55:00+00:00,25576.05078125,25576.05078125,25554.400390625,25560.94921875,0
2026-02-16 07:00:00+00:00,25584.30078125,25587.80078125,25572.150390625,25576.400390625,0
2026-02-16 07:05:00+00:00,25574.599609375,25590.5,25574.05078125,25585.05078125,0
2026-02-16 07:10:00+00:00,25577.80078125,25583.900390625,25572.0,25575.0,0
2026-02-16 07:15:00+00:00,25554.0,25582.349609375,25553.150390625,25578.94921875,0
2026-02-16 07:20:00+00:00,25565.80078125,25571.599609375,25553.150390625,25554.80078125,0
2026-02-16 07:25:00+00:00,25556.849609375,25573.650390625,25550.650390625,25566.69921875,0
2026-02-16 07:30:00+00:00,25570.650390625,25580.94921875,25555.19921875,25556.599609375,0
2026-02-16 07:35:00+00:00,25576.849609375,25578.0,25564.900390625,25570.05078125,0
2026-02-16 07:40:00+00:00,25571.349609375,25584.849609375,25570.900390625,25576.19921875,0
2026-02-16 07:45:00+00:00,25567.94921875,25575.55078125,25564.80078125,25571.44921875,0
2026-02-16 07:50:00+00:00,25574.75,25581.0,25564.349609375,25566.75,0
2026-02-16 07:55:00+00:00,25581.69921875,25584.0,25569.0,25574.900390625,0
2026-02-16 08:00:00+00:00,25576.25,25584.19921875,25566.349609375,25582.400390625,0
2026-02-16 08:05:00+00:00,25590.150390625,25592.44921875,25575.94921875,25577.25,0
2026-02-16 08:10:00+00:00,25590.599609375,25593.099609375,25583.900390625,25590.599609375,0
2026-02-16 08:15:00+00:00,25582.400390625,25593.900390625,25580.44921875,25590.69921875,0
2026-02-16 08:20:00+00:00,25567.30078125,25589.900390625,25567.30078125,25580.849609375,0
2026-02-16 08:25:00+00:00,25566.0,25569.55078125,25544.849609375,25567.400390625,0
2026-02-16 08:30:00+00:00,25576.349609375,25585.400390625,25564.25,25565.0,0
2026-02-16 08:35:00+00:00,25562.0,25580.19921875,25560.849609375,25577.150390625,0
2026-02-16 08:40:00+00:00,25580.349609375,25582.5,25560.5,25563.44921875,0
2026-02-16 08:45:00+00:00,25575.25,25587.5,25574.0,25581.099609375,0
2026-02-16 08:50:00+00:00,25583.94921875,25584.900390625,25575.150390625,25575.5,0
2026-02-16 08:55:00+00:00,25620.400390625,25623.55078125,25582.849609375,25583.80078125,0
2026-02-16 09:00:00+00:00,25648.900390625,25648.900390625,25620.349609375,25620.75,0
2026-02-16 09:05:00+00:00,25636.349609375,25654.80078125,25634.349609375,25647.55078125,0
2026-02-16 09:10:00+00:00,25646.25,25648.69921875,25631.55078125,25636.0,0
2026-02-16 09:15:00+00:00,25665.0,25668.94921875,25639.80078125,25645.75,0
2026-02-16 09:20:00+00:00,25651.349609375,25665.900390625,25643.900390625,25665.30078125,0
2026-02-16 09:25:00+00:00,25663.44921875,25666.19921875,25647.900390625,25651.599609375,0
2026-02-16 09:30:00+00:00,25686.650390625,25687.30078125,25661.55078125,25661.55078125,0
2026-02-16 09:35:00+00:00,25688.650390625,25693.0,25678.5,25684.75,0
2026-02-16 09:40:00+00:00,25686.75,25695.849609375,25682.349609375,25687.099609375,0
2026-02-16 09:45:00+00:00,25680.94921875,25689.0,25676.80078125,25687.05078125,0
2026-02-16 09:50:00+00:00,25687.599609375,25692.75,25675.5,25678.25,0
2026-02-16 09:55:00+00:00,25682.44921875,25691.94921875,25673.0,25689.349609375,0
2026-02-17 03:45:00+00:00,25612.44921875,25644.5,25591.69921875,25644.5,0
2026-02-17 03:50:00+00:00,25579.69921875,25610.44921875,25574.69921875,25610.44921875,0
2026-02-17 03:55:00+00:00,25592.80078125,25598.400390625,25570.69921875,25578.849609375,0
2026-02-17 04:00:00+00:00,25612.400390625,25616.5,25578.69921875,25593.099609375,0
2026-02-17 04:05:00+00:00,25616.599609375,25616.650390625,25584.05078125,25613.849609375,0
2026-02-17 04:10:00+00:00,25642.94921875,25644.75,25601.400390625,25615.05078125,0
2026-02-17 04:15:00+00:00,25641.55078125,25645.650390625,25632.400390625,25642.19921875,0
2026-02-17 04:20:00+00:00,25662.30078125,25664.400390625,25633.099609375,25641.19921875,0
2026-02-17 04:25:00+00:00,25663.150390625,25675.55078125,25652.900390625,25662.0,0
2026-02-17 04:30:00+00:00,25662.25,25667.400390625,25651.30078125,25662.25,0
2026-02-17 04:35:00+00:00,25665.44921875,25671.849609375,25656.94921875,25662.0,0
2026-02-17 04:40:00+00:00,25679.25,25681.400390625,25659.400390625,25665.80078125,0
2026-02-17 04:45:00+00:00,25690.69921875,25692.150390625,25666.150390625,25679.400390625,0
2026-02-17 04:50:00+00:00,25694.650390625,25697.94921875,25687.55078125,25690.44921875,0
2026-02-17 04:55:00+00:00,25724.400390625,25728.5,25692.05078125,25694.599609375,0
2026-02-17 05:00:00+00:00,25710.5,25730.099609375,25706.150390625,25724.099609375,0
2026-02-17 05:05:00+00:00,25692.80078125,25710.0,25691.94921875,25709.94921875,0
2026-02-17 05:10:00+00:00,25661.30078125,25697.349609375,25657.19921875,25692.44921875,0
2026-02-17 05:15:00+00:00,25656.650390625,25668.05078125,25642.75,25661.599609375,0
2026-02-17 05:20:00+00:00,25656.599609375,25658.150390625,25649.19921875,25657.099609375,0
2026-02-17 05:25:00+00:00,25668.099609375,25669.150390625,25656.25,25656.55078125,0
2026-02-17 05:30:00+00:00,25666.55078125,25672.099609375,25658.19921875,25667.75,0
2026-02-17 05:35:00+00:00,25670.599609375,25674.94921875,25653.650390625,25666.80078125,0
2026-02-17 05:40:00+00:00,25673.099609375,25674.94921875,25661.400390625,25671.19921875,0
2026-02-17 05:45:00+00:00,25685.80078125,25690.25,25669.5,25673.94921875,0
2026-02-17 05:50:00+00:00,25688.0,25690.900390625,25679.05078125,25685.599609375,0
2026-02-17 05:55:00+00:00,25693.599609375,25695.55078125,25685.400390625,25689.0,0
2026-02-17 06:00:00+00:00,25721.44921875,25723.849609375,25687.55078125,25693.94921875,0
2026-02-17 06:05:00+00:00,25730.55078125,25745.349609375,25716.75,25721.19921875,0
2026-02-17 06:10:00+00:00,25722.349609375,25732.25,25708.5,25730.650390625,0
2026-02-17 06:15:00+00:00,25738.05078125,25741.650390625,25722.599609375,25722.75,0
2026-02-17 06:20:00+00:00,25741.599609375,25741.80078125,25733.05078125,25738.0,0
2026-02-17 06:25:00+00:00,25729.44921875,25741.80078125,25725.599609375,25741.400390625,0
2026-02-17 06:30:00+00:00,25724.0,25737.25,25722.150390625,25730.0,0
2026-02-17 06:35:00+00:00,25726.099609375,25732.69921875,25722.55078125,25723.75,0
2026-02-17 06:40:00+00:00,25721.69921875,25731.44921875,25718.80078125,25725.94921875,0
2026-02-17 06:45:00+00:00,25742.099609375,25744.349609375,25721.849609375,25722.55078125,0
2026-02-17 06:50:00+00:00,25747.400390625,25751.0,25737.44921875,25741.94921875,0
2026-02-17 06:55:00+00:00,25733.650390625,25753.55078125,25730.44921875,25747.349609375,0
2026-02-17 07:00:00+00:00,25735.69921875,25740.099609375,25728.099609375,25733.900390625,0
2026-02-17 07:05:00+00:00,25733.75,25737.55078125,25725.349609375,25735.5,0
2026-02-17 07:10:00+00:00,25738.69921875,25741.25,25728.55078125,25732.80078125,0
2026-02-17 07:15:00+00:00,25741.0,25742.150390625,25736.099609375,25738.25,0
2026-02-17 07:20:00+00:00,25753.94921875,25760.599609375,25737.099609375,25740.599609375,0
2026-02-17 07:25:00+00:00,25733.80078125,25755.599609375,25732.19921875,25752.55078125,0
2026-02-17 07:30:00+00:00,25717.05078125,25739.650390625,25717.05078125,25733.599609375,0
2026-02-17 07:35:00+00:00,25759.44921875,25761.44921875,25713.900390625,25716.25,0
2026-02-17 07:40:00+00:00,25736.349609375,25763.900390625,25728.55078125,25760.05078125,0
2026-02-17 07:45:00+00:00,25736.099609375,25739.650390625,25725.75,25736.25,0
2026-02-17 07:50:00+00:00,25740.400390625,25748.0,25735.05078125,25735.05078125,0
2026-02-17 07:55:00+00:00,25740.099609375,25742.099609375,25735.099609375,25740.19921875,0
2026-02-17 08:00:00+00:00,25751.80078125,25759.94921875,25740.94921875,25740.94921875,0
2026-02-17 08:05:00+00:00,25742.25,25761.94921875,25738.05078125,25752.900390625,0
2026-02-17 08:10:00+00:00,25744.69921875,25754.099609375,25740.80078125,25742.599609375,0
2026-02-17 08:15:00+00:00,25735.150390625,25749.80078125,25730.900390625,25744.80078125,0
2026-02-17 08:20:00+00:00,25731.94921875,25741.599609375,25726.69921875,25735.25,0
2026-02-17 08:25:00+00:00,25698.849609375,25731.69921875,25696.75,25731.69921875,0
2026-02-17 08:30:00+00:00,25726.099609375,25732.80078125,25697.150390625,25699.44921875,0
2026-02-17 08:35:00+00:00,25710.5,25734.150390625,25710.05078125,25728.0,0
2026-02-17 08:40:00+00:00,25670.94921875,25710.650390625,25667.80078125,25710.650390625,0
2026-02-17 08:45:00+00:00,25697.19921875,25703.900390625,25662.599609375,25670.69921875,0
2026-02-17 08:50:00+00:00,25698.19921875,25705.80078125,25693.19921875,25696.849609375,0
2026-02-17 08:55:00+00:00,25683.349609375,25705.30078125,25683.05078125,25698.25,0
2026-02-17 09:00:00+00:00,25696.05078125,25697.099609375,25675.5,25686.099609375,0
2026-02-17 09:05:00+00:00,25724.25,25726.349609375,25691.849609375,25695.69921875,0
2026-02-17 09:10:00+00:00,25717.30078125,25733.44921875,25714.75,25723.19921875,0
2026-02-17 09:15:00+00:00,25708.94921875,25719.849609375,25704.80078125,25717.30078125,0
2026-02-17 09:20:00+00:00,25717.150390625,25718.650390625,25703.900390625,25709.849609375,0
2026-02-17 09:25:00+00:00,25711.900390625,25721.0,25691.150390625,25717.849609375,0
2026-02-17 09:30:00+00:00,25709.75,25746.30078125,25709.75,25713.099609375,0
2026-02-17 09:35:00+00:00,25741.849609375,25743.75,25703.0,25711.05078125,0
2026-02-17 09:40:00+00:00,25724.849609375,25744.349609375,25713.80078125,25743.900390625,0
2026-02-17 09:45:00+00:00,25720.349609375,25729.150390625,25714.849609375,25725.44921875,0
2026-02-17 09:50:00+00:00,25724.55078125,25731.849609375,25718.05078125,25720.5,0
2026-02-17 09:55:00+00:00,25716.0,25728.099609375,25713.80078125,25725.0,0
2026-02-18 03:45:00+00:00,25742.05078125,25754.650390625,25706.849609375,25754.650390625,0
2026-02-18 03:50:00+00:00,25704.5,25742.0,25704.5,25742.0,0
2026-02-18 03:55:00+00:00,25728.5,25738.19921875,25699.150390625,25705.400390625,0
2026-02-18 04:00:00+00:00,25731.44921875,25736.44921875,25711.94921875,25730.25,0
2026-02-18 04:05:00+00:00,25737.150390625,25745.400390625,25725.849609375,25731.80078125,0
2026-02-18 04:10:00+00:00,25741.849609375,25746.650390625,25732.44921875,25738.599609375,0
2026-02-18 04:15:00+00:00,25720.44921875,25744.44921875,25714.05078125,25741.849609375,0
2026-02-18 04:20:00+00:00,25702.349609375,25724.19921875,25699.349609375,25722.099609375,0
2026-02-18 04:25:00+00:00,25665.44921875,25702.0,25656.5,25701.849609375,0
2026-02-18 04:30:00+00:00,25666.44921875,25669.150390625,25651.05078125,25666.599609375,0
2026-02-18 04:35:00+00:00,25665.44921875,25674.849609375,25652.30078125,25668.30078125,0
2026-02-18 04:40:00+00:00,25661.94921875,25674.55078125,25658.5,25666.80078125,0
2026-02-18 04:45:00+00:00,25671.349609375,25675.0,25645.900390625,25663.849609375,0
2026-02-18 04:50:00+00:00,25670.30078125,25675.599609375,25659.849609375,25672.650390625,0
2026-02-18 04:55:00+00:00,25665.349609375,25671.05078125,25646.05078125,25670.94921875,0
2026-02-18 05:00:00+00:00,25673.0,25675.099609375,25659.349609375,25666.19921875,0
2026-02-18 05:05:00+00:00,25660.75,25684.69921875,25660.75,25673.349609375,0
2026-02-18 05:10:00+00:00,25660.75,25667.44921875,25654.69921875,25662.80078125,0
2026-02-18 05:15:00+00:00,25681.849609375,25683.599609375,25658.849609375,25661.900390625,0
2026-02-18 05:20:00+00:00,25691.650390625,25696.80078125,25678.599609375,25681.55078125,0
2026-02-18 05:25:00+00:00,25703.19921875,25708.0,25688.05078125,25692.19921875,0
2026-02-18 05:30:00+00:00,25706.150390625,25709.0,25698.650390625,25706.0,0
2026-02-18 05:35:00+00:00,25703.849609375,25706.650390625,25697.19921875,25706.0,0
2026-02-18 05:40:00+00:00,25700.05078125,25705.849609375,25689.30078125,25703.94921875,0
2026-02-18 05:45:00+00:00,25686.55078125,25701.80078125,25683.5,25700.69921875,0
2026-02-18 05:50:00+00:00,25688.0,25697.69921875,25685.80078125,25688.44921875,0
2026-02-18 05:55:00+00:00,25693.55078125,25697.55078125,25679.94921875,25687.69921875,0
2026-02-18 06:00:00+00:00,25713.650390625,25716.55078125,25687.599609375,25694.900390625,0
2026-02-18 06:05:00+00:00,25698.900390625,25716.400390625,25695.650390625,25711.599609375,0
2026-02-18 06:10:00+00:00,25686.900390625,25701.349609375,25676.55078125,25698.44921875,0
2026-02-18 06:15:00+00:00,25688.650390625,25690.55078125,25682.650390625,25687.5,0
2026-02-18 06:20:00+00:00,25695.55078125,25695.69921875,25687.400390625,25688.19921875,0
2026-02-18 06:25:00+00:00,25701.05078125,25701.900390625,25689.94921875,25695.5,0
2026-02-18 06:30:00+00:00,25704.5,25711.599609375,25697.150390625,25702.400390625,0
2026-02-18 06:35:00+00:00,25713.25,25718.400390625,25704.30078125,25705.44921875,0
2026-02-18 06:40:00+00:00,25709.849609375,25717.400390625,25708.69921875,25712.44921875,0
2026-02-18 06:45:00+00:00,25713.099609375,25721.55078125,25710.5,25710.5,0
2026-02-18 06:50:00+00:00,25720.30078125,25723.0,25711.94921875,25714.099609375,0
2026-02-18 06:55:00+00:00,25711.75,25722.94921875,25703.650390625,25720.400390625,0
2026-02-18 07:00:00+00:00,25722.69921875,25726.19921875,25709.900390625,25713.900390625,0
2026-02-18 07:05:00+00:00,25732.25,25734.400390625,25722.44921875,25722.44921875,0
2026-02-18 07:10:00+00:00,25726.349609375,25732.349609375,25718.05078125,25732.0,0
2026-02-18 07:15:00+00:00,25713.94921875,25729.55078125,25713.69921875,25725.099609375,0
2026-02-18 07:20:00+00:00,25726.80078125,25728.5,25711.900390625,25715.19921875,0
2026-02-18 07:25:00+00:00,25731.849609375,25733.900390625,25719.55078125,25726.55078125,0
2026-02-18 07:30:00+00:00,25737.0,25742.05078125,25722.150390625,25732.19921875,0
2026-02-18 07:35:00+00:00,25731.75,25742.05078125,25730.69921875,25736.69921875,0
2026-02-18 07:40:00+00:00,25731.5,25733.5,25718.400390625,25732.94921875,0
2026-02-18 07:45:00+00:00,25740.849609375,25745.599609375,25730.94921875,25730.94921875,0
2026-02-18 07:50:00+00:00,25744.849609375,25753.19921875,25739.55078125,25741.94921875,0
2026-02-18 07:55:00+00:00,25728.05078125,25746.849609375,25717.80078125,25745.150390625,0
2026-02-18 08:00:00+00:00,25727.55078125,25730.5,25722.94921875,25727.25,0
2026-02-18 08:05:00+00:00,25721.349609375,25730.94921875,25719.849609375,25726.19921875,0
2026-02-18 08:10:00+00:00,25724.69921875,25729.44921875,25718.099609375,25721.44921875,0
2026-02-18 08:15:00+00:00,25735.5,25739.19921875,25723.30078125,25724.599609375,0
2026-02-18 08:20:00+00:00,25700.0,25746.150390625,25699.150390625,25735.150390625,0
2026-02-18 08:25:00+00:00,25724.30078125,25726.55078125,25695.75,25699.19921875,0
2026-02-18 08:30:00+00:00,25725.44921875,25728.19921875,25719.94921875,25724.44921875,0
2026-02-18 08:35:00+00:00,25735.44921875,25735.44921875,25725.25,25726.55078125,0
2026-02-18 08:40:00+00:00,25756.80078125,25757.349609375,25733.05078125,25735.05078125,0
2026-02-18 08:45:00+00:00,25771.599609375,25771.69921875,25750.599609375,25756.94921875,0
2026-02-18 08:50:00+00:00,25790.55078125,25791.25,25770.69921875,25771.650390625,0
2026-02-18 08:55:00+00:00,25785.19921875,25792.44921875,25778.94921875,25789.900390625,0
2026-02-18 09:00:00+00:00,25779.099609375,25789.900390625,25774.69921875,25784.19921875,0
2026-02-18 09:05:00+00:00,25781.0,25793.05078125,25778.25,25778.80078125,0
2026-02-18 09:10:00+00:00,25779.80078125,25784.55078125,25774.30078125,25780.599609375,0
2026-02-18 09:15:00+00:00,25781.44921875,25781.94921875,25768.44921875,25779.650390625,0
2026-02-18 09:20:00+00:00,25787.44921875,25790.55078125,25778.30078125,25781.849609375,0
2026-02-18 09:25:00+00:00,25792.150390625,25796.05078125,25786.94921875,25786.94921875,0
2026-02-18 09:30:00+00:00,25814.55078125,25826.75,25794.75,25794.75,0
2026-02-18 09:35:00+00:00,25825.69921875,25825.69921875,25807.94921875,25813.650390625,0
2026-02-18 09:40:00+00:00,25821.94921875,25827.150390625,25818.5,25823.900390625,0
2026-02-18 09:45:00+00:00,25818.30078125,25827.44921875,25817.099609375,25820.05078125,0
2026-02-18 09:50:00+00:00,25817.30078125,25822.400390625,25814.099609375,25816.849609375,0
2026-02-18 09:55:00+00:00,25805.69921875,25818.94921875,25805.05078125,25815.44921875,0
2026-02-19 03:45:00+00:00,25853.900390625,25879.599609375,25837.099609375,25866.30078125,0
2026-02-19 03:50:00+00:00,25850.19921875,25877.349609375,25849.80078125,25853.650390625,0
2026-02-19 03:55:00+00:00,25817.650390625,25851.900390625,25811.80078125,25850.25,0
2026-02-19 04:00:00+00:00,25804.30078125,25821.150390625,25803.80078125,25817.75,0
2026-02-19 04:05:00+00:00,25790.650390625,25821.19921875,25780.25,25805.05078125,0
2026-02-19 04:10:00+00:00,25779.900390625,25792.05078125,25776.80078125,25790.75,0
2026-02-19 04:15:00+00:00,25809.25,25812.94921875,25773.900390625,25780.94921875,0
2026-02-19 04:20:00+00:00,25782.650390625,25810.55078125,25782.650390625,25808.30078125,0
2026-02-19 04:25:00+00:00,25772.849609375,25789.099609375,25769.849609375,25783.599609375,0
2026-02-19 04:30:00+00:00,25786.55078125,25786.55078125,25763.400390625,25772.55078125,0
2026-02-19 04:35:00+00:00,25779.599609375,25793.900390625,25776.05078125,25785.849609375,0
2026-02-19 04:40:00+00:00,25756.44921875,25783.30078125,25750.69921875,25778.650390625,0
2026-02-19 04:45:00+00:00,25756.849609375,25765.849609375,25747.44921875,25757.75,0
2026-02-19 04:50:00+00:00,25754.05078125,25761.75,25742.099609375,25757.30078125,0
2026-02-19 04:55:00+00:00,25746.69921875,25754.94921875,25733.650390625,25752.80078125,0
2026-02-19 05:00:00+00:00,25739.5,25752.400390625,25736.80078125,25746.75,0
2026-02-19 05:05:00+00:00,25716.400390625,25743.19921875,25714.099609375,25739.94921875,0
2026-02-19 05:10:00+00:00,25735.05078125,25739.5,25708.75,25716.599609375,0
2026-02-19 05:15:00+00:00,25723.150390625,25736.75,25718.05078125,25735.19921875,0
2026-02-19 05:20:00+00:00,25733.650390625,25737.0,25718.25,25722.94921875,0
2026-02-19 05:25:00+00:00,25734.849609375,25740.5,25719.94921875,25732.75,0
2026-02-19 05:30:00+00:00,25734.900390625,25746.0,25726.150390625,25734.75,0
2026-02-19 05:35:00+00:00,25726.94921875,25745.05078125,25726.25,25734.80078125,0
2026-02-19 05:40:00+00:00,25715.80078125,25736.849609375,25713.849609375,25727.30078125,0
2026-02-19 05:45:00+00:00,25705.650390625,25720.69921875,25703.849609375,25715.30078125,0
2026-02-19 05:50:00+00:00,25683.25,25709.75,25679.849609375,25705.150390625,0
2026-02-19 05:55:00+00:00,25688.650390625,25692.44921875,25681.150390625,25682.400390625,0
2026-02-19 06:00:00+00:00,25686.94921875,25693.099609375,25683.44921875,25687.69921875,0
2026-02-19 06:05:00+00:00,25684.599609375,25688.94921875,25671.900390625,25686.44921875,0
2026-02-19 06:10:00+00:00,25678.900390625,25685.650390625,25667.94921875,25683.650390625,0
2026-02-19 06:15:00+00:00,25664.44921875,25680.05078125,25658.849609375,25679.349609375,0
2026-02-19 06:20:00+00:00,25658.650390625,25664.650390625,25652.69921875,25664.5,0
2026-02-19 06:25:00+00:00,25658.69921875,25663.94921875,25650.849609375,25657.19921875,0
2026-02-19 06:30:00+00:00,25652.099609375,25661.599609375,25642.05078125,25658.650390625,0
2026-02-19 06:35:00+00:00,25637.75,25655.849609375,25637.099609375,25652.94921875,0
2026-02-19 06:40:00+00:00,25603.5,25636.55078125,25601.0,25636.55078125,0
2026-02-19 06:45:00+00:00,25611.400390625,25615.69921875,25586.849609375,25602.849609375,0
2026-02-19 06:50:00+00:00,25633.349609375,25639.69921875,25607.55078125,25611.80078125,0
2026-02-19 06:55:00+00:00,25626.0,25634.900390625,25614.05078125,25631.900390625,0
2026-02-19 07:00:00+00:00,25614.0,25630.69921875,25608.599609375,25625.400390625,0
2026-02-19 07:05:00+00:00,25593.80078125,25621.400390625,25591.849609375,25613.75,0
2026-02-19 07:10:00+00:00,25582.55078125,25602.55078125,25569.44921875,25594.19921875,0
2026-02-19 07:15:00+00:00,25584.05078125,25585.55078125,25568.19921875,25580.69921875,0
2026-02-19 07:20:00+00:00,25592.19921875,25613.400390625,25580.05078125,25584.44921875,0
2026-02-19 07:25:00+00:00,25597.5,25602.400390625,25590.0,25593.349609375,0
2026-02-19 07:30:00+00:00,25598.44921875,25599.94921875,25586.25,25598.400390625,0
2026-02-19 07:35:00+00:00,25628.0,25629.80078125,25597.5,25597.75,0
2026-02-19 07:40:00+00:00,25624.55078125,25631.400390625,25618.5,25628.75,0
2026-02-19 07:45:00+00:00,25607.0,25624.55078125,25598.5,25623.849609375,0
2026-02-19 07:50:00+00:00,25630.75,25634.30078125,25604.55078125,25606.75,0
2026-02-19 07:55:00+00:00,25619.69921875,25636.25,25604.69921875,25630.599609375,0
2026-02-19 08:00:00+00:00,25591.30078125,25620.55078125,25575.849609375,25617.94921875,0
2026-02-19 08:05:00+00:00,25600.94921875,25606.80078125,25578.650390625,25591.05078125,0
2026-02-19 08:10:00+00:00,25600.55078125,25608.900390625,25594.5,25600.55078125,0
2026-02-19 08:15:00+00:00,25587.30078125,25605.69921875,25584.0,25600.5,0
2026-02-19 08:20:00+00:00,25579.94921875,25591.25,25565.30078125,25587.599609375,0
2026-02-19 08:25:00+00:00,25562.44921875,25582.69921875,25561.849609375,25581.900390625,0
2026-02-19 08:30:00+00:00,25552.5,25569.19921875,25549.849609375,25562.849609375,0
2026-02-19 08:35:00+00:00,25566.650390625,25568.400390625,25545.5,25552.55078125,0
2026-02-19 08:40:00+00:00,25571.400390625,25577.44921875,25559.900390625,25566.099609375,0
2026-02-19 08:45:00+00:00,25598.599609375,25601.69921875,25568.30078125,25570.900390625,0
2026-02-19 08:50:00+00:00,25580.94921875,25609.94921875,25571.150390625,25599.75,0
2026-02-19 08:55:00+00:00,25547.099609375,25580.44921875,25545.349609375,25579.650390625,0
2026-02-19 09:00:00+00:00,25564.55078125,25572.05078125,25545.849609375,25545.849609375,0
2026-02-19 09:05:00+00:00,25567.900390625,25575.55078125,25561.150390625,25564.05078125,0
2026-02-19 09:10:00+00:00,25518.25,25573.150390625,25518.25,25568.150390625,0
2026-02-19 09:15:00+00:00,25515.900390625,25522.19921875,25488.19921875,25517.94921875,0
2026-02-19 09:20:00+00:00,25522.69921875,25525.599609375,25512.19921875,25513.849609375,0
2026-02-19 09:25:00+00:00,25523.349609375,25535.400390625,25511.099609375,25520.55078125,0
2026-02-19 09:30:00+00:00,25504.650390625,25521.75,25467.25,25521.75,0
2026-02-19 09:35:00+00:00,25489.400390625,25512.30078125,25448.900390625,25504.400390625,0
2026-02-19 09:40:00+00:00,25447.599609375,25498.94921875,25442.0,25488.05078125,0
2026-02-19 09:45:00+00:00,25410.150390625,25447.55078125,25407.94921875,25447.55078125,0
2026-02-19 09:50:00+00:00,25404.44921875,25412.94921875,25390.5,25410.30078125,0
2026-02-19 09:55:00+00:00,25416.44921875,25419.30078125,25390.55078125,25403.44921875,0
2026-02-20 03:45:00+00:00,25452.900390625,25485.5,25386.75,25406.349609375,0
2026-02-20 03:50:00+00:00,25431.55078125,25479.44921875,25431.55078125,25453.25,0
2026-02-20 03:55:00+00:00,25382.099609375,25432.0,25380.349609375,25432.0,0
2026-02-20 04:00:00+00:00,25466.349609375,25468.849609375,25381.75,25381.75,0
2026-02-20 04:05:00+00:00,25469.150390625,25479.400390625,25456.69921875,25466.599609375,0
2026-02-20 04:10:00+00:00,25482.30078125,25486.599609375,25450.349609375,25469.44921875,0
2026-02-20 04:15:00+00:00,25507.900390625,25514.75,25480.599609375,25481.650390625,0
2026-02-20 04:20:00+00:00,25504.05078125,25523.849609375,25496.599609375,25508.05078125,0
2026-02-20 04:25:00+00:00,25520.80078125,25524.69921875,25498.55078125,25503.900390625,0
2026-02-20 04:30:00+00:00,25496.349609375,25523.44921875,25491.94921875,25520.25,0
2026-02-20 04:35:00+00:00,25475.099609375,25512.599609375,25468.94921875,25497.44921875,0
2026-02-20 04:40:00+00:00,25480.44921875,25501.80078125,25474.30078125,25475.400390625,0
2026-02-20 04:45:00+00:00,25538.05078125,25543.0,25479.900390625,25479.900390625,0
2026-02-20 04:50:00+00:00,25544.849609375,25554.650390625,25531.5,25538.55078125,0
2026-02-20 04:55:00+00:00,25550.80078125,25572.5,25543.75,25543.75,0
2026-02-20 05:00:00+00:00,25570.849609375,25577.75,25550.94921875,25550.94921875,0
2026-02-20 05:05:00+00:00,25578.400390625,25578.400390625,25564.150390625,25570.5,0
2026-02-20 05:10:00+00:00,25596.650390625,25602.80078125,25576.30078125,25576.650390625,0
2026-02-20 05:15:00+00:00,25588.75,25606.0,25581.94921875,25595.599609375,0
2026-02-20 05:20:00+00:00,25587.94921875,25593.94921875,25577.05078125,25588.849609375,0
2026-02-20 05:25:00+00:00,25584.19921875,25593.849609375,25574.05078125,25588.30078125,0
2026-02-20 05:30:00+00:00,25579.19921875,25590.30078125,25569.30078125,25584.849609375,0
2026-02-20 05:35:00+00:00,25571.0,25586.349609375,25564.849609375,25579.55078125,0
2026-02-20 05:40:00+00:00,25561.849609375,25583.900390625,25560.75,25570.400390625,0
2026-02-20 05:45:00+00:00,25577.80078125,25582.94921875,25563.349609375,25563.349609375,0
2026-02-20 05:50:00+00:00,25568.849609375,25583.19921875,25562.150390625,25577.650390625,0
2026-02-20 05:55:00+00:00,25585.5,25597.05078125,25563.400390625,25568.400390625,0
2026-02-20 06:00:00+00:00,25593.900390625,25602.599609375,25580.25,25585.5,0
2026-02-20 06:05:00+00:00,25599.650390625,25605.19921875,25586.05078125,25593.25,0
2026-02-20 06:10:00+00:00,25600.849609375,25606.650390625,25595.44921875,25599.75,0
2026-02-20 06:15:00+00:00,25592.400390625,25620.05078125,25586.94921875,25600.25,0
2026-02-20 06:20:00+00:00,25583.849609375,25600.849609375,25582.650390625,25592.30078125,0
2026-02-20 06:25:00+00:00,25598.150390625,25610.75,25581.099609375,25583.599609375,0
2026-02-20 06:30:00+00:00,25587.30078125,25602.05078125,25580.55078125,25597.80078125,0
2026-02-20 06:35:00+00:00,25592.80078125,25594.05078125,25582.80078125,25586.75,0
2026-02-20 06:40:00+00:00,25603.099609375,25604.5,25591.19921875,25592.44921875,0
2026-02-20 06:45:00+00:00,25634.900390625,25639.599609375,25602.099609375,25602.44921875,0
2026-02-20 06:50:00+00:00,25648.099609375,25651.19921875,25635.19921875,25635.19921875,0
2026-02-20 06:55:00+00:00,25653.44921875,25663.349609375,25646.650390625,25648.05078125,0
2026-02-20 07:00:00+00:00,25643.0,25658.349609375,25640.599609375,25652.94921875,0
2026-02-20 07:05:00+00:00,25632.75,25649.19921875,25632.0,25643.349609375,0
2026-02-20 07:10:00+00:00,25606.80078125,25636.94921875,25604.94921875,25633.349609375,0
2026-02-20 07:15:00+00:00,25608.55078125,25623.849609375,25588.44921875,25605.94921875,0
2026-02-20 07:20:00+00:00,25612.25,25613.69921875,25600.650390625,25607.55078125,0
2026-02-20 07:25:00+00:00,25594.599609375,25613.19921875,25573.30078125,25612.099609375,0
2026-02-20 07:30:00+00:00,25587.900390625,25609.75,25585.5,25594.25,0
2026-02-20 07:35:00+00:00,25561.94921875,25588.900390625,25560.80078125,25588.25,0
2026-02-20 07:40:00+00:00,25554.599609375,25566.30078125,25535.75,25562.349609375,0
2026-02-20 07:45:00+00:00,25546.30078125,25559.150390625,25538.900390625,25554.5,0
2026-02-20 07:50:00+00:00,25549.849609375,25551.44921875,25532.0,25545.650390625,0
2026-02-20 07:55:00+00:00,25568.5,25573.30078125,25540.30078125,25549.19921875,0
2026-02-20 08:00:00+00:00,25593.5,25593.5,25565.650390625,25567.5,0
2026-02-20 08:05:00+00:00,25573.19921875,25609.599609375,25568.69921875,25593.5,0
2026-02-20 08:10:00+00:00,25573.0,25580.099609375,25556.0,25574.75,0
2026-02-20 08:15:00+00:00,25580.900390625,25587.400390625,25568.75,25572.849609375,0
2026-02-20 08:20:00+00:00,25565.19921875,25583.25,25565.150390625,25580.900390625,0
2026-02-20 08:25:00+00:00,25601.150390625,25602.900390625,25561.400390625,25564.900390625,0
2026-02-20 08:30:00+00:00,25593.0,25611.80078125,25593.0,25600.75,0
2026-02-20 08:35:00+00:00,25596.150390625,25601.849609375,25577.44921875,25592.19921875,0
2026-02-20 08:40:00+00:00,25602.150390625,25602.150390625,25591.80078125,25595.849609375,0
2026-02-20 08:45:00+00:00,25630.55078125,25632.80078125,25601.650390625,25601.650390625,0
2026-02-20 08:50:00+00:00,25604.55078125,25634.150390625,25602.5,25630.5,0
2026-02-20 08:55:00+00:00,25591.099609375,25607.30078125,25587.05078125,25604.349609375,0
2026-02-20 09:00:00+00:00,25600.75,25604.849609375,25585.900390625,25592.0,0
2026-02-20 09:05:00+00:00,25607.75,25617.44921875,25595.75,25600.69921875,0
2026-02-20 09:10:00+00:00,25625.55078125,25637.599609375,25607.05078125,25607.5,0
2026-02-20 09:15:00+00:00,25649.849609375,25652.849609375,25625.94921875,25625.94921875,0
2026-02-20 09:20:00+00:00,25632.55078125,25650.599609375,25614.599609375,25649.94921875,0
2026-02-20 09:25:00+00:00,25642.80078125,25642.80078125,25629.150390625,25632.099609375,0
2026-02-20 09:30:00+00:00,25598.0,25649.650390625,25595.30078125,25646.900390625,0
2026-02-20 09:35:00+00:00,25574.19921875,25598.80078125,25570.349609375,25597.05078125,0
2026-02-20 09:40:00+00:00,25571.94921875,25576.05078125,25563.0,25573.69921875,0
2026-02-20 09:45:00+00:00,25554.44921875,25572.599609375,25552.30078125,25570.849609375,0
2026-02-20 09:50:00+00:00,25567.0,25568.349609375,25538.900390625,25553.0,0
2026-02-20 09:55:00+00:00,25565.900390625,25577.44921875,25551.650390625,25566.30078125,0
2026-02-23 03:45:00+00:00,25698.349609375,25706.650390625,25627.150390625,25678.400390625,0
2026-02-23 03:50:00+00:00,25737.349609375,25740.650390625,25697.05078125,25697.400390625,0
2026-02-23 03:55:00+00:00,25760.0,25766.44921875,25732.55078125,25736.30078125,0
2026-02-23 04:00:00+00:00,25740.5,25770.69921875,25736.900390625,25759.05078125,0
2026-02-23 04:05:00+00:00,25728.69921875,25768.25,25728.5,25740.400390625,0
2026-02-23 04:10:00+00:00,25730.25,25740.5,25718.599609375,25728.69921875,0
2026-02-23 04:15:00+00:00,25741.400390625,25749.0,25727.150390625,25730.25,0
2026-02-23 04:20:00+00:00,25716.80078125,25746.650390625,25711.099609375,25740.599609375,0
2026-02-23 04:25:00+00:00,25729.19921875,25743.94921875,25711.94921875,25717.900390625,0
2026-02-23 04:30:00+00:00,25729.55078125,25735.5,25721.05078125,25728.650390625,0
2026-02-23 04:35:00+00:00,25727.69921875,25737.44921875,25717.94921875,25729.55078125,0
2026-02-23 04:40:00+00:00,25717.849609375,25731.25,25705.150390625,25727.19921875,0
2026-02-23 04:45:00+00:00,25728.5,25733.69921875,25712.849609375,25717.349609375,0
2026-02-23 04:50:00+00:00,25725.5,25733.0,25719.650390625,25727.900390625,0
2026-02-23 04:55:00+00:00,25705.55078125,25726.30078125,25695.94921875,25726.30078125,0
2026-02-23 05:00:00+00:00,25700.19921875,25709.650390625,25693.55078125,25706.44921875,0
2026-02-23 05:05:00+00:00,25689.55078125,25706.349609375,25684.150390625,25700.099609375,0
2026-02-23 05:10:00+00:00,25656.80078125,25690.5,25655.150390625,25689.599609375,0
2026-02-23 05:15:00+00:00,25653.30078125,25664.19921875,25646.599609375,25656.94921875,0
2026-02-23 05:20:00+00:00,25671.900390625,25677.69921875,25653.150390625,25653.650390625,0
2026-02-23 05:25:00+00:00,25667.900390625,25676.94921875,25665.0,25671.80078125,0
2026-02-23 05:30:00+00:00,25683.599609375,25692.0,25666.75,25667.849609375,0
2026-02-23 05:35:00+00:00,25679.400390625,25684.05078125,25652.30078125,25683.150390625,0
2026-02-23 05:40:00+00:00,25696.55078125,25697.94921875,25674.400390625,25680.5,0
2026-02-23 05:45:00+00:00,25673.44921875,25699.19921875,25673.44921875,25696.099609375,0
2026-02-23 05:50:00+00:00,25663.25,25678.400390625,25660.19921875,25673.44921875,0
2026-02-23 05:55:00+00:00,25661.94921875,25666.0,25652.5,25663.19921875,0
2026-02-23 06:00:00+00:00,25655.19921875,25662.400390625,25654.849609375,25662.0,0
2026-02-23 06:05:00+00:00,25668.349609375,25670.849609375,25651.849609375,25655.05078125,0
2026-02-23 06:10:00+00:00,25667.849609375,25671.19921875,25662.150390625,25668.599609375,0
2026-02-23 06:15:00+00:00,25648.30078125,25671.19921875,25634.94921875,25667.650390625,0
2026-02-23 06:20:00+00:00,25658.900390625,25664.75,25631.650390625,25648.69921875,0
2026-02-23 06:25:00+00:00,25648.94921875,25666.44921875,25648.599609375,25658.80078125,0
2026-02-23 06:30:00+00:00,25660.55078125,25664.400390625,25646.05078125,25649.44921875,0
2026-02-23 06:35:00+00:00,25664.69921875,25673.349609375,25657.05078125,25660.5,0
2026-02-23 06:40:00+00:00,25662.0,25673.30078125,25651.55078125,25664.75,0
2026-02-23 06:45:00+00:00,25670.44921875,25682.94921875,25660.19921875,25661.599609375,0
2026-02-23 06:50:00+00:00,25654.849609375,25673.5,25653.150390625,25669.94921875,0
2026-02-23 06:55:00+00:00,25651.349609375,25658.94921875,25647.650390625,25654.75,0
2026-02-23 07:00:00+00:00,25654.099609375,25655.55078125,25636.400390625,25651.900390625,0
2026-02-23 07:05:00+00:00,25661.849609375,25664.099609375,25653.19921875,25653.849609375,0
2026-02-23 07:10:00+00:00,25684.849609375,25684.849609375,25660.150390625,25660.75,0
2026-02-23 07:15:00+00:00,25663.150390625,25690.849609375,25661.75,25685.0,0
2026-02-23 07:20:00+00:00,25655.900390625,25668.94921875,25643.55078125,25662.69921875,0
2026-02-23 07:25:00+00:00,25638.349609375,25657.650390625,25636.75,25655.75,0
2026-02-23 07:30:00+00:00,25638.25,25643.150390625,25631.55078125,25638.05078125,0
2026-02-23 07:35:00+00:00,25649.94921875,25654.900390625,25639.0,25639.5,0
2026-02-23 07:40:00+00:00,25637.5,25657.599609375,25636.150390625,25649.099609375,0
2026-02-23 07:45:00+00:00,25645.19921875,25653.25,25627.69921875,25636.69921875,0
2026-02-23 07:50:00+00:00,25655.05078125,25659.0,25644.05078125,25644.849609375,0
2026-02-23 07:55:00+00:00,25667.400390625,25668.44921875,25652.650390625,25655.099609375,0
2026-02-23 08:00:00+00:00,25646.900390625,25680.30078125,25646.44921875,25667.44921875,0
2026-02-23 08:05:00+00:00,25643.849609375,25652.599609375,25640.25,25648.05078125,0
2026-02-23 08:10:00+00:00,25663.400390625,25666.75,25632.349609375,25647.150390625,0
2026-02-23 08:15:00+00:00,25652.19921875,25669.400390625,25652.19921875,25663.099609375,0
2026-02-23 08:20:00+00:00,25652.55078125,25660.69921875,25650.75,25653.0,0
2026-02-23 08:25:00+00:00,25637.94921875,25656.349609375,25637.94921875,25652.75,0
2026-02-23 08:30:00+00:00,25623.75,25643.0,25609.349609375,25638.400390625,0
2026-02-23 08:35:00+00:00,25626.900390625,25638.30078125,25618.5,25623.650390625,0
2026-02-23 08:40:00+00:00,25629.849609375,25633.30078125,25615.0,25627.25,0
2026-02-23 08:45:00+00:00,25643.650390625,25644.349609375,25619.75,25630.69921875,0
2026-02-23 08:50:00+00:00,25648.400390625,25651.349609375,25638.5,25643.55078125,0
2026-02-23 08:55:00+00:00,25673.44921875,25673.94921875,25641.44921875,25648.0,0
2026-02-23 09:00:00+00:00,25693.599609375,25709.44921875,25673.349609375,25673.650390625,0
2026-02-23 09:05:00+00:00,25680.5,25702.75,25676.55078125,25694.30078125,0
2026-02-23 09:10:00+00:00,25670.94921875,25684.19921875,25661.75,25680.05078125,0
2026-02-23 09:15:00+00:00,25698.55078125,25699.75,25668.099609375,25670.05078125,0
2026-02-23 09:20:00+00:00,25678.849609375,25699.849609375,25672.80078125,25697.94921875,0
2026-02-23 09:25:00+00:00,25673.0,25683.55078125,25669.599609375,25679.150390625,0
2026-02-23 09:30:00+00:00,25717.19921875,25724.30078125,25674.150390625,25674.150390625,0
2026-02-23 09:35:00+00:00,25710.599609375,25728.94921875,25708.900390625,25718.25,0
2026-02-23 09:40:00+00:00,25710.75,25717.94921875,25705.69921875,25710.19921875,0
2026-02-23 09:45:00+00:00,25716.150390625,25722.400390625,25709.19921875,25712.099609375,0
2026-02-23 09:50:00+00:00,25717.30078125,25719.25,25705.5,25716.25,0
2026-02-23 09:55:00+00:00,25704.25,25722.5,25700.0,25719.30078125,0
2026-02-24 03:45:00+00:00,25571.44921875,25641.80078125,25570.849609375,25641.80078125,0
2026-02-24 03:50:00+00:00,25560.0,25581.400390625,25549.55078125,25571.25,0
2026-02-24 03:55:00+00:00,25548.650390625,25570.5,25547.94921875,25559.400390625,0
2026-02-24 04:00:00+00:00,25513.900390625,25549.75,25509.19921875,25548.599609375,0
2026-02-24 04:05:00+00:00,25508.150390625,25528.44921875,25506.849609375,25512.80078125,0
2026-02-24 04:10:00+00:00,25499.44921875,25514.55078125,25483.599609375,25507.650390625,0
2026-02-24 04:15:00+00:00,25525.349609375,25535.599609375,25497.349609375,25500.30078125,0
2026-02-24 04:20:00+00:00,25511.599609375,25526.30078125,25494.94921875,25525.25,0
2026-02-24 04:25:00+00:00,25516.349609375,25520.400390625,25510.099609375,25511.650390625,0
2026-02-24 04:30:00+00:00,25514.05078125,25525.30078125,25506.849609375,25516.5,0
2026-02-24 04:35:00+00:00,25516.25,25532.650390625,25513.0,25513.25,0
2026-02-24 04:40:00+00:00,25484.69921875,25517.55078125,25483.80078125,25515.69921875,0
2026-02-24 04:45:00+00:00,25500.30078125,25501.44921875,25475.19921875,25484.0,0
2026-02-24 04:50:00+00:00,25488.5,25515.0,25487.30078125,25500.5,0
2026-02-24 04:55:00+00:00,25495.5,25499.80078125,25486.599609375,25487.849609375,0
2026-02-24 05:00:00+00:00,25500.69921875,25510.349609375,25493.55078125,25495.099609375,0
2026-02-24 05:05:00+00:00,25504.0,25508.25,25499.44921875,25499.650390625,0
2026-02-24 05:10:00+00:00,25498.099609375,25513.25,25492.5,25503.849609375,0
2026-02-24 05:15:00+00:00,25472.44921875,25499.650390625,25472.44921875,25497.900390625,0
2026-02-24 05:20:00+00:00,25465.349609375,25481.150390625,25460.849609375,25472.05078125,0
2026-02-24 05:25:00+00:00,25471.5,25476.30078125,25462.400390625,25465.650390625,0
2026-02-24 05:30:00+00:00,25484.650390625,25487.849609375,25470.349609375,25470.349609375,0
2026-02-24 05:35:00+00:00,25495.55078125,25501.099609375,25480.400390625,25484.55078125,0
2026-02-24 05:40:00+00:00,25505.849609375,25512.5,25494.44921875,25495.5,0
2026-02-24 05:45:00+00:00,25508.650390625,25512.05078125,25497.099609375,25505.69921875,0
2026-02-24 05:50:00+00:00,25504.44921875,25519.150390625,25503.55078125,25508.150390625,0
2026-02-24 05:55:00+00:00,25518.150390625,25519.349609375,25503.650390625,25504.30078125,0
2026-02-24 06:00:00+00:00,25506.55078125,25520.69921875,25501.55078125,25517.099609375,0
2026-02-24 06:05:00+00:00,25522.19921875,25524.5,25503.849609375,25506.55078125,0
2026-02-24 06:10:00+00:00,25501.55078125,25525.19921875,25500.599609375,25523.349609375,0
2026-02-24 06:15:00+00:00,25499.19921875,25503.44921875,25489.099609375,25500.599609375,0
2026-02-24 06:20:00+00:00,25488.849609375,25498.75,25488.55078125,25498.150390625,0
2026-02-24 06:25:00+00:00,25472.55078125,25493.400390625,25471.69921875,25488.099609375,0
2026-02-24 06:30:00+00:00,25463.25,25474.25,25456.400390625,25472.05078125,0
2026-02-24 06:35:00+00:00,25458.400390625,25476.150390625,25456.69921875,25462.75,0
2026-02-24 06:40:00+00:00,25466.05078125,25470.55078125,25447.150390625,25458.400390625,0
2026-02-24 06:45:00+00:00,25446.30078125,25466.94921875,25442.05078125,25464.5,0
2026-02-24 06:50:00+00:00,25421.05078125,25448.849609375,25419.05078125,25445.05078125,0
2026-02-24 06:55:00+00:00,25429.25,25434.05078125,25417.099609375,25420.900390625,0
2026-02-24 07:00:00+00:00,25428.80078125,25433.099609375,25421.400390625,25429.30078125,0
2026-02-24 07:05:00+00:00,25427.5,25439.80078125,25426.5,25428.150390625,0
2026-02-24 07:10:00+00:00,25418.05078125,25432.30078125,25417.400390625,25428.5,0
2026-02-24 07:15:00+00:00,25392.55078125,25420.80078125,25387.75,25417.30078125,0
2026-02-24 07:20:00+00:00,25401.69921875,25401.69921875,25387.44921875,25392.80078125,0
2026-02-24 07:25:00+00:00,25404.69921875,25408.25,25395.69921875,25401.349609375,0
2026-02-24 07:30:00+00:00,25421.900390625,25425.0,25396.5,25405.05078125,0
2026-02-24 07:35:00+00:00,25418.55078125,25422.599609375,25411.099609375,25421.650390625,0
2026-02-24 07:40:00+00:00,25424.599609375,25433.25,25415.25,25418.80078125,0
2026-02-24 07:45:00+00:00,25422.599609375,25425.75,25410.150390625,25424.599609375,0
2026-02-24 07:50:00+00:00,25398.94921875,25424.0,25398.19921875,25421.849609375,0
2026-02-24 07:55:00+00:00,25378.650390625,25408.05078125,25378.650390625,25397.75,0
2026-02-24 08:00:00+00:00,25339.849609375,25380.19921875,25336.599609375,25378.94921875,0
2026-02-24 08:05:00+00:00,25377.849609375,25380.150390625,25328.0,25339.849609375,0
2026-02-24 08:10:00+00:00,25365.44921875,25379.19921875,25358.650390625,25377.650390625,0
2026-02-24 08:15:00+00:00,25363.94921875,25374.80078125,25359.400390625,25365.900390625,0
2026-02-24 08:20:00+00:00,25374.650390625,25375.650390625,25359.30078125,25363.05078125,0
2026-02-24 08:25:00+00:00,25411.94921875,25416.150390625,25373.900390625,25373.900390625,0
2026-02-24 08:30:00+00:00,25388.75,25414.5,25384.5,25412.099609375,0
2026-02-24 08:35:00+00:00,25409.900390625,25411.5,25382.05078125,25388.349609375,0
2026-02-24 08:40:00+00:00,25440.5,25443.55078125,25407.25,25409.25,0
2026-02-24 08:45:00+00:00,25434.19921875,25446.099609375,25418.0,25440.05078125,0
2026-02-24 08:50:00+00:00,25405.099609375,25436.55078125,25391.900390625,25434.75,0
2026-02-24 08:55:00+00:00,25408.849609375,25421.5,25403.0,25406.44921875,0
2026-02-24 09:00:00+00:00,25397.30078125,25413.599609375,25389.80078125,25407.94921875,0
2026-02-24 09:05:00+00:00,25417.0,25425.19921875,25395.099609375,25395.55078125,0
2026-02-24 09:10:00+00:00,25381.25,25423.5,25381.25,25417.400390625,0
2026-02-24 09:15:00+00:00,25396.05078125,25403.349609375,25361.900390625,25380.44921875,0
2026-02-24 09:20:00+00:00,25412.80078125,25423.30078125,25395.400390625,25395.400390625,0
2026-02-24 09:25:00+00:00,25424.849609375,25427.75,25411.5,25412.650390625,0
2026-02-24 09:30:00+00:00,25406.849609375,25443.599609375,25406.349609375,25425.05078125,0
2026-02-24 09:35:00+00:00,25413.75,25422.400390625,25401.150390625,25406.900390625,0
2026-02-24 09:40:00+00:00,25421.19921875,25426.099609375,25409.19921875,25413.099609375,0
2026-02-24 09:45:00+00:00,25435.55078125,25436.44921875,25416.650390625,25422.19921875,0
2026-02-24 09:50:00+00:00,25441.099609375,25441.5,25429.44921875,25435.900390625,0
2026-02-24 09:55:00+00:00,25460.25,25464.55078125,25435.75,25442.349609375,0
2026-02-25 03:45:00+00:00,25561.80078125,25573.900390625,25512.900390625,25515.05078125,0
2026-02-25 03:50:00+00:00,25568.5,25575.150390625,25552.849609375,25562.19921875,0
2026-02-25 03:55:00+00:00,25582.900390625,25594.900390625,25567.150390625,25568.80078125,0
2026-02-25 04:00:00+00:00,25579.05078125,25585.900390625,25559.099609375,25584.849609375,0
2026-02-25 04:05:00+00:00,25569.19921875,25587.80078125,25568.55078125,25578.80078125,0
2026-02-25 04:10:00+00:00,25561.75,25585.0,25560.75,25570.44921875,0
2026-02-25 04:15:00+00:00,25575.94921875,25587.400390625,25560.5,25561.650390625,0
2026-02-25 04:20:00+00:00,25574.0,25587.349609375,25559.150390625,25576.75,0
2026-02-25 04:25:00+00:00,25600.599609375,25603.25,25572.900390625,25573.19921875,0
2026-02-25 04:30:00+00:00,25618.19921875,25622.44921875,25594.80078125,25600.849609375,0
2026-02-25 04:35:00+00:00,25629.849609375,25631.30078125,25617.5,25617.5,0
2026-02-25 04:40:00+00:00,25631.75,25632.900390625,25618.900390625,25628.75,0
2026-02-25 04:45:00+00:00,25639.400390625,25652.5,25631.599609375,25631.599609375,0
2026-02-25 04:50:00+00:00,25630.900390625,25639.900390625,25629.94921875,25638.900390625,0
2026-02-25 04:55:00+00:00,25635.19921875,25639.650390625,25630.69921875,25630.69921875,0
2026-02-25 05:00:00+00:00,25643.30078125,25645.05078125,25633.5,25635.0,0
2026-02-25 05:05:00+00:00,25634.05078125,25649.650390625,25626.19921875,25643.650390625,0
2026-02-25 05:10:00+00:00,25619.900390625,25635.5,25618.900390625,25634.150390625,0
2026-02-25 05:15:00+00:00,25616.599609375,25625.400390625,25607.5,25619.05078125,0
2026-02-25 05:20:00+00:00,25620.150390625,25628.150390625,25613.400390625,25616.650390625,0
2026-02-25 05:25:00+00:00,25612.349609375,25624.05078125,25611.44921875,25621.099609375,0
2026-02-25 05:30:00+00:00,25615.05078125,25626.75,25613.19921875,25614.099609375,0
2026-02-25 05:35:00+00:00,25621.05078125,25630.80078125,25614.150390625,25616.349609375,0
2026-02-25 05:40:00+00:00,25616.0,25630.05078125,25608.55078125,25621.19921875,0
2026-02-25 05:45:00+00:00,25607.099609375,25620.0,25602.30078125,25615.5,0
2026-02-25 05:50:00+00:00,25608.599609375,25611.400390625,25597.599609375,25608.099609375,0
2026-02-25 05:55:00+00:00,25613.30078125,25617.5,25606.80078125,25607.849609375,0
2026-02-25 06:00:00+00:00,25602.150390625,25614.650390625,25599.94921875,25613.30078125,0
2026-02-25 06:05:00+00:00,25605.150390625,25609.900390625,25601.94921875,25603.19921875,0
2026-02-25 06:10:00+00:00,25588.0,25606.099609375,25581.05078125,25604.75,0
2026-02-25 06:15:00+00:00,25617.650390625,25619.0,25589.849609375,25589.849609375,0
2026-02-25 06:20:00+00:00,25607.44921875,25622.19921875,25606.75,25618.25,0
2026-02-25 06:25:00+00:00,25595.099609375,25609.19921875,25586.30078125,25608.650390625,0
2026-02-25 06:30:00+00:00,25611.44921875,25611.44921875,25592.650390625,25592.650390625,0
2026-02-25 06:35:00+00:00,25606.5,25614.25,25598.44921875,25610.19921875,0
2026-02-25 06:40:00+00:00,25600.19921875,25609.099609375,25591.900390625,25606.05078125,0
2026-02-25 06:45:00+00:00,25606.75,25615.5,25599.69921875,25599.69921875,0
2026-02-25 06:50:00+00:00,25599.44921875,25609.650390625,25588.650390625,25608.5,0
2026-02-25 06:55:00+00:00,25592.5,25599.849609375,25588.55078125,25599.5,0
2026-02-25 07:00:00+00:00,25536.19921875,25596.75,25534.75,25591.94921875,0
2026-02-25 07:05:00+00:00,25528.599609375,25537.849609375,25504.94921875,25535.44921875,0
2026-02-25 07:10:00+00:00,25504.30078125,25530.25,25503.05078125,25528.849609375,0
2026-02-25 07:15:00+00:00,25467.849609375,25505.150390625,25467.849609375,25504.5,0
2026-02-25 07:20:00+00:00,25480.099609375,25490.849609375,25461.900390625,25464.25,0
2026-02-25 07:25:00+00:00,25472.19921875,25491.44921875,25465.599609375,25479.0,0
2026-02-25 07:30:00+00:00,25462.05078125,25472.44921875,25440.30078125,25471.650390625,0
2026-02-25 07:35:00+00:00,25463.150390625,25469.900390625,25444.900390625,25461.19921875,0
2026-02-25 07:40:00+00:00,25462.599609375,25476.5,25461.400390625,25463.80078125,0
2026-02-25 07:45:00+00:00,25478.5,25479.44921875,25457.69921875,25462.400390625,0
2026-02-25 07:50:00+00:00,25456.349609375,25485.19921875,25455.0,25478.44921875,0
2026-02-25 07:55:00+00:00,25460.30078125,25461.150390625,25428.400390625,25455.69921875,0
2026-02-25 08:00:00+00:00,25461.25,25480.94921875,25460.099609375,25460.099609375,0
2026-02-25 08:05:00+00:00,25466.400390625,25479.25,25460.099609375,25461.30078125,0
2026-02-25 08:10:00+00:00,25462.05078125,25469.400390625,25461.75,25467.30078125,0
2026-02-25 08:15:00+00:00,25467.400390625,25469.849609375,25450.5,25462.349609375,0
2026-02-25 08:20:00+00:00,25473.19921875,25474.80078125,25463.19921875,25467.55078125,0
2026-02-25 08:25:00+00:00,25472.650390625,25474.69921875,25466.05078125,25473.80078125,0
2026-02-25 08:30:00+00:00,25443.900390625,25473.05078125,25439.30078125,25473.05078125,0
2026-02-25 08:35:00+00:00,25435.650390625,25453.5,25430.150390625,25445.30078125,0
2026-02-25 08:40:00+00:00,25457.099609375,25464.94921875,25436.30078125,25436.400390625,0
2026-02-25 08:45:00+00:00,25493.80078125,25495.75,25454.849609375,25457.30078125,0
2026-02-25 08:50:00+00:00,25473.0,25502.44921875,25472.400390625,25494.19921875,0
2026-02-25 08:55:00+00:00,25448.55078125,25475.650390625,25448.55078125,25473.349609375,0
2026-02-25 09:00:00+00:00,25475.69921875,25480.849609375,25449.5,25449.5,0
2026-02-25 09:05:00+00:00,25477.94921875,25482.599609375,25474.900390625,25476.349609375,0
2026-02-25 09:10:00+00:00,25471.44921875,25478.599609375,25457.94921875,25478.25,0
2026-02-25 09:15:00+00:00,25450.349609375,25473.349609375,25446.150390625,25471.599609375,0
2026-02-25 09:20:00+00:00,25458.349609375,25460.69921875,25439.94921875,25451.05078125,0
2026-02-25 09:25:00+00:00,25468.25,25473.55078125,25452.599609375,25459.599609375,0
2026-02-25 09:30:00+00:00,25501.0,25506.55078125,25469.80078125,25469.80078125,0
2026-02-25 09:35:00+00:00,25483.349609375,25501.400390625,25480.25,25499.900390625,0
2026-02-25 09:40:00+00:00,25478.5,25485.75,25469.5,25482.69921875,0
2026-02-25 09:45:00+00:00,25481.400390625,25485.19921875,25473.099609375,25477.05078125,0
2026-02-25 09:50:00+00:00,25475.05078125,25482.80078125,25473.80078125,25481.25,0
2026-02-25 09:55:00+00:00,25478.650390625,25488.25,25471.05078125,25475.849609375,0
2026-02-26 03:45:00+00:00,25535.099609375,25566.94921875,25525.80078125,25551.55078125,0
2026-02-26 03:50:00+00:00,25498.44921875,25543.099609375,25489.150390625,25534.30078125,0
2026-02-26 03:55:00+00:00,25504.44921875,25519.0,25488.30078125,25499.099609375,0
2026-02-26 04:00:00+00:00,25518.80078125,25519.69921875,25492.099609375,25505.150390625,0
2026-02-26 04:05:00+00:00,25545.0,25547.44921875,25516.400390625,25518.849609375,0
2026-02-26 04:10:00+00:00,25555.900390625,25556.30078125,25538.80078125,25543.30078125,0
2026-02-26 04:15:00+00:00,25557.19921875,25565.599609375,25547.05078125,25555.30078125,0
2026-02-26 04:20:00+00:00,25510.599609375,25559.44921875,25508.19921875,25557.30078125,0
2026-02-26 04:25:00+00:00,25518.349609375,25520.599609375,25500.099609375,25509.80078125,0
2026-02-26 04:30:00+00:00,25543.80078125,25543.80078125,25516.75,25517.94921875,0
2026-02-26 04:35:00+00:00,25563.30078125,25563.30078125,25540.25,25543.25,0
2026-02-26 04:40:00+00:00,25558.25,25572.25,25556.25,25561.94921875,0
2026-02-26 04:45:00+00:00,25560.75,25562.0,25544.5,25558.599609375,0
2026-02-26 04:50:00+00:00,25538.400390625,25561.69921875,25534.80078125,25560.55078125,0
2026-02-26 04:55:00+00:00,25526.94921875,25550.25,25519.55078125,25537.650390625,0
2026-02-26 05:00:00+00:00,25536.599609375,25544.349609375,25523.55078125,25526.55078125,0
2026-02-26 05:05:00+00:00,25529.30078125,25542.30078125,25523.19921875,25538.94921875,0
2026-02-26 05:10:00+00:00,25531.80078125,25539.849609375,25521.55078125,25527.599609375,0
2026-02-26 05:15:00+00:00,25548.150390625,25551.55078125,25527.099609375,25532.80078125,0
2026-02-26 05:20:00+00:00,25525.75,25548.05078125,25525.75,25545.44921875,0
2026-02-26 05:25:00+00:00,25509.94921875,25528.650390625,25505.44921875,25527.150390625,0
2026-02-26 05:30:00+00:00,25521.80078125,25523.44921875,25491.69921875,25506.900390625,0
2026-02-26 05:35:00+00:00,25513.55078125,25522.55078125,25509.5,25520.75,0
2026-02-26 05:40:00+00:00,25523.25,25530.44921875,25510.19921875,25513.25,0
2026-02-26 05:45:00+00:00,25534.44921875,25538.849609375,25517.44921875,25523.5,0
2026-02-26 05:50:00+00:00,25540.650390625,25541.099609375,25526.05078125,25533.69921875,0
2026-02-26 05:55:00+00:00,25536.75,25570.849609375,25535.19921875,25541.400390625,0
2026-02-26 06:00:00+00:00,25521.349609375,25537.25,25512.55078125,25535.349609375,0
2026-02-26 06:05:00+00:00,25502.75,25524.0,25495.75,25522.099609375,0
2026-02-26 06:10:00+00:00,25461.349609375,25501.75,25458.599609375,25501.69921875,0
2026-02-26 06:15:00+00:00,25483.349609375,25490.44921875,25452.349609375,25460.349609375,0
2026-02-26 06:20:00+00:00,25469.650390625,25490.650390625,25463.05078125,25483.94921875,0
2026-02-26 06:25:00+00:00,25453.400390625,25470.650390625,25446.75,25468.900390625,0
2026-02-26 06:30:00+00:00,25470.19921875,25472.44921875,25450.900390625,25453.30078125,0
2026-02-26 06:35:00+00:00,25472.55078125,25481.69921875,25466.849609375,25469.75,0
2026-02-26 06:40:00+00:00,25459.30078125,25475.30078125,25456.25,25471.849609375,0
2026-02-26 06:45:00+00:00,25447.400390625,25468.5,25440.349609375,25458.05078125,0
2026-02-26 06:50:00+00:00,25432.400390625,25446.75,25401.599609375,25446.69921875,0
2026-02-26 06:55:00+00:00,25430.69921875,25445.44921875,25425.25,25432.849609375,0
2026-02-26 07:00:00+00:00,25436.099609375,25445.400390625,25426.400390625,25430.849609375,0
2026-02-26 07:05:00+00:00,25445.400390625,25449.69921875,25431.30078125,25435.400390625,0
2026-02-26 07:10:00+00:00,25459.94921875,25461.150390625,25438.349609375,25445.25,0
2026-02-26 07:15:00+00:00,25452.599609375,25460.69921875,25441.80078125,25457.44921875,0
2026-02-26 07:20:00+00:00,25430.75,25452.75,25426.650390625,25451.55078125,0
2026-02-26 07:25:00+00:00,25414.80078125,25432.349609375,25412.05078125,25432.25,0
2026-02-26 07:30:00+00:00,25451.75,25452.25,25413.75,25415.400390625,0
2026-02-26 07:35:00+00:00,25436.599609375,25453.30078125,25430.5,25451.349609375,0
2026-02-26 07:40:00+00:00,25428.55078125,25437.400390625,25427.05078125,25436.69921875,0
2026-02-26 07:45:00+00:00,25420.650390625,25430.80078125,25403.400390625,25428.19921875,0
2026-02-26 07:50:00+00:00,25438.05078125,25438.30078125,25414.099609375,25420.349609375,0
2026-02-26 07:55:00+00:00,25438.0,25454.75,25432.0,25437.5,0
2026-02-26 08:00:00+00:00,25432.849609375,25449.30078125,25430.650390625,25437.30078125,0
2026-02-26 08:05:00+00:00,25439.349609375,25447.150390625,25432.80078125,25434.44921875,0
2026-02-26 08:10:00+00:00,25438.19921875,25448.150390625,25435.099609375,25439.349609375,0
2026-02-26 08:15:00+00:00,25418.80078125,25445.19921875,25417.400390625,25438.05078125,0
2026-02-26 08:20:00+00:00,25441.94921875,25447.75,25415.099609375,25418.650390625,0
2026-02-26 08:25:00+00:00,25440.80078125,25450.900390625,25431.650390625,25443.19921875,0
2026-02-26 08:30:00+00:00,25427.44921875,25447.25,25419.349609375,25440.80078125,0
2026-02-26 08:35:00+00:00,25439.94921875,25440.349609375,25406.150390625,25425.30078125,0
2026-02-26 08:40:00+00:00,25453.44921875,25460.55078125,25438.94921875,25440.099609375,0
2026-02-26 08:45:00+00:00,25445.099609375,25463.150390625,25442.19921875,25456.650390625,0
2026-02-26 08:50:00+00:00,25430.150390625,25452.400390625,25428.150390625,25446.69921875,0
2026-02-26 08:55:00+00:00,25442.150390625,25449.400390625,25427.0,25429.55078125,0
2026-02-26 09:00:00+00:00,25462.44921875,25462.5,25431.849609375,25441.650390625,0
2026-02-26 09:05:00+00:00,25471.25,25478.0,25459.0,25462.44921875,0
2026-02-26 09:10:00+00:00,25513.0,25513.0,25472.099609375,25473.80078125,0
2026-02-26 09:15:00+00:00,25510.650390625,25527.150390625,25503.69921875,25514.80078125,0
2026-02-26 09:20:00+00:00,25504.55078125,25522.150390625,25486.44921875,25510.0,0
2026-02-26 09:25:00+00:00,25501.849609375,25511.599609375,25492.05078125,25504.69921875,0
2026-02-26 09:30:00+00:00,25486.0,25524.849609375,25477.55078125,25503.650390625,0
2026-02-26 09:35:00+00:00,25503.30078125,25507.25,25485.25,25485.25,0
2026-02-26 09:40:00+00:00,25486.150390625,25504.0,25475.5,25500.94921875,0
2026-02-26 09:45:00+00:00,25496.099609375,25502.30078125,25483.80078125,25486.94921875,0
2026-02-26 09:50:00+00:00,25498.599609375,25503.25,25492.69921875,25496.849609375,0
2026-02-26 09:55:00+00:00,25493.30078125,25501.849609375,25482.94921875,25499.0,0
2026-02-27 03:45:00+00:00,25395.400390625,25470.150390625,25379.55078125,25470.150390625,0
2026-02-27 03:50:00+00:00,25399.650390625,25417.30078125,25381.30078125,25394.80078125,0
2026-02-27 03:55:00+00:00,25364.55078125,25417.69921875,25363.5,25398.44921875,0
2026-02-27 04:00:00+00:00,25367.19921875,25383.55078125,25364.05078125,25365.099609375,0
2026-02-27 04:05:00+00:00,25383.400390625,25383.400390625,25351.75,25367.150390625,0
2026-02-27 04:10:00+00:00,25363.849609375,25383.650390625,25358.05078125,25383.099609375,0
2026-02-27 04:15:00+00:00,25347.349609375,25363.80078125,25346.099609375,25363.80078125,0
2026-02-27 04:20:00+00:00,25336.05078125,25353.900390625,25334.5,25347.44921875,0
2026-02-27 04:25:00+00:00,25330.0,25348.150390625,25329.400390625,25336.099609375,0
2026-02-27 04:30:00+00:00,25327.25,25334.150390625,25322.94921875,25330.30078125,0
2026-02-27 04:35:00+00:00,25320.0,25328.19921875,25309.400390625,25328.19921875,0
2026-02-27 04:40:00+00:00,25322.599609375,25332.5,25318.69921875,25319.69921875,0
2026-02-27 04:45:00+00:00,25302.80078125,25324.0,25301.75,25321.94921875,0
2026-02-27 04:50:00+00:00,25314.80078125,25319.75,25292.650390625,25303.099609375,0
2026-02-27 04:55:00+00:00,25324.30078125,25333.0,25314.900390625,25314.900390625,0
2026-02-27 05:00:00+00:00,25327.0,25337.05078125,25319.150390625,25324.349609375,0
2026-02-27 05:05:00+00:00,25335.30078125,25346.44921875,25323.44921875,25327.349609375,0
2026-02-27 05:10:00+00:00,25315.25,25337.5,25313.94921875,25335.19921875,0
2026-02-27 05:15:00+00:00,25322.900390625,25326.650390625,25307.650390625,25315.25,0
2026-02-27 05:20:00+00:00,25310.900390625,25325.75,25308.05078125,25322.900390625,0
2026-02-27 05:25:00+00:00,25304.650390625,25318.0,25304.25,25310.80078125,0
2026-02-27 05:30:00+00:00,25322.94921875,25322.94921875,25305.150390625,25305.349609375,0
2026-02-27 05:35:00+00:00,25336.599609375,25338.19921875,25322.44921875,25322.44921875,0
2026-02-27 05:40:00+00:00,25335.0,25337.25,25322.55078125,25335.55078125,0
2026-02-27 05:45:00+00:00,25325.349609375,25341.650390625,25322.5,25334.55078125,0
2026-02-27 05:50:00+00:00,25319.25,25327.05078125,25312.30078125,25325.55078125,0
2026-02-27 05:55:00+00:00,25306.849609375,25321.19921875,25302.80078125,25319.25,0
2026-02-27 06:00:00+00:00,25284.5,25308.75,25284.5,25307.900390625,0
2026-02-27 06:05:00+00:00,25281.849609375,25291.099609375,25272.19921875,25284.55078125,0
2026-02-27 06:10:00+00:00,25295.099609375,25296.349609375,25279.150390625,25282.30078125,0
2026-02-27 06:15:00+00:00,25302.0,25305.5,25295.150390625,25295.150390625,0
2026-02-27 06:20:00+00:00,25306.80078125,25314.19921875,25297.55078125,25302.25,0
2026-02-27 06:25:00+00:00,25313.400390625,25317.75,25298.400390625,25306.44921875,0
2026-02-27 06:30:00+00:00,25312.80078125,25328.80078125,25309.849609375,25313.400390625,0
2026-02-27 06:35:00+00:00,25293.099609375,25315.75,25290.349609375,25312.650390625,0
2026-02-27 06:40:00+00:00,25284.94921875,25297.099609375,25284.80078125,25292.69921875,0
2026-02-27 06:45:00+00:00,25284.55078125,25288.44921875,25278.75,25285.349609375,0
2026-02-27 06:50:00+00:00,25272.94921875,25298.75,25270.19921875,25284.400390625,0
2026-02-27 06:55:00+00:00,25300.599609375,25313.150390625,25273.19921875,25273.19921875,0
2026-02-27 07:00:00+00:00,25290.900390625,25309.05078125,25289.69921875,25300.55078125,0
2026-02-27 07:05:00+00:00,25282.25,25294.349609375,25282.25,25290.400390625,0
2026-02-27 07:10:00+00:00,25277.19921875,25286.5,25274.44921875,25282.55078125,0
2026-02-27 07:15:00+00:00,25282.25,25293.69921875,25269.650390625,25276.75,0
2026-02-27 07:20:00+00:00,25283.30078125,25295.099609375,25281.25,25282.150390625,0
2026-02-27 07:25:00+00:00,25276.94921875,25285.55078125,25273.69921875,25283.19921875,0
2026-02-27 07:30:00+00:00,25278.69921875,25283.55078125,25274.25,25277.150390625,0
2026-02-27 07:35:00+00:00,25293.05078125,25296.849609375,25278.900390625,25278.900390625,0
2026-02-27 07:40:00+00:00,25289.69921875,25295.69921875,25287.349609375,25293.30078125,0
2026-02-27 07:45:00+00:00,25284.25,25292.94921875,25283.55078125,25288.80078125,0
2026-02-27 07:50:00+00:00,25286.94921875,25290.69921875,25281.650390625,25284.0,0
2026-02-27 07:55:00+00:00,25300.75,25300.94921875,25287.55078125,25287.55078125,0
2026-02-27 08:00:00+00:00,25293.0,25302.099609375,25293.0,25300.19921875,0
2026-02-27 08:05:00+00:00,25296.5,25307.150390625,25286.94921875,25292.75,0
2026-02-27 08:10:00+00:00,25300.75,25313.75,25295.80078125,25296.349609375,0
2026-02-27 08:15:00+00:00,25327.650390625,25328.55078125,25300.25,25300.25,0
2026-02-27 08:20:00+00:00,25321.05078125,25328.30078125,25312.099609375,25327.19921875,0
2026-02-27 08:25:00+00:00,25343.150390625,25343.94921875,25320.650390625,25321.150390625,0
2026-02-27 08:30:00+00:00,25325.80078125,25352.05078125,25323.94921875,25342.599609375,0
2026-02-27 08:35:00+00:00,25332.0,25332.44921875,25315.69921875,25325.599609375,0
2026-02-27 08:40:00+00:00,25324.55078125,25340.30078125,25320.19921875,25331.94921875,0
2026-02-27 08:45:00+00:00,25323.75,25327.349609375,25320.69921875,25324.19921875,0
2026-02-27 08:50:00+00:00,25318.5,25328.900390625,25316.900390625,25323.19921875,0
2026-02-27 08:55:00+00:00,25293.55078125,25319.05078125,25291.05078125,25318.650390625,0
2026-02-27 09:00:00+00:00,25293.94921875,25303.94921875,25287.0,25293.55078125,0
2026-02-27 09:05:00+00:00,25298.25,25310.099609375,25293.69921875,25293.75,0
2026-02-27 09:10:00+00:00,25293.80078125,25303.349609375,25289.650390625,25298.650390625,0
2026-02-27 09:15:00+00:00,25300.75,25301.0,25287.80078125,25294.099609375,0
2026-02-27 09:20:00+00:00,25300.5,25304.94921875,25290.5,25301.55078125,0
2026-02-27 09:25:00+00:00,25312.400390625,25314.80078125,25294.69921875,25300.55078125,0
2026-02-27 09:30:00+00:00,25183.5,25309.44921875,25179.650390625,25309.44921875,0
2026-02-27 09:35:00+00:00,25168.19921875,25190.900390625,25142.349609375,25183.55078125,0
2026-02-27 09:40:00+00:00,25167.900390625,25189.5,25162.69921875,25167.849609375,0
2026-02-27 09:45:00+00:00,25170.25,25189.099609375,25166.349609375,25168.80078125,0
2026-02-27 09:50:00+00:00,25166.94921875,25179.19921875,25159.349609375,25170.69921875,0
2026-02-27 09:55:00+00:00,25181.80078125,25188.19921875,25163.849609375,25167.30078125,0
2026-03-02 03:45:00+00:00,24892.94921875,24939.099609375,24722.0,24723.400390625,0
2026-03-02 03:50:00+00:00,24896.5,24957.05078125,24878.80078125,24893.099609375,0
2026-03-02 03:55:00+00:00,24889.400390625,24920.150390625,24857.099609375,24896.69921875,0
2026-03-02 04:00:00+00:00,24974.55078125,24975.400390625,24885.44921875,24889.75,0
2026-03-02 04:05:00+00:00,24949.80078125,24977.25,24923.80078125,24975.69921875,0
2026-03-02 04:10:00+00:00,24963.650390625,24977.099609375,24936.05078125,24948.55078125,0
2026-03-02 04:15:00+00:00,24953.19921875,24988.75,24948.599609375,24964.30078125,0
2026-03-02 04:20:00+00:00,24884.150390625,24951.099609375,24883.19921875,24949.400390625,0
2026-03-02 04:25:00+00:00,24945.099609375,24946.099609375,24886.099609375,24886.69921875,0
2026-03-02 04:30:00+00:00,24898.25,24953.25,24894.650390625,24946.19921875,0
2026-03-02 04:35:00+00:00,24884.650390625,24909.599609375,24874.150390625,24898.94921875,0
2026-03-02 04:40:00+00:00,24884.849609375,24894.0,24865.69921875,24885.25,0
2026-03-02 04:45:00+00:00,24876.400390625,24887.849609375,24853.69921875,24885.349609375,0
2026-03-02 04:50:00+00:00,24864.599609375,24876.75,24856.849609375,24876.55078125,0
2026-03-02 04:55:00+00:00,24859.599609375,24873.5,24856.400390625,24863.599609375,0
2026-03-02 05:00:00+00:00,24872.69921875,24885.25,24853.30078125,24860.94921875,0
2026-03-02 05:05:00+00:00,24855.5,24878.599609375,24843.69921875,24874.05078125,0
2026-03-02 05:10:00+00:00,24813.69921875,24857.80078125,24812.25,24855.25,0
2026-03-02 05:15:00+00:00,24818.80078125,24837.94921875,24814.0,24814.80078125,0
2026-03-02 05:20:00+00:00,24828.849609375,24834.05078125,24818.30078125,24818.400390625,0
2026-03-02 05:25:00+00:00,24855.150390625,24859.19921875,24826.650390625,24828.599609375,0
2026-03-02 05:30:00+00:00,24854.05078125,24868.69921875,24849.30078125,24856.30078125,0
2026-03-02 05:35:00+00:00,24858.19921875,24865.400390625,24842.55078125,24853.75,0
2026-03-02 05:40:00+00:00,24843.19921875,24860.349609375,24839.349609375,24859.30078125,0
2026-03-02 05:45:00+00:00,24831.55078125,24849.19921875,24831.55078125,24844.80078125,0
2026-03-02 05:50:00+00:00,24825.150390625,24834.94921875,24819.849609375,24830.0,0
2026-03-02 05:55:00+00:00,24803.0,24829.25,24797.55078125,24825.349609375,0
2026-03-02 06:00:00+00:00,24808.05078125,24813.80078125,24797.44921875,24802.80078125,0
2026-03-02 06:05:00+00:00,24822.94921875,24825.44921875,24806.25,24807.650390625,0
2026-03-02 06:10:00+00:00,24821.599609375,24824.5,24807.69921875,24822.099609375,0
2026-03-02 06:15:00+00:00,24815.30078125,24842.80078125,24813.650390625,24822.19921875,0
2026-03-02 06:20:00+00:00,24804.19921875,24821.849609375,24793.650390625,24815.900390625,0
2026-03-02 06:25:00+00:00,24784.0,24806.25,24782.69921875,24804.25,0
2026-03-02 06:30:00+00:00,24773.69921875,24784.599609375,24764.400390625,24784.099609375,0
2026-03-02 06:35:00+00:00,24770.75,24779.0,24761.599609375,24775.099609375,0
2026-03-02 06:40:00+00:00,24744.55078125,24781.19921875,24743.25,24768.69921875,0
2026-03-02 06:45:00+00:00,24727.44921875,24756.0,24721.69921875,24743.5,0
2026-03-02 06:50:00+00:00,24728.55078125,24736.30078125,24718.55078125,24725.30078125,0
2026-03-02 06:55:00+00:00,24735.650390625,24737.25,24721.44921875,24728.44921875,0
2026-03-02 07:00:00+00:00,24734.900390625,24741.25,24724.849609375,24734.55078125,0
2026-03-02 07:05:00+00:00,24695.75,24736.80078125,24691.5,24734.150390625,0
2026-03-02 07:10:00+00:00,24687.900390625,24712.80078125,24684.25,24695.650390625,0
2026-03-02 07:15:00+00:00,24688.599609375,24707.150390625,24679.099609375,24687.5,0
2026-03-02 07:20:00+00:00,24698.099609375,24711.80078125,24685.25,24687.599609375,0
2026-03-02 07:25:00+00:00,24697.05078125,24705.400390625,24687.80078125,24697.80078125,0
2026-03-02 07:30:00+00:00,24697.69921875,24706.650390625,24686.849609375,24698.94921875,0
2026-03-02 07:35:00+00:00,24692.900390625,24702.44921875,24692.25,24699.30078125,0
2026-03-02 07:40:00+00:00,24695.5,24699.44921875,24689.150390625,24692.900390625,0
2026-03-02 07:45:00+00:00,24699.19921875,24708.80078125,24688.400390625,24695.650390625,0
2026-03-02 07:50:00+00:00,24696.0,24704.599609375,24691.19921875,24696.75,0
2026-03-02 07:55:00+00:00,24679.5,24697.900390625,24671.599609375,24696.30078125,0
2026-03-02 08:00:00+00:00,24677.25,24690.650390625,24668.44921875,24677.80078125,0
2026-03-02 08:05:00+00:00,24674.94921875,24687.849609375,24669.650390625,24677.900390625,0
2026-03-02 08:10:00+00:00,24675.349609375,24676.5,24655.55078125,24675.69921875,0
2026-03-02 08:15:00+00:00,24661.44921875,24678.5,24658.05078125,24675.150390625,0
2026-03-02 08:20:00+00:00,24645.849609375,24665.75,24644.25,24661.05078125,0
2026-03-02 08:25:00+00:00,24614.75,24647.0,24604.69921875,24646.69921875,0
2026-03-02 08:30:00+00:00,24687.30078125,24740.80078125,24603.94921875,24612.599609375,0
2026-03-02 08:35:00+00:00,24746.5,24780.099609375,24685.30078125,24686.349609375,0
2026-03-02 08:40:00+00:00,24787.400390625,24795.5,24745.30078125,24746.25,0
2026-03-02 08:45:00+00:00,24782.150390625,24794.55078125,24752.349609375,24787.5,0
2026-03-02 08:50:00+00:00,24779.25,24791.30078125,24755.55078125,24782.650390625,0
2026-03-02 08:55:00+00:00,24730.30078125,24783.150390625,24727.80078125,24779.5,0
2026-03-02 09:00:00+00:00,24799.75,24799.75,24722.5,24730.900390625,0
2026-03-02 09:05:00+00:00,24837.650390625,24854.349609375,24801.849609375,24801.849609375,0
2026-03-02 09:10:00+00:00,24864.849609375,24879.349609375,24838.349609375,24838.349609375,0
2026-03-02 09:15:00+00:00,24872.150390625,24892.400390625,24825.900390625,24865.30078125,0
2026-03-02 09:20:00+00:00,24876.5,24880.44921875,24850.349609375,24871.94921875,0
2026-03-02 09:25:00+00:00,24823.349609375,24881.05078125,24815.19921875,24875.75,0
2026-03-02 09:30:00+00:00,24862.19921875,24878.25,24808.349609375,24824.69921875,0
2026-03-02 09:35:00+00:00,24862.599609375,24877.099609375,24830.599609375,24863.05078125,0
2026-03-02 09:40:00+00:00,24904.80078125,24904.80078125,24849.0,24863.19921875,0
2026-03-02 09:45:00+00:00,24912.099609375,24913.55078125,24878.94921875,24905.25,0
2026-03-02 09:50:00+00:00,24864.25,24914.849609375,24860.400390625,24913.44921875,0
2026-03-02 09:55:00+00:00,24849.75,24886.099609375,24845.19921875,24865.55078125,0
2026-03-04 03:45:00+00:00,24385.099609375,24471.19921875,24336.69921875,24421.44921875,0
2026-03-04 03:50:00+00:00,24341.150390625,24392.05078125,24339.55078125,24388.19921875,0
2026-03-04 03:55:00+00:00,24342.849609375,24374.44921875,24316.25,24340.55078125,0
2026-03-04 04:00:00+00:00,24332.349609375,24366.5,24326.0,24344.75,0
2026-03-04 04:05:00+00:00,24346.849609375,24362.05078125,24317.150390625,24334.94921875,0
2026-03-04 04:10:00+00:00,24408.75,24412.0,24347.80078125,24348.75,0
2026-03-04 04:15:00+00:00,24365.25,24416.19921875,24353.80078125,24410.94921875,0
2026-03-04 04:20:00+00:00,24359.099609375,24372.0,24349.80078125,24365.75,0
2026-03-04 04:25:00+00:00,24325.900390625,24360.349609375,24323.599609375,24359.19921875,0
2026-03-04 04:30:00+00:00,24332.849609375,24346.099609375,24306.599609375,24325.80078125,0
2026-03-04 04:35:00+00:00,24367.94921875,24371.80078125,24329.69921875,24335.05078125,0
2026-03-04 04:40:00+00:00,24413.650390625,24414.80078125,24351.05078125,24368.849609375,0
2026-03-04 04:45:00+00:00,24387.0,24417.55078125,24384.30078125,24413.650390625,0
2026-03-04 04:50:00+00:00,24399.349609375,24425.0,24382.599609375,24387.75,0
2026-03-04 04:55:00+00:00,24419.05078125,24437.349609375,24394.650390625,24399.599609375,0
2026-03-04 05:00:00+00:00,24398.849609375,24420.69921875,24394.150390625,24420.0,0
2026-03-04 05:05:00+00:00,24390.099609375,24409.30078125,24382.0,24398.94921875,0
2026-03-04 05:10:00+00:00,24390.75,24392.349609375,24379.94921875,24391.55078125,0
2026-03-04 05:15:00+00:00,24400.30078125,24422.400390625,24390.44921875,24391.650390625,0
2026-03-04 05:20:00+00:00,24398.0,24402.0,24382.80078125,24401.69921875,0
2026-03-04 05:25:00+00:00,24391.44921875,24399.849609375,24375.69921875,24398.80078125,0
2026-03-04 05:30:00+00:00,24420.69921875,24427.80078125,24388.599609375,24394.19921875,0
2026-03-04 05:35:00+00:00,24450.900390625,24453.400390625,24413.19921875,24421.150390625,0
2026-03-04 05:40:00+00:00,24435.44921875,24461.349609375,24433.849609375,24451.650390625,0
2026-03-04 05:45:00+00:00,24412.05078125,24438.900390625,24409.05078125,24436.400390625,0
2026-03-04 05:50:00+00:00,24393.30078125,24422.900390625,24390.349609375,24412.150390625,0
2026-03-04 05:55:00+00:00,24365.55078125,24397.55078125,24363.0,24393.44921875,0
2026-03-04 06:00:00+00:00,24364.69921875,24378.5,24354.150390625,24367.05078125,0
2026-03-04 06:05:00+00:00,24367.25,24383.349609375,24362.80078125,24365.75,0
2026-03-04 06:10:00+00:00,24362.19921875,24382.30078125,24361.099609375,24367.05078125,0
2026-03-04 06:15:00+00:00,24367.849609375,24372.55078125,24354.30078125,24364.05078125,0
2026-03-04 06:20:00+00:00,24369.400390625,24401.05078125,24367.0,24368.599609375,0
2026-03-04 06:25:00+00:00,24375.150390625,24380.400390625,24367.849609375,24370.150390625,0
2026-03-04 06:30:00+00:00,24389.099609375,24391.5,24376.349609375,24376.849609375,0
2026-03-04 06:35:00+00:00,24393.400390625,24395.599609375,24378.19921875,24389.80078125,0
2026-03-04 06:40:00+00:00,24379.849609375,24402.30078125,24378.44921875,24394.80078125,0
2026-03-04 06:45:00+00:00,24369.0,24383.80078125,24366.55078125,24381.150390625,0
2026-03-04 06:50:00+00:00,24375.80078125,24385.599609375,24369.55078125,24371.349609375,0
2026-03-04 06:55:00+00:00,24368.30078125,24384.94921875,24362.25,24376.650390625,0
2026-03-04 07:00:00+00:00,24375.05078125,24381.599609375,24368.94921875,24368.94921875,0
2026-03-04 07:05:00+00:00,24377.94921875,24387.5,24370.94921875,24375.55078125,0
2026-03-04 07:10:00+00:00,24382.55078125,24383.30078125,24357.75,24378.5,0
2026-03-04 07:15:00+00:00,24385.849609375,24396.19921875,24379.94921875,24383.349609375,0
2026-03-04 07:20:00+00:00,24394.150390625,24397.900390625,24384.19921875,24386.55078125,0
2026-03-04 07:25:00+00:00,24416.80078125,24428.099609375,24393.44921875,24394.80078125,0
2026-03-04 07:30:00+00:00,24422.150390625,24431.94921875,24414.75,24418.0,0
2026-03-04 07:35:00+00:00,24438.150390625,24438.349609375,24414.5,24423.150390625,0
2026-03-04 07:40:00+00:00,24461.0,24461.0,24433.0,24438.94921875,0
2026-03-04 07:45:00+00:00,24441.44921875,24465.75,24436.30078125,24461.44921875,0
2026-03-04 07:50:00+00:00,24459.55078125,24460.19921875,24432.30078125,24442.150390625,0
2026-03-04 07:55:00+00:00,24451.599609375,24476.69921875,24449.75,24459.55078125,0
2026-03-04 08:00:00+00:00,24435.650390625,24466.349609375,24435.099609375,24451.25,0
2026-03-04 08:05:00+00:00,24447.0,24448.099609375,24418.150390625,24436.05078125,0
2026-03-04 08:10:00+00:00,24462.599609375,24462.650390625,24440.25,24448.05078125,0
2026-03-04 08:15:00+00:00,24441.94921875,24469.849609375,24438.69921875,24463.5,0
2026-03-04 08:20:00+00:00,24428.55078125,24445.30078125,24426.900390625,24442.599609375,0
2026-03-04 08:25:00+00:00,24437.0,24438.400390625,24415.75,24428.69921875,0
2026-03-04 08:30:00+00:00,24451.099609375,24453.900390625,24437.55078125,24437.900390625,0
2026-03-04 08:35:00+00:00,24494.599609375,24496.19921875,24440.19921875,24451.19921875,0
2026-03-04 08:40:00+00:00,24554.94921875,24556.44921875,24483.30078125,24495.55078125,0
2026-03-04 08:45:00+00:00,24567.849609375,24574.25,24541.30078125,24555.349609375,0
2026-03-04 08:50:00+00:00,24535.0,24568.849609375,24533.94921875,24568.349609375,0
2026-03-04 08:55:00+00:00,24522.5,24541.30078125,24513.849609375,24536.55078125,0
2026-03-04 09:00:00+00:00,24534.25,24553.5,24502.599609375,24523.099609375,0
2026-03-04 09:05:00+00:00,24537.849609375,24543.5,24520.599609375,24534.849609375,0
2026-03-04 09:10:00+00:00,24578.75,24583.75,24539.25,24540.349609375,0
2026-03-04 09:15:00+00:00,24581.19921875,24598.94921875,24548.0,24579.099609375,0
2026-03-04 09:20:00+00:00,24585.55078125,24594.05078125,24570.69921875,24584.849609375,0
2026-03-04 09:25:00+00:00,24582.94921875,24602.0,24571.75,24586.349609375,0
2026-03-04 09:30:00+00:00,24509.0,24584.44921875,24506.19921875,24582.94921875,0
2026-03-04 09:35:00+00:00,24472.19921875,24518.44921875,24471.05078125,24508.650390625,0
2026-03-04 09:40:00+00:00,24465.94921875,24474.44921875,24457.44921875,24471.150390625,0
2026-03-04 09:45:00+00:00,24456.900390625,24473.55078125,24451.05078125,24464.849609375,0
2026-03-04 09:50:00+00:00,24470.44921875,24473.0,24453.650390625,24457.099609375,0
2026-03-04 09:55:00+00:00,24473.94921875,24482.150390625,24457.900390625,24468.400390625,0
2026-03-05 03:45:00+00:00,24584.849609375,24651.599609375,24553.75,24615.900390625,0
2026-03-05 03:50:00+00:00,24607.19921875,24609.5,24557.25,24586.80078125,0
2026-03-05 03:55:00+00:00,24568.44921875,24610.94921875,24558.849609375,24608.30078125,0
2026-03-05 04:00:00+00:00,24564.5,24586.30078125,24550.099609375,24570.599609375,0
2026-03-05 04:05:00+00:00,24534.25,24569.849609375,24533.599609375,24566.30078125,0
2026-03-05 04:10:00+00:00,24596.19921875,24599.599609375,24530.69921875,24533.30078125,0
2026-03-05 04:15:00+00:00,24604.94921875,24616.55078125,24583.75,24597.5,0
2026-03-05 04:20:00+00:00,24648.900390625,24651.150390625,24603.19921875,24604.55078125,0
2026-03-05 04:25:00+00:00,24628.5,24656.5,24626.900390625,24648.849609375,0
2026-03-05 04:30:00+00:00,24623.25,24649.0,24623.150390625,24628.25,0
2026-03-05 04:35:00+00:00,24628.599609375,24647.900390625,24622.400390625,24622.400390625,0
2026-03-05 04:40:00+00:00,24596.25,24630.25,24595.150390625,24629.44921875,0
2026-03-05 04:45:00+00:00,24596.0,24608.650390625,24594.400390625,24597.05078125,0
2026-03-05 04:50:00+00:00,24581.44921875,24598.19921875,24574.400390625,24594.30078125,0
2026-03-05 04:55:00+00:00,24564.55078125,24584.599609375,24538.55078125,24582.599609375,0
2026-03-05 05:00:00+00:00,24559.599609375,24572.05078125,24550.30078125,24563.69921875,0
2026-03-05 05:05:00+00:00,24627.69921875,24629.55078125,24559.69921875,24559.94921875,0
2026-03-05 05:10:00+00:00,24650.94921875,24653.94921875,24625.849609375,24627.849609375,0
2026-03-05 05:15:00+00:00,24641.55078125,24660.150390625,24639.80078125,24651.05078125,0
2026-03-05 05:20:00+00:00,24644.25,24645.75,24629.25,24639.94921875,0
2026-03-05 05:25:00+00:00,24666.55078125,24672.05078125,24645.75,24646.25,0
2026-03-05 05:30:00+00:00,24648.099609375,24672.5,24639.05078125,24667.19921875,0
2026-03-05 05:35:00+00:00,24655.150390625,24667.69921875,24645.650390625,24649.150390625,0
2026-03-05 05:40:00+00:00,24643.19921875,24657.400390625,24643.19921875,24656.400390625,0
2026-03-05 05:45:00+00:00,24655.900390625,24662.94921875,24636.05078125,24639.849609375,0
2026-03-05 05:50:00+00:00,24634.650390625,24658.099609375,24626.099609375,24657.650390625,0
2026-03-05 05:55:00+00:00,24612.900390625,24639.94921875,24607.69921875,24635.099609375,0
2026-03-05 06:00:00+00:00,24624.94921875,24638.30078125,24611.75,24613.650390625,0
2026-03-05 06:05:00+00:00,24603.400390625,24625.599609375,24593.69921875,24624.80078125,0
2026-03-05 06:10:00+00:00,24590.349609375,24605.849609375,24588.55078125,24603.94921875,0
2026-03-05 06:15:00+00:00,24569.69921875,24593.150390625,24568.55078125,24590.75,0
2026-03-05 06:20:00+00:00,24594.599609375,24594.599609375,24556.900390625,24569.19921875,0
2026-03-05 06:25:00+00:00,24579.099609375,24597.55078125,24560.349609375,24594.849609375,0
2026-03-05 06:30:00+00:00,24590.150390625,24596.05078125,24578.05078125,24580.19921875,0
2026-03-05 06:35:00+00:00,24588.25,24595.80078125,24574.44921875,24590.80078125,0
2026-03-05 06:40:00+00:00,24615.5,24616.30078125,24584.849609375,24587.150390625,0
2026-03-05 06:45:00+00:00,24602.349609375,24616.19921875,24592.900390625,24615.650390625,0
2026-03-05 06:50:00+00:00,24619.150390625,24635.650390625,24602.400390625,24603.19921875,0
2026-03-05 06:55:00+00:00,24648.849609375,24651.75,24611.599609375,24619.19921875,0
2026-03-05 07:00:00+00:00,24650.30078125,24665.94921875,24647.0,24649.150390625,0
2026-03-05 07:05:00+00:00,24652.69921875,24654.19921875,24632.650390625,24650.650390625,0
2026-03-05 07:10:00+00:00,24645.80078125,24657.599609375,24641.25,24653.150390625,0
2026-03-05 07:15:00+00:00,24631.44921875,24646.5,24619.400390625,24645.80078125,0
2026-03-05 07:20:00+00:00,24652.650390625,24654.349609375,24626.80078125,24632.099609375,0
2026-03-05 07:25:00+00:00,24653.44921875,24657.599609375,24643.69921875,24653.150390625,0
2026-03-05 07:30:00+00:00,24633.30078125,24660.849609375,24633.150390625,24653.94921875,0
2026-03-05 07:35:00+00:00,24644.099609375,24647.150390625,24632.55078125,24633.150390625,0
2026-03-05 07:40:00+00:00,24639.650390625,24656.599609375,24632.900390625,24644.69921875,0
2026-03-05 07:45:00+00:00,24631.05078125,24646.25,24627.0,24640.69921875,0
2026-03-05 07:50:00+00:00,24638.19921875,24645.55078125,24621.75,24631.19921875,0
2026-03-05 07:55:00+00:00,24651.0,24651.349609375,24629.05078125,24638.650390625,0
2026-03-05 08:00:00+00:00,24639.19921875,24671.30078125,24628.25,24651.55078125,0
2026-03-05 08:05:00+00:00,24614.05078125,24642.44921875,24605.80078125,24639.599609375,0
2026-03-05 08:10:00+00:00,24619.80078125,24629.94921875,24606.25,24614.69921875,0
2026-03-05 08:15:00+00:00,24615.400390625,24635.099609375,24615.30078125,24619.849609375,0
2026-03-05 08:20:00+00:00,24592.599609375,24618.5,24588.05078125,24616.099609375,0
2026-03-05 08:25:00+00:00,24573.69921875,24594.75,24569.75,24593.94921875,0
2026-03-05 08:30:00+00:00,24578.19921875,24586.099609375,24564.80078125,24572.5,0
2026-03-05 08:35:00+00:00,24552.900390625,24581.099609375,24552.900390625,24578.650390625,0
2026-03-05 08:40:00+00:00,24553.75,24563.19921875,24547.349609375,24553.30078125,0
2026-03-05 08:45:00+00:00,24531.94921875,24567.650390625,24529.55078125,24554.150390625,0
2026-03-05 08:50:00+00:00,24590.94921875,24600.0,24529.650390625,24531.25,0
2026-03-05 08:55:00+00:00,24611.25,24617.400390625,24576.900390625,24591.099609375,0
2026-03-05 09:00:00+00:00,24582.5,24612.75,24576.44921875,24611.5,0
2026-03-05 09:05:00+00:00,24672.5,24673.900390625,24580.150390625,24583.599609375,0
2026-03-05 09:10:00+00:00,24726.80078125,24759.44921875,24669.80078125,24672.44921875,0
2026-03-05 09:15:00+00:00,24758.400390625,24762.75,24712.75,24727.05078125,0
2026-03-05 09:20:00+00:00,24846.55078125,24853.75,24753.69921875,24757.05078125,0
2026-03-05 09:25:00+00:00,24848.94921875,24853.900390625,24799.849609375,24846.25,0
2026-03-05 09:30:00+00:00,24790.69921875,24853.25,24768.05078125,24849.19921875,0
2026-03-05 09:35:00+00:00,24774.30078125,24796.44921875,24765.599609375,24789.400390625,0
2026-03-05 09:40:00+00:00,24714.80078125,24784.69921875,24714.099609375,24772.650390625,0
2026-03-05 09:45:00+00:00,24716.849609375,24759.400390625,24713.75,24716.0,0
2026-03-05 09:50:00+00:00,24719.05078125,24730.650390625,24706.05078125,24717.19921875,0
2026-03-05 09:55:00+00:00,24737.44921875,24748.44921875,24715.900390625,24719.849609375,0
2026-03-06 03:45:00+00:00,24594.400390625,24656.400390625,24591.75,24656.400390625,0
2026-03-06 03:50:00+00:00,24647.599609375,24652.75,24588.349609375,24594.900390625,0
2026-03-06 03:55:00+00:00,24681.19921875,24683.0,24644.19921875,24647.44921875,0
2026-03-06 04:00:00+00:00,24650.44921875,24681.5,24649.30078125,24681.5,0
2026-03-06 04:05:00+00:00,24648.400390625,24676.55078125,24639.80078125,24650.349609375,0
2026-03-06 04:10:00+00:00,24678.849609375,24680.80078125,24641.25,24647.80078125,0
2026-03-06 04:15:00+00:00,24657.900390625,24688.099609375,24655.75,24678.349609375,0
2026-03-06 04:20:00+00:00,24643.849609375,24666.25,24638.94921875,24658.19921875,0
2026-03-06 04:25:00+00:00,24625.150390625,24643.599609375,24618.849609375,24643.30078125,0
2026-03-06 04:30:00+00:00,24635.0,24647.5,24616.94921875,24624.30078125,0
2026-03-06 04:35:00+00:00,24653.599609375,24661.099609375,24622.80078125,24634.650390625,0
2026-03-06 04:40:00+00:00,24653.349609375,24657.849609375,24648.94921875,24654.0,0
2026-03-06 04:45:00+00:00,24673.5,24675.44921875,24651.099609375,24652.349609375,0
2026-03-06 04:50:00+00:00,24669.099609375,24674.349609375,24658.75,24674.150390625,0
2026-03-06 04:55:00+00:00,24651.75,24675.650390625,24647.400390625,24669.19921875,0
2026-03-06 05:00:00+00:00,24619.099609375,24652.69921875,24618.849609375,24652.349609375,0
2026-03-06 05:05:00+00:00,24621.599609375,24630.55078125,24608.75,24618.599609375,0
2026-03-06 05:10:00+00:00,24620.150390625,24629.099609375,24613.30078125,24620.94921875,0
2026-03-06 05:15:00+00:00,24586.5,24622.30078125,24585.30078125,24620.80078125,0
2026-03-06 05:20:00+00:00,24596.69921875,24621.05078125,24575.75,24587.19921875,0
2026-03-06 05:25:00+00:00,24594.650390625,24598.099609375,24584.19921875,24596.69921875,0
2026-03-06 05:30:00+00:00,24635.69921875,24636.849609375,24594.900390625,24594.900390625,0
2026-03-06 05:35:00+00:00,24635.94921875,24648.69921875,24626.30078125,24636.55078125,0
2026-03-06 05:40:00+00:00,24617.599609375,24637.55078125,24615.099609375,24636.099609375,0
2026-03-06 05:45:00+00:00,24606.349609375,24621.400390625,24599.69921875,24617.400390625,0
2026-03-06 05:50:00+00:00,24600.150390625,24619.599609375,24600.150390625,24606.599609375,0
2026-03-06 05:55:00+00:00,24607.25,24607.55078125,24593.900390625,24600.19921875,0
2026-03-06 06:00:00+00:00,24620.44921875,24620.849609375,24602.55078125,24607.75,0
2026-03-06 06:05:00+00:00,24635.55078125,24635.650390625,24618.349609375,24620.75,0
2026-03-06 06:10:00+00:00,24616.400390625,24654.55078125,24615.80078125,24634.849609375,0
2026-03-06 06:15:00+00:00,24632.44921875,24634.0,24611.69921875,24616.5,0
2026-03-06 06:20:00+00:00,24619.849609375,24634.849609375,24613.900390625,24632.400390625,0
2026-03-06 06:25:00+00:00,24625.69921875,24630.19921875,24611.94921875,24619.30078125,0
2026-03-06 06:30:00+00:00,24609.650390625,24627.55078125,24608.94921875,24625.849609375,0
2026-03-06 06:35:00+00:00,24626.5,24629.55078125,24606.19921875,24610.099609375,0
2026-03-06 06:40:00+00:00,24608.849609375,24631.44921875,24605.44921875,24626.80078125,0
2026-03-06 06:45:00+00:00,24610.0,24623.349609375,24603.94921875,24608.599609375,0
2026-03-06 06:50:00+00:00,24608.849609375,24612.75,24600.099609375,24610.599609375,0
2026-03-06 06:55:00+00:00,24578.30078125,24609.69921875,24576.05078125,24609.69921875,0
2026-03-06 07:00:00+00:00,24595.05078125,24598.0,24578.25,24578.25,0
2026-03-06 07:05:00+00:00,24586.150390625,24597.900390625,24584.94921875,24594.849609375,0
2026-03-06 07:10:00+00:00,24599.849609375,24602.0,24586.05078125,24586.05078125,0
2026-03-06 07:15:00+00:00,24595.5,24603.30078125,24583.80078125,24599.80078125,0
2026-03-06 07:20:00+00:00,24596.94921875,24611.25,24595.400390625,24596.0,0
2026-03-06 07:25:00+00:00,24603.69921875,24607.44921875,24592.150390625,24597.19921875,0
2026-03-06 07:30:00+00:00,24600.099609375,24614.25,24591.900390625,24603.599609375,0
2026-03-06 07:35:00+00:00,24595.099609375,24610.05078125,24593.599609375,24600.75,0
2026-03-06 07:40:00+00:00,24602.650390625,24603.599609375,24594.25,24595.44921875,0
2026-03-06 07:45:00+00:00,24597.80078125,24606.69921875,24593.25,24602.05078125,0
2026-03-06 07:50:00+00:00,24607.150390625,24614.849609375,24593.599609375,24597.849609375,0
2026-03-06 07:55:00+00:00,24609.650390625,24613.150390625,24602.75,24605.849609375,0
2026-03-06 08:00:00+00:00,24584.19921875,24610.650390625,24576.900390625,24609.0,0
2026-03-06 08:05:00+00:00,24600.400390625,24623.5,24573.849609375,24584.0,0
2026-03-06 08:10:00+00:00,24594.94921875,24608.05078125,24592.19921875,24600.44921875,0
2026-03-06 08:15:00+00:00,24581.849609375,24596.599609375,24572.400390625,24596.599609375,0
2026-03-06 08:20:00+00:00,24575.150390625,24596.5,24569.94921875,24580.94921875,0
2026-03-06 08:25:00+00:00,24554.900390625,24574.599609375,24553.94921875,24574.25,0
2026-03-06 08:30:00+00:00,24567.05078125,24581.94921875,24543.80078125,24555.69921875,0
2026-03-06 08:35:00+00:00,24584.900390625,24585.0,24564.55078125,24566.44921875,0
2026-03-06 08:40:00+00:00,24585.75,24605.69921875,24584.099609375,24584.099609375,0
2026-03-06 08:45:00+00:00,24609.25,24615.900390625,24585.44921875,24587.19921875,0
2026-03-06 08:50:00+00:00,24611.69921875,24612.55078125,24603.099609375,24610.05078125,0
2026-03-06 08:55:00+00:00,24593.0,24616.44921875,24592.30078125,24612.44921875,0
2026-03-06 09:00:00+00:00,24583.099609375,24602.30078125,24581.30078125,24593.44921875,0
2026-03-06 09:05:00+00:00,24568.900390625,24592.44921875,24567.75,24583.80078125,0
2026-03-06 09:10:00+00:00,24543.44921875,24569.19921875,24534.94921875,24569.19921875,0
2026-03-06 09:15:00+00:00,24488.80078125,24559.75,24446.599609375,24543.5,0
2026-03-06 09:20:00+00:00,24512.75,24534.80078125,24484.69921875,24488.400390625,0
2026-03-06 09:25:00+00:00,24482.55078125,24515.349609375,24481.599609375,24512.150390625,0
2026-03-06 09:30:00+00:00,24461.75,24492.80078125,24459.44921875,24481.80078125,0
2026-03-06 09:35:00+00:00,24460.05078125,24465.349609375,24445.69921875,24460.94921875,0
2026-03-06 09:40:00+00:00,24441.650390625,24464.099609375,24431.5,24460.150390625,0
2026-03-06 09:45:00+00:00,24434.900390625,24443.849609375,24416.650390625,24441.099609375,0
2026-03-06 09:50:00+00:00,24446.80078125,24454.25,24434.0,24434.0,0
2026-03-06 09:55:00+00:00,24469.400390625,24474.400390625,24443.150390625,24447.25,0
2026-03-09 03:45:00+00:00,23777.25,23958.099609375,23744.75,23868.05078125,0
2026-03-09 03:50:00+00:00,23719.19921875,23786.80078125,23715.099609375,23774.349609375,0
2026-03-09 03:55:00+00:00,23736.80078125,23748.69921875,23697.849609375,23720.94921875,0
2026-03-09 04:00:00+00:00,23764.400390625,23799.30078125,23735.349609375,23736.75,0
2026-03-09 04:05:00+00:00,23766.19921875,23782.400390625,23751.44921875,23764.849609375,0
2026-03-09 04:10:00+00:00,23738.69921875,23776.69921875,23737.599609375,23765.55078125,0
2026-03-09 04:15:00+00:00,23763.900390625,23773.349609375,23711.849609375,23737.400390625,0
2026-03-09 04:20:00+00:00,23777.099609375,23784.30078125,23751.25,23761.75,0
2026-03-09 04:25:00+00:00,23774.69921875,23786.400390625,23763.30078125,23776.5,0
2026-03-09 04:30:00+00:00,23757.099609375,23789.25,23750.650390625,23773.900390625,0
2026-03-09 04:35:00+00:00,23809.349609375,23813.099609375,23756.5,23758.599609375,0
2026-03-09 04:40:00+00:00,23807.25,23834.150390625,23805.19921875,23808.69921875,0
2026-03-09 04:45:00+00:00,23764.44921875,23806.19921875,23755.849609375,23806.19921875,0
2026-03-09 04:50:00+00:00,23776.75,23797.19921875,23761.75,23764.5,0
2026-03-09 04:55:00+00:00,23782.599609375,23787.69921875,23758.099609375,23776.30078125,0
2026-03-09 05:00:00+00:00,23753.099609375,23785.19921875,23749.900390625,23781.849609375,0
2026-03-09 05:05:00+00:00,23774.0,23791.75,23744.849609375,23752.30078125,0
2026-03-09 05:10:00+00:00,23782.099609375,23787.30078125,23763.94921875,23774.349609375,0
2026-03-09 05:15:00+00:00,23754.650390625,23784.900390625,23754.0,23783.400390625,0
2026-03-09 05:20:00+00:00,23851.44921875,23862.349609375,23750.150390625,23754.94921875,0
2026-03-09 05:25:00+00:00,23861.69921875,23896.0,23847.30078125,23852.650390625,0
2026-03-09 05:30:00+00:00,23849.0,23871.650390625,23836.55078125,23862.349609375,0
2026-03-09 05:35:00+00:00,23830.30078125,23854.150390625,23824.69921875,23848.650390625,0
2026-03-09 05:40:00+00:00,23818.599609375,23837.30078125,23784.44921875,23830.650390625,0
2026-03-09 05:45:00+00:00,23834.099609375,23837.099609375,23787.349609375,23819.5,0
2026-03-09 05:50:00+00:00,23847.0,23864.75,23831.849609375,23833.75,0
2026-03-09 05:55:00+00:00,23877.75,23888.650390625,23840.400390625,23846.80078125,0
2026-03-09 06:00:00+00:00,23882.150390625,23889.55078125,23863.900390625,23877.80078125,0
2026-03-09 06:05:00+00:00,23901.099609375,23904.80078125,23881.44921875,23881.44921875,0
2026-03-09 06:10:00+00:00,23897.650390625,23932.0,23891.55078125,23901.05078125,0
2026-03-09 06:15:00+00:00,23892.94921875,23910.5,23878.75,23897.650390625,0
2026-03-09 06:20:00+00:00,23891.75,23899.30078125,23883.94921875,23892.55078125,0
2026-03-09 06:25:00+00:00,23886.55078125,23898.19921875,23882.099609375,23892.400390625,0
2026-03-09 06:30:00+00:00,23881.400390625,23888.599609375,23867.150390625,23887.19921875,0
2026-03-09 06:35:00+00:00,23841.94921875,23882.599609375,23841.94921875,23882.599609375,0
2026-03-09 06:40:00+00:00,23855.80078125,23869.19921875,23828.349609375,23841.80078125,0
2026-03-09 06:45:00+00:00,23852.400390625,23866.80078125,23848.94921875,23855.349609375,0
2026-03-09 06:50:00+00:00,23863.849609375,23864.80078125,23839.19921875,23852.599609375,0
2026-03-09 06:55:00+00:00,23863.25,23870.849609375,23854.099609375,23865.0,0
2026-03-09 07:00:00+00:00,23844.849609375,23870.69921875,23844.849609375,23862.19921875,0
2026-03-09 07:05:00+00:00,23866.94921875,23871.150390625,23834.099609375,23844.5,0
2026-03-09 07:10:00+00:00,23873.25,23883.150390625,23859.0,23867.5,0
2026-03-09 07:15:00+00:00,23855.69921875,23884.0,23854.30078125,23873.44921875,0
2026-03-09 07:20:00+00:00,23889.150390625,23891.400390625,23854.400390625,23856.099609375,0
2026-03-09 07:25:00+00:00,23909.650390625,23914.94921875,23881.0,23889.5,0
2026-03-09 07:30:00+00:00,23915.05078125,23917.75,23890.19921875,23910.94921875,0
2026-03-09 07:35:00+00:00,23896.5,23918.19921875,23893.400390625,23914.44921875,0
2026-03-09 07:40:00+00:00,23870.69921875,23900.25,23863.349609375,23897.55078125,0
2026-03-09 07:45:00+00:00,23863.400390625,23883.69921875,23853.849609375,23869.69921875,0
2026-03-09 07:50:00+00:00,23868.099609375,23902.80078125,23861.150390625,23863.349609375,0
2026-03-09 07:55:00+00:00,23881.05078125,23906.849609375,23858.75,23866.75,0
2026-03-09 08:00:00+00:00,23912.44921875,23937.55078125,23882.150390625,23882.150390625,0
2026-03-09 08:05:00+00:00,23908.30078125,23914.400390625,23891.30078125,23912.30078125,0
2026-03-09 08:10:00+00:00,23903.400390625,23919.349609375,23899.30078125,23909.05078125,0
2026-03-09 08:15:00+00:00,23886.19921875,23907.05078125,23876.900390625,23902.849609375,0
2026-03-09 08:20:00+00:00,23900.900390625,23910.349609375,23882.69921875,23886.75,0
2026-03-09 08:25:00+00:00,23878.0,23911.55078125,23876.05078125,23901.150390625,0
2026-03-09 08:30:00+00:00,23883.599609375,23885.69921875,23859.599609375,23878.5,0
2026-03-09 08:35:00+00:00,23894.900390625,23900.19921875,23876.650390625,23883.650390625,0
2026-03-09 08:40:00+00:00,23881.349609375,23904.80078125,23878.75,23895.099609375,0
2026-03-09 08:45:00+00:00,23875.69921875,23886.849609375,23865.900390625,23883.599609375,0
2026-03-09 08:50:00+00:00,23897.650390625,23901.150390625,23863.94921875,23875.44921875,0
2026-03-09 08:55:00+00:00,23903.55078125,23917.30078125,23891.80078125,23899.150390625,0
2026-03-09 09:00:00+00:00,23907.55078125,23925.0,23895.599609375,23902.5,0
2026-03-09 09:05:00+00:00,23929.75,23931.55078125,23901.150390625,23907.75,0
2026-03-09 09:10:00+00:00,23946.55078125,23956.30078125,23914.0,23929.80078125,0
2026-03-09 09:15:00+00:00,23981.05078125,24016.849609375,23939.30078125,23946.94921875,0
2026-03-09 09:20:00+00:00,24012.150390625,24012.44921875,23968.099609375,23981.05078125,0
2026-03-09 09:25:00+00:00,24008.80078125,24018.55078125,23991.349609375,24011.650390625,0
2026-03-09 09:30:00+00:00,24048.30078125,24056.30078125,23973.94921875,24011.0,0
2026-03-09 09:35:00+00:00,24033.650390625,24075.849609375,24021.599609375,24049.400390625,0
2026-03-09 09:40:00+00:00,24047.80078125,24061.0,24024.69921875,24033.30078125,0
2026-03-09 09:45:00+00:00,24039.650390625,24056.150390625,24037.80078125,24047.69921875,0
2026-03-09 09:50:00+00:00,24015.69921875,24040.75,24006.150390625,24040.599609375,0
2026-03-09 09:55:00+00:00,24007.599609375,24016.849609375,23994.69921875,24014.650390625,0
2026-03-10 03:45:00+00:00,24150.400390625,24296.900390625,24150.400390625,24287.099609375,0
2026-03-10 03:50:00+00:00,24152.599609375,24174.650390625,24138.599609375,24150.69921875,0
2026-03-10 03:55:00+00:00,24159.80078125,24171.19921875,24126.599609375,24151.650390625,0
2026-03-10 04:00:00+00:00,24124.44921875,24164.599609375,24121.30078125,24159.349609375,0
2026-03-10 04:05:00+00:00,24093.400390625,24124.25,24086.400390625,24124.25,0
2026-03-10 04:10:00+00:00,24153.44921875,24155.25,24089.349609375,24093.150390625,0
2026-03-10 04:15:00+00:00,24136.650390625,24157.19921875,24115.05078125,24151.400390625,0
2026-03-10 04:20:00+00:00,24131.400390625,24140.25,24121.80078125,24136.599609375,0
2026-03-10 04:25:00+00:00,24093.099609375,24131.94921875,24079.94921875,24131.849609375,0
2026-03-10 04:30:00+00:00,24131.599609375,24138.650390625,24091.30078125,24092.05078125,0
2026-03-10 04:35:00+00:00,24139.5,24147.5,24121.400390625,24130.80078125,0
2026-03-10 04:40:00+00:00,24151.05078125,24160.94921875,24131.099609375,24139.150390625,0
2026-03-10 04:45:00+00:00,24204.55078125,24213.69921875,24149.30078125,24151.5,0
2026-03-10 04:50:00+00:00,24169.0,24208.19921875,24151.900390625,24205.0,0
2026-03-10 04:55:00+00:00,24160.599609375,24175.94921875,24153.19921875,24169.19921875,0
2026-03-10 05:00:00+00:00,24200.30078125,24207.30078125,24159.099609375,24160.30078125,0
2026-03-10 05:05:00+00:00,24193.19921875,24209.150390625,24185.44921875,24200.30078125,0
2026-03-10 05:10:00+00:00,24217.05078125,24224.80078125,24191.5,24192.69921875,0
2026-03-10 05:15:00+00:00,24222.400390625,24233.19921875,24213.25,24217.19921875,0
2026-03-10 05:20:00+00:00,24192.05078125,24225.80078125,24184.94921875,24222.19921875,0
2026-03-10 05:25:00+00:00,24197.400390625,24198.80078125,24173.94921875,24192.19921875,0
2026-03-10 05:30:00+00:00,24202.650390625,24207.30078125,24186.599609375,24197.599609375,0
2026-03-10 05:35:00+00:00,24219.599609375,24219.599609375,24196.75,24202.80078125,0
2026-03-10 05:40:00+00:00,24222.400390625,24224.94921875,24216.19921875,24219.099609375,0
2026-03-10 05:45:00+00:00,24210.25,24243.5,24208.30078125,24222.19921875,0
2026-03-10 05:50:00+00:00,24233.30078125,24234.44921875,24206.099609375,24210.80078125,0
2026-03-10 05:55:00+00:00,24229.0,24237.69921875,24216.94921875,24233.400390625,0
2026-03-10 06:00:00+00:00,24244.650390625,24246.849609375,24226.94921875,24229.55078125,0
2026-03-10 06:05:00+00:00,24252.05078125,24255.05078125,24242.349609375,24245.400390625,0
2026-03-10 06:10:00+00:00,24250.099609375,24255.30078125,24247.849609375,24252.30078125,0
2026-03-10 06:15:00+00:00,24208.19921875,24250.5,24208.0,24250.0,0
2026-03-10 06:20:00+00:00,24213.150390625,24214.599609375,24195.69921875,24207.44921875,0
2026-03-10 06:25:00+00:00,24210.650390625,24225.25,24193.900390625,24214.30078125,0
2026-03-10 06:30:00+00:00,24214.150390625,24222.75,24207.94921875,24210.80078125,0
2026-03-10 06:35:00+00:00,24205.30078125,24229.44921875,24205.30078125,24214.44921875,0
2026-03-10 06:40:00+00:00,24172.5,24215.900390625,24172.5,24205.349609375,0
2026-03-10 06:45:00+00:00,24184.5,24189.44921875,24149.94921875,24173.099609375,0
2026-03-10 06:50:00+00:00,24152.0,24186.650390625,24143.05078125,24184.400390625,0
2026-03-10 06:55:00+00:00,24162.650390625,24166.05078125,24147.599609375,24152.0,0
2026-03-10 07:00:00+00:00,24160.900390625,24165.900390625,24153.150390625,24163.30078125,0
2026-03-10 07:05:00+00:00,24157.0,24191.5,24156.5,24160.0,0
2026-03-10 07:10:00+00:00,24147.05078125,24163.349609375,24142.44921875,24156.650390625,0
2026-03-10 07:15:00+00:00,24184.5,24184.5,24142.75,24147.599609375,0
2026-03-10 07:20:00+00:00,24218.400390625,24220.05078125,24181.900390625,24184.44921875,0
2026-03-10 07:25:00+00:00,24219.150390625,24231.349609375,24209.400390625,24218.55078125,0
2026-03-10 07:30:00+00:00,24224.099609375,24236.5,24213.599609375,24219.400390625,0
2026-03-10 07:35:00+00:00,24206.30078125,24226.69921875,24201.55078125,24226.349609375,0
2026-03-10 07:40:00+00:00,24209.349609375,24217.849609375,24194.900390625,24208.05078125,0
2026-03-10 07:45:00+00:00,24215.400390625,24219.05078125,24203.599609375,24209.900390625,0
2026-03-10 07:50:00+00:00,24199.849609375,24225.30078125,24190.400390625,24215.75,0
2026-03-10 07:55:00+00:00,24212.599609375,24213.349609375,24191.849609375,24199.349609375,0
2026-03-10 08:00:00+00:00,24231.80078125,24236.05078125,24212.400390625,24212.55078125,0
2026-03-10 08:05:00+00:00,24252.150390625,24262.849609375,24215.75,24231.400390625,0
2026-03-10 08:10:00+00:00,24238.55078125,24258.099609375,24230.349609375,24251.69921875,0
2026-03-10 08:15:00+00:00,24233.650390625,24238.69921875,24223.5,24238.5,0
2026-03-10 08:20:00+00:00,24239.5,24253.5,24232.75,24233.80078125,0
2026-03-10 08:25:00+00:00,24233.19921875,24244.349609375,24232.80078125,24239.69921875,0
2026-03-10 08:30:00+00:00,24233.349609375,24236.650390625,24215.599609375,24233.44921875,0
2026-03-10 08:35:00+00:00,24275.5,24289.94921875,24227.650390625,24232.80078125,0
2026-03-10 08:40:00+00:00,24285.94921875,24294.0,24269.599609375,24276.75,0
2026-03-10 08:45:00+00:00,24252.849609375,24296.650390625,24248.44921875,24286.25,0
2026-03-10 08:50:00+00:00,24239.349609375,24253.80078125,24222.44921875,24252.650390625,0
2026-03-10 08:55:00+00:00,24235.44921875,24244.44921875,24221.25,24238.05078125,0
2026-03-10 09:00:00+00:00,24215.150390625,24245.94921875,24201.94921875,24235.19921875,0
2026-03-10 09:05:00+00:00,24228.44921875,24245.150390625,24214.05078125,24215.30078125,0
2026-03-10 09:10:00+00:00,24224.599609375,24236.400390625,24203.05078125,24227.5,0
2026-03-10 09:15:00+00:00,24264.599609375,24267.650390625,24208.5,24224.849609375,0
2026-03-10 09:20:00+00:00,24263.80078125,24278.150390625,24240.349609375,24265.75,0
2026-03-10 09:25:00+00:00,24261.44921875,24273.900390625,24250.150390625,24263.849609375,0
2026-03-10 09:30:00+00:00,24252.400390625,24264.05078125,24217.5,24261.94921875,0
2026-03-10 09:35:00+00:00,24259.0,24269.19921875,24246.55078125,24252.05078125,0
2026-03-10 09:40:00+00:00,24258.0,24276.25,24250.599609375,24259.0,0
2026-03-10 09:45:00+00:00,24274.25,24280.400390625,24256.94921875,24257.400390625,0
2026-03-10 09:50:00+00:00,24291.349609375,24292.0,24254.0,24273.599609375,0
2026-03-10 09:55:00+00:00,24286.150390625,24302.5,24281.25,24291.599609375,0
2026-03-11 03:45:00+00:00,24285.900390625,24293.5,24220.5,24262.69921875,0
2026-03-11 03:50:00+00:00,24242.5,24298.44921875,24239.349609375,24288.80078125,0
2026-03-11 03:55:00+00:00,24237.349609375,24250.349609375,24214.650390625,24243.599609375,0
2026-03-11 04:00:00+00:00,24228.599609375,24238.25,24203.5,24237.900390625,0
2026-03-11 04:05:00+00:00,24192.44921875,24230.69921875,24182.849609375,24228.75,0
2026-03-11 04:10:00+00:00,24187.650390625,24197.599609375,24173.849609375,24194.69921875,0
2026-03-11 04:15:00+00:00,24198.80078125,24207.5,24179.94921875,24188.94921875,0
2026-03-11 04:20:00+00:00,24148.55078125,24205.349609375,24147.19921875,24199.30078125,0
2026-03-11 04:25:00+00:00,24153.69921875,24170.55078125,24145.44921875,24148.349609375,0
2026-03-11 04:30:00+00:00,24160.599609375,24161.69921875,24134.25,24154.599609375,0
2026-03-11 04:35:00+00:00,24118.19921875,24160.94921875,24117.25,24160.94921875,0
2026-03-11 04:40:00+00:00,24116.5,24125.900390625,24109.849609375,24118.849609375,0
2026-03-11 04:45:00+00:00,24124.0,24132.25,24112.0,24117.099609375,0
2026-03-11 04:50:00+00:00,24125.05078125,24130.349609375,24104.55078125,24124.599609375,0
2026-03-11 04:55:00+00:00,24121.650390625,24131.94921875,24111.0,24126.30078125,0
2026-03-11 05:00:00+00:00,24125.400390625,24141.94921875,24119.400390625,24122.349609375,0
2026-03-11 05:05:00+00:00,24085.55078125,24125.599609375,24084.900390625,24125.349609375,0
2026-03-11 05:10:00+00:00,24074.099609375,24101.400390625,24070.19921875,24087.0,0
2026-03-11 05:15:00+00:00,24087.599609375,24088.349609375,24049.400390625,24074.0,0
2026-03-11 05:20:00+00:00,24083.44921875,24097.650390625,24072.349609375,24087.400390625,0
2026-03-11 05:25:00+00:00,24102.94921875,24104.05078125,24080.349609375,24083.44921875,0
2026-03-11 05:30:00+00:00,24110.849609375,24114.099609375,24089.900390625,24102.94921875,0
2026-03-11 05:35:00+00:00,24085.650390625,24111.94921875,24083.650390625,24111.44921875,0
2026-03-11 05:40:00+00:00,24071.400390625,24087.400390625,24063.30078125,24085.75,0
2026-03-11 05:45:00+00:00,24042.099609375,24073.75,24037.900390625,24073.75,0
2026-03-11 05:50:00+00:00,24010.599609375,24042.099609375,24010.150390625,24042.099609375,0
2026-03-11 05:55:00+00:00,24033.55078125,24033.69921875,24011.94921875,24013.5,0
2026-03-11 06:00:00+00:00,24001.19921875,24034.349609375,23997.05078125,24033.900390625,0
2026-03-11 06:05:00+00:00,24009.599609375,24023.599609375,23986.849609375,24001.44921875,0
2026-03-11 06:10:00+00:00,24013.94921875,24014.25,24000.099609375,24010.44921875,0
2026-03-11 06:15:00+00:00,23996.75,24015.94921875,23996.150390625,24014.44921875,0
2026-03-11 06:20:00+00:00,23995.25,23998.25,23975.150390625,23997.94921875,0
2026-03-11 06:25:00+00:00,23982.30078125,23995.55078125,23972.349609375,23995.55078125,0
2026-03-11 06:30:00+00:00,24021.94921875,24022.849609375,23978.94921875,23982.599609375,0
2026-03-11 06:35:00+00:00,24002.5,24023.849609375,23997.599609375,24022.099609375,0
2026-03-11 06:40:00+00:00,24011.599609375,24020.80078125,23999.650390625,24003.150390625,0
2026-03-11 06:45:00+00:00,24015.30078125,24019.75,24006.25,24012.55078125,0
2026-03-11 06:50:00+00:00,24015.599609375,24024.19921875,24009.05078125,24016.05078125,0
2026-03-11 06:55:00+00:00,24011.900390625,24017.0,24002.5,24016.19921875,0
2026-03-11 07:00:00+00:00,23990.900390625,24023.650390625,23984.0,24012.349609375,0
2026-03-11 07:05:00+00:00,23972.19921875,24001.75,23969.80078125,23993.25,0
2026-03-11 07:10:00+00:00,24010.94921875,24011.0,23970.94921875,23973.599609375,0
2026-03-11 07:15:00+00:00,23992.55078125,24011.849609375,23983.099609375,24011.849609375,0
2026-03-11 07:20:00+00:00,23985.94921875,23999.25,23983.19921875,23993.400390625,0
2026-03-11 07:25:00+00:00,23973.30078125,23990.849609375,23971.150390625,23986.30078125,0
2026-03-11 07:30:00+00:00,23961.5,23993.75,23954.19921875,23973.80078125,0
2026-03-11 07:35:00+00:00,23971.5,23974.349609375,23958.69921875,23962.150390625,0
2026-03-11 07:40:00+00:00,23929.650390625,23971.55078125,23920.30078125,23971.55078125,0
2026-03-11 07:45:00+00:00,23938.75,23939.650390625,23914.19921875,23930.69921875,0
2026-03-11 07:50:00+00:00,23961.44921875,23963.19921875,23934.75,23939.650390625,0
2026-03-11 07:55:00+00:00,23980.0,23980.650390625,23952.400390625,23962.05078125,0
2026-03-11 08:00:00+00:00,23977.099609375,24005.349609375,23973.900390625,23980.44921875,0
2026-03-11 08:05:00+00:00,23961.349609375,23985.599609375,23958.349609375,23977.55078125,0
2026-03-11 08:10:00+00:00,23957.94921875,23974.25,23955.849609375,23962.099609375,0
2026-03-11 08:15:00+00:00,23951.75,23964.400390625,23941.80078125,23958.44921875,0
2026-03-11 08:20:00+00:00,23961.5,23965.650390625,23938.69921875,23951.849609375,0
2026-03-11 08:25:00+00:00,23959.19921875,23966.25,23942.44921875,23961.849609375,0
2026-03-11 08:30:00+00:00,23955.05078125,23960.900390625,23940.599609375,23959.0,0
2026-03-11 08:35:00+00:00,23934.349609375,23959.400390625,23934.349609375,23955.099609375,0
2026-03-11 08:40:00+00:00,23939.94921875,23944.150390625,23929.19921875,23936.19921875,0
2026-03-11 08:45:00+00:00,23915.30078125,23948.400390625,23904.349609375,23940.94921875,0
2026-03-11 08:50:00+00:00,23900.099609375,23927.349609375,23900.099609375,23916.900390625,0
2026-03-11 08:55:00+00:00,23974.55078125,23974.599609375,23892.19921875,23899.55078125,0
2026-03-11 09:00:00+00:00,23924.30078125,23977.05078125,23924.30078125,23975.80078125,0
2026-03-11 09:05:00+00:00,23936.80078125,23939.5,23918.650390625,23923.25,0
2026-03-11 09:10:00+00:00,23921.30078125,23938.599609375,23913.69921875,23938.599609375,0
2026-03-11 09:15:00+00:00,23916.44921875,23930.400390625,23912.30078125,23921.55078125,0
2026-03-11 09:20:00+00:00,23916.150390625,23923.849609375,23894.5,23917.400390625,0
2026-03-11 09:25:00+00:00,23872.400390625,23916.75,23872.05078125,23916.75,0
2026-03-11 09:30:00+00:00,23883.94921875,23913.099609375,23874.80078125,23874.80078125,0
2026-03-11 09:35:00+00:00,23878.900390625,23896.400390625,23855.25,23887.150390625,0
2026-03-11 09:40:00+00:00,23861.900390625,23885.849609375,23857.5,23880.55078125,0
2026-03-11 09:45:00+00:00,23874.55078125,23879.599609375,23856.44921875,23864.19921875,0
2026-03-11 09:50:00+00:00,23860.25,23878.44921875,23848.099609375,23876.5,0
2026-03-11 09:55:00+00:00,23848.19921875,23860.55078125,23837.05078125,23860.55078125,0
2026-03-12 03:45:00+00:00,23563.150390625,23686.599609375,23557.849609375,23686.599609375,0
2026-03-12 03:50:00+00:00,23601.400390625,23601.400390625,23557.849609375,23564.5,0
2026-03-12 03:55:00+00:00,23603.349609375,23612.75,23586.849609375,23601.650390625,0
2026-03-12 04:00:00+00:00,23592.650390625,23619.599609375,23589.55078125,23600.44921875,0
2026-03-12 04:05:00+00:00,23572.849609375,23610.099609375,23571.849609375,23593.94921875,0
2026-03-12 04:10:00+00:00,23602.650390625,23606.900390625,23569.400390625,23574.5,0
2026-03-12 04:15:00+00:00,23623.150390625,23624.55078125,23595.05078125,23606.19921875,0
2026-03-12 04:20:00+00:00,23656.75,23657.0,23618.44921875,23623.5,0
2026-03-12 04:25:00+00:00,23693.80078125,23696.30078125,23643.75,23657.0,0
2026-03-12 04:30:00+00:00,23677.849609375,23696.349609375,23670.599609375,23695.400390625,0
2026-03-12 04:35:00+00:00,23628.19921875,23679.849609375,23620.150390625,23679.849609375,0
2026-03-12 04:40:00+00:00,23610.150390625,23651.400390625,23605.349609375,23632.44921875,0
2026-03-12 04:45:00+00:00,23612.650390625,23615.900390625,23589.900390625,23610.5,0
2026-03-12 04:50:00+00:00,23616.44921875,23628.94921875,23608.5,23614.75,0
2026-03-12 04:55:00+00:00,23666.650390625,23681.55078125,23617.150390625,23617.19921875,0
2026-03-12 05:00:00+00:00,23685.44921875,23690.099609375,23632.349609375,23666.349609375,0
2026-03-12 05:05:00+00:00,23712.94921875,23719.44921875,23673.44921875,23686.150390625,0
2026-03-12 05:10:00+00:00,23692.69921875,23719.80078125,23684.650390625,23714.349609375,0
2026-03-12 05:15:00+00:00,23694.0,23704.849609375,23690.599609375,23693.400390625,0
2026-03-12 05:20:00+00:00,23694.5,23713.650390625,23669.30078125,23694.599609375,0
2026-03-12 05:25:00+00:00,23740.900390625,23741.599609375,23681.69921875,23695.25,0
2026-03-12 05:30:00+00:00,23767.19921875,23768.099609375,23741.150390625,23741.599609375,0
2026-03-12 05:35:00+00:00,23738.400390625,23773.650390625,23733.94921875,23768.55078125,0
2026-03-12 05:40:00+00:00,23741.05078125,23764.400390625,23737.19921875,23739.44921875,0
2026-03-12 05:45:00+00:00,23696.900390625,23756.650390625,23678.150390625,23741.75,0
2026-03-12 05:50:00+00:00,23703.5,23703.900390625,23665.0,23700.69921875,0
2026-03-12 05:55:00+00:00,23703.30078125,23713.44921875,23690.5,23703.849609375,0
2026-03-12 06:00:00+00:00,23697.900390625,23704.19921875,23676.599609375,23704.19921875,0
2026-03-12 06:05:00+00:00,23697.25,23701.25,23682.650390625,23698.349609375,0
2026-03-12 06:10:00+00:00,23711.349609375,23718.25,23689.80078125,23699.400390625,0
2026-03-12 06:15:00+00:00,23694.30078125,23725.0,23688.099609375,23712.44921875,0
2026-03-12 06:20:00+00:00,23712.94921875,23718.849609375,23692.5,23695.69921875,0
2026-03-12 06:25:00+00:00,23739.849609375,23742.19921875,23708.150390625,23713.900390625,0
2026-03-12 06:30:00+00:00,23744.19921875,23748.099609375,23735.30078125,23739.44921875,0
2026-03-12 06:35:00+00:00,23725.650390625,23748.44921875,23718.099609375,23744.400390625,0
2026-03-12 06:40:00+00:00,23749.349609375,23750.650390625,23710.5,23727.80078125,0
2026-03-12 06:45:00+00:00,23724.30078125,23751.150390625,23721.80078125,23751.150390625,0
2026-03-12 06:50:00+00:00,23749.19921875,23755.94921875,23724.0,23725.69921875,0
2026-03-12 06:55:00+00:00,23744.099609375,23759.19921875,23735.19921875,23750.849609375,0
2026-03-12 07:00:00+00:00,23721.900390625,23747.599609375,23717.5,23744.400390625,0
2026-03-12 07:05:00+00:00,23709.75,23731.69921875,23702.400390625,23721.75,0
2026-03-12 07:10:00+00:00,23715.80078125,23722.349609375,23702.30078125,23710.650390625,0
2026-03-12 07:15:00+00:00,23722.099609375,23731.25,23714.099609375,23716.69921875,0
2026-03-12 07:20:00+00:00,23708.349609375,23728.900390625,23701.5,23722.849609375,0
2026-03-12 07:25:00+00:00,23717.0,23723.80078125,23700.80078125,23710.69921875,0
2026-03-12 07:30:00+00:00,23702.75,23718.69921875,23691.400390625,23717.849609375,0
2026-03-12 07:35:00+00:00,23682.55078125,23702.599609375,23656.400390625,23702.44921875,0
2026-03-12 07:40:00+00:00,23715.25,23722.400390625,23678.75,23683.55078125,0
2026-03-12 07:45:00+00:00,23702.25,23718.5,23697.25,23718.30078125,0
2026-03-12 07:50:00+00:00,23740.349609375,23744.099609375,23695.80078125,23702.94921875,0
2026-03-12 07:55:00+00:00,23764.30078125,23767.94921875,23732.69921875,23741.69921875,0
2026-03-12 08:00:00+00:00,23804.30078125,23814.75,23764.69921875,23765.25,0
2026-03-12 08:05:00+00:00,23811.80078125,23818.44921875,23796.599609375,23805.25,0
2026-03-12 08:10:00+00:00,23789.900390625,23832.650390625,23784.25,23813.599609375,0
2026-03-12 08:15:00+00:00,23782.55078125,23801.25,23776.25,23789.349609375,0
2026-03-12 08:20:00+00:00,23771.44921875,23793.099609375,23762.5,23783.599609375,0
2026-03-12 08:25:00+00:00,23738.599609375,23772.0,23738.599609375,23771.849609375,0
2026-03-12 08:30:00+00:00,23752.849609375,23762.44921875,23733.5,23740.55078125,0
2026-03-12 08:35:00+00:00,23721.5,23771.55078125,23720.05078125,23752.849609375,0
2026-03-12 08:40:00+00:00,23738.900390625,23747.650390625,23701.94921875,23721.69921875,0
2026-03-12 08:45:00+00:00,23749.349609375,23758.150390625,23723.30078125,23739.349609375,0
2026-03-12 08:50:00+00:00,23732.94921875,23755.80078125,23730.349609375,23749.5,0
2026-03-12 08:55:00+00:00,23711.80078125,23744.30078125,23709.650390625,23734.150390625,0
2026-03-12 09:00:00+00:00,23738.30078125,23739.94921875,23710.400390625,23713.5,0
2026-03-12 09:05:00+00:00,23724.94921875,23745.150390625,23721.400390625,23739.30078125,0
2026-03-12 09:10:00+00:00,23673.80078125,23726.150390625,23667.599609375,23726.150390625,0
2026-03-12 09:15:00+00:00,23672.55078125,23684.099609375,23657.19921875,23673.150390625,0
2026-03-12 09:20:00+00:00,23633.05078125,23674.69921875,23605.55078125,23674.25,0
2026-03-12 09:25:00+00:00,23639.44921875,23647.94921875,23619.94921875,23634.5,0
2026-03-12 09:30:00+00:00,23654.900390625,23655.80078125,23609.94921875,23641.099609375,0
2026-03-12 09:35:00+00:00,23666.80078125,23669.05078125,23637.900390625,23655.650390625,0
2026-03-12 09:40:00+00:00,23633.900390625,23679.80078125,23628.80078125,23665.349609375,0
2026-03-12 09:45:00+00:00,23649.55078125,23652.0,23624.75,23636.349609375,0
2026-03-12 09:50:00+00:00,23635.599609375,23652.150390625,23630.55078125,23650.650390625,0
2026-03-12 09:55:00+00:00,23639.349609375,23643.099609375,23624.599609375,23635.55078125,0
2026-03-13 03:45:00+00:00,23450.25,23485.05078125,23421.55078125,23472.80078125,0
2026-03-13 03:50:00+00:00,23431.599609375,23451.94921875,23417.400390625,23448.5,0
2026-03-13 03:55:00+00:00,23469.650390625,23475.55078125,23416.05078125,23431.150390625,0
2026-03-13 04:00:00+00:00,23453.900390625,23491.900390625,23452.599609375,23469.80078125,0
2026-03-13 04:05:00+00:00,23454.75,23474.44921875,23433.599609375,23455.05078125,0
2026-03-13 04:10:00+00:00,23425.5,23462.0,23424.94921875,23456.25,0
2026-03-13 04:15:00+00:00,23397.400390625,23426.55078125,23388.849609375,23426.55078125,0
2026-03-13 04:20:00+00:00,23363.099609375,23399.650390625,23363.099609375,23399.650390625,0
2026-03-13 04:25:00+00:00,23347.55078125,23372.55078125,23344.75,23364.44921875,0
2026-03-13 04:30:00+00:00,23361.099609375,23369.94921875,23333.5,23349.099609375,0
2026-03-13 04:35:00+00:00,23337.05078125,23361.80078125,23326.94921875,23361.80078125,0
2026-03-13 04:40:00+00:00,23329.80078125,23344.099609375,23311.849609375,23337.349609375,0
2026-03-13 04:45:00+00:00,23317.5,23340.69921875,23317.349609375,23330.94921875,0
2026-03-13 04:50:00+00:00,23311.849609375,23334.849609375,23306.5,23318.099609375,0
2026-03-13 04:55:00+00:00,23353.44921875,23357.099609375,23309.0,23313.69921875,0
2026-03-13 05:00:00+00:00,23326.75,23360.0,23325.69921875,23354.44921875,0
2026-03-13 05:05:00+00:00,23337.19921875,23338.0,23320.30078125,23326.75,0
2026-03-13 05:10:00+00:00,23324.55078125,23342.0,23313.05078125,23338.099609375,0
2026-03-13 05:15:00+00:00,23330.400390625,23333.400390625,23309.30078125,23325.19921875,0
2026-03-13 05:20:00+00:00,23359.19921875,23379.55078125,23330.099609375,23330.650390625,0
2026-03-13 05:25:00+00:00,23372.69921875,23372.69921875,23348.900390625,23362.099609375,0
2026-03-13 05:30:00+00:00,23358.25,23374.69921875,23355.19921875,23373.80078125,0
2026-03-13 05:35:00+00:00,23334.19921875,23361.650390625,23331.5,23357.25,0
2026-03-13 05:40:00+00:00,23321.650390625,23339.55078125,23317.44921875,23333.349609375,0
2026-03-13 05:45:00+00:00,23324.849609375,23329.25,23309.650390625,23323.55078125,0
2026-03-13 05:50:00+00:00,23335.94921875,23342.849609375,23319.599609375,23324.099609375,0
2026-03-13 05:55:00+00:00,23377.349609375,23379.19921875,23333.150390625,23337.0,0
2026-03-13 06:00:00+00:00,23391.30078125,23400.30078125,23365.349609375,23378.849609375,0
2026-03-13 06:05:00+00:00,23405.150390625,23410.19921875,23380.5,23392.19921875,0
2026-03-13 06:10:00+00:00,23407.900390625,23414.900390625,23395.25,23407.349609375,0
2026-03-13 06:15:00+00:00,23403.5,23410.599609375,23390.400390625,23409.349609375,0
2026-03-13 06:20:00+00:00,23389.25,23409.400390625,23388.69921875,23405.5,0
2026-03-13 06:25:00+00:00,23361.19921875,23389.69921875,23360.5,23389.69921875,0
2026-03-13 06:30:00+00:00,23344.150390625,23365.44921875,23335.75,23363.099609375,0
2026-03-13 06:35:00+00:00,23331.599609375,23347.5,23322.349609375,23344.30078125,0
2026-03-13 06:40:00+00:00,23336.150390625,23342.55078125,23317.44921875,23333.900390625,0
2026-03-13 06:45:00+00:00,23318.099609375,23338.900390625,23318.099609375,23338.900390625,0
2026-03-13 06:50:00+00:00,23269.55078125,23319.099609375,23269.55078125,23319.099609375,0
2026-03-13 06:55:00+00:00,23278.69921875,23291.25,23266.5,23273.30078125,0
2026-03-13 07:00:00+00:00,23239.19921875,23281.5,23228.80078125,23280.05078125,0
2026-03-13 07:05:00+00:00,23216.30078125,23241.80078125,23211.5,23241.0,0
2026-03-13 07:10:00+00:00,23212.400390625,23219.400390625,23193.900390625,23219.19921875,0
2026-03-13 07:15:00+00:00,23240.900390625,23245.5,23210.19921875,23214.0,0
2026-03-13 07:20:00+00:00,23229.599609375,23250.19921875,23213.55078125,23241.650390625,0
2026-03-13 07:25:00+00:00,23231.099609375,23242.80078125,23213.30078125,23230.44921875,0
2026-03-13 07:30:00+00:00,23221.25,23239.55078125,23217.75,23232.55078125,0
2026-03-13 07:35:00+00:00,23197.150390625,23227.5,23194.0,23223.75,0
2026-03-13 07:40:00+00:00,23175.69921875,23210.19921875,23175.05078125,23198.44921875,0
2026-03-13 07:45:00+00:00,23171.599609375,23192.75,23169.349609375,23178.349609375,0
2026-03-13 07:50:00+00:00,23141.25,23187.650390625,23138.150390625,23171.75,0
2026-03-13 07:55:00+00:00,23189.349609375,23191.30078125,23139.25,23142.75,0
2026-03-13 08:00:00+00:00,23167.94921875,23202.650390625,23166.400390625,23191.349609375,0
2026-03-13 08:05:00+00:00,23145.650390625,23171.099609375,23142.69921875,23169.19921875,0
2026-03-13 08:10:00+00:00,23157.150390625,23165.19921875,23133.0,23147.25,0
2026-03-13 08:15:00+00:00,23160.25,23168.400390625,23148.849609375,23159.099609375,0
2026-03-13 08:20:00+00:00,23138.25,23166.900390625,23120.44921875,23162.30078125,0
2026-03-13 08:25:00+00:00,23118.94921875,23150.30078125,23113.30078125,23141.55078125,0
2026-03-13 08:30:00+00:00,23143.19921875,23161.44921875,23120.19921875,23121.650390625,0
2026-03-13 08:35:00+00:00,23170.25,23178.5,23142.25,23145.25,0
2026-03-13 08:40:00+00:00,23201.849609375,23205.5,23167.150390625,23172.75,0
2026-03-13 08:45:00+00:00,23219.19921875,23220.0,23182.75,23203.650390625,0
2026-03-13 08:50:00+00:00,23210.19921875,23233.5,23201.75,23221.44921875,0
2026-03-13 08:55:00+00:00,23202.5,23225.099609375,23199.75,23210.80078125,0
2026-03-13 09:00:00+00:00,23235.5,23258.599609375,23203.599609375,23204.599609375,0
2026-03-13 09:05:00+00:00,23208.650390625,23249.05078125,23208.30078125,23242.099609375,0
2026-03-13 09:10:00+00:00,23224.80078125,23231.55078125,23205.650390625,23211.75,0
2026-03-13 09:15:00+00:00,23191.05078125,23231.19921875,23177.55078125,23228.69921875,0
2026-03-13 09:20:00+00:00,23167.349609375,23212.5,23166.599609375,23193.650390625,0
2026-03-13 09:25:00+00:00,23177.900390625,23182.099609375,23144.55078125,23172.650390625,0
2026-03-13 09:30:00+00:00,23138.05078125,23190.55078125,23135.75,23181.05078125,0
2026-03-13 09:35:00+00:00,23132.75,23147.94921875,23125.099609375,23137.44921875,0
2026-03-13 09:40:00+00:00,23162.55078125,23167.05078125,23127.75,23136.900390625,0
2026-03-13 09:45:00+00:00,23153.19921875,23165.150390625,23145.650390625,23161.44921875,0
2026-03-13 09:50:00+00:00,23148.150390625,23154.099609375,23138.5,23153.099609375,0
2026-03-13 09:55:00+00:00,23170.900390625,23173.849609375,23147.0,23147.30078125,0
2026-03-16 03:45:00+00:00,23172.55078125,23240.849609375,23106.44921875,23125.650390625,0
2026-03-16 03:50:00+00:00,23139.900390625,23188.30078125,23131.650390625,23173.80078125,0
2026-03-16 03:55:00+00:00,23157.75,23166.94921875,23111.30078125,23140.849609375,0
2026-03-16 04:00:00+00:00,23219.650390625,23224.30078125,23158.19921875,23159.5,0
2026-03-16 04:05:00+00:00,23242.75,23269.80078125,23217.05078125,23221.150390625,0
2026-03-16 04:10:00+00:00,23240.5,23284.349609375,23237.400390625,23240.94921875,0
2026-03-16 04:15:00+00:00,23241.0,23276.94921875,23231.44921875,23240.19921875,0
2026-03-16 04:20:00+00:00,23226.5,23261.0,23221.0,23240.849609375,0
2026-03-16 04:25:00+00:00,23167.55078125,23232.75,23164.69921875,23226.650390625,0
2026-03-16 04:30:00+00:00,23196.94921875,23198.349609375,23167.44921875,23168.80078125,0
2026-03-16 04:35:00+00:00,23184.44921875,23210.5,23182.150390625,23197.099609375,0
2026-03-16 04:40:00+00:00,23155.19921875,23189.94921875,23143.25,23184.75,0
2026-03-16 04:45:00+00:00,23100.0,23154.349609375,23099.80078125,23154.349609375,0
2026-03-16 04:50:00+00:00,23056.69921875,23100.599609375,23055.75,23100.599609375,0
2026-03-16 04:55:00+00:00,23024.94921875,23065.94921875,23024.94921875,23055.69921875,0
2026-03-16 05:00:00+00:00,23045.099609375,23074.5,23025.94921875,23026.5,0
2026-03-16 05:05:00+00:00,23057.69921875,23076.75,23038.80078125,23045.30078125,0
2026-03-16 05:10:00+00:00,23052.05078125,23068.30078125,23047.75,23056.849609375,0
2026-03-16 05:15:00+00:00,23035.599609375,23064.25,23028.0,23053.5,0
2026-03-16 05:20:00+00:00,22986.25,23041.5,22985.349609375,23035.69921875,0
2026-03-16 05:25:00+00:00,23032.25,23034.05078125,22955.55078125,22987.349609375,0
2026-03-16 05:30:00+00:00,23043.05078125,23049.05078125,23012.94921875,23032.94921875,0
2026-03-16 05:35:00+00:00,23076.75,23079.0,23030.400390625,23043.849609375,0
2026-03-16 05:40:00+00:00,23092.349609375,23097.44921875,23060.650390625,23077.900390625,0
2026-03-16 05:45:00+00:00,23187.75,23190.150390625,23090.69921875,23093.55078125,0
2026-03-16 05:50:00+00:00,23185.400390625,23199.44921875,23164.5,23189.05078125,0
2026-03-16 05:55:00+00:00,23172.19921875,23184.150390625,23160.55078125,23182.69921875,0
2026-03-16 06:00:00+00:00,23196.849609375,23218.150390625,23163.19921875,23172.75,0
2026-03-16 06:05:00+00:00,23166.69921875,23209.05078125,23161.349609375,23197.099609375,0
2026-03-16 06:10:00+00:00,23149.5,23184.05078125,23148.349609375,23166.349609375,0
2026-03-16 06:15:00+00:00,23160.0,23166.44921875,23144.80078125,23149.900390625,0
2026-03-16 06:20:00+00:00,23154.19921875,23170.55078125,23144.94921875,23160.0,0
2026-03-16 06:25:00+00:00,23144.94921875,23172.0,23138.099609375,23152.94921875,0
2026-03-16 06:30:00+00:00,23155.099609375,23188.94921875,23144.400390625,23144.400390625,0
2026-03-16 06:35:00+00:00,23159.55078125,23168.150390625,23150.80078125,23155.5,0
2026-03-16 06:40:00+00:00,23162.849609375,23185.849609375,23147.30078125,23159.19921875,0
2026-03-16 06:45:00+00:00,23166.05078125,23169.150390625,23154.349609375,23163.30078125,0
2026-03-16 06:50:00+00:00,23191.900390625,23192.849609375,23162.30078125,23166.5,0
2026-03-16 06:55:00+00:00,23179.400390625,23196.44921875,23171.150390625,23191.150390625,0
2026-03-16 07:00:00+00:00,23144.650390625,23182.55078125,23138.849609375,23178.650390625,0
2026-03-16 07:05:00+00:00,23159.44921875,23160.55078125,23114.5,23144.19921875,0
2026-03-16 07:10:00+00:00,23154.80078125,23173.650390625,23151.44921875,23159.44921875,0
2026-03-16 07:15:00+00:00,23102.650390625,23154.599609375,23100.599609375,23154.150390625,0
2026-03-16 07:20:00+00:00,23123.5,23128.69921875,23093.25,23102.400390625,0
2026-03-16 07:25:00+00:00,23132.400390625,23132.75,23114.80078125,23123.19921875,0
2026-03-16 07:30:00+00:00,23121.900390625,23172.599609375,23121.900390625,23132.75,0
2026-03-16 07:35:00+00:00,23121.55078125,23131.849609375,23086.349609375,23120.94921875,0
2026-03-16 07:40:00+00:00,23116.80078125,23146.30078125,23111.650390625,23120.25,0
2026-03-16 07:45:00+00:00,23151.099609375,23151.099609375,23115.400390625,23117.94921875,0
2026-03-16 07:50:00+00:00,23149.19921875,23168.94921875,23144.80078125,23150.69921875,0
2026-03-16 07:55:00+00:00,23124.5,23161.80078125,23121.849609375,23150.0,0
2026-03-16 08:00:00+00:00,23108.30078125,23144.19921875,23100.69921875,23123.75,0
2026-03-16 08:05:00+00:00,23128.19921875,23130.44921875,23106.650390625,23107.900390625,0
2026-03-16 08:10:00+00:00,23108.25,23147.849609375,23107.05078125,23126.349609375,0
2026-03-16 08:15:00+00:00,23107.80078125,23119.349609375,23092.849609375,23107.44921875,0
2026-03-16 08:20:00+00:00,23130.05078125,23142.55078125,23097.150390625,23107.849609375,0
2026-03-16 08:25:00+00:00,23130.80078125,23133.25,23115.75,23127.599609375,0
2026-03-16 08:30:00+00:00,23123.69921875,23134.44921875,23121.599609375,23130.44921875,0
2026-03-16 08:35:00+00:00,23137.599609375,23142.900390625,23116.0,23123.44921875,0
2026-03-16 08:40:00+00:00,23155.30078125,23180.69921875,23136.349609375,23136.349609375,0
2026-03-16 08:45:00+00:00,23225.599609375,23226.849609375,23134.599609375,23155.05078125,0
2026-03-16 08:50:00+00:00,23336.44921875,23340.900390625,23225.19921875,23226.55078125,0
2026-03-16 08:55:00+00:00,23347.849609375,23369.5,23302.150390625,23339.69921875,0
2026-03-16 09:00:00+00:00,23365.849609375,23382.19921875,23337.650390625,23352.849609375,0
2026-03-16 09:05:00+00:00,23411.599609375,23416.80078125,23358.099609375,23370.25,0
2026-03-16 09:10:00+00:00,23427.849609375,23450.05078125,23390.05078125,23415.0,0
2026-03-16 09:15:00+00:00,23453.849609375,23460.650390625,23411.30078125,23429.849609375,0
2026-03-16 09:20:00+00:00,23458.150390625,23502.0,23435.099609375,23456.25,0
2026-03-16 09:25:00+00:00,23454.05078125,23475.44921875,23436.75,23463.75,0
2026-03-16 09:30:00+00:00,23401.69921875,23459.25,23388.75,23455.30078125,0
2026-03-16 09:35:00+00:00,23440.19921875,23458.0,23403.55078125,23403.55078125,0
2026-03-16 09:40:00+00:00,23435.25,23460.19921875,23418.25,23442.19921875,0
2026-03-16 09:45:00+00:00,23376.0,23436.05078125,23373.25,23435.80078125,0
2026-03-16 09:50:00+00:00,23354.55078125,23385.349609375,23352.650390625,23376.69921875,0
2026-03-16 09:55:00+00:00,23355.599609375,23359.900390625,23338.599609375,23354.849609375,0
2026-03-17 03:45:00+00:00,23398.400390625,23493.19921875,23361.349609375,23493.19921875,0
2026-03-17 03:50:00+00:00,23368.55078125,23424.25,23366.94921875,23395.55078125,0
2026-03-17 03:55:00+00:00,23373.19921875,23391.05078125,23347.400390625,23363.75,0
2026-03-17 04:00:00+00:00,23387.80078125,23402.849609375,23359.5,23373.150390625,0
2026-03-17 04:05:00+00:00,23437.0,23440.30078125,23385.05078125,23388.80078125,0
2026-03-17 04:10:00+00:00,23452.900390625,23462.900390625,23417.30078125,23437.25,0
2026-03-17 04:15:00+00:00,23482.599609375,23486.30078125,23431.69921875,23453.150390625,0
2026-03-17 04:20:00+00:00,23483.0,23488.30078125,23456.400390625,23484.5,0
2026-03-17 04:25:00+00:00,23496.69921875,23501.599609375,23466.0,23483.0,0
2026-03-17 04:30:00+00:00,23513.0,23524.94921875,23496.69921875,23496.75,0
2026-03-17 04:35:00+00:00,23519.099609375,23530.349609375,23512.650390625,23513.44921875,0
2026-03-17 04:40:00+00:00,23526.0,23536.849609375,23504.80078125,23520.5,0
2026-03-17 04:45:00+00:00,23554.69921875,23555.19921875,23525.75,23525.849609375,0
2026-03-17 04:50:00+00:00,23564.44921875,23576.55078125,23536.599609375,23554.30078125,0
2026-03-17 04:55:00+00:00,23500.19921875,23566.150390625,23500.19921875,23563.69921875,0
2026-03-17 05:00:00+00:00,23470.099609375,23510.650390625,23470.0,23501.849609375,0
2026-03-17 05:05:00+00:00,23489.94921875,23490.599609375,23443.0,23467.849609375,0
2026-03-17 05:10:00+00:00,23483.75,23493.80078125,23461.25,23489.69921875,0
2026-03-17 05:15:00+00:00,23523.0,23523.150390625,23475.5,23483.900390625,0
2026-03-17 05:20:00+00:00,23519.94921875,23533.0,23510.25,23522.650390625,0
2026-03-17 05:25:00+00:00,23523.94921875,23533.900390625,23509.400390625,23521.150390625,0
2026-03-17 05:30:00+00:00,23515.19921875,23528.150390625,23508.0,23523.849609375,0
2026-03-17 05:35:00+00:00,23490.650390625,23526.94921875,23481.599609375,23514.900390625,0
2026-03-17 05:40:00+00:00,23470.55078125,23507.400390625,23467.400390625,23490.44921875,0
2026-03-17 05:45:00+00:00,23440.650390625,23479.5,23440.44921875,23471.44921875,0
2026-03-17 05:50:00+00:00,23412.75,23448.150390625,23411.150390625,23438.55078125,0
2026-03-17 05:55:00+00:00,23383.69921875,23416.849609375,23375.94921875,23412.650390625,0
2026-03-17 06:00:00+00:00,23366.05078125,23394.0,23363.44921875,23384.349609375,0
2026-03-17 06:05:00+00:00,23391.05078125,23409.900390625,23355.69921875,23365.75,0
2026-03-17 06:10:00+00:00,23390.650390625,23408.150390625,23379.94921875,23390.44921875,0
2026-03-17 06:15:00+00:00,23392.849609375,23417.849609375,23387.80078125,23390.44921875,0
2026-03-17 06:20:00+00:00,23410.44921875,23429.599609375,23389.599609375,23392.650390625,0
2026-03-17 06:25:00+00:00,23415.849609375,23419.599609375,23376.05078125,23410.599609375,0
2026-03-17 06:30:00+00:00,23412.900390625,23421.94921875,23402.599609375,23415.349609375,0
2026-03-17 06:35:00+00:00,23436.30078125,23438.0,23408.19921875,23410.400390625,0
2026-03-17 06:40:00+00:00,23435.30078125,23450.05078125,23424.30078125,23435.599609375,0
2026-03-17 06:45:00+00:00,23383.94921875,23438.30078125,23382.25,23435.150390625,0
2026-03-17 06:50:00+00:00,23386.44921875,23413.05078125,23381.55078125,23383.44921875,0
2026-03-17 06:55:00+00:00,23406.849609375,23408.75,23385.19921875,23385.19921875,0
2026-03-17 07:00:00+00:00,23411.0,23415.19921875,23380.349609375,23406.349609375,0
2026-03-17 07:05:00+00:00,23425.599609375,23437.099609375,23409.849609375,23410.55078125,0
2026-03-17 07:10:00+00:00,23451.0,23457.25,23412.849609375,23424.5,0
2026-03-17 07:15:00+00:00,23484.349609375,23486.900390625,23449.30078125,23450.900390625,0
2026-03-17 07:20:00+00:00,23466.19921875,23496.19921875,23459.75,23488.150390625,0
2026-03-17 07:25:00+00:00,23476.80078125,23482.599609375,23456.94921875,23465.5,0
2026-03-17 07:30:00+00:00,23505.599609375,23512.55078125,23477.05078125,23477.55078125,0
2026-03-17 07:35:00+00:00,23517.0,23520.30078125,23476.150390625,23505.19921875,0
2026-03-17 07:40:00+00:00,23531.599609375,23533.5,23515.94921875,23516.30078125,0
2026-03-17 07:45:00+00:00,23554.5,23557.80078125,23532.94921875,23532.94921875,0
2026-03-17 07:50:00+00:00,23540.650390625,23560.19921875,23537.150390625,23554.69921875,0
2026-03-17 07:55:00+00:00,23541.75,23544.75,23524.849609375,23539.900390625,0
2026-03-17 08:00:00+00:00,23548.900390625,23591.400390625,23541.05078125,23541.05078125,0
2026-03-17 08:05:00+00:00,23513.599609375,23554.349609375,23512.55078125,23549.900390625,0
2026-03-17 08:10:00+00:00,23530.44921875,23540.75,23504.150390625,23513.19921875,0
2026-03-17 08:15:00+00:00,23557.650390625,23558.400390625,23530.75,23530.75,0
2026-03-17 08:20:00+00:00,23548.19921875,23568.30078125,23547.599609375,23557.44921875,0
2026-03-17 08:25:00+00:00,23542.05078125,23554.19921875,23531.05078125,23547.5,0
2026-03-17 08:30:00+00:00,23565.05078125,23573.19921875,23533.400390625,23541.849609375,0
2026-03-17 08:35:00+00:00,23569.650390625,23573.30078125,23537.25,23566.69921875,0
2026-03-17 08:40:00+00:00,23600.44921875,23608.900390625,23569.69921875,23569.69921875,0
2026-03-17 08:45:00+00:00,23561.80078125,23606.849609375,23551.150390625,23600.0,0
2026-03-17 08:50:00+00:00,23545.25,23575.30078125,23534.849609375,23562.099609375,0
2026-03-17 08:55:00+00:00,23553.69921875,23565.599609375,23526.849609375,23545.75,0
2026-03-17 09:00:00+00:00,23580.099609375,23587.80078125,23554.05078125,23554.05078125,0
2026-03-17 09:05:00+00:00,23589.900390625,23600.150390625,23575.099609375,23579.30078125,0
2026-03-17 09:10:00+00:00,23587.400390625,23614.69921875,23585.349609375,23590.19921875,0
2026-03-17 09:15:00+00:00,23598.80078125,23599.150390625,23567.55078125,23587.099609375,0
2026-03-17 09:20:00+00:00,23623.150390625,23623.5,23592.099609375,23598.599609375,0
2026-03-17 09:25:00+00:00,23654.44921875,23656.19921875,23621.94921875,23622.44921875,0
2026-03-17 09:30:00+00:00,23593.19921875,23655.19921875,23569.25,23654.5,0
2026-03-17 09:35:00+00:00,23593.0,23614.599609375,23574.44921875,23592.94921875,0
2026-03-17 09:40:00+00:00,23607.5,23610.69921875,23567.5,23593.599609375,0
2026-03-17 09:45:00+00:00,23562.5,23607.650390625,23546.55078125,23607.05078125,0
2026-03-17 09:50:00+00:00,23558.94921875,23580.55078125,23552.69921875,23563.0,0
2026-03-17 09:55:00+00:00,23557.5,23568.400390625,23553.150390625,23559.0,0
2026-03-18 03:45:00+00:00,23721.900390625,23726.0,23630.25,23634.30078125,0
2026-03-18 03:50:00+00:00,23676.150390625,23738.44921875,23675.5,23721.599609375,0
2026-03-18 03:55:00+00:00,23715.30078125,23724.150390625,23667.30078125,23677.0,0
2026-03-18 04:00:00+00:00,23725.30078125,23735.05078125,23714.80078125,23714.80078125,0
2026-03-18 04:05:00+00:00,23708.05078125,23729.349609375,23706.44921875,23726.80078125,0
2026-03-18 04:10:00+00:00,23721.75,23731.099609375,23700.099609375,23708.099609375,0
2026-03-18 04:15:00+00:00,23732.19921875,23733.94921875,23704.44921875,23720.349609375,0
2026-03-18 04:20:00+00:00,23724.349609375,23754.349609375,23720.849609375,23733.400390625,0
2026-03-18 04:25:00+00:00,23691.25,23725.19921875,23669.55078125,23724.30078125,0
2026-03-18 04:30:00+00:00,23657.05078125,23695.650390625,23650.599609375,23691.150390625,0
2026-03-18 04:35:00+00:00,23650.19921875,23664.0,23643.30078125,23658.05078125,0
2026-03-18 04:40:00+00:00,23664.30078125,23666.30078125,23640.69921875,23649.349609375,0
2026-03-18 04:45:00+00:00,23707.349609375,23711.0,23664.650390625,23664.94921875,0
2026-03-18 04:50:00+00:00,23735.849609375,23736.05078125,23701.349609375,23707.69921875,0
2026-03-18 04:55:00+00:00,23722.94921875,23737.849609375,23716.69921875,23734.900390625,0
2026-03-18 05:00:00+00:00,23732.150390625,23739.44921875,23713.44921875,23721.650390625,0
2026-03-18 05:05:00+00:00,23731.5,23746.0,23723.0,23730.400390625,0
2026-03-18 05:10:00+00:00,23723.349609375,23741.19921875,23718.30078125,23730.55078125,0
2026-03-18 05:15:00+00:00,23759.849609375,23760.19921875,23721.099609375,23721.650390625,0
2026-03-18 05:20:00+00:00,23768.150390625,23769.650390625,23752.650390625,23759.55078125,0
2026-03-18 05:25:00+00:00,23770.599609375,23777.900390625,23764.19921875,23767.55078125,0
2026-03-18 05:30:00+00:00,23784.400390625,23785.94921875,23764.150390625,23770.80078125,0
2026-03-18 05:35:00+00:00,23777.150390625,23784.19921875,23764.55078125,23782.44921875,0
2026-03-18 05:40:00+00:00,23785.30078125,23790.75,23768.44921875,23776.599609375,0
2026-03-18 05:45:00+00:00,23787.05078125,23787.05078125,23770.599609375,23784.69921875,0
2026-03-18 05:50:00+00:00,23798.19921875,23800.849609375,23781.849609375,23786.25,0
2026-03-18 05:55:00+00:00,23799.599609375,23805.80078125,23779.75,23797.849609375,0
2026-03-18 06:00:00+00:00,23791.650390625,23804.349609375,23790.099609375,23798.75,0
2026-03-18 06:05:00+00:00,23812.94921875,23814.849609375,23783.099609375,23791.69921875,0
2026-03-18 06:10:00+00:00,23817.94921875,23835.099609375,23812.099609375,23813.349609375,0
2026-03-18 06:15:00+00:00,23804.150390625,23820.400390625,23804.150390625,23816.900390625,0
2026-03-18 06:20:00+00:00,23820.55078125,23822.5,23803.55078125,23804.30078125,0
2026-03-18 06:25:00+00:00,23806.30078125,23821.30078125,23806.30078125,23820.150390625,0
2026-03-18 06:30:00+00:00,23793.30078125,23810.80078125,23787.0,23806.650390625,0
2026-03-18 06:35:00+00:00,23779.599609375,23797.19921875,23777.75,23793.44921875,0
2026-03-18 06:40:00+00:00,23779.650390625,23789.55078125,23772.150390625,23779.05078125,0
2026-03-18 06:45:00+00:00,23786.44921875,23787.69921875,23775.150390625,23779.19921875,0
2026-03-18 06:50:00+00:00,23781.44921875,23788.80078125,23769.400390625,23785.69921875,0
2026-03-18 06:55:00+00:00,23767.0,23784.19921875,23760.900390625,23781.599609375,0
2026-03-18 07:00:00+00:00,23780.849609375,23789.94921875,23767.150390625,23767.150390625,0
2026-03-18 07:05:00+00:00,23772.599609375,23788.80078125,23765.30078125,23780.19921875,0
2026-03-18 07:10:00+00:00,23778.19921875,23778.19921875,23762.400390625,23772.599609375,0
2026-03-18 07:15:00+00:00,23785.75,23785.75,23764.94921875,23777.69921875,0
2026-03-18 07:20:00+00:00,23772.44921875,23794.5,23768.349609375,23785.44921875,0
2026-03-18 07:25:00+00:00,23775.900390625,23781.150390625,23765.75,23771.599609375,0
2026-03-18 07:30:00+00:00,23796.150390625,23798.19921875,23775.150390625,23775.150390625,0
2026-03-18 07:35:00+00:00,23777.849609375,23797.599609375,23766.400390625,23796.44921875,0
2026-03-18 07:40:00+00:00,23803.19921875,23803.19921875,23774.69921875,23776.5,0
2026-03-18 07:45:00+00:00,23796.599609375,23810.19921875,23792.400390625,23802.400390625,0
2026-03-18 07:50:00+00:00,23828.69921875,23829.25,23797.25,23798.0,0
2026-03-18 07:55:00+00:00,23824.349609375,23836.650390625,23810.349609375,23828.19921875,0
2026-03-18 08:00:00+00:00,23833.150390625,23837.400390625,23816.0,23823.849609375,0
2026-03-18 08:05:00+00:00,23841.400390625,23843.25,23824.150390625,23834.94921875,0
2026-03-18 08:10:00+00:00,23844.400390625,23844.400390625,23829.650390625,23840.5,0
2026-03-18 08:15:00+00:00,23829.44921875,23845.44921875,23824.150390625,23845.44921875,0
2026-03-18 08:20:00+00:00,23845.80078125,23850.55078125,23819.05078125,23828.150390625,0
2026-03-18 08:25:00+00:00,23833.650390625,23858.75,23831.19921875,23844.599609375,0
2026-03-18 08:30:00+00:00,23826.75,23851.5,23820.849609375,23832.5,0
2026-03-18 08:35:00+00:00,23828.0,23830.25,23812.94921875,23827.349609375,0
2026-03-18 08:40:00+00:00,23817.650390625,23836.05078125,23809.599609375,23827.5,0
2026-03-18 08:45:00+00:00,23839.349609375,23845.599609375,23811.099609375,23817.5,0
2026-03-18 08:50:00+00:00,23849.19921875,23852.599609375,23833.150390625,23839.849609375,0
2026-03-18 08:55:00+00:00,23835.25,23861.80078125,23835.25,23848.69921875,0
2026-03-18 09:00:00+00:00,23796.150390625,23840.05078125,23795.80078125,23836.44921875,0
2026-03-18 09:05:00+00:00,23801.150390625,23805.69921875,23786.94921875,23795.900390625,0
2026-03-18 09:10:00+00:00,23780.599609375,23811.400390625,23779.69921875,23801.5,0
2026-03-18 09:15:00+00:00,23799.05078125,23802.55078125,23775.55078125,23780.55078125,0
2026-03-18 09:20:00+00:00,23783.75,23808.349609375,23780.599609375,23798.599609375,0
2026-03-18 09:25:00+00:00,23801.80078125,23804.0,23781.849609375,23785.55078125,0
2026-03-18 09:30:00+00:00,23804.69921875,23809.80078125,23766.900390625,23801.650390625,0
2026-03-18 09:35:00+00:00,23795.25,23806.0,23792.900390625,23803.55078125,0
2026-03-18 09:40:00+00:00,23792.55078125,23798.55078125,23789.0,23795.900390625,0
2026-03-18 09:45:00+00:00,23766.80078125,23792.900390625,23766.150390625,23792.349609375,0
2026-03-18 09:50:00+00:00,23751.25,23768.099609375,23730.650390625,23767.44921875,0
2026-03-18 09:55:00+00:00,23764.099609375,23770.05078125,23750.05078125,23750.94921875,0
2026-03-19 03:45:00+00:00,23289.5,23371.75,23209.099609375,23209.099609375,0
2026-03-19 03:50:00+00:00,23345.150390625,23345.150390625,23276.80078125,23289.69921875,0
2026-03-19 03:55:00+00:00,23316.05078125,23352.5,23316.05078125,23345.44921875,0
2026-03-19 04:00:00+00:00,23301.0,23325.599609375,23296.69921875,23317.19921875,0
2026-03-19 04:05:00+00:00,23257.25,23306.80078125,23255.5,23299.69921875,0
2026-03-19 04:10:00+00:00,23271.0,23281.650390625,23255.69921875,23261.099609375,0
2026-03-19 04:15:00+00:00,23238.30078125,23273.349609375,23226.75,23269.599609375,0
2026-03-19 04:20:00+00:00,23239.25,23263.650390625,23231.19921875,23235.900390625,0
2026-03-19 04:25:00+00:00,23242.69921875,23260.30078125,23229.349609375,23239.150390625,0
2026-03-19 04:30:00+00:00,23264.849609375,23269.94921875,23230.44921875,23241.94921875,0
2026-03-19 04:35:00+00:00,23261.19921875,23268.349609375,23247.599609375,23264.900390625,0
2026-03-19 04:40:00+00:00,23236.650390625,23260.849609375,23235.69921875,23260.5,0
2026-03-19 04:45:00+00:00,23217.0,23234.94921875,23204.05078125,23234.75,0
2026-03-19 04:50:00+00:00,23260.0,23260.0,23214.75,23216.94921875,0
2026-03-19 04:55:00+00:00,23272.400390625,23283.94921875,23257.94921875,23258.44921875,0
2026-03-19 05:00:00+00:00,23274.150390625,23287.150390625,23272.400390625,23272.400390625,0
2026-03-19 05:05:00+00:00,23311.599609375,23317.80078125,23271.69921875,23275.19921875,0
2026-03-19 05:10:00+00:00,23311.69921875,23316.30078125,23287.30078125,23313.349609375,0
2026-03-19 05:15:00+00:00,23276.75,23312.599609375,23275.05078125,23312.599609375,0
2026-03-19 05:20:00+00:00,23287.5,23291.25,23272.599609375,23276.75,0
2026-03-19 05:25:00+00:00,23260.44921875,23291.69921875,23258.30078125,23286.400390625,0
2026-03-19 05:30:00+00:00,23250.099609375,23264.650390625,23244.650390625,23260.650390625,0
2026-03-19 05:35:00+00:00,23239.400390625,23259.25,23238.55078125,23251.05078125,0
2026-03-19 05:40:00+00:00,23220.94921875,23254.94921875,23217.099609375,23241.44921875,0
2026-03-19 05:45:00+00:00,23218.69921875,23228.900390625,23207.55078125,23221.349609375,0
2026-03-19 05:50:00+00:00,23246.44921875,23253.599609375,23214.94921875,23219.55078125,0
2026-03-19 05:55:00+00:00,23228.05078125,23246.0,23224.44921875,23244.900390625,0
2026-03-19 06:00:00+00:00,23248.900390625,23250.099609375,23225.55078125,23227.349609375,0
2026-03-19 06:05:00+00:00,23240.599609375,23253.849609375,23237.650390625,23246.75,0
2026-03-19 06:10:00+00:00,23241.650390625,23246.75,23229.19921875,23240.349609375,0
2026-03-19 06:15:00+00:00,23246.19921875,23260.0,23236.94921875,23241.599609375,0
2026-03-19 06:20:00+00:00,23245.900390625,23256.80078125,23242.44921875,23246.44921875,0
2026-03-19 06:25:00+00:00,23241.05078125,23248.0,23236.19921875,23245.599609375,0
2026-03-19 06:30:00+00:00,23231.599609375,23245.150390625,23226.349609375,23241.900390625,0
2026-03-19 06:35:00+00:00,23234.0,23240.80078125,23217.849609375,23232.650390625,0
2026-03-19 06:40:00+00:00,23265.5,23268.75,23226.900390625,23231.900390625,0
2026-03-19 06:45:00+00:00,23276.75,23281.19921875,23257.099609375,23265.5,0
2026-03-19 06:50:00+00:00,23245.94921875,23276.30078125,23238.94921875,23276.099609375,0
2026-03-19 06:55:00+00:00,23254.849609375,23257.94921875,23240.94921875,23244.94921875,0
2026-03-19 07:00:00+00:00,23248.94921875,23264.69921875,23235.849609375,23254.900390625,0
2026-03-19 07:05:00+00:00,23253.44921875,23261.150390625,23244.25,23249.05078125,0
2026-03-19 07:10:00+00:00,23235.650390625,23255.099609375,23229.30078125,23253.349609375,0
2026-03-19 07:15:00+00:00,23270.19921875,23274.900390625,23233.80078125,23234.849609375,0
2026-03-19 07:20:00+00:00,23273.849609375,23274.94921875,23253.400390625,23271.5,0
2026-03-19 07:25:00+00:00,23264.650390625,23277.30078125,23257.44921875,23274.599609375,0
2026-03-19 07:30:00+00:00,23238.900390625,23265.599609375,23235.599609375,23265.349609375,0
2026-03-19 07:35:00+00:00,23234.150390625,23243.900390625,23226.150390625,23238.69921875,0
2026-03-19 07:40:00+00:00,23200.25,23255.05078125,23194.69921875,23233.599609375,0
2026-03-19 07:45:00+00:00,23200.900390625,23208.69921875,23194.849609375,23200.349609375,0
2026-03-19 07:50:00+00:00,23182.75,23206.099609375,23181.80078125,23200.69921875,0
2026-03-19 07:55:00+00:00,23176.650390625,23195.69921875,23172.55078125,23183.69921875,0
2026-03-19 08:00:00+00:00,23175.849609375,23194.94921875,23174.900390625,23176.69921875,0
2026-03-19 08:05:00+00:00,23204.5,23204.5,23173.80078125,23177.44921875,0
2026-03-19 08:10:00+00:00,23199.150390625,23217.849609375,23198.30078125,23205.19921875,0
2026-03-19 08:15:00+00:00,23190.849609375,23203.75,23182.900390625,23198.55078125,0
2026-03-19 08:20:00+00:00,23198.30078125,23199.5,23185.349609375,23190.25,0
2026-03-19 08:25:00+00:00,23163.05078125,23200.5,23156.900390625,23197.75,0
2026-03-19 08:30:00+00:00,23128.05078125,23171.80078125,23123.650390625,23163.30078125,0
2026-03-19 08:35:00+00:00,23107.25,23132.5,23106.55078125,23129.099609375,0
2026-03-19 08:40:00+00:00,23111.30078125,23113.849609375,23088.94921875,23106.44921875,0
2026-03-19 08:45:00+00:00,23128.75,23137.05078125,23108.05078125,23111.55078125,0
2026-03-19 08:50:00+00:00,23127.900390625,23133.44921875,23109.30078125,23129.0,0
2026-03-19 08:55:00+00:00,23100.650390625,23129.80078125,23096.900390625,23128.19921875,0
2026-03-19 09:00:00+00:00,23117.150390625,23121.400390625,23097.94921875,23101.099609375,0
2026-03-19 09:05:00+00:00,23098.900390625,23127.55078125,23097.55078125,23116.599609375,0
2026-03-19 09:10:00+00:00,23110.69921875,23115.599609375,23084.650390625,23098.19921875,0
2026-03-19 09:15:00+00:00,23064.0,23111.55078125,23053.25,23110.55078125,0
2026-03-19 09:20:00+00:00,23033.5,23064.80078125,23027.599609375,23062.150390625,0
2026-03-19 09:25:00+00:00,22954.05078125,23044.44921875,22947.69921875,23033.44921875,0
2026-03-19 09:30:00+00:00,22990.0,23016.19921875,22931.94921875,22954.900390625,0
2026-03-19 09:35:00+00:00,22971.900390625,22993.69921875,22954.19921875,22988.599609375,0
2026-03-19 09:40:00+00:00,22987.25,23019.099609375,22965.900390625,22972.05078125,0
2026-03-19 09:45:00+00:00,23037.25,23037.400390625,22977.650390625,22987.55078125,0
2026-03-19 09:50:00+00:00,23069.150390625,23072.94921875,23036.0,23037.5,0
2026-03-19 09:55:00+00:00,23087.849609375,23093.900390625,23061.75,23068.69921875,0
2026-03-20 03:45:00+00:00,23281.5,23284.5,23130.599609375,23130.599609375,0
2026-03-20 03:50:00+00:00,23254.44921875,23303.05078125,23223.25,23283.44921875,0
2026-03-20 03:55:00+00:00,23286.80078125,23287.5,23248.400390625,23257.400390625,0
2026-03-20 04:00:00+00:00,23313.80078125,23317.75,23277.900390625,23287.05078125,0
2026-03-20 04:05:00+00:00,23270.80078125,23318.900390625,23262.69921875,23314.900390625,0
2026-03-20 04:10:00+00:00,23228.94921875,23271.400390625,23228.94921875,23271.400390625,0
2026-03-20 04:15:00+00:00,23246.900390625,23249.80078125,23222.75,23230.599609375,0
2026-03-20 04:20:00+00:00,23244.30078125,23266.69921875,23236.150390625,23248.599609375,0
2026-03-20 04:25:00+00:00,23259.0,23264.19921875,23239.099609375,23243.349609375,0
2026-03-20 04:30:00+00:00,23233.94921875,23261.05078125,23220.69921875,23260.19921875,0
2026-03-20 04:35:00+00:00,23246.44921875,23258.19921875,23232.80078125,23234.25,0
2026-03-20 04:40:00+00:00,23243.650390625,23260.75,23236.400390625,23244.94921875,0
2026-03-20 04:45:00+00:00,23219.599609375,23246.80078125,23200.650390625,23243.400390625,0
2026-03-20 04:50:00+00:00,23244.150390625,23244.150390625,23205.69921875,23220.900390625,0
2026-03-20 04:55:00+00:00,23260.599609375,23261.30078125,23237.55078125,23243.55078125,0
2026-03-20 05:00:00+00:00,23269.30078125,23278.349609375,23252.599609375,23261.75,0
2026-03-20 05:05:00+00:00,23286.55078125,23286.55078125,23269.44921875,23269.75,0
2026-03-20 05:10:00+00:00,23290.150390625,23301.80078125,23285.400390625,23287.30078125,0
2026-03-20 05:15:00+00:00,23296.19921875,23312.599609375,23277.05078125,23290.599609375,0
2026-03-20 05:20:00+00:00,23313.44921875,23317.900390625,23296.900390625,23297.400390625,0
2026-03-20 05:25:00+00:00,23296.599609375,23313.900390625,23281.44921875,23313.599609375,0
2026-03-20 05:30:00+00:00,23268.30078125,23303.650390625,23264.150390625,23298.650390625,0
2026-03-20 05:35:00+00:00,23290.150390625,23293.30078125,23265.099609375,23268.69921875,0
2026-03-20 05:40:00+00:00,23289.150390625,23291.44921875,23266.19921875,23290.599609375,0
2026-03-20 05:45:00+00:00,23305.44921875,23307.349609375,23284.599609375,23288.94921875,0
2026-03-20 05:50:00+00:00,23327.55078125,23344.900390625,23302.55078125,23306.599609375,0
2026-03-20 05:55:00+00:00,23317.30078125,23332.150390625,23309.44921875,23329.099609375,0
2026-03-20 06:00:00+00:00,23312.19921875,23331.599609375,23310.19921875,23317.900390625,0
2026-03-20 06:05:00+00:00,23304.849609375,23321.69921875,23302.55078125,23312.30078125,0
2026-03-20 06:10:00+00:00,23286.900390625,23310.80078125,23285.80078125,23306.5,0
2026-03-20 06:15:00+00:00,23288.150390625,23292.849609375,23279.900390625,23287.400390625,0
2026-03-20 06:20:00+00:00,23249.19921875,23288.75,23249.19921875,23288.75,0
2026-03-20 06:25:00+00:00,23250.30078125,23250.900390625,23223.099609375,23249.55078125,0
2026-03-20 06:30:00+00:00,23228.94921875,23259.5,23224.349609375,23251.25,0
2026-03-20 06:35:00+00:00,23212.25,23240.0,23210.900390625,23229.849609375,0
2026-03-20 06:40:00+00:00,23233.05078125,23236.099609375,23210.900390625,23212.94921875,0
2026-03-20 06:45:00+00:00,23185.599609375,23234.150390625,23183.0,23234.150390625,0
2026-03-20 06:50:00+00:00,23155.05078125,23193.55078125,23153.19921875,23187.44921875,0
2026-03-20 06:55:00+00:00,23155.150390625,23160.05078125,23137.05078125,23154.80078125,0
2026-03-20 07:00:00+00:00,23170.099609375,23170.900390625,23120.349609375,23155.650390625,0
2026-03-20 07:05:00+00:00,23184.650390625,23191.75,23165.849609375,23171.599609375,0
2026-03-20 07:10:00+00:00,23205.75,23216.400390625,23180.650390625,23185.5,0
2026-03-20 07:15:00+00:00,23217.30078125,23226.69921875,23202.80078125,23206.5,0
2026-03-20 07:20:00+00:00,23227.0,23241.349609375,23204.849609375,23218.900390625,0
2026-03-20 07:25:00+00:00,23214.80078125,23249.69921875,23214.80078125,23227.94921875,0
2026-03-20 07:30:00+00:00,23240.30078125,23243.150390625,23202.599609375,23214.900390625,0
2026-03-20 07:35:00+00:00,23240.900390625,23251.19921875,23227.650390625,23240.900390625,0
2026-03-20 07:40:00+00:00,23231.5,23243.150390625,23224.55078125,23242.150390625,0
2026-03-20 07:45:00+00:00,23235.599609375,23257.349609375,23230.30078125,23232.0,0
2026-03-20 07:50:00+00:00,23248.150390625,23259.349609375,23230.0,23236.75,0
2026-03-20 07:55:00+00:00,23257.69921875,23271.099609375,23243.69921875,23249.19921875,0
2026-03-20 08:00:00+00:00,23245.19921875,23266.44921875,23243.05078125,23258.44921875,0
2026-03-20 08:05:00+00:00,23270.19921875,23272.400390625,23242.5,23246.19921875,0
2026-03-20 08:10:00+00:00,23232.0,23270.55078125,23231.94921875,23270.30078125,0
2026-03-20 08:15:00+00:00,23206.44921875,23234.0,23206.05078125,23233.69921875,0
2026-03-20 08:20:00+00:00,23216.849609375,23218.05078125,23194.650390625,23207.599609375,0
2026-03-20 08:25:00+00:00,23193.44921875,23230.30078125,23188.650390625,23216.650390625,0
2026-03-20 08:30:00+00:00,23235.349609375,23235.349609375,23185.25,23195.0,0
2026-03-20 08:35:00+00:00,23225.55078125,23244.55078125,23212.0,23237.400390625,0
2026-03-20 08:40:00+00:00,23199.150390625,23228.55078125,23192.55078125,23226.849609375,0
2026-03-20 08:45:00+00:00,23200.69921875,23204.849609375,23183.44921875,23200.05078125,0
2026-03-20 08:50:00+00:00,23185.400390625,23205.75,23169.75,23201.80078125,0
2026-03-20 08:55:00+00:00,23164.0,23186.19921875,23164.0,23186.19921875,0
2026-03-20 09:00:00+00:00,23176.650390625,23188.05078125,23152.0,23164.05078125,0
2026-03-20 09:05:00+00:00,23150.25,23177.599609375,23133.150390625,23177.599609375,0
2026-03-20 09:10:00+00:00,23098.25,23154.80078125,23098.25,23151.400390625,0
2026-03-20 09:15:00+00:00,23104.349609375,23113.400390625,23086.5,23099.400390625,0
2026-03-20 09:20:00+00:00,23086.599609375,23107.55078125,23067.900390625,23105.75,0
2026-03-20 09:25:00+00:00,23090.5,23096.150390625,23077.55078125,23086.650390625,0
2026-03-20 09:30:00+00:00,23139.400390625,23177.44921875,23078.599609375,23091.30078125,0
2026-03-20 09:35:00+00:00,23124.44921875,23156.05078125,23121.55078125,23139.25,0
2026-03-20 09:40:00+00:00,23106.849609375,23132.80078125,23088.5,23124.349609375,0
2026-03-20 09:45:00+00:00,23092.5,23107.30078125,23078.69921875,23106.25,0
2026-03-20 09:50:00+00:00,23112.900390625,23139.0,23091.400390625,23091.650390625,0
2026-03-20 09:55:00+00:00,23134.650390625,23139.80078125,23105.05078125,23112.75,0
2026-03-23 03:45:00+00:00,22687.44921875,22838.349609375,22637.80078125,22837.19921875,0
2026-03-23 03:50:00+00:00,22702.599609375,22737.099609375,22676.94921875,22686.25,0
2026-03-23 03:55:00+00:00,22704.400390625,22728.25,22699.349609375,22701.599609375,0
2026-03-23 04:00:00+00:00,22713.05078125,22721.849609375,22694.849609375,22702.150390625,0
2026-03-23 04:05:00+00:00,22715.30078125,22742.80078125,22707.150390625,22712.44921875,0
2026-03-23 04:10:00+00:00,22706.400390625,22716.69921875,22691.80078125,22714.650390625,0
2026-03-23 04:15:00+00:00,22663.0,22706.650390625,22658.80078125,22706.099609375,0
2026-03-23 04:20:00+00:00,22629.05078125,22665.05078125,22625.44921875,22662.05078125,0
2026-03-23 04:25:00+00:00,22597.5,22634.349609375,22593.849609375,22628.55078125,0
2026-03-23 04:30:00+00:00,22616.099609375,22618.0,22582.599609375,22597.44921875,0
2026-03-23 04:35:00+00:00,22605.650390625,22633.05078125,22605.0,22615.19921875,0
2026-03-23 04:40:00+00:00,22572.30078125,22609.19921875,22571.400390625,22607.099609375,0
2026-03-23 04:45:00+00:00,22554.5,22587.5,22554.099609375,22571.94921875,0
2026-03-23 04:50:00+00:00,22541.599609375,22559.150390625,22538.5,22554.30078125,0
2026-03-23 04:55:00+00:00,22531.0,22559.599609375,22530.900390625,22541.19921875,0
2026-03-23 05:00:00+00:00,22537.75,22554.05078125,22529.849609375,22530.599609375,0
2026-03-23 05:05:00+00:00,22557.94921875,22581.5,22536.849609375,22538.19921875,0
2026-03-23 05:10:00+00:00,22548.099609375,22558.349609375,22536.650390625,22558.349609375,0
2026-03-23 05:15:00+00:00,22547.55078125,22550.25,22534.0,22548.19921875,0
2026-03-23 05:20:00+00:00,22527.099609375,22545.75,22510.69921875,22545.75,0
2026-03-23 05:25:00+00:00,22531.849609375,22536.75,22516.80078125,22528.94921875,0
2026-03-23 05:30:00+00:00,22533.150390625,22533.400390625,22505.0,22531.19921875,0
2026-03-23 05:35:00+00:00,22560.349609375,22583.650390625,22526.599609375,22531.94921875,0
2026-03-23 05:40:00+00:00,22554.150390625,22562.44921875,22546.349609375,22560.80078125,0
2026-03-23 05:45:00+00:00,22534.349609375,22554.599609375,22528.0,22554.599609375,0
2026-03-23 05:50:00+00:00,22548.0,22556.599609375,22528.900390625,22534.25,0
2026-03-23 05:55:00+00:00,22559.150390625,22561.44921875,22536.400390625,22547.599609375,0
2026-03-23 06:00:00+00:00,22531.30078125,22571.599609375,22524.94921875,22557.849609375,0
2026-03-23 06:05:00+00:00,22539.599609375,22542.349609375,22519.69921875,22531.75,0
2026-03-23 06:10:00+00:00,22520.150390625,22557.44921875,22508.30078125,22539.19921875,0
2026-03-23 06:15:00+00:00,22532.25,22534.5,22518.0,22518.0,0
2026-03-23 06:20:00+00:00,22552.75,22563.55078125,22527.900390625,22533.150390625,0
2026-03-23 06:25:00+00:00,22554.650390625,22564.0,22539.349609375,22555.400390625,0
2026-03-23 06:30:00+00:00,22546.55078125,22561.150390625,22541.94921875,22556.05078125,0
2026-03-23 06:35:00+00:00,22547.75,22554.099609375,22530.599609375,22545.69921875,0
2026-03-23 06:40:00+00:00,22535.349609375,22562.349609375,22533.80078125,22551.25,0
2026-03-23 06:45:00+00:00,22528.44921875,22535.55078125,22514.44921875,22534.25,0
2026-03-23 06:50:00+00:00,22489.55078125,22527.30078125,22483.44921875,22527.30078125,0
2026-03-23 06:55:00+00:00,22511.94921875,22515.05078125,22478.69921875,22487.55078125,0
2026-03-23 07:00:00+00:00,22518.849609375,22519.099609375,22497.69921875,22514.599609375,0
2026-03-23 07:05:00+00:00,22524.900390625,22551.5,22514.80078125,22517.69921875,0
2026-03-23 07:10:00+00:00,22535.650390625,22540.599609375,22510.599609375,22524.650390625,0
2026-03-23 07:15:00+00:00,22543.30078125,22555.900390625,22522.75,22534.69921875,0
2026-03-23 07:20:00+00:00,22504.25,22543.349609375,22503.650390625,22542.44921875,0
2026-03-23 07:25:00+00:00,22500.05078125,22505.5,22481.69921875,22504.19921875,0
2026-03-23 07:30:00+00:00,22480.900390625,22499.55078125,22480.25,22499.55078125,0
2026-03-23 07:35:00+00:00,22489.05078125,22508.25,22474.650390625,22480.150390625,0
2026-03-23 07:40:00+00:00,22489.099609375,22493.150390625,22472.099609375,22488.900390625,0
2026-03-23 07:45:00+00:00,22494.05078125,22512.55078125,22489.44921875,22489.69921875,0
2026-03-23 07:50:00+00:00,22501.849609375,22514.5,22488.05078125,22493.75,0
2026-03-23 07:55:00+00:00,22487.05078125,22512.05078125,22482.849609375,22501.25,0
2026-03-23 08:00:00+00:00,22517.25,22525.44921875,22487.150390625,22487.599609375,0
2026-03-23 08:05:00+00:00,22518.05078125,22529.0,22513.25,22518.05078125,0
2026-03-23 08:10:00+00:00,22561.69921875,22567.349609375,22513.69921875,22517.349609375,0
2026-03-23 08:15:00+00:00,22598.94921875,22601.25,22557.599609375,22558.94921875,0
2026-03-23 08:20:00+00:00,22601.349609375,22629.75,22593.19921875,22597.94921875,0
2026-03-23 08:25:00+00:00,22599.650390625,22620.55078125,22599.150390625,22602.0,0
2026-03-23 08:30:00+00:00,22644.75,22655.400390625,22590.44921875,22598.849609375,0
2026-03-23 08:35:00+00:00,22627.44921875,22661.150390625,22607.44921875,22645.69921875,0
2026-03-23 08:40:00+00:00,22618.69921875,22643.349609375,22610.349609375,22627.80078125,0
2026-03-23 08:45:00+00:00,22641.599609375,22652.650390625,22612.25,22619.650390625,0
2026-03-23 08:50:00+00:00,22625.55078125,22656.44921875,22624.55078125,22641.349609375,0
2026-03-23 08:55:00+00:00,22611.19921875,22633.69921875,22591.94921875,22624.900390625,0
2026-03-23 09:00:00+00:00,22526.80078125,22617.400390625,22515.25,22610.55078125,0
2026-03-23 09:05:00+00:00,22564.05078125,22591.94921875,22522.150390625,22524.80078125,0
2026-03-23 09:10:00+00:00,22599.099609375,22599.099609375,22541.94921875,22561.05078125,0
2026-03-23 09:15:00+00:00,22596.75,22603.400390625,22579.05078125,22596.94921875,0
2026-03-23 09:20:00+00:00,22613.849609375,22646.55078125,22597.900390625,22597.900390625,0
2026-03-23 09:25:00+00:00,22614.5,22617.400390625,22586.19921875,22612.69921875,0
2026-03-23 09:30:00+00:00,22503.900390625,22614.75,22503.05078125,22614.75,0
2026-03-23 09:35:00+00:00,22523.849609375,22531.849609375,22486.099609375,22503.55078125,0
2026-03-23 09:40:00+00:00,22509.25,22542.44921875,22505.19921875,22523.25,0
2026-03-23 09:45:00+00:00,22485.19921875,22510.69921875,22483.849609375,22509.55078125,0
2026-03-23 09:50:00+00:00,22492.400390625,22495.849609375,22479.55078125,22484.25,0
2026-03-23 09:55:00+00:00,22492.650390625,22505.349609375,22478.099609375,22492.0,0
2026-03-24 03:45:00+00:00,22785.150390625,22897.650390625,22775.400390625,22854.05078125,0
2026-03-24 03:50:00+00:00,22816.69921875,22817.0,22765.150390625,22789.80078125,0
2026-03-24 03:55:00+00:00,22839.900390625,22849.25,22811.150390625,22815.80078125,0
2026-03-24 04:00:00+00:00,22815.19921875,22852.400390625,22815.19921875,22839.599609375,0
2026-03-24 04:05:00+00:00,22764.30078125,22827.900390625,22763.099609375,22815.599609375,0
2026-03-24 04:10:00+00:00,22744.80078125,22783.099609375,22732.30078125,22764.30078125,0
2026-03-24 04:15:00+00:00,22718.900390625,22748.099609375,22707.05078125,22747.30078125,0
2026-03-24 04:20:00+00:00,22730.69921875,22737.150390625,22701.80078125,22718.75,0
2026-03-24 04:25:00+00:00,22754.19921875,22773.650390625,22725.05078125,22729.900390625,0
2026-03-24 04:30:00+00:00,22705.599609375,22756.650390625,22701.849609375,22753.900390625,0
2026-03-24 04:35:00+00:00,22685.150390625,22719.44921875,22682.349609375,22705.69921875,0
2026-03-24 04:40:00+00:00,22708.099609375,22714.849609375,22682.30078125,22684.5,0
2026-03-24 04:45:00+00:00,22731.69921875,22748.5,22701.55078125,22706.94921875,0
2026-03-24 04:50:00+00:00,22762.150390625,22766.80078125,22712.25,22731.400390625,0
2026-03-24 04:55:00+00:00,22737.900390625,22765.80078125,22725.099609375,22763.099609375,0
2026-03-24 05:00:00+00:00,22667.75,22738.900390625,22667.75,22738.19921875,0
2026-03-24 05:05:00+00:00,22631.80078125,22667.69921875,22624.900390625,22665.599609375,0
2026-03-24 05:10:00+00:00,22667.900390625,22680.650390625,22630.55078125,22631.599609375,0
2026-03-24 05:15:00+00:00,22692.0,22723.5,22657.0,22667.55078125,0
2026-03-24 05:20:00+00:00,22667.25,22707.69921875,22653.599609375,22691.900390625,0
2026-03-24 05:25:00+00:00,22639.69921875,22674.25,22629.400390625,22667.80078125,0
2026-03-24 05:30:00+00:00,22678.80078125,22682.0,22639.80078125,22639.80078125,0
2026-03-24 05:35:00+00:00,22680.900390625,22689.099609375,22661.44921875,22679.75,0
2026-03-24 05:40:00+00:00,22698.25,22711.05078125,22678.69921875,22680.099609375,0
2026-03-24 05:45:00+00:00,22730.44921875,22732.349609375,22694.349609375,22699.400390625,0
2026-03-24 05:50:00+00:00,22703.150390625,22746.0,22701.599609375,22731.80078125,0
2026-03-24 05:55:00+00:00,22728.5,22737.19921875,22689.55078125,22703.25,0
2026-03-24 06:00:00+00:00,22753.599609375,22756.55078125,22724.5,22729.349609375,0
2026-03-24 06:05:00+00:00,22766.19921875,22770.0,22749.900390625,22751.650390625,0
2026-03-24 06:10:00+00:00,22754.650390625,22770.150390625,22738.94921875,22764.94921875,0
2026-03-24 06:15:00+00:00,22769.25,22793.25,22745.849609375,22754.349609375,0
2026-03-24 06:20:00+00:00,22785.55078125,22795.5,22756.599609375,22769.19921875,0
2026-03-24 06:25:00+00:00,22806.900390625,22827.80078125,22784.400390625,22785.099609375,0
2026-03-24 06:30:00+00:00,22796.55078125,22816.900390625,22793.80078125,22806.75,0
2026-03-24 06:35:00+00:00,22770.099609375,22796.400390625,22765.150390625,22796.400390625,0
2026-03-24 06:40:00+00:00,22761.44921875,22787.75,22760.0,22769.900390625,0
2026-03-24 06:45:00+00:00,22757.30078125,22773.69921875,22753.349609375,22761.900390625,0
2026-03-24 06:50:00+00:00,22881.5,22883.400390625,22756.400390625,22758.0,0
2026-03-24 06:55:00+00:00,22844.44921875,22935.55078125,22822.349609375,22880.19921875,0
2026-03-24 07:00:00+00:00,22922.80078125,22922.80078125,22843.400390625,22844.150390625,0
2026-03-24 07:05:00+00:00,22951.0,22952.69921875,22915.900390625,22922.30078125,0
2026-03-24 07:10:00+00:00,22955.19921875,22988.849609375,22937.400390625,22952.05078125,0
2026-03-24 07:15:00+00:00,22993.400390625,22996.099609375,22955.30078125,22956.94921875,0
2026-03-24 07:20:00+00:00,23008.5,23025.19921875,22980.0,22993.349609375,0
2026-03-24 07:25:00+00:00,22974.400390625,23009.05078125,22952.849609375,23009.05078125,0
2026-03-24 07:30:00+00:00,22941.44921875,22979.349609375,22936.44921875,22974.599609375,0
2026-03-24 07:35:00+00:00,22939.0,22956.5,22911.349609375,22941.900390625,0
2026-03-24 07:40:00+00:00,22990.5,22990.5,22935.30078125,22939.5,0
2026-03-24 07:45:00+00:00,22987.5,22991.80078125,22958.400390625,22990.75,0
2026-03-24 07:50:00+00:00,22992.05078125,23012.94921875,22966.44921875,22986.69921875,0
2026-03-24 07:55:00+00:00,23021.94921875,23025.650390625,22983.75,22991.400390625,0
2026-03-24 08:00:00+00:00,23034.849609375,23039.05078125,22999.849609375,23021.19921875,0
2026-03-24 08:05:00+00:00,23028.94921875,23056.25,23021.69921875,23034.69921875,0
2026-03-24 08:10:00+00:00,23037.5,23057.099609375,23022.0,23029.19921875,0
2026-03-24 08:15:00+00:00,22962.900390625,23047.900390625,22962.900390625,23037.599609375,0
2026-03-24 08:20:00+00:00,22972.69921875,22992.55078125,22950.599609375,22963.650390625,0
2026-03-24 08:25:00+00:00,22976.19921875,22996.55078125,22971.30078125,22972.650390625,0
2026-03-24 08:30:00+00:00,22970.69921875,22993.75,22954.25,22975.25,0
2026-03-24 08:35:00+00:00,22972.5,22992.400390625,22957.150390625,22970.650390625,0
2026-03-24 08:40:00+00:00,22992.349609375,22995.75,22971.30078125,22971.75,0
2026-03-24 08:45:00+00:00,22981.099609375,23037.900390625,22980.05078125,22993.19921875,0
2026-03-24 08:50:00+00:00,22956.75,22996.44921875,22920.0,22981.19921875,0
2026-03-24 08:55:00+00:00,22945.599609375,22964.30078125,22932.349609375,22955.099609375,0
2026-03-24 09:00:00+00:00,22948.05078125,22959.400390625,22926.400390625,22945.099609375,0
2026-03-24 09:05:00+00:00,22895.94921875,22954.099609375,22893.30078125,22948.150390625,0
2026-03-24 09:10:00+00:00,22909.650390625,22931.94921875,22882.650390625,22896.150390625,0
2026-03-24 09:15:00+00:00,22914.94921875,22917.75,22901.599609375,22909.25,0
2026-03-24 09:20:00+00:00,22891.849609375,22916.150390625,22883.900390625,22915.900390625,0
2026-03-24 09:25:00+00:00,22916.349609375,22927.150390625,22889.650390625,22893.349609375,0
2026-03-24 09:30:00+00:00,22909.05078125,22923.44921875,22875.349609375,22914.599609375,0
2026-03-24 09:35:00+00:00,22916.55078125,22932.099609375,22894.150390625,22910.099609375,0
2026-03-24 09:40:00+00:00,22898.650390625,22922.849609375,22898.650390625,22916.900390625,0
2026-03-24 09:45:00+00:00,22919.69921875,22927.05078125,22881.30078125,22901.150390625,0
2026-03-24 09:50:00+00:00,22931.349609375,22932.599609375,22915.05078125,22918.849609375,0
2026-03-24 09:55:00+00:00,22958.400390625,22961.69921875,22931.30078125,22931.80078125,0
2026-03-25 03:45:00+00:00,23162.599609375,23172.400390625,23067.75,23067.75,0
2026-03-25 03:50:00+00:00,23188.5,23202.150390625,23161.900390625,23162.19921875,0
2026-03-25 03:55:00+00:00,23215.099609375,23220.099609375,23188.900390625,23189.650390625,0
2026-03-25 04:00:00+00:00,23233.44921875,23237.44921875,23207.80078125,23214.650390625,0
2026-03-25 04:05:00+00:00,23215.900390625,23239.55078125,23202.55078125,23234.849609375,0
2026-03-25 04:10:00+00:00,23270.900390625,23277.349609375,23204.650390625,23216.30078125,0
2026-03-25 04:15:00+00:00,23270.0,23286.05078125,23262.05078125,23272.94921875,0
2026-03-25 04:20:00+00:00,23287.69921875,23289.05078125,23262.75,23271.400390625,0
2026-03-25 04:25:00+00:00,23286.05078125,23298.099609375,23269.349609375,23287.55078125,0
2026-03-25 04:30:00+00:00,23280.849609375,23304.650390625,23276.94921875,23287.400390625,0
2026-03-25 04:35:00+00:00,23290.150390625,23291.94921875,23246.55078125,23281.69921875,0
2026-03-25 04:40:00+00:00,23305.55078125,23310.099609375,23284.94921875,23290.349609375,0
2026-03-25 04:45:00+00:00,23295.5,23317.69921875,23289.94921875,23306.599609375,0
2026-03-25 04:50:00+00:00,23292.19921875,23313.650390625,23283.349609375,23295.44921875,0
2026-03-25 04:55:00+00:00,23314.55078125,23317.55078125,23291.900390625,23293.5,0
2026-03-25 05:00:00+00:00,23310.25,23323.5,23299.94921875,23313.69921875,0
2026-03-25 05:05:00+00:00,23314.94921875,23319.19921875,23302.0,23310.400390625,0
2026-03-25 05:10:00+00:00,23366.650390625,23369.05078125,23312.80078125,23313.05078125,0
2026-03-25 05:15:00+00:00,23360.55078125,23373.05078125,23357.0,23366.25,0
2026-03-25 05:20:00+00:00,23375.80078125,23378.0,23354.349609375,23359.30078125,0
2026-03-25 05:25:00+00:00,23367.44921875,23376.25,23357.19921875,23375.30078125,0
2026-03-25 05:30:00+00:00,23384.80078125,23391.150390625,23366.0,23366.0,0
2026-03-25 05:35:00+00:00,23419.349609375,23430.599609375,23383.150390625,23385.099609375,0
2026-03-25 05:40:00+00:00,23432.55078125,23433.55078125,23415.19921875,23418.349609375,0
2026-03-25 05:45:00+00:00,23417.849609375,23434.25,23412.44921875,23432.30078125,0
2026-03-25 05:50:00+00:00,23388.75,23423.0,23388.44921875,23417.75,0
2026-03-25 05:55:00+00:00,23388.400390625,23398.650390625,23377.30078125,23388.349609375,0
2026-03-25 06:00:00+00:00,23389.650390625,23406.80078125,23380.0,23391.5,0
2026-03-25 06:05:00+00:00,23359.099609375,23394.25,23343.5,23389.25,0
2026-03-25 06:10:00+00:00,23361.349609375,23381.44921875,23355.650390625,23358.900390625,0
2026-03-25 06:15:00+00:00,23390.099609375,23402.69921875,23359.400390625,23361.30078125,0
2026-03-25 06:20:00+00:00,23411.400390625,23416.099609375,23389.30078125,23391.849609375,0
2026-03-25 06:25:00+00:00,23399.349609375,23416.349609375,23390.400390625,23411.30078125,0
2026-03-25 06:30:00+00:00,23411.599609375,23414.30078125,23394.5,23399.400390625,0
2026-03-25 06:35:00+00:00,23411.75,23422.44921875,23402.44921875,23411.849609375,0
2026-03-25 06:40:00+00:00,23440.349609375,23442.0,23408.25,23411.25,0
2026-03-25 06:45:00+00:00,23441.400390625,23447.599609375,23417.849609375,23439.94921875,0
2026-03-25 06:50:00+00:00,23433.94921875,23448.849609375,23433.400390625,23441.75,0
2026-03-25 06:55:00+00:00,23429.25,23436.30078125,23421.0,23433.44921875,0
2026-03-25 07:00:00+00:00,23448.69921875,23465.25,23416.55078125,23429.0,0
2026-03-25 07:05:00+00:00,23435.55078125,23458.099609375,23433.25,23447.55078125,0
2026-03-25 07:10:00+00:00,23447.55078125,23450.94921875,23430.900390625,23434.5,0
2026-03-25 07:15:00+00:00,23418.650390625,23452.25,23414.349609375,23447.849609375,0
2026-03-25 07:20:00+00:00,23390.25,23420.400390625,23389.80078125,23419.44921875,0
2026-03-25 07:25:00+00:00,23375.349609375,23400.849609375,23372.349609375,23391.0,0
2026-03-25 07:30:00+00:00,23399.55078125,23403.150390625,23369.69921875,23374.849609375,0
2026-03-25 07:35:00+00:00,23392.30078125,23420.5,23384.900390625,23400.5,0
2026-03-25 07:40:00+00:00,23392.599609375,23405.0,23390.0,23393.75,0
2026-03-25 07:45:00+00:00,23381.5,23411.650390625,23381.5,23392.19921875,0
2026-03-25 07:50:00+00:00,23392.599609375,23397.099609375,23371.55078125,23381.0,0
2026-03-25 07:55:00+00:00,23412.94921875,23424.30078125,23391.0,23391.5,0
2026-03-25 08:00:00+00:00,23423.94921875,23432.349609375,23388.099609375,23414.150390625,0
2026-03-25 08:05:00+00:00,23429.5,23439.25,23417.900390625,23424.5,0
2026-03-25 08:10:00+00:00,23432.55078125,23434.900390625,23420.30078125,23429.900390625,0
2026-03-25 08:15:00+00:00,23444.900390625,23451.30078125,23429.19921875,23432.94921875,0
2026-03-25 08:20:00+00:00,23428.55078125,23462.80078125,23423.19921875,23445.75,0
2026-03-25 08:25:00+00:00,23430.19921875,23437.099609375,23419.0,23428.0,0
2026-03-25 08:30:00+00:00,23443.44921875,23460.30078125,23429.19921875,23430.349609375,0
2026-03-25 08:35:00+00:00,23406.30078125,23447.900390625,23402.69921875,23444.5,0
2026-03-25 08:40:00+00:00,23390.75,23418.69921875,23387.44921875,23406.69921875,0
2026-03-25 08:45:00+00:00,23375.75,23403.94921875,23375.44921875,23390.30078125,0
2026-03-25 08:50:00+00:00,23321.400390625,23385.650390625,23316.80078125,23375.80078125,0
2026-03-25 08:55:00+00:00,23337.25,23340.849609375,23314.349609375,23321.19921875,0
2026-03-25 09:00:00+00:00,23338.0,23353.849609375,23304.5,23337.349609375,0
2026-03-25 09:05:00+00:00,23337.599609375,23348.55078125,23321.30078125,23338.80078125,0
2026-03-25 09:10:00+00:00,23357.349609375,23368.05078125,23336.69921875,23337.44921875,0
2026-03-25 09:15:00+00:00,23344.69921875,23367.650390625,23331.44921875,23357.099609375,0
2026-03-25 09:20:00+00:00,23325.05078125,23350.25,23319.099609375,23345.099609375,0
2026-03-25 09:25:00+00:00,23334.849609375,23335.25,23318.5,23325.80078125,0
2026-03-25 09:30:00+00:00,23330.0,23357.44921875,23284.099609375,23332.5,0
2026-03-25 09:35:00+00:00,23321.650390625,23330.05078125,23296.650390625,23330.05078125,0
2026-03-25 09:40:00+00:00,23300.650390625,23325.400390625,23299.44921875,23321.599609375,0
2026-03-25 09:45:00+00:00,23274.599609375,23311.400390625,23274.599609375,23302.94921875,0
2026-03-25 09:50:00+00:00,23296.599609375,23296.599609375,23273.94921875,23277.849609375,0
2026-03-25 09:55:00+00:00,23309.0,23309.0,23287.650390625,23296.19921875,0
2026-03-27 03:45:00+00:00,23042.69921875,23173.55078125,23029.849609375,23173.55078125,0
2026-03-27 03:50:00+00:00,23074.849609375,23101.150390625,23026.349609375,23041.80078125,0
2026-03-27 03:55:00+00:00,23057.55078125,23087.94921875,23054.55078125,23075.099609375,0
2026-03-27 04:00:00+00:00,23018.599609375,23063.849609375,23017.94921875,23056.80078125,0
2026-03-27 04:05:00+00:00,23023.5,23023.5,23001.599609375,23018.349609375,0
2026-03-27 04:10:00+00:00,23052.900390625,23055.75,23022.349609375,23024.150390625,0
2026-03-27 04:15:00+00:00,23039.349609375,23054.599609375,23024.849609375,23053.55078125,0
2026-03-27 04:20:00+00:00,23014.94921875,23040.099609375,23014.30078125,23039.25,0
2026-03-27 04:25:00+00:00,22991.400390625,23017.30078125,22979.44921875,23015.349609375,0
2026-03-27 04:30:00+00:00,23024.599609375,23034.94921875,22988.80078125,22992.25,0
2026-03-27 04:35:00+00:00,23015.599609375,23024.849609375,22998.349609375,23024.849609375,0
2026-03-27 04:40:00+00:00,22979.849609375,23015.599609375,22977.55078125,23015.599609375,0
2026-03-27 04:45:00+00:00,22972.849609375,22986.400390625,22972.5,22980.5,0
2026-03-27 04:50:00+00:00,23007.650390625,23011.25,22968.5,22973.349609375,0
2026-03-27 04:55:00+00:00,23005.75,23014.05078125,22991.349609375,23007.900390625,0
2026-03-27 05:00:00+00:00,23009.599609375,23038.650390625,23002.900390625,23006.75,0
2026-03-27 05:05:00+00:00,23018.19921875,23020.400390625,22996.19921875,23009.400390625,0
2026-03-27 05:10:00+00:00,22988.5,23018.69921875,22987.0,23018.69921875,0
2026-03-27 05:15:00+00:00,22977.05078125,22989.400390625,22973.0,22989.150390625,0
2026-03-27 05:20:00+00:00,22952.94921875,22979.650390625,22950.30078125,22977.900390625,0
2026-03-27 05:25:00+00:00,22973.30078125,22977.80078125,22949.75,22952.099609375,0
2026-03-27 05:30:00+00:00,22978.900390625,22997.69921875,22967.099609375,22973.5,0
2026-03-27 05:35:00+00:00,22989.94921875,22992.849609375,22972.69921875,22979.150390625,0
2026-03-27 05:40:00+00:00,22991.0,23001.150390625,22976.80078125,22989.349609375,0
2026-03-27 05:45:00+00:00,22961.25,22992.69921875,22956.25,22990.44921875,0
2026-03-27 05:50:00+00:00,22947.75,22964.0,22946.849609375,22960.150390625,0
2026-03-27 05:55:00+00:00,22935.19921875,22961.80078125,22928.05078125,22947.349609375,0
2026-03-27 06:00:00+00:00,22938.599609375,22952.150390625,22929.30078125,22934.5,0
2026-03-27 06:05:00+00:00,22950.5,22957.0,22934.80078125,22938.94921875,0
2026-03-27 06:10:00+00:00,22950.599609375,22957.30078125,22933.099609375,22950.44921875,0
2026-03-27 06:15:00+00:00,22949.5,22957.44921875,22943.44921875,22950.55078125,0
2026-03-27 06:20:00+00:00,22958.05078125,22961.80078125,22946.44921875,22949.25,0
2026-03-27 06:25:00+00:00,22946.650390625,22958.5,22938.80078125,22958.30078125,0
2026-03-27 06:30:00+00:00,22937.849609375,22946.650390625,22917.69921875,22946.650390625,0
2026-03-27 06:35:00+00:00,22940.19921875,22954.25,22932.400390625,22936.849609375,0
2026-03-27 06:40:00+00:00,22934.150390625,22940.0,22924.5,22939.349609375,0
2026-03-27 06:45:00+00:00,22908.19921875,22934.900390625,22907.05078125,22934.349609375,0
2026-03-27 06:50:00+00:00,22932.900390625,22933.19921875,22906.400390625,22909.19921875,0
2026-03-27 06:55:00+00:00,22961.55078125,22964.25,22924.05078125,22932.30078125,0
2026-03-27 07:00:00+00:00,22958.25,22963.80078125,22930.650390625,22962.30078125,0
2026-03-27 07:05:00+00:00,22954.900390625,22967.55078125,22950.650390625,22958.0,0
2026-03-27 07:10:00+00:00,22965.55078125,22965.55078125,22938.94921875,22954.849609375,0
2026-03-27 07:15:00+00:00,22956.849609375,22966.44921875,22944.400390625,22964.69921875,0
2026-03-27 07:20:00+00:00,22956.099609375,22973.19921875,22939.900390625,22956.80078125,0
2026-03-27 07:25:00+00:00,22944.599609375,22961.30078125,22942.19921875,22956.349609375,0
2026-03-27 07:30:00+00:00,22926.650390625,22952.599609375,22925.849609375,22945.650390625,0
2026-03-27 07:35:00+00:00,22925.30078125,22935.900390625,22925.30078125,22926.599609375,0
2026-03-27 07:40:00+00:00,22943.150390625,22944.849609375,22920.0,22926.400390625,0
2026-03-27 07:45:00+00:00,22972.05078125,22992.94921875,22939.69921875,22943.650390625,0
2026-03-27 07:50:00+00:00,22961.650390625,22972.75,22945.05078125,22972.75,0
2026-03-27 07:55:00+00:00,22936.400390625,22977.25,22935.75,22960.30078125,0
2026-03-27 08:00:00+00:00,22922.55078125,22937.19921875,22918.349609375,22936.400390625,0
2026-03-27 08:05:00+00:00,22912.0,22934.150390625,22909.30078125,22922.599609375,0
2026-03-27 08:10:00+00:00,22930.94921875,22949.150390625,22909.44921875,22912.349609375,0
2026-03-27 08:15:00+00:00,22923.44921875,22937.900390625,22920.75,22930.30078125,0
2026-03-27 08:20:00+00:00,22928.900390625,22945.30078125,22920.44921875,22922.94921875,0
2026-03-27 08:25:00+00:00,22924.05078125,22937.150390625,22912.75,22928.55078125,0
2026-03-27 08:30:00+00:00,22919.75,22930.599609375,22916.19921875,22922.849609375,0
2026-03-27 08:35:00+00:00,22909.05078125,22925.0,22896.5,22919.900390625,0
2026-03-27 08:40:00+00:00,22911.69921875,22915.05078125,22884.94921875,22908.55078125,0
2026-03-27 08:45:00+00:00,22894.5,22917.099609375,22893.75,22911.05078125,0
2026-03-27 08:50:00+00:00,22889.0,22905.349609375,22882.150390625,22895.5,0
2026-03-27 08:55:00+00:00,22885.599609375,22899.400390625,22872.25,22888.55078125,0
2026-03-27 09:00:00+00:00,22858.099609375,22886.94921875,22852.94921875,22885.150390625,0
2026-03-27 09:05:00+00:00,22836.349609375,22868.19921875,22832.19921875,22856.69921875,0
2026-03-27 09:10:00+00:00,22852.900390625,22867.400390625,22832.44921875,22837.0,0
2026-03-27 09:15:00+00:00,22855.80078125,22864.150390625,22848.099609375,22852.599609375,0
2026-03-27 09:20:00+00:00,22855.69921875,22869.19921875,22848.44921875,22855.19921875,0
2026-03-27 09:25:00+00:00,22846.55078125,22865.19921875,22840.400390625,22856.44921875,0
2026-03-27 09:30:00+00:00,22832.19921875,22845.0,22814.099609375,22845.0,0
2026-03-27 09:35:00+00:00,22820.650390625,22831.30078125,22812.94921875,22831.30078125,0
2026-03-27 09:40:00+00:00,22815.19921875,22833.25,22811.900390625,22819.80078125,0
2026-03-27 09:45:00+00:00,22819.75,22819.80078125,22806.05078125,22814.400390625,0
2026-03-27 09:50:00+00:00,22815.44921875,22821.30078125,22804.80078125,22820.349609375,0
2026-03-27 09:55:00+00:00,22835.5,22838.25,22807.75,22815.849609375,0
2026-03-30 03:45:00+00:00,22522.44921875,22609.80078125,22472.94921875,22574.69921875,0
2026-03-30 03:50:00+00:00,22529.30078125,22551.400390625,22500.099609375,22521.19921875,0
2026-03-30 03:55:00+00:00,22580.75,22590.400390625,22516.900390625,22526.099609375,0
2026-03-30 04:00:00+00:00,22683.599609375,22684.69921875,22576.75,22581.400390625,0
2026-03-30 04:05:00+00:00,22677.400390625,22713.30078125,22661.900390625,22681.55078125,0
2026-03-30 04:10:00+00:00,22659.25,22703.69921875,22652.650390625,22675.80078125,0
2026-03-30 04:15:00+00:00,22630.44921875,22690.0,22628.849609375,22659.55078125,0
2026-03-30 04:20:00+00:00,22618.5,22665.30078125,22617.19921875,22630.19921875,0
2026-03-30 04:25:00+00:00,22615.30078125,22629.80078125,22596.94921875,22617.94921875,0
2026-03-30 04:30:00+00:00,22651.19921875,22665.5,22604.69921875,22614.69921875,0
2026-03-30 04:35:00+00:00,22601.599609375,22650.05078125,22594.05078125,22650.05078125,0
2026-03-30 04:40:00+00:00,22596.75,22600.19921875,22556.599609375,22600.19921875,0
2026-03-30 04:45:00+00:00,22556.30078125,22603.94921875,22553.5,22595.900390625,0
2026-03-30 04:50:00+00:00,22544.349609375,22564.55078125,22537.650390625,22555.30078125,0
2026-03-30 04:55:00+00:00,22534.75,22564.0,22534.75,22542.650390625,0
2026-03-30 05:00:00+00:00,22529.150390625,22540.25,22519.19921875,22535.44921875,0
2026-03-30 05:05:00+00:00,22538.30078125,22549.5,22526.25,22528.5,0
2026-03-30 05:10:00+00:00,22514.55078125,22554.599609375,22512.25,22538.849609375,0
2026-03-30 05:15:00+00:00,22527.349609375,22535.05078125,22509.44921875,22513.30078125,0
2026-03-30 05:20:00+00:00,22493.349609375,22538.30078125,22491.400390625,22528.0,0
2026-03-30 05:25:00+00:00,22490.19921875,22524.19921875,22478.349609375,22493.25,0
2026-03-30 05:30:00+00:00,22504.30078125,22509.05078125,22483.650390625,22489.599609375,0
2026-03-30 05:35:00+00:00,22472.30078125,22509.30078125,22472.30078125,22503.44921875,0
2026-03-30 05:40:00+00:00,22478.55078125,22482.099609375,22454.0,22471.44921875,0
2026-03-30 05:45:00+00:00,22481.30078125,22483.5,22466.900390625,22479.25,0
2026-03-30 05:50:00+00:00,22482.349609375,22486.849609375,22467.5,22480.349609375,0
2026-03-30 05:55:00+00:00,22468.19921875,22488.25,22465.80078125,22481.25,0
2026-03-30 06:00:00+00:00,22503.80078125,22506.30078125,22457.349609375,22468.099609375,0
2026-03-30 06:05:00+00:00,22516.25,22535.80078125,22503.19921875,22503.30078125,0
2026-03-30 06:10:00+00:00,22486.650390625,22519.150390625,22484.75,22515.05078125,0
2026-03-30 06:15:00+00:00,22464.55078125,22485.69921875,22460.400390625,22485.69921875,0
2026-03-30 06:20:00+00:00,22478.599609375,22480.25,22453.150390625,22465.05078125,0
2026-03-30 06:25:00+00:00,22484.0,22489.849609375,22468.150390625,22477.69921875,0
2026-03-30 06:30:00+00:00,22549.349609375,22560.599609375,22480.30078125,22483.150390625,0
2026-03-30 06:35:00+00:00,22558.30078125,22594.5,22545.650390625,22549.05078125,0
2026-03-30 06:40:00+00:00,22567.099609375,22578.099609375,22553.80078125,22557.55078125,0
2026-03-30 06:45:00+00:00,22555.30078125,22577.44921875,22550.849609375,22566.900390625,0
2026-03-30 06:50:00+00:00,22531.30078125,22594.099609375,22531.05078125,22555.349609375,0
2026-03-30 06:55:00+00:00,22519.150390625,22534.599609375,22502.849609375,22531.150390625,0
2026-03-30 07:00:00+00:00,22517.400390625,22523.5,22508.0,22519.849609375,0
2026-03-30 07:05:00+00:00,22565.599609375,22569.44921875,22514.05078125,22516.650390625,0
2026-03-30 07:10:00+00:00,22557.05078125,22579.30078125,22555.80078125,22564.650390625,0
2026-03-30 07:15:00+00:00,22530.55078125,22560.69921875,22530.55078125,22557.349609375,0
2026-03-30 07:20:00+00:00,22503.94921875,22533.05078125,22484.05078125,22530.099609375,0
2026-03-30 07:25:00+00:00,22505.80078125,22506.69921875,22491.75,22501.75,0
2026-03-30 07:30:00+00:00,22491.349609375,22511.400390625,22486.150390625,22506.099609375,0
2026-03-30 07:35:00+00:00,22495.80078125,22504.900390625,22485.349609375,22490.849609375,0
2026-03-30 07:40:00+00:00,22499.19921875,22506.94921875,22481.44921875,22495.30078125,0
2026-03-30 07:45:00+00:00,22484.94921875,22516.349609375,22479.099609375,22498.55078125,0
2026-03-30 07:50:00+00:00,22484.349609375,22495.05078125,22482.19921875,22485.30078125,0
2026-03-30 07:55:00+00:00,22476.44921875,22486.400390625,22456.55078125,22484.25,0
2026-03-30 08:00:00+00:00,22485.80078125,22486.05078125,22464.05078125,22476.19921875,0
2026-03-30 08:05:00+00:00,22493.650390625,22502.099609375,22474.25,22485.599609375,0
2026-03-30 08:10:00+00:00,22462.05078125,22500.5,22454.849609375,22494.349609375,0
2026-03-30 08:15:00+00:00,22448.0,22468.150390625,22446.69921875,22461.150390625,0
2026-03-30 08:20:00+00:00,22422.099609375,22452.900390625,22420.5,22445.55078125,0
2026-03-30 08:25:00+00:00,22428.80078125,22441.599609375,22420.150390625,22420.94921875,0
2026-03-30 08:30:00+00:00,22462.30078125,22487.19921875,22423.75,22428.099609375,0
2026-03-30 08:35:00+00:00,22449.44921875,22475.849609375,22449.44921875,22461.19921875,0
2026-03-30 08:40:00+00:00,22420.5,22451.900390625,22419.150390625,22449.05078125,0
2026-03-30 08:45:00+00:00,22411.55078125,22425.349609375,22409.599609375,22420.19921875,0
2026-03-30 08:50:00+00:00,22388.0,22431.849609375,22383.44921875,22412.349609375,0
2026-03-30 08:55:00+00:00,22378.05078125,22394.400390625,22376.349609375,22386.0,0
2026-03-30 09:00:00+00:00,22362.5,22410.599609375,22360.650390625,22376.55078125,0
2026-03-30 09:05:00+00:00,22362.900390625,22378.5,22352.19921875,22361.400390625,0
2026-03-30 09:10:00+00:00,22366.80078125,22383.900390625,22358.69921875,22363.44921875,0
2026-03-30 09:15:00+00:00,22362.0,22383.400390625,22341.0,22365.599609375,0
2026-03-30 09:20:00+00:00,22348.5,22376.900390625,22344.69921875,22361.349609375,0
2026-03-30 09:25:00+00:00,22349.94921875,22357.80078125,22338.30078125,22347.69921875,0
2026-03-30 09:30:00+00:00,22291.19921875,22348.5,22285.55078125,22348.5,0
2026-03-30 09:35:00+00:00,22299.400390625,22307.69921875,22289.099609375,22291.19921875,0
2026-03-30 09:40:00+00:00,22335.599609375,22342.0,22295.44921875,22297.099609375,0
2026-03-30 09:45:00+00:00,22341.80078125,22356.55078125,22325.150390625,22335.44921875,0
2026-03-30 09:50:00+00:00,22377.44921875,22381.25,22341.849609375,22342.30078125,0
2026-03-30 09:55:00+00:00,22379.19921875,22391.0,22359.150390625,22376.0,0
2026-04-01 03:45:00+00:00,22887.0,22894.69921875,22811.400390625,22878.900390625,0
2026-04-01 03:50:00+00:00,22899.55078125,22902.400390625,22872.55078125,22888.599609375,0
2026-04-01 03:55:00+00:00,22929.75,22930.150390625,22898.25,22900.0,0
2026-04-01 04:00:00+00:00,22854.5,22936.900390625,22845.44921875,22928.55078125,0
2026-04-01 04:05:00+00:00,22828.099609375,22854.0,22824.150390625,22853.25,0
2026-04-01 04:10:00+00:00,22854.94921875,22873.69921875,22827.400390625,22828.5,0
2026-04-01 04:15:00+00:00,22897.55078125,22898.099609375,22848.5,22851.44921875,0
2026-04-01 04:20:00+00:00,22915.150390625,22932.099609375,22896.19921875,22897.75,0
2026-04-01 04:25:00+00:00,22893.150390625,22919.099609375,22885.0,22914.94921875,0
2026-04-01 04:30:00+00:00,22927.150390625,22941.0,22890.44921875,22892.900390625,0
2026-04-01 04:35:00+00:00,22906.80078125,22932.0,22905.099609375,22927.55078125,0
2026-04-01 04:40:00+00:00,22868.849609375,22907.44921875,22862.55078125,22907.44921875,0
2026-04-01 04:45:00+00:00,22871.150390625,22878.849609375,22857.400390625,22867.900390625,0
2026-04-01 04:50:00+00:00,22828.349609375,22879.44921875,22822.05078125,22871.69921875,0
2026-04-01 04:55:00+00:00,22796.5,22828.150390625,22772.099609375,22827.849609375,0
2026-04-01 05:00:00+00:00,22796.0,22816.30078125,22778.349609375,22797.099609375,0
2026-04-01 05:05:00+00:00,22813.80078125,22816.400390625,22796.150390625,22796.400390625,0
2026-04-01 05:10:00+00:00,22807.5,22815.0,22787.349609375,22813.150390625,0
2026-04-01 05:15:00+00:00,22797.150390625,22820.25,22791.900390625,22808.599609375,0
2026-04-01 05:20:00+00:00,22789.849609375,22802.05078125,22783.44921875,22797.599609375,0
2026-04-01 05:25:00+00:00,22770.75,22791.5,22769.69921875,22791.5,0
2026-04-01 05:30:00+00:00,22749.099609375,22771.349609375,22744.5,22771.349609375,0
2026-04-01 05:35:00+00:00,22770.55078125,22786.0,22738.599609375,22748.69921875,0
2026-04-01 05:40:00+00:00,22763.75,22791.650390625,22758.099609375,22771.19921875,0
2026-04-01 05:45:00+00:00,22767.19921875,22767.55078125,22747.69921875,22763.55078125,0
2026-04-01 05:50:00+00:00,22781.650390625,22782.80078125,22764.900390625,22766.80078125,0
2026-04-01 05:55:00+00:00,22790.099609375,22800.650390625,22781.5,22781.5,0
2026-04-01 06:00:00+00:00,22798.5,22811.650390625,22786.44921875,22788.849609375,0
2026-04-01 06:05:00+00:00,22813.44921875,22814.349609375,22788.849609375,22797.650390625,0
2026-04-01 06:10:00+00:00,22799.150390625,22822.650390625,22798.19921875,22813.5,0
2026-04-01 06:15:00+00:00,22754.099609375,22798.650390625,22743.650390625,22797.650390625,0
2026-04-01 06:20:00+00:00,22745.599609375,22765.0,22742.599609375,22751.94921875,0
2026-04-01 06:25:00+00:00,22775.900390625,22778.150390625,22736.94921875,22743.19921875,0
2026-04-01 06:30:00+00:00,22838.75,22841.150390625,22774.099609375,22774.099609375,0
2026-04-01 06:35:00+00:00,22839.150390625,22842.400390625,22827.0,22834.55078125,0
2026-04-01 06:40:00+00:00,22859.30078125,22864.599609375,22828.150390625,22837.80078125,0
2026-04-01 06:45:00+00:00,22837.75,22864.19921875,22834.69921875,22857.75,0
2026-04-01 06:50:00+00:00,22831.400390625,22841.94921875,22825.55078125,22836.30078125,0
2026-04-01 06:55:00+00:00,22832.80078125,22836.94921875,22817.849609375,22829.55078125,0
2026-04-01 07:00:00+00:00,22829.5,22847.400390625,22824.25,22831.0,0
2026-04-01 07:05:00+00:00,22842.5,22842.69921875,22816.55078125,22827.94921875,0
2026-04-01 07:10:00+00:00,22834.599609375,22856.349609375,22829.55078125,22841.55078125,0
2026-04-01 07:15:00+00:00,22868.650390625,22881.099609375,22833.849609375,22834.94921875,0
2026-04-01 07:20:00+00:00,22873.55078125,22875.55078125,22860.400390625,22868.44921875,0
2026-04-01 07:25:00+00:00,22862.05078125,22874.349609375,22855.69921875,22873.05078125,0
2026-04-01 07:30:00+00:00,22864.599609375,22873.599609375,22855.5,22862.099609375,0
2026-04-01 07:35:00+00:00,22869.150390625,22878.55078125,22862.099609375,22864.900390625,0
2026-04-01 07:40:00+00:00,22883.30078125,22883.400390625,22842.69921875,22868.94921875,0
2026-04-01 07:45:00+00:00,22843.0,22897.94921875,22839.849609375,22883.19921875,0
2026-04-01 07:50:00+00:00,22810.599609375,22843.5,22805.599609375,22843.0,0
2026-04-01 07:55:00+00:00,22807.94921875,22812.44921875,22795.0,22810.55078125,0
2026-04-01 08:00:00+00:00,22776.75,22808.349609375,22760.099609375,22808.349609375,0
2026-04-01 08:05:00+00:00,22764.75,22776.349609375,22748.5,22776.25,0
2026-04-01 08:10:00+00:00,22675.150390625,22763.900390625,22649.75,22763.900390625,0
2026-04-01 08:15:00+00:00,22703.19921875,22720.5,22658.69921875,22674.849609375,0
2026-04-01 08:20:00+00:00,22697.94921875,22708.599609375,22691.5,22702.44921875,0
2026-04-01 08:25:00+00:00,22703.650390625,22725.900390625,22690.5,22697.55078125,0
2026-04-01 08:30:00+00:00,22720.80078125,22730.5,22688.19921875,22703.75,0
2026-04-01 08:35:00+00:00,22737.25,22739.849609375,22715.44921875,22720.650390625,0
2026-04-01 08:40:00+00:00,22753.0,22756.599609375,22727.900390625,22739.0,0
2026-04-01 08:45:00+00:00,22742.05078125,22756.80078125,22723.75,22754.349609375,0
2026-04-01 08:50:00+00:00,22723.400390625,22743.099609375,22709.94921875,22741.349609375,0
2026-04-01 08:55:00+00:00,22733.400390625,22736.0,22717.0,22723.150390625,0
2026-04-01 09:00:00+00:00,22709.150390625,22734.900390625,22704.44921875,22734.55078125,0
2026-04-01 09:05:00+00:00,22667.75,22709.349609375,22665.19921875,22708.25,0
2026-04-01 09:10:00+00:00,22662.650390625,22678.55078125,22641.400390625,22666.19921875,0
2026-04-01 09:15:00+00:00,22641.19921875,22662.5,22619.05078125,22660.599609375,0
2026-04-01 09:20:00+00:00,22657.19921875,22666.75,22629.80078125,22640.900390625,0
2026-04-01 09:25:00+00:00,22647.80078125,22685.349609375,22644.849609375,22656.80078125,0
2026-04-01 09:30:00+00:00,22676.75,22692.55078125,22651.25,22651.25,0
2026-04-01 09:35:00+00:00,22682.099609375,22684.400390625,22669.900390625,22676.94921875,0
2026-04-01 09:40:00+00:00,22671.650390625,22691.30078125,22670.05078125,22682.75,0
2026-04-01 09:45:00+00:00,22681.099609375,22688.5,22668.599609375,22671.099609375,0
2026-04-01 09:50:00+00:00,22683.5,22683.900390625,22672.94921875,22681.25,0
2026-04-01 09:55:00+00:00,22703.150390625,22706.30078125,22674.599609375,22683.55078125,0
2026-04-02 03:45:00+00:00,22228.0,22383.400390625,22209.5,22383.400390625,0
2026-04-02 03:50:00+00:00,22252.150390625,22255.94921875,22215.599609375,22226.349609375,0
2026-04-02 03:55:00+00:00,22245.55078125,22261.599609375,22236.349609375,22251.44921875,0
2026-04-02 04:00:00+00:00,22255.400390625,22268.75,22239.44921875,22244.44921875,0
2026-04-02 04:05:00+00:00,22251.44921875,22290.75,22244.0,22255.400390625,0
2026-04-02 04:10:00+00:00,22262.55078125,22278.099609375,22244.0,22249.900390625,0
2026-04-02 04:15:00+00:00,22235.650390625,22273.19921875,22227.349609375,22264.44921875,0
2026-04-02 04:20:00+00:00,22221.150390625,22241.69921875,22212.69921875,22235.69921875,0
2026-04-02 04:25:00+00:00,22206.5,22227.55078125,22205.849609375,22220.80078125,0
2026-04-02 04:30:00+00:00,22215.099609375,22229.80078125,22190.44921875,22206.80078125,0
2026-04-02 04:35:00+00:00,22186.400390625,22216.099609375,22184.69921875,22216.099609375,0
2026-04-02 04:40:00+00:00,22234.349609375,22236.650390625,22183.30078125,22186.349609375,0
2026-04-02 04:45:00+00:00,22205.349609375,22234.5,22190.650390625,22234.5,0
2026-04-02 04:50:00+00:00,22191.30078125,22226.5,22189.44921875,22206.55078125,0
2026-04-02 04:55:00+00:00,22217.650390625,22221.400390625,22188.94921875,22189.75,0
2026-04-02 05:00:00+00:00,22214.0,22229.0,22208.5,22216.849609375,0
2026-04-02 05:05:00+00:00,22221.349609375,22224.349609375,22206.80078125,22213.400390625,0
2026-04-02 05:10:00+00:00,22221.400390625,22236.19921875,22215.099609375,22219.94921875,0
2026-04-02 05:15:00+00:00,22206.349609375,22225.099609375,22189.44921875,22221.19921875,0
2026-04-02 05:20:00+00:00,22226.599609375,22237.44921875,22199.25,22204.849609375,0
2026-04-02 05:25:00+00:00,22243.69921875,22249.5,22220.30078125,22225.599609375,0
2026-04-02 05:30:00+00:00,22234.849609375,22250.19921875,22230.30078125,22242.94921875,0
2026-04-02 05:35:00+00:00,22235.69921875,22243.349609375,22222.400390625,22236.30078125,0
2026-04-02 05:40:00+00:00,22227.650390625,22235.05078125,22217.94921875,22233.400390625,0
2026-04-02 05:45:00+00:00,22217.650390625,22230.80078125,22206.05078125,22225.849609375,0
2026-04-02 05:50:00+00:00,22212.0,22220.55078125,22206.25,22216.599609375,0
2026-04-02 05:55:00+00:00,22207.599609375,22222.75,22202.75,22209.0,0
2026-04-02 06:00:00+00:00,22219.80078125,22224.099609375,22203.69921875,22206.5,0
2026-04-02 06:05:00+00:00,22234.400390625,22239.19921875,22218.30078125,22218.900390625,0
2026-04-02 06:10:00+00:00,22225.5,22237.25,22221.400390625,22234.75,0
2026-04-02 06:15:00+00:00,22242.0,22251.05078125,22223.099609375,22223.150390625,0
2026-04-02 06:20:00+00:00,22245.19921875,22256.75,22241.650390625,22243.44921875,0
2026-04-02 06:25:00+00:00,22277.19921875,22300.599609375,22243.599609375,22247.400390625,0
2026-04-02 06:30:00+00:00,22271.25,22288.75,22260.400390625,22277.55078125,0
2026-04-02 06:35:00+00:00,22262.400390625,22270.19921875,22244.55078125,22269.5,0
2026-04-02 06:40:00+00:00,22267.0,22277.400390625,22259.05078125,22264.30078125,0
2026-04-02 06:45:00+00:00,22261.650390625,22272.44921875,22256.900390625,22267.849609375,0
2026-04-02 06:50:00+00:00,22261.650390625,22266.19921875,22231.25,22261.44921875,0
2026-04-02 06:55:00+00:00,22295.0,22295.0,22255.69921875,22258.900390625,0
2026-04-02 07:00:00+00:00,22316.55078125,22319.44921875,22285.150390625,22294.5,0
2026-04-02 07:05:00+00:00,22348.599609375,22360.75,22307.69921875,22316.44921875,0
2026-04-02 07:10:00+00:00,22361.849609375,22368.099609375,22334.30078125,22349.30078125,0
2026-04-02 07:15:00+00:00,22350.900390625,22367.05078125,22336.650390625,22363.05078125,0
2026-04-02 07:20:00+00:00,22324.650390625,22362.94921875,22323.55078125,22351.150390625,0
2026-04-02 07:25:00+00:00,22364.80078125,22371.69921875,22325.19921875,22326.25,0
2026-04-02 07:30:00+00:00,22373.349609375,22405.19921875,22364.849609375,22365.30078125,0
2026-04-02 07:35:00+00:00,22376.80078125,22378.75,22330.900390625,22372.900390625,0
2026-04-02 07:40:00+00:00,22369.849609375,22376.900390625,22355.349609375,22376.80078125,0
2026-04-02 07:45:00+00:00,22389.099609375,22394.650390625,22360.30078125,22368.5,0
2026-04-02 07:50:00+00:00,22439.650390625,22439.650390625,22385.650390625,22388.44921875,0
2026-04-02 07:55:00+00:00,22488.25,22488.25,22421.05078125,22439.75,0
2026-04-02 08:00:00+00:00,22491.80078125,22502.400390625,22458.0,22488.44921875,0
2026-04-02 08:05:00+00:00,22517.80078125,22522.650390625,22465.150390625,22491.0,0
2026-04-02 08:10:00+00:00,22535.650390625,22543.30078125,22513.400390625,22519.150390625,0
2026-04-02 08:15:00+00:00,22533.80078125,22560.099609375,22524.5,22537.80078125,0
2026-04-02 08:20:00+00:00,22532.05078125,22560.19921875,22519.099609375,22533.55078125,0
2026-04-02 08:25:00+00:00,22530.349609375,22538.44921875,22493.80078125,22530.150390625,0
2026-04-02 08:30:00+00:00,22560.0,22561.55078125,22519.849609375,22529.44921875,0
2026-04-02 08:35:00+00:00,22567.94921875,22571.80078125,22537.30078125,22558.900390625,0
2026-04-02 08:40:00+00:00,22627.25,22628.25,22566.400390625,22566.69921875,0
2026-04-02 08:45:00+00:00,22651.94921875,22672.599609375,22618.400390625,22625.849609375,0
2026-04-02 08:50:00+00:00,22673.849609375,22675.25,22637.75,22651.55078125,0
2026-04-02 08:55:00+00:00,22665.650390625,22684.30078125,22645.849609375,22672.55078125,0
2026-04-02 09:00:00+00:00,22689.150390625,22706.0,22656.599609375,22665.55078125,0
2026-04-02 09:05:00+00:00,22629.150390625,22694.5,22620.94921875,22690.349609375,0
2026-04-02 09:10:00+00:00,22584.599609375,22639.599609375,22572.849609375,22630.849609375,0
2026-04-02 09:15:00+00:00,22615.5,22634.94921875,22569.150390625,22584.400390625,0
2026-04-02 09:20:00+00:00,22659.55078125,22663.599609375,22609.900390625,22614.900390625,0
2026-04-02 09:25:00+00:00,22656.80078125,22667.150390625,22641.650390625,22659.099609375,0
2026-04-02 09:30:00+00:00,22688.75,22697.349609375,22650.80078125,22658.30078125,0
2026-04-02 09:35:00+00:00,22746.650390625,22747.05078125,22686.94921875,22689.849609375,0
2026-04-02 09:40:00+00:00,22760.400390625,22761.44921875,22733.5,22747.900390625,0
2026-04-02 09:45:00+00:00,22718.150390625,22781.94921875,22715.599609375,22761.94921875,0
2026-04-02 09:50:00+00:00,22689.150390625,22724.349609375,22673.599609375,22717.650390625,0
2026-04-02 09:55:00+00:00,22700.25,22711.5,22678.5,22690.44921875,0
2026-04-06 03:45:00+00:00,22666.05078125,22785.849609375,22592.30078125,22785.849609375,0
2026-04-06 03:50:00+00:00,22653.55078125,22714.349609375,22646.69921875,22671.30078125,0
2026-04-06 03:55:00+00:00,22609.05078125,22661.94921875,22602.19921875,22657.25,0
2026-04-06 04:00:00+00:00,22681.05078125,22684.849609375,22596.5,22604.849609375,0
2026-04-06 04:05:00+00:00,22704.349609375,22746.900390625,22678.19921875,22681.69921875,0
2026-04-06 04:10:00+00:00,22620.19921875,22714.349609375,22602.19921875,22704.849609375,0
2026-04-06 04:15:00+00:00,22589.900390625,22636.349609375,22589.900390625,22620.19921875,0
2026-04-06 04:20:00+00:00,22573.0,22603.25,22569.0,22591.099609375,0
2026-04-06 04:25:00+00:00,22569.30078125,22586.55078125,22568.400390625,22571.099609375,0
2026-04-06 04:30:00+00:00,22589.599609375,22591.599609375,22562.849609375,22569.099609375,0
2026-04-06 04:35:00+00:00,22614.94921875,22632.05078125,22586.0,22590.44921875,0
2026-04-06 04:40:00+00:00,22654.849609375,22656.80078125,22597.25,22615.849609375,0
2026-04-06 04:45:00+00:00,22638.599609375,22679.69921875,22613.30078125,22659.80078125,0
2026-04-06 04:50:00+00:00,22640.55078125,22662.80078125,22637.0,22639.5,0
2026-04-06 04:55:00+00:00,22634.44921875,22645.0,22591.30078125,22638.349609375,0
2026-04-06 05:00:00+00:00,22636.80078125,22640.400390625,22598.849609375,22634.05078125,0
2026-04-06 05:05:00+00:00,22661.0,22661.849609375,22634.44921875,22637.69921875,0
2026-04-06 05:10:00+00:00,22653.5,22662.650390625,22627.30078125,22661.69921875,0
2026-04-06 05:15:00+00:00,22657.0,22663.25,22641.150390625,22653.94921875,0
2026-04-06 05:20:00+00:00,22617.400390625,22669.19921875,22610.25,22657.30078125,0
2026-04-06 05:25:00+00:00,22635.849609375,22651.30078125,22609.599609375,22618.69921875,0
2026-04-06 05:30:00+00:00,22590.05078125,22635.80078125,22587.849609375,22635.599609375,0
2026-04-06 05:35:00+00:00,22588.55078125,22603.30078125,22577.400390625,22590.30078125,0
2026-04-06 05:40:00+00:00,22567.80078125,22587.400390625,22543.400390625,22587.400390625,0
2026-04-06 05:45:00+00:00,22611.94921875,22611.94921875,22558.650390625,22567.44921875,0
2026-04-06 05:50:00+00:00,22613.94921875,22635.650390625,22597.099609375,22611.349609375,0
2026-04-06 05:55:00+00:00,22629.30078125,22629.55078125,22596.75,22615.05078125,0
2026-04-06 06:00:00+00:00,22610.05078125,22633.099609375,22595.900390625,22629.150390625,0
2026-04-06 06:05:00+00:00,22618.849609375,22647.94921875,22606.19921875,22610.19921875,0
2026-04-06 06:10:00+00:00,22644.400390625,22650.599609375,22604.900390625,22619.599609375,0
2026-04-06 06:15:00+00:00,22645.69921875,22663.30078125,22634.55078125,22644.30078125,0
2026-04-06 06:20:00+00:00,22668.19921875,22675.25,22644.80078125,22646.19921875,0
2026-04-06 06:25:00+00:00,22676.400390625,22707.80078125,22665.69921875,22669.0,0
2026-04-06 06:30:00+00:00,22667.849609375,22684.80078125,22663.75,22678.05078125,0
2026-04-06 06:35:00+00:00,22673.599609375,22691.94921875,22664.75,22667.94921875,0
2026-04-06 06:40:00+00:00,22659.599609375,22680.75,22659.400390625,22673.0,0
2026-04-06 06:45:00+00:00,22660.19921875,22672.44921875,22653.099609375,22660.349609375,0
2026-04-06 06:50:00+00:00,22700.80078125,22731.099609375,22659.25,22661.69921875,0
2026-04-06 06:55:00+00:00,22713.400390625,22727.94921875,22699.25,22702.0,0
2026-04-06 07:00:00+00:00,22650.099609375,22714.900390625,22648.349609375,22713.55078125,0
2026-04-06 07:05:00+00:00,22667.69921875,22682.599609375,22644.44921875,22649.400390625,0
2026-04-06 07:10:00+00:00,22675.650390625,22684.80078125,22652.650390625,22667.94921875,0
2026-04-06 07:15:00+00:00,22757.0,22757.0,22675.44921875,22676.19921875,0
2026-04-06 07:20:00+00:00,22775.25,22785.30078125,22746.55078125,22757.0,0
2026-04-06 07:25:00+00:00,22802.44921875,22803.69921875,22774.30078125,22776.150390625,0
2026-04-06 07:30:00+00:00,22767.400390625,22814.30078125,22758.44921875,22804.099609375,0
2026-04-06 07:35:00+00:00,22806.0,22806.94921875,22768.400390625,22769.05078125,0
2026-04-06 07:40:00+00:00,22860.69921875,22864.849609375,22806.19921875,22807.25,0
2026-04-06 07:45:00+00:00,22864.19921875,22875.5,22844.849609375,22861.30078125,0
2026-04-06 07:50:00+00:00,22878.400390625,22898.650390625,22863.150390625,22864.400390625,0
2026-04-06 07:55:00+00:00,22860.19921875,22881.150390625,22843.849609375,22878.5,0
2026-04-06 08:00:00+00:00,22884.849609375,22893.599609375,22862.94921875,22863.650390625,0
2026-04-06 08:05:00+00:00,22863.400390625,22900.55078125,22863.400390625,22885.69921875,0
2026-04-06 08:10:00+00:00,22850.900390625,22877.75,22843.5,22863.44921875,0
2026-04-06 08:15:00+00:00,22843.80078125,22874.349609375,22843.80078125,22852.69921875,0
2026-04-06 08:20:00+00:00,22882.69921875,22886.75,22843.400390625,22845.80078125,0
2026-04-06 08:25:00+00:00,22862.80078125,22887.400390625,22859.599609375,22883.0,0
2026-04-06 08:30:00+00:00,22890.55078125,22898.69921875,22861.75,22862.44921875,0
2026-04-06 08:35:00+00:00,22866.05078125,22898.650390625,22865.94921875,22890.69921875,0
2026-04-06 08:40:00+00:00,22911.400390625,22913.349609375,22865.94921875,22866.900390625,0
2026-04-06 08:45:00+00:00,22914.94921875,22928.75,22897.650390625,22911.650390625,0
2026-04-06 08:50:00+00:00,22907.25,22928.5,22907.25,22916.150390625,0
2026-04-06 08:55:00+00:00,22895.44921875,22913.30078125,22881.400390625,22908.0,0
2026-04-06 09:00:00+00:00,22922.25,22925.849609375,22895.900390625,22896.650390625,0
2026-04-06 09:05:00+00:00,22918.0,22939.94921875,22902.650390625,22923.099609375,0
2026-04-06 09:10:00+00:00,22913.80078125,22928.5,22904.150390625,22918.650390625,0
2026-04-06 09:15:00+00:00,22922.0,22928.650390625,22911.55078125,22914.30078125,0
2026-04-06 09:20:00+00:00,22911.150390625,22929.25,22905.30078125,22924.19921875,0
2026-04-06 09:25:00+00:00,22917.150390625,22930.30078125,22886.30078125,22910.599609375,0
2026-04-06 09:30:00+00:00,22959.650390625,22968.25,22912.44921875,22917.05078125,0
2026-04-06 09:35:00+00:00,22975.349609375,22977.30078125,22959.75,22960.19921875,0
2026-04-06 09:40:00+00:00,22989.349609375,22997.650390625,22965.349609375,22974.650390625,0
2026-04-06 09:45:00+00:00,22970.900390625,22991.19921875,22967.05078125,22990.30078125,0
2026-04-06 09:50:00+00:00,22969.849609375,22972.94921875,22957.94921875,22970.849609375,0
2026-04-06 09:55:00+00:00,22959.44921875,22972.19921875,22954.19921875,22969.900390625,0
2026-04-07 03:45:00+00:00,22773.05078125,22834.80078125,22720.44921875,22834.80078125,0
2026-04-07 03:50:00+00:00,22802.150390625,22825.80078125,22758.75,22773.75,0
2026-04-07 03:55:00+00:00,22889.849609375,22892.599609375,22801.30078125,22804.650390625,0
2026-04-07 04:00:00+00:00,22858.349609375,22900.650390625,22856.75,22891.44921875,0
2026-04-07 04:05:00+00:00,22851.25,22880.349609375,22837.650390625,22860.19921875,0
2026-04-07 04:10:00+00:00,22801.80078125,22868.5,22793.0,22854.900390625,0
2026-04-07 04:15:00+00:00,22818.25,22863.0,22803.25,22803.25,0
2026-04-07 04:20:00+00:00,22841.400390625,22853.849609375,22811.25,22819.69921875,0
2026-04-07 04:25:00+00:00,22886.150390625,22892.650390625,22842.44921875,22843.94921875,0
2026-04-07 04:30:00+00:00,22913.900390625,22923.19921875,22879.30078125,22889.349609375,0
2026-04-07 04:35:00+00:00,22897.5,22928.349609375,22893.75,22914.44921875,0
2026-04-07 04:40:00+00:00,22920.0,22923.55078125,22887.0,22899.5,0
2026-04-07 04:45:00+00:00,22943.19921875,22950.75,22917.44921875,22921.80078125,0
2026-04-07 04:50:00+00:00,22926.44921875,22966.400390625,22915.849609375,22945.75,0
2026-04-07 04:55:00+00:00,22943.650390625,22945.69921875,22922.80078125,22928.80078125,0
2026-04-07 05:00:00+00:00,22913.69921875,22947.900390625,22910.44921875,22944.5,0
2026-04-07 05:05:00+00:00,22928.75,22929.94921875,22887.599609375,22915.900390625,0
2026-04-07 05:10:00+00:00,22958.849609375,22965.25,22928.19921875,22930.650390625,0
2026-04-07 05:15:00+00:00,22931.75,22960.94921875,22924.0,22960.30078125,0
2026-04-07 05:20:00+00:00,22879.19921875,22933.5,22862.400390625,22933.19921875,0
2026-04-07 05:25:00+00:00,22843.94921875,22904.05078125,22834.650390625,22881.099609375,0
2026-04-07 05:30:00+00:00,22850.55078125,22864.349609375,22827.75,22845.099609375,0
2026-04-07 05:35:00+00:00,22864.94921875,22886.69921875,22844.80078125,22853.849609375,0
2026-04-07 05:40:00+00:00,22862.5,22878.94921875,22848.400390625,22867.599609375,0
2026-04-07 05:45:00+00:00,22893.69921875,22903.150390625,22852.150390625,22866.05078125,0
2026-04-07 05:50:00+00:00,22927.5,22928.19921875,22887.5,22895.0,0
2026-04-07 05:55:00+00:00,22943.599609375,22947.0,22920.94921875,22928.80078125,0
2026-04-07 06:00:00+00:00,22943.94921875,22946.400390625,22933.099609375,22943.5,0
2026-04-07 06:05:00+00:00,22944.25,22960.25,22927.599609375,22944.5,0
2026-04-07 06:10:00+00:00,22921.25,22945.05078125,22912.349609375,22945.05078125,0
2026-04-07 06:15:00+00:00,22917.099609375,22928.0,22903.80078125,22922.400390625,0
2026-04-07 06:20:00+00:00,22942.94921875,22943.099609375,22917.099609375,22918.69921875,0
2026-04-07 06:25:00+00:00,22986.849609375,22991.55078125,22943.44921875,22944.349609375,0
2026-04-07 06:30:00+00:00,22944.400390625,22945.25,22944.099609375,22944.80078125,0
2026-04-07 06:35:00+00:00,22949.05078125,22950.30078125,22926.0,22945.849609375,0
2026-04-07 06:40:00+00:00,22942.55078125,22950.5,22906.25,22950.5,0
2026-04-07 06:45:00+00:00,22929.94921875,22947.25,22922.5,22939.94921875,0
2026-04-07 06:50:00+00:00,22912.75,22932.650390625,22905.69921875,22931.849609375,0
2026-04-07 06:55:00+00:00,22924.75,22929.30078125,22909.44921875,22914.94921875,0
2026-04-07 07:00:00+00:00,22934.849609375,22945.349609375,22920.30078125,22926.19921875,0
2026-04-07 07:05:00+00:00,22946.30078125,22946.30078125,22924.44921875,22937.55078125,0
2026-04-07 07:10:00+00:00,22946.05078125,22951.900390625,22933.099609375,22947.19921875,0
2026-04-07 07:15:00+00:00,22942.80078125,22948.849609375,22931.5,22947.19921875,0
2026-04-07 07:20:00+00:00,22939.849609375,22952.05078125,22925.25,22944.80078125,0
2026-04-07 07:25:00+00:00,22915.900390625,22944.599609375,22912.5,22940.5,0
2026-04-07 07:30:00+00:00,22937.69921875,22942.19921875,22907.849609375,22917.400390625,0
2026-04-07 07:35:00+00:00,22912.75,22939.69921875,22911.349609375,22939.69921875,0
2026-04-07 07:40:00+00:00,22938.849609375,22956.05078125,22906.150390625,22914.099609375,0
2026-04-07 07:45:00+00:00,22967.30078125,22970.69921875,22940.5,22941.650390625,0
2026-04-07 07:50:00+00:00,22954.25,22969.30078125,22948.55078125,22969.30078125,0
2026-04-07 07:55:00+00:00,22959.94921875,22961.099609375,22933.75,22954.75,0
2026-04-07 08:00:00+00:00,23012.80078125,23042.75,22961.80078125,22961.900390625,0
2026-04-07 08:05:00+00:00,23030.19921875,23033.099609375,23003.150390625,23014.150390625,0
2026-04-07 08:10:00+00:00,23056.05078125,23062.349609375,23016.55078125,23031.099609375,0
2026-04-07 08:15:00+00:00,23020.75,23063.349609375,23017.75,23057.5,0
2026-04-07 08:20:00+00:00,23026.94921875,23044.099609375,22995.05078125,23022.19921875,0
2026-04-07 08:25:00+00:00,22977.69921875,23032.69921875,22960.05078125,23029.0,0
2026-04-07 08:30:00+00:00,23013.55078125,23020.55078125,22974.099609375,22979.900390625,0
2026-04-07 08:35:00+00:00,23015.55078125,23022.650390625,22993.900390625,23016.400390625,0
2026-04-07 08:40:00+00:00,23011.94921875,23018.349609375,22986.05078125,23016.150390625,0
2026-04-07 08:45:00+00:00,22996.599609375,23026.150390625,22994.80078125,23014.55078125,0
2026-04-07 08:50:00+00:00,23004.80078125,23011.80078125,22982.150390625,22998.900390625,0
2026-04-07 08:55:00+00:00,23014.099609375,23025.400390625,22999.05078125,23005.94921875,0
2026-04-07 09:00:00+00:00,23034.19921875,23049.94921875,23012.94921875,23015.0,0
2026-04-07 09:05:00+00:00,23001.30078125,23036.44921875,22989.44921875,23036.05078125,0
2026-04-07 09:10:00+00:00,23028.599609375,23041.150390625,23003.44921875,23004.25,0
2026-04-07 09:15:00+00:00,23044.55078125,23055.30078125,23020.69921875,23031.400390625,0
2026-04-07 09:20:00+00:00,23060.05078125,23067.94921875,23045.19921875,23046.400390625,0
2026-04-07 09:25:00+00:00,23096.69921875,23101.19921875,23064.19921875,23064.599609375,0
2026-04-07 09:30:00+00:00,23118.55078125,23128.75,23076.5,23096.849609375,0
2026-04-07 09:35:00+00:00,23127.0,23133.25,23102.150390625,23117.94921875,0
2026-04-07 09:40:00+00:00,23109.25,23130.0,23099.349609375,23125.0,0
2026-04-07 09:45:00+00:00,23123.44921875,23140.5,23106.099609375,23109.400390625,0
2026-04-07 09:50:00+00:00,23135.349609375,23143.5,23123.099609375,23125.349609375,0
2026-04-07 09:55:00+00:00,23129.94921875,23151.849609375,23124.150390625,23137.05078125,0
2026-04-08 03:45:00+00:00,23900.0,23909.44921875,23836.900390625,23855.150390625,0
2026-04-08 03:50:00+00:00,23862.599609375,23928.099609375,23859.80078125,23899.94921875,0
2026-04-08 03:55:00+00:00,23877.75,23893.650390625,23855.19921875,23863.349609375,0
2026-04-08 04:00:00+00:00,23879.44921875,23909.349609375,23875.900390625,23877.849609375,0
2026-04-08 04:05:00+00:00,23913.900390625,23916.19921875,23879.900390625,23879.94921875,0
2026-04-08 04:10:00+00:00,23921.05078125,23921.349609375,23899.5,23913.349609375,0
2026-04-08 04:15:00+00:00,23941.55078125,23959.75,23920.150390625,23920.150390625,0
2026-04-08 04:20:00+00:00,23921.19921875,23958.5,23912.55078125,23940.94921875,0
2026-04-08 04:25:00+00:00,23897.400390625,23936.599609375,23891.849609375,23922.05078125,0
2026-04-08 04:30:00+00:00,23900.349609375,23923.900390625,23892.849609375,23896.900390625,0
2026-04-08 04:35:00+00:00,23901.849609375,23935.099609375,23893.150390625,23900.400390625,0
2026-04-08 04:40:00+00:00,23880.150390625,23903.400390625,23878.599609375,23902.0,0
2026-04-08 04:45:00+00:00,23904.599609375,23905.05078125,23869.099609375,23880.44921875,0
2026-04-08 04:50:00+00:00,23893.099609375,23913.0,23877.400390625,23905.25,0
2026-04-08 04:55:00+00:00,23908.75,23915.25,23880.05078125,23892.75,0
2026-04-08 05:00:00+00:00,23921.5,23928.349609375,23908.05078125,23909.849609375,0
2026-04-08 05:05:00+00:00,23921.55078125,23930.900390625,23904.05078125,23922.05078125,0
2026-04-08 05:10:00+00:00,23950.5,23952.94921875,23906.650390625,23921.650390625,0
2026-04-08 05:15:00+00:00,23940.349609375,23955.55078125,23925.150390625,23950.94921875,0
2026-04-08 05:20:00+00:00,23971.849609375,23971.94921875,23935.150390625,23940.099609375,0
2026-04-08 05:25:00+00:00,23982.5,23984.05078125,23965.099609375,23970.19921875,0
2026-04-08 05:30:00+00:00,23992.0,23998.44921875,23981.30078125,23982.150390625,0
2026-04-08 05:35:00+00:00,23990.0,24000.80078125,23985.69921875,23992.349609375,0
2026-04-08 05:40:00+00:00,23991.75,24004.19921875,23983.5,23990.5,0
2026-04-08 05:45:00+00:00,24001.05078125,24014.0,23991.099609375,23991.599609375,0
2026-04-08 05:50:00+00:00,24002.099609375,24013.5,23998.75,24001.05078125,0
2026-04-08 05:55:00+00:00,23981.900390625,24004.150390625,23975.5,24001.849609375,0
2026-04-08 06:00:00+00:00,23968.30078125,23982.75,23965.650390625,23982.75,0
2026-04-08 06:05:00+00:00,23963.75,23981.099609375,23947.099609375,23968.44921875,0
2026-04-08 06:10:00+00:00,23980.55078125,23988.30078125,23954.44921875,23964.05078125,0
2026-04-08 06:15:00+00:00,23986.5,23998.599609375,23979.94921875,23980.55078125,0
2026-04-08 06:20:00+00:00,23948.69921875,23987.400390625,23930.19921875,23985.80078125,0
2026-04-08 06:25:00+00:00,23931.0,23951.44921875,23923.5,23949.349609375,0
2026-04-08 06:30:00+00:00,23951.400390625,23957.44921875,23920.150390625,23931.19921875,0
2026-04-08 06:35:00+00:00,23971.0,23971.0,23950.80078125,23951.25,0
2026-04-08 06:40:00+00:00,23963.30078125,23971.19921875,23957.69921875,23969.599609375,0
2026-04-08 06:45:00+00:00,23963.55078125,23967.349609375,23958.05078125,23963.19921875,0
2026-04-08 06:50:00+00:00,23971.55078125,23973.94921875,23962.80078125,23963.44921875,0
2026-04-08 06:55:00+00:00,23949.25,23973.44921875,23949.25,23971.05078125,0
2026-04-08 07:00:00+00:00,23917.099609375,23950.94921875,23902.25,23950.099609375,0
2026-04-08 07:05:00+00:00,23922.69921875,23934.0,23910.599609375,23916.55078125,0
2026-04-08 07:10:00+00:00,23947.099609375,23950.55078125,23916.25,23923.44921875,0
2026-04-08 07:15:00+00:00,23952.400390625,23953.150390625,23932.349609375,23946.349609375,0
2026-04-08 07:20:00+00:00,23953.099609375,23958.849609375,23944.400390625,23952.55078125,0
2026-04-08 07:25:00+00:00,23977.650390625,23979.80078125,23953.25,23953.400390625,0
2026-04-08 07:30:00+00:00,23967.900390625,23979.19921875,23957.0,23978.80078125,0
2026-04-08 07:35:00+00:00,23961.849609375,23969.69921875,23948.80078125,23967.75,0
2026-04-08 07:40:00+00:00,23974.099609375,23988.599609375,23961.80078125,23962.349609375,0
2026-04-08 07:45:00+00:00,23974.650390625,23991.349609375,23965.19921875,23974.30078125,0
2026-04-08 07:50:00+00:00,23984.0,23984.69921875,23969.69921875,23973.900390625,0
2026-04-08 07:55:00+00:00,23999.44921875,24001.599609375,23983.0,23983.19921875,0
2026-04-08 08:00:00+00:00,23994.400390625,24000.349609375,23981.25,23999.150390625,0
2026-04-08 08:05:00+00:00,24015.5,24024.5,23994.0,23994.150390625,0
2026-04-08 08:10:00+00:00,23976.0,24017.5,23975.5,24015.5,0
2026-04-08 08:15:00+00:00,23976.80078125,23990.05078125,23968.75,23975.400390625,0
2026-04-08 08:20:00+00:00,23963.0,23985.5,23953.099609375,23977.349609375,0
2026-04-08 08:25:00+00:00,23985.69921875,23988.400390625,23964.05078125,23964.05078125,0
2026-04-08 08:30:00+00:00,23968.400390625,23986.349609375,23964.55078125,23985.5,0
2026-04-08 08:35:00+00:00,23965.19921875,23971.650390625,23951.19921875,23967.349609375,0
2026-04-08 08:40:00+00:00,23948.25,23979.94921875,23944.0,23964.30078125,0
2026-04-08 08:45:00+00:00,23963.55078125,23966.599609375,23946.75,23948.150390625,0
2026-04-08 08:50:00+00:00,23976.900390625,23985.400390625,23962.900390625,23965.30078125,0
2026-04-08 08:55:00+00:00,23978.94921875,23988.80078125,23973.75,23977.30078125,0
2026-04-08 09:00:00+00:00,23979.0,23988.849609375,23971.900390625,23979.55078125,0
2026-04-08 09:05:00+00:00,23978.80078125,23990.55078125,23973.849609375,23977.55078125,0
2026-04-08 09:10:00+00:00,23998.900390625,24006.150390625,23977.80078125,23979.19921875,0
2026-04-08 09:15:00+00:00,23984.30078125,24017.599609375,23978.849609375,23999.0,0
2026-04-08 09:20:00+00:00,23987.5,23990.599609375,23972.55078125,23982.80078125,0
2026-04-08 09:25:00+00:00,24002.19921875,24005.0,23984.150390625,23987.650390625,0
2026-04-08 09:30:00+00:00,23992.05078125,24002.650390625,23955.75,24002.650390625,0
2026-04-08 09:35:00+00:00,24000.099609375,24011.5,23992.19921875,23992.25,0
2026-04-08 09:40:00+00:00,23994.849609375,24008.099609375,23989.25,23999.0,0
2026-04-08 09:45:00+00:00,23992.650390625,23998.099609375,23985.30078125,23994.25,0
2026-04-08 09:50:00+00:00,24003.80078125,24004.55078125,23991.400390625,23993.0,0
2026-04-08 09:55:00+00:00,24010.599609375,24018.25,24000.349609375,24004.19921875,0
2026-04-09 03:45:00+00:00,23935.650390625,23935.650390625,23816.44921875,23908.650390625,0
2026-04-09 03:50:00+00:00,23969.400390625,23974.400390625,23926.55078125,23932.0,0
2026-04-09 03:55:00+00:00,23984.19921875,23989.75,23961.19921875,23968.44921875,0
2026-04-09 04:00:00+00:00,23890.94921875,23986.099609375,23890.94921875,23983.599609375,0
2026-04-09 04:05:00+00:00,23891.099609375,23929.349609375,23882.0,23891.80078125,0
2026-04-09 04:10:00+00:00,23861.150390625,23899.30078125,23856.650390625,23891.30078125,0
2026-04-09 04:15:00+00:00,23817.30078125,23883.05078125,23816.94921875,23863.900390625,0
2026-04-09 04:20:00+00:00,23805.05078125,23826.0,23795.19921875,23815.94921875,0
2026-04-09 04:25:00+00:00,23786.30078125,23806.599609375,23771.19921875,23805.94921875,0
2026-04-09 04:30:00+00:00,23817.400390625,23826.5,23760.55078125,23785.349609375,0
2026-04-09 04:35:00+00:00,23824.05078125,23831.349609375,23807.400390625,23815.30078125,0
2026-04-09 04:40:00+00:00,23839.0,23853.150390625,23824.0,23824.0,0
2026-04-09 04:45:00+00:00,23870.69921875,23870.69921875,23820.849609375,23839.05078125,0
2026-04-09 04:50:00+00:00,23864.80078125,23871.349609375,23843.5,23869.94921875,0
2026-04-09 04:55:00+00:00,23848.19921875,23867.55078125,23820.19921875,23863.5,0
2026-04-09 05:00:00+00:00,23858.44921875,23863.599609375,23841.80078125,23848.44921875,0
2026-04-09 05:05:00+00:00,23837.599609375,23872.19921875,23832.25,23858.05078125,0
2026-04-09 05:10:00+00:00,23807.900390625,23839.5,23803.650390625,23836.80078125,0
2026-04-09 05:15:00+00:00,23824.349609375,23829.25,23807.94921875,23807.94921875,0
2026-04-09 05:20:00+00:00,23825.400390625,23830.400390625,23811.25,23823.75,0
2026-04-09 05:25:00+00:00,23828.75,23843.55078125,23820.849609375,23825.94921875,0
2026-04-09 05:30:00+00:00,23849.30078125,23864.099609375,23828.55078125,23828.94921875,0
2026-04-09 05:35:00+00:00,23860.650390625,23866.400390625,23828.150390625,23848.69921875,0
2026-04-09 05:40:00+00:00,23855.75,23869.5,23852.0,23860.349609375,0
2026-04-09 05:45:00+00:00,23829.94921875,23863.19921875,23824.150390625,23855.599609375,0
2026-04-09 05:50:00+00:00,23839.5,23850.5,23814.19921875,23830.30078125,0
2026-04-09 05:55:00+00:00,23855.25,23863.849609375,23838.30078125,23838.30078125,0
2026-04-09 06:00:00+00:00,23855.30078125,23875.5,23844.400390625,23855.0,0
2026-04-09 06:05:00+00:00,23856.25,23862.099609375,23847.69921875,23852.900390625,0
2026-04-09 06:10:00+00:00,23864.80078125,23871.30078125,23845.94921875,23856.150390625,0
2026-04-09 06:15:00+00:00,23887.25,23887.599609375,23849.400390625,23864.80078125,0
2026-04-09 06:20:00+00:00,23883.650390625,23898.0,23870.5,23886.94921875,0
2026-04-09 06:25:00+00:00,23886.349609375,23905.400390625,23871.80078125,23884.599609375,0
2026-04-09 06:30:00+00:00,23876.55078125,23902.75,23868.900390625,23887.150390625,0
2026-04-09 06:35:00+00:00,23901.0,23902.69921875,23860.25,23875.75,0
2026-04-09 06:40:00+00:00,23881.25,23907.30078125,23877.099609375,23899.849609375,0
2026-04-09 06:45:00+00:00,23875.349609375,23884.05078125,23873.650390625,23881.05078125,0
2026-04-09 06:50:00+00:00,23869.5,23883.849609375,23867.05078125,23875.30078125,0
2026-04-09 06:55:00+00:00,23872.55078125,23886.900390625,23854.849609375,23868.55078125,0
2026-04-09 07:00:00+00:00,23864.55078125,23885.349609375,23862.55078125,23871.75,0
2026-04-09 07:05:00+00:00,23855.349609375,23871.44921875,23845.099609375,23864.650390625,0
2026-04-09 07:10:00+00:00,23852.30078125,23867.55078125,23848.44921875,23854.25,0
2026-04-09 07:15:00+00:00,23807.150390625,23855.25,23805.25,23853.30078125,0
2026-04-09 07:20:00+00:00,23831.30078125,23839.400390625,23801.599609375,23807.099609375,0
2026-04-09 07:25:00+00:00,23830.69921875,23843.599609375,23828.400390625,23830.599609375,0
2026-04-09 07:30:00+00:00,23830.94921875,23842.599609375,23824.349609375,23830.25,0
2026-04-09 07:35:00+00:00,23829.599609375,23836.94921875,23816.849609375,23831.150390625,0
2026-04-09 07:40:00+00:00,23815.400390625,23831.05078125,23804.69921875,23829.150390625,0
2026-04-09 07:45:00+00:00,23803.19921875,23817.30078125,23800.94921875,23815.849609375,0
2026-04-09 07:50:00+00:00,23787.19921875,23804.349609375,23767.80078125,23803.05078125,0
2026-04-09 07:55:00+00:00,23769.30078125,23790.349609375,23767.900390625,23786.599609375,0
2026-04-09 08:00:00+00:00,23788.69921875,23792.5,23759.05078125,23769.150390625,0
2026-04-09 08:05:00+00:00,23773.19921875,23798.94921875,23767.650390625,23789.05078125,0
2026-04-09 08:10:00+00:00,23760.150390625,23776.650390625,23755.849609375,23773.349609375,0
2026-04-09 08:15:00+00:00,23762.5,23770.55078125,23740.80078125,23759.849609375,0
2026-04-09 08:20:00+00:00,23770.5,23785.44921875,23753.5,23762.900390625,0
2026-04-09 08:25:00+00:00,23767.849609375,23782.30078125,23764.55078125,23770.349609375,0
2026-04-09 08:30:00+00:00,23781.80078125,23790.19921875,23754.94921875,23767.849609375,0
2026-04-09 08:35:00+00:00,23785.55078125,23800.0,23767.75,23781.75,0
2026-04-09 08:40:00+00:00,23753.19921875,23786.94921875,23751.80078125,23785.349609375,0
2026-04-09 08:45:00+00:00,23746.599609375,23760.94921875,23746.19921875,23753.44921875,0
2026-04-09 08:50:00+00:00,23731.69921875,23758.69921875,23721.900390625,23746.349609375,0
2026-04-09 08:55:00+00:00,23720.30078125,23733.80078125,23710.400390625,23731.650390625,0
2026-04-09 09:00:00+00:00,23697.150390625,23722.25,23683.349609375,23720.0,0
2026-04-09 09:05:00+00:00,23705.849609375,23708.849609375,23690.400390625,23697.19921875,0
2026-04-09 09:10:00+00:00,23729.75,23744.900390625,23702.69921875,23707.25,0
2026-04-09 09:15:00+00:00,23737.94921875,23748.349609375,23720.5,23728.80078125,0
2026-04-09 09:20:00+00:00,23748.400390625,23751.44921875,23723.5,23737.75,0
2026-04-09 09:25:00+00:00,23741.05078125,23752.150390625,23733.099609375,23747.75,0
2026-04-09 09:30:00+00:00,23741.599609375,23806.80078125,23726.900390625,23742.44921875,0
2026-04-09 09:35:00+00:00,23787.75,23800.599609375,23733.400390625,23744.19921875,0
2026-04-09 09:40:00+00:00,23793.349609375,23801.25,23778.650390625,23789.099609375,0
2026-04-09 09:45:00+00:00,23771.25,23794.349609375,23769.099609375,23792.94921875,0
2026-04-09 09:50:00+00:00,23781.400390625,23784.55078125,23765.44921875,23772.849609375,0
2026-04-09 09:55:00+00:00,23766.05078125,23791.150390625,23758.94921875,23782.19921875,0
2026-04-10 03:45:00+00:00,23965.69921875,23967.400390625,23867.19921875,23880.55078125,0
2026-04-10 03:50:00+00:00,23918.650390625,23978.19921875,23917.05078125,23966.25,0
2026-04-10 03:55:00+00:00,23936.900390625,23944.19921875,23902.19921875,23918.849609375,0
2026-04-10 04:00:00+00:00,23943.599609375,23959.5,23931.19921875,23937.349609375,0
2026-04-10 04:05:00+00:00,23936.55078125,23944.05078125,23921.849609375,23943.19921875,0
2026-04-10 04:10:00+00:00,23948.150390625,23957.94921875,23934.94921875,23937.150390625,0
2026-04-10 04:15:00+00:00,23974.349609375,23992.099609375,23943.650390625,23948.599609375,0
2026-04-10 04:20:00+00:00,23986.849609375,23987.94921875,23971.25,23973.25,0
2026-04-10 04:25:00+00:00,23988.05078125,23998.25,23980.75,23986.650390625,0
2026-04-10 04:30:00+00:00,23972.349609375,24001.25,23971.849609375,23988.44921875,0
2026-04-10 04:35:00+00:00,23961.55078125,23973.94921875,23916.30078125,23971.650390625,0
2026-04-10 04:40:00+00:00,23994.400390625,23995.900390625,23960.05078125,23960.650390625,0
2026-04-10 04:45:00+00:00,24015.05078125,24018.650390625,23994.94921875,23994.94921875,0
2026-04-10 04:50:00+00:00,24021.55078125,24023.94921875,24010.849609375,24014.150390625,0
2026-04-10 04:55:00+00:00,24009.099609375,24035.599609375,24002.5,24022.55078125,0
2026-04-10 05:00:00+00:00,24019.849609375,24023.900390625,24001.0,24010.0,0
2026-04-10 05:05:00+00:00,24007.05078125,24026.099609375,24003.55078125,24019.69921875,0
2026-04-10 05:10:00+00:00,24003.849609375,24017.599609375,24003.80078125,24007.400390625,0
2026-04-10 05:15:00+00:00,23994.94921875,24009.05078125,23993.650390625,24003.75,0
2026-04-10 05:20:00+00:00,23985.69921875,23997.349609375,23984.75,23994.650390625,0
2026-04-10 05:25:00+00:00,23998.849609375,24000.0,23972.30078125,23985.30078125,0
2026-04-10 05:30:00+00:00,24001.80078125,24010.400390625,23994.900390625,23999.69921875,0
2026-04-10 05:35:00+00:00,24010.05078125,24011.19921875,23993.94921875,24001.44921875,0
2026-04-10 05:40:00+00:00,24013.30078125,24021.349609375,24007.30078125,24010.05078125,0
2026-04-10 05:45:00+00:00,23992.650390625,24015.349609375,23985.150390625,24012.05078125,0
2026-04-10 05:50:00+00:00,23992.30078125,24001.55078125,23990.099609375,23992.80078125,0
2026-04-10 05:55:00+00:00,23972.55078125,24005.25,23971.30078125,23992.599609375,0
2026-04-10 06:00:00+00:00,24004.599609375,24007.400390625,23972.150390625,23972.150390625,0
2026-04-10 06:05:00+00:00,23983.849609375,24006.69921875,23980.099609375,24004.30078125,0
2026-04-10 06:10:00+00:00,23980.150390625,23990.05078125,23970.05078125,23984.30078125,0
2026-04-10 06:15:00+00:00,23963.349609375,23987.099609375,23953.80078125,23980.94921875,0
2026-04-10 06:20:00+00:00,23982.44921875,23988.55078125,23964.05078125,23964.650390625,0
2026-04-10 06:25:00+00:00,23994.150390625,23996.0,23979.0,23982.400390625,0
2026-04-10 06:30:00+00:00,24008.05078125,24008.05078125,23984.94921875,23994.69921875,0
2026-04-10 06:35:00+00:00,24015.05078125,24019.19921875,24002.599609375,24007.55078125,0
2026-04-10 06:40:00+00:00,24009.05078125,24019.55078125,24008.30078125,24015.05078125,0
2026-04-10 06:45:00+00:00,24003.900390625,24011.0,23991.150390625,24009.099609375,0
2026-04-10 06:50:00+00:00,24019.19921875,24020.19921875,23991.75,24003.349609375,0
2026-04-10 06:55:00+00:00,24009.599609375,24032.599609375,23994.75,24019.150390625,0
2026-04-10 07:00:00+00:00,23998.25,24016.80078125,23995.30078125,24009.349609375,0
2026-04-10 07:05:00+00:00,24014.400390625,24020.44921875,23996.0,23996.0,0
2026-04-10 07:10:00+00:00,24004.25,24022.0,24003.30078125,24014.30078125,0
2026-04-10 07:15:00+00:00,24011.30078125,24018.94921875,24001.099609375,24004.30078125,0
2026-04-10 07:20:00+00:00,24000.75,24012.25,23986.150390625,24011.349609375,0
2026-04-10 07:25:00+00:00,24004.55078125,24007.650390625,23993.25,24000.599609375,0
2026-04-10 07:30:00+00:00,24014.05078125,24018.55078125,24003.69921875,24004.900390625,0
2026-04-10 07:35:00+00:00,24020.349609375,24021.75,24007.349609375,24013.30078125,0
2026-04-10 07:40:00+00:00,24002.55078125,24021.400390625,23999.349609375,24019.55078125,0
2026-04-10 07:45:00+00:00,23999.30078125,24010.75,23999.30078125,24003.150390625,0
2026-04-10 07:50:00+00:00,23999.30078125,24004.0,23996.44921875,23999.5,0
2026-04-10 07:55:00+00:00,24007.05078125,24009.900390625,23996.0,23999.150390625,0
2026-04-10 08:00:00+00:00,24004.25,24016.5,24003.599609375,24007.5,0
2026-04-10 08:05:00+00:00,24011.599609375,24012.099609375,23999.150390625,24004.099609375,0
2026-04-10 08:10:00+00:00,24020.400390625,24025.69921875,24011.5,24011.5,0
2026-04-10 08:15:00+00:00,24012.849609375,24030.25,24009.599609375,24020.69921875,0
2026-04-10 08:20:00+00:00,24018.599609375,24021.849609375,24002.349609375,24012.05078125,0
2026-04-10 08:25:00+00:00,24040.94921875,24044.55078125,24016.599609375,24018.599609375,0
2026-04-10 08:30:00+00:00,24028.94921875,24047.849609375,24026.69921875,24041.19921875,0
2026-04-10 08:35:00+00:00,24031.55078125,24037.599609375,24025.44921875,24029.19921875,0
2026-04-10 08:40:00+00:00,24020.099609375,24046.5,23998.44921875,24031.849609375,0
2026-04-10 08:45:00+00:00,23994.849609375,24021.80078125,23938.599609375,24020.400390625,0
2026-04-10 08:50:00+00:00,23956.900390625,24010.599609375,23956.599609375,23995.099609375,0
2026-04-10 08:55:00+00:00,23964.75,23969.650390625,23947.900390625,23956.599609375,0
2026-04-10 09:00:00+00:00,23964.5,23989.900390625,23959.849609375,23965.349609375,0
2026-04-10 09:05:00+00:00,23971.25,23981.0,23947.25,23962.849609375,0
2026-04-10 09:10:00+00:00,23982.69921875,23993.44921875,23969.19921875,23970.44921875,0
2026-04-10 09:15:00+00:00,24000.650390625,24005.5,23956.75,23982.900390625,0
2026-04-10 09:20:00+00:00,23994.849609375,24006.150390625,23991.19921875,24000.5,0
2026-04-10 09:25:00+00:00,23993.55078125,24005.650390625,23993.55078125,23995.0,0
2026-04-10 09:30:00+00:00,24035.099609375,24035.25,23994.19921875,23994.19921875,0
2026-04-10 09:35:00+00:00,24060.80078125,24062.05078125,24035.0,24035.0,0
2026-04-10 09:40:00+00:00,24057.5,24073.80078125,24057.19921875,24060.400390625,0
2026-04-10 09:45:00+00:00,24055.099609375,24061.44921875,24045.900390625,24058.099609375,0
2026-04-10 09:50:00+00:00,24054.69921875,24061.400390625,24049.650390625,24053.650390625,0
2026-04-10 09:55:00+00:00,24051.80078125,24063.44921875,24046.19921875,24054.55078125,0
