date_entry,strike_price,call_writer_oi,call_wri_oi_prev,call_volume,call_ltp,expiry_date,nifty_spot_price
2026-09-24 09:21:05,22400,780,715,195,855.80,2026-09-29,23228.00
2026-09-24 09:26:06,22400,780,715,195,855.80,2026-09-29,23239.80
2026-09-24 09:31:07,22400,780,715,260,868.00,2026-09-29,23258.60
2026-09-24 09:36:06,22400,780,715,260,868.00,2026-09-29,23266.40
2026-09-24 09:41:06,22400,845,715,325,866.00,2026-09-29,23241.75
2026-09-24 09:46:05,22400,845,715,325,866.00,2026-09-29,23230.85
2026-09-24 09:51:06,22400,845,715,975,863.65,2026-09-29,23233.00
2026-09-24 09:56:07,22400,1495,715,1105,834.05,2026-09-29,23213.70
2026-09-24 10:01:06,22400,1495,715,1105,834.05,2026-09-29,23229.80
2026-09-24 10:06:06,22400,1365,715,1235,845.60,2026-09-29,23233.00
2026-09-24 10:11:06,22400,1365,715,1235,845.60,2026-09-29,23229.25
2026-09-24 10:16:06,22400,1365,715,1365,834.05,2026-09-29,23218.55
2026-09-24 10:21:06,22400,1365,715,1430,834.00,2026-09-29,23216.00
2026-09-24 10:26:07,22400,1365,715,1430,834.00,2026-09-29,23204.10
2026-09-24 10:31:06,22400,1365,715,1430,834.00,2026-09-29,23213.25
2026-09-24 10:36:07,22400,1365,715,1430,834.00,2026-09-29,23220.25
2026-09-24 10:41:06,22400,1495,715,1690,842.20,2026-09-29,23220.25
2026-09-24 10:46:06,22400,1495,715,1690,842.20,2026-09-29,23220.75
2026-09-24 10:51:07,22400,1495,715,1690,842.20,2026-09-29,23234.45
2026-09-24 10:56:06,22400,1560,715,1755,865.90,2026-09-29,23238.30
2026-09-24 11:01:06,22400,1560,715,1755,865.90,2026-09-29,23234.40
2026-09-24 11:06:06,22400,1560,715,1755,865.90,2026-09-29,23222.45
2026-09-24 11:11:06,22400,1560,715,1755,865.90,2026-09-29,23225.00
2026-09-24 11:16:06,22400,1560,715,1755,865.90,2026-09-29,23226.10
2026-09-24 11:21:06,22400,1560,715,1755,865.90,2026-09-29,23229.45
2026-09-24 11:26:07,22400,1560,715,1755,865.90,2026-09-29,23216.10
2026-09-24 11:31:07,22400,1560,715,1755,865.90,2026-09-29,23216.20
2026-09-24 11:36:06,22400,1560,715,1755,865.90,2026-09-29,23209.70
2026-09-24 11:41:07,22400,1625,715,1885,836.60,2026-09-29,23208.95
2026-09-24 11:46:07,22400,1625,715,1885,836.60,2026-09-29,23210.35
2026-09-24 11:51:05,22400,1625,715,1885,836.60,2026-09-29,23207.60
2026-09-24 11:56:06,22400,1625,715,1885,836.60,2026-09-29,23198.85
2026-09-24 12:01:06,22400,1755,715,2080,820.00,2026-09-29,23196.80
2026-09-24 12:06:07,22400,1755,715,2080,820.00,2026-09-29,23209.50
2026-09-24 12:11:05,22400,1755,715,2080,820.00,2026-09-29,23207.00
2026-09-24 12:16:07,22400,1755,715,2080,820.00,2026-09-29,23199.90
2026-09-24 12:21:06,22400,1755,715,2080,820.00,2026-09-29,23198.65
2026-09-24 12:26:06,22400,1755,715,2210,819.25,2026-09-29,23175.90
2026-09-24 12:36:07,22400,1885,715,2405,800.00,2026-09-29,23171.75
2026-09-24 12:41:07,22400,1950,715,2470,812.50,2026-09-29,23179.45
2026-09-24 12:46:08,22400,2015,715,2535,807.00,2026-09-29,23172.05
2026-09-24 12:51:07,22400,2015,715,2535,807.00,2026-09-29,23178.35
2026-09-24 12:56:07,22400,2015,715,2535,807.00,2026-09-29,23168.05
2026-09-24 13:01:07,22400,2015,715,2535,807.00,2026-09-29,23168.55
2026-09-24 13:06:07,22400,2015,715,2535,807.00,2026-09-29,23182.55
2026-09-24 13:11:07,22400,2015,715,2535,807.00,2026-09-29,23177.80
2026-09-24 13:16:07,22400,2015,715,2665,806.15,2026-09-29,23185.50
2026-09-24 13:21:06,22400,2015,715,2665,806.15,2026-09-29,23178.25
2026-09-24 13:26:06,22400,2015,715,2665,806.15,2026-09-29,23167.05
2026-09-24 13:31:06,22400,1885,715,2795,783.30,2026-09-29,23151.70
2026-09-24 13:36:05,22400,1885,715,3055,783.40,2026-09-29,23151.50
2026-09-24 13:41:04,22400,2210,715,3315,765.30,2026-09-29,23136.10
2026-09-24 13:46:06,22400,2340,715,3380,740.00,2026-09-29,23086.45
2026-09-24 13:51:05,22400,2535,715,4875,729.50,2026-09-29,23100.15
2026-09-24 13:56:06,22400,2990,715,5070,717.20,2026-09-29,23078.40
2026-09-24 14:01:06,22400,3185,715,5395,700.00,2026-09-29,23072.60
2026-09-24 14:06:07,22400,3640,715,6175,708.85,2026-09-29,23065.45
2026-09-24 14:11:06,22400,3640,715,6500,702.90,2026-09-29,23073.05
2026-09-24 14:16:06,22400,3380,715,6565,712.10,2026-09-29,23077.45
2026-09-24 14:21:07,22400,3380,715,6565,712.10,2026-09-29,23065.55
2026-09-24 09:21:06,22400,0,0,0,0.00,2026-10-06,23228.25
2026-09-24 09:26:07,22400,0,0,0,0.00,2026-10-06,23239.10
2026-09-24 09:31:08,22400,0,0,0,0.00,2026-10-06,23259.00
2026-09-24 09:36:07,22400,0,0,0,0.00,2026-10-06,23265.90
2026-09-24 09:41:07,22400,0,0,0,0.00,2026-10-06,23240.80
2026-09-24 09:46:06,22400,0,0,0,0.00,2026-10-06,23229.95
2026-09-24 09:51:06,22400,0,0,0,0.00,2026-10-06,23233.75
2026-09-24 09:56:07,22400,0,0,0,0.00,2026-10-06,23213.85
2026-09-24 10:01:07,22400,0,0,0,0.00,2026-10-06,23230.55
2026-09-24 10:06:06,22400,0,0,0,0.00,2026-10-06,23232.95
2026-09-24 10:11:06,22400,0,0,0,0.00,2026-10-06,23228.70
2026-09-24 10:16:07,22400,0,0,0,0.00,2026-10-06,23218.70
2026-09-24 10:21:07,22400,0,0,0,0.00,2026-10-06,23216.35
2026-09-24 10:26:07,22400,0,0,0,0.00,2026-10-06,23204.05
2026-09-24 10:31:06,22400,0,0,0,0.00,2026-10-06,23212.70
2026-09-24 10:36:07,22400,0,0,0,0.00,2026-10-06,23220.60
2026-09-24 10:41:07,22400,0,0,0,0.00,2026-10-06,23221.15
2026-09-24 10:46:07,22400,0,0,0,0.00,2026-10-06,23220.65
2026-09-24 10:51:07,22400,0,0,0,0.00,2026-10-06,23233.60
2026-09-24 10:56:06,22400,0,0,0,0.00,2026-10-06,23239.20
2026-09-24 11:01:06,22400,0,0,0,0.00,2026-10-06,23233.70
2026-09-24 11:06:07,22400,0,0,0,0.00,2026-10-06,23222.55
2026-09-24 11:11:07,22400,0,0,0,0.00,2026-10-06,23225.20
2026-09-24 11:16:07,22400,0,0,0,0.00,2026-10-06,23225.25
2026-09-24 11:21:06,22400,0,0,0,0.00,2026-10-06,23229.15
2026-09-24 11:26:07,22400,0,0,0,0.00,2026-10-06,23216.00
2026-09-24 11:31:07,22400,0,0,0,0.00,2026-10-06,23216.15
2026-09-24 11:36:07,22400,0,0,0,0.00,2026-10-06,23209.65
2026-09-24 11:41:07,22400,0,0,0,0.00,2026-10-06,23208.95
2026-09-24 11:46:07,22400,0,0,0,0.00,2026-10-06,23210.10
2026-09-24 11:51:05,22400,0,0,0,0.00,2026-10-06,23206.75
2026-09-24 11:56:06,22400,0,0,0,0.00,2026-10-06,23198.40
2026-09-24 12:01:06,22400,0,0,0,0.00,2026-10-06,23196.85
2026-09-24 12:06:07,22400,0,0,0,0.00,2026-10-06,23209.80
2026-09-24 12:11:05,22400,0,0,0,0.00,2026-10-06,23206.90
2026-09-24 12:16:07,22400,0,0,0,0.00,2026-10-06,23200.30
2026-09-24 12:21:07,22400,0,0,0,0.00,2026-10-06,23198.65
2026-09-24 12:26:06,22400,0,0,0,0.00,2026-10-06,23175.75
2026-09-24 12:36:08,22400,0,0,0,0.00,2026-10-06,23172.45
2026-09-24 12:41:08,22400,0,0,0,0.00,2026-10-06,23179.50
2026-09-24 12:46:08,22400,0,0,0,0.00,2026-10-06,23171.10
2026-09-24 12:51:08,22400,0,0,0,0.00,2026-10-06,23178.25
2026-09-24 12:56:08,22400,0,0,0,0.00,2026-10-06,23167.90
2026-09-24 13:01:08,22400,0,0,0,0.00,2026-10-06,23167.70
2026-09-24 13:06:07,22400,0,0,0,0.00,2026-10-06,23182.45
2026-09-24 13:11:08,22400,0,0,0,0.00,2026-10-06,23177.20
2026-09-24 13:16:08,22400,0,0,0,0.00,2026-10-06,23185.00
2026-09-24 13:21:07,22400,0,0,0,0.00,2026-10-06,23178.10
2026-09-24 13:26:06,22400,0,0,0,0.00,2026-10-06,23167.35
2026-09-24 13:31:07,22400,0,0,0,0.00,2026-10-06,23152.05
2026-09-24 13:36:06,22400,0,0,0,0.00,2026-10-06,23151.60
2026-09-24 13:41:05,22400,0,0,0,0.00,2026-10-06,23135.95
2026-09-24 13:46:07,22400,0,0,0,0.00,2026-10-06,23087.20
2026-09-24 13:51:06,22400,0,0,0,0.00,2026-10-06,23099.90
2026-09-24 13:56:06,22400,0,0,0,0.00,2026-10-06,23078.00
2026-09-24 14:01:06,22400,0,0,0,0.00,2026-10-06,23073.25
2026-09-24 14:06:07,22400,0,0,0,0.00,2026-10-06,23066.10
2026-09-24 14:11:07,22400,0,0,0,0.00,2026-10-06,23073.60
2026-09-24 14:16:08,22400,0,0,0,0.00,2026-10-06,23077.10
2026-09-24 14:21:08,22400,0,0,0,0.00,2026-10-06,23065.05
2026-09-24 09:21:06,22400,0,0,0,0.00,2026-10-13,23227.45
2026-09-24 09:26:07,22400,0,0,0,0.00,2026-10-13,23238.65
2026-09-24 09:31:08,22400,0,0,0,0.00,2026-10-13,23259.10
2026-09-24 09:36:07,22400,0,0,0,0.00,2026-10-13,23266.10
2026-09-24 09:41:07,22400,0,0,0,0.00,2026-10-13,23241.25
2026-09-24 09:46:06,22400,0,0,0,0.00,2026-10-13,23230.10
2026-09-24 09:51:07,22400,0,0,0,0.00,2026-10-13,23234.60
2026-09-24 09:56:08,22400,0,0,0,0.00,2026-10-13,23214.30
2026-09-24 10:01:07,22400,0,0,0,0.00,2026-10-13,23230.20
2026-09-24 10:06:07,22400,0,0,0,0.00,2026-10-13,23232.65
2026-09-24 10:11:07,22400,0,0,0,0.00,2026-10-13,23228.60
2026-09-24 10:16:07,22400,0,0,0,0.00,2026-10-13,23217.60
2026-09-24 10:21:07,22400,0,0,0,0.00,2026-10-13,23216.80
2026-09-24 10:26:08,22400,0,0,0,0.00,2026-10-13,23203.85
2026-09-24 10:31:07,22400,0,0,0,0.00,2026-10-13,23213.05
2026-09-24 10:36:08,22400,0,0,0,0.00,2026-10-13,23220.55
2026-09-24 10:41:07,22400,0,0,0,0.00,2026-10-13,23221.10
2026-09-24 10:46:07,22400,0,0,0,0.00,2026-10-13,23220.55
2026-09-24 10:51:08,22400,0,0,0,0.00,2026-10-13,23233.90
2026-09-24 10:56:07,22400,0,0,0,0.00,2026-10-13,23237.95
2026-09-24 11:01:07,22400,0,0,0,0.00,2026-10-13,23234.55
2026-09-24 11:06:07,22400,0,0,0,0.00,2026-10-13,23222.15
2026-09-24 11:11:07,22400,0,0,0,0.00,2026-10-13,23225.15
2026-09-24 11:16:08,22400,0,0,0,0.00,2026-10-13,23225.70
2026-09-24 11:21:07,22400,0,0,0,0.00,2026-10-13,23229.45
2026-09-24 11:26:08,22400,0,0,0,0.00,2026-10-13,23216.25
2026-09-24 11:31:08,22400,0,0,0,0.00,2026-10-13,23216.00
2026-09-24 11:36:07,22400,0,0,0,0.00,2026-10-13,23210.65
2026-09-24 11:41:08,22400,0,0,0,0.00,2026-10-13,23210.40
2026-09-24 11:46:08,22400,0,0,0,0.00,2026-10-13,23210.45
2026-09-24 11:51:06,22400,0,0,0,0.00,2026-10-13,23205.75
2026-09-24 11:56:07,22400,0,0,0,0.00,2026-10-13,23198.30
2026-09-24 12:01:07,22400,0,0,0,0.00,2026-10-13,23196.80
2026-09-24 12:06:08,22400,0,0,0,0.00,2026-10-13,23209.50
2026-09-24 12:11:06,22400,0,0,0,0.00,2026-10-13,23207.20
2026-09-24 12:16:08,22400,0,0,0,0.00,2026-10-13,23200.80
2026-09-24 12:21:08,22400,0,0,0,0.00,2026-10-13,23199.15
2026-09-24 12:26:07,22400,0,0,0,0.00,2026-10-13,23175.00
2026-09-24 12:36:08,22400,0,0,0,0.00,2026-10-13,23172.95
2026-09-24 12:41:08,22400,0,0,0,0.00,2026-10-13,23178.80
2026-09-24 12:46:09,22400,0,0,0,0.00,2026-10-13,23171.55
2026-09-24 12:51:08,22400,0,0,0,0.00,2026-10-13,23178.45
2026-09-24 12:56:08,22400,0,0,0,0.00,2026-10-13,23167.75
2026-09-24 13:01:08,22400,0,0,0,0.00,2026-10-13,23167.55
2026-09-24 13:06:08,22400,0,0,0,0.00,2026-10-13,23182.50
2026-09-24 13:11:08,22400,0,0,0,0.00,2026-10-13,23177.65
2026-09-24 13:16:09,22400,0,0,0,0.00,2026-10-13,23184.40
2026-09-24 13:21:08,22400,0,0,0,0.00,2026-10-13,23178.05
2026-09-24 13:26:07,22400,0,0,0,0.00,2026-10-13,23167.25
2026-09-24 13:31:07,22400,0,0,0,0.00,2026-10-13,23151.50
2026-09-24 13:36:06,22400,0,0,0,0.00,2026-10-13,23151.15
2026-09-24 13:41:05,22400,0,0,0,0.00,2026-10-13,23136.40
2026-09-24 13:46:07,22400,0,0,0,0.00,2026-10-13,23088.25
2026-09-24 13:51:06,22400,0,0,0,0.00,2026-10-13,23100.00
2026-09-24 13:56:07,22400,0,0,0,0.00,2026-10-13,23077.75
2026-09-24 14:01:08,22400,0,0,0,0.00,2026-10-13,23075.55
2026-09-24 14:06:08,22400,0,0,0,0.00,2026-10-13,23066.40
2026-09-24 14:11:08,22400,0,0,0,0.00,2026-10-13,23073.90
2026-09-24 14:16:09,22400,0,0,0,0.00,2026-10-13,23078.20
2026-09-24 14:21:08,22400,0,0,0,0.00,2026-10-13,23064.10
2026-09-24 09:21:05,22500,520390,524225,14560,755.00,2026-09-29,23228.00
2026-09-24 09:26:06,22500,536315,524225,44005,764.35,2026-09-29,23239.80
2026-09-24 09:31:07,22500,548275,524225,59735,768.50,2026-09-29,23258.60
2026-09-24 09:36:06,22500,552630,524225,63960,771.95,2026-09-29,23266.40
2026-09-24 09:41:06,22500,551590,524225,69030,755.25,2026-09-29,23241.75
2026-09-24 09:46:05,22500,552565,524225,77025,738.90,2026-09-29,23230.85
2026-09-24 09:51:06,22500,553085,524225,79430,746.85,2026-09-29,23233.00
2026-09-24 09:56:07,22500,553345,524225,89310,735.90,2026-09-29,23213.70
2026-09-24 10:01:06,22500,553345,524225,96655,746.20,2026-09-29,23229.80
2026-09-24 10:06:06,22500,553085,524225,101010,749.40,2026-09-29,23233.00
2026-09-24 10:11:06,22500,552240,524225,116415,748.75,2026-09-29,23229.25
2026-09-24 10:16:06,22500,551265,524225,122850,732.60,2026-09-29,23218.55
2026-09-24 10:21:06,22500,550745,524225,128050,737.30,2026-09-29,23216.00
2026-09-24 10:26:07,22500,551785,524225,136110,725.60,2026-09-29,23204.10
2026-09-24 10:31:06,22500,550810,524225,138515,736.30,2026-09-29,23213.25
2026-09-24 10:36:07,22500,548990,524225,143715,742.85,2026-09-29,23220.25
2026-09-24 10:41:06,22500,546325,524225,159640,742.80,2026-09-29,23220.25
2026-09-24 10:46:06,22500,544960,524225,164125,739.30,2026-09-29,23220.75
2026-09-24 10:51:07,22500,542490,524225,169130,752.00,2026-09-29,23234.45
2026-09-24 10:56:06,22500,543205,524225,177580,766.50,2026-09-29,23238.30
2026-09-24 11:01:06,22500,541255,524225,182650,759.85,2026-09-29,23234.40
2026-09-24 11:06:06,22500,538525,524225,187785,749.05,2026-09-29,23222.45
2026-09-24 11:11:06,22500,536835,524225,188890,749.75,2026-09-29,23225.00
2026-09-24 11:16:06,22500,536380,524225,191555,731.55,2026-09-29,23226.10
2026-09-24 11:21:06,22500,536120,524225,193115,753.00,2026-09-29,23229.45
2026-09-24 11:26:07,22500,536250,524225,194415,730.95,2026-09-29,23216.10
2026-09-24 11:31:07,22500,535925,524225,195390,734.30,2026-09-29,23216.20
2026-09-24 11:36:06,22500,535600,524225,197470,727.50,2026-09-29,23209.70
2026-09-24 11:41:07,22500,535340,524225,199160,731.20,2026-09-29,23208.95
2026-09-24 11:46:07,22500,534300,524225,201695,735.80,2026-09-29,23210.35
2026-09-24 11:51:05,22500,533000,524225,204230,732.95,2026-09-29,23207.60
2026-09-24 11:56:06,22500,531830,524225,207350,729.65,2026-09-29,23198.85
2026-09-24 12:01:06,22500,531310,524225,211445,723.10,2026-09-29,23196.80
2026-09-24 12:06:07,22500,531180,524225,215865,734.20,2026-09-29,23209.50
2026-09-24 12:11:05,22500,531895,524225,217555,731.75,2026-09-29,23207.00
2026-09-24 12:16:07,22500,531050,524225,218855,729.95,2026-09-29,23199.90
2026-09-24 12:21:06,22500,530270,524225,220545,729.30,2026-09-29,23198.65
2026-09-24 12:26:06,22500,529880,524225,223470,712.85,2026-09-29,23175.90
2026-09-24 12:36:07,22500,527995,524225,236600,700.00,2026-09-29,23171.75
2026-09-24 12:41:07,22500,528190,524225,238485,715.00,2026-09-29,23179.45
2026-09-24 12:46:08,22500,528840,524225,240500,706.25,2026-09-29,23172.05
2026-09-24 12:51:07,22500,529230,524225,242320,708.95,2026-09-29,23178.35
2026-09-24 12:56:07,22500,528970,524225,245830,703.20,2026-09-29,23168.05
2026-09-24 13:01:07,22500,530595,524225,248365,705.90,2026-09-29,23168.55
2026-09-24 13:06:07,22500,533650,524225,253890,721.45,2026-09-29,23182.55
2026-09-24 13:11:07,22500,533845,524225,256555,713.95,2026-09-29,23177.80
2026-09-24 13:16:07,22500,534170,524225,257985,718.00,2026-09-29,23185.50
2026-09-24 13:21:06,22500,534235,524225,259155,711.85,2026-09-29,23178.25
2026-09-24 13:26:06,22500,535730,524225,262795,700.00,2026-09-29,23167.05
2026-09-24 13:31:06,22500,536250,524225,272220,677.30,2026-09-29,23151.70
2026-09-24 13:36:05,22500,536640,524225,275600,681.00,2026-09-29,23151.50
2026-09-24 13:41:04,22500,536835,524225,277680,666.10,2026-09-29,23136.10
2026-09-24 13:46:06,22500,558545,524225,316030,624.55,2026-09-29,23086.45
2026-09-24 13:51:05,22500,614575,524225,406380,633.00,2026-09-29,23100.15
2026-09-24 13:56:06,22500,615095,524225,415740,615.00,2026-09-29,23078.40
2026-09-24 14:01:06,22500,667810,524225,493675,607.05,2026-09-29,23072.60
2026-09-24 14:06:07,22500,671255,524225,511160,611.20,2026-09-29,23065.45
2026-09-24 14:11:06,22500,668850,524225,525915,612.35,2026-09-29,23073.05
2026-09-24 14:16:06,22500,667940,524225,529100,613.15,2026-09-29,23077.45
2026-09-24 14:21:07,22500,667745,524225,534755,604.40,2026-09-29,23065.55
2026-09-24 09:21:06,22500,13455,12220,3055,787.05,2026-10-06,23228.25
2026-09-24 09:26:07,22500,12870,12220,6695,791.50,2026-10-06,23239.10
2026-09-24 09:31:08,22500,12935,12220,6825,791.50,2026-10-06,23259.00
2026-09-24 09:36:07,22500,12935,12220,6825,791.50,2026-10-06,23265.90
2026-09-24 09:41:07,22500,13260,12220,7735,780.00,2026-10-06,23240.80
2026-09-24 09:46:06,22500,13390,12220,7865,770.00,2026-10-06,23229.95
2026-09-24 09:51:06,22500,13520,12220,8190,770.00,2026-10-06,23233.75
2026-09-24 09:56:07,22500,13520,12220,8515,760.00,2026-10-06,23213.85
2026-09-24 10:01:07,22500,13650,12220,11635,777.00,2026-10-06,23230.55
2026-09-24 10:06:06,22500,15860,12220,11830,777.00,2026-10-06,23232.95
2026-09-24 10:11:06,22500,15730,12220,11960,783.00,2026-10-06,23228.70
2026-09-24 10:16:07,22500,15730,12220,11960,783.00,2026-10-06,23218.70
2026-09-24 10:21:07,22500,15600,12220,12415,760.00,2026-10-06,23216.35
2026-09-24 10:26:07,22500,16185,12220,14495,758.00,2026-10-06,23204.05
2026-09-24 10:31:06,22500,16185,12220,15470,754.30,2026-10-06,23212.70
2026-09-24 10:36:07,22500,16315,12220,15535,770.20,2026-10-06,23220.60
2026-09-24 10:41:07,22500,16250,12220,16185,780.00,2026-10-06,23221.15
2026-09-24 10:46:07,22500,16575,12220,16835,765.40,2026-10-06,23220.65
2026-09-24 10:51:07,22500,16640,12220,16900,778.05,2026-10-06,23233.60
2026-09-24 10:56:06,22500,16640,12220,16900,778.05,2026-10-06,23239.20
2026-09-24 11:01:06,22500,16705,12220,16965,789.50,2026-10-06,23233.70
2026-09-24 11:06:07,22500,16705,12220,16965,789.50,2026-10-06,23222.55
2026-09-24 11:11:07,22500,16640,12220,17160,770.50,2026-10-06,23225.20
2026-09-24 11:16:07,22500,17550,12220,19175,758.55,2026-10-06,23225.25
2026-09-24 11:21:06,22500,18525,12220,19240,780.00,2026-10-06,23229.15
2026-09-24 11:26:07,22500,18525,12220,19370,758.55,2026-10-06,23216.00
2026-09-24 11:31:07,22500,18590,12220,19435,762.75,2026-10-06,23216.15
2026-09-24 11:36:07,22500,18850,12220,19890,752.00,2026-10-06,23209.65
2026-09-24 11:41:07,22500,18850,12220,19890,752.00,2026-10-06,23208.95
2026-09-24 11:46:07,22500,18915,12220,19955,772.60,2026-10-06,23210.10
2026-09-24 11:51:05,22500,18915,12220,19955,772.60,2026-10-06,23206.75
2026-09-24 11:56:06,22500,18850,12220,20020,757.00,2026-10-06,23198.40
2026-09-24 12:01:06,22500,19565,12220,22555,748.00,2026-10-06,23196.85
2026-09-24 12:06:07,22500,19565,12220,22945,760.00,2026-10-06,23209.80
2026-09-24 12:11:05,22500,19565,12220,23010,759.00,2026-10-06,23206.90
2026-09-24 12:16:07,22500,19695,12220,23530,754.55,2026-10-06,23200.30
2026-09-24 12:21:07,22500,19695,12220,23530,754.55,2026-10-06,23198.65
2026-09-24 12:26:06,22500,19760,12220,23660,747.35,2026-10-06,23175.75
2026-09-24 12:36:08,22500,19890,12220,25350,730.15,2026-10-06,23172.45
2026-09-24 12:41:08,22500,20150,12220,25480,741.00,2026-10-06,23179.50
2026-09-24 12:46:08,22500,20150,12220,25480,741.00,2026-10-06,23171.10
2026-09-24 12:51:08,22500,20150,12220,25480,741.00,2026-10-06,23178.25
2026-09-24 12:56:08,22500,20085,12220,25545,730.00,2026-10-06,23167.90
2026-09-24 13:01:08,22500,20085,12220,25545,730.00,2026-10-06,23167.70
2026-09-24 13:06:07,22500,20150,12220,25740,745.00,2026-10-06,23182.45
2026-09-24 13:11:08,22500,20085,12220,25805,751.30,2026-10-06,23177.20
2026-09-24 13:16:08,22500,20085,12220,26260,738.00,2026-10-06,23185.00
2026-09-24 13:21:07,22500,20085,12220,26260,738.00,2026-10-06,23178.10
2026-09-24 13:26:06,22500,20215,12220,27040,727.65,2026-10-06,23167.35
2026-09-24 13:31:07,22500,21385,12220,29445,700.00,2026-10-06,23152.05
2026-09-24 13:36:06,22500,21385,12220,29445,700.00,2026-10-06,23151.60
2026-09-24 13:41:05,22500,23010,12220,30810,696.00,2026-10-06,23135.95
2026-09-24 13:46:07,22500,23790,12220,34775,663.80,2026-10-06,23087.20
2026-09-24 13:51:06,22500,25090,12220,36855,668.30,2026-10-06,23099.90
2026-09-24 13:56:06,22500,26000,12220,39000,660.00,2026-10-06,23078.00
2026-09-24 14:01:06,22500,27105,12220,39650,639.55,2026-10-06,23073.25
2026-09-24 14:06:07,22500,27495,12220,41795,649.05,2026-10-06,23066.10
2026-09-24 14:11:07,22500,27625,12220,42445,649.25,2026-10-06,23073.60
2026-09-24 14:16:08,22500,27625,12220,42445,649.25,2026-10-06,23077.10
2026-09-24 14:21:08,22500,28145,12220,44005,649.80,2026-10-06,23065.05
2026-09-24 09:21:06,22500,195,195,455,836.00,2026-10-13,23227.45
2026-09-24 09:26:07,22500,390,195,520,837.80,2026-10-13,23238.65
2026-09-24 09:31:08,22500,455,195,585,832.60,2026-10-13,23259.10
2026-09-24 09:36:07,22500,390,195,650,853.85,2026-10-13,23266.10
2026-09-24 09:41:07,22500,390,195,650,853.85,2026-10-13,23241.25
2026-09-24 09:46:06,22500,390,195,845,811.00,2026-10-13,23230.10
2026-09-24 09:51:07,22500,390,195,845,811.00,2026-10-13,23234.60
2026-09-24 09:56:08,22500,390,195,845,811.00,2026-10-13,23214.30
2026-09-24 10:01:07,22500,390,195,845,811.00,2026-10-13,23230.20
2026-09-24 10:06:07,22500,390,195,845,811.00,2026-10-13,23232.65
2026-09-24 10:11:07,22500,390,195,845,811.00,2026-10-13,23228.60
2026-09-24 10:16:07,22500,390,195,845,811.00,2026-10-13,23217.60
2026-09-24 10:21:07,22500,390,195,845,811.00,2026-10-13,23216.80
2026-09-24 10:26:08,22500,390,195,845,811.00,2026-10-13,23203.85
2026-09-24 10:31:07,22500,390,195,845,811.00,2026-10-13,23213.05
2026-09-24 10:36:08,22500,390,195,845,811.00,2026-10-13,23220.55
2026-09-24 10:41:07,22500,390,195,845,811.00,2026-10-13,23221.10
2026-09-24 10:46:07,22500,390,195,845,811.00,2026-10-13,23220.55
2026-09-24 10:51:08,22500,390,195,845,811.00,2026-10-13,23233.90
2026-09-24 10:56:07,22500,390,195,1235,825.00,2026-10-13,23237.95
2026-09-24 11:01:07,22500,390,195,1235,825.00,2026-10-13,23234.55
2026-09-24 11:06:07,22500,390,195,1235,825.00,2026-10-13,23222.15
2026-09-24 11:11:07,22500,390,195,1235,825.00,2026-10-13,23225.15
2026-09-24 11:16:08,22500,390,195,1235,825.00,2026-10-13,23225.70
2026-09-24 11:21:07,22500,390,195,1235,825.00,2026-10-13,23229.45
2026-09-24 11:26:08,22500,390,195,1235,825.00,2026-10-13,23216.25
2026-09-24 11:31:08,22500,390,195,1235,825.00,2026-10-13,23216.00
2026-09-24 11:36:07,22500,390,195,1235,825.00,2026-10-13,23210.65
2026-09-24 11:41:08,22500,390,195,1235,825.00,2026-10-13,23210.40
2026-09-24 11:46:08,22500,390,195,1235,825.00,2026-10-13,23210.45
2026-09-24 11:51:06,22500,390,195,1235,825.00,2026-10-13,23205.75
2026-09-24 11:56:07,22500,390,195,1235,825.00,2026-10-13,23198.30
2026-09-24 12:01:07,22500,390,195,1235,825.00,2026-10-13,23196.80
2026-09-24 12:06:08,22500,390,195,1235,825.00,2026-10-13,23209.50
2026-09-24 12:11:06,22500,390,195,1235,825.00,2026-10-13,23207.20
2026-09-24 12:16:08,22500,390,195,1235,825.00,2026-10-13,23200.80
2026-09-24 12:21:08,22500,390,195,1235,825.00,2026-10-13,23199.15
2026-09-24 12:26:07,22500,390,195,1235,825.00,2026-10-13,23175.00
2026-09-24 12:36:08,22500,390,195,1235,825.00,2026-10-13,23172.95
2026-09-24 12:41:08,22500,390,195,1235,825.00,2026-10-13,23178.80
2026-09-24 12:46:09,22500,390,195,1235,825.00,2026-10-13,23171.55
2026-09-24 12:51:08,22500,390,195,1235,825.00,2026-10-13,23178.45
2026-09-24 12:56:08,22500,390,195,1235,825.00,2026-10-13,23167.75
2026-09-24 13:01:08,22500,390,195,1235,825.00,2026-10-13,23167.55
2026-09-24 13:06:08,22500,390,195,1235,825.00,2026-10-13,23182.50
2026-09-24 13:11:08,22500,390,195,1235,825.00,2026-10-13,23177.65
2026-09-24 13:16:09,22500,390,195,1235,825.00,2026-10-13,23184.40
2026-09-24 13:21:08,22500,390,195,1235,825.00,2026-10-13,23178.05
2026-09-24 13:26:07,22500,390,195,1235,825.00,2026-10-13,23167.25
2026-09-24 13:31:07,22500,390,195,1235,825.00,2026-10-13,23151.50
2026-09-24 13:36:06,22500,390,195,1235,825.00,2026-10-13,23151.15
2026-09-24 13:41:05,22500,390,195,1235,825.00,2026-10-13,23136.40
2026-09-24 13:46:07,22500,390,195,1235,825.00,2026-10-13,23088.25
2026-09-24 13:51:06,22500,390,195,1235,825.00,2026-10-13,23100.00
2026-09-24 13:56:07,22500,390,195,1235,825.00,2026-10-13,23077.75
2026-09-24 14:01:08,22500,390,195,1235,825.00,2026-10-13,23075.55
2026-09-24 14:06:08,22500,390,195,1235,825.00,2026-10-13,23066.40
2026-09-24 14:11:08,22500,780,195,1300,696.00,2026-10-13,23073.90
2026-09-24 14:16:09,22500,975,195,1560,705.55,2026-10-13,23078.20
2026-09-24 14:21:08,22500,1040,195,1690,704.05,2026-10-13,23064.10
2026-09-24 09:21:05,22600,7995,7475,3575,658.30,2026-09-29,23228.00
2026-09-24 09:26:06,22600,8775,7475,4615,665.00,2026-09-29,23239.80
2026-09-24 09:31:07,22600,8775,7475,4680,670.40,2026-09-29,23258.60
2026-09-24 09:36:06,22600,8970,7475,5070,677.10,2026-09-29,23266.40
2026-09-24 09:41:06,22600,9100,7475,5265,651.10,2026-09-29,23241.75
2026-09-24 09:46:05,22600,9230,7475,5590,647.80,2026-09-29,23230.85
2026-09-24 09:51:06,22600,9295,7475,6110,647.00,2026-09-29,23233.00
2026-09-24 09:56:07,22600,9295,7475,6110,647.00,2026-09-29,23213.70
2026-09-24 10:01:06,22600,9555,7475,6435,649.00,2026-09-29,23229.80
2026-09-24 10:06:06,22600,9555,7475,6435,649.00,2026-09-29,23233.00
2026-09-24 10:11:06,22600,9555,7475,6565,651.15,2026-09-29,23229.25
2026-09-24 10:16:06,22600,9620,7475,7085,648.90,2026-09-29,23218.55
2026-09-24 10:21:06,22600,9620,7475,7085,648.90,2026-09-29,23216.00
2026-09-24 10:26:07,22600,9230,7475,7150,626.25,2026-09-29,23204.10
2026-09-24 10:31:06,22600,9360,7475,7605,634.00,2026-09-29,23213.25
2026-09-24 10:36:07,22600,9360,7475,7670,653.20,2026-09-29,23220.25
2026-09-24 10:41:06,22600,9685,7475,8255,645.90,2026-09-29,23220.25
2026-09-24 10:46:06,22600,9685,7475,8255,645.90,2026-09-29,23220.75
2026-09-24 10:51:07,22600,9555,7475,8645,650.95,2026-09-29,23234.45
2026-09-24 10:56:06,22600,9685,7475,8775,655.80,2026-09-29,23238.30
2026-09-24 11:01:06,22600,9685,7475,8840,658.80,2026-09-29,23234.40
2026-09-24 11:06:06,22600,9815,7475,9490,645.80,2026-09-29,23222.45
2026-09-24 11:11:06,22600,9945,7475,9815,653.70,2026-09-29,23225.00
2026-09-24 11:16:06,22600,10270,7475,10205,642.90,2026-09-29,23226.10
2026-09-24 11:21:06,22600,10335,7475,11505,651.60,2026-09-29,23229.45
2026-09-24 11:26:07,22600,10400,7475,11765,634.35,2026-09-29,23216.10
2026-09-24 11:31:07,22600,10400,7475,11895,637.80,2026-09-29,23216.20
2026-09-24 11:36:06,22600,10725,7475,12480,628.00,2026-09-29,23209.70
2026-09-24 11:41:07,22600,10725,7475,12480,628.00,2026-09-29,23208.95
2026-09-24 11:46:07,22600,10205,7475,13650,636.40,2026-09-29,23210.35
2026-09-24 11:51:05,22600,10205,7475,13715,633.00,2026-09-29,23207.60
2026-09-24 11:56:06,22600,10205,7475,13715,633.00,2026-09-29,23198.85
2026-09-24 12:01:06,22600,9555,7475,14690,613.85,2026-09-29,23196.80
2026-09-24 12:06:07,22600,9555,7475,14690,613.85,2026-09-29,23209.50
2026-09-24 12:11:05,22600,9620,7475,14755,637.75,2026-09-29,23207.00
2026-09-24 12:16:07,22600,9620,7475,14820,625.25,2026-09-29,23199.90
2026-09-24 12:21:06,22600,9620,7475,14885,628.35,2026-09-29,23198.65
2026-09-24 12:26:06,22600,9555,7475,15015,628.95,2026-09-29,23175.90
2026-09-24 12:36:07,22600,10205,7475,15990,601.00,2026-09-29,23171.75
2026-09-24 12:41:07,22600,10270,7475,16380,611.00,2026-09-29,23179.45
2026-09-24 12:46:08,22600,10270,7475,16510,608.00,2026-09-29,23172.05
2026-09-24 12:51:07,22600,10270,7475,16510,608.00,2026-09-29,23178.35
2026-09-24 12:56:07,22600,10335,7475,16575,610.00,2026-09-29,23168.05
2026-09-24 13:01:07,22600,10075,7475,17160,607.85,2026-09-29,23168.55
2026-09-24 13:06:07,22600,11700,7475,20670,621.70,2026-09-29,23182.55
2026-09-24 13:11:07,22600,11830,7475,21190,615.55,2026-09-29,23177.80
2026-09-24 13:16:07,22600,11700,7475,21255,623.20,2026-09-29,23185.50
2026-09-24 13:21:06,22600,11765,7475,21385,614.30,2026-09-29,23178.25
2026-09-24 13:26:06,22600,11700,7475,21450,610.00,2026-09-29,23167.05
2026-09-24 13:31:06,22600,11830,7475,22555,583.70,2026-09-29,23151.70
2026-09-24 13:36:05,22600,12480,7475,24310,587.40,2026-09-29,23151.50
2026-09-24 13:41:04,22600,13390,7475,26065,570.10,2026-09-29,23136.10
2026-09-24 13:46:06,22600,13650,7475,27235,527.30,2026-09-29,23086.45
2026-09-24 13:51:05,22600,19500,7475,38545,537.35,2026-09-29,23100.15
2026-09-24 13:56:06,22600,25610,7475,45630,521.40,2026-09-29,23078.40
2026-09-24 14:01:06,22600,27430,7475,53235,509.20,2026-09-29,23072.60
2026-09-24 14:06:07,22600,30745,7475,59735,515.60,2026-09-29,23065.45
2026-09-24 14:11:06,22600,32435,7475,65260,516.85,2026-09-29,23073.05
2026-09-24 14:16:06,22600,32500,7475,66170,522.70,2026-09-29,23077.45
2026-09-24 14:21:07,22600,34255,7475,70135,518.10,2026-09-29,23065.55
2026-09-24 09:21:06,22600,195,0,455,699.60,2026-10-06,23228.25
2026-09-24 09:26:07,22600,325,0,715,703.70,2026-10-06,23239.10
2026-09-24 09:31:08,22600,325,0,715,703.70,2026-10-06,23259.00
2026-09-24 09:36:07,22600,325,0,715,703.70,2026-10-06,23265.90
2026-09-24 09:41:07,22600,325,0,715,703.70,2026-10-06,23240.80
2026-09-24 09:46:06,22600,325,0,715,703.70,2026-10-06,23229.95
2026-09-24 09:51:06,22600,325,0,715,703.70,2026-10-06,23233.75
2026-09-24 09:56:07,22600,130,0,780,682.00,2026-10-06,23213.85
2026-09-24 10:01:07,22600,130,0,780,682.00,2026-10-06,23230.55
2026-09-24 10:06:06,22600,130,0,780,682.00,2026-10-06,23232.95
2026-09-24 10:11:06,22600,130,0,780,682.00,2026-10-06,23228.70
2026-09-24 10:16:07,22600,130,0,780,682.00,2026-10-06,23218.70
2026-09-24 10:21:07,22600,130,0,780,682.00,2026-10-06,23216.35
2026-09-24 10:26:07,22600,130,0,780,682.00,2026-10-06,23204.05
2026-09-24 10:31:06,22600,195,0,2730,664.40,2026-10-06,23212.70
2026-09-24 10:36:07,22600,195,0,2730,664.40,2026-10-06,23220.60
2026-09-24 10:41:07,22600,1950,0,2925,672.25,2026-10-06,23221.15
2026-09-24 10:46:07,22600,2730,0,3900,666.60,2026-10-06,23220.65
2026-09-24 10:51:07,22600,2730,0,3900,666.60,2026-10-06,23233.60
2026-09-24 10:56:06,22600,2730,0,3900,666.60,2026-10-06,23239.20
2026-09-24 11:01:06,22600,2730,0,3900,666.60,2026-10-06,23233.70
2026-09-24 11:06:07,22600,2730,0,3900,666.60,2026-10-06,23222.55
2026-09-24 11:11:07,22600,2730,0,3900,666.60,2026-10-06,23225.20
2026-09-24 11:16:07,22600,4095,0,5850,664.20,2026-10-06,23225.25
2026-09-24 11:21:06,22600,5070,0,6435,681.05,2026-10-06,23229.15
2026-09-24 11:26:07,22600,6240,0,7215,665.40,2026-10-06,23216.00
2026-09-24 11:31:07,22600,6240,0,7605,665.45,2026-10-06,23216.15
2026-09-24 11:36:07,22600,6240,0,7605,665.45,2026-10-06,23209.65
2026-09-24 11:41:07,22600,6240,0,7605,665.45,2026-10-06,23208.95
2026-09-24 11:46:07,22600,6240,0,7605,665.45,2026-10-06,23210.10
2026-09-24 11:51:05,22600,6240,0,7605,665.45,2026-10-06,23206.75
2026-09-24 11:56:06,22600,6240,0,7605,665.45,2026-10-06,23198.40
2026-09-24 12:01:06,22600,7800,0,8710,650.40,2026-10-06,23196.85
2026-09-24 12:06:07,22600,7995,0,8840,663.55,2026-10-06,23209.80
2026-09-24 12:11:05,22600,8060,0,8970,659.75,2026-10-06,23206.90
2026-09-24 12:16:07,22600,8190,0,9100,660.80,2026-10-06,23200.30
2026-09-24 12:21:07,22600,8190,0,9100,660.80,2026-10-06,23198.65
2026-09-24 12:26:06,22600,8320,0,9165,655.65,2026-10-06,23175.75
2026-09-24 12:36:08,22600,8385,0,9295,655.80,2026-10-06,23172.45
2026-09-24 12:41:08,22600,8385,0,9295,655.80,2026-10-06,23179.50
2026-09-24 12:46:08,22600,8385,0,9295,655.80,2026-10-06,23171.10
2026-09-24 12:51:08,22600,8385,0,9295,655.80,2026-10-06,23178.25
2026-09-24 12:56:08,22600,8450,0,9360,638.90,2026-10-06,23167.90
2026-09-24 13:01:08,22600,8450,0,9360,638.90,2026-10-06,23167.70
2026-09-24 13:06:07,22600,8515,0,9425,655.85,2026-10-06,23182.45
2026-09-24 13:11:08,22600,8515,0,9425,655.85,2026-10-06,23177.20
2026-09-24 13:16:08,22600,8515,0,9425,655.85,2026-10-06,23185.00
2026-09-24 13:21:07,22600,8515,0,9425,655.85,2026-10-06,23178.10
2026-09-24 13:26:06,22600,8515,0,10400,641.50,2026-10-06,23167.35
2026-09-24 13:31:07,22600,9490,0,10465,610.00,2026-10-06,23152.05
2026-09-24 13:36:06,22600,9490,0,10530,621.00,2026-10-06,23151.60
2026-09-24 13:41:05,22600,9490,0,10530,621.00,2026-10-06,23135.95
2026-09-24 13:46:07,22600,9490,0,10530,621.00,2026-10-06,23087.20
2026-09-24 13:51:06,22600,9490,0,11180,587.35,2026-10-06,23099.90
2026-09-24 13:56:06,22600,9490,0,11180,587.35,2026-10-06,23078.00
2026-09-24 14:01:06,22600,9945,0,12870,554.90,2026-10-06,23073.25
2026-09-24 14:06:07,22600,10075,0,13130,567.45,2026-10-06,23066.10
2026-09-24 14:11:07,22600,10075,0,13195,558.05,2026-10-06,23073.60
2026-09-24 14:16:08,22600,10075,0,13195,558.05,2026-10-06,23077.10
2026-09-24 14:21:08,22600,10010,0,13260,565.00,2026-10-06,23065.05
2026-09-24 09:21:06,22600,0,0,0,0.00,2026-10-13,23227.45
2026-09-24 09:26:07,22600,0,0,0,0.00,2026-10-13,23238.65
2026-09-24 09:31:08,22600,0,0,0,0.00,2026-10-13,23259.10
2026-09-24 09:36:07,22600,0,0,0,0.00,2026-10-13,23266.10
2026-09-24 09:41:07,22600,0,0,0,0.00,2026-10-13,23241.25
2026-09-24 09:46:06,22600,0,0,0,0.00,2026-10-13,23230.10
2026-09-24 09:51:07,22600,0,0,0,0.00,2026-10-13,23234.60
2026-09-24 09:56:08,22600,0,0,0,0.00,2026-10-13,23214.30
2026-09-24 10:01:07,22600,0,0,0,0.00,2026-10-13,23230.20
2026-09-24 10:06:07,22600,0,0,0,0.00,2026-10-13,23232.65
2026-09-24 10:11:07,22600,0,0,0,0.00,2026-10-13,23228.60
2026-09-24 10:16:07,22600,0,0,0,0.00,2026-10-13,23217.60
2026-09-24 10:21:07,22600,0,0,0,0.00,2026-10-13,23216.80
2026-09-24 10:26:08,22600,0,0,0,0.00,2026-10-13,23203.85
2026-09-24 10:31:07,22600,0,0,0,0.00,2026-10-13,23213.05
2026-09-24 10:36:08,22600,0,0,0,0.00,2026-10-13,23220.55
2026-09-24 10:41:07,22600,0,0,0,0.00,2026-10-13,23221.10
2026-09-24 10:46:07,22600,0,0,0,0.00,2026-10-13,23220.55
2026-09-24 10:51:08,22600,0,0,0,0.00,2026-10-13,23233.90
2026-09-24 10:56:07,22600,0,0,0,0.00,2026-10-13,23237.95
2026-09-24 11:01:07,22600,0,0,0,0.00,2026-10-13,23234.55
2026-09-24 11:06:07,22600,0,0,0,0.00,2026-10-13,23222.15
2026-09-24 11:11:07,22600,0,0,0,0.00,2026-10-13,23225.15
2026-09-24 11:16:08,22600,0,0,0,0.00,2026-10-13,23225.70
2026-09-24 11:21:07,22600,0,0,0,0.00,2026-10-13,23229.45
2026-09-24 11:26:08,22600,0,0,0,0.00,2026-10-13,23216.25
2026-09-24 11:31:08,22600,0,0,0,0.00,2026-10-13,23216.00
2026-09-24 11:36:07,22600,0,0,0,0.00,2026-10-13,23210.65
2026-09-24 11:41:08,22600,0,0,0,0.00,2026-10-13,23210.40
2026-09-24 11:46:08,22600,0,0,0,0.00,2026-10-13,23210.45
2026-09-24 11:51:06,22600,0,0,0,0.00,2026-10-13,23205.75
2026-09-24 11:56:07,22600,0,0,0,0.00,2026-10-13,23198.30
2026-09-24 12:01:07,22600,0,0,0,0.00,2026-10-13,23196.80
2026-09-24 12:06:08,22600,0,0,0,0.00,2026-10-13,23209.50
2026-09-24 12:11:06,22600,0,0,0,0.00,2026-10-13,23207.20
2026-09-24 12:16:08,22600,0,0,0,0.00,2026-10-13,23200.80
2026-09-24 12:21:08,22600,0,0,0,0.00,2026-10-13,23199.15
2026-09-24 12:26:07,22600,0,0,0,0.00,2026-10-13,23175.00
2026-09-24 12:36:08,22600,0,0,0,0.00,2026-10-13,23172.95
2026-09-24 12:41:08,22600,0,0,0,0.00,2026-10-13,23178.80
2026-09-24 12:46:09,22600,0,0,0,0.00,2026-10-13,23171.55
2026-09-24 12:51:08,22600,0,0,0,0.00,2026-10-13,23178.45
2026-09-24 12:56:08,22600,0,0,0,0.00,2026-10-13,23167.75
2026-09-24 13:01:08,22600,0,0,0,0.00,2026-10-13,23167.55
2026-09-24 13:06:08,22600,0,0,0,0.00,2026-10-13,23182.50
2026-09-24 13:11:08,22600,0,0,0,0.00,2026-10-13,23177.65
2026-09-24 13:16:09,22600,0,0,0,0.00,2026-10-13,23184.40
2026-09-24 13:21:08,22600,0,0,0,0.00,2026-10-13,23178.05
2026-09-24 13:26:07,22600,0,0,0,0.00,2026-10-13,23167.25
2026-09-24 13:31:07,22600,0,0,0,0.00,2026-10-13,23151.50
2026-09-24 13:36:06,22600,0,0,0,0.00,2026-10-13,23151.15
2026-09-24 13:41:05,22600,0,0,0,0.00,2026-10-13,23136.40
2026-09-24 13:46:07,22600,0,0,0,0.00,2026-10-13,23088.25
2026-09-24 13:51:06,22600,0,0,0,0.00,2026-10-13,23100.00
2026-09-24 13:56:07,22600,0,0,0,0.00,2026-10-13,23077.75
2026-09-24 14:01:08,22600,0,0,0,0.00,2026-10-13,23075.55
2026-09-24 14:06:08,22600,0,0,0,0.00,2026-10-13,23066.40
2026-09-24 14:11:08,22600,0,0,0,0.00,2026-10-13,23073.90
2026-09-24 14:16:09,22600,0,0,0,0.00,2026-10-13,23078.20
2026-09-24 14:21:08,22600,0,0,0,0.00,2026-10-13,23064.10
2026-09-24 09:21:05,22700,33735,29250,14820,562.65,2026-09-29,23228.00
2026-09-24 09:26:06,22700,34710,29250,18980,570.25,2026-09-29,23239.80
2026-09-24 09:31:07,22700,35035,29250,25610,573.85,2026-09-29,23258.60
2026-09-24 09:36:06,22700,37310,29250,27105,573.40,2026-09-29,23266.40
2026-09-24 09:41:06,22700,37310,29250,28665,560.25,2026-09-29,23241.75
2026-09-24 09:46:05,22700,38090,29250,30875,538.20,2026-09-29,23230.85
2026-09-24 09:51:06,22700,37050,29250,33475,552.90,2026-09-29,23233.00
2026-09-24 09:56:07,22700,36270,29250,35750,541.30,2026-09-29,23213.70
2026-09-24 10:01:06,22700,33670,29250,40950,551.70,2026-09-29,23229.80
2026-09-24 10:06:06,22700,33280,29250,45890,554.85,2026-09-29,23233.00
2026-09-24 10:11:06,22700,35425,29250,53885,553.15,2026-09-29,23229.25
2026-09-24 10:16:06,22700,39520,29250,59670,538.60,2026-09-29,23218.55
2026-09-24 10:21:06,22700,41210,29250,65780,542.30,2026-09-29,23216.00
2026-09-24 10:26:07,22700,41860,29250,69290,533.55,2026-09-29,23204.10
2026-09-24 10:31:06,22700,41600,29250,70395,540.00,2026-09-29,23213.25
2026-09-24 10:36:07,22700,41600,29250,71630,549.35,2026-09-29,23220.25
2026-09-24 10:41:06,22700,42055,29250,77805,549.30,2026-09-29,23220.25
2026-09-24 10:46:06,22700,41860,29250,78520,545.70,2026-09-29,23220.75
2026-09-24 10:51:07,22700,41925,29250,78780,550.35,2026-09-29,23234.45
2026-09-24 10:56:06,22700,42445,29250,81120,567.15,2026-09-29,23238.30
2026-09-24 11:01:06,22700,42510,29250,81900,565.45,2026-09-29,23234.40
2026-09-24 11:06:06,22700,42965,29250,83655,552.15,2026-09-29,23222.45
2026-09-24 11:11:06,22700,43225,29250,86320,551.10,2026-09-29,23225.00
2026-09-24 11:16:06,22700,44525,29250,90480,546.15,2026-09-29,23226.10
2026-09-24 11:21:06,22700,43225,29250,94380,560.00,2026-09-29,23229.45
2026-09-24 11:26:07,22700,46995,29250,99580,539.15,2026-09-29,23216.10
2026-09-24 11:31:07,22700,47255,29250,100100,538.55,2026-09-29,23216.20
2026-09-24 11:36:06,22700,48100,29250,103480,532.80,2026-09-29,23209.70
2026-09-24 11:41:07,22700,48230,29250,104260,537.90,2026-09-29,23208.95
2026-09-24 11:46:07,22700,47905,29250,104910,542.35,2026-09-29,23210.35
2026-09-24 11:51:05,22700,47905,29250,105690,541.20,2026-09-29,23207.60
2026-09-24 11:56:06,22700,48165,29250,108420,533.70,2026-09-29,23198.85
2026-09-24 12:01:06,22700,50375,29250,112515,528.60,2026-09-29,23196.80
2026-09-24 12:06:07,22700,49725,29250,116350,536.00,2026-09-29,23209.50
2026-09-24 12:11:05,22700,49335,29250,116805,536.70,2026-09-29,23207.00
2026-09-24 12:16:07,22700,49335,29250,117325,530.40,2026-09-29,23199.90
2026-09-24 12:21:06,22700,49465,29250,117455,536.90,2026-09-29,23198.65
2026-09-24 12:26:06,22700,49660,29250,119795,518.00,2026-09-29,23175.90
2026-09-24 12:36:07,22700,51740,29250,124995,512.00,2026-09-29,23171.75
2026-09-24 12:41:07,22700,52000,29250,126685,519.00,2026-09-29,23179.45
2026-09-24 12:46:08,22700,51610,29250,128635,512.75,2026-09-29,23172.05
2026-09-24 12:51:07,22700,52390,29250,129805,511.10,2026-09-29,23178.35
2026-09-24 12:56:07,22700,53755,29250,132015,509.70,2026-09-29,23168.05
2026-09-24 13:01:07,22700,53430,29250,133575,509.65,2026-09-29,23168.55
2026-09-24 13:06:07,22700,55640,29250,141245,524.15,2026-09-29,23182.55
2026-09-24 13:11:07,22700,55380,29250,143585,521.10,2026-09-29,23177.80
2026-09-24 13:16:07,22700,55250,29250,144625,525.00,2026-09-29,23185.50
2026-09-24 13:21:06,22700,55055,29250,145080,515.40,2026-09-29,23178.25
2026-09-24 13:26:06,22700,55185,29250,146965,509.00,2026-09-29,23167.05
2026-09-24 13:31:06,22700,56680,29250,157885,486.80,2026-09-29,23151.70
2026-09-24 13:36:05,22700,59345,29250,164970,488.15,2026-09-29,23151.50
2026-09-24 13:41:04,22700,56810,29250,176345,475.00,2026-09-29,23136.10
2026-09-24 13:46:06,22700,60125,29250,200655,437.00,2026-09-29,23086.45
2026-09-24 13:51:05,22700,61035,29250,238745,447.20,2026-09-29,23100.15
2026-09-24 13:56:06,22700,69550,29250,253240,433.05,2026-09-29,23078.40
2026-09-24 14:01:06,22700,74425,29250,274430,425.90,2026-09-29,23072.60
2026-09-24 14:06:07,22700,78390,29250,292175,426.65,2026-09-29,23065.45
2026-09-24 14:11:06,22700,79300,29250,306150,428.60,2026-09-29,23073.05
2026-09-24 14:16:06,22700,81640,29250,310895,432.85,2026-09-29,23077.45
2026-09-24 14:21:07,22700,83525,29250,319670,420.95,2026-09-29,23065.55
2026-09-24 09:21:06,22700,455,455,0,790.05,2026-10-06,23228.25
2026-09-24 09:26:07,22700,455,455,0,790.05,2026-10-06,23239.10
2026-09-24 09:31:08,22700,455,455,0,790.05,2026-10-06,23259.00
2026-09-24 09:36:07,22700,455,455,65,609.00,2026-10-06,23265.90
2026-09-24 09:41:07,22700,910,455,780,597.95,2026-10-06,23240.80
2026-09-24 09:46:06,22700,910,455,975,576.90,2026-10-06,23229.95
2026-09-24 09:51:06,22700,910,455,975,576.90,2026-10-06,23233.75
2026-09-24 09:56:07,22700,1040,455,1040,571.30,2026-10-06,23213.85
2026-09-24 10:01:07,22700,1040,455,1040,571.30,2026-10-06,23230.55
2026-09-24 10:06:06,22700,1365,455,1755,588.85,2026-10-06,23232.95
2026-09-24 10:11:06,22700,1365,455,1755,588.85,2026-10-06,23228.70
2026-09-24 10:16:07,22700,1365,455,1755,588.85,2026-10-06,23218.70
2026-09-24 10:21:07,22700,1430,455,1950,583.10,2026-10-06,23216.35
2026-09-24 10:26:07,22700,3380,455,4420,571.00,2026-10-06,23204.05
2026-09-24 10:31:06,22700,4810,455,6175,574.60,2026-10-06,23212.70
2026-09-24 10:36:07,22700,4810,455,6955,583.00,2026-10-06,23220.60
2026-09-24 10:41:07,22700,5005,455,8320,586.60,2026-10-06,23221.15
2026-09-24 10:46:07,22700,5785,455,9295,580.25,2026-10-06,23220.65
2026-09-24 10:51:07,22700,5785,455,9295,580.25,2026-10-06,23233.60
2026-09-24 10:56:06,22700,7085,455,9750,604.45,2026-10-06,23239.20
2026-09-24 11:01:06,22700,7085,455,9750,604.45,2026-10-06,23233.70
2026-09-24 11:06:07,22700,7150,455,10010,589.90,2026-10-06,23222.55
2026-09-24 11:11:07,22700,7280,455,10205,592.00,2026-10-06,23225.20
2026-09-24 11:16:07,22700,8060,455,12025,574.70,2026-10-06,23225.25
2026-09-24 11:21:06,22700,9555,455,12805,589.40,2026-10-06,23229.15
2026-09-24 11:26:07,22700,11180,455,14365,573.60,2026-10-06,23216.00
2026-09-24 11:31:07,22700,11635,455,14560,577.20,2026-10-06,23216.15
2026-09-24 11:36:07,22700,11830,455,14885,570.00,2026-10-06,23209.65
2026-09-24 11:41:07,22700,12090,455,15080,573.00,2026-10-06,23208.95
2026-09-24 11:46:07,22700,12285,455,15340,576.20,2026-10-06,23210.10
2026-09-24 11:51:05,22700,12350,455,15405,574.40,2026-10-06,23206.75
2026-09-24 11:56:06,22700,13065,455,16770,571.15,2026-10-06,23198.40
2026-09-24 12:01:06,22700,13845,455,17290,564.05,2026-10-06,23196.85
2026-09-24 12:06:07,22700,13910,455,17355,572.15,2026-10-06,23209.80
2026-09-24 12:11:05,22700,14625,455,18070,573.00,2026-10-06,23206.90
2026-09-24 12:16:07,22700,14625,455,18070,573.00,2026-10-06,23200.30
2026-09-24 12:21:07,22700,14625,455,18135,567.00,2026-10-06,23198.65
2026-09-24 12:26:06,22700,14755,455,18395,565.80,2026-10-06,23175.75
2026-09-24 12:36:08,22700,15730,455,22945,554.95,2026-10-06,23172.45
2026-09-24 12:41:08,22700,15730,455,22945,554.95,2026-10-06,23179.50
2026-09-24 12:46:08,22700,15730,455,22945,554.95,2026-10-06,23171.10
2026-09-24 12:51:08,22700,15730,455,22945,554.95,2026-10-06,23178.25
2026-09-24 12:56:08,22700,15730,455,23075,551.20,2026-10-06,23167.90
2026-09-24 13:01:08,22700,15730,455,23140,554.55,2026-10-06,23167.70
2026-09-24 13:06:07,22700,15795,455,23205,561.00,2026-10-06,23182.45
2026-09-24 13:11:08,22700,15795,455,23335,562.90,2026-10-06,23177.20
2026-09-24 13:16:08,22700,15795,455,23335,562.90,2026-10-06,23185.00
2026-09-24 13:21:07,22700,15665,455,23400,556.90,2026-10-06,23178.10
2026-09-24 13:26:06,22700,15665,455,23400,556.90,2026-10-06,23167.35
2026-09-24 13:31:07,22700,15600,455,24700,530.35,2026-10-06,23152.05
2026-09-24 13:36:06,22700,15535,455,24830,534.20,2026-10-06,23151.60
2026-09-24 13:41:05,22700,16900,455,27690,521.35,2026-10-06,23135.95
2026-09-24 13:46:07,22700,17355,455,29705,489.90,2026-10-06,23087.20
2026-09-24 13:51:06,22700,17745,455,30940,497.25,2026-10-06,23099.90
2026-09-24 13:56:06,22700,17680,455,31980,487.00,2026-10-06,23078.00
2026-09-24 14:01:06,22700,17745,455,32630,478.25,2026-10-06,23073.25
2026-09-24 14:06:07,22700,18005,455,34125,473.80,2026-10-06,23066.10
2026-09-24 14:11:07,22700,17810,455,35295,485.75,2026-10-06,23073.60
2026-09-24 14:16:08,22700,18720,455,36140,485.45,2026-10-06,23077.10
2026-09-24 14:21:08,22700,18720,455,36335,480.00,2026-10-06,23065.05
2026-09-24 09:21:06,22700,650,2080,2340,657.20,2026-10-13,23227.45
2026-09-24 09:26:07,22700,910,2080,2405,656.20,2026-10-13,23238.65
2026-09-24 09:31:08,22700,910,2080,2405,656.20,2026-10-13,23259.10
2026-09-24 09:36:07,22700,910,2080,2405,656.20,2026-10-13,23266.10
2026-09-24 09:41:07,22700,910,2080,2405,656.20,2026-10-13,23241.25
2026-09-24 09:46:06,22700,910,2080,2405,656.20,2026-10-13,23230.10
2026-09-24 09:51:07,22700,910,2080,2405,656.20,2026-10-13,23234.60
2026-09-24 09:56:08,22700,910,2080,2535,630.00,2026-10-13,23214.30
2026-09-24 10:01:07,22700,910,2080,2535,630.00,2026-10-13,23230.20
2026-09-24 10:06:07,22700,910,2080,2535,630.00,2026-10-13,23232.65
2026-09-24 10:11:07,22700,910,2080,2535,630.00,2026-10-13,23228.60
2026-09-24 10:16:07,22700,910,2080,2535,630.00,2026-10-13,23217.60
2026-09-24 10:21:07,22700,910,2080,2535,630.00,2026-10-13,23216.80
2026-09-24 10:26:08,22700,845,2080,2600,620.00,2026-10-13,23203.85
2026-09-24 10:31:07,22700,845,2080,2600,620.00,2026-10-13,23213.05
2026-09-24 10:36:08,22700,845,2080,2600,620.00,2026-10-13,23220.55
2026-09-24 10:41:07,22700,910,2080,2665,649.85,2026-10-13,23221.10
2026-09-24 10:46:07,22700,910,2080,2665,649.85,2026-10-13,23220.55
2026-09-24 10:51:08,22700,910,2080,2665,649.85,2026-10-13,23233.90
2026-09-24 10:56:07,22700,910,2080,2665,649.85,2026-10-13,23237.95
2026-09-24 11:01:07,22700,910,2080,2665,649.85,2026-10-13,23234.55
2026-09-24 11:06:07,22700,910,2080,2665,649.85,2026-10-13,23222.15
2026-09-24 11:11:07,22700,910,2080,2665,649.85,2026-10-13,23225.15
2026-09-24 11:16:08,22700,910,2080,2665,649.85,2026-10-13,23225.70
2026-09-24 11:21:07,22700,910,2080,2665,649.85,2026-10-13,23229.45
2026-09-24 11:26:08,22700,910,2080,2665,649.85,2026-10-13,23216.25
2026-09-24 11:31:08,22700,910,2080,2665,649.85,2026-10-13,23216.00
2026-09-24 11:36:07,22700,910,2080,2665,649.85,2026-10-13,23210.65
2026-09-24 11:41:08,22700,910,2080,2665,649.85,2026-10-13,23210.40
2026-09-24 11:46:08,22700,910,2080,2665,649.85,2026-10-13,23210.45
2026-09-24 11:51:06,22700,910,2080,2665,649.85,2026-10-13,23205.75
2026-09-24 11:56:07,22700,910,2080,2665,649.85,2026-10-13,23198.30
2026-09-24 12:01:07,22700,910,2080,2665,649.85,2026-10-13,23196.80
2026-09-24 12:06:08,22700,910,2080,2665,649.85,2026-10-13,23209.50
2026-09-24 12:11:06,22700,910,2080,2665,649.85,2026-10-13,23207.20
2026-09-24 12:16:08,22700,910,2080,2665,649.85,2026-10-13,23200.80
2026-09-24 12:21:08,22700,910,2080,2665,649.85,2026-10-13,23199.15
2026-09-24 12:26:07,22700,910,2080,2665,649.85,2026-10-13,23175.00
2026-09-24 12:36:08,22700,910,2080,2730,620.85,2026-10-13,23172.95
2026-09-24 12:41:08,22700,910,2080,2730,620.85,2026-10-13,23178.80
2026-09-24 12:46:09,22700,975,2080,2795,615.55,2026-10-13,23171.55
2026-09-24 12:51:08,22700,975,2080,2795,615.55,2026-10-13,23178.45
2026-09-24 12:56:08,22700,975,2080,2795,615.55,2026-10-13,23167.75
2026-09-24 13:01:08,22700,975,2080,2795,615.55,2026-10-13,23167.55
2026-09-24 13:06:08,22700,975,2080,2795,615.55,2026-10-13,23182.50
2026-09-24 13:11:08,22700,975,2080,2795,615.55,2026-10-13,23177.65
2026-09-24 13:16:09,22700,975,2080,2795,615.55,2026-10-13,23184.40
2026-09-24 13:21:08,22700,975,2080,2795,615.55,2026-10-13,23178.05
2026-09-24 13:26:07,22700,975,2080,2795,615.55,2026-10-13,23167.25
2026-09-24 13:31:07,22700,975,2080,2795,615.55,2026-10-13,23151.50
2026-09-24 13:36:06,22700,975,2080,2795,615.55,2026-10-13,23151.15
2026-09-24 13:41:05,22700,975,2080,2795,615.55,2026-10-13,23136.40
2026-09-24 13:46:07,22700,975,2080,2795,615.55,2026-10-13,23088.25
2026-09-24 13:51:06,22700,975,2080,2795,615.55,2026-10-13,23100.00
2026-09-24 13:56:07,22700,975,2080,2795,615.55,2026-10-13,23077.75
2026-09-24 14:01:08,22700,910,2080,2925,536.30,2026-10-13,23075.55
2026-09-24 14:06:08,22700,975,2080,2990,546.35,2026-10-13,23066.40
2026-09-24 14:11:08,22700,1040,2080,3445,535.00,2026-10-13,23073.90
2026-09-24 14:16:09,22700,1040,2080,3445,535.00,2026-10-13,23078.20
2026-09-24 14:21:08,22700,1430,2080,3510,540.75,2026-10-13,23064.10
2026-09-24 09:21:05,22800,280085,269490,41600,466.05,2026-09-29,23228.00
2026-09-24 09:26:06,22800,282360,269490,55770,469.65,2026-09-29,23239.80
2026-09-24 09:31:07,22800,282815,269490,63830,478.65,2026-09-29,23258.60
2026-09-24 09:36:06,22800,281905,269490,72605,477.80,2026-09-29,23266.40
2026-09-24 09:41:06,22800,278785,269490,95745,462.15,2026-09-29,23241.75
2026-09-24 09:46:05,22800,278525,269490,113165,455.70,2026-09-29,23230.85
2026-09-24 09:51:06,22800,277615,269490,128635,458.80,2026-09-29,23233.00
2026-09-24 09:56:07,22800,277160,269490,140465,445.05,2026-09-29,23213.70
2026-09-24 10:01:06,22800,278980,269490,151255,457.50,2026-09-29,23229.80
2026-09-24 10:06:06,22800,283920,269490,164645,459.95,2026-09-29,23233.00
2026-09-24 10:11:06,22800,290550,269490,182585,459.65,2026-09-29,23229.25
2026-09-24 10:16:06,22800,290225,269490,193700,444.90,2026-09-29,23218.55
2026-09-24 10:21:06,22800,293085,269490,204945,445.35,2026-09-29,23216.00
2026-09-24 10:26:07,22800,293280,269490,217945,439.00,2026-09-29,23204.10
2026-09-24 10:31:06,22800,294255,269490,222495,447.25,2026-09-29,23213.25
2026-09-24 10:36:07,22800,295685,269490,231985,453.75,2026-09-29,23220.25
2026-09-24 10:41:06,22800,297050,269490,248885,452.35,2026-09-29,23220.25
2026-09-24 10:46:06,22800,298220,269490,255125,452.00,2026-09-29,23220.75
2026-09-24 10:51:07,22800,297830,269490,257595,463.00,2026-09-29,23234.45
2026-09-24 10:56:06,22800,299260,269490,270400,473.20,2026-09-29,23238.30
2026-09-24 11:01:06,22800,296465,269490,281710,467.95,2026-09-29,23234.40
2026-09-24 11:06:06,22800,297050,269490,286585,460.00,2026-09-29,23222.45
2026-09-24 11:11:06,22800,297245,269490,289380,458.95,2026-09-29,23225.00
2026-09-24 11:16:06,22800,297180,269490,298545,449.95,2026-09-29,23226.10
2026-09-24 11:21:06,22800,296660,269490,307580,461.15,2026-09-29,23229.45
2026-09-24 11:26:07,22800,295425,269490,316095,439.90,2026-09-29,23216.10
2026-09-24 11:31:07,22800,295295,269490,320645,445.00,2026-09-29,23216.20
2026-09-24 11:36:06,22800,296205,269490,331955,440.45,2026-09-29,23209.70
2026-09-24 11:41:07,22800,295425,269490,338065,445.20,2026-09-29,23208.95
2026-09-24 11:46:07,22800,295555,269490,340080,447.25,2026-09-29,23210.35
2026-09-24 11:51:05,22800,295490,269490,344045,443.30,2026-09-29,23207.60
2026-09-24 11:56:06,22800,294385,269490,351715,436.55,2026-09-29,23198.85
2026-09-24 12:01:06,22800,299195,269490,369850,435.00,2026-09-29,23196.80
2026-09-24 12:06:07,22800,298610,269490,377130,443.30,2026-09-29,23209.50
2026-09-24 12:11:05,22800,299390,269490,378105,442.00,2026-09-29,23207.00
2026-09-24 12:16:07,22800,298675,269490,386230,438.75,2026-09-29,23199.90
2026-09-24 12:21:06,22800,301405,269490,394030,442.05,2026-09-29,23198.65
2026-09-24 12:26:06,22800,301665,269490,407420,423.80,2026-09-29,23175.90
2026-09-24 12:36:07,22800,305110,269490,439075,414.85,2026-09-29,23171.75
2026-09-24 12:41:07,22800,304265,269490,448630,428.00,2026-09-29,23179.45
2026-09-24 12:46:08,22800,305370,269490,455065,420.80,2026-09-29,23172.05
2026-09-24 12:51:07,22800,306345,269490,460525,422.75,2026-09-29,23178.35
2026-09-24 12:56:07,22800,306150,269490,467025,417.80,2026-09-29,23168.05
2026-09-24 13:01:07,22800,307060,269490,469755,418.80,2026-09-29,23168.55
2026-09-24 13:06:07,22800,309270,269490,478400,431.35,2026-09-29,23182.55
2026-09-24 13:11:07,22800,309920,269490,485680,426.95,2026-09-29,23177.80
2026-09-24 13:16:07,22800,310765,269490,489320,429.65,2026-09-29,23185.50
2026-09-24 13:21:06,22800,312195,269490,492245,424.20,2026-09-29,23178.25
2026-09-24 13:26:06,22800,313170,269490,496990,413.35,2026-09-29,23167.05
2026-09-24 13:31:06,22800,320320,269490,537550,396.40,2026-09-29,23151.70
2026-09-24 13:36:05,22800,323830,269490,555425,397.80,2026-09-29,23151.50
2026-09-24 13:41:04,22800,329225,269490,577915,386.30,2026-09-29,23136.10
2026-09-24 13:46:06,22800,334165,269490,624715,350.80,2026-09-29,23086.45
2026-09-24 13:51:05,22800,354380,269490,679380,361.00,2026-09-29,23100.15
2026-09-24 13:56:06,22800,377195,269490,736450,347.15,2026-09-29,23078.40
2026-09-24 14:01:06,22800,406835,269490,824655,341.30,2026-09-29,23072.60
2026-09-24 14:06:07,22800,405080,269490,893880,342.55,2026-09-29,23065.45
2026-09-24 14:11:06,22800,406315,269490,944125,343.40,2026-09-29,23073.05
2026-09-24 14:16:06,22800,405795,269490,974220,344.40,2026-09-29,23077.45
2026-09-24 14:21:07,22800,407680,269490,1015950,337.10,2026-09-29,23065.55
2026-09-24 09:21:06,22800,4095,2730,4550,512.00,2026-10-06,23228.25
2026-09-24 09:26:07,22800,8775,2730,8905,513.10,2026-10-06,23239.10
2026-09-24 09:31:08,22800,11310,2730,12870,518.80,2026-10-06,23259.00
2026-09-24 09:36:07,22800,18265,2730,25675,518.00,2026-10-06,23265.90
2026-09-24 09:41:07,22800,27885,2730,40430,501.05,2026-10-06,23240.80
2026-09-24 09:46:06,22800,33605,2730,48490,498.50,2026-10-06,23229.95
2026-09-24 09:51:06,22800,35490,2730,50830,501.00,2026-10-06,23233.75
2026-09-24 09:56:07,22800,35620,2730,54860,488.20,2026-10-06,23213.85
2026-09-24 10:01:07,22800,38935,2730,59345,502.30,2026-10-06,23230.55
2026-09-24 10:06:06,22800,41665,2730,60580,502.10,2026-10-06,23232.95
2026-09-24 10:11:06,22800,43940,2730,63115,507.85,2026-10-06,23228.70
2026-09-24 10:16:07,22800,47060,2730,66820,490.20,2026-10-06,23218.70
2026-09-24 10:21:07,22800,47450,2730,68575,490.80,2026-10-06,23216.35
2026-09-24 10:26:07,22800,49790,2730,71500,487.85,2026-10-06,23204.05
2026-09-24 10:31:06,22800,51870,2730,74230,491.00,2026-10-06,23212.70
2026-09-24 10:36:07,22800,53560,2730,76115,498.70,2026-10-06,23220.60
2026-09-24 10:41:07,22800,54210,2730,77545,496.85,2026-10-06,23221.15
2026-09-24 10:46:07,22800,54730,2730,78585,493.00,2026-10-06,23220.65
2026-09-24 10:51:07,22800,55640,2730,80405,499.65,2026-10-06,23233.60
2026-09-24 10:56:06,22800,56485,2730,81380,513.05,2026-10-06,23239.20
2026-09-24 11:01:06,22800,58500,2730,83590,508.05,2026-10-06,23233.70
2026-09-24 11:06:07,22800,66560,2730,94315,497.50,2026-10-06,23222.55
2026-09-24 11:11:07,22800,81250,2730,109460,500.00,2026-10-06,23225.20
2026-09-24 11:16:07,22800,82940,2730,110955,484.55,2026-10-06,23225.25
2026-09-24 11:21:06,22800,83655,2730,112775,502.90,2026-10-06,23229.15
2026-09-24 11:26:07,22800,94965,2730,124605,485.10,2026-10-06,23216.00
2026-09-24 11:31:07,22800,98345,2730,128830,487.00,2026-10-06,23216.15
2026-09-24 11:36:07,22800,109525,2730,139425,484.05,2026-10-06,23209.65
2026-09-24 11:41:07,22800,110565,2730,140530,490.25,2026-10-06,23208.95
2026-09-24 11:46:07,22800,112580,2730,142870,489.50,2026-10-06,23210.10
2026-09-24 11:51:05,22800,113230,2730,144430,489.70,2026-10-06,23206.75
2026-09-24 11:56:06,22800,113490,2730,145795,482.50,2026-10-06,23198.40
2026-09-24 12:01:06,22800,113425,2730,148590,474.50,2026-10-06,23196.85
2026-09-24 12:06:07,22800,113425,2730,149240,488.00,2026-10-06,23209.80
2026-09-24 12:11:05,22800,113880,2730,150020,484.65,2026-10-06,23206.90
2026-09-24 12:16:07,22800,114010,2730,150215,482.00,2026-10-06,23200.30
2026-09-24 12:21:07,22800,113945,2730,150540,487.85,2026-10-06,23198.65
2026-09-24 12:26:06,22800,114140,2730,150995,470.00,2026-10-06,23175.75
2026-09-24 12:36:08,22800,114465,2730,152295,465.00,2026-10-06,23172.45
2026-09-24 12:41:08,22800,114530,2730,152880,474.00,2026-10-06,23179.50
2026-09-24 12:46:08,22800,114530,2730,153660,470.00,2026-10-06,23171.10
2026-09-24 12:51:08,22800,114530,2730,153790,470.75,2026-10-06,23178.25
2026-09-24 12:56:08,22800,114595,2730,154375,461.70,2026-10-06,23167.90
2026-09-24 13:01:08,22800,114595,2730,155220,463.00,2026-10-06,23167.70
2026-09-24 13:06:07,22800,116870,2730,157170,478.00,2026-10-06,23182.45
2026-09-24 13:11:08,22800,116935,2730,158015,471.45,2026-10-06,23177.20
2026-09-24 13:16:08,22800,116805,2730,158275,471.55,2026-10-06,23185.00
2026-09-24 13:21:07,22800,116870,2730,159315,470.00,2026-10-06,23178.10
2026-09-24 13:26:06,22800,116805,2730,160095,463.15,2026-10-06,23167.35
2026-09-24 13:31:07,22800,117195,2730,165360,447.90,2026-10-06,23152.05
2026-09-24 13:36:06,22800,118560,2730,168480,446.30,2026-10-06,23151.60
2026-09-24 13:41:05,22800,118560,2730,169715,436.00,2026-10-06,23135.95
2026-09-24 13:46:07,22800,118820,2730,173160,410.40,2026-10-06,23087.20
2026-09-24 13:51:06,22800,119340,2730,180245,418.45,2026-10-06,23099.90
2026-09-24 13:56:06,22800,120965,2730,185445,406.80,2026-10-06,23078.00
2026-09-24 14:01:06,22800,123110,2730,195065,405.80,2026-10-06,23073.25
2026-09-24 14:06:07,22800,121875,2730,205270,402.35,2026-10-06,23066.10
2026-09-24 14:11:07,22800,122265,2730,209755,404.00,2026-10-06,23073.60
2026-09-24 14:16:08,22800,122525,2730,211250,406.15,2026-10-06,23077.10
2026-09-24 14:21:08,22800,123045,2730,215085,400.00,2026-10-06,23065.05
2026-09-24 09:21:06,22800,845,650,0,760.00,2026-10-13,23227.45
2026-09-24 09:26:07,22800,1300,650,1755,579.05,2026-10-13,23238.65
2026-09-24 09:31:08,22800,2210,650,2015,575.00,2026-10-13,23259.10
2026-09-24 09:36:07,22800,2275,650,2145,572.30,2026-10-13,23266.10
2026-09-24 09:41:07,22800,2210,650,2275,567.65,2026-10-13,23241.25
2026-09-24 09:46:06,22800,2210,650,2405,560.00,2026-10-13,23230.10
2026-09-24 09:51:07,22800,2275,650,2470,550.00,2026-10-13,23234.60
2026-09-24 09:56:08,22800,2340,650,3250,550.00,2026-10-13,23214.30
2026-09-24 10:01:07,22800,2340,650,3250,550.00,2026-10-13,23230.20
2026-09-24 10:06:07,22800,2340,650,3250,550.00,2026-10-13,23232.65
2026-09-24 10:11:07,22800,2340,650,3250,550.00,2026-10-13,23228.60
2026-09-24 10:16:07,22800,2340,650,3250,550.00,2026-10-13,23217.60
2026-09-24 10:21:07,22800,2340,650,3250,550.00,2026-10-13,23216.80
2026-09-24 10:26:08,22800,2340,650,3250,550.00,2026-10-13,23203.85
2026-09-24 10:31:07,22800,2340,650,3250,550.00,2026-10-13,23213.05
2026-09-24 10:36:08,22800,2340,650,3250,550.00,2026-10-13,23220.55
2026-09-24 10:41:07,22800,2340,650,3250,550.00,2026-10-13,23221.10
2026-09-24 10:46:07,22800,3055,650,4225,550.00,2026-10-13,23220.55
2026-09-24 10:51:08,22800,3055,650,4225,550.00,2026-10-13,23233.90
2026-09-24 10:56:07,22800,3055,650,4225,550.00,2026-10-13,23237.95
2026-09-24 11:01:07,22800,3055,650,4225,550.00,2026-10-13,23234.55
2026-09-24 11:06:07,22800,3055,650,4225,550.00,2026-10-13,23222.15
2026-09-24 11:11:07,22800,3055,650,4225,550.00,2026-10-13,23225.15
2026-09-24 11:16:08,22800,3055,650,4225,550.00,2026-10-13,23225.70
2026-09-24 11:21:07,22800,3055,650,4225,550.00,2026-10-13,23229.45
2026-09-24 11:26:08,22800,3055,650,4225,550.00,2026-10-13,23216.25
2026-09-24 11:31:08,22800,3055,650,4225,550.00,2026-10-13,23216.00
2026-09-24 11:36:07,22800,3055,650,4225,550.00,2026-10-13,23210.65
2026-09-24 11:41:08,22800,4030,650,4290,550.85,2026-10-13,23210.40
2026-09-24 11:46:08,22800,4030,650,4290,550.85,2026-10-13,23210.45
2026-09-24 11:51:06,22800,4030,650,4290,550.85,2026-10-13,23205.75
2026-09-24 11:56:07,22800,4030,650,4290,550.85,2026-10-13,23198.30
2026-09-24 12:01:07,22800,4095,650,4420,535.00,2026-10-13,23196.80
2026-09-24 12:06:08,22800,4095,650,4420,535.00,2026-10-13,23209.50
2026-09-24 12:11:06,22800,4095,650,4420,535.00,2026-10-13,23207.20
2026-09-24 12:16:08,22800,4095,650,4420,535.00,2026-10-13,23200.80
2026-09-24 12:21:08,22800,4095,650,4420,535.00,2026-10-13,23199.15
2026-09-24 12:26:07,22800,4095,650,4420,535.00,2026-10-13,23175.00
2026-09-24 12:36:08,22800,4225,650,6045,524.70,2026-10-13,23172.95
2026-09-24 12:41:08,22800,4225,650,6045,524.70,2026-10-13,23178.80
2026-09-24 12:46:09,22800,4225,650,6110,524.70,2026-10-13,23171.55
2026-09-24 12:51:08,22800,4225,650,6110,524.70,2026-10-13,23178.45
2026-09-24 12:56:08,22800,4225,650,6110,524.70,2026-10-13,23167.75
2026-09-24 13:01:08,22800,4290,650,6175,525.00,2026-10-13,23167.55
2026-09-24 13:06:08,22800,4290,650,6175,525.00,2026-10-13,23182.50
2026-09-24 13:11:08,22800,4290,650,6175,525.00,2026-10-13,23177.65
2026-09-24 13:16:09,22800,4290,650,6175,525.00,2026-10-13,23184.40
2026-09-24 13:21:08,22800,4290,650,6175,525.00,2026-10-13,23178.05
2026-09-24 13:26:07,22800,4355,650,6435,525.00,2026-10-13,23167.25
2026-09-24 13:31:07,22800,4355,650,6435,525.00,2026-10-13,23151.50
2026-09-24 13:36:06,22800,4355,650,6435,525.00,2026-10-13,23151.15
2026-09-24 13:41:05,22800,4420,650,6565,506.50,2026-10-13,23136.40
2026-09-24 13:46:07,22800,4615,650,6760,475.00,2026-10-13,23088.25
2026-09-24 13:51:06,22800,4810,650,6955,484.35,2026-10-13,23100.00
2026-09-24 13:56:07,22800,5070,650,7800,468.95,2026-10-13,23077.75
2026-09-24 14:01:08,22800,5200,650,7995,459.05,2026-10-13,23075.55
2026-09-24 14:06:08,22800,6045,650,11505,471.60,2026-10-13,23066.40
2026-09-24 14:11:08,22800,5915,650,12155,470.60,2026-10-13,23073.90
2026-09-24 14:16:09,22800,5980,650,12220,466.80,2026-10-13,23078.20
2026-09-24 14:21:08,22800,5980,650,12220,466.80,2026-10-13,23064.10
2026-09-24 09:21:05,22900,164125,148720,100490,375.15,2026-09-29,23228.00
2026-09-24 09:26:06,22900,169585,148720,133510,381.95,2026-09-29,23239.80
2026-09-24 09:31:07,22900,175370,148720,166010,383.80,2026-09-29,23258.60
2026-09-24 09:36:06,22900,174655,148720,200525,385.75,2026-09-29,23266.40
2026-09-24 09:41:06,22900,185315,148720,238355,371.45,2026-09-29,23241.75
2026-09-24 09:46:05,22900,190905,148720,264290,365.00,2026-09-29,23230.85
2026-09-24 09:51:06,22900,189605,148720,286910,367.00,2026-09-29,23233.00
2026-09-24 09:56:07,22900,188500,148720,324285,355.70,2026-09-29,23213.70
2026-09-24 10:01:06,22900,197080,148720,345280,367.50,2026-09-29,23229.80
2026-09-24 10:06:06,22900,200720,148720,360490,368.15,2026-09-29,23233.00
2026-09-24 10:11:06,22900,203515,148720,374335,367.25,2026-09-29,23229.25
2026-09-24 10:16:06,22900,206310,148720,394940,355.05,2026-09-29,23218.55
2026-09-24 10:21:06,22900,211185,148720,423475,354.95,2026-09-29,23216.00
2026-09-24 10:26:07,22900,216580,148720,447525,350.15,2026-09-29,23204.10
2026-09-24 10:31:06,22900,220155,148720,459485,355.95,2026-09-29,23213.25
2026-09-24 10:36:07,22900,216645,148720,477295,362.85,2026-09-29,23220.25
2026-09-24 10:41:06,22900,219440,148720,499655,361.80,2026-09-29,23220.25
2026-09-24 10:46:06,22900,220740,148720,515710,362.00,2026-09-29,23220.75
2026-09-24 10:51:07,22900,216840,148720,526240,370.00,2026-09-29,23234.45
2026-09-24 10:56:06,22900,215345,148720,547105,378.80,2026-09-29,23238.30
2026-09-24 11:01:06,22900,210600,148720,557830,375.85,2026-09-29,23234.40
2026-09-24 11:06:06,22900,208650,148720,566215,365.00,2026-09-29,23222.45
2026-09-24 11:11:06,22900,209430,148720,576940,364.90,2026-09-29,23225.00
2026-09-24 11:16:06,22900,212420,148720,604305,359.60,2026-09-29,23226.10
2026-09-24 11:21:06,22900,212810,148720,623220,366.60,2026-09-29,23229.45
2026-09-24 11:26:07,22900,216125,148720,645645,352.00,2026-09-29,23216.10
2026-09-24 11:31:07,22900,216190,148720,652925,352.55,2026-09-29,23216.20
2026-09-24 11:36:06,22900,218205,148720,668850,350.50,2026-09-29,23209.70
2026-09-24 11:41:07,22900,221975,148720,680225,355.25,2026-09-29,23208.95
2026-09-24 11:46:07,22900,223340,148720,686140,355.95,2026-09-29,23210.35
2026-09-24 11:51:05,22900,224965,148720,693095,354.00,2026-09-29,23207.60
2026-09-24 11:56:06,22900,224445,148720,703625,347.15,2026-09-29,23198.85
2026-09-24 12:01:06,22900,242710,148720,743925,345.00,2026-09-29,23196.80
2026-09-24 12:06:07,22900,240630,148720,762905,352.20,2026-09-29,23209.50
2026-09-24 12:11:05,22900,241280,148720,765635,352.00,2026-09-29,23207.00
2026-09-24 12:16:07,22900,241085,148720,772915,349.35,2026-09-29,23199.90
2026-09-24 12:21:06,22900,242190,148720,775905,349.50,2026-09-29,23198.65
2026-09-24 12:26:06,22900,242970,148720,794495,334.40,2026-09-29,23175.90
2026-09-24 12:36:07,22900,248950,148720,849290,324.40,2026-09-29,23171.75
2026-09-24 12:41:07,22900,242840,148720,860275,338.90,2026-09-29,23179.45
2026-09-24 12:46:08,22900,250380,148720,882960,333.10,2026-09-29,23172.05
2026-09-24 12:51:07,22900,258180,148720,900250,335.50,2026-09-29,23178.35
2026-09-24 12:56:07,22900,262145,148720,915655,329.35,2026-09-29,23168.05
2026-09-24 13:01:07,22900,265070,148720,924755,330.65,2026-09-29,23168.55
2026-09-24 13:06:07,22900,260975,148720,954265,342.00,2026-09-29,23182.55
2026-09-24 13:11:07,22900,260975,148720,972595,337.45,2026-09-29,23177.80
2026-09-24 13:16:07,22900,264550,148720,983645,339.50,2026-09-29,23185.50
2026-09-24 13:21:06,22900,264550,148720,987025,336.15,2026-09-29,23178.25
2026-09-24 13:26:06,22900,265720,148720,997425,325.80,2026-09-29,23167.05
2026-09-24 13:31:06,22900,290810,148720,1079390,310.80,2026-09-29,23151.70
2026-09-24 13:36:05,22900,299910,148720,1133730,310.50,2026-09-29,23151.50
2026-09-24 13:41:04,22900,306150,148720,1185470,300.80,2026-09-29,23136.10
2026-09-24 13:46:06,22900,350740,148720,1294215,272.00,2026-09-29,23086.45
2026-09-24 13:51:05,22900,402805,148720,1420835,280.10,2026-09-29,23100.15
2026-09-24 13:56:06,22900,435240,148720,1550250,269.30,2026-09-29,23078.40
2026-09-24 14:01:06,22900,488410,148720,1734200,263.85,2026-09-29,23072.60
2026-09-24 14:06:07,22900,484315,148720,1914835,265.75,2026-09-29,23065.45
2026-09-24 14:11:06,22900,506870,148720,2014285,264.10,2026-09-29,23073.05
2026-09-24 14:16:06,22900,508820,148720,2058225,267.55,2026-09-29,23077.45
2026-09-24 14:21:07,22900,506155,148720,2152670,259.75,2026-09-29,23065.55
2026-09-24 09:21:06,22900,11505,9750,7475,425.00,2026-10-06,23228.25
2026-09-24 09:26:07,22900,12090,9750,8515,428.30,2026-10-06,23239.10
2026-09-24 09:31:08,22900,12480,9750,8710,432.20,2026-10-06,23259.00
2026-09-24 09:36:07,22900,12545,9750,8970,437.00,2026-10-06,23265.90
2026-09-24 09:41:07,22900,12545,9750,10660,420.60,2026-10-06,23240.80
2026-09-24 09:46:06,22900,14950,9750,12675,412.55,2026-10-06,23229.95
2026-09-24 09:51:06,22900,15080,9750,13000,411.20,2026-10-06,23233.75
2026-09-24 09:56:07,22900,15080,9750,13065,416.90,2026-10-06,23213.85
2026-09-24 10:01:07,22900,15080,9750,13325,413.60,2026-10-06,23230.55
2026-09-24 10:06:06,22900,15080,9750,13520,419.00,2026-10-06,23232.95
2026-09-24 10:11:06,22900,15275,9750,13845,421.85,2026-10-06,23228.70
2026-09-24 10:16:07,22900,15210,9750,14040,416.35,2026-10-06,23218.70
2026-09-24 10:21:07,22900,15015,9750,14690,409.30,2026-10-06,23216.35
2026-09-24 10:26:07,22900,15795,9750,17030,402.30,2026-10-06,23204.05
2026-09-24 10:31:06,22900,16380,9750,18460,406.50,2026-10-06,23212.70
2026-09-24 10:36:07,22900,16445,9750,18915,416.10,2026-10-06,23220.60
2026-09-24 10:41:07,22900,16965,9750,22035,411.65,2026-10-06,23221.15
2026-09-24 10:46:07,22900,19890,9750,24830,411.00,2026-10-06,23220.65
2026-09-24 10:51:07,22900,20085,9750,26130,420.50,2026-10-06,23233.60
2026-09-24 10:56:06,22900,20410,9750,27300,430.00,2026-10-06,23239.20
2026-09-24 11:01:06,22900,20345,9750,27495,424.00,2026-10-06,23233.70
2026-09-24 11:06:07,22900,21450,9750,28795,414.10,2026-10-06,23222.55
2026-09-24 11:11:07,22900,23205,9750,31135,413.85,2026-10-06,23225.20
2026-09-24 11:16:07,22900,23985,9750,34385,403.50,2026-10-06,23225.25
2026-09-24 11:21:06,22900,25675,9750,35360,416.05,2026-10-06,23229.15
2026-09-24 11:26:07,22900,26260,9750,36075,404.85,2026-10-06,23216.00
2026-09-24 11:31:07,22900,29575,9750,39715,404.20,2026-10-06,23216.15
2026-09-24 11:36:07,22900,29900,9750,40625,405.00,2026-10-06,23209.65
2026-09-24 11:41:07,22900,29900,9750,40755,407.25,2026-10-06,23208.95
2026-09-24 11:46:07,22900,29900,9750,41080,406.85,2026-10-06,23210.10
2026-09-24 11:51:05,22900,30355,9750,42640,405.00,2026-10-06,23206.75
2026-09-24 11:56:06,22900,30940,9750,43095,400.00,2026-10-06,23198.40
2026-09-24 12:01:06,22900,31785,9750,44590,397.60,2026-10-06,23196.85
2026-09-24 12:06:07,22900,31720,9750,44655,404.30,2026-10-06,23209.80
2026-09-24 12:11:05,22900,31525,9750,46085,403.85,2026-10-06,23206.90
2026-09-24 12:16:07,22900,31850,9750,46540,401.45,2026-10-06,23200.30
2026-09-24 12:21:07,22900,31980,9750,46735,404.00,2026-10-06,23198.65
2026-09-24 12:26:06,22900,31980,9750,47320,391.55,2026-10-06,23175.75
2026-09-24 12:36:08,22900,32435,9750,51545,379.45,2026-10-06,23172.45
2026-09-24 12:41:08,22900,32500,9750,51610,390.00,2026-10-06,23179.50
2026-09-24 12:46:08,22900,32500,9750,51805,385.70,2026-10-06,23171.10
2026-09-24 12:51:08,22900,32890,9750,54665,387.00,2026-10-06,23178.25
2026-09-24 12:56:08,22900,33215,9750,56615,382.75,2026-10-06,23167.90
2026-09-24 13:01:08,22900,33280,9750,56745,385.20,2026-10-06,23167.70
2026-09-24 13:06:07,22900,34125,9750,57785,395.40,2026-10-06,23182.45
2026-09-24 13:11:08,22900,34320,9750,58175,395.50,2026-10-06,23177.20
2026-09-24 13:16:08,22900,34515,9750,58630,393.55,2026-10-06,23185.00
2026-09-24 13:21:07,22900,34970,9750,59085,388.05,2026-10-06,23178.10
2026-09-24 13:26:06,22900,35230,9750,59670,382.50,2026-10-06,23167.35
2026-09-24 13:31:07,22900,36335,9750,64155,366.60,2026-10-06,23152.05
2026-09-24 13:36:06,22900,36205,9750,66820,369.40,2026-10-06,23151.60
2026-09-24 13:41:05,22900,40430,9750,70590,358.00,2026-10-06,23135.95
2026-09-24 13:46:07,22900,41860,9750,78715,338.10,2026-10-06,23087.20
2026-09-24 13:51:06,22900,43030,9750,85735,345.00,2026-10-06,23099.90
2026-09-24 13:56:06,22900,46930,9750,90740,335.00,2026-10-06,23078.00
2026-09-24 14:01:06,22900,52390,9750,100555,330.85,2026-10-06,23073.25
2026-09-24 14:06:07,22900,51415,9750,106990,332.00,2026-10-06,23066.10
2026-09-24 14:11:07,22900,53885,9750,113230,332.55,2026-10-06,23073.60
2026-09-24 14:16:08,22900,52845,9750,115700,337.00,2026-10-06,23077.10
2026-09-24 14:21:08,22900,53560,9750,121290,329.00,2026-10-06,23065.05
2026-09-24 09:21:06,22900,390,390,195,487.00,2026-10-13,23227.45
2026-09-24 09:26:07,22900,325,390,390,493.55,2026-10-13,23238.65
2026-09-24 09:31:08,22900,325,390,390,493.55,2026-10-13,23259.10
2026-09-24 09:36:07,22900,325,390,390,493.55,2026-10-13,23266.10
2026-09-24 09:41:07,22900,325,390,390,493.55,2026-10-13,23241.25
2026-09-24 09:46:06,22900,325,390,390,493.55,2026-10-13,23230.10
2026-09-24 09:51:07,22900,325,390,390,493.55,2026-10-13,23234.60
2026-09-24 09:56:08,22900,325,390,390,493.55,2026-10-13,23214.30
2026-09-24 10:01:07,22900,195,390,455,472.50,2026-10-13,23230.20
2026-09-24 10:06:07,22900,520,390,845,478.55,2026-10-13,23232.65
2026-09-24 10:11:07,22900,520,390,910,479.25,2026-10-13,23228.60
2026-09-24 10:16:07,22900,520,390,975,466.55,2026-10-13,23217.60
2026-09-24 10:21:07,22900,520,390,975,466.55,2026-10-13,23216.80
2026-09-24 10:26:08,22900,520,390,975,466.55,2026-10-13,23203.85
2026-09-24 10:31:07,22900,520,390,975,466.55,2026-10-13,23213.05
2026-09-24 10:36:08,22900,520,390,975,466.55,2026-10-13,23220.55
2026-09-24 10:41:07,22900,520,390,975,466.55,2026-10-13,23221.10
2026-09-24 10:46:07,22900,585,390,1040,468.00,2026-10-13,23220.55
2026-09-24 10:51:08,22900,585,390,1040,468.00,2026-10-13,23233.90
2026-09-24 10:56:07,22900,585,390,1040,468.00,2026-10-13,23237.95
2026-09-24 11:01:07,22900,585,390,1040,468.00,2026-10-13,23234.55
2026-09-24 11:06:07,22900,585,390,1040,468.00,2026-10-13,23222.15
2026-09-24 11:11:07,22900,585,390,1040,468.00,2026-10-13,23225.15
2026-09-24 11:16:08,22900,585,390,1040,468.00,2026-10-13,23225.70
2026-09-24 11:21:07,22900,585,390,1040,468.00,2026-10-13,23229.45
2026-09-24 11:26:08,22900,585,390,1040,468.00,2026-10-13,23216.25
2026-09-24 11:31:08,22900,585,390,1040,468.00,2026-10-13,23216.00
2026-09-24 11:36:07,22900,585,390,1040,468.00,2026-10-13,23210.65
2026-09-24 11:41:08,22900,585,390,1040,468.00,2026-10-13,23210.40
2026-09-24 11:46:08,22900,585,390,1040,468.00,2026-10-13,23210.45
2026-09-24 11:51:06,22900,585,390,1040,468.00,2026-10-13,23205.75
2026-09-24 11:56:07,22900,585,390,1040,468.00,2026-10-13,23198.30
2026-09-24 12:01:07,22900,585,390,1040,468.00,2026-10-13,23196.80
2026-09-24 12:06:08,22900,585,390,1040,468.00,2026-10-13,23209.50
2026-09-24 12:11:06,22900,585,390,1040,468.00,2026-10-13,23207.20
2026-09-24 12:16:08,22900,650,390,1300,456.85,2026-10-13,23200.80
2026-09-24 12:21:08,22900,650,390,1300,456.85,2026-10-13,23199.15
2026-09-24 12:26:07,22900,845,390,1365,458.10,2026-10-13,23175.00
2026-09-24 12:36:08,22900,845,390,1365,458.10,2026-10-13,23172.95
2026-09-24 12:41:08,22900,845,390,1365,458.10,2026-10-13,23178.80
2026-09-24 12:46:09,22900,845,390,1430,448.65,2026-10-13,23171.55
2026-09-24 12:51:08,22900,845,390,1430,448.65,2026-10-13,23178.45
2026-09-24 12:56:08,22900,845,390,1430,448.65,2026-10-13,23167.75
2026-09-24 13:01:08,22900,845,390,1495,448.65,2026-10-13,23167.55
2026-09-24 13:06:08,22900,845,390,1495,448.65,2026-10-13,23182.50
2026-09-24 13:11:08,22900,910,390,1560,457.85,2026-10-13,23177.65
2026-09-24 13:16:09,22900,910,390,1560,457.85,2026-10-13,23184.40
2026-09-24 13:21:08,22900,975,390,1625,453.40,2026-10-13,23178.05
2026-09-24 13:26:07,22900,975,390,1625,453.40,2026-10-13,23167.25
2026-09-24 13:31:07,22900,1300,390,2795,429.25,2026-10-13,23151.50
2026-09-24 13:36:06,22900,2080,390,2860,435.00,2026-10-13,23151.15
2026-09-24 13:41:05,22900,2145,390,3055,425.00,2026-10-13,23136.40
2026-09-24 13:46:07,22900,2795,390,3705,410.25,2026-10-13,23088.25
2026-09-24 13:51:06,22900,2730,390,4225,409.35,2026-10-13,23100.00
2026-09-24 13:56:07,22900,3835,390,5395,400.00,2026-10-13,23077.75
2026-09-24 14:01:08,22900,3575,390,6825,389.10,2026-10-13,23075.55
2026-09-24 14:06:08,22900,3965,390,7540,398.40,2026-10-13,23066.40
2026-09-24 14:11:08,22900,4030,390,8125,402.90,2026-10-13,23073.90
2026-09-24 14:16:09,22900,4550,390,8255,404.00,2026-10-13,23078.20
2026-09-24 14:21:08,22900,4550,390,8840,393.15,2026-10-13,23064.10
2026-09-24 09:21:05,23000,1786200,1335750,1114100,289.45,2026-09-29,23228.00
2026-09-24 09:26:06,23000,1846455,1335750,1495000,294.10,2026-09-29,23239.80
2026-09-24 09:31:07,23000,1889485,1335750,1769625,299.10,2026-09-29,23258.60
2026-09-24 09:36:06,23000,1901640,1335750,2031705,298.95,2026-09-29,23266.40
2026-09-24 09:41:06,23000,1908985,1335750,2282280,284.05,2026-09-29,23241.75
2026-09-24 09:46:05,23000,2020720,1335750,2686775,281.25,2026-09-29,23230.85
2026-09-24 09:51:06,23000,2074280,1335750,2991235,283.00,2026-09-29,23233.00
2026-09-24 09:56:07,23000,2095470,1335750,3203525,272.95,2026-09-29,23213.70
2026-09-24 10:01:06,23000,2102100,1335750,3404180,281.90,2026-09-29,23229.80
2026-09-24 10:06:06,23000,2075840,1335750,3629275,283.65,2026-09-29,23233.00
2026-09-24 10:11:06,23000,2037815,1335750,3808740,282.60,2026-09-29,23229.25
2026-09-24 10:16:06,23000,2090075,1335750,4057755,270.65,2026-09-29,23218.55
2026-09-24 10:21:06,23000,2127320,1335750,4284605,270.80,2026-09-29,23216.00
2026-09-24 10:26:07,23000,2190500,1335750,4517370,265.20,2026-09-29,23204.10
2026-09-24 10:31:06,23000,2229565,1335750,4649450,272.80,2026-09-29,23213.25
2026-09-24 10:36:07,23000,2131285,1335750,4879225,277.10,2026-09-29,23220.25
2026-09-24 10:41:06,23000,2065050,1335750,5079620,276.55,2026-09-29,23220.25
2026-09-24 10:46:06,23000,2069925,1335750,5191355,276.80,2026-09-29,23220.75
2026-09-24 10:51:07,23000,2136940,1335750,5358340,285.75,2026-09-29,23234.45
2026-09-24 10:56:06,23000,2098460,1335750,5576415,291.90,2026-09-29,23238.30
2026-09-24 11:01:06,23000,2097290,1335750,5720260,288.60,2026-09-29,23234.40
2026-09-24 11:06:06,23000,2070835,1335750,5907915,279.00,2026-09-29,23222.45
2026-09-24 11:11:06,23000,2084875,1335750,6093230,282.15,2026-09-29,23225.00
2026-09-24 11:16:06,23000,2129595,1335750,6276205,275.00,2026-09-29,23226.10
2026-09-24 11:21:06,23000,2104440,1335750,6445400,280.00,2026-09-29,23229.45
2026-09-24 11:26:07,23000,2136485,1335750,6594120,267.90,2026-09-29,23216.10
2026-09-24 11:31:07,23000,2173795,1335750,6686355,268.50,2026-09-29,23216.20
2026-09-24 11:36:06,23000,2223065,1335750,6856720,266.65,2026-09-29,23209.70
2026-09-24 11:41:07,23000,2179515,1335750,6932575,270.95,2026-09-29,23208.95
2026-09-24 11:46:07,23000,2185040,1335750,6988280,270.75,2026-09-29,23210.35
2026-09-24 11:51:05,23000,2190500,1335750,7082465,267.00,2026-09-29,23207.60
2026-09-24 11:56:06,23000,2215395,1335750,7278115,263.10,2026-09-29,23198.85
2026-09-24 12:01:06,23000,2264210,1335750,7554950,261.20,2026-09-29,23196.80
2026-09-24 12:06:07,23000,2216175,1335750,7764770,268.05,2026-09-29,23209.50
2026-09-24 12:11:05,23000,2235870,1335750,7851935,267.20,2026-09-29,23207.00
2026-09-24 12:16:07,23000,2246855,1335750,7943520,264.90,2026-09-29,23199.90
2026-09-24 12:21:06,23000,2251405,1335750,8013005,265.50,2026-09-29,23198.65
2026-09-24 12:26:06,23000,2288910,1335750,8152885,252.70,2026-09-29,23175.90
2026-09-24 12:36:07,23000,2456090,1335750,8790600,246.75,2026-09-29,23171.75
2026-09-24 12:41:07,23000,2489565,1335750,8971755,256.80,2026-09-29,23179.45
2026-09-24 12:46:08,23000,2488200,1335750,9117095,252.55,2026-09-29,23172.05
2026-09-24 12:51:07,23000,2500615,1335750,9281285,252.30,2026-09-29,23178.35
2026-09-24 12:56:07,23000,2518945,1335750,9427145,248.45,2026-09-29,23168.05
2026-09-24 13:01:07,23000,2543450,1335750,9539400,251.10,2026-09-29,23168.55
2026-09-24 13:06:07,23000,2491645,1335750,9804210,259.00,2026-09-29,23182.55
2026-09-24 13:11:07,23000,2503020,1335750,9973600,254.70,2026-09-29,23177.80
2026-09-24 13:16:07,23000,2521285,1335750,10109840,257.20,2026-09-29,23185.50
2026-09-24 13:21:06,23000,2529540,1335750,10200840,254.10,2026-09-29,23178.25
2026-09-24 13:26:06,23000,2560285,1335750,10343905,245.25,2026-09-29,23167.05
2026-09-24 13:31:06,23000,2730975,1335750,11110190,231.50,2026-09-29,23151.70
2026-09-24 13:36:05,23000,2682420,1335750,11384620,232.25,2026-09-29,23151.50
2026-09-24 13:41:04,23000,2805010,1335750,11836890,225.05,2026-09-29,23136.10
2026-09-24 13:46:06,23000,3124290,1335750,12771135,202.00,2026-09-29,23086.45
2026-09-24 13:51:05,23000,3407235,1335750,14156415,207.90,2026-09-29,23100.15
2026-09-24 13:56:06,23000,3479385,1335750,15109575,199.75,2026-09-29,23078.40
2026-09-24 14:01:06,23000,3789760,1335750,16905655,195.85,2026-09-29,23072.60
2026-09-24 14:06:07,23000,3699540,1335750,18151900,196.85,2026-09-29,23065.45
2026-09-24 14:11:06,23000,3871530,1335750,18867940,195.45,2026-09-29,23073.05
2026-09-24 14:16:06,23000,3894345,1335750,19295835,198.25,2026-09-29,23077.45
2026-09-24 14:21:07,23000,3906370,1335750,19834880,192.10,2026-09-29,23065.55
2026-09-24 09:21:06,23000,181675,151970,102180,347.25,2026-10-06,23228.25
2026-09-24 09:26:07,23000,220155,151970,164905,348.70,2026-10-06,23239.10
2026-09-24 09:31:08,23000,220870,151970,173030,353.05,2026-10-06,23259.00
2026-09-24 09:36:07,23000,220610,151970,185900,353.30,2026-10-06,23265.90
2026-09-24 09:41:07,23000,221975,151970,200590,343.90,2026-10-06,23240.80
2026-09-24 09:46:06,23000,223210,151970,219440,338.30,2026-10-06,23229.95
2026-09-24 09:51:06,23000,226850,151970,232895,340.80,2026-10-06,23233.75
2026-09-24 09:56:07,23000,230100,151970,240565,331.80,2026-10-06,23213.85
2026-09-24 10:01:07,23000,231595,151970,247000,336.35,2026-10-06,23230.55
2026-09-24 10:06:06,23000,230880,151970,254605,337.30,2026-10-06,23232.95
2026-09-24 10:11:06,23000,230685,151970,260585,338.30,2026-10-06,23228.70
2026-09-24 10:16:07,23000,263575,151970,310700,329.65,2026-10-06,23218.70
2026-09-24 10:21:07,23000,267800,151970,327730,329.00,2026-10-06,23216.35
2026-09-24 10:26:07,23000,270010,151970,356395,324.50,2026-10-06,23204.05
2026-09-24 10:31:06,23000,269360,151970,360035,331.35,2026-10-06,23212.70
2026-09-24 10:36:07,23000,271375,151970,368420,332.75,2026-10-06,23220.60
2026-09-24 10:41:07,23000,271115,151970,381420,333.70,2026-10-06,23221.15
2026-09-24 10:46:07,23000,274300,151970,389610,334.80,2026-10-06,23220.65
2026-09-24 10:51:07,23000,282880,151970,410605,342.25,2026-10-06,23233.60
2026-09-24 10:56:06,23000,276770,151970,430560,349.30,2026-10-06,23239.20
2026-09-24 11:01:06,23000,269295,151970,438945,347.00,2026-10-06,23233.70
2026-09-24 11:06:07,23000,270725,151970,444925,335.60,2026-10-06,23222.55
2026-09-24 11:11:07,23000,271830,151970,450515,335.45,2026-10-06,23225.20
2026-09-24 11:16:07,23000,273390,151970,456625,327.40,2026-10-06,23225.25
2026-09-24 11:21:06,23000,273390,151970,461695,339.00,2026-10-06,23229.15
2026-09-24 11:26:07,23000,275535,151970,469105,324.55,2026-10-06,23216.00
2026-09-24 11:31:07,23000,274885,151970,475085,327.50,2026-10-06,23216.15
2026-09-24 11:36:07,23000,280540,151970,481000,323.85,2026-10-06,23209.65
2026-09-24 11:41:07,23000,280800,151970,483860,327.75,2026-10-06,23208.95
2026-09-24 11:46:07,23000,282230,151970,487370,330.35,2026-10-06,23210.10
2026-09-24 11:51:05,23000,282555,151970,488735,330.00,2026-10-06,23206.75
2026-09-24 11:56:06,23000,283465,151970,492960,322.90,2026-10-06,23198.40
2026-09-24 12:01:06,23000,290290,151970,524355,320.05,2026-10-06,23196.85
2026-09-24 12:06:07,23000,289380,151970,533130,327.15,2026-10-06,23209.80
2026-09-24 12:11:05,23000,289965,151970,536120,325.65,2026-10-06,23206.90
2026-09-24 12:16:07,23000,289510,151970,541970,323.50,2026-10-06,23200.30
2026-09-24 12:21:07,23000,291590,151970,545025,326.80,2026-10-06,23198.65
2026-09-24 12:26:06,23000,292435,151970,552695,313.00,2026-10-06,23175.75
2026-09-24 12:36:08,23000,301535,151970,591760,309.85,2026-10-06,23172.45
2026-09-24 12:41:08,23000,311675,151970,603395,316.55,2026-10-06,23179.50
2026-09-24 12:46:08,23000,313300,151970,618735,311.75,2026-10-06,23171.10
2026-09-24 12:51:08,23000,316940,151970,632060,314.00,2026-10-06,23178.25
2026-09-24 12:56:08,23000,318110,151970,641030,308.75,2026-10-06,23167.90
2026-09-24 13:01:08,23000,318630,151970,657800,310.20,2026-10-06,23167.70
2026-09-24 13:06:07,23000,316030,151970,668980,317.00,2026-10-06,23182.45
2026-09-24 13:11:08,23000,315705,151970,676520,314.95,2026-10-06,23177.20
2026-09-24 13:16:08,23000,317265,151970,681655,316.85,2026-10-06,23185.00
2026-09-24 13:21:07,23000,318500,151970,684970,313.85,2026-10-06,23178.10
2026-09-24 13:26:06,23000,318565,151970,688415,307.55,2026-10-06,23167.35
2026-09-24 13:31:07,23000,337740,151970,747500,296.05,2026-10-06,23152.05
2026-09-24 13:36:06,23000,339300,151970,760045,296.05,2026-10-06,23151.60
2026-09-24 13:41:05,23000,341575,151970,787865,289.05,2026-10-06,23135.95
2026-09-24 13:46:07,23000,359320,151970,847405,270.40,2026-10-06,23087.20
2026-09-24 13:51:06,23000,379210,151970,915525,276.00,2026-10-06,23099.90
2026-09-24 13:56:06,23000,394485,151970,967980,269.35,2026-10-06,23078.00
2026-09-24 14:01:06,23000,419445,151970,1058330,266.35,2026-10-06,23073.25
2026-09-24 14:06:07,23000,433420,151970,1121120,266.30,2026-10-06,23066.10
2026-09-24 14:11:07,23000,442715,151970,1167205,267.35,2026-10-06,23073.60
2026-09-24 14:16:08,23000,462410,151970,1225510,267.65,2026-10-06,23077.10
2026-09-24 14:21:08,23000,458575,151970,1290445,263.55,2026-10-06,23065.05
2026-09-24 09:21:06,23000,14105,9620,14170,411.80,2026-10-13,23227.45
2026-09-24 09:26:07,23000,14755,9620,22425,411.50,2026-10-13,23238.65
2026-09-24 09:31:08,23000,16835,9620,26065,415.75,2026-10-13,23259.10
2026-09-24 09:36:07,23000,17420,9620,28405,412.30,2026-10-13,23266.10
2026-09-24 09:41:07,23000,17615,9620,30615,405.15,2026-10-13,23241.25
2026-09-24 09:46:06,23000,18460,9620,34515,400.90,2026-10-13,23230.10
2026-09-24 09:51:07,23000,18915,9620,35295,403.75,2026-10-13,23234.60
2026-09-24 09:56:08,23000,19500,9620,37050,394.65,2026-10-13,23214.30
2026-09-24 10:01:07,23000,20670,9620,38545,397.90,2026-10-13,23230.20
2026-09-24 10:06:07,23000,20800,9620,39000,400.00,2026-10-13,23232.65
2026-09-24 10:11:07,23000,20930,9620,39975,405.50,2026-10-13,23228.60
2026-09-24 10:16:07,23000,21580,9620,41990,395.00,2026-10-13,23217.60
2026-09-24 10:21:07,23000,23075,9620,44005,392.00,2026-10-13,23216.80
2026-09-24 10:26:08,23000,25350,9620,46995,382.45,2026-10-13,23203.85
2026-09-24 10:31:07,23000,25805,9620,47580,392.40,2026-10-13,23213.05
2026-09-24 10:36:08,23000,25740,9620,47970,399.00,2026-10-13,23220.55
2026-09-24 10:41:07,23000,26455,9620,49075,399.50,2026-10-13,23221.10
2026-09-24 10:46:07,23000,26455,9620,49530,394.90,2026-10-13,23220.55
2026-09-24 10:51:08,23000,26975,9620,50115,399.35,2026-10-13,23233.90
2026-09-24 10:56:07,23000,25480,9620,56940,410.00,2026-10-13,23237.95
2026-09-24 11:01:07,23000,24635,9620,57915,405.50,2026-10-13,23234.55
2026-09-24 11:06:07,23000,24830,9620,58175,403.85,2026-10-13,23222.15
2026-09-24 11:11:07,23000,24960,9620,58305,400.65,2026-10-13,23225.15
2026-09-24 11:16:08,23000,24830,9620,58760,394.00,2026-10-13,23225.70
2026-09-24 11:21:07,23000,24830,9620,58760,394.00,2026-10-13,23229.45
2026-09-24 11:26:08,23000,24505,9620,59605,387.95,2026-10-13,23216.25
2026-09-24 11:31:08,23000,24570,9620,59800,393.80,2026-10-13,23216.00
2026-09-24 11:36:07,23000,24570,9620,59995,384.00,2026-10-13,23210.65
2026-09-24 11:41:08,23000,24635,9620,60710,391.00,2026-10-13,23210.40
2026-09-24 11:46:08,23000,24635,9620,60710,391.00,2026-10-13,23210.45
2026-09-24 11:51:06,23000,25090,9620,68640,392.00,2026-10-13,23205.75
2026-09-24 11:56:07,23000,32760,9620,72020,385.00,2026-10-13,23198.30
2026-09-24 12:01:07,23000,33735,9620,75855,380.80,2026-10-13,23196.80
2026-09-24 12:06:08,23000,33670,9620,76375,390.00,2026-10-13,23209.50
2026-09-24 12:11:06,23000,33670,9620,76700,389.30,2026-10-13,23207.20
2026-09-24 12:16:08,23000,34190,9620,77545,387.70,2026-10-13,23200.80
2026-09-24 12:21:08,23000,34190,9620,77805,388.05,2026-10-13,23199.15
2026-09-24 12:26:07,23000,34580,9620,78715,377.00,2026-10-13,23175.00
2026-09-24 12:36:08,23000,34710,9620,79950,370.00,2026-10-13,23172.95
2026-09-24 12:41:08,23000,35685,9620,82030,379.75,2026-10-13,23178.80
2026-09-24 12:46:09,23000,36205,9620,83265,377.20,2026-10-13,23171.55
2026-09-24 12:51:08,23000,36270,9620,83395,374.50,2026-10-13,23178.45
2026-09-24 12:56:08,23000,37440,9620,87815,376.30,2026-10-13,23167.75
2026-09-24 13:01:08,23000,39195,9620,88400,376.00,2026-10-13,23167.55
2026-09-24 13:06:08,23000,39325,9620,88920,383.70,2026-10-13,23182.50
2026-09-24 13:11:08,23000,39390,9620,90155,380.40,2026-10-13,23177.65
2026-09-24 13:16:09,23000,40040,9620,90285,383.85,2026-10-13,23184.40
2026-09-24 13:21:08,23000,40040,9620,90480,378.00,2026-10-13,23178.05
2026-09-24 13:26:07,23000,40040,9620,91455,375.00,2026-10-13,23167.25
2026-09-24 13:31:07,23000,42315,9620,94900,363.05,2026-10-13,23151.50
2026-09-24 13:36:06,23000,43030,9620,96850,364.35,2026-10-13,23151.15
2026-09-24 13:41:05,23000,44395,9620,101010,355.80,2026-10-13,23136.40
2026-09-24 13:46:07,23000,46020,9620,110955,339.15,2026-10-13,23088.25
2026-09-24 13:51:06,23000,49595,9620,121550,345.60,2026-10-13,23100.00
2026-09-24 13:56:07,23000,52000,9620,128505,337.00,2026-10-13,23077.75
2026-09-24 14:01:08,23000,55055,9620,140140,335.50,2026-10-13,23075.55
2026-09-24 14:06:08,23000,55445,9620,149695,330.05,2026-10-13,23066.40
2026-09-24 14:11:08,23000,56355,9620,153530,335.45,2026-10-13,23073.90
2026-09-24 14:16:09,23000,58240,9620,156780,335.00,2026-10-13,23078.20
2026-09-24 14:21:08,23000,58370,9620,159185,331.45,2026-10-13,23064.10
2026-09-24 09:21:05,23100,973115,572325,1004445,213.05,2026-09-29,23228.00
2026-09-24 09:26:06,23100,1093300,572325,1502995,215.35,2026-09-29,23239.80
2026-09-24 09:31:07,23100,1174160,572325,1833065,219.30,2026-09-29,23258.60
2026-09-24 09:36:06,23100,1222455,572325,2243410,218.75,2026-09-29,23266.40
2026-09-24 09:41:06,23100,1272375,572325,2757040,206.90,2026-09-29,23241.75
2026-09-24 09:46:05,23100,1443910,572325,3311685,203.75,2026-09-29,23230.85
2026-09-24 09:51:06,23100,1497730,572325,3735940,205.35,2026-09-29,23233.00
2026-09-24 09:56:07,23100,1562340,572325,4058145,197.35,2026-09-29,23213.70
2026-09-24 10:01:06,23100,1632865,572325,4365140,205.60,2026-09-29,23229.80
2026-09-24 10:06:06,23100,1608945,572325,4690140,205.90,2026-09-29,23233.00
2026-09-24 10:11:06,23100,1601145,572325,5079425,204.45,2026-09-29,23229.25
2026-09-24 10:16:06,23100,1632930,572325,5461950,194.50,2026-09-29,23218.55
2026-09-24 10:21:06,23100,1700530,572325,5913245,194.95,2026-09-29,23216.00
2026-09-24 10:26:07,23100,1817660,572325,6362915,190.20,2026-09-29,23204.10
2026-09-24 10:31:06,23100,1840215,572325,6627140,196.30,2026-09-29,23213.25
2026-09-24 10:36:07,23100,1798030,572325,7101445,200.65,2026-09-29,23220.25
2026-09-24 10:41:06,23100,1805570,572325,7598760,199.50,2026-09-29,23220.25
2026-09-24 10:46:06,23100,1830530,572325,7947875,199.20,2026-09-29,23220.75
2026-09-24 10:51:07,23100,1905345,572325,8228545,207.75,2026-09-29,23234.45
2026-09-24 10:56:06,23100,1796925,572325,8774480,211.75,2026-09-29,23238.30
2026-09-24 11:01:06,23100,1761955,572325,9052875,209.45,2026-09-29,23234.40
2026-09-24 11:06:06,23100,1750320,572325,9353370,201.55,2026-09-29,23222.45
2026-09-24 11:11:06,23100,1721590,572325,9676420,203.45,2026-09-29,23225.00
2026-09-24 11:16:06,23100,1757535,572325,10136815,199.00,2026-09-29,23226.10
2026-09-24 11:21:06,23100,1761045,572325,10514790,203.35,2026-09-29,23229.45
2026-09-24 11:26:07,23100,1811485,572325,10861695,191.90,2026-09-29,23216.10
2026-09-24 11:31:07,23100,1842165,572325,11056825,192.95,2026-09-29,23216.20
2026-09-24 11:36:06,23100,1913080,572325,11458200,190.65,2026-09-29,23209.70
2026-09-24 11:41:07,23100,1932255,572325,11669580,194.35,2026-09-29,23208.95
2026-09-24 11:46:07,23100,1951300,572325,11813815,194.10,2026-09-29,23210.35
2026-09-24 11:51:05,23100,1964430,572325,12003160,190.50,2026-09-29,23207.60
2026-09-24 11:56:06,23100,2016755,572325,12237875,188.05,2026-09-29,23198.85
2026-09-24 12:01:06,23100,2095925,572325,12853295,186.45,2026-09-29,23196.80
2026-09-24 12:06:07,23100,2151370,572325,13394680,192.00,2026-09-29,23209.50
2026-09-24 12:11:05,23100,2178865,572325,13586885,191.25,2026-09-29,23207.00
2026-09-24 12:16:07,23100,2183740,572325,13797680,189.60,2026-09-29,23199.90
2026-09-24 12:21:06,23100,2197390,572325,13963690,189.85,2026-09-29,23198.65
2026-09-24 12:26:06,23100,2224820,572325,14367925,178.90,2026-09-29,23175.90
2026-09-24 12:36:07,23100,2361580,572325,15555085,175.15,2026-09-29,23171.75
2026-09-24 12:41:07,23100,2371915,572325,16119740,182.40,2026-09-29,23179.45
2026-09-24 12:46:08,23100,2406820,572325,16467945,179.25,2026-09-29,23172.05
2026-09-24 12:51:07,23100,2465320,572325,16799900,180.00,2026-09-29,23178.35
2026-09-24 12:56:07,23100,2540980,572325,17143880,176.05,2026-09-29,23168.05
2026-09-24 13:01:07,23100,2606760,572325,17376645,178.00,2026-09-29,23168.55
2026-09-24 13:06:07,23100,2590965,572325,17995055,184.00,2026-09-29,23182.55
2026-09-24 13:11:07,23100,2584530,572325,18387005,181.25,2026-09-29,23177.80
2026-09-24 13:16:07,23100,2610660,572325,18737615,183.00,2026-09-29,23185.50
2026-09-24 13:21:06,23100,2632435,572325,18985005,180.10,2026-09-29,23178.25
2026-09-24 13:26:06,23100,2668380,572325,19347250,174.45,2026-09-29,23167.05
2026-09-24 13:31:06,23100,2975310,572325,20994935,162.60,2026-09-29,23151.70
2026-09-24 13:36:05,23100,2955485,572325,21796255,163.75,2026-09-29,23151.50
2026-09-24 13:41:04,23100,3021200,572325,22476610,158.50,2026-09-29,23136.10
2026-09-24 13:46:06,23100,3530930,572325,24929060,142.35,2026-09-29,23086.45
2026-09-24 13:51:05,23100,4701710,572325,28236130,147.30,2026-09-29,23100.15
2026-09-24 13:56:06,23100,5138185,572325,30506060,140.30,2026-09-29,23078.40
2026-09-24 14:01:06,23100,5802095,572325,33393035,138.40,2026-09-29,23072.60
2026-09-24 14:06:07,23100,6348680,572325,36862020,138.80,2026-09-29,23065.45
2026-09-24 14:11:06,23100,6584240,572325,38658620,137.50,2026-09-29,23073.05
2026-09-24 14:16:06,23100,6835465,572325,39969085,139.40,2026-09-29,23077.45
2026-09-24 14:21:07,23100,6930755,572325,41313090,134.30,2026-09-29,23065.55
2026-09-24 09:21:06,23100,47775,32435,47320,273.65,2026-10-06,23228.25
2026-09-24 09:26:07,23100,50765,32435,60385,275.70,2026-10-06,23239.10
2026-09-24 09:31:08,23100,53885,32435,67145,280.90,2026-10-06,23259.00
2026-09-24 09:36:07,23100,56355,32435,71825,280.05,2026-10-06,23265.90
2026-09-24 09:41:07,23100,66950,32435,88010,269.75,2026-10-06,23240.80
2026-09-24 09:46:06,23100,73580,32435,99515,267.25,2026-10-06,23229.95
2026-09-24 09:51:06,23100,85475,32435,118105,269.00,2026-10-06,23233.75
2026-09-24 09:56:07,23100,88335,32435,126490,262.45,2026-10-06,23213.85
2026-09-24 10:01:07,23100,89830,32435,130000,267.30,2026-10-06,23230.55
2026-09-24 10:06:06,23100,91910,32435,135655,267.60,2026-10-06,23232.95
2026-09-24 10:11:06,23100,92235,32435,143975,266.25,2026-10-06,23228.70
2026-09-24 10:16:07,23100,93210,32435,152100,257.85,2026-10-06,23218.70
2026-09-24 10:21:07,23100,100100,32435,161850,259.40,2026-10-06,23216.35
2026-09-24 10:26:07,23100,104325,32435,178685,256.30,2026-10-06,23204.05
2026-09-24 10:31:06,23100,104195,32435,184405,261.00,2026-10-06,23212.70
2026-09-24 10:36:07,23100,103155,32435,189150,262.40,2026-10-06,23220.60
2026-09-24 10:41:07,23100,104910,32435,198250,263.10,2026-10-06,23221.15
2026-09-24 10:46:07,23100,105040,32435,201370,263.10,2026-10-06,23220.65
2026-09-24 10:51:07,23100,206960,32435,341510,270.40,2026-10-06,23233.60
2026-09-24 10:56:06,23100,255775,32435,411645,276.15,2026-10-06,23239.20
2026-09-24 11:01:06,23100,261690,32435,422110,273.65,2026-10-06,23233.70
2026-09-24 11:06:07,23100,262275,32435,428415,264.25,2026-10-06,23222.55
2026-09-24 11:11:07,23100,262210,32435,435435,265.10,2026-10-06,23225.20
2026-09-24 11:16:07,23100,263835,32435,441610,261.40,2026-10-06,23225.25
2026-09-24 11:21:06,23100,265005,32435,444860,266.00,2026-10-06,23229.15
2026-09-24 11:26:07,23100,265720,32435,451165,256.60,2026-10-06,23216.00
2026-09-24 11:31:07,23100,269425,32435,457795,257.10,2026-10-06,23216.15
2026-09-24 11:36:07,23100,271180,32435,467415,255.30,2026-10-06,23209.65
2026-09-24 11:41:07,23100,271245,32435,471510,258.50,2026-10-06,23208.95
2026-09-24 11:46:07,23100,271050,32435,473330,260.00,2026-10-06,23210.10
2026-09-24 11:51:05,23100,271440,32435,476190,257.15,2026-10-06,23206.75
2026-09-24 11:56:06,23100,275665,32435,490100,253.45,2026-10-06,23198.40
2026-09-24 12:01:06,23100,277745,32435,516685,250.55,2026-10-06,23196.85
2026-09-24 12:06:07,23100,277810,32435,522405,256.00,2026-10-06,23209.80
2026-09-24 12:11:05,23100,277745,32435,523900,256.00,2026-10-06,23206.90
2026-09-24 12:16:07,23100,277940,32435,525460,254.55,2026-10-06,23200.30
2026-09-24 12:21:07,23100,277875,32435,527280,254.60,2026-10-06,23198.65
2026-09-24 12:26:06,23100,282165,32435,538330,245.90,2026-10-06,23175.75
2026-09-24 12:36:08,23100,292305,32435,568230,240.85,2026-10-06,23172.45
2026-09-24 12:41:08,23100,296725,32435,576745,248.45,2026-10-06,23179.50
2026-09-24 12:46:08,23100,299520,32435,584740,245.60,2026-10-06,23171.10
2026-09-24 12:51:08,23100,301730,32435,593775,247.20,2026-10-06,23178.25
2026-09-24 12:56:08,23100,303355,32435,609830,242.85,2026-10-06,23167.90
2026-09-24 13:01:08,23100,306800,32435,616005,242.80,2026-10-06,23167.70
2026-09-24 13:06:07,23100,309985,32435,628095,250.00,2026-10-06,23182.45
2026-09-24 13:11:08,23100,308620,32435,632580,245.95,2026-10-06,23177.20
2026-09-24 13:16:08,23100,309725,32435,639080,248.05,2026-10-06,23185.00
2026-09-24 13:21:07,23100,314210,32435,648700,245.00,2026-10-06,23178.10
2026-09-24 13:26:06,23100,314405,32435,655070,240.40,2026-10-06,23167.35
2026-09-24 13:31:07,23100,331435,32435,721110,232.45,2026-10-06,23152.05
2026-09-24 13:36:06,23100,332995,32435,738205,231.50,2026-10-06,23151.60
2026-09-24 13:41:05,23100,336765,32435,765960,226.30,2026-10-06,23135.95
2026-09-24 13:46:07,23100,351715,32435,829920,212.00,2026-10-06,23087.20
2026-09-24 13:51:06,23100,396630,32435,944515,216.60,2026-10-06,23099.90
2026-09-24 13:56:06,23100,448370,32435,1039480,210.95,2026-10-06,23078.00
2026-09-24 14:01:06,23100,509795,32435,1209195,209.05,2026-10-06,23073.25
2026-09-24 14:06:07,23100,538070,32435,1334125,208.80,2026-10-06,23066.10
2026-09-24 14:11:07,23100,557895,32435,1422980,207.80,2026-10-06,23073.60
2026-09-24 14:16:08,23100,575185,32435,1476215,210.40,2026-10-06,23077.10
2026-09-24 14:21:08,23100,596830,32435,1523990,206.40,2026-10-06,23065.05
2026-09-24 09:21:06,23100,4225,1495,4615,337.10,2026-10-13,23227.45
2026-09-24 09:26:07,23100,5005,1495,6240,334.25,2026-10-13,23238.65
2026-09-24 09:31:08,23100,5200,1495,6630,340.95,2026-10-13,23259.10
2026-09-24 09:36:07,23100,5200,1495,7020,341.85,2026-10-13,23266.10
2026-09-24 09:41:07,23100,5460,1495,7800,334.80,2026-10-13,23241.25
2026-09-24 09:46:06,23100,5655,1495,8320,331.95,2026-10-13,23230.10
2026-09-24 09:51:07,23100,6630,1495,9490,332.00,2026-10-13,23234.60
2026-09-24 09:56:08,23100,6695,1495,9555,328.50,2026-10-13,23214.30
2026-09-24 10:01:07,23100,6955,1495,10465,331.00,2026-10-13,23230.20
2026-09-24 10:06:07,23100,6825,1495,10985,331.00,2026-10-13,23232.65
2026-09-24 10:11:07,23100,7215,1495,11505,330.00,2026-10-13,23228.60
2026-09-24 10:16:07,23100,7670,1495,12090,325.25,2026-10-13,23217.60
2026-09-24 10:21:07,23100,7735,1495,12545,325.55,2026-10-13,23216.80
2026-09-24 10:26:08,23100,8060,1495,13195,319.15,2026-10-13,23203.85
2026-09-24 10:31:07,23100,8320,1495,14430,325.00,2026-10-13,23213.05
2026-09-24 10:36:08,23100,8320,1495,14885,327.90,2026-10-13,23220.55
2026-09-24 10:41:07,23100,8385,1495,15145,327.75,2026-10-13,23221.10
2026-09-24 10:46:07,23100,8385,1495,15210,325.95,2026-10-13,23220.55
2026-09-24 10:51:08,23100,8385,1495,15210,325.95,2026-10-13,23233.90
2026-09-24 10:56:07,23100,8515,1495,15470,336.80,2026-10-13,23237.95
2026-09-24 11:01:07,23100,8320,1495,15860,335.95,2026-10-13,23234.55
2026-09-24 11:06:07,23100,8385,1495,16380,329.25,2026-10-13,23222.15
2026-09-24 11:11:07,23100,8320,1495,16510,332.20,2026-10-13,23225.15
2026-09-24 11:16:08,23100,8710,1495,17355,319.40,2026-10-13,23225.70
2026-09-24 11:21:07,23100,8775,1495,17745,334.05,2026-10-13,23229.45
2026-09-24 11:26:08,23100,8775,1495,17745,334.05,2026-10-13,23216.25
2026-09-24 11:31:08,23100,8775,1495,17875,324.00,2026-10-13,23216.00
2026-09-24 11:36:07,23100,8905,1495,18850,317.30,2026-10-13,23210.65
2026-09-24 11:41:08,23100,8970,1495,18980,321.00,2026-10-13,23210.40
2026-09-24 11:46:08,23100,8970,1495,18980,321.00,2026-10-13,23210.45
2026-09-24 11:51:06,23100,8970,1495,19110,324.35,2026-10-13,23205.75
2026-09-24 11:56:07,23100,9035,1495,19240,318.35,2026-10-13,23198.30
2026-09-24 12:01:07,23100,9360,1495,20085,314.20,2026-10-13,23196.80
2026-09-24 12:06:08,23100,9490,1495,20345,320.00,2026-10-13,23209.50
2026-09-24 12:11:06,23100,9555,1495,20410,320.00,2026-10-13,23207.20
2026-09-24 12:16:08,23100,9555,1495,20475,319.90,2026-10-13,23200.80
2026-09-24 12:21:08,23100,9620,1495,21125,320.00,2026-10-13,23199.15
2026-09-24 12:26:07,23100,9100,1495,21905,310.00,2026-10-13,23175.00
2026-09-24 12:36:08,23100,9360,1495,22815,303.30,2026-10-13,23172.95
2026-09-24 12:41:08,23100,9230,1495,23530,312.50,2026-10-13,23178.80
2026-09-24 12:46:09,23100,9035,1495,24180,309.90,2026-10-13,23171.55
2026-09-24 12:51:08,23100,9230,1495,24830,313.35,2026-10-13,23178.45
2026-09-24 12:56:08,23100,9555,1495,25220,307.00,2026-10-13,23167.75
2026-09-24 13:01:08,23100,9555,1495,25220,307.00,2026-10-13,23167.55
2026-09-24 13:06:08,23100,9620,1495,25415,317.00,2026-10-13,23182.50
2026-09-24 13:11:08,23100,9360,1495,26260,313.75,2026-10-13,23177.65
2026-09-24 13:16:09,23100,9360,1495,26390,313.40,2026-10-13,23184.40
2026-09-24 13:21:08,23100,9360,1495,26455,310.05,2026-10-13,23178.05
2026-09-24 13:26:07,23100,9360,1495,26585,307.00,2026-10-13,23167.25
2026-09-24 13:31:07,23100,11570,1495,31525,298.15,2026-10-13,23151.50
2026-09-24 13:36:06,23100,12610,1495,33215,298.40,2026-10-13,23151.15
2026-09-24 13:41:05,23100,13195,1495,34840,292.55,2026-10-13,23136.40
2026-09-24 13:46:07,23100,16315,1495,40950,280.00,2026-10-13,23088.25
2026-09-24 13:51:06,23100,19565,1495,47970,282.75,2026-10-13,23100.00
2026-09-24 13:56:07,23100,22035,1495,52975,277.95,2026-10-13,23077.75
2026-09-24 14:01:08,23100,23725,1495,59605,276.00,2026-10-13,23075.55
2026-09-24 14:06:08,23100,24700,1495,65520,276.75,2026-10-13,23066.40
2026-09-24 14:11:08,23100,24765,1495,68640,276.50,2026-10-13,23073.90
2026-09-24 14:16:09,23100,26130,1495,72150,278.00,2026-10-13,23078.20
2026-09-24 14:21:08,23100,28145,1495,73515,272.40,2026-10-13,23064.10
2026-09-24 09:21:05,23200,3895710,1471925,6323655,145.65,2026-09-29,23228.00
2026-09-24 09:26:06,23200,4757935,1471925,9522825,147.65,2026-09-29,23239.80
2026-09-24 09:31:07,23200,5412680,1471925,11545625,151.30,2026-09-29,23258.60
2026-09-24 09:36:06,23200,5567640,1471925,13515190,151.05,2026-09-29,23266.40
2026-09-24 09:41:06,23200,5931770,1471925,16175965,141.15,2026-09-29,23241.75
2026-09-24 09:46:05,23200,6771180,1471925,18918965,138.60,2026-09-29,23230.85
2026-09-24 09:51:06,23200,7485400,1471925,21517860,140.65,2026-09-29,23233.00
2026-09-24 09:56:07,23200,7762235,1471925,23500880,134.65,2026-09-29,23213.70
2026-09-24 10:01:06,23200,8189025,1471925,25289875,140.65,2026-09-29,23229.80
2026-09-24 10:06:06,23200,8375315,1471925,27122615,140.60,2026-09-29,23233.00
2026-09-24 10:11:06,23200,8361860,1471925,29181165,139.35,2026-09-29,23229.25
2026-09-24 10:16:06,23200,8530600,1471925,31662930,131.25,2026-09-29,23218.55
2026-09-24 10:21:06,23200,9078550,1471925,34389810,131.45,2026-09-29,23216.00
2026-09-24 10:26:07,23200,9520875,1471925,36579855,128.90,2026-09-29,23204.10
2026-09-24 10:31:06,23200,9651200,1471925,38010375,132.35,2026-09-29,23213.25
2026-09-24 10:36:07,23200,9488180,1471925,40442675,135.05,2026-09-29,23220.25
2026-09-24 10:41:06,23200,9487595,1471925,42805490,134.90,2026-09-29,23220.25
2026-09-24 10:46:06,23200,9562605,1471925,44237830,134.90,2026-09-29,23220.75
2026-09-24 10:51:07,23200,9702550,1471925,45482255,141.00,2026-09-29,23234.45
2026-09-24 10:56:06,23200,9392175,1471925,48041370,144.55,2026-09-29,23238.30
2026-09-24 11:01:06,23200,9090705,1471925,49303540,142.10,2026-09-29,23234.40
2026-09-24 11:06:06,23200,8894210,1471925,50729640,135.85,2026-09-29,23222.45
2026-09-24 11:11:06,23200,8873345,1471925,52298090,138.20,2026-09-29,23225.00
2026-09-24 11:16:06,23200,9314565,1471925,54277535,134.15,2026-09-29,23226.10
2026-09-24 11:21:06,23200,9335300,1471925,56209595,137.80,2026-09-29,23229.45
2026-09-24 11:26:07,23200,9518015,1471925,57969275,129.35,2026-09-29,23216.10
2026-09-24 11:31:07,23200,9871550,1471925,59301970,129.90,2026-09-29,23216.20
2026-09-24 11:36:06,23200,10184590,1471925,61173255,128.30,2026-09-29,23209.70
2026-09-24 11:41:07,23200,10205910,1471925,62523435,130.15,2026-09-29,23208.95
2026-09-24 11:46:07,23200,10263760,1471925,63468470,130.35,2026-09-29,23210.35
2026-09-24 11:51:05,23200,10333050,1471925,64327705,128.15,2026-09-29,23207.60
2026-09-24 11:56:06,23200,10634845,1471925,65652340,125.70,2026-09-29,23198.85
2026-09-24 12:01:06,23200,11203335,1471925,69039490,124.50,2026-09-29,23196.80
2026-09-24 12:06:07,23200,11215880,1471925,71164535,128.75,2026-09-29,23209.50
2026-09-24 12:11:05,23200,11232650,1471925,72064980,128.15,2026-09-29,23207.00
2026-09-24 12:16:07,23200,11243700,1471925,73149310,126.40,2026-09-29,23199.90
2026-09-24 12:21:06,23200,11439740,1471925,74013875,126.90,2026-09-29,23198.65
2026-09-24 12:26:06,23200,11474710,1471925,75833745,119.05,2026-09-29,23175.90
2026-09-24 12:36:07,23200,12351625,1471925,81272360,116.70,2026-09-29,23171.75
2026-09-24 12:41:07,23200,12555465,1471925,82990440,121.85,2026-09-29,23179.45
2026-09-24 12:46:08,23200,12667980,1471925,84503965,119.25,2026-09-29,23172.05
2026-09-24 12:51:07,23200,12884300,1471925,85804550,119.75,2026-09-29,23178.35
2026-09-24 12:56:07,23200,13085540,1471925,86928985,117.25,2026-09-29,23168.05
2026-09-24 13:01:07,23200,13213200,1471925,87749220,118.35,2026-09-29,23168.55
2026-09-24 13:06:07,23200,13210340,1471925,89944725,122.90,2026-09-29,23182.55
2026-09-24 13:11:07,23200,13143910,1471925,91827970,120.65,2026-09-29,23177.80
2026-09-24 13:16:07,23200,13349635,1471925,93228655,121.55,2026-09-29,23185.50
2026-09-24 13:21:06,23200,13537095,1471925,94047005,120.00,2026-09-29,23178.25
2026-09-24 13:26:06,23200,13612365,1471925,95232345,115.65,2026-09-29,23167.05
2026-09-24 13:31:06,23200,13982800,1471925,100075365,107.85,2026-09-29,23151.70
2026-09-24 13:36:05,23200,14116505,1471925,102182015,108.20,2026-09-29,23151.50
2026-09-24 13:41:04,23200,14368250,1471925,104082485,105.00,2026-09-29,23136.10
2026-09-24 13:46:06,23200,14692665,1471925,108233255,95.30,2026-09-29,23086.45
2026-09-24 13:51:05,23200,14985555,1471925,112380125,98.80,2026-09-29,23100.15
2026-09-24 13:56:06,23200,15121015,1471925,115215620,94.40,2026-09-29,23078.40
2026-09-24 14:01:06,23200,15522130,1471925,119847455,93.40,2026-09-29,23072.60
2026-09-24 14:06:07,23200,15656225,1471925,123051630,93.70,2026-09-29,23065.45
2026-09-24 14:11:06,23200,15787330,1471925,124750080,91.55,2026-09-29,23073.05
2026-09-24 14:16:06,23200,15824705,1471925,125931585,92.65,2026-09-29,23077.45
2026-09-24 14:21:07,23200,15852850,1471925,127496070,89.30,2026-09-29,23065.55
2026-09-24 09:21:06,23200,337220,83330,529620,209.65,2026-10-06,23228.25
2026-09-24 09:26:07,23200,406120,83330,676845,209.85,2026-10-06,23239.10
2026-09-24 09:31:08,23200,442195,83330,771160,214.50,2026-10-06,23259.00
2026-09-24 09:36:07,23200,457600,83330,858780,214.15,2026-10-06,23265.90
2026-09-24 09:41:07,23200,487045,83330,948285,205.05,2026-10-06,23240.80
2026-09-24 09:46:06,23200,545285,83330,1046890,203.40,2026-10-06,23229.95
2026-09-24 09:51:06,23200,589615,83330,1152710,205.25,2026-10-06,23233.75
2026-09-24 09:56:07,23200,610870,83330,1228370,199.75,2026-10-06,23213.85
2026-09-24 10:01:07,23200,647920,83330,1291875,204.35,2026-10-06,23230.55
2026-09-24 10:06:06,23200,655850,83330,1355965,203.90,2026-10-06,23232.95
2026-09-24 10:11:06,23200,678275,83330,1417000,202.85,2026-10-06,23228.70
2026-09-24 10:16:07,23200,705835,83330,1516515,197.10,2026-10-06,23218.70
2026-09-24 10:21:07,23200,755625,83330,1651585,196.70,2026-10-06,23216.35
2026-09-24 10:26:07,23200,780000,83330,1723800,194.75,2026-10-06,23204.05
2026-09-24 10:31:06,23200,809120,83330,1809795,198.60,2026-10-06,23212.70
2026-09-24 10:36:07,23200,794690,83330,1901120,200.20,2026-10-06,23220.60
2026-09-24 10:41:07,23200,801320,83330,1971710,200.60,2026-10-06,23221.15
2026-09-24 10:46:07,23200,814905,83330,2019940,200.35,2026-10-06,23220.65
2026-09-24 10:51:07,23200,816400,83330,2069275,206.55,2026-10-06,23233.60
2026-09-24 10:56:06,23200,803140,83330,2155790,209.70,2026-10-06,23239.20
2026-09-24 11:01:06,23200,803985,83330,2189265,207.50,2026-10-06,23233.70
2026-09-24 11:06:07,23200,801385,83330,2223065,200.80,2026-10-06,23222.55
2026-09-24 11:11:07,23200,808925,83330,2262975,202.35,2026-10-06,23225.20
2026-09-24 11:16:07,23200,825695,83330,2330120,198.55,2026-10-06,23225.25
2026-09-24 11:21:06,23200,810030,83330,2413970,202.40,2026-10-06,23229.15
2026-09-24 11:26:07,23200,813215,83330,2473185,194.90,2026-10-06,23216.00
2026-09-24 11:31:07,23200,827385,83330,2508220,195.00,2026-10-06,23216.15
2026-09-24 11:36:07,23200,856050,83330,2571920,193.45,2026-10-06,23209.65
2026-09-24 11:41:07,23200,860405,83330,2596165,196.05,2026-10-06,23208.95
2026-09-24 11:46:07,23200,861835,83330,2608905,197.00,2026-10-06,23210.10
2026-09-24 11:51:05,23200,861250,83330,2631915,194.60,2026-10-06,23206.75
2026-09-24 11:56:06,23200,868140,83330,2673970,192.00,2026-10-06,23198.40
2026-09-24 12:01:06,23200,893620,83330,2806375,190.60,2026-10-06,23196.85
2026-09-24 12:06:07,23200,895570,83330,2854735,194.30,2026-10-06,23209.80
2026-09-24 12:11:05,23200,897325,83330,2876120,194.00,2026-10-06,23206.90
2026-09-24 12:16:07,23200,898820,83330,2904395,193.00,2026-10-06,23200.30
2026-09-24 12:21:07,23200,902720,83330,2918370,193.55,2026-10-06,23198.65
2026-09-24 12:26:06,23200,919620,83330,2973750,185.45,2026-10-06,23175.75
2026-09-24 12:36:08,23200,957255,83330,3169985,183.70,2026-10-06,23172.45
2026-09-24 12:41:08,23200,967460,83330,3249155,188.70,2026-10-06,23179.50
2026-09-24 12:46:08,23200,987675,83330,3327675,185.65,2026-10-06,23171.10
2026-09-24 12:51:08,23200,1024660,83330,3397550,186.25,2026-10-06,23178.25
2026-09-24 12:56:08,23200,1041755,83330,3476655,183.35,2026-10-06,23167.90
2026-09-24 13:01:08,23200,1058915,83330,3517735,184.00,2026-10-06,23167.70
2026-09-24 13:06:07,23200,1064765,83330,3593720,188.00,2026-10-06,23182.45
2026-09-24 13:11:08,23200,1068665,83330,3657875,186.25,2026-10-06,23177.20
2026-09-24 13:16:08,23200,1081340,83330,3697005,187.45,2026-10-06,23185.00
2026-09-24 13:21:07,23200,1086150,83330,3721575,185.20,2026-10-06,23178.10
2026-09-24 13:26:06,23200,1089335,83330,3755700,181.50,2026-10-06,23167.35
2026-09-24 13:31:07,23200,1105325,83330,3974490,175.00,2026-10-06,23152.05
2026-09-24 13:36:06,23200,1125605,83330,4061525,174.45,2026-10-06,23151.60
2026-09-24 13:41:05,23200,1162850,83330,4150315,170.85,2026-10-06,23135.95
2026-09-24 13:46:07,23200,1202890,83330,4390945,160.30,2026-10-06,23087.20
2026-09-24 13:51:06,23200,1247480,83330,4580225,164.00,2026-10-06,23099.90
2026-09-24 13:56:06,23200,1326520,83330,4802785,160.60,2026-10-06,23078.00
2026-09-24 14:01:06,23200,1380535,83330,5029440,159.80,2026-10-06,23073.25
2026-09-24 14:06:07,23200,1416220,83330,5178290,159.30,2026-10-06,23066.10
2026-09-24 14:11:07,23200,1442285,83330,5272995,157.90,2026-10-06,23073.60
2026-09-24 14:16:08,23200,1464190,83330,5331690,159.50,2026-10-06,23077.10
2026-09-24 14:21:08,23200,1471730,83330,5383170,157.00,2026-10-06,23065.05
2026-09-24 09:21:06,23200,29510,16250,25220,272.00,2026-10-13,23227.45
2026-09-24 09:26:07,23200,34515,16250,33735,272.25,2026-10-13,23238.65
2026-09-24 09:31:08,23200,35945,16250,38350,279.00,2026-10-13,23259.10
2026-09-24 09:36:07,23200,36595,16250,40170,278.65,2026-10-13,23266.10
2026-09-24 09:41:07,23200,36920,16250,42705,268.60,2026-10-13,23241.25
2026-09-24 09:46:06,23200,38090,16250,48555,263.10,2026-10-13,23230.10
2026-09-24 09:51:07,23200,40885,16250,57785,269.00,2026-10-13,23234.60
2026-09-24 09:56:08,23200,42835,16250,63245,262.90,2026-10-13,23214.30
2026-09-24 10:01:07,23200,45240,16250,65585,268.75,2026-10-13,23230.20
2026-09-24 10:06:07,23200,50830,16250,71825,268.45,2026-10-13,23232.65
2026-09-24 10:11:07,23200,52780,16250,75335,267.00,2026-10-13,23228.60
2026-09-24 10:16:07,23200,54340,16250,79105,260.55,2026-10-13,23217.60
2026-09-24 10:21:07,23200,55965,16250,81380,261.20,2026-10-13,23216.80
2026-09-24 10:26:08,23200,57395,16250,86190,257.60,2026-10-13,23203.85
2026-09-24 10:31:07,23200,58760,16250,89050,263.05,2026-10-13,23213.05
2026-09-24 10:36:08,23200,60190,16250,94055,263.75,2026-10-13,23220.55
2026-09-24 10:41:07,23200,60645,16250,97500,264.75,2026-10-13,23221.10
2026-09-24 10:46:07,23200,60645,16250,98410,263.45,2026-10-13,23220.55
2026-09-24 10:51:08,23200,60645,16250,99190,267.60,2026-10-13,23233.90
2026-09-24 10:56:07,23200,60320,16250,102310,275.00,2026-10-13,23237.95
2026-09-24 11:01:07,23200,59280,16250,102960,272.40,2026-10-13,23234.55
2026-09-24 11:06:07,23200,60060,16250,104325,266.95,2026-10-13,23222.15
2026-09-24 11:11:07,23200,60645,16250,106730,263.90,2026-10-13,23225.15
2026-09-24 11:16:08,23200,60255,16250,109590,257.85,2026-10-13,23225.70
2026-09-24 11:21:07,23200,60710,16250,110695,266.10,2026-10-13,23229.45
2026-09-24 11:26:08,23200,60450,16250,113165,257.40,2026-10-13,23216.25
2026-09-24 11:31:08,23200,60450,16250,113555,258.70,2026-10-13,23216.00
2026-09-24 11:36:07,23200,60580,16250,115700,255.60,2026-10-13,23210.65
2026-09-24 11:41:08,23200,60645,16250,116415,261.00,2026-10-13,23210.40
2026-09-24 11:46:08,23200,60645,16250,123370,261.70,2026-10-13,23210.45
2026-09-24 11:51:06,23200,62985,16250,127140,258.70,2026-10-13,23205.75
2026-09-24 11:56:07,23200,63375,16250,128115,256.50,2026-10-13,23198.30
2026-09-24 12:01:07,23200,65195,16250,135980,254.75,2026-10-13,23196.80
2026-09-24 12:06:08,23200,66300,16250,138580,258.00,2026-10-13,23209.50
2026-09-24 12:11:06,23200,66755,16250,139750,258.80,2026-10-13,23207.20
2026-09-24 12:16:08,23200,67275,16250,141180,256.55,2026-10-13,23200.80
2026-09-24 12:21:08,23200,67405,16250,142285,257.90,2026-10-13,23199.15
2026-09-24 12:26:07,23200,68055,16250,145145,249.00,2026-10-13,23175.00
2026-09-24 12:36:08,23200,69485,16250,151905,247.90,2026-10-13,23172.95
2026-09-24 12:41:08,23200,71695,16250,156195,254.35,2026-10-13,23178.80
2026-09-24 12:46:09,23200,73775,16250,169780,251.65,2026-10-13,23171.55
2026-09-24 12:51:08,23200,82030,16250,171470,253.60,2026-10-13,23178.45
2026-09-24 12:56:08,23200,83005,16250,174915,249.00,2026-10-13,23167.75
2026-09-24 13:01:08,23200,84045,16250,176605,250.50,2026-10-13,23167.55
2026-09-24 13:06:08,23200,85150,16250,180570,256.00,2026-10-13,23182.50
2026-09-24 13:11:08,23200,85605,16250,181935,253.00,2026-10-13,23177.65
2026-09-24 13:16:09,23200,86060,16250,183820,253.50,2026-10-13,23184.40
2026-09-24 13:21:08,23200,88400,16250,187460,248.30,2026-10-13,23178.05
2026-09-24 13:26:07,23200,88530,16250,189930,246.65,2026-10-13,23167.25
2026-09-24 13:31:07,23200,96980,16250,215150,241.50,2026-10-13,23151.50
2026-09-24 13:36:06,23200,99970,16250,218725,240.50,2026-10-13,23151.15
2026-09-24 13:41:05,23200,100685,16250,223860,236.00,2026-10-13,23136.40
2026-09-24 13:46:07,23200,105170,16250,241605,224.05,2026-10-13,23088.25
2026-09-24 13:51:06,23200,115375,16250,261885,229.15,2026-10-13,23100.00
2026-09-24 13:56:07,23200,115375,16250,272935,225.15,2026-10-13,23077.75
2026-09-24 14:01:08,23200,115765,16250,282620,223.85,2026-10-13,23075.55
2026-09-24 14:06:08,23200,116090,16250,291005,225.00,2026-10-13,23066.40
2026-09-24 14:11:08,23200,116025,16250,294190,222.10,2026-10-13,23073.90
2026-09-24 14:16:09,23200,115895,16250,296985,224.55,2026-10-13,23078.20
2026-09-24 14:21:08,23200,115700,16250,298805,221.20,2026-10-13,23064.10
2026-09-24 09:21:05,23300,7220980,4160390,9183785,92.25,2026-09-29,23228.00
2026-09-24 09:26:06,23300,8310120,4160390,13550875,93.00,2026-09-29,23239.80
2026-09-24 09:31:07,23300,9167535,4160390,16670745,95.55,2026-09-29,23258.60
2026-09-24 09:36:06,23300,9432605,4160390,19911905,96.10,2026-09-29,23266.40
2026-09-24 09:41:06,23300,9877725,4160390,23541830,88.85,2026-09-29,23241.75
2026-09-24 09:46:05,23300,10762700,4160390,26668720,87.10,2026-09-29,23230.85
2026-09-24 09:51:06,23300,11193910,4160390,28985580,88.85,2026-09-29,23233.00
2026-09-24 09:56:07,23300,11395475,4160390,30895995,85.10,2026-09-29,23213.70
2026-09-24 10:01:06,23300,11659700,4160390,32458790,88.65,2026-09-29,23229.80
2026-09-24 10:06:06,23300,11822590,4160390,34327345,88.20,2026-09-29,23233.00
2026-09-24 10:11:06,23300,11947130,4160390,36502245,87.30,2026-09-29,23229.25
2026-09-24 10:16:06,23300,12097865,4160390,38631840,82.10,2026-09-29,23218.55
2026-09-24 10:21:06,23300,12616695,4160390,41038075,81.85,2026-09-29,23216.00
2026-09-24 10:26:07,23300,12760020,4160390,42867175,80.65,2026-09-29,23204.10
2026-09-24 10:31:06,23300,12843285,4160390,43879095,82.90,2026-09-29,23213.25
2026-09-24 10:36:07,23300,12580100,4160390,45958380,84.30,2026-09-29,23220.25
2026-09-24 10:41:06,23300,12436385,4160390,47832070,84.20,2026-09-29,23220.25
2026-09-24 10:46:06,23300,12524915,4160390,49004085,84.25,2026-09-29,23220.75
2026-09-24 10:51:07,23300,12511655,4160390,49955945,88.10,2026-09-29,23234.45
2026-09-24 10:56:06,23300,12149670,4160390,52333970,90.35,2026-09-29,23238.30
2026-09-24 11:01:06,23300,11928930,4160390,53758315,88.80,2026-09-29,23234.40
2026-09-24 11:06:06,23300,11761490,4160390,55038555,84.50,2026-09-29,23222.45
2026-09-24 11:11:06,23300,11802570,4160390,56310800,86.25,2026-09-29,23225.00
2026-09-24 11:16:06,23300,12140765,4160390,58107530,83.55,2026-09-29,23226.10
2026-09-24 11:21:06,23300,11922820,4160390,60029320,85.75,2026-09-29,23229.45
2026-09-24 11:26:07,23300,12290395,4160390,61732710,80.40,2026-09-29,23216.10
2026-09-24 11:31:07,23300,12425660,4160390,62695555,80.95,2026-09-29,23216.20
2026-09-24 11:36:06,23300,12838735,4160390,64334985,79.50,2026-09-29,23209.70
2026-09-24 11:41:07,23300,12952290,4160390,65178295,80.30,2026-09-29,23208.95
2026-09-24 11:46:07,23300,12945140,4160390,65930800,80.55,2026-09-29,23210.35
2026-09-24 11:51:05,23300,13086905,4160390,66674075,78.90,2026-09-29,23207.60
2026-09-24 11:56:06,23300,13160355,4160390,67929225,77.25,2026-09-29,23198.85
2026-09-24 12:01:06,23300,13352625,4160390,70258955,76.85,2026-09-29,23196.80
2026-09-24 12:06:07,23300,13192595,4160390,71593665,79.30,2026-09-29,23209.50
2026-09-24 12:11:05,23300,12980370,4160390,72499635,78.80,2026-09-29,23207.00
2026-09-24 12:16:07,23300,12905490,4160390,73300890,77.95,2026-09-29,23199.90
2026-09-24 12:21:06,23300,12979525,4160390,73960575,78.00,2026-09-29,23198.65
2026-09-24 12:26:06,23300,12979005,4160390,75264085,73.10,2026-09-29,23175.90
2026-09-24 12:36:07,23300,13272350,4160390,78889590,72.00,2026-09-29,23171.75
2026-09-24 12:41:07,23300,13325715,4160390,79843075,74.85,2026-09-29,23179.45
2026-09-24 12:46:08,23300,13394225,4160390,80555735,73.60,2026-09-29,23172.05
2026-09-24 12:51:07,23300,13536965,4160390,81270670,73.75,2026-09-29,23178.35
2026-09-24 12:56:07,23300,13546585,4160390,81932045,72.40,2026-09-29,23168.05
2026-09-24 13:01:07,23300,13631605,4160390,82660305,72.60,2026-09-29,23168.55
2026-09-24 13:06:07,23300,13520130,4160390,84053970,75.50,2026-09-29,23182.55
2026-09-24 13:11:07,23300,13387595,4160390,85152535,74.00,2026-09-29,23177.80
2026-09-24 13:16:07,23300,13436215,4160390,86008000,74.70,2026-09-29,23185.50
2026-09-24 13:21:06,23300,13486460,4160390,86496410,73.40,2026-09-29,23178.25
2026-09-24 13:26:06,23300,13497055,4160390,87211020,71.05,2026-09-29,23167.05
2026-09-24 13:31:06,23300,13820300,4160390,90575290,66.75,2026-09-29,23151.70
2026-09-24 13:36:05,23300,13834535,4160390,92004900,66.75,2026-09-29,23151.50
2026-09-24 13:41:04,23300,13735345,4160390,93493920,65.00,2026-09-29,23136.10
2026-09-24 13:46:06,23300,13385710,4160390,97345560,59.85,2026-09-29,23086.45
2026-09-24 13:51:05,23300,13846560,4160390,100750780,62.00,2026-09-29,23100.15
2026-09-24 13:56:06,23300,14061840,4160390,103059840,59.90,2026-09-29,23078.40
2026-09-24 14:01:06,23300,13821405,4160390,106608515,60.25,2026-09-29,23072.60
2026-09-24 14:06:07,23300,13922935,4160390,108984395,59.90,2026-09-29,23065.45
2026-09-24 14:11:06,23300,13977210,4160390,110225700,58.15,2026-09-29,23073.05
2026-09-24 14:16:06,23300,13966550,4160390,111153965,58.45,2026-09-29,23077.45
2026-09-24 14:21:07,23300,13930995,4160390,113339655,56.30,2026-09-29,23065.55
2026-09-24 09:21:06,23300,696605,467610,661895,152.90,2026-10-06,23228.25
2026-09-24 09:26:07,23300,784160,467610,922480,153.15,2026-10-06,23239.10
2026-09-24 09:31:08,23300,882505,467610,1101685,157.05,2026-10-06,23259.00
2026-09-24 09:36:07,23300,924300,467610,1250405,156.95,2026-10-06,23265.90
2026-09-24 09:41:07,23300,965055,467610,1408225,149.50,2026-10-06,23240.80
2026-09-24 09:46:06,23300,1025440,467610,1536470,148.90,2026-10-06,23229.95
2026-09-24 09:51:06,23300,1035710,467610,1624415,150.35,2026-10-06,23233.75
2026-09-24 09:56:07,23300,1050465,467610,1717495,146.10,2026-10-06,23213.85
2026-09-24 10:01:07,23300,1086605,467610,1787890,149.00,2026-10-06,23230.55
2026-09-24 10:06:06,23300,1097265,467610,1838590,148.95,2026-10-06,23232.95
2026-09-24 10:11:06,23300,1135940,467610,1938625,147.60,2026-10-06,23228.70
2026-09-24 10:16:07,23300,1159990,467610,2052440,143.30,2026-10-06,23218.70
2026-09-24 10:21:07,23300,1188525,467610,2115555,142.70,2026-10-06,23216.35
2026-09-24 10:26:07,23300,1203020,467610,2192255,142.05,2026-10-06,23204.05
2026-09-24 10:31:06,23300,1211080,467610,2274805,145.30,2026-10-06,23212.70
2026-09-24 10:36:07,23300,1206855,467610,2321605,145.75,2026-10-06,23220.60
2026-09-24 10:41:07,23300,1212055,467610,2406040,146.05,2026-10-06,23221.15
2026-09-24 10:46:07,23300,1220635,467610,2436980,146.00,2026-10-06,23220.65
2026-09-24 10:51:07,23300,1235325,467610,2494570,150.40,2026-10-06,23233.60
2026-09-24 10:56:06,23300,1231750,467610,2568150,153.65,2026-10-06,23239.20
2026-09-24 11:01:06,23300,1246570,467610,2619630,151.80,2026-10-06,23233.70
2026-09-24 11:06:07,23300,1249430,467610,2653885,146.00,2026-10-06,23222.55
2026-09-24 11:11:07,23300,1264445,467610,2698215,147.20,2026-10-06,23225.20
2026-09-24 11:16:07,23300,1295255,467610,2777125,144.50,2026-10-06,23225.25
2026-09-24 11:21:06,23300,1298960,467610,2817750,148.15,2026-10-06,23229.15
2026-09-24 11:26:07,23300,1306955,467610,2849405,141.35,2026-10-06,23216.00
2026-09-24 11:31:07,23300,1308645,467610,2873975,141.80,2026-10-06,23216.15
2026-09-24 11:36:07,23300,1338480,467610,2951520,140.45,2026-10-06,23209.65
2026-09-24 11:41:07,23300,1342510,467610,2971605,142.55,2026-10-06,23208.95
2026-09-24 11:46:07,23300,1341600,467610,2987465,142.50,2026-10-06,23210.10
2026-09-24 11:51:05,23300,1342640,467610,3003520,141.25,2026-10-06,23206.75
2026-09-24 11:56:06,23300,1345825,467610,3033680,139.25,2026-10-06,23198.40
2026-09-24 12:01:06,23300,1392950,467610,3168490,138.00,2026-10-06,23196.85
2026-09-24 12:06:07,23300,1397955,467610,3215095,141.30,2026-10-06,23209.80
2026-09-24 12:11:05,23300,1401530,467610,3234140,140.95,2026-10-06,23206.90
2026-09-24 12:16:07,23300,1403480,467610,3256630,139.75,2026-10-06,23200.30
2026-09-24 12:21:07,23300,1402700,467610,3275480,140.30,2026-10-06,23198.65
2026-09-24 12:26:06,23300,1412970,467610,3311815,134.75,2026-10-06,23175.75
2026-09-24 12:36:08,23300,1433250,467610,3452020,133.45,2026-10-06,23172.45
2026-09-24 12:41:08,23300,1448655,467610,3504930,137.15,2026-10-06,23179.50
2026-09-24 12:46:08,23300,1457885,467610,3539900,135.00,2026-10-06,23171.10
2026-09-24 12:51:08,23300,1484730,467610,3599440,135.60,2026-10-06,23178.25
2026-09-24 12:56:08,23300,1507155,467610,3644355,133.00,2026-10-06,23167.90
2026-09-24 13:01:08,23300,1522885,467610,3678415,132.95,2026-10-06,23167.70
2026-09-24 13:06:07,23300,1525745,467610,3716375,136.50,2026-10-06,23182.45
2026-09-24 13:11:08,23300,1529970,467610,3751085,135.10,2026-10-06,23177.20
2026-09-24 13:16:08,23300,1544140,467610,3778775,135.35,2026-10-06,23185.00
2026-09-24 13:21:07,23300,1551550,467610,3803410,134.00,2026-10-06,23178.10
2026-09-24 13:26:06,23300,1555580,467610,3839160,131.55,2026-10-06,23167.35
2026-09-24 13:31:07,23300,1601925,467610,4025190,126.95,2026-10-06,23152.05
2026-09-24 13:36:06,23300,1631305,467610,4093700,126.05,2026-10-06,23151.60
2026-09-24 13:41:05,23300,1648920,467610,4161495,123.95,2026-10-06,23135.95
2026-09-24 13:46:07,23300,1754740,467610,4504370,118.40,2026-10-06,23087.20
2026-09-24 13:51:06,23300,1809990,467610,4691180,120.80,2026-10-06,23099.90
2026-09-24 13:56:06,23300,1847495,467610,4833985,118.15,2026-10-06,23078.00
2026-09-24 14:01:06,23300,1856270,467610,4992000,118.60,2026-10-06,23073.25
2026-09-24 14:06:07,23300,1891825,467610,5183360,118.00,2026-10-06,23066.10
2026-09-24 14:11:07,23300,1905475,467610,5287945,116.70,2026-10-06,23073.60
2026-09-24 14:16:08,23300,1917760,467610,5333120,117.50,2026-10-06,23077.10
2026-09-24 14:21:08,23300,1932710,467610,5387850,116.00,2026-10-06,23065.05
2026-09-24 09:21:06,23300,105625,81120,46995,215.85,2026-10-13,23227.45
2026-09-24 09:26:07,23300,109330,81120,58890,217.25,2026-10-13,23238.65
2026-09-24 09:31:08,23300,113945,81120,70395,220.45,2026-10-13,23259.10
2026-09-24 09:36:07,23300,116155,81120,74620,219.60,2026-10-13,23266.10
2026-09-24 09:41:07,23300,115505,81120,85735,213.10,2026-10-13,23241.25
2026-09-24 09:46:06,23300,119210,81120,94575,211.00,2026-10-13,23230.10
2026-09-24 09:51:07,23300,123175,81120,104195,212.60,2026-10-13,23234.60
2026-09-24 09:56:08,23300,124800,81120,110955,207.95,2026-10-13,23214.30
2026-09-24 10:01:07,23300,125970,81120,114985,212.70,2026-10-13,23230.20
2026-09-24 10:06:07,23300,126230,81120,122395,212.25,2026-10-13,23232.65
2026-09-24 10:11:07,23300,126100,81120,132080,211.25,2026-10-13,23228.60
2026-09-24 10:16:07,23300,127335,81120,137735,203.70,2026-10-13,23217.60
2026-09-24 10:21:07,23300,127855,81120,144105,205.60,2026-10-13,23216.80
2026-09-24 10:26:08,23300,129480,81120,151060,203.00,2026-10-13,23203.85
2026-09-24 10:31:07,23300,130195,81120,152815,207.50,2026-10-13,23213.05
2026-09-24 10:36:08,23300,130585,81120,156455,208.85,2026-10-13,23220.55
2026-09-24 10:41:07,23300,132665,81120,162695,208.00,2026-10-13,23221.10
2026-09-24 10:46:07,23300,133835,81120,165750,208.70,2026-10-13,23220.55
2026-09-24 10:51:08,23300,134095,81120,167505,212.80,2026-10-13,23233.90
2026-09-24 10:56:07,23300,133445,81120,169975,216.55,2026-10-13,23237.95
2026-09-24 11:01:07,23300,132730,81120,171340,215.95,2026-10-13,23234.55
2026-09-24 11:06:07,23300,132665,81120,173550,210.95,2026-10-13,23222.15
2026-09-24 11:11:07,23300,132990,81120,174980,210.00,2026-10-13,23225.15
2026-09-24 11:16:08,23300,132665,81120,178555,206.70,2026-10-13,23225.70
2026-09-24 11:21:07,23300,134420,81120,182715,210.10,2026-10-13,23229.45
2026-09-24 11:26:08,23300,134940,81120,189930,202.90,2026-10-13,23216.25
2026-09-24 11:31:08,23300,136890,81120,194285,203.00,2026-10-13,23216.00
2026-09-24 11:36:07,23300,138190,81120,197795,200.90,2026-10-13,23210.65
2026-09-24 11:41:08,23300,139555,81120,200980,204.95,2026-10-13,23210.40
2026-09-24 11:46:08,23300,138970,81120,206050,205.85,2026-10-13,23210.45
2026-09-24 11:51:06,23300,138450,81120,212160,204.15,2026-10-13,23205.75
2026-09-24 11:56:07,23300,138840,81120,214630,201.20,2026-10-13,23198.30
2026-09-24 12:01:07,23300,139815,81120,220870,199.95,2026-10-13,23196.80
2026-09-24 12:06:08,23300,140140,81120,221520,203.30,2026-10-13,23209.50
2026-09-24 12:11:06,23300,140270,81120,224510,202.00,2026-10-13,23207.20
2026-09-24 12:16:08,23300,140985,81120,226200,203.00,2026-10-13,23200.80
2026-09-24 12:21:08,23300,141635,81120,227890,202.60,2026-10-13,23199.15
2026-09-24 12:26:07,23300,141440,81120,231010,196.00,2026-10-13,23175.00
2026-09-24 12:36:08,23300,144365,81120,240110,193.65,2026-10-13,23172.95
2026-09-24 12:41:08,23300,146705,81120,244010,200.05,2026-10-13,23178.80
2026-09-24 12:46:09,23300,146770,81120,244530,198.70,2026-10-13,23171.55
2026-09-24 12:51:08,23300,148005,81120,247260,199.10,2026-10-13,23178.45
2026-09-24 12:56:08,23300,148590,81120,248105,196.40,2026-10-13,23167.75
2026-09-24 13:01:08,23300,149890,81120,251940,197.00,2026-10-13,23167.55
2026-09-24 13:06:08,23300,151450,81120,256815,201.40,2026-10-13,23182.50
2026-09-24 13:11:08,23300,149630,81120,258895,200.00,2026-10-13,23177.65
2026-09-24 13:16:09,23300,149825,81120,260650,199.55,2026-10-13,23184.40
2026-09-24 13:21:08,23300,150215,81120,264485,196.80,2026-10-13,23178.05
2026-09-24 13:26:07,23300,152555,81120,268775,194.05,2026-10-13,23167.25
2026-09-24 13:31:07,23300,154570,81120,286130,190.00,2026-10-13,23151.50
2026-09-24 13:36:06,23300,154895,81120,290420,188.15,2026-10-13,23151.15
2026-09-24 13:41:05,23300,156650,81120,295620,184.80,2026-10-13,23136.40
2026-09-24 13:46:07,23300,158990,81120,304070,177.05,2026-10-13,23088.25
2026-09-24 13:51:06,23300,165360,81120,323700,181.15,2026-10-13,23100.00
2026-09-24 13:56:07,23300,167895,81120,335855,179.25,2026-10-13,23077.75
2026-09-24 14:01:08,23300,168155,81120,340730,177.45,2026-10-13,23075.55
2026-09-24 14:06:08,23300,168805,81120,349180,177.90,2026-10-13,23066.40
2026-09-24 14:11:08,23300,166530,81120,355745,176.00,2026-10-13,23073.90
2026-09-24 14:16:09,23300,167960,81120,357825,178.45,2026-10-13,23078.20
2026-09-24 14:21:08,23300,182845,81120,381355,174.15,2026-10-13,23064.10
2026-09-24 09:21:05,23400,8994570,7592975,8630960,53.20,2026-09-29,23228.00
2026-09-24 09:26:06,23400,9911590,7592975,12224160,53.45,2026-09-29,23239.80
2026-09-24 09:31:07,23400,10429120,7592975,14367340,55.60,2026-09-29,23258.60
2026-09-24 09:36:06,23400,10678785,7592975,16171610,55.95,2026-09-29,23266.40
2026-09-24 09:41:06,23400,11006450,7592975,18415670,51.45,2026-09-29,23241.75
2026-09-24 09:46:05,23400,11960585,7592975,21501090,50.30,2026-09-29,23230.85
2026-09-24 09:51:06,23400,12488515,7592975,23199605,51.60,2026-09-29,23233.00
2026-09-24 09:56:07,23400,12633400,7592975,24581050,49.55,2026-09-29,23213.70
2026-09-24 10:01:06,23400,12700610,7592975,25498980,51.30,2026-09-29,23229.80
2026-09-24 10:06:06,23400,12724010,7592975,26470860,51.10,2026-09-29,23233.00
2026-09-24 10:11:06,23400,12737010,7592975,27503320,50.70,2026-09-29,23229.25
2026-09-24 10:16:06,23400,12917775,7592975,28976350,47.45,2026-09-29,23218.55
2026-09-24 10:21:06,23400,13070655,7592975,30310995,47.55,2026-09-29,23216.00
2026-09-24 10:26:07,23400,13236990,7592975,31488665,46.75,2026-09-29,23204.10
2026-09-24 10:31:06,23400,13261495,7592975,32124690,47.85,2026-09-29,23213.25
2026-09-24 10:36:07,23400,13224835,7592975,33162610,48.40,2026-09-29,23220.25
2026-09-24 10:41:06,23400,13270335,7592975,34154055,48.35,2026-09-29,23220.25
2026-09-24 10:46:06,23400,13234845,7592975,34757190,48.60,2026-09-29,23220.75
2026-09-24 10:51:07,23400,13263185,7592975,35242935,50.90,2026-09-29,23234.45
2026-09-24 10:56:06,23400,13252720,7592975,36483395,52.00,2026-09-29,23238.30
2026-09-24 11:01:06,23400,13155090,7592975,37267815,51.05,2026-09-29,23234.40
2026-09-24 11:06:06,23400,13066365,7592975,38019540,48.45,2026-09-29,23222.45
2026-09-24 11:11:06,23400,12990380,7592975,38769055,49.30,2026-09-29,23225.00
2026-09-24 11:16:06,23400,13066950,7592975,39768820,48.10,2026-09-29,23226.10
2026-09-24 11:21:06,23400,13060775,7592975,40675765,49.30,2026-09-29,23229.45
2026-09-24 11:26:07,23400,13131690,7592975,41465190,46.35,2026-09-29,23216.10
2026-09-24 11:31:07,23400,13176215,7592975,42058575,46.65,2026-09-29,23216.20
2026-09-24 11:36:06,23400,13419900,7592975,43247165,45.35,2026-09-29,23209.70
2026-09-24 11:41:07,23400,13829140,7592975,44266105,45.50,2026-09-29,23208.95
2026-09-24 11:46:07,23400,13979030,7592975,44850195,45.60,2026-09-29,23210.35
2026-09-24 11:51:05,23400,14022190,7592975,45323655,44.65,2026-09-29,23207.60
2026-09-24 11:56:06,23400,14017640,7592975,46019350,43.70,2026-09-29,23198.85
2026-09-24 12:01:06,23400,14082315,7592975,47300955,43.60,2026-09-29,23196.80
2026-09-24 12:06:07,23400,14126320,7592975,47985145,44.75,2026-09-29,23209.50
2026-09-24 12:11:05,23400,14177345,7592975,48405305,44.30,2026-09-29,23207.00
2026-09-24 12:16:07,23400,14183455,7592975,48912045,43.95,2026-09-29,23199.90
2026-09-24 12:21:06,23400,14178060,7592975,49201035,43.95,2026-09-29,23198.65
2026-09-24 12:26:06,23400,14247740,7592975,50068590,41.50,2026-09-29,23175.90
2026-09-24 12:36:07,23400,14383720,7592975,52593580,41.20,2026-09-29,23171.75
2026-09-24 12:41:07,23400,14433835,7592975,53173380,42.50,2026-09-29,23179.45
2026-09-24 12:46:08,23400,14487720,7592975,53636830,41.90,2026-09-29,23172.05
2026-09-24 12:51:07,23400,14517620,7592975,54120560,42.00,2026-09-29,23178.35
2026-09-24 12:56:07,23400,14521130,7592975,54473055,41.30,2026-09-29,23168.05
2026-09-24 13:01:07,23400,14482845,7592975,55082105,41.45,2026-09-29,23168.55
2026-09-24 13:06:07,23400,14451645,7592975,55887455,42.80,2026-09-29,23182.55
2026-09-24 13:11:07,23400,14202890,7592975,56993235,42.25,2026-09-29,23177.80
2026-09-24 13:16:07,23400,14209520,7592975,57496465,42.45,2026-09-29,23185.50
2026-09-24 13:21:06,23400,14328925,7592975,57983835,41.85,2026-09-29,23178.25
2026-09-24 13:26:06,23400,14460550,7592975,58635720,40.70,2026-09-29,23167.05
2026-09-24 13:31:06,23400,14130545,7592975,62411440,38.85,2026-09-29,23151.70
2026-09-24 13:36:05,23400,14018225,7592975,63478090,38.60,2026-09-29,23151.50
2026-09-24 13:41:04,23400,13997035,7592975,64277655,38.00,2026-09-29,23136.10
2026-09-24 13:46:06,23400,13660985,7592975,66477450,36.40,2026-09-29,23086.45
2026-09-24 13:51:05,23400,13355485,7592975,69417920,37.65,2026-09-29,23100.15
2026-09-24 13:56:06,23400,13332735,7592975,71440395,37.20,2026-09-29,23078.40
2026-09-24 14:01:06,23400,13064870,7592975,73025030,37.60,2026-09-29,23072.60
2026-09-24 14:06:07,23400,12948390,7592975,74571380,37.25,2026-09-29,23065.45
2026-09-24 14:11:06,23400,12642955,7592975,75534290,35.40,2026-09-29,23073.05
2026-09-24 14:16:06,23400,12695670,7592975,76297065,35.55,2026-09-29,23077.45
2026-09-24 14:21:07,23400,12234430,7592975,78277940,34.50,2026-09-29,23065.55
2026-09-24 09:21:06,23400,814970,530400,842855,106.65,2026-10-06,23228.25
2026-09-24 09:26:07,23400,899145,530400,1090180,107.60,2026-10-06,23239.10
2026-09-24 09:31:08,23400,939900,530400,1203735,110.50,2026-10-06,23259.00
2026-09-24 09:36:07,23400,947635,530400,1303510,110.25,2026-10-06,23265.90
2026-09-24 09:41:07,23400,961090,530400,1373840,105.35,2026-10-06,23240.80
2026-09-24 09:46:06,23400,961025,530400,1457300,104.70,2026-10-06,23229.95
2026-09-24 09:51:06,23400,989755,530400,1539980,105.70,2026-10-06,23233.75
2026-09-24 09:56:07,23400,1026675,530400,1619800,102.85,2026-10-06,23213.85
2026-09-24 10:01:07,23400,1083940,530400,1714895,104.95,2026-10-06,23230.55
2026-09-24 10:06:06,23400,1128790,530400,1787825,104.15,2026-10-06,23232.95
2026-09-24 10:11:06,23400,1152970,530400,1846715,103.80,2026-10-06,23228.70
2026-09-24 10:16:07,23400,1154465,530400,1908725,100.70,2026-10-06,23218.70
2026-09-24 10:21:07,23400,1161355,530400,1966510,100.60,2026-10-06,23216.35
2026-09-24 10:26:07,23400,1167010,530400,2030210,100.00,2026-10-06,23204.05
2026-09-24 10:31:06,23400,1166490,530400,2068300,102.35,2026-10-06,23212.70
2026-09-24 10:36:07,23400,1155765,530400,2137135,102.45,2026-10-06,23220.60
2026-09-24 10:41:07,23400,1157130,530400,2192840,102.40,2026-10-06,23221.15
2026-09-24 10:46:07,23400,1163890,530400,2225535,102.45,2026-10-06,23220.65
2026-09-24 10:51:07,23400,1171950,530400,2262585,105.70,2026-10-06,23233.60
2026-09-24 10:56:06,23400,1175590,530400,2317900,108.15,2026-10-06,23239.20
2026-09-24 11:01:06,23400,1183975,530400,2360085,106.75,2026-10-06,23233.70
2026-09-24 11:06:07,23400,1221545,530400,2445300,102.10,2026-10-06,23222.55
2026-09-24 11:11:07,23400,1248195,530400,2500420,103.00,2026-10-06,23225.20
2026-09-24 11:16:07,23400,1294150,530400,2582645,101.25,2026-10-06,23225.25
2026-09-24 11:21:06,23400,1295710,530400,2649855,103.45,2026-10-06,23229.15
2026-09-24 11:26:07,23400,1297335,530400,2691650,99.15,2026-10-06,23216.00
2026-09-24 11:31:07,23400,1300520,530400,2713490,99.50,2026-10-06,23216.15
2026-09-24 11:36:07,23400,1313260,530400,2755480,98.00,2026-10-06,23209.65
2026-09-24 11:41:07,23400,1316445,530400,2782130,99.35,2026-10-06,23208.95
2026-09-24 11:46:07,23400,1319175,530400,2802150,99.70,2026-10-06,23210.10
2026-09-24 11:51:05,23400,1320345,530400,2813460,98.50,2026-10-06,23206.75
2026-09-24 11:56:06,23400,1320410,530400,2842320,97.25,2026-10-06,23198.40
2026-09-24 12:01:06,23400,1343875,530400,2928380,96.35,2026-10-06,23196.85
2026-09-24 12:06:07,23400,1343875,530400,2959320,98.85,2026-10-06,23209.80
2026-09-24 12:11:05,23400,1348750,530400,2972645,98.50,2026-10-06,23206.90
2026-09-24 12:16:07,23400,1353235,530400,2990650,97.50,2026-10-06,23200.30
2026-09-24 12:21:07,23400,1365000,530400,3010995,97.70,2026-10-06,23198.65
2026-09-24 12:26:06,23400,1373645,530400,3057405,94.20,2026-10-06,23175.75
2026-09-24 12:36:08,23400,1388595,530400,3143205,93.50,2026-10-06,23172.45
2026-09-24 12:41:08,23400,1401400,530400,3183440,95.85,2026-10-06,23179.50
2026-09-24 12:46:08,23400,1406730,530400,3202420,94.55,2026-10-06,23171.10
2026-09-24 12:51:08,23400,1421095,530400,3238820,94.75,2026-10-06,23178.25
2026-09-24 12:56:08,23400,1436695,530400,3282175,93.40,2026-10-06,23167.90
2026-09-24 13:01:08,23400,1446770,530400,3302585,93.25,2026-10-06,23167.70
2026-09-24 13:06:07,23400,1449825,530400,3348735,94.90,2026-10-06,23182.45
2026-09-24 13:11:08,23400,1484990,530400,3404635,94.00,2026-10-06,23177.20
2026-09-24 13:16:08,23400,1495845,530400,3448510,94.25,2026-10-06,23185.00
2026-09-24 13:21:07,23400,1510080,530400,3502720,93.30,2026-10-06,23178.10
2026-09-24 13:26:06,23400,1533935,530400,3576300,91.75,2026-10-06,23167.35
2026-09-24 13:31:07,23400,1553825,530400,3738930,89.10,2026-10-06,23152.05
2026-09-24 13:36:06,23400,1567865,530400,3808675,88.65,2026-10-06,23151.60
2026-09-24 13:41:05,23400,1581580,530400,3875820,86.85,2026-10-06,23135.95
2026-09-24 13:46:07,23400,1593995,530400,3974945,84.25,2026-10-06,23087.20
2026-09-24 13:51:06,23400,1598220,530400,4122300,85.75,2026-10-06,23099.90
2026-09-24 13:56:06,23400,1590420,530400,4229680,84.85,2026-10-06,23078.00
2026-09-24 14:01:06,23400,1593540,530400,4339205,84.90,2026-10-06,23073.25
2026-09-24 14:06:07,23400,1593865,530400,4528420,85.10,2026-10-06,23066.10
2026-09-24 14:11:07,23400,1595945,530400,4597905,83.55,2026-10-06,23073.60
2026-09-24 14:16:08,23400,1599715,530400,4641000,84.55,2026-10-06,23077.10
2026-09-24 14:21:08,23400,1631370,530400,4720625,83.60,2026-10-06,23065.05
2026-09-24 09:21:06,23400,127660,88855,128635,165.45,2026-10-13,23227.45
2026-09-24 09:26:07,23400,139880,88855,152815,165.95,2026-10-13,23238.65
2026-09-24 09:31:08,23400,148200,88855,156325,168.00,2026-10-13,23259.10
2026-09-24 09:36:07,23400,150540,88855,161850,168.55,2026-10-13,23266.10
2026-09-24 09:41:07,23400,150670,88855,166920,163.50,2026-10-13,23241.25
2026-09-24 09:46:06,23400,150800,88855,174980,161.75,2026-10-13,23230.10
2026-09-24 09:51:07,23400,151840,88855,179855,163.50,2026-10-13,23234.60
2026-09-24 09:56:08,23400,155545,88855,187525,159.25,2026-10-13,23214.30
2026-09-24 10:01:07,23400,156260,88855,191100,163.95,2026-10-13,23230.20
2026-09-24 10:06:07,23400,155025,88855,193830,161.20,2026-10-13,23232.65
2026-09-24 10:11:07,23400,154700,88855,195975,162.30,2026-10-13,23228.60
2026-09-24 10:16:07,23400,155220,88855,198185,157.95,2026-10-13,23217.60
2026-09-24 10:21:07,23400,154830,88855,206050,157.70,2026-10-13,23216.80
2026-09-24 10:26:08,23400,156000,88855,211445,156.95,2026-10-13,23203.85
2026-09-24 10:31:07,23400,171730,88855,236665,160.30,2026-10-13,23213.05
2026-09-24 10:36:08,23400,172770,88855,239525,160.55,2026-10-13,23220.55
2026-09-24 10:41:07,23400,172900,88855,243880,159.15,2026-10-13,23221.10
2026-09-24 10:46:07,23400,173420,88855,245310,160.55,2026-10-13,23220.55
2026-09-24 10:51:08,23400,173290,88855,247065,164.50,2026-10-13,23233.90
2026-09-24 10:56:07,23400,173355,88855,252590,167.40,2026-10-13,23237.95
2026-09-24 11:01:07,23400,173290,88855,253760,165.50,2026-10-13,23234.55
2026-09-24 11:06:07,23400,173420,88855,254020,163.00,2026-10-13,23222.15
2026-09-24 11:11:07,23400,173875,88855,255970,160.00,2026-10-13,23225.15
2026-09-24 11:16:08,23400,174460,88855,258375,158.85,2026-10-13,23225.70
2026-09-24 11:21:07,23400,178230,88855,267280,161.65,2026-10-13,23229.45
2026-09-24 11:26:08,23400,179140,88855,269295,155.70,2026-10-13,23216.25
2026-09-24 11:31:08,23400,179140,88855,269360,156.80,2026-10-13,23216.00
2026-09-24 11:36:07,23400,179140,88855,270725,154.45,2026-10-13,23210.65
2026-09-24 11:41:08,23400,181350,88855,279695,156.75,2026-10-13,23210.40
2026-09-24 11:46:08,23400,181090,88855,280865,158.00,2026-10-13,23210.45
2026-09-24 11:51:06,23400,181480,88855,281645,157.20,2026-10-13,23205.75
2026-09-24 11:56:07,23400,182260,88855,284245,153.80,2026-10-13,23198.30
2026-09-24 12:01:07,23400,182910,88855,288470,153.00,2026-10-13,23196.80
2026-09-24 12:06:08,23400,183170,88855,289965,155.05,2026-10-13,23209.50
2026-09-24 12:11:06,23400,183885,88855,291850,155.80,2026-10-13,23207.20
2026-09-24 12:16:08,23400,183820,88855,292565,153.50,2026-10-13,23200.80
2026-09-24 12:21:08,23400,184405,88855,296075,155.40,2026-10-13,23199.15
2026-09-24 12:26:07,23400,181610,88855,306020,149.75,2026-10-13,23175.00
2026-09-24 12:36:08,23400,188630,88855,323700,147.20,2026-10-13,23172.95
2026-09-24 12:41:08,23400,194350,88855,333645,154.00,2026-10-13,23178.80
2026-09-24 12:46:09,23400,195130,88855,335855,151.65,2026-10-13,23171.55
2026-09-24 12:51:08,23400,196040,88855,337090,152.65,2026-10-13,23178.45
2026-09-24 12:56:08,23400,196365,88855,339625,151.00,2026-10-13,23167.75
2026-09-24 13:01:08,23400,195715,88855,344110,151.05,2026-10-13,23167.55
2026-09-24 13:06:08,23400,196365,88855,345865,154.00,2026-10-13,23182.50
2026-09-24 13:11:08,23400,197730,88855,352430,152.50,2026-10-13,23177.65
2026-09-24 13:16:09,23400,198835,88855,355030,153.05,2026-10-13,23184.40
2026-09-24 13:21:08,23400,199095,88855,357240,151.05,2026-10-13,23178.05
2026-09-24 13:26:07,23400,199940,88855,358995,148.40,2026-10-13,23167.25
2026-09-24 13:31:07,23400,200460,88855,378950,145.30,2026-10-13,23151.50
2026-09-24 13:36:06,23400,200850,88855,383825,144.25,2026-10-13,23151.15
2026-09-24 13:41:05,23400,204945,88855,392925,141.55,2026-10-13,23136.40
2026-09-24 13:46:07,23400,205400,88855,399490,137.70,2026-10-13,23088.25
2026-09-24 13:51:06,23400,211120,88855,430170,140.10,2026-10-13,23100.00
2026-09-24 13:56:07,23400,213070,88855,448500,138.75,2026-10-13,23077.75
2026-09-24 14:01:08,23400,216645,88855,464945,138.20,2026-10-13,23075.55
2026-09-24 14:06:08,23400,220675,88855,475930,138.50,2026-10-13,23066.40
2026-09-24 14:11:08,23400,224185,88855,482820,136.20,2026-10-13,23073.90
2026-09-24 14:16:09,23400,228865,88855,489190,138.05,2026-10-13,23078.20
2026-09-24 14:21:08,23400,229060,88855,489970,134.70,2026-10-13,23064.10
2026-09-24 09:21:05,23500,11141325,10282090,9483175,29.70,2026-09-29,23228.00
2026-09-24 09:26:06,23500,11721905,10282090,12295270,29.25,2026-09-29,23239.80
2026-09-24 09:31:07,23500,12303005,10282090,14702415,30.60,2026-09-29,23258.60
2026-09-24 09:36:06,23500,12482405,10282090,16321825,30.90,2026-09-29,23266.40
2026-09-24 09:41:06,23500,12441000,10282090,17909255,28.40,2026-09-29,23241.75
2026-09-24 09:46:05,23500,12603500,10282090,19759545,28.20,2026-09-29,23230.85
2026-09-24 09:51:06,23500,12758135,10282090,20906795,29.10,2026-09-29,23233.00
2026-09-24 09:56:07,23500,12819105,10282090,21910980,28.10,2026-09-29,23213.70
2026-09-24 10:01:06,23500,12922520,10282090,22663550,28.75,2026-09-29,23229.80
2026-09-24 10:06:06,23500,13135265,10282090,23373805,28.50,2026-09-29,23233.00
2026-09-24 10:11:06,23500,13200070,10282090,24304475,28.10,2026-09-29,23229.25
2026-09-24 10:16:06,23500,13228215,10282090,25301315,27.00,2026-09-29,23218.55
2026-09-24 10:21:06,23500,13242840,10282090,26530660,26.90,2026-09-29,23216.00
2026-09-24 10:26:07,23500,13292110,10282090,27431040,26.80,2026-09-29,23204.10
2026-09-24 10:31:06,23500,13347880,10282090,27901770,26.95,2026-09-29,23213.25
2026-09-24 10:36:07,23500,13503620,10282090,28617225,27.00,2026-09-29,23220.25
2026-09-24 10:41:06,23500,13676325,10282090,29764150,27.10,2026-09-29,23220.25
2026-09-24 10:46:06,23500,13668850,10282090,30545905,27.35,2026-09-29,23220.75
2026-09-24 10:51:07,23500,13753610,10282090,31024500,28.40,2026-09-29,23234.45
2026-09-24 10:56:06,23500,13688350,10282090,31918120,29.00,2026-09-29,23238.30
2026-09-24 11:01:06,23500,13717210,10282090,32495255,28.50,2026-09-29,23234.40
2026-09-24 11:06:06,23500,13698815,10282090,32998160,27.10,2026-09-29,23222.45
2026-09-24 11:11:06,23500,13695695,10282090,33432035,27.55,2026-09-29,23225.00
2026-09-24 11:16:06,23500,13763815,10282090,34140145,26.95,2026-09-29,23226.10
2026-09-24 11:21:06,23500,13853125,10282090,34698365,27.40,2026-09-29,23229.45
2026-09-24 11:26:07,23500,14010620,10282090,35308260,26.05,2026-09-29,23216.10
2026-09-24 11:31:07,23500,14039285,10282090,35609795,26.25,2026-09-29,23216.20
2026-09-24 11:36:06,23500,14162330,10282090,36803845,25.30,2026-09-29,23209.70
2026-09-24 11:41:07,23500,14145365,10282090,37471200,25.30,2026-09-29,23208.95
2026-09-24 11:46:07,23500,14105650,10282090,37967735,25.25,2026-09-29,23210.35
2026-09-24 11:51:05,23500,14161030,10282090,38285000,25.00,2026-09-29,23207.60
2026-09-24 11:56:06,23500,14166230,10282090,39088985,24.30,2026-09-29,23198.85
2026-09-24 12:01:06,23500,14110200,10282090,40257815,24.25,2026-09-29,23196.80
2026-09-24 12:06:07,23500,14092520,10282090,40893515,24.65,2026-09-29,23209.50
2026-09-24 12:11:05,23500,14063790,10282090,41145715,24.45,2026-09-29,23207.00
2026-09-24 12:16:07,23500,14060800,10282090,41430675,24.25,2026-09-29,23199.90
2026-09-24 12:21:06,23500,14101555,10282090,41752685,24.20,2026-09-29,23198.65
2026-09-24 12:26:06,23500,14059435,10282090,42278730,23.10,2026-09-29,23175.90
2026-09-24 12:36:07,23500,14019980,10282090,44023785,23.25,2026-09-29,23171.75
2026-09-24 12:41:07,23500,13825565,10282090,44578170,23.65,2026-09-29,23179.45
2026-09-24 12:46:08,23500,13899990,10282090,45038825,23.40,2026-09-29,23172.05
2026-09-24 12:51:07,23500,13844155,10282090,45432855,23.55,2026-09-29,23178.35
2026-09-24 12:56:07,23500,13831025,10282090,45782490,23.25,2026-09-29,23168.05
2026-09-24 13:01:07,23500,13855790,10282090,46184840,23.15,2026-09-29,23168.55
2026-09-24 13:06:07,23500,13839410,10282090,46787325,23.75,2026-09-29,23182.55
2026-09-24 13:11:07,23500,13931580,10282090,47360625,23.50,2026-09-29,23177.80
2026-09-24 13:16:07,23500,14012570,10282090,47905455,23.45,2026-09-29,23185.50
2026-09-24 13:21:06,23500,14116700,10282090,48359220,23.20,2026-09-29,23178.25
2026-09-24 13:26:06,23500,14110330,10282090,48729655,22.85,2026-09-29,23167.05
2026-09-24 13:31:06,23500,13856635,10282090,50782875,22.10,2026-09-29,23151.70
2026-09-24 13:36:05,23500,13878540,10282090,51552020,22.10,2026-09-29,23151.50
2026-09-24 13:41:04,23500,13910650,10282090,52455000,21.95,2026-09-29,23136.10
2026-09-24 13:46:06,23500,13783055,10282090,54806180,22.05,2026-09-29,23086.45
2026-09-24 13:51:05,23500,13580450,10282090,57104320,22.50,2026-09-29,23100.15
2026-09-24 13:56:06,23500,13563745,10282090,58717685,22.90,2026-09-29,23078.40
2026-09-24 14:01:06,23500,13343070,10282090,60459035,23.35,2026-09-29,23072.60
2026-09-24 14:06:07,23500,13391690,10282090,61919390,23.00,2026-09-29,23065.45
2026-09-24 14:11:06,23500,13273650,10282090,62827830,21.70,2026-09-29,23073.05
2026-09-24 14:16:06,23500,13422500,10282090,63472565,21.70,2026-09-29,23077.45
2026-09-24 14:21:07,23500,13319150,10282090,64722190,21.25,2026-09-29,23065.55
2026-09-24 09:21:06,23500,1254175,1094795,741715,71.70,2026-10-06,23228.25
2026-09-24 09:26:07,23500,1304810,1094795,1059565,72.00,2026-10-06,23239.10
2026-09-24 09:31:08,23500,1318330,1094795,1250275,74.00,2026-10-06,23259.00
2026-09-24 09:36:07,23500,1333020,1094795,1359215,74.15,2026-10-06,23265.90
2026-09-24 09:41:07,23500,1367535,1094795,1495195,70.70,2026-10-06,23240.80
2026-09-24 09:46:06,23500,1402570,1094795,1649115,70.50,2026-10-06,23229.95
2026-09-24 09:51:06,23500,1453335,1094795,1804075,71.40,2026-10-06,23233.75
2026-09-24 09:56:07,23500,1477710,1094795,1910155,69.85,2026-10-06,23213.85
2026-09-24 10:01:07,23500,1489215,1094795,1966965,70.95,2026-10-06,23230.55
2026-09-24 10:06:06,23500,1480375,1094795,2047565,70.30,2026-10-06,23232.95
2026-09-24 10:11:06,23500,1503450,1094795,2115685,70.20,2026-10-06,23228.70
2026-09-24 10:16:07,23500,1513265,1094795,2205970,67.75,2026-10-06,23218.70
2026-09-24 10:21:07,23500,1510275,1094795,2294240,68.10,2026-10-06,23216.35
2026-09-24 10:26:07,23500,1524510,1094795,2402205,67.75,2026-10-06,23204.05
2026-09-24 10:31:06,23500,1533805,1094795,2446535,68.95,2026-10-06,23212.70
2026-09-24 10:36:07,23500,1508715,1094795,2530125,69.20,2026-10-06,23220.60
2026-09-24 10:41:07,23500,1514955,1094795,2609230,69.50,2026-10-06,23221.15
2026-09-24 10:46:07,23500,1518985,1094795,2650765,69.65,2026-10-06,23220.65
2026-09-24 10:51:07,23500,1526460,1094795,2685280,71.70,2026-10-06,23233.60
2026-09-24 10:56:06,23500,1527110,1094795,2746835,73.70,2026-10-06,23239.20
2026-09-24 11:01:06,23500,1526980,1094795,2785380,72.25,2026-10-06,23233.70
2026-09-24 11:06:07,23500,1524900,1094795,2816320,69.35,2026-10-06,23222.55
2026-09-24 11:11:07,23500,1526720,1094795,2859090,69.50,2026-10-06,23225.20
2026-09-24 11:16:07,23500,1529645,1094795,2917590,68.50,2026-10-06,23225.25
2026-09-24 11:21:06,23500,1539135,1094795,3019055,69.80,2026-10-06,23229.15
2026-09-24 11:26:07,23500,1543360,1094795,3064490,67.15,2026-10-06,23216.00
2026-09-24 11:31:07,23500,1546480,1094795,3097705,67.50,2026-10-06,23216.15
2026-09-24 11:36:07,23500,1546350,1094795,3157505,66.50,2026-10-06,23209.65
2026-09-24 11:41:07,23500,1546675,1094795,3175705,66.95,2026-10-06,23208.95
2026-09-24 11:46:07,23500,1544465,1094795,3196505,67.30,2026-10-06,23210.10
2026-09-24 11:51:05,23500,1543035,1094795,3216980,66.30,2026-10-06,23206.75
2026-09-24 11:56:06,23500,1537315,1094795,3260855,65.40,2026-10-06,23198.40
2026-09-24 12:01:06,23500,1539590,1094795,3382535,65.50,2026-10-06,23196.85
2026-09-24 12:06:07,23500,1536210,1094795,3433300,66.35,2026-10-06,23209.80
2026-09-24 12:11:05,23500,1535495,1094795,3461380,66.05,2026-10-06,23206.90
2026-09-24 12:16:07,23500,1532050,1094795,3493230,66.00,2026-10-06,23200.30
2026-09-24 12:21:07,23500,1529125,1094795,3528590,65.85,2026-10-06,23198.65
2026-09-24 12:26:06,23500,1537705,1094795,3578575,63.65,2026-10-06,23175.75
2026-09-24 12:36:08,23500,1532635,1094795,3720535,63.50,2026-10-06,23172.45
2026-09-24 12:41:08,23500,1538615,1094795,3768635,65.30,2026-10-06,23179.50
2026-09-24 12:46:08,23500,1545960,1094795,3817255,64.50,2026-10-06,23171.10
2026-09-24 12:51:08,23500,1550120,1094795,3853590,64.60,2026-10-06,23178.25
2026-09-24 12:56:08,23500,1565525,1094795,3900910,63.80,2026-10-06,23167.90
2026-09-24 13:01:08,23500,1566500,1094795,3929965,63.50,2026-10-06,23167.70
2026-09-24 13:06:07,23500,1569165,1094795,3979105,64.20,2026-10-06,23182.45
2026-09-24 13:11:08,23500,1587885,1094795,4050995,63.55,2026-10-06,23177.20
2026-09-24 13:16:08,23500,1586390,1094795,4071210,64.00,2026-10-06,23185.00
2026-09-24 13:21:07,23500,1587950,1094795,4086940,63.10,2026-10-06,23178.10
2026-09-24 13:26:06,23500,1595880,1094795,4138615,62.35,2026-10-06,23167.35
2026-09-24 13:31:07,23500,1650285,1094795,4399135,61.15,2026-10-06,23152.05
2026-09-24 13:36:06,23500,1651260,1094795,4470180,60.45,2026-10-06,23151.60
2026-09-24 13:41:05,23500,1660815,1094795,4539795,59.65,2026-10-06,23135.95
2026-09-24 13:46:07,23500,1652755,1094795,4680585,58.35,2026-10-06,23087.20
2026-09-24 13:51:06,23500,1661595,1094795,4863690,59.55,2026-10-06,23099.90
2026-09-24 13:56:06,23500,1684215,1094795,4968990,59.45,2026-10-06,23078.00
2026-09-24 14:01:06,23500,1673945,1094795,5186675,60.00,2026-10-06,23073.25
2026-09-24 14:06:07,23500,1673945,1094795,5308875,59.55,2026-10-06,23066.10
2026-09-24 14:11:07,23500,1663870,1094795,5444010,58.00,2026-10-06,23073.60
2026-09-24 14:16:08,23500,1679210,1094795,5538000,59.00,2026-10-06,23077.10
2026-09-24 14:21:08,23500,1675635,1094795,5586945,58.20,2026-10-06,23065.05
2026-09-24 09:21:06,23500,274690,262535,94705,122.45,2026-10-13,23227.45
2026-09-24 09:26:07,23500,279760,262535,118560,122.65,2026-10-13,23238.65
2026-09-24 09:31:08,23500,278395,262535,131625,123.50,2026-10-13,23259.10
2026-09-24 09:36:07,23500,277485,262535,138710,125.00,2026-10-13,23266.10
2026-09-24 09:41:07,23500,264095,262535,171340,120.65,2026-10-13,23241.25
2026-09-24 09:46:06,23500,265785,262535,184210,120.10,2026-10-13,23230.10
2026-09-24 09:51:07,23500,267670,262535,194610,122.85,2026-10-13,23234.60
2026-09-24 09:56:08,23500,270205,262535,206245,119.10,2026-10-13,23214.30
2026-09-24 10:01:07,23500,272870,262535,212160,120.95,2026-10-13,23230.20
2026-09-24 10:06:07,23500,273390,262535,218400,120.95,2026-10-13,23232.65
2026-09-24 10:11:07,23500,272220,262535,224380,120.25,2026-10-13,23228.60
2026-09-24 10:16:07,23500,272025,262535,230100,117.30,2026-10-13,23217.60
2026-09-24 10:21:07,23500,274690,262535,236795,116.60,2026-10-13,23216.80
2026-09-24 10:26:08,23500,275470,262535,242645,116.30,2026-10-13,23203.85
2026-09-24 10:31:07,23500,277290,262535,246935,118.30,2026-10-13,23213.05
2026-09-24 10:36:08,23500,276705,262535,250770,118.45,2026-10-13,23220.55
2026-09-24 10:41:07,23500,276250,262535,256100,117.55,2026-10-13,23221.10
2026-09-24 10:46:07,23500,276510,262535,258830,119.45,2026-10-13,23220.55
2026-09-24 10:51:08,23500,278200,262535,262860,121.55,2026-10-13,23233.90
2026-09-24 10:56:07,23500,278525,262535,266500,123.30,2026-10-13,23237.95
2026-09-24 11:01:07,23500,278395,262535,269490,122.40,2026-10-13,23234.55
2026-09-24 11:06:07,23500,280930,262535,275210,118.80,2026-10-13,23222.15
2026-09-24 11:11:07,23500,281255,262535,277095,118.60,2026-10-13,23225.15
2026-09-24 11:16:08,23500,282425,262535,281060,117.05,2026-10-13,23225.70
2026-09-24 11:21:07,23500,279695,262535,287430,120.55,2026-10-13,23229.45
2026-09-24 11:26:08,23500,281450,262535,293085,115.15,2026-10-13,23216.25
2026-09-24 11:31:08,23500,282490,262535,294385,115.45,2026-10-13,23216.00
2026-09-24 11:36:07,23500,282620,262535,299000,114.45,2026-10-13,23210.65
2026-09-24 11:41:08,23500,282750,262535,300040,115.75,2026-10-13,23210.40
2026-09-24 11:46:08,23500,282035,262535,302900,116.50,2026-10-13,23210.45
2026-09-24 11:51:06,23500,275275,262535,324025,116.35,2026-10-13,23205.75
2026-09-24 11:56:07,23500,270270,262535,328705,114.25,2026-10-13,23198.30
2026-09-24 12:01:07,23500,269945,262535,335465,113.80,2026-10-13,23196.80
2026-09-24 12:06:08,23500,268970,262535,338260,116.00,2026-10-13,23209.50
2026-09-24 12:11:06,23500,269165,262535,341510,115.55,2026-10-13,23207.20
2026-09-24 12:16:08,23500,269295,262535,344045,115.35,2026-10-13,23200.80
2026-09-24 12:21:08,23500,267605,262535,348205,115.80,2026-10-13,23199.15
2026-09-24 12:26:07,23500,267410,262535,351195,110.60,2026-10-13,23175.00
2026-09-24 12:36:08,23500,270205,262535,372645,110.80,2026-10-13,23172.95
2026-09-24 12:41:08,23500,270790,262535,378105,113.70,2026-10-13,23178.80
2026-09-24 12:46:09,23500,270075,262535,382265,113.50,2026-10-13,23171.55
2026-09-24 12:51:08,23500,269620,262535,384995,114.05,2026-10-13,23178.45
2026-09-24 12:56:08,23500,270660,262535,388375,112.60,2026-10-13,23167.75
2026-09-24 13:01:08,23500,270270,262535,389935,113.30,2026-10-13,23167.55
2026-09-24 13:06:08,23500,270140,262535,396565,115.00,2026-10-13,23182.50
2026-09-24 13:11:08,23500,272610,262535,402090,113.25,2026-10-13,23177.65
2026-09-24 13:16:09,23500,273260,262535,406965,112.80,2026-10-13,23184.40
2026-09-24 13:21:08,23500,274235,262535,408590,112.00,2026-10-13,23178.05
2026-09-24 13:26:07,23500,274885,262535,413530,109.85,2026-10-13,23167.25
2026-09-24 13:31:07,23500,278850,262535,452660,108.90,2026-10-13,23151.50
2026-09-24 13:36:06,23500,283205,262535,460720,107.00,2026-10-13,23151.15
2026-09-24 13:41:05,23500,283985,262535,476580,105.25,2026-10-13,23136.40
2026-09-24 13:46:07,23500,283205,262535,496990,102.45,2026-10-13,23088.25
2026-09-24 13:51:06,23500,293215,262535,531440,105.30,2026-10-13,23100.00
2026-09-24 13:56:07,23500,293540,262535,546650,105.00,2026-10-13,23077.75
2026-09-24 14:01:08,23500,300300,262535,562770,105.15,2026-10-13,23075.55
2026-09-24 14:06:08,23500,300495,262535,580320,105.50,2026-10-13,23066.40
2026-09-24 14:11:08,23500,301860,262535,590980,102.80,2026-10-13,23073.90
2026-09-24 14:16:09,23500,303030,262535,595985,104.10,2026-10-13,23078.20
2026-09-24 14:21:08,23500,308945,262535,609960,102.55,2026-10-13,23064.10
2026-09-24 09:21:05,23600,6157775,6948305,9683960,15.90,2026-09-29,23228.00
2026-09-24 09:26:06,23600,6207500,6948305,12195235,15.45,2026-09-29,23239.80
2026-09-24 09:31:07,23600,6378840,6948305,14174030,16.50,2026-09-29,23258.60
2026-09-24 09:36:06,23600,6402500,6948305,15103595,16.65,2026-09-29,23266.40
2026-09-24 09:41:06,23600,6375005,6948305,16085355,15.50,2026-09-29,23241.75
2026-09-24 09:46:05,23600,6449950,6948305,17175990,15.40,2026-09-29,23230.85
2026-09-24 09:51:06,23600,6486090,6948305,17916405,16.05,2026-09-29,23233.00
2026-09-24 09:56:07,23600,6634030,6948305,18939830,15.40,2026-09-29,23213.70
2026-09-24 10:01:06,23600,6832540,6948305,19481865,15.65,2026-09-29,23229.80
2026-09-24 10:06:06,23600,6883370,6948305,19896825,15.55,2026-09-29,23233.00
2026-09-24 10:11:06,23600,6888765,6948305,20335705,15.45,2026-09-29,23229.25
2026-09-24 10:16:06,23600,6954740,6948305,21067280,15.30,2026-09-29,23218.55
2026-09-24 10:21:06,23600,6997315,6948305,21856640,15.00,2026-09-29,23216.00
2026-09-24 10:26:07,23600,7091435,6948305,22471995,15.10,2026-09-29,23204.10
2026-09-24 10:31:06,23600,7111650,6948305,22805575,15.00,2026-09-29,23213.25
2026-09-24 10:36:07,23600,7073365,6948305,23331360,14.95,2026-09-29,23220.25
2026-09-24 10:41:06,23600,7012395,6948305,23824645,14.90,2026-09-29,23220.25
2026-09-24 10:46:06,23600,6981195,6948305,24203790,15.15,2026-09-29,23220.75
2026-09-24 10:51:07,23600,6942325,6948305,24394825,15.50,2026-09-29,23234.45
2026-09-24 10:56:06,23600,6955390,6948305,24934065,15.80,2026-09-29,23238.30
2026-09-24 11:01:06,23600,6930105,6948305,25232285,15.50,2026-09-29,23234.40
2026-09-24 11:06:06,23600,6823180,6948305,25632230,14.85,2026-09-29,23222.45
2026-09-24 11:11:06,23600,6856330,6948305,25925965,14.95,2026-09-29,23225.00
2026-09-24 11:16:06,23600,6905080,6948305,26403260,14.90,2026-09-29,23226.10
2026-09-24 11:21:06,23600,6869980,6948305,26740415,15.10,2026-09-29,23229.45
2026-09-24 11:26:07,23600,6893315,6948305,27043250,14.55,2026-09-29,23216.10
2026-09-24 11:31:07,23600,6892925,6948305,27234805,14.60,2026-09-29,23216.20
2026-09-24 11:36:06,23600,6944600,6948305,27748435,14.10,2026-09-29,23209.70
2026-09-24 11:41:07,23600,6998030,6948305,28057510,13.90,2026-09-29,23208.95
2026-09-24 11:46:07,23600,6991595,6948305,28294175,13.85,2026-09-29,23210.35
2026-09-24 11:51:05,23600,7016880,6948305,28520050,13.70,2026-09-29,23207.60
2026-09-24 11:56:06,23600,6973850,6948305,29030755,13.40,2026-09-29,23198.85
2026-09-24 12:01:06,23600,6917755,6948305,29655665,13.50,2026-09-29,23196.80
2026-09-24 12:06:07,23600,6912035,6948305,29973905,13.45,2026-09-29,23209.50
2026-09-24 12:11:05,23600,6897735,6948305,30160845,13.35,2026-09-29,23207.00
2026-09-24 12:16:07,23600,6877325,6948305,30328740,13.20,2026-09-29,23199.90
2026-09-24 12:21:06,23600,6863285,6948305,30485260,13.20,2026-09-29,23198.65
2026-09-24 12:26:06,23600,6861140,6948305,30860570,12.80,2026-09-29,23175.90
2026-09-24 12:36:07,23600,6978075,6948305,32092320,13.10,2026-09-29,23171.75
2026-09-24 12:41:07,23600,6955975,6948305,32391840,13.05,2026-09-29,23179.45
2026-09-24 12:46:08,23600,6895915,6948305,32606535,13.15,2026-09-29,23172.05
2026-09-24 12:51:07,23600,6813690,6948305,32950775,13.15,2026-09-29,23178.35
2026-09-24 12:56:07,23600,6794775,6948305,33230925,13.10,2026-09-29,23168.05
2026-09-24 13:01:07,23600,6796660,6948305,33534995,12.85,2026-09-29,23168.55
2026-09-24 13:06:07,23600,6885515,6948305,33954570,13.05,2026-09-29,23182.55
2026-09-24 13:11:07,23600,6894095,6948305,34137675,12.95,2026-09-29,23177.80
2026-09-24 13:16:07,23600,6879990,6948305,34339110,13.00,2026-09-29,23185.50
2026-09-24 13:21:06,23600,6892080,6948305,34535930,12.85,2026-09-29,23178.25
2026-09-24 13:26:06,23600,6932315,6948305,34826935,12.85,2026-09-29,23167.05
2026-09-24 13:31:06,23600,6909825,6948305,36562110,12.65,2026-09-29,23151.70
2026-09-24 13:36:05,23600,7513610,6948305,37777610,12.70,2026-09-29,23151.50
2026-09-24 13:41:04,23600,7781670,6948305,38339470,12.75,2026-09-29,23136.10
2026-09-24 13:46:06,23600,7701200,6948305,39580320,13.35,2026-09-29,23086.45
2026-09-24 13:51:05,23600,7715630,6948305,41383485,13.50,2026-09-29,23100.15
2026-09-24 13:56:06,23600,7133815,6948305,43534790,14.45,2026-09-29,23078.40
2026-09-24 14:01:06,23600,6888570,6948305,45073795,14.60,2026-09-29,23072.60
2026-09-24 14:06:07,23600,6851325,6948305,46095855,14.30,2026-09-29,23065.45
2026-09-24 14:11:06,23600,6823375,6948305,46769645,13.35,2026-09-29,23073.05
2026-09-24 14:16:06,23600,6783660,6948305,47130460,13.30,2026-09-29,23077.45
2026-09-24 14:21:07,23600,6708065,6948305,47574670,13.30,2026-09-29,23065.55
2026-09-24 09:21:06,23600,658125,646815,411385,46.70,2026-10-06,23228.25
2026-09-24 09:26:07,23600,666835,646815,570115,46.70,2026-10-06,23239.10
2026-09-24 09:31:08,23600,676260,646815,660205,48.55,2026-10-06,23259.00
2026-09-24 09:36:07,23600,671905,646815,757770,48.65,2026-10-06,23265.90
2026-09-24 09:41:07,23600,673660,646815,808145,46.55,2026-10-06,23240.80
2026-09-24 09:46:06,23600,676910,646815,903500,46.40,2026-10-06,23229.95
2026-09-24 09:51:06,23600,689325,646815,964405,47.05,2026-10-06,23233.75
2026-09-24 09:56:07,23600,703755,646815,1024920,45.90,2026-10-06,23213.85
2026-09-24 10:01:07,23600,710580,646815,1052220,46.80,2026-10-06,23230.55
2026-09-24 10:06:06,23600,711425,646815,1084980,46.30,2026-10-06,23232.95
2026-09-24 10:11:06,23600,673465,646815,1197885,46.45,2026-10-06,23228.70
2026-09-24 10:16:07,23600,680420,646815,1243970,45.10,2026-10-06,23218.70
2026-09-24 10:21:07,23600,671125,646815,1309425,45.05,2026-10-06,23216.35
2026-09-24 10:26:07,23600,687765,646815,1369095,45.10,2026-10-06,23204.05
2026-09-24 10:31:06,23600,685490,646815,1412450,45.85,2026-10-06,23212.70
2026-09-24 10:36:07,23600,886275,646815,1681420,45.55,2026-10-06,23220.60
2026-09-24 10:41:07,23600,880490,646815,1723085,45.90,2026-10-06,23221.15
2026-09-24 10:46:07,23600,886860,646815,1749605,46.05,2026-10-06,23220.65
2026-09-24 10:51:07,23600,889070,646815,1772095,47.45,2026-10-06,23233.60
2026-09-24 10:56:06,23600,899015,646815,1814735,48.45,2026-10-06,23239.20
2026-09-24 11:01:06,23600,902980,646815,1837095,47.80,2026-10-06,23233.70
2026-09-24 11:06:07,23600,919750,646815,1875640,45.85,2026-10-06,23222.55
2026-09-24 11:11:07,23600,920140,646815,1887470,46.05,2026-10-06,23225.20
2026-09-24 11:16:07,23600,919945,646815,1912365,45.50,2026-10-06,23225.25
2026-09-24 11:21:06,23600,909740,646815,1953185,46.55,2026-10-06,23229.15
2026-09-24 11:26:07,23600,911625,646815,1969110,44.55,2026-10-06,23216.00
2026-09-24 11:31:07,23600,914485,646815,1983475,44.95,2026-10-06,23216.15
2026-09-24 11:36:07,23600,914875,646815,2037165,43.80,2026-10-06,23209.65
2026-09-24 11:41:07,23600,914810,646815,2051855,44.10,2026-10-06,23208.95
2026-09-24 11:46:07,23600,922545,646815,2075385,44.15,2026-10-06,23210.10
2026-09-24 11:51:05,23600,923715,646815,2089360,43.70,2026-10-06,23206.75
2026-09-24 11:56:06,23600,923845,646815,2105350,42.95,2026-10-06,23198.40
2026-09-24 12:01:06,23600,926185,646815,2151955,43.10,2026-10-06,23196.85
2026-09-24 12:06:07,23600,930345,646815,2186860,43.65,2026-10-06,23209.80
2026-09-24 12:11:05,23600,934310,646815,2205190,43.45,2026-10-06,23206.90
2026-09-24 12:16:07,23600,933140,646815,2231905,43.25,2026-10-06,23200.30
2026-09-24 12:21:07,23600,934440,646815,2242630,43.35,2026-10-06,23198.65
2026-09-24 12:26:06,23600,940355,646815,2263430,41.85,2026-10-06,23175.75
2026-09-24 12:36:08,23600,957515,646815,2376270,41.90,2026-10-06,23172.45
2026-09-24 12:41:08,23600,964535,646815,2399605,43.25,2026-10-06,23179.50
2026-09-24 12:46:08,23600,975455,646815,2482870,42.80,2026-10-06,23171.10
2026-09-24 12:51:08,23600,972530,646815,2503670,42.65,2026-10-06,23178.25
2026-09-24 12:56:08,23600,978445,646815,2536430,42.15,2026-10-06,23167.90
2026-09-24 13:01:08,23600,978120,646815,2560805,42.25,2026-10-06,23167.70
2026-09-24 13:06:07,23600,981175,646815,2608320,42.05,2026-10-06,23182.45
2026-09-24 13:11:08,23600,979745,646815,2627950,41.60,2026-10-06,23177.20
2026-09-24 13:16:08,23600,982020,646815,2665520,41.80,2026-10-06,23185.00
2026-09-24 13:21:07,23600,985920,646815,2696980,40.80,2026-10-06,23178.10
2026-09-24 13:26:06,23600,1025830,646815,2734225,40.60,2026-10-06,23167.35
2026-09-24 13:31:07,23600,1069445,646815,2933775,40.35,2026-10-06,23152.05
2026-09-24 13:36:06,23600,1077180,646815,2969200,39.75,2026-10-06,23151.60
2026-09-24 13:41:05,23600,1082835,646815,2995135,39.60,2026-10-06,23135.95
2026-09-24 13:46:07,23600,1073020,646815,3076515,40.00,2026-10-06,23087.20
2026-09-24 13:51:06,23600,1068990,646815,3176420,40.20,2026-10-06,23099.90
2026-09-24 13:56:06,23600,1080625,646815,3251105,40.50,2026-10-06,23078.00
2026-09-24 14:01:06,23600,1100580,646815,3331380,41.20,2026-10-06,23073.25
2026-09-24 14:06:07,23600,1089335,646815,3451695,40.95,2026-10-06,23066.10
2026-09-24 14:11:07,23600,1086800,646815,3551925,39.70,2026-10-06,23073.60
2026-09-24 14:16:08,23600,1089855,646815,3583905,40.20,2026-10-06,23077.10
2026-09-24 14:21:08,23600,1091350,646815,3624725,39.55,2026-10-06,23065.05
2026-09-24 09:21:06,23600,96590,104260,39520,87.95,2026-10-13,23227.45
2026-09-24 09:26:07,23600,97045,104260,53365,89.00,2026-10-13,23238.65
2026-09-24 09:31:08,23600,101855,104260,62075,91.05,2026-10-13,23259.10
2026-09-24 09:36:07,23600,106275,104260,72215,90.45,2026-10-13,23266.10
2026-09-24 09:41:07,23600,108940,104260,80665,87.40,2026-10-13,23241.25
2026-09-24 09:46:06,23600,114725,104260,92170,87.30,2026-10-13,23230.10
2026-09-24 09:51:07,23600,116415,104260,102830,88.45,2026-10-13,23234.60
2026-09-24 09:56:08,23600,119080,104260,106860,86.50,2026-10-13,23214.30
2026-09-24 10:01:07,23600,119665,104260,111085,87.85,2026-10-13,23230.20
2026-09-24 10:06:07,23600,121550,104260,118365,87.90,2026-10-13,23232.65
2026-09-24 10:11:07,23600,122460,104260,122655,86.80,2026-10-13,23228.60
2026-09-24 10:16:07,23600,122655,104260,126490,84.95,2026-10-13,23217.60
2026-09-24 10:21:07,23600,122590,104260,130390,85.60,2026-10-13,23216.80
2026-09-24 10:26:08,23600,121355,104260,133315,84.30,2026-10-13,23203.85
2026-09-24 10:31:07,23600,123045,104260,135915,86.50,2026-10-13,23213.05
2026-09-24 10:36:08,23600,123565,104260,137280,86.30,2026-10-13,23220.55
2026-09-24 10:41:07,23600,123825,104260,142025,85.40,2026-10-13,23221.10
2026-09-24 10:46:07,23600,124605,104260,144105,86.20,2026-10-13,23220.55
2026-09-24 10:51:08,23600,125710,104260,146510,88.45,2026-10-13,23233.90
2026-09-24 10:56:07,23600,124865,104260,148265,89.65,2026-10-13,23237.95
2026-09-24 11:01:07,23600,124345,104260,149175,88.70,2026-10-13,23234.55
2026-09-24 11:06:07,23600,123565,104260,165685,85.00,2026-10-13,23222.15
2026-09-24 11:11:07,23600,123825,104260,168610,86.30,2026-10-13,23225.15
2026-09-24 11:16:08,23600,128245,104260,185640,85.00,2026-10-13,23225.70
2026-09-24 11:21:07,23600,128765,104260,188565,87.10,2026-10-13,23229.45
2026-09-24 11:26:08,23600,129285,104260,191685,83.05,2026-10-13,23216.25
2026-09-24 11:31:08,23600,129155,104260,193440,84.00,2026-10-13,23216.00
2026-09-24 11:36:07,23600,128180,104260,195975,83.15,2026-10-13,23210.65
2026-09-24 11:41:08,23600,129025,104260,197405,83.85,2026-10-13,23210.40
2026-09-24 11:46:08,23600,129090,104260,198445,83.70,2026-10-13,23210.45
2026-09-24 11:51:06,23600,129870,104260,202020,83.50,2026-10-13,23205.75
2026-09-24 11:56:07,23600,137215,104260,215345,82.85,2026-10-13,23198.30
2026-09-24 12:01:07,23600,139620,104260,220610,81.80,2026-10-13,23196.80
2026-09-24 12:06:08,23600,141375,104260,221650,83.50,2026-10-13,23209.50
2026-09-24 12:11:06,23600,141440,104260,224120,83.20,2026-10-13,23207.20
2026-09-24 12:16:08,23600,141830,104260,226460,82.70,2026-10-13,23200.80
2026-09-24 12:21:08,23600,143650,104260,228020,83.00,2026-10-13,23199.15
2026-09-24 12:26:07,23600,144105,104260,231075,80.00,2026-10-13,23175.00
2026-09-24 12:36:08,23600,143975,104260,238875,79.70,2026-10-13,23172.95
2026-09-24 12:41:08,23600,147550,104260,244140,82.30,2026-10-13,23178.80
2026-09-24 12:46:09,23600,149955,104260,248040,82.40,2026-10-13,23171.55
2026-09-24 12:51:08,23600,151580,104260,249080,82.95,2026-10-13,23178.45
2026-09-24 12:56:08,23600,152295,104260,250575,81.90,2026-10-13,23167.75
2026-09-24 13:01:08,23600,152945,104260,253175,82.20,2026-10-13,23167.55
2026-09-24 13:06:08,23600,153595,104260,253955,83.65,2026-10-13,23182.50
2026-09-24 13:11:08,23600,154505,104260,255060,83.05,2026-10-13,23177.65
2026-09-24 13:16:09,23600,154245,104260,258180,81.35,2026-10-13,23184.40
2026-09-24 13:21:08,23600,156390,104260,261040,80.85,2026-10-13,23178.05
2026-09-24 13:26:07,23600,156520,104260,263250,79.45,2026-10-13,23167.25
2026-09-24 13:31:07,23600,156650,104260,282425,79.45,2026-10-13,23151.50
2026-09-24 13:36:06,23600,156650,104260,287170,77.70,2026-10-13,23151.15
2026-09-24 13:41:05,23600,156325,104260,290875,76.60,2026-10-13,23136.40
2026-09-24 13:46:07,23600,157755,104260,301210,75.55,2026-10-13,23088.25
2026-09-24 13:51:06,23600,155220,104260,314080,77.70,2026-10-13,23100.00
2026-09-24 13:56:07,23600,155610,104260,319670,77.90,2026-10-13,23077.75
2026-09-24 14:01:08,23600,156195,104260,326105,78.50,2026-10-13,23075.55
2026-09-24 14:06:08,23600,156065,104260,338455,78.00,2026-10-13,23066.40
2026-09-24 14:11:08,23600,155415,104260,347620,75.95,2026-10-13,23073.90
2026-09-24 14:16:09,23600,155350,104260,356720,77.20,2026-10-13,23078.20
2026-09-24 14:21:08,23600,134095,104260,395590,75.80,2026-10-13,23064.10
2026-09-24 09:21:05,23700,6371820,6571630,7063225,9.05,2026-09-29,23228.00
2026-09-24 09:26:06,23700,6877715,6571630,9488050,8.80,2026-09-29,23239.80
2026-09-24 09:31:07,23700,6596980,6571630,11365965,9.45,2026-09-29,23258.60
2026-09-24 09:36:06,23700,6613750,6571630,12301510,9.50,2026-09-29,23266.40
2026-09-24 09:41:06,23700,6798155,6571630,13604695,8.95,2026-09-29,23241.75
2026-09-24 09:46:05,23700,6905470,6571630,14607580,8.95,2026-09-29,23230.85
2026-09-24 09:51:06,23700,7091630,6571630,15377050,9.55,2026-09-29,23233.00
2026-09-24 09:56:07,23700,7114575,6571630,15862145,9.20,2026-09-29,23213.70
2026-09-24 10:01:06,23700,7116200,6571630,16163160,9.25,2026-09-29,23229.80
2026-09-24 10:06:06,23700,7133490,6571630,16442595,9.15,2026-09-29,23233.00
2026-09-24 10:11:06,23700,7238790,6571630,16831880,9.05,2026-09-29,23229.25
2026-09-24 10:16:06,23700,7274020,6571630,17279665,9.40,2026-09-29,23218.55
2026-09-24 10:21:06,23700,7386925,6571630,17841590,9.15,2026-09-29,23216.00
2026-09-24 10:26:07,23700,7383740,6571630,18202340,9.20,2026-09-29,23204.10
2026-09-24 10:31:06,23700,7400055,6571630,18437055,9.05,2026-09-29,23213.25
2026-09-24 10:36:07,23700,7397000,6571630,18773495,8.85,2026-09-29,23220.25
2026-09-24 10:41:06,23700,7448805,6571630,18989555,8.95,2026-09-29,23220.25
2026-09-24 10:46:06,23700,7434310,6571630,19158360,9.10,2026-09-29,23220.75
2026-09-24 10:51:07,23700,7412925,6571630,19281275,9.20,2026-09-29,23234.45
2026-09-24 10:56:06,23700,7413965,6571630,19533865,9.30,2026-09-29,23238.30
2026-09-24 11:01:06,23700,7365280,6571630,19776835,9.20,2026-09-29,23234.40
2026-09-24 11:06:06,23700,7374380,6571630,19990295,8.85,2026-09-29,23222.45
2026-09-24 11:11:06,23700,7356245,6571630,20126015,8.85,2026-09-29,23225.00
2026-09-24 11:16:06,23700,7392320,6571630,20417540,8.85,2026-09-29,23226.10
2026-09-24 11:21:06,23700,7349355,6571630,20621445,9.00,2026-09-29,23229.45
2026-09-24 11:26:07,23700,7332845,6571630,20771530,8.80,2026-09-29,23216.10
2026-09-24 11:31:07,23700,7247045,6571630,21016385,8.85,2026-09-29,23216.20
2026-09-24 11:36:06,23700,7205900,6571630,21342100,8.50,2026-09-29,23209.70
2026-09-24 11:41:07,23700,7210125,6571630,21481915,8.45,2026-09-29,23208.95
2026-09-24 11:46:07,23700,7185425,6571630,21662095,8.40,2026-09-29,23210.35
2026-09-24 11:51:05,23700,7189455,6571630,21748610,8.30,2026-09-29,23207.60
2026-09-24 11:56:06,23700,7184710,6571630,21884070,8.15,2026-09-29,23198.85
2026-09-24 12:01:06,23700,7201350,6571630,22194510,8.25,2026-09-29,23196.80
2026-09-24 12:06:07,23700,7175805,6571630,22400560,8.15,2026-09-29,23209.50
2026-09-24 12:11:05,23700,7196930,6571630,22615320,8.10,2026-09-29,23207.00
2026-09-24 12:16:07,23700,7190430,6571630,22812855,8.05,2026-09-29,23199.90
2026-09-24 12:21:06,23700,7194200,6571630,22913475,7.95,2026-09-29,23198.65
2026-09-24 12:26:06,23700,7153250,6571630,23096255,7.90,2026-09-29,23175.90
2026-09-24 12:36:07,23700,7217990,6571630,24020230,8.20,2026-09-29,23171.75
2026-09-24 12:41:07,23700,7291700,6571630,24419005,7.95,2026-09-29,23179.45
2026-09-24 12:46:08,23700,7346430,6571630,24680565,8.05,2026-09-29,23172.05
2026-09-24 12:51:07,23700,7330505,6571630,24889605,8.15,2026-09-29,23178.35
2026-09-24 12:56:07,23700,7353710,6571630,25155975,8.05,2026-09-29,23168.05
2026-09-24 13:01:07,23700,7375030,6571630,25400570,7.95,2026-09-29,23168.55
2026-09-24 13:06:07,23700,7414485,6571630,25674155,7.90,2026-09-29,23182.55
2026-09-24 13:11:07,23700,7448870,6571630,25825345,7.90,2026-09-29,23177.80
2026-09-24 13:16:07,23700,7439575,6571630,25989275,7.90,2026-09-29,23185.50
2026-09-24 13:21:06,23700,7410260,6571630,26167505,7.95,2026-09-29,23178.25
2026-09-24 13:26:06,23700,7412535,6571630,26318435,8.00,2026-09-29,23167.05
2026-09-24 13:31:06,23700,6940310,6571630,28276625,8.15,2026-09-29,23151.70
2026-09-24 13:36:05,23700,6727825,6571630,29320200,8.20,2026-09-29,23151.50
2026-09-24 13:41:04,23700,6703255,6571630,29868150,8.35,2026-09-29,23136.10
2026-09-24 13:46:06,23700,6744075,6571630,31098730,9.05,2026-09-29,23086.45
2026-09-24 13:51:05,23700,6891560,6571630,32947525,9.05,2026-09-29,23100.15
2026-09-24 13:56:06,23700,6782815,6571630,34053435,9.90,2026-09-29,23078.40
2026-09-24 14:01:06,23700,6672250,6571630,35172150,10.00,2026-09-29,23072.60
2026-09-24 14:06:07,23700,6657170,6571630,36191220,9.70,2026-09-29,23065.45
2026-09-24 14:11:06,23700,6611605,6571630,36805275,9.10,2026-09-29,23073.05
2026-09-24 14:16:06,23700,6832410,6571630,37479975,8.90,2026-09-29,23077.45
2026-09-24 14:21:07,23700,6907940,6571630,38103065,9.00,2026-09-29,23065.55
2026-09-24 09:21:06,23700,597805,628485,445835,30.10,2026-10-06,23228.25
2026-09-24 09:26:07,23700,599105,628485,604890,29.85,2026-10-06,23239.10
2026-09-24 09:31:08,23700,594620,628485,699075,31.30,2026-10-06,23259.00
2026-09-24 09:36:07,23700,589225,628485,779740,31.25,2026-10-06,23265.90
2026-09-24 09:41:07,23700,603265,628485,847730,30.00,2026-10-06,23240.80
2026-09-24 09:46:06,23700,625040,628485,1016080,30.15,2026-10-06,23229.95
2026-09-24 09:51:06,23700,651755,628485,1076595,30.65,2026-10-06,23233.75
2026-09-24 09:56:07,23700,678145,628485,1127165,30.10,2026-10-06,23213.85
2026-09-24 10:01:07,23700,657020,628485,1200095,30.70,2026-10-06,23230.55
2026-09-24 10:06:06,23700,657475,628485,1229410,30.35,2026-10-06,23232.95
2026-09-24 10:11:06,23700,662480,628485,1257945,30.30,2026-10-06,23228.70
2026-09-24 10:16:07,23700,656240,628485,1304095,29.50,2026-10-06,23218.70
2026-09-24 10:21:07,23700,667745,628485,1328340,29.85,2026-10-06,23216.35
2026-09-24 10:26:07,23700,664300,628485,1380210,29.95,2026-10-06,23204.05
2026-09-24 10:31:06,23700,661115,628485,1402830,29.90,2026-10-06,23212.70
2026-09-24 10:36:07,23700,666250,628485,1428895,29.95,2026-10-06,23220.60
2026-09-24 10:41:07,23700,671385,628485,1454050,30.40,2026-10-06,23221.15
2026-09-24 10:46:07,23700,677300,628485,1466010,30.50,2026-10-06,23220.65
2026-09-24 10:51:07,23700,679640,628485,1486485,31.05,2026-10-06,23233.60
2026-09-24 10:56:06,23700,728000,628485,1623310,32.40,2026-10-06,23239.20
2026-09-24 11:01:06,23700,784680,628485,1716065,31.85,2026-10-06,23233.70
2026-09-24 11:06:07,23700,783705,628485,1736540,30.60,2026-10-06,23222.55
2026-09-24 11:11:07,23700,776945,628485,1754220,30.45,2026-10-06,23225.20
2026-09-24 11:16:07,23700,781105,628485,1778530,30.20,2026-10-06,23225.25
2026-09-24 11:21:06,23700,790660,628485,1824095,30.50,2026-10-06,23229.15
2026-09-24 11:26:07,23700,799890,628485,1850290,29.75,2026-10-06,23216.00
2026-09-24 11:31:07,23700,807950,628485,1878890,29.95,2026-10-06,23216.15
2026-09-24 11:36:07,23700,771940,628485,2076685,28.90,2026-10-06,23209.65
2026-09-24 11:41:07,23700,776880,628485,2122510,29.10,2026-10-06,23208.95
2026-09-24 11:46:07,23700,780195,628485,2140580,29.05,2026-10-06,23210.10
2026-09-24 11:51:05,23700,781105,628485,2148900,29.00,2026-10-06,23206.75
2026-09-24 11:56:06,23700,784615,628485,2158975,28.25,2026-10-06,23198.40
2026-09-24 12:01:06,23700,784420,628485,2216630,28.50,2026-10-06,23196.85
2026-09-24 12:06:07,23700,772655,628485,2249455,29.00,2026-10-06,23209.80
2026-09-24 12:11:05,23700,773175,628485,2269215,28.90,2026-10-06,23206.90
2026-09-24 12:16:07,23700,770705,628485,2276365,28.75,2026-10-06,23200.30
2026-09-24 12:21:07,23700,773630,628485,2296125,28.55,2026-10-06,23198.65
2026-09-24 12:26:06,23700,782210,628485,2321995,27.70,2026-10-06,23175.75
2026-09-24 12:36:08,23700,799175,628485,2391480,28.05,2026-10-06,23172.45
2026-09-24 12:41:08,23700,976300,628485,2652845,28.95,2026-10-06,23179.50
2026-09-24 12:46:08,23700,969995,628485,2746445,28.70,2026-10-06,23171.10
2026-09-24 12:51:08,23700,980915,628485,2776410,28.65,2026-10-06,23178.25
2026-09-24 12:56:08,23700,999895,628485,2807350,28.40,2026-10-06,23167.90
2026-09-24 13:01:08,23700,1041170,628485,2883140,28.25,2026-10-06,23167.70
2026-09-24 13:06:07,23700,924495,628485,3126370,27.40,2026-10-06,23182.45
2026-09-24 13:11:08,23700,920270,628485,3221595,27.30,2026-10-06,23177.20
2026-09-24 13:16:08,23700,904345,628485,3249935,27.35,2026-10-06,23185.00
2026-09-24 13:21:07,23700,904345,628485,3266185,27.00,2026-10-06,23178.10
2026-09-24 13:26:06,23700,896415,628485,3289975,26.90,2026-10-06,23167.35
2026-09-24 13:31:07,23700,890695,628485,3397030,26.90,2026-10-06,23152.05
2026-09-24 13:36:06,23700,884390,628485,3434080,26.50,2026-10-06,23151.60
2026-09-24 13:41:05,23700,888095,628485,3482570,26.75,2026-10-06,23135.95
2026-09-24 13:46:07,23700,870805,628485,3604120,27.35,2026-10-06,23087.20
2026-09-24 13:51:06,23700,863850,628485,3720145,27.40,2026-10-06,23099.90
2026-09-24 13:56:06,23700,866320,628485,3794050,27.90,2026-10-06,23078.00
2026-09-24 14:01:06,23700,867685,628485,3889080,28.80,2026-10-06,23073.25
2026-09-24 14:06:07,23700,872625,628485,4028635,28.00,2026-10-06,23066.10
2026-09-24 14:11:07,23700,878930,628485,4123340,27.20,2026-10-06,23073.60
2026-09-24 14:16:08,23700,890760,628485,4173065,27.40,2026-10-06,23077.10
2026-09-24 14:21:08,23700,907140,628485,4249310,27.10,2026-10-06,23065.05
2026-09-24 09:21:06,23700,83330,91325,27300,63.30,2026-10-13,23227.45
2026-09-24 09:26:07,23700,82355,91325,43485,62.90,2026-10-13,23238.65
2026-09-24 09:31:08,23700,84045,91325,51025,64.50,2026-10-13,23259.10
2026-09-24 09:36:07,23700,86385,91325,59020,64.35,2026-10-13,23266.10
2026-09-24 09:41:07,23700,87035,91325,65520,62.90,2026-10-13,23241.25
2026-09-24 09:46:06,23700,87815,91325,73385,63.25,2026-10-13,23230.10
2026-09-24 09:51:07,23700,96005,91325,90805,64.00,2026-10-13,23234.60
2026-09-24 09:56:08,23700,98865,91325,96785,62.20,2026-10-13,23214.30
2026-09-24 10:01:07,23700,102245,91325,102765,62.45,2026-10-13,23230.20
2026-09-24 10:06:07,23700,103220,91325,108225,62.50,2026-10-13,23232.65
2026-09-24 10:11:07,23700,107510,91325,121680,62.05,2026-10-13,23228.60
2026-09-24 10:16:07,23700,107510,91325,129935,60.45,2026-10-13,23217.60
2026-09-24 10:21:07,23700,120770,91325,153010,60.60,2026-10-13,23216.80
2026-09-24 10:26:08,23700,124215,91325,165815,60.15,2026-10-13,23203.85
2026-09-24 10:31:07,23700,127400,91325,173680,61.10,2026-10-13,23213.05
2026-09-24 10:36:08,23700,129870,91325,181805,61.45,2026-10-13,23220.55
2026-09-24 10:41:07,23700,134680,91325,193960,61.05,2026-10-13,23221.10
2026-09-24 10:46:07,23700,137540,91325,199355,61.65,2026-10-13,23220.55
2026-09-24 10:51:08,23700,138320,91325,202540,63.00,2026-10-13,23233.90
2026-09-24 10:56:07,23700,137995,91325,207350,63.45,2026-10-13,23237.95
2026-09-24 11:01:07,23700,140400,91325,210015,62.85,2026-10-13,23234.55
2026-09-24 11:06:07,23700,141180,91325,215215,60.15,2026-10-13,23222.15
2026-09-24 11:11:07,23700,142025,91325,217815,60.95,2026-10-13,23225.15
2026-09-24 11:16:08,23700,142155,91325,220545,60.50,2026-10-13,23225.70
2026-09-24 11:21:07,23700,142480,91325,222755,61.25,2026-10-13,23229.45
2026-09-24 11:26:08,23700,143000,91325,225030,59.65,2026-10-13,23216.25
2026-09-24 11:31:08,23700,142740,91325,227110,60.00,2026-10-13,23216.00
2026-09-24 11:36:07,23700,140400,91325,232310,59.35,2026-10-13,23210.65
2026-09-24 11:41:08,23700,140920,91325,234715,59.40,2026-10-13,23210.40
2026-09-24 11:46:08,23700,140140,91325,237380,59.00,2026-10-13,23210.45
2026-09-24 11:51:06,23700,142220,91325,240630,59.05,2026-10-13,23205.75
2026-09-24 11:56:07,23700,144365,91325,244465,58.35,2026-10-13,23198.30
2026-09-24 12:01:07,23700,145795,91325,248950,57.95,2026-10-13,23196.80
2026-09-24 12:06:08,23700,145535,91325,251485,58.95,2026-10-13,23209.50
2026-09-24 12:11:06,23700,145665,91325,251875,58.95,2026-10-13,23207.20
2026-09-24 12:16:08,23700,145795,91325,252915,58.85,2026-10-13,23200.80
2026-09-24 12:21:08,23700,146835,91325,256295,58.80,2026-10-13,23199.15
2026-09-24 12:26:07,23700,146640,91325,257920,56.55,2026-10-13,23175.00
2026-09-24 12:36:08,23700,147290,91325,265135,57.60,2026-10-13,23172.95
2026-09-24 12:41:08,23700,146705,91325,268970,59.25,2026-10-13,23178.80
2026-09-24 12:46:09,23700,149305,91325,274170,59.10,2026-10-13,23171.55
2026-09-24 12:51:08,23700,149045,91325,276120,59.30,2026-10-13,23178.45
2026-09-24 12:56:08,23700,148265,91325,280280,58.50,2026-10-13,23167.75
2026-09-24 13:01:08,23700,150670,91325,287300,59.30,2026-10-13,23167.55
2026-09-24 13:06:08,23700,152035,91325,290875,59.00,2026-10-13,23182.50
2026-09-24 13:11:08,23700,152360,91325,292370,58.50,2026-10-13,23177.65
2026-09-24 13:16:09,23700,152750,91325,296660,58.05,2026-10-13,23184.40
2026-09-24 13:21:08,23700,153010,91325,297570,57.30,2026-10-13,23178.05
2026-09-24 13:26:07,23700,153140,91325,298805,56.30,2026-10-13,23167.25
2026-09-24 13:31:07,23700,152750,91325,338975,57.50,2026-10-13,23151.50
2026-09-24 13:36:06,23700,159250,91325,352170,55.40,2026-10-13,23151.15
2026-09-24 13:41:05,23700,156975,91325,356395,55.50,2026-10-13,23136.40
2026-09-24 13:46:07,23700,155675,91325,379340,55.05,2026-10-13,23088.25
2026-09-24 13:51:06,23700,152945,91325,393185,56.85,2026-10-13,23100.00
2026-09-24 13:56:07,23700,153725,91325,401115,57.40,2026-10-13,23077.75
2026-09-24 14:01:08,23700,150930,91325,411645,58.00,2026-10-13,23075.55
2026-09-24 14:06:08,23700,152945,91325,430040,57.05,2026-10-13,23066.40
2026-09-24 14:11:08,23700,161525,91325,446680,55.45,2026-10-13,23073.90
2026-09-24 14:16:09,23700,161590,91325,449085,56.10,2026-10-13,23078.20
2026-09-24 14:21:08,23700,159510,91325,460785,55.65,2026-10-13,23064.10
2026-09-24 09:21:05,23800,7807085,8173815,6469970,5.85,2026-09-29,23228.00
2026-09-24 09:26:06,23800,7302945,8173815,8586370,5.70,2026-09-29,23239.80
2026-09-24 09:31:07,23800,7336030,8173815,10102365,6.10,2026-09-29,23258.60
2026-09-24 09:36:06,23800,7451275,8173815,10983570,6.00,2026-09-29,23266.40
2026-09-24 09:41:06,23800,7351760,8173815,11839620,5.85,2026-09-29,23241.75
2026-09-24 09:46:05,23800,7289035,8173815,12907570,5.95,2026-09-29,23230.85
2026-09-24 09:51:06,23800,7267065,8173815,13618215,6.30,2026-09-29,23233.00
2026-09-24 09:56:07,23800,7301580,8173815,14152710,6.05,2026-09-29,23213.70
2026-09-24 10:01:06,23800,7383220,8173815,14745835,6.15,2026-09-29,23229.80
2026-09-24 10:06:06,23800,7518225,8173815,15180100,6.05,2026-09-29,23233.00
2026-09-24 10:11:06,23800,7597720,8173815,15657005,6.10,2026-09-29,23229.25
2026-09-24 10:16:06,23800,7643675,8173815,16693300,6.65,2026-09-29,23218.55
2026-09-24 10:21:06,23800,7560670,8173815,17324515,6.30,2026-09-29,23216.00
2026-09-24 10:26:07,23800,7594405,8173815,17764175,6.40,2026-09-29,23204.10
2026-09-24 10:31:06,23800,7628140,8173815,18052385,6.25,2026-09-29,23213.25
2026-09-24 10:36:07,23800,7694115,8173815,18548855,6.15,2026-09-29,23220.25
2026-09-24 10:41:06,23800,7687420,8173815,18779475,6.15,2026-09-29,23220.25
2026-09-24 10:46:06,23800,7624955,8173815,18981495,6.25,2026-09-29,23220.75
2026-09-24 10:51:07,23800,7591285,8173815,19136520,6.20,2026-09-29,23234.45
2026-09-24 10:56:06,23800,7585760,8173815,19349655,6.25,2026-09-29,23238.30
2026-09-24 11:01:06,23800,7622875,8173815,19508970,6.20,2026-09-29,23234.40
2026-09-24 11:06:06,23800,7599670,8173815,19772740,6.10,2026-09-29,23222.45
2026-09-24 11:11:06,23800,7591025,8173815,19930885,6.00,2026-09-29,23225.00
2026-09-24 11:16:06,23800,7575555,8173815,20314515,6.10,2026-09-29,23226.10
2026-09-24 11:21:06,23800,7659860,8173815,20618260,6.10,2026-09-29,23229.45
2026-09-24 11:26:07,23800,7627685,8173815,20827820,6.10,2026-09-29,23216.10
2026-09-24 11:31:07,23800,7591545,8173815,21070725,6.05,2026-09-29,23216.20
2026-09-24 11:36:06,23800,7672275,8173815,21418280,5.90,2026-09-29,23209.70
2026-09-24 11:41:07,23800,7701525,8173815,21723650,5.85,2026-09-29,23208.95
2026-09-24 11:46:07,23800,7654140,8173815,22043125,5.80,2026-09-29,23210.35
2026-09-24 11:51:05,23800,7651345,8173815,22135425,5.75,2026-09-29,23207.60
2026-09-24 11:56:06,23800,7582705,8173815,22387885,5.70,2026-09-29,23198.85
2026-09-24 12:01:06,23800,7475455,8173815,22853675,5.90,2026-09-29,23196.80
2026-09-24 12:06:07,23800,7415265,8173815,23097100,5.65,2026-09-29,23209.50
2026-09-24 12:11:05,23800,7388290,8173815,23307830,5.55,2026-09-29,23207.00
2026-09-24 12:16:07,23800,7414875,8173815,23473515,5.55,2026-09-29,23199.90
2026-09-24 12:21:06,23800,7385040,8173815,23572315,5.50,2026-09-29,23198.65
2026-09-24 12:26:06,23800,7365605,8173815,23747230,5.50,2026-09-29,23175.90
2026-09-24 12:36:07,23800,7285915,8173815,24725220,5.85,2026-09-29,23171.75
2026-09-24 12:41:07,23800,7288515,8173815,25047815,5.65,2026-09-29,23179.45
2026-09-24 12:46:08,23800,7272395,8173815,25296960,5.70,2026-09-29,23172.05
2026-09-24 12:51:07,23800,7268625,8173815,25501905,5.70,2026-09-29,23178.35
2026-09-24 12:56:07,23800,7545395,8173815,26131560,5.70,2026-09-29,23168.05
2026-09-24 13:01:07,23800,7505550,8173815,26467610,5.65,2026-09-29,23168.55
2026-09-24 13:06:07,23800,7493720,8173815,26719160,5.55,2026-09-29,23182.55
2026-09-24 13:11:07,23800,7493200,8173815,26819130,5.60,2026-09-29,23177.80
2026-09-24 13:16:07,23800,7508930,8173815,27059435,5.65,2026-09-29,23185.50
2026-09-24 13:21:06,23800,7465510,8173815,27254500,5.60,2026-09-29,23178.25
2026-09-24 13:26:06,23800,7471620,8173815,27403740,5.75,2026-09-29,23167.05
2026-09-24 13:31:06,23800,7347145,8173815,28727855,5.85,2026-09-29,23151.70
2026-09-24 13:36:05,23800,7369895,8173815,29363230,5.90,2026-09-29,23151.50
2026-09-24 13:41:04,23800,7374250,8173815,29903835,6.00,2026-09-29,23136.10
2026-09-24 13:46:06,23800,7319000,8173815,30953910,6.65,2026-09-29,23086.45
2026-09-24 13:51:05,23800,6968325,8173815,32781320,6.65,2026-09-29,23100.15
2026-09-24 13:56:06,23800,6983600,8173815,33890805,7.30,2026-09-29,23078.40
2026-09-24 14:01:06,23800,6874985,8173815,34962655,7.35,2026-09-29,23072.60
2026-09-24 14:06:07,23800,6912425,8173815,35645350,7.10,2026-09-29,23065.45
2026-09-24 14:11:06,23800,6857435,8173815,36465845,6.65,2026-09-29,23073.05
2026-09-24 14:16:06,23800,6724900,8173815,37384035,6.55,2026-09-29,23077.45
2026-09-24 14:21:07,23800,6717360,8173815,37919180,6.80,2026-09-29,23065.55
2026-09-24 09:21:06,23800,646555,661310,395785,18.90,2026-10-06,23228.25
2026-09-24 09:26:07,23800,666315,661310,515190,18.85,2026-10-06,23239.10
2026-09-24 09:31:08,23800,681005,661310,590915,19.85,2026-10-06,23259.00
2026-09-24 09:36:07,23800,693875,661310,655655,19.85,2026-10-06,23265.90
2026-09-24 09:41:07,23800,686205,661310,751075,19.40,2026-10-06,23240.80
2026-09-24 09:46:06,23800,668525,661310,850980,19.65,2026-10-06,23229.95
2026-09-24 09:51:06,23800,674180,661310,899665,20.00,2026-10-06,23233.75
2026-09-24 09:56:07,23800,684840,661310,961545,19.80,2026-10-06,23213.85
2026-09-24 10:01:07,23800,686205,661310,981240,20.10,2026-10-06,23230.55
2026-09-24 10:06:06,23800,686205,661310,999570,19.75,2026-10-06,23232.95
2026-09-24 10:11:06,23800,685295,661310,1023555,19.85,2026-10-06,23228.70
2026-09-24 10:16:07,23800,686010,661310,1046695,19.50,2026-10-06,23218.70
2026-09-24 10:21:07,23800,686660,661310,1072240,19.70,2026-10-06,23216.35
2026-09-24 10:26:07,23800,695630,661310,1118910,19.85,2026-10-06,23204.05
2026-09-24 10:31:06,23800,693810,661310,1167465,19.80,2026-10-06,23212.70
2026-09-24 10:36:07,23800,868075,661310,1420965,20.20,2026-10-06,23220.60
2026-09-24 10:41:07,23800,873080,661310,1465815,20.35,2026-10-06,23221.15
2026-09-24 10:46:07,23800,859560,661310,1500915,20.50,2026-10-06,23220.65
2026-09-24 10:51:07,23800,856050,661310,1544335,20.70,2026-10-06,23233.60
2026-09-24 10:56:06,23800,858065,661310,1575795,21.25,2026-10-06,23239.20
2026-09-24 11:01:06,23800,856440,661310,1602575,21.10,2026-10-06,23233.70
2026-09-24 11:06:07,23800,866645,661310,1625650,20.40,2026-10-06,23222.55
2026-09-24 11:11:07,23800,872040,661310,1643590,20.50,2026-10-06,23225.20
2026-09-24 11:16:07,23800,872690,661310,1658735,20.30,2026-10-06,23225.25
2026-09-24 11:21:06,23800,874965,661310,1675440,20.65,2026-10-06,23229.15
2026-09-24 11:26:07,23800,881985,661310,1696890,20.15,2026-10-06,23216.00
2026-09-24 11:31:07,23800,887575,661310,1719120,20.15,2026-10-06,23216.15
2026-09-24 11:36:07,23800,890760,661310,1737775,19.55,2026-10-06,23209.65
2026-09-24 11:41:07,23800,897585,661310,1750385,19.65,2026-10-06,23208.95
2026-09-24 11:46:07,23800,897520,661310,1761565,19.50,2026-10-06,23210.10
2026-09-24 11:51:05,23800,898105,661310,1766180,19.45,2026-10-06,23206.75
2026-09-24 11:56:06,23800,901160,661310,1779570,19.10,2026-10-06,23198.40
2026-09-24 12:01:06,23800,922545,661310,1823835,19.40,2026-10-06,23196.85
2026-09-24 12:06:07,23800,932555,661310,1854255,19.50,2026-10-06,23209.80
2026-09-24 12:11:05,23800,936520,661310,1877135,19.35,2026-10-06,23206.90
2026-09-24 12:16:07,23800,931125,661310,1889420,19.30,2026-10-06,23200.30
2026-09-24 12:21:07,23800,931710,661310,1894880,19.20,2026-10-06,23198.65
2026-09-24 12:26:06,23800,942825,661310,1930435,18.75,2026-10-06,23175.75
2026-09-24 12:36:08,23800,948480,661310,1986530,19.05,2026-10-06,23172.45
2026-09-24 12:41:08,23800,958165,661310,2039375,19.40,2026-10-06,23179.50
2026-09-24 12:46:08,23800,961025,661310,2097615,19.50,2026-10-06,23171.10
2026-09-24 12:51:08,23800,951080,661310,2128425,19.25,2026-10-06,23178.25
2026-09-24 12:56:08,23800,944710,661310,2150915,19.00,2026-10-06,23167.90
2026-09-24 13:01:08,23800,949520,661310,2178735,18.95,2026-10-06,23167.70
2026-09-24 13:06:07,23800,960960,661310,2216630,18.40,2026-10-06,23182.45
2026-09-24 13:11:08,23800,974415,661310,2243215,18.35,2026-10-06,23177.20
2026-09-24 13:16:08,23800,975520,661310,2255760,18.40,2026-10-06,23185.00
2026-09-24 13:21:07,23800,976625,661310,2259140,18.25,2026-10-06,23178.10
2026-09-24 13:26:06,23800,990860,661310,2291965,18.30,2026-10-06,23167.35
2026-09-24 13:31:07,23800,979355,661310,2395250,18.25,2026-10-06,23152.05
2026-09-24 13:36:06,23800,977080,661310,2422810,18.10,2026-10-06,23151.60
2026-09-24 13:41:05,23800,976560,661310,2457715,18.40,2026-10-06,23135.95
2026-09-24 13:46:07,23800,962715,661310,2547545,19.15,2026-10-06,23087.20
2026-09-24 13:51:06,23800,929370,661310,2763800,19.00,2026-10-06,23099.90
2026-09-24 13:56:06,23800,924430,661310,2851420,19.65,2026-10-06,23078.00
2026-09-24 14:01:06,23800,923780,661310,2935985,20.15,2026-10-06,23073.25
2026-09-24 14:06:07,23800,886600,661310,3082755,19.85,2026-10-06,23066.10
2026-09-24 14:11:07,23800,887380,661310,3159130,19.15,2026-10-06,23073.60
2026-09-24 14:16:08,23800,878540,661310,3195660,19.35,2026-10-06,23077.10
2026-09-24 14:21:08,23800,875225,661310,3235960,19.10,2026-10-06,23065.05
2026-09-24 09:21:06,23800,181155,184990,43160,43.95,2026-10-13,23227.45
2026-09-24 09:26:07,23800,178295,184990,53495,43.60,2026-10-13,23238.65
2026-09-24 09:31:08,23800,180570,184990,63700,44.65,2026-10-13,23259.10
2026-09-24 09:36:07,23800,182975,184990,79040,44.70,2026-10-13,23266.10
2026-09-24 09:41:07,23800,186290,184990,87620,43.60,2026-10-13,23241.25
2026-09-24 09:46:06,23800,192465,184990,120510,44.35,2026-10-13,23230.10
2026-09-24 09:51:07,23800,192530,184990,130455,44.75,2026-10-13,23234.60
2026-09-24 09:56:08,23800,195715,184990,137995,43.85,2026-10-13,23214.30
2026-09-24 10:01:07,23800,199225,184990,146705,43.95,2026-10-13,23230.20
2026-09-24 10:06:07,23800,199615,184990,148980,43.05,2026-10-13,23232.65
2026-09-24 10:11:07,23800,199745,184990,151840,43.55,2026-10-13,23228.60
2026-09-24 10:16:07,23800,201955,184990,156520,42.45,2026-10-13,23217.60
2026-09-24 10:21:07,23800,203320,184990,163800,42.90,2026-10-13,23216.80
2026-09-24 10:26:08,23800,207740,184990,171275,42.85,2026-10-13,23203.85
2026-09-24 10:31:07,23800,209300,184990,175370,43.65,2026-10-13,23213.05
2026-09-24 10:36:08,23800,207090,184990,182520,43.20,2026-10-13,23220.55
2026-09-24 10:41:07,23800,208845,184990,187070,43.35,2026-10-13,23221.10
2026-09-24 10:46:07,23800,209105,184990,189150,43.25,2026-10-13,23220.55
2026-09-24 10:51:08,23800,209495,184990,190970,43.95,2026-10-13,23233.90
2026-09-24 10:56:07,23800,209625,184990,194805,44.45,2026-10-13,23237.95
2026-09-24 11:01:07,23800,211380,184990,196690,44.10,2026-10-13,23234.55
2026-09-24 11:06:07,23800,212745,184990,202930,42.45,2026-10-13,23222.15
2026-09-24 11:11:07,23800,212290,184990,208195,42.75,2026-10-13,23225.15
2026-09-24 11:16:08,23800,213005,184990,215735,42.05,2026-10-13,23225.70
2026-09-24 11:21:07,23800,213980,184990,220155,43.30,2026-10-13,23229.45
2026-09-24 11:26:08,23800,214630,184990,221780,42.35,2026-10-13,23216.25
2026-09-24 11:31:08,23800,215735,184990,224705,42.70,2026-10-13,23216.00
2026-09-24 11:36:07,23800,215670,184990,226590,42.20,2026-10-13,23210.65
2026-09-24 11:41:08,23800,215410,184990,228540,41.55,2026-10-13,23210.40
2026-09-24 11:46:08,23800,215150,184990,231465,41.55,2026-10-13,23210.45
2026-09-24 11:51:06,23800,214825,184990,233480,41.50,2026-10-13,23205.75
2026-09-24 11:56:07,23800,215020,184990,236925,40.90,2026-10-13,23198.30
2026-09-24 12:01:07,23800,215995,184990,240890,40.70,2026-10-13,23196.80
2026-09-24 12:06:08,23800,215865,184990,242970,41.40,2026-10-13,23209.50
2026-09-24 12:11:06,23800,216060,184990,246090,41.40,2026-10-13,23207.20
2026-09-24 12:16:08,23800,216255,184990,247520,41.15,2026-10-13,23200.80
2026-09-24 12:21:08,23800,216385,184990,248755,41.05,2026-10-13,23199.15
2026-09-24 12:26:07,23800,217230,184990,251550,40.00,2026-10-13,23175.00
2026-09-24 12:36:08,23800,219960,184990,259610,40.20,2026-10-13,23172.95
2026-09-24 12:41:08,23800,220545,184990,268840,41.85,2026-10-13,23178.80
2026-09-24 12:46:09,23800,218660,184990,275600,42.10,2026-10-13,23171.55
2026-09-24 12:51:08,23800,218465,184990,277745,42.35,2026-10-13,23178.45
2026-09-24 12:56:08,23800,218465,184990,282165,41.90,2026-10-13,23167.75
2026-09-24 13:01:08,23800,217035,184990,290680,42.00,2026-10-13,23167.55
2026-09-24 13:06:08,23800,217750,184990,293540,41.85,2026-10-13,23182.50
2026-09-24 13:11:08,23800,217815,184990,294190,41.50,2026-10-13,23177.65
2026-09-24 13:16:09,23800,218205,184990,303485,41.20,2026-10-13,23184.40
2026-09-24 13:21:08,23800,218465,184990,305695,40.75,2026-10-13,23178.05
2026-09-24 13:26:07,23800,217295,184990,314730,40.00,2026-10-13,23167.25
2026-09-24 13:31:07,23800,201890,184990,352105,41.70,2026-10-13,23151.50
2026-09-24 13:36:06,23800,204945,184990,366145,39.45,2026-10-13,23151.15
2026-09-24 13:41:05,23800,206310,184990,371150,39.20,2026-10-13,23136.40
2026-09-24 13:46:07,23800,215085,184990,387335,40.10,2026-10-13,23088.25
2026-09-24 13:51:06,23800,213655,184990,407680,41.10,2026-10-13,23100.00
2026-09-24 13:56:07,23800,209495,184990,427700,41.85,2026-10-13,23077.75
2026-09-24 14:01:08,23800,209430,184990,435955,42.45,2026-10-13,23075.55
2026-09-24 14:06:08,23800,207415,184990,449215,41.60,2026-10-13,23066.40
2026-09-24 14:11:08,23800,211640,184990,462865,39.70,2026-10-13,23073.90
2026-09-24 14:16:09,23800,215735,184990,471705,40.30,2026-10-13,23078.20
2026-09-24 14:21:08,23800,218075,184990,480090,40.00,2026-10-13,23064.10
2026-09-24 09:21:05,23900,6890000,7142330,3451955,4.25,2026-09-29,23228.00
2026-09-24 09:26:06,23900,6942780,7142330,5106790,4.25,2026-09-29,23239.80
2026-09-24 09:31:07,23900,6992180,7142330,6653465,4.50,2026-09-29,23258.60
2026-09-24 09:36:06,23900,7011095,7142330,7335640,4.35,2026-09-29,23266.40
2026-09-24 09:41:06,23900,6964165,7142330,7904520,4.30,2026-09-29,23241.75
2026-09-24 09:46:05,23900,7071740,7142330,8579025,4.40,2026-09-29,23230.85
2026-09-24 09:51:06,23900,7071805,7142330,9296495,4.70,2026-09-29,23233.00
2026-09-24 09:56:07,23900,7075315,7142330,9752795,4.55,2026-09-29,23213.70
2026-09-24 10:01:06,23900,7113405,7142330,10091965,4.55,2026-09-29,23229.80
2026-09-24 10:06:06,23900,7173595,7142330,10281115,4.50,2026-09-29,23233.00
2026-09-24 10:11:06,23900,7150325,7142330,10533705,4.50,2026-09-29,23229.25
2026-09-24 10:16:06,23900,7095010,7142330,11081655,5.00,2026-09-29,23218.55
2026-09-24 10:21:06,23900,7022275,7142330,11714105,4.75,2026-09-29,23216.00
2026-09-24 10:26:07,23900,7049445,7142330,12184640,4.85,2026-09-29,23204.10
2026-09-24 10:31:06,23900,7046455,7142330,12357800,4.75,2026-09-29,23213.25
2026-09-24 10:36:07,23900,7075835,7142330,12475255,4.60,2026-09-29,23220.25
2026-09-24 10:41:06,23900,6975605,7142330,12936885,4.60,2026-09-29,23220.25
2026-09-24 10:46:06,23900,6948890,7142330,13065325,4.65,2026-09-29,23220.75
2026-09-24 10:51:07,23900,6948825,7142330,13126685,4.65,2026-09-29,23234.45
2026-09-24 10:56:06,23900,6960395,7142330,13219050,4.60,2026-09-29,23238.30
2026-09-24 11:01:06,23900,6947785,7142330,13251095,4.65,2026-09-29,23234.40
2026-09-24 11:06:06,23900,6954545,7142330,13325325,4.50,2026-09-29,23222.45
2026-09-24 11:11:06,23900,6929650,7142330,13437385,4.45,2026-09-29,23225.00
2026-09-24 11:16:06,23900,6995495,7142330,13843570,4.50,2026-09-29,23226.10
2026-09-24 11:21:06,23900,6975475,7142330,13972855,4.40,2026-09-29,23229.45
2026-09-24 11:26:07,23900,6971510,7142330,14113905,4.50,2026-09-29,23216.10
2026-09-24 11:31:07,23900,6968195,7142330,14208220,4.50,2026-09-29,23216.20
2026-09-24 11:36:06,23900,6975865,7142330,14329510,4.45,2026-09-29,23209.70
2026-09-24 11:41:07,23900,7117500,7142330,14649765,4.45,2026-09-29,23208.95
2026-09-24 11:46:07,23900,7130110,7142330,14763385,4.35,2026-09-29,23210.35
2026-09-24 11:51:05,23900,7122765,7142330,14787695,4.35,2026-09-29,23207.60
2026-09-24 11:56:06,23900,7105410,7142330,14908010,4.35,2026-09-29,23198.85
2026-09-24 12:01:06,23900,6991140,7142330,15345785,4.45,2026-09-29,23196.80
2026-09-24 12:06:07,23900,7005310,7142330,15450240,4.30,2026-09-29,23209.50
2026-09-24 12:11:05,23900,6999200,7142330,15576470,4.30,2026-09-29,23207.00
2026-09-24 12:16:07,23900,6971185,7142330,15692105,4.25,2026-09-29,23199.90
2026-09-24 12:21:06,23900,6976125,7142330,15751125,4.20,2026-09-29,23198.65
2026-09-24 12:26:06,23900,6990295,7142330,15857725,4.25,2026-09-29,23175.90
2026-09-24 12:36:07,23900,6991595,7142330,16434405,4.55,2026-09-29,23171.75
2026-09-24 12:41:07,23900,6992375,7142330,16629795,4.25,2026-09-29,23179.45
2026-09-24 12:46:08,23900,6974695,7142330,16821805,4.35,2026-09-29,23172.05
2026-09-24 12:51:07,23900,6953505,7142330,17024085,4.45,2026-09-29,23178.35
2026-09-24 12:56:07,23900,6921265,7142330,17222010,4.40,2026-09-29,23168.05
2026-09-24 13:01:07,23900,6894160,7142330,17512105,4.35,2026-09-29,23168.55
2026-09-24 13:06:07,23900,6868485,7142330,17754035,4.25,2026-09-29,23182.55
2026-09-24 13:11:07,23900,6882265,7142330,17831775,4.30,2026-09-29,23177.80
2026-09-24 13:16:07,23900,6882915,7142330,17940260,4.20,2026-09-29,23185.50
2026-09-24 13:21:06,23900,6878170,7142330,18044455,4.25,2026-09-29,23178.25
2026-09-24 13:26:06,23900,6859450,7142330,18183750,4.35,2026-09-29,23167.05
2026-09-24 13:31:06,23900,6879990,7142330,19076980,4.50,2026-09-29,23151.70
2026-09-24 13:36:05,23900,6943365,7142330,19572865,4.60,2026-09-29,23151.50
2026-09-24 13:41:04,23900,6981325,7142330,20033975,4.65,2026-09-29,23136.10
2026-09-24 13:46:06,23900,7013825,7142330,20989280,5.25,2026-09-29,23086.45
2026-09-24 13:51:05,23900,7097220,7142330,21847345,5.30,2026-09-29,23100.15
2026-09-24 13:56:06,23900,7116655,7142330,22443655,5.75,2026-09-29,23078.40
2026-09-24 14:01:06,23900,7249255,7142330,23494120,5.80,2026-09-29,23072.60
2026-09-24 14:06:07,23900,7266285,7142330,24072815,5.65,2026-09-29,23065.45
2026-09-24 14:11:06,23900,7300605,7142330,24635000,5.30,2026-09-29,23073.05
2026-09-24 14:16:06,23900,7337980,7142330,25072775,5.15,2026-09-29,23077.45
2026-09-24 14:21:07,23900,7345650,7142330,25543830,5.40,2026-09-29,23065.55
2026-09-24 09:21:06,23900,621465,716170,459420,12.30,2026-10-06,23228.25
2026-09-24 09:26:07,23900,608790,716170,558805,12.20,2026-10-06,23239.10
2026-09-24 09:31:08,23900,603265,716170,654615,13.00,2026-10-06,23259.00
2026-09-24 09:36:07,23900,630760,716170,741000,13.15,2026-10-06,23265.90
2026-09-24 09:41:07,23900,630435,716170,791765,12.95,2026-10-06,23240.80
2026-09-24 09:46:06,23900,653900,716170,904670,13.15,2026-10-06,23229.95
2026-09-24 09:51:06,23900,656045,716170,1001650,13.30,2026-10-06,23233.75
2026-09-24 09:56:07,23900,670735,716170,1019785,13.20,2026-10-06,23213.85
2026-09-24 10:01:07,23900,671905,716170,1052480,13.35,2026-10-06,23230.55
2026-09-24 10:06:06,23900,678730,716170,1081665,13.20,2026-10-06,23232.95
2026-09-24 10:11:06,23900,681525,716170,1095185,13.30,2026-10-06,23228.70
2026-09-24 10:16:07,23900,682955,716170,1113060,13.20,2026-10-06,23218.70
2026-09-24 10:21:07,23900,684190,716170,1151215,13.40,2026-10-06,23216.35
2026-09-24 10:26:07,23900,683735,716170,1167595,13.55,2026-10-06,23204.05
2026-09-24 10:31:06,23900,680290,716170,1192880,13.50,2026-10-06,23212.70
2026-09-24 10:36:07,23900,674505,716170,1259050,13.45,2026-10-06,23220.60
2026-09-24 10:41:07,23900,669565,716170,1296620,13.65,2026-10-06,23221.15
2026-09-24 10:46:07,23900,667030,716170,1305330,13.70,2026-10-06,23220.65
2026-09-24 10:51:07,23900,663455,716170,1314365,13.90,2026-10-06,23233.60
2026-09-24 10:56:06,23900,663325,716170,1341730,14.20,2026-10-06,23239.20
2026-09-24 11:01:06,23900,673920,716170,1373255,14.30,2026-10-06,23233.70
2026-09-24 11:06:07,23900,656630,716170,1391845,13.75,2026-10-06,23222.55
2026-09-24 11:11:07,23900,653185,716170,1406080,13.65,2026-10-06,23225.20
2026-09-24 11:16:07,23900,655655,716170,1423110,13.75,2026-10-06,23225.25
2026-09-24 11:21:06,23900,647790,716170,1438710,13.85,2026-10-06,23229.15
2026-09-24 11:26:07,23900,648505,716170,1441570,13.70,2026-10-06,23216.00
2026-09-24 11:31:07,23900,645905,716170,1463085,13.70,2026-10-06,23216.15
2026-09-24 11:36:07,23900,651625,716170,1480180,13.15,2026-10-06,23209.65
2026-09-24 11:41:07,23900,653120,716170,1494285,13.25,2026-10-06,23208.95
2026-09-24 11:46:07,23900,652015,716170,1507220,13.25,2026-10-06,23210.10
2026-09-24 11:51:05,23900,654225,716170,1513265,13.10,2026-10-06,23206.75
2026-09-24 11:56:06,23900,653510,716170,1530490,12.90,2026-10-06,23198.40
2026-09-24 12:01:06,23900,655915,716170,1557530,13.25,2026-10-06,23196.85
2026-09-24 12:06:07,23900,657020,716170,1575665,13.25,2026-10-06,23209.80
2026-09-24 12:11:05,23900,657215,716170,1581970,13.00,2026-10-06,23206.90
2026-09-24 12:16:07,23900,660725,716170,1595295,13.10,2026-10-06,23200.30
2026-09-24 12:21:07,23900,660270,716170,1611545,13.00,2026-10-06,23198.65
2026-09-24 12:26:06,23900,661765,716170,1630460,12.60,2026-10-06,23175.75
2026-09-24 12:36:08,23900,668785,716170,1660165,12.85,2026-10-06,23172.45
2026-09-24 12:41:08,23900,639795,716170,1737840,13.30,2026-10-06,23179.50
2026-09-24 12:46:08,23900,637325,716170,1788150,13.35,2026-10-06,23171.10
2026-09-24 12:51:08,23900,635050,716170,1809145,13.25,2026-10-06,23178.25
2026-09-24 12:56:08,23900,638170,716170,1822275,13.10,2026-10-06,23167.90
2026-09-24 13:01:08,23900,633880,716170,1842035,13.05,2026-10-06,23167.70
2026-09-24 13:06:07,23900,630630,716170,1857765,12.50,2026-10-06,23182.45
2026-09-24 13:11:08,23900,630500,716170,1867970,12.60,2026-10-06,23177.20
2026-09-24 13:16:08,23900,627250,716170,1877005,12.50,2026-10-06,23185.00
2026-09-24 13:21:07,23900,627965,716170,1882010,12.50,2026-10-06,23178.10
2026-09-24 13:26:06,23900,628810,716170,1899625,12.40,2026-10-06,23167.35
2026-09-24 13:31:07,23900,612625,716170,1969305,12.75,2026-10-06,23152.05
2026-09-24 13:36:06,23900,637390,716170,2066155,12.60,2026-10-06,23151.60
2026-09-24 13:41:05,23900,636870,716170,2113800,12.90,2026-10-06,23135.95
2026-09-24 13:46:07,23900,614900,716170,2188940,13.70,2026-10-06,23087.20
2026-09-24 13:51:06,23900,599040,716170,2269540,13.40,2026-10-06,23099.90
2026-09-24 13:56:06,23900,591695,716170,2311075,14.15,2026-10-06,23078.00
2026-09-24 14:01:06,23900,598910,716170,2377635,14.60,2026-10-06,23073.25
2026-09-24 14:06:07,23900,614250,716170,2506205,14.10,2026-10-06,23066.10
2026-09-24 14:11:07,23900,581620,716170,2619565,13.70,2026-10-06,23073.60
2026-09-24 14:16:08,23900,556920,716170,2691585,13.70,2026-10-06,23077.10
2026-09-24 14:21:08,23900,557765,716170,2728830,13.65,2026-10-06,23065.05
2026-09-24 09:21:06,23900,0,0,0,0.00,2026-10-13,23227.45
2026-09-24 09:26:07,23900,0,0,0,0.00,2026-10-13,23238.65
2026-09-24 09:31:08,23900,0,0,0,0.00,2026-10-13,23259.10
2026-09-24 09:36:07,23900,0,0,0,0.00,2026-10-13,23266.10
2026-09-24 09:41:07,23900,0,0,0,0.00,2026-10-13,23241.25
2026-09-24 09:46:06,23900,0,0,0,0.00,2026-10-13,23230.10
2026-09-24 09:51:07,23900,0,0,0,0.00,2026-10-13,23234.60
2026-09-24 09:56:08,23900,0,0,0,0.00,2026-10-13,23214.30
2026-09-24 10:01:07,23900,0,0,0,0.00,2026-10-13,23230.20
2026-09-24 10:06:07,23900,0,0,0,0.00,2026-10-13,23232.65
2026-09-24 10:11:07,23900,0,0,0,0.00,2026-10-13,23228.60
2026-09-24 10:16:07,23900,0,0,0,0.00,2026-10-13,23217.60
2026-09-24 10:21:07,23900,0,0,0,0.00,2026-10-13,23216.80
2026-09-24 10:26:08,23900,0,0,0,0.00,2026-10-13,23203.85
2026-09-24 10:31:07,23900,0,0,0,0.00,2026-10-13,23213.05
2026-09-24 10:36:08,23900,0,0,0,0.00,2026-10-13,23220.55
2026-09-24 10:41:07,23900,0,0,0,0.00,2026-10-13,23221.10
2026-09-24 10:46:07,23900,0,0,0,0.00,2026-10-13,23220.55
2026-09-24 10:51:08,23900,0,0,0,0.00,2026-10-13,23233.90
2026-09-24 10:56:07,23900,0,0,0,0.00,2026-10-13,23237.95
2026-09-24 11:01:07,23900,0,0,0,0.00,2026-10-13,23234.55
2026-09-24 11:06:07,23900,0,0,0,0.00,2026-10-13,23222.15
2026-09-24 11:11:07,23900,0,0,0,0.00,2026-10-13,23225.15
2026-09-24 11:16:08,23900,0,0,0,0.00,2026-10-13,23225.70
2026-09-24 11:21:07,23900,0,0,0,0.00,2026-10-13,23229.45
2026-09-24 11:26:08,23900,0,0,0,0.00,2026-10-13,23216.25
2026-09-24 11:31:08,23900,0,0,0,0.00,2026-10-13,23216.00
2026-09-24 11:36:07,23900,0,0,0,0.00,2026-10-13,23210.65
2026-09-24 11:41:08,23900,0,0,0,0.00,2026-10-13,23210.40
2026-09-24 11:46:08,23900,0,0,0,0.00,2026-10-13,23210.45
2026-09-24 11:51:06,23900,0,0,0,0.00,2026-10-13,23205.75
2026-09-24 11:56:07,23900,0,0,0,0.00,2026-10-13,23198.30
2026-09-24 12:01:07,23900,0,0,0,0.00,2026-10-13,23196.80
2026-09-24 12:06:08,23900,0,0,0,0.00,2026-10-13,23209.50
2026-09-24 12:11:06,23900,0,0,0,0.00,2026-10-13,23207.20
2026-09-24 12:16:08,23900,0,0,0,0.00,2026-10-13,23200.80
2026-09-24 12:21:08,23900,0,0,0,0.00,2026-10-13,23199.15
2026-09-24 12:26:07,23900,0,0,0,0.00,2026-10-13,23175.00
2026-09-24 12:36:08,23900,0,0,0,0.00,2026-10-13,23172.95
2026-09-24 12:41:08,23900,0,0,0,0.00,2026-10-13,23178.80
2026-09-24 12:46:09,23900,0,0,0,0.00,2026-10-13,23171.55
2026-09-24 12:51:08,23900,0,0,0,0.00,2026-10-13,23178.45
2026-09-24 12:56:08,23900,0,0,0,0.00,2026-10-13,23167.75
2026-09-24 13:01:08,23900,0,0,0,0.00,2026-10-13,23167.55
2026-09-24 13:06:08,23900,0,0,0,0.00,2026-10-13,23182.50
2026-09-24 13:11:08,23900,0,0,0,0.00,2026-10-13,23177.65
2026-09-24 13:16:09,23900,0,0,0,0.00,2026-10-13,23184.40
2026-09-24 13:21:08,23900,0,0,0,0.00,2026-10-13,23178.05
2026-09-24 13:26:07,23900,0,0,0,0.00,2026-10-13,23167.25
2026-09-24 13:31:07,23900,0,0,0,0.00,2026-10-13,23151.50
2026-09-24 13:36:06,23900,0,0,0,0.00,2026-10-13,23151.15
2026-09-24 13:41:05,23900,0,0,0,0.00,2026-10-13,23136.40
2026-09-24 13:46:07,23900,0,0,0,0.00,2026-10-13,23088.25
2026-09-24 13:51:06,23900,0,0,0,0.00,2026-10-13,23100.00
2026-09-24 13:56:07,23900,0,0,0,0.00,2026-10-13,23077.75
2026-09-24 14:01:08,23900,0,0,0,0.00,2026-10-13,23075.55
2026-09-24 14:06:08,23900,0,0,0,0.00,2026-10-13,23066.40
2026-09-24 14:11:08,23900,0,0,0,0.00,2026-10-13,23073.90
2026-09-24 14:16:09,23900,0,0,0,0.00,2026-10-13,23078.20
2026-09-24 14:21:08,23900,0,0,0,0.00,2026-10-13,23064.10
2026-09-24 09:21:05,24000,15251665,15299505,7813325,3.70,2026-09-29,23228.00
2026-09-24 09:26:06,24000,15898870,15299505,11024130,3.65,2026-09-29,23239.80
2026-09-24 09:31:07,24000,16841045,15299505,13528710,3.80,2026-09-29,23258.60
2026-09-24 09:36:06,24000,17193280,15299505,14514955,3.70,2026-09-29,23266.40
2026-09-24 09:41:06,24000,17292730,15299505,15464800,3.65,2026-09-29,23241.75
2026-09-24 09:46:05,24000,17411810,15299505,16754465,3.70,2026-09-29,23230.85
2026-09-24 09:51:06,24000,17593225,15299505,18292820,3.90,2026-09-29,23233.00
2026-09-24 09:56:07,24000,17581460,15299505,19433310,3.80,2026-09-29,23213.70
2026-09-24 10:01:06,24000,17525950,15299505,20414420,3.75,2026-09-29,23229.80
2026-09-24 10:06:06,24000,17548830,15299505,20840560,3.80,2026-09-29,23233.00
2026-09-24 10:11:06,24000,17551560,15299505,21330010,3.80,2026-09-29,23229.25
2026-09-24 10:16:06,24000,17567810,15299505,22108125,4.20,2026-09-29,23218.55
2026-09-24 10:21:06,24000,18107050,15299505,23633350,4.00,2026-09-29,23216.00
2026-09-24 10:26:07,24000,18665075,15299505,25037155,4.15,2026-09-29,23204.10
2026-09-24 10:31:06,24000,18703945,15299505,25428520,4.00,2026-09-29,23213.25
2026-09-24 10:36:07,24000,18712330,15299505,25717055,3.95,2026-09-29,23220.25
2026-09-24 10:41:06,24000,18643495,15299505,26077480,3.95,2026-09-29,23220.25
2026-09-24 10:46:06,24000,18553470,15299505,26291655,3.95,2026-09-29,23220.75
2026-09-24 10:51:07,24000,18504785,15299505,26440180,3.90,2026-09-29,23234.45
2026-09-24 10:56:06,24000,18487365,15299505,26619125,3.90,2026-09-29,23238.30
2026-09-24 11:01:06,24000,18463575,15299505,26811785,3.95,2026-09-29,23234.40
2026-09-24 11:06:06,24000,18426655,15299505,26990665,3.80,2026-09-29,23222.45
2026-09-24 11:11:06,24000,18442385,15299505,27277250,3.80,2026-09-29,23225.00
2026-09-24 11:16:06,24000,18662150,15299505,27897870,3.70,2026-09-29,23226.10
2026-09-24 11:21:06,24000,18692635,15299505,28084940,3.65,2026-09-29,23229.45
2026-09-24 11:26:07,24000,18710510,15299505,28225795,3.75,2026-09-29,23216.10
2026-09-24 11:31:07,24000,18699655,15299505,28418130,3.70,2026-09-29,23216.20
2026-09-24 11:36:06,24000,18711290,15299505,28788825,3.80,2026-09-29,23209.70
2026-09-24 11:41:07,24000,18693350,15299505,29002805,3.75,2026-09-29,23208.95
2026-09-24 11:46:07,24000,18709340,15299505,29130985,3.75,2026-09-29,23210.35
2026-09-24 11:51:05,24000,18721300,15299505,29214835,3.65,2026-09-29,23207.60
2026-09-24 11:56:06,24000,18744830,15299505,29412760,3.75,2026-09-29,23198.85
2026-09-24 12:01:06,24000,18801445,15299505,29966625,3.90,2026-09-29,23196.80
2026-09-24 12:06:07,24000,18815095,15299505,30256915,3.70,2026-09-29,23209.50
2026-09-24 12:11:05,24000,18672485,15299505,30667585,3.60,2026-09-29,23207.00
2026-09-24 12:16:07,24000,18680935,15299505,30853485,3.65,2026-09-29,23199.90
2026-09-24 12:21:06,24000,18693870,15299505,31144295,3.65,2026-09-29,23198.65
2026-09-24 12:26:06,24000,18686525,15299505,31444790,3.60,2026-09-29,23175.90
2026-09-24 12:36:07,24000,18630430,15299505,32695130,3.95,2026-09-29,23171.75
2026-09-24 12:41:07,24000,18461885,15299505,32997640,3.70,2026-09-29,23179.45
2026-09-24 12:46:08,24000,18480410,15299505,33268560,3.85,2026-09-29,23172.05
2026-09-24 12:51:07,24000,18408325,15299505,33601230,3.85,2026-09-29,23178.35
2026-09-24 12:56:07,24000,18293015,15299505,33934030,3.85,2026-09-29,23168.05
2026-09-24 13:01:07,24000,18276570,15299505,34255585,3.80,2026-09-29,23168.55
2026-09-24 13:06:07,24000,18279365,15299505,34764795,3.75,2026-09-29,23182.55
2026-09-24 13:11:07,24000,18361265,15299505,34953295,3.75,2026-09-29,23177.80
2026-09-24 13:16:07,24000,18373485,15299505,35129185,3.70,2026-09-29,23185.50
2026-09-24 13:21:06,24000,18377060,15299505,35297340,3.80,2026-09-29,23178.25
2026-09-24 13:26:06,24000,18406050,15299505,35592765,3.90,2026-09-29,23167.05
2026-09-24 13:31:06,24000,18451355,15299505,37276070,3.95,2026-09-29,23151.70
2026-09-24 13:36:05,24000,18479565,15299505,37999000,4.05,2026-09-29,23151.50
2026-09-24 13:41:04,24000,18585385,15299505,38703925,4.10,2026-09-29,23136.10
2026-09-24 13:46:06,24000,18608330,15299505,40367145,4.50,2026-09-29,23086.45
2026-09-24 13:51:05,24000,18582590,15299505,42183245,4.60,2026-09-29,23100.15
2026-09-24 13:56:06,24000,18871385,15299505,43837300,5.00,2026-09-29,23078.40
2026-09-24 14:01:06,24000,19027255,15299505,45449105,4.85,2026-09-29,23072.60
2026-09-24 14:06:07,24000,19042790,15299505,46281170,4.80,2026-09-29,23065.45
2026-09-24 14:11:06,24000,19227390,15299505,47608210,4.45,2026-09-29,23073.05
2026-09-24 14:16:06,24000,19274775,15299505,48212385,4.40,2026-09-29,23077.45
2026-09-24 14:21:07,24000,19292585,15299505,48905480,4.60,2026-09-29,23065.55
2026-09-24 09:21:06,24000,1448720,1546805,734890,8.45,2026-10-06,23228.25
2026-09-24 09:26:07,24000,1379365,1546805,984100,8.55,2026-10-06,23239.10
2026-09-24 09:31:08,24000,1403545,1546805,1114035,9.15,2026-10-06,23259.00
2026-09-24 09:36:07,24000,1410695,1546805,1190995,9.30,2026-10-06,23265.90
2026-09-24 09:41:07,24000,1427660,1546805,1304615,9.10,2026-10-06,23240.80
2026-09-24 09:46:06,24000,1422915,1546805,1403415,9.40,2026-10-06,23229.95
2026-09-24 09:51:06,24000,1468155,1546805,1520025,9.65,2026-10-06,23233.75
2026-09-24 09:56:07,24000,1473095,1546805,1564030,9.45,2026-10-06,23213.85
2026-09-24 10:01:07,24000,1485965,1546805,1606475,9.55,2026-10-06,23230.55
2026-09-24 10:06:06,24000,1502280,1546805,1644240,9.50,2026-10-06,23232.95
2026-09-24 10:11:06,24000,1505855,1546805,1674985,9.55,2026-10-06,23228.70
2026-09-24 10:16:07,24000,1506440,1546805,1707355,9.75,2026-10-06,23218.70
2026-09-24 10:21:07,24000,1511575,1546805,1730885,9.75,2026-10-06,23216.35
2026-09-24 10:26:07,24000,1509365,1546805,1769300,9.80,2026-10-06,23204.05
2026-09-24 10:31:06,24000,1504295,1546805,1838850,9.75,2026-10-06,23212.70
2026-09-24 10:36:07,24000,1500980,1546805,1889875,9.85,2026-10-06,23220.60
2026-09-24 10:41:07,24000,1512550,1546805,1941810,9.85,2026-10-06,23221.15
2026-09-24 10:46:07,24000,1523990,1546805,1972360,10.10,2026-10-06,23220.65
2026-09-24 10:51:07,24000,1532570,1546805,2009540,10.15,2026-10-06,23233.60
2026-09-24 10:56:06,24000,1544075,1546805,2050880,10.45,2026-10-06,23239.20
2026-09-24 11:01:06,24000,1552785,1546805,2083640,10.30,2026-10-06,23233.70
2026-09-24 11:06:07,24000,1556620,1546805,2113345,10.15,2026-10-06,23222.55
2026-09-24 11:11:07,24000,1555385,1546805,2132715,10.20,2026-10-06,23225.20
2026-09-24 11:16:07,24000,1560000,1546805,2164760,10.20,2026-10-06,23225.25
2026-09-24 11:21:06,24000,1558115,1546805,2186015,10.25,2026-10-06,23229.15
2026-09-24 11:26:07,24000,1564940,1546805,2208765,10.20,2026-10-06,23216.00
2026-09-24 11:31:07,24000,1560585,1546805,2235805,10.20,2026-10-06,23216.15
2026-09-24 11:36:07,24000,1567150,1546805,2257060,9.95,2026-10-06,23209.65
2026-09-24 11:41:07,24000,1557140,1546805,2281110,9.90,2026-10-06,23208.95
2026-09-24 11:46:07,24000,1561560,1546805,2289885,9.85,2026-10-06,23210.10
2026-09-24 11:51:05,24000,1561950,1546805,2303015,9.85,2026-10-06,23206.75
2026-09-24 11:56:06,24000,1557075,1546805,2321345,9.70,2026-10-06,23198.40
2026-09-24 12:01:06,24000,1552265,1546805,2347865,9.85,2026-10-06,23196.85
2026-09-24 12:06:07,24000,1547585,1546805,2375360,9.80,2026-10-06,23209.80
2026-09-24 12:11:05,24000,1549795,1546805,2392845,9.75,2026-10-06,23206.90
2026-09-24 12:16:07,24000,1542190,1546805,2422160,9.80,2026-10-06,23200.30
2026-09-24 12:21:07,24000,1538225,1546805,2440490,9.60,2026-10-06,23198.65
2026-09-24 12:26:06,24000,1539395,1546805,2461225,9.40,2026-10-06,23175.75
2026-09-24 12:36:08,24000,1528995,1546805,2501980,9.70,2026-10-06,23172.45
2026-09-24 12:41:08,24000,1520545,1546805,2589275,9.80,2026-10-06,23179.50
2026-09-24 12:46:08,24000,1519635,1546805,2610140,9.90,2026-10-06,23171.10
2026-09-24 12:51:08,24000,1521520,1546805,2640235,9.75,2026-10-06,23178.25
2026-09-24 12:56:08,24000,1519895,1546805,2659150,9.65,2026-10-06,23167.90
2026-09-24 13:01:08,24000,1518530,1546805,2681185,9.70,2026-10-06,23167.70
2026-09-24 13:06:07,24000,1520545,1546805,2699775,9.30,2026-10-06,23182.45
2026-09-24 13:11:08,24000,1528670,1546805,2720965,9.35,2026-10-06,23177.20
2026-09-24 13:16:08,24000,1542385,1546805,2748850,9.30,2026-10-06,23185.00
2026-09-24 13:21:07,24000,1557855,1546805,2767570,9.40,2026-10-06,23178.10
2026-09-24 13:26:06,24000,1575730,1546805,2814305,9.30,2026-10-06,23167.35
2026-09-24 13:31:07,24000,1570465,1546805,2943720,9.65,2026-10-06,23152.05
2026-09-24 13:36:06,24000,1577420,1546805,3012555,9.50,2026-10-06,23151.60
2026-09-24 13:41:05,24000,1595100,1546805,3124095,9.75,2026-10-06,23135.95
2026-09-24 13:46:07,24000,1564810,1546805,3229720,10.45,2026-10-06,23087.20
2026-09-24 13:51:06,24000,1590420,1546805,3478930,10.40,2026-10-06,23099.90
2026-09-24 13:56:06,24000,1583140,1546805,3600740,10.85,2026-10-06,23078.00
2026-09-24 14:01:06,24000,1580475,1546805,3756155,11.05,2026-10-06,23073.25
2026-09-24 14:06:07,24000,1545310,1546805,3902925,10.65,2026-10-06,23066.10
2026-09-24 14:11:07,24000,1550120,1546805,4002960,10.30,2026-10-06,23073.60
2026-09-24 14:16:08,24000,1566695,1546805,4103515,10.40,2026-10-06,23077.10
2026-09-24 14:21:08,24000,1594450,1546805,4163315,10.40,2026-10-06,23065.05
2026-09-24 09:21:06,24000,307125,323375,87100,22.15,2026-10-13,23227.45
2026-09-24 09:26:07,24000,333060,323375,151125,21.35,2026-10-13,23238.65
2026-09-24 09:31:08,24000,337545,323375,174200,22.00,2026-10-13,23259.10
2026-09-24 09:36:07,24000,344630,323375,190905,21.85,2026-10-13,23266.10
2026-09-24 09:41:07,24000,346905,323375,204945,21.80,2026-10-13,23241.25
2026-09-24 09:46:06,24000,350935,323375,228540,22.45,2026-10-13,23230.10
2026-09-24 09:51:07,24000,359645,323375,248690,22.75,2026-10-13,23234.60
2026-09-24 09:56:08,24000,366080,323375,263835,22.15,2026-10-13,23214.30
2026-09-24 10:01:07,24000,372515,323375,276835,22.00,2026-10-13,23230.20
2026-09-24 10:06:07,24000,371215,323375,286130,21.75,2026-10-13,23232.65
2026-09-24 10:11:07,24000,372645,323375,293995,21.80,2026-10-13,23228.60
2026-09-24 10:16:07,24000,373750,323375,303615,21.65,2026-10-13,23217.60
2026-09-24 10:21:07,24000,370630,323375,330005,22.20,2026-10-13,23216.80
2026-09-24 10:26:08,24000,370630,323375,331305,22.15,2026-10-13,23203.85
2026-09-24 10:31:07,24000,373295,323375,338845,22.40,2026-10-13,23213.05
2026-09-24 10:36:08,24000,373945,323375,346125,22.30,2026-10-13,23220.55
2026-09-24 10:41:07,24000,374335,323375,357565,22.15,2026-10-13,23221.10
2026-09-24 10:46:07,24000,378885,323375,361595,22.10,2026-10-13,23220.55
2026-09-24 10:51:08,24000,379925,323375,363350,22.30,2026-10-13,23233.90
2026-09-24 10:56:07,24000,381680,323375,369395,22.65,2026-10-13,23237.95
2026-09-24 11:01:07,24000,382980,323375,373555,22.50,2026-10-13,23234.55
2026-09-24 11:06:07,24000,383565,323375,379470,21.95,2026-10-13,23222.15
2026-09-24 11:11:07,24000,383045,323375,382460,21.85,2026-10-13,23225.15
2026-09-24 11:16:08,24000,384150,323375,385060,21.75,2026-10-13,23225.70
2026-09-24 11:21:07,24000,385450,323375,389090,21.95,2026-10-13,23229.45
2026-09-24 11:26:08,24000,386750,323375,397670,21.80,2026-10-13,23216.25
2026-09-24 11:31:08,24000,386555,323375,414245,22.05,2026-10-13,23216.00
2026-09-24 11:36:07,24000,392080,323375,423280,21.40,2026-10-13,23210.65
2026-09-24 11:41:08,24000,404300,323375,452595,20.85,2026-10-13,23210.40
2026-09-24 11:46:08,24000,406250,323375,457210,21.15,2026-10-13,23210.45
2026-09-24 11:51:06,24000,407615,323375,463255,21.00,2026-10-13,23205.75
2026-09-24 11:56:07,24000,408265,323375,465140,20.85,2026-10-13,23198.30
2026-09-24 12:01:07,24000,406965,323375,476970,20.80,2026-10-13,23196.80
2026-09-24 12:06:08,24000,405795,323375,480220,20.85,2026-10-13,23209.50
2026-09-24 12:11:06,24000,406120,323375,483145,20.95,2026-10-13,23207.20
2026-09-24 12:16:08,24000,406315,323375,485810,20.70,2026-10-13,23200.80
2026-09-24 12:21:08,24000,409305,323375,489645,20.45,2026-10-13,23199.15
2026-09-24 12:26:07,24000,408980,323375,506090,20.15,2026-10-13,23175.00
2026-09-24 12:36:08,24000,399425,323375,522860,20.45,2026-10-13,23172.95
2026-09-24 12:41:08,24000,401765,323375,532220,20.90,2026-10-13,23178.80
2026-09-24 12:46:09,24000,428220,323375,613210,22.05,2026-10-13,23171.55
2026-09-24 12:51:08,24000,446875,323375,630565,22.00,2026-10-13,23178.45
2026-09-24 12:56:08,24000,456560,323375,646165,22.10,2026-10-13,23167.75
2026-09-24 13:01:08,24000,457145,323375,652405,21.70,2026-10-13,23167.55
2026-09-24 13:06:08,24000,456950,323375,655005,21.45,2026-10-13,23182.50
2026-09-24 13:11:08,24000,457600,323375,678535,20.90,2026-10-13,23177.65
2026-09-24 13:16:09,24000,422175,323375,763620,20.45,2026-10-13,23184.40
2026-09-24 13:21:08,24000,419120,323375,771680,20.55,2026-10-13,23178.05
2026-09-24 13:26:07,24000,406575,323375,783250,20.20,2026-10-13,23167.25
2026-09-24 13:31:07,24000,417105,323375,846560,22.05,2026-10-13,23151.50
2026-09-24 13:36:06,24000,413660,323375,913965,20.35,2026-10-13,23151.15
2026-09-24 13:41:05,24000,396695,323375,932165,20.60,2026-10-13,23136.40
2026-09-24 13:46:07,24000,386425,323375,956475,21.50,2026-10-13,23088.25
2026-09-24 13:51:06,24000,380640,323375,985855,22.20,2026-10-13,23100.00
2026-09-24 13:56:07,24000,385645,323375,1003210,22.80,2026-10-13,23077.75
2026-09-24 14:01:08,24000,386945,323375,1022125,23.25,2026-10-13,23075.55
2026-09-24 14:06:08,24000,393575,323375,1044615,22.65,2026-10-13,23066.40
2026-09-24 14:11:08,24000,395720,323375,1065935,21.70,2026-10-13,23073.90
2026-09-24 14:16:09,24000,398775,323375,1076465,21.90,2026-10-13,23078.20
2026-09-24 14:21:08,24000,402545,323375,1087710,21.65,2026-10-13,23064.10
2026-09-24 09:21:05,24100,4603235,4243135,3902470,3.05,2026-09-29,23228.00
2026-09-24 09:26:06,24100,4644770,4243135,6434610,3.05,2026-09-29,23239.80
2026-09-24 09:31:07,24100,4221685,4243135,8355750,3.05,2026-09-29,23258.60
2026-09-24 09:36:06,24100,4241640,4243135,8807240,3.00,2026-09-29,23266.40
2026-09-24 09:41:06,24100,4232150,4243135,9288565,3.00,2026-09-29,23241.75
2026-09-24 09:46:05,24100,4336605,4243135,10050625,3.10,2026-09-29,23230.85
2026-09-24 09:51:06,24100,4406870,4243135,10992475,3.30,2026-09-29,23233.00
2026-09-24 09:56:07,24100,4580940,4243135,11553815,3.10,2026-09-29,23213.70
2026-09-24 10:01:06,24100,4716985,4243135,11893765,3.20,2026-09-29,23229.80
2026-09-24 10:06:06,24100,4816760,4243135,12229880,3.20,2026-09-29,23233.00
2026-09-24 10:11:06,24100,4869930,4243135,12543895,3.20,2026-09-29,23229.25
2026-09-24 10:16:06,24100,4880850,4243135,12827360,3.50,2026-09-29,23218.55
2026-09-24 10:21:06,24100,4627935,4243135,13916955,3.30,2026-09-29,23216.00
2026-09-24 10:26:07,24100,4638335,4243135,14379105,3.40,2026-09-29,23204.10
2026-09-24 10:31:06,24100,4696965,4243135,14573845,3.25,2026-09-29,23213.25
2026-09-24 10:36:07,24100,4706715,4243135,14650870,3.20,2026-09-29,23220.25
2026-09-24 10:41:06,24100,4743635,4243135,14756105,3.20,2026-09-29,23220.25
2026-09-24 10:46:06,24100,4749615,4243135,14846195,3.20,2026-09-29,23220.75
2026-09-24 10:51:07,24100,4752215,4243135,14967485,3.25,2026-09-29,23234.45
2026-09-24 10:56:06,24100,4725435,4243135,15063685,3.15,2026-09-29,23238.30
2026-09-24 11:01:06,24100,4750590,4243135,15155205,3.20,2026-09-29,23234.40
2026-09-24 11:06:06,24100,4727840,4243135,15333435,3.05,2026-09-29,23222.45
2026-09-24 11:11:06,24100,4697420,4243135,15587000,3.00,2026-09-29,23225.00
2026-09-24 11:16:06,24100,4605510,4243135,16037905,2.90,2026-09-29,23226.10
2026-09-24 11:21:06,24100,4548440,4243135,16369665,2.85,2026-09-29,23229.45
2026-09-24 11:26:07,24100,4523870,4243135,16460860,2.95,2026-09-29,23216.10
2026-09-24 11:31:07,24100,4540575,4243135,16543410,3.00,2026-09-29,23216.20
2026-09-24 11:36:06,24100,4543175,4243135,16697395,3.00,2026-09-29,23209.70
2026-09-24 11:41:07,24100,4651465,4243135,16949335,3.05,2026-09-29,23208.95
2026-09-24 11:46:07,24100,4639505,4243135,17041700,3.00,2026-09-29,23210.35
2026-09-24 11:51:05,24100,4640545,4243135,17049630,3.00,2026-09-29,23207.60
2026-09-24 11:56:06,24100,4627545,4243135,17108910,3.00,2026-09-29,23198.85
2026-09-24 12:01:06,24100,4828720,4243135,17662515,3.25,2026-09-29,23196.80
2026-09-24 12:06:07,24100,4835480,4243135,17752410,3.05,2026-09-29,23209.50
2026-09-24 12:11:05,24100,4872530,4243135,17983875,2.90,2026-09-29,23207.00
2026-09-24 12:16:07,24100,4897295,4243135,18345990,2.95,2026-09-29,23199.90
2026-09-24 12:21:06,24100,4966455,4243135,18697575,2.95,2026-09-29,23198.65
2026-09-24 12:26:06,24100,4941560,4243135,18973370,3.00,2026-09-29,23175.90
2026-09-24 12:36:07,24100,5111145,4243135,20018700,3.25,2026-09-29,23171.75
2026-09-24 12:41:07,24100,5211830,4243135,20285590,3.00,2026-09-29,23179.45
2026-09-24 12:46:08,24100,5232240,4243135,20470840,3.10,2026-09-29,23172.05
2026-09-24 12:51:07,24100,5255705,4243135,20696585,3.10,2026-09-29,23178.35
2026-09-24 12:56:07,24100,5289115,4243135,20847905,3.15,2026-09-29,23168.05
2026-09-24 13:01:07,24100,5279625,4243135,21140730,3.10,2026-09-29,23168.55
2026-09-24 13:06:07,24100,5262595,4243135,21278920,3.10,2026-09-29,23182.55
2026-09-24 13:11:07,24100,5297240,4243135,21337680,3.10,2026-09-29,23177.80
2026-09-24 13:16:07,24100,5288595,4243135,21495760,3.00,2026-09-29,23185.50
2026-09-24 13:21:06,24100,5271305,4243135,21591960,3.05,2026-09-29,23178.25
2026-09-24 13:26:06,24100,5282485,4243135,21684130,3.15,2026-09-29,23167.05
2026-09-24 13:31:06,24100,5476835,4243135,22800765,3.25,2026-09-29,23151.70
2026-09-24 13:36:05,24100,5461170,4243135,23218195,3.40,2026-09-29,23151.50
2026-09-24 13:41:04,24100,5566145,4243135,23754380,3.40,2026-09-29,23136.10
2026-09-24 13:46:06,24100,5557955,4243135,24519625,3.65,2026-09-29,23086.45
2026-09-24 13:51:05,24100,5561335,4243135,25385360,3.80,2026-09-29,23100.15
2026-09-24 13:56:06,24100,5762900,4243135,26687310,4.05,2026-09-29,23078.40
2026-09-24 14:01:06,24100,5793580,4243135,27384370,4.00,2026-09-29,23072.60
2026-09-24 14:06:07,24100,5813210,4243135,27896960,3.85,2026-09-29,23065.45
2026-09-24 14:11:06,24100,5816395,4243135,28287155,3.60,2026-09-29,23073.05
2026-09-24 14:16:06,24100,5811455,4243135,28574455,3.60,2026-09-29,23077.45
2026-09-24 14:21:07,24100,5803980,4243135,28995330,3.70,2026-09-29,23065.55
2026-09-24 09:21:06,24100,684970,723970,162760,6.05,2026-10-06,23228.25
2026-09-24 09:26:07,24100,745290,723970,337935,6.00,2026-10-06,23239.10
2026-09-24 09:31:08,24100,746590,723970,445640,6.45,2026-10-06,23259.00
2026-09-24 09:36:07,24100,743535,723970,522145,6.50,2026-10-06,23265.90
2026-09-24 09:41:07,24100,757640,723970,554970,6.40,2026-10-06,23240.80
2026-09-24 09:46:06,24100,788190,723970,624455,6.70,2026-10-06,23229.95
2026-09-24 09:51:06,24100,793585,723970,666965,6.85,2026-10-06,23233.75
2026-09-24 09:56:07,24100,807755,723970,700440,6.70,2026-10-06,23213.85
2026-09-24 10:01:07,24100,816725,723970,733980,6.75,2026-10-06,23230.55
2026-09-24 10:06:06,24100,823940,723970,746265,6.75,2026-10-06,23232.95
2026-09-24 10:11:06,24100,818805,723970,760695,6.80,2026-10-06,23228.70
2026-09-24 10:16:07,24100,814710,723970,773630,7.00,2026-10-06,23218.70
2026-09-24 10:21:07,24100,830440,723970,805350,7.00,2026-10-06,23216.35
2026-09-24 10:26:07,24100,831350,723970,823225,7.05,2026-10-06,23204.05
2026-09-24 10:31:06,24100,828035,723970,832520,7.10,2026-10-06,23212.70
2026-09-24 10:36:07,24100,829140,723970,842660,7.10,2026-10-06,23220.60
2026-09-24 10:41:07,24100,828490,723970,855595,7.10,2026-10-06,23221.15
2026-09-24 10:46:07,24100,827385,723970,864630,7.20,2026-10-06,23220.65
2026-09-24 10:51:07,24100,827255,723970,874705,7.35,2026-10-06,23233.60
2026-09-24 10:56:06,24100,824200,723970,889980,7.55,2026-10-06,23239.20
2026-09-24 11:01:06,24100,822445,723970,895570,7.50,2026-10-06,23233.70
2026-09-24 11:06:07,24100,819585,723970,907595,7.35,2026-10-06,23222.55
2026-09-24 11:11:07,24100,819195,723970,926315,7.35,2026-10-06,23225.20
2026-09-24 11:16:07,24100,817245,723970,936780,7.45,2026-10-06,23225.25
2026-09-24 11:21:06,24100,816465,723970,942695,7.55,2026-10-06,23229.15
2026-09-24 11:26:07,24100,816400,723970,951990,7.45,2026-10-06,23216.00
2026-09-24 11:31:07,24100,816985,723970,953290,7.50,2026-10-06,23216.15
2026-09-24 11:36:07,24100,817180,723970,956150,7.30,2026-10-06,23209.65
2026-09-24 11:41:07,24100,816660,723970,958620,7.30,2026-10-06,23208.95
2026-09-24 11:46:07,24100,816985,723970,962455,7.25,2026-10-06,23210.10
2026-09-24 11:51:05,24100,819130,723970,968500,7.25,2026-10-06,23206.75
2026-09-24 11:56:06,24100,818870,723970,970450,7.15,2026-10-06,23198.40
2026-09-24 12:01:06,24100,818220,723970,977015,7.35,2026-10-06,23196.85
2026-09-24 12:06:07,24100,818610,723970,980070,7.25,2026-10-06,23209.80
2026-09-24 12:11:05,24100,818155,723970,983255,7.15,2026-10-06,23206.90
2026-09-24 12:16:07,24100,818090,723970,984880,7.15,2026-10-06,23200.30
2026-09-24 12:21:07,24100,818220,723970,989560,7.15,2026-10-06,23198.65
2026-09-24 12:26:06,24100,848120,723970,1036230,6.90,2026-10-06,23175.75
2026-09-24 12:36:08,24100,848380,723970,1058590,7.20,2026-10-06,23172.45
2026-09-24 12:41:08,24100,847990,723970,1119365,7.15,2026-10-06,23179.50
2026-09-24 12:46:08,24100,846170,723970,1156155,7.20,2026-10-06,23171.10
2026-09-24 12:51:08,24100,845910,723970,1161940,7.15,2026-10-06,23178.25
2026-09-24 12:56:08,24100,845130,723970,1163630,7.15,2026-10-06,23167.90
2026-09-24 13:01:08,24100,854295,723970,1186445,7.15,2026-10-06,23167.70
2026-09-24 13:06:07,24100,853970,723970,1194700,6.85,2026-10-06,23182.45
2026-09-24 13:11:08,24100,854880,723970,1205880,6.95,2026-10-06,23177.20
2026-09-24 13:16:08,24100,853840,723970,1212705,6.90,2026-10-06,23185.00
2026-09-24 13:21:07,24100,853255,723970,1219010,6.90,2026-10-06,23178.10
2026-09-24 13:26:06,24100,850135,723970,1287000,6.80,2026-10-06,23167.35
2026-09-24 13:31:07,24100,851240,723970,1334580,7.20,2026-10-06,23152.05
2026-09-24 13:36:06,24100,848575,723970,1352780,7.05,2026-10-06,23151.60
2026-09-24 13:41:05,24100,839995,723970,1377415,7.25,2026-10-06,23135.95
2026-09-24 13:46:07,24100,837460,723970,1407900,7.85,2026-10-06,23087.20
2026-09-24 13:51:06,24100,835380,723970,1496365,7.90,2026-10-06,23099.90
2026-09-24 13:56:06,24100,834990,723970,1536145,8.25,2026-10-06,23078.00
2026-09-24 14:01:06,24100,836160,723970,1636115,8.35,2026-10-06,23073.25
2026-09-24 14:06:07,24100,835055,723970,1722500,8.15,2026-10-06,23066.10
2026-09-24 14:11:07,24100,834730,723970,1800825,7.85,2026-10-06,23073.60
2026-09-24 14:16:08,24100,834210,723970,1816945,7.95,2026-10-06,23077.10
2026-09-24 14:21:08,24100,834535,723970,1826890,7.95,2026-10-06,23065.05
2026-09-24 09:21:06,24100,0,0,0,0.00,2026-10-13,23227.45
2026-09-24 09:26:07,24100,0,0,0,0.00,2026-10-13,23238.65
2026-09-24 09:31:08,24100,0,0,0,0.00,2026-10-13,23259.10
2026-09-24 09:36:07,24100,0,0,0,0.00,2026-10-13,23266.10
2026-09-24 09:41:07,24100,0,0,0,0.00,2026-10-13,23241.25
2026-09-24 09:46:06,24100,0,0,0,0.00,2026-10-13,23230.10
2026-09-24 09:51:07,24100,0,0,0,0.00,2026-10-13,23234.60
2026-09-24 09:56:08,24100,0,0,0,0.00,2026-10-13,23214.30
2026-09-24 10:01:07,24100,0,0,0,0.00,2026-10-13,23230.20
2026-09-24 10:06:07,24100,0,0,0,0.00,2026-10-13,23232.65
2026-09-24 10:11:07,24100,0,0,0,0.00,2026-10-13,23228.60
2026-09-24 10:16:07,24100,0,0,0,0.00,2026-10-13,23217.60
2026-09-24 10:21:07,24100,0,0,0,0.00,2026-10-13,23216.80
2026-09-24 10:26:08,24100,0,0,0,0.00,2026-10-13,23203.85
2026-09-24 10:31:07,24100,0,0,0,0.00,2026-10-13,23213.05
2026-09-24 10:36:08,24100,0,0,0,0.00,2026-10-13,23220.55
2026-09-24 10:41:07,24100,0,0,0,0.00,2026-10-13,23221.10
2026-09-24 10:46:07,24100,0,0,0,0.00,2026-10-13,23220.55
2026-09-24 10:51:08,24100,0,0,0,0.00,2026-10-13,23233.90
2026-09-24 10:56:07,24100,0,0,0,0.00,2026-10-13,23237.95
2026-09-24 11:01:07,24100,0,0,0,0.00,2026-10-13,23234.55
2026-09-24 11:06:07,24100,0,0,0,0.00,2026-10-13,23222.15
2026-09-24 11:11:07,24100,0,0,0,0.00,2026-10-13,23225.15
2026-09-24 11:16:08,24100,0,0,0,0.00,2026-10-13,23225.70
2026-09-24 11:21:07,24100,0,0,0,0.00,2026-10-13,23229.45
2026-09-24 11:26:08,24100,0,0,0,0.00,2026-10-13,23216.25
2026-09-24 11:31:08,24100,0,0,0,0.00,2026-10-13,23216.00
2026-09-24 11:36:07,24100,0,0,0,0.00,2026-10-13,23210.65
2026-09-24 11:41:08,24100,0,0,0,0.00,2026-10-13,23210.40
2026-09-24 11:46:08,24100,0,0,0,0.00,2026-10-13,23210.45
2026-09-24 11:51:06,24100,0,0,0,0.00,2026-10-13,23205.75
2026-09-24 11:56:07,24100,0,0,0,0.00,2026-10-13,23198.30
2026-09-24 12:01:07,24100,0,0,0,0.00,2026-10-13,23196.80
2026-09-24 12:06:08,24100,0,0,0,0.00,2026-10-13,23209.50
2026-09-24 12:11:06,24100,0,0,0,0.00,2026-10-13,23207.20
2026-09-24 12:16:08,24100,0,0,0,0.00,2026-10-13,23200.80
2026-09-24 12:21:08,24100,0,0,0,0.00,2026-10-13,23199.15
2026-09-24 12:26:07,24100,0,0,0,0.00,2026-10-13,23175.00
2026-09-24 12:36:08,24100,0,0,0,0.00,2026-10-13,23172.95
2026-09-24 12:41:08,24100,0,0,0,0.00,2026-10-13,23178.80
2026-09-24 12:46:09,24100,0,0,0,0.00,2026-10-13,23171.55
2026-09-24 12:51:08,24100,0,0,0,0.00,2026-10-13,23178.45
2026-09-24 12:56:08,24100,0,0,0,0.00,2026-10-13,23167.75
2026-09-24 13:01:08,24100,0,0,0,0.00,2026-10-13,23167.55
2026-09-24 13:06:08,24100,0,0,0,0.00,2026-10-13,23182.50
2026-09-24 13:11:08,24100,0,0,0,0.00,2026-10-13,23177.65
2026-09-24 13:16:09,24100,0,0,0,0.00,2026-10-13,23184.40
2026-09-24 13:21:08,24100,0,0,0,0.00,2026-10-13,23178.05
2026-09-24 13:26:07,24100,0,0,0,0.00,2026-10-13,23167.25
2026-09-24 13:31:07,24100,0,0,0,0.00,2026-10-13,23151.50
2026-09-24 13:36:06,24100,0,0,0,0.00,2026-10-13,23151.15
2026-09-24 13:41:05,24100,0,0,0,0.00,2026-10-13,23136.40
2026-09-24 13:46:07,24100,0,0,0,0.00,2026-10-13,23088.25
2026-09-24 13:51:06,24100,0,0,0,0.00,2026-10-13,23100.00
2026-09-24 13:56:07,24100,0,0,0,0.00,2026-10-13,23077.75
2026-09-24 14:01:08,24100,0,0,0,0.00,2026-10-13,23075.55
2026-09-24 14:06:08,24100,0,0,0,0.00,2026-10-13,23066.40
2026-09-24 14:11:08,24100,0,0,0,0.00,2026-10-13,23073.90
2026-09-24 14:16:09,24100,0,0,0,0.00,2026-10-13,23078.20
2026-09-24 14:21:08,24100,0,0,0,0.00,2026-10-13,23064.10
2026-09-24 09:21:05,24200,6207110,6080230,2856490,2.60,2026-09-29,23228.00
2026-09-24 09:26:06,24200,6206200,6080230,4086225,2.65,2026-09-29,23239.80
2026-09-24 09:31:07,24200,6419205,6080230,5338125,2.55,2026-09-29,23258.60
2026-09-24 09:36:06,24200,6458270,6080230,6013085,2.45,2026-09-29,23266.40
2026-09-24 09:41:06,24200,6548100,6080230,6326125,2.45,2026-09-29,23241.75
2026-09-24 09:46:05,24200,6677970,6080230,7051980,2.65,2026-09-29,23230.85
2026-09-24 09:51:06,24200,7052825,6080230,8415745,2.70,2026-09-29,23233.00
2026-09-24 09:56:07,24200,7181785,6080230,9314695,2.55,2026-09-29,23213.70
2026-09-24 10:01:06,24200,7276945,6080230,9692085,2.65,2026-09-29,23229.80
2026-09-24 10:06:06,24200,7299175,6080230,9972105,2.65,2026-09-29,23233.00
2026-09-24 10:11:06,24200,7323550,6080230,10313420,2.60,2026-09-29,23229.25
2026-09-24 10:16:06,24200,7349680,6080230,10910965,2.90,2026-09-29,23218.55
2026-09-24 10:21:06,24200,7515235,6080230,11568050,2.75,2026-09-29,23216.00
2026-09-24 10:26:07,24200,7259590,6080230,12737595,2.80,2026-09-29,23204.10
2026-09-24 10:31:06,24200,7218185,6080230,13081770,2.60,2026-09-29,23213.25
2026-09-24 10:36:07,24200,7207265,6080230,13247065,2.60,2026-09-29,23220.25
2026-09-24 10:41:06,24200,7192315,6080230,13413140,2.70,2026-09-29,23220.25
2026-09-24 10:46:06,24200,7203820,6080230,13655200,2.65,2026-09-29,23220.75
2026-09-24 10:51:07,24200,7205900,6080230,13706810,2.65,2026-09-29,23234.45
2026-09-24 10:56:06,24200,7223840,6080230,13808795,2.55,2026-09-29,23238.30
2026-09-24 11:01:06,24200,7223190,6080230,13899015,2.60,2026-09-29,23234.40
2026-09-24 11:06:06,24200,7160595,6080230,14374555,2.50,2026-09-29,23222.45
2026-09-24 11:11:06,24200,6996145,6080230,14652040,2.45,2026-09-29,23225.00
2026-09-24 11:16:06,24200,6761755,6080230,15268500,2.30,2026-09-29,23226.10
2026-09-24 11:21:06,24200,6670300,6080230,15741960,2.25,2026-09-29,23229.45
2026-09-24 11:26:07,24200,6644105,6080230,15817425,2.40,2026-09-29,23216.10
2026-09-24 11:31:07,24200,6635720,6080230,15909790,2.35,2026-09-29,23216.20
2026-09-24 11:36:06,24200,6681870,6080230,16160170,2.45,2026-09-29,23209.70
2026-09-24 11:41:07,24200,6710275,6080230,16446755,2.50,2026-09-29,23208.95
2026-09-24 11:46:07,24200,6708585,6080230,16514225,2.35,2026-09-29,23210.35
2026-09-24 11:51:05,24200,6708065,6080230,16552900,2.40,2026-09-29,23207.60
2026-09-24 11:56:06,24200,6756425,6080230,16747250,2.50,2026-09-29,23198.85
2026-09-24 12:01:06,24200,6921980,6080230,17414410,2.60,2026-09-29,23196.80
2026-09-24 12:06:07,24200,6943755,6080230,17553120,2.50,2026-09-29,23209.50
2026-09-24 12:11:05,24200,6898580,6080230,17653610,2.45,2026-09-29,23207.00
2026-09-24 12:16:07,24200,6897735,6080230,17767750,2.45,2026-09-29,23199.90
2026-09-24 12:21:06,24200,6922760,6080230,17869215,2.40,2026-09-29,23198.65
2026-09-24 12:26:06,24200,6904950,6080230,18041205,2.50,2026-09-29,23175.90
2026-09-24 12:36:07,24200,6978920,6080230,19100640,2.70,2026-09-29,23171.75
2026-09-24 12:41:07,24200,6992440,6080230,19471205,2.50,2026-09-29,23179.45
2026-09-24 12:46:08,24200,7004725,6080230,19651450,2.55,2026-09-29,23172.05
2026-09-24 12:51:07,24200,6994910,6080230,19854510,2.60,2026-09-29,23178.35
2026-09-24 12:56:07,24200,6982040,6080230,20030985,2.65,2026-09-29,23168.05
2026-09-24 13:01:07,24200,7044115,6080230,20392190,2.55,2026-09-29,23168.55
2026-09-24 13:06:07,24200,7218250,6080230,20993440,2.55,2026-09-29,23182.55
2026-09-24 13:11:07,24200,7171710,6080230,21098545,2.55,2026-09-29,23177.80
2026-09-24 13:16:07,24200,7203625,6080230,21474310,2.45,2026-09-29,23185.50
2026-09-24 13:21:06,24200,7256275,6080230,21559655,2.50,2026-09-29,23178.25
2026-09-24 13:26:06,24200,7262645,6080230,21659235,2.60,2026-09-29,23167.05
2026-09-24 13:31:06,24200,7777510,6080230,23779665,2.65,2026-09-29,23151.70
2026-09-24 13:36:05,24200,7741370,6080230,24708775,2.70,2026-09-29,23151.50
2026-09-24 13:41:04,24200,8193315,6080230,25822745,2.65,2026-09-29,23136.10
2026-09-24 13:46:06,24200,8187010,6080230,26993785,2.95,2026-09-29,23086.45
2026-09-24 13:51:05,24200,8463195,6080230,28366910,3.05,2026-09-29,23100.15
2026-09-24 13:56:06,24200,8713705,6080230,29386890,3.30,2026-09-29,23078.40
2026-09-24 14:01:06,24200,8801065,6080230,30605900,3.10,2026-09-29,23072.60
2026-09-24 14:06:07,24200,8778575,6080230,31077865,3.00,2026-09-29,23065.45
2026-09-24 14:11:06,24200,8758880,6080230,31815030,2.80,2026-09-29,23073.05
2026-09-24 14:16:06,24200,8737820,6080230,32408935,2.85,2026-09-29,23077.45
2026-09-24 14:21:07,24200,8810945,6080230,32976840,2.90,2026-09-29,23065.55
2026-09-24 09:21:06,24200,634790,634400,210145,4.70,2026-10-06,23228.25
2026-09-24 09:26:07,24200,620035,634400,365040,4.75,2026-10-06,23239.10
2026-09-24 09:31:08,24200,629265,634400,461890,5.00,2026-10-06,23259.00
2026-09-24 09:36:07,24200,616330,634400,515125,5.00,2026-10-06,23265.90
2026-09-24 09:41:07,24200,615615,634400,539565,5.05,2026-10-06,23240.80
2026-09-24 09:46:06,24200,612430,634400,600145,5.40,2026-10-06,23229.95
2026-09-24 09:51:06,24200,625170,634400,731120,5.45,2026-10-06,23233.75
2026-09-24 09:56:07,24200,603070,634400,742950,5.40,2026-10-06,23213.85
2026-09-24 10:01:07,24200,604305,634400,753350,5.35,2026-10-06,23230.55
2026-09-24 10:06:06,24200,605540,634400,775970,5.25,2026-10-06,23232.95
2026-09-24 10:11:06,24200,605995,634400,792415,5.25,2026-10-06,23228.70
2026-09-24 10:16:07,24200,604110,634400,809770,5.45,2026-10-06,23218.70
2026-09-24 10:21:07,24200,604630,634400,823290,5.50,2026-10-06,23216.35
2026-09-24 10:26:07,24200,613795,634400,845780,5.50,2026-10-06,23204.05
2026-09-24 10:31:06,24200,623220,634400,875030,5.60,2026-10-06,23212.70
2026-09-24 10:36:07,24200,619580,634400,890305,5.55,2026-10-06,23220.60
2026-09-24 10:41:07,24200,617565,634400,903240,5.55,2026-10-06,23221.15
2026-09-24 10:46:07,24200,617370,634400,910910,5.70,2026-10-06,23220.65
2026-09-24 10:51:07,24200,599950,634400,948935,5.75,2026-10-06,23233.60
2026-09-24 10:56:06,24200,604240,634400,969020,5.90,2026-10-06,23239.20
2026-09-24 11:01:06,24200,603655,634400,979160,5.90,2026-10-06,23233.70
2026-09-24 11:06:07,24200,604890,634400,992875,5.75,2026-10-06,23222.55
2026-09-24 11:11:07,24200,603785,634400,1011855,5.80,2026-10-06,23225.20
2026-09-24 11:16:07,24200,599495,634400,1044290,5.95,2026-10-06,23225.25
2026-09-24 11:21:06,24200,598325,634400,1080950,5.95,2026-10-06,23229.15
2026-09-24 11:26:07,24200,600340,634400,1085305,5.85,2026-10-06,23216.00
2026-09-24 11:31:07,24200,600080,634400,1092390,5.95,2026-10-06,23216.15
2026-09-24 11:36:07,24200,601705,634400,1100840,5.80,2026-10-06,23209.65
2026-09-24 11:41:07,24200,601315,634400,1103375,5.75,2026-10-06,23208.95
2026-09-24 11:46:07,24200,601705,634400,1105000,5.80,2026-10-06,23210.10
2026-09-24 11:51:05,24200,604565,634400,1114035,5.85,2026-10-06,23206.75
2026-09-24 11:56:06,24200,605280,634400,1119560,5.80,2026-10-06,23198.40
2026-09-24 12:01:06,24200,605865,634400,1123070,5.85,2026-10-06,23196.85
2026-09-24 12:06:07,24200,606060,634400,1128400,5.85,2026-10-06,23209.80
2026-09-24 12:11:05,24200,605995,634400,1131845,5.85,2026-10-06,23206.90
2026-09-24 12:16:07,24200,605605,634400,1134250,5.80,2026-10-06,23200.30
2026-09-24 12:21:07,24200,605605,634400,1136590,5.75,2026-10-06,23198.65
2026-09-24 12:26:06,24200,607035,634400,1145170,5.55,2026-10-06,23175.75
2026-09-24 12:36:08,24200,609830,634400,1157975,5.85,2026-10-06,23172.45
2026-09-24 12:41:08,24200,619060,634400,1227525,5.85,2026-10-06,23179.50
2026-09-24 12:46:08,24200,626665,634400,1277900,6.00,2026-10-06,23171.10
2026-09-24 12:51:08,24200,645905,634400,1295970,5.85,2026-10-06,23178.25
2026-09-24 12:56:08,24200,648830,634400,1300000,5.85,2026-10-06,23167.90
2026-09-24 13:01:08,24200,648115,634400,1303380,5.85,2026-10-06,23167.70
2026-09-24 13:06:07,24200,648635,634400,1314495,5.65,2026-10-06,23182.45
2026-09-24 13:11:08,24200,648440,634400,1315080,5.70,2026-10-06,23177.20
2026-09-24 13:16:08,24200,647920,634400,1317550,5.70,2026-10-06,23185.00
2026-09-24 13:21:07,24200,648765,634400,1321255,5.70,2026-10-06,23178.10
2026-09-24 13:26:06,24200,646100,634400,1331655,5.55,2026-10-06,23167.35
2026-09-24 13:31:07,24200,648960,634400,1361425,6.00,2026-10-06,23152.05
2026-09-24 13:36:06,24200,654030,634400,1380535,5.95,2026-10-06,23151.60
2026-09-24 13:41:05,24200,654030,634400,1387100,6.00,2026-10-06,23135.95
2026-09-24 13:46:07,24200,656890,634400,1421680,6.45,2026-10-06,23087.20
2026-09-24 13:51:06,24200,640185,634400,1538810,6.40,2026-10-06,23099.90
2026-09-24 13:56:06,24200,636415,634400,1562600,6.80,2026-10-06,23078.00
2026-09-24 14:01:06,24200,633555,634400,1592175,6.95,2026-10-06,23073.25
2026-09-24 14:06:07,24200,625625,634400,1640210,6.70,2026-10-06,23066.10
2026-09-24 14:11:07,24200,626470,634400,1664520,6.45,2026-10-06,23073.60
2026-09-24 14:16:08,24200,623805,634400,1671085,6.55,2026-10-06,23077.10
2026-09-24 14:21:08,24200,621660,634400,1679600,6.45,2026-10-06,23065.05
2026-09-24 09:21:06,24200,180440,190840,36400,11.80,2026-10-13,23227.45
2026-09-24 09:26:07,24200,184470,190840,61425,11.60,2026-10-13,23238.65
2026-09-24 09:31:08,24200,183105,190840,66625,11.85,2026-10-13,23259.10
2026-09-24 09:36:07,24200,182975,190840,70395,11.80,2026-10-13,23266.10
2026-09-24 09:41:07,24200,182715,190840,76960,11.85,2026-10-13,23241.25
2026-09-24 09:46:06,24200,181415,190840,90545,12.45,2026-10-13,23230.10
2026-09-24 09:51:07,24200,182845,190840,97045,12.60,2026-10-13,23234.60
2026-09-24 09:56:08,24200,182325,190840,101530,12.55,2026-10-13,23214.30
2026-09-24 10:01:07,24200,181610,190840,107510,12.20,2026-10-13,23230.20
2026-09-24 10:06:07,24200,181610,190840,108160,12.00,2026-10-13,23232.65
2026-09-24 10:11:07,24200,182195,190840,115050,12.10,2026-10-13,23228.60
2026-09-24 10:16:07,24200,181090,190840,118495,12.15,2026-10-13,23217.60
2026-09-24 10:21:07,24200,181545,190840,124475,12.45,2026-10-13,23216.80
2026-09-24 10:26:08,24200,180700,190840,126685,12.75,2026-10-13,23203.85
2026-09-24 10:31:07,24200,179010,190840,129285,12.80,2026-10-13,23213.05
2026-09-24 10:36:08,24200,179140,190840,131040,12.80,2026-10-13,23220.55
2026-09-24 10:41:07,24200,179140,190840,132275,12.70,2026-10-13,23221.10
2026-09-24 10:46:07,24200,178880,190840,133055,12.65,2026-10-13,23220.55
2026-09-24 10:51:08,24200,190840,190840,152815,12.55,2026-10-13,23233.90
2026-09-24 10:56:07,24200,189215,190840,156845,12.75,2026-10-13,23237.95
2026-09-24 11:01:07,24200,189020,190840,161265,12.65,2026-10-13,23234.55
2026-09-24 11:06:07,24200,189085,190840,164580,12.55,2026-10-13,23222.15
2026-09-24 11:11:07,24200,189410,190840,165815,12.45,2026-10-13,23225.15
2026-09-24 11:16:08,24200,189280,190840,166270,12.30,2026-10-13,23225.70
2026-09-24 11:21:07,24200,188955,190840,166985,12.50,2026-10-13,23229.45
2026-09-24 11:26:08,24200,188890,190840,167895,12.45,2026-10-13,23216.25
2026-09-24 11:31:08,24200,187915,190840,169065,12.75,2026-10-13,23216.00
2026-09-24 11:36:07,24200,188760,190840,173745,12.55,2026-10-13,23210.65
2026-09-24 11:41:08,24200,188435,190840,175825,12.35,2026-10-13,23210.40
2026-09-24 11:46:08,24200,188240,190840,184600,12.45,2026-10-13,23210.45
2026-09-24 11:51:06,24200,192075,190840,186615,12.35,2026-10-13,23205.75
2026-09-24 11:56:07,24200,192530,190840,191945,12.30,2026-10-13,23198.30
2026-09-24 12:01:07,24200,192595,190840,195520,12.40,2026-10-13,23196.80
2026-09-24 12:06:08,24200,191425,190840,209300,11.95,2026-10-13,23209.50
2026-09-24 12:11:06,24200,200265,190840,214045,12.00,2026-10-13,23207.20
2026-09-24 12:16:08,24200,199745,190840,214370,12.05,2026-10-13,23200.80
2026-09-24 12:21:08,24200,199745,190840,215085,12.20,2026-10-13,23199.15
2026-09-24 12:26:07,24200,199420,190840,216125,11.80,2026-10-13,23175.00
2026-09-24 12:36:08,24200,202540,190840,230230,12.00,2026-10-13,23172.95
2026-09-24 12:41:08,24200,202475,190840,237965,12.25,2026-10-13,23178.80
2026-09-24 12:46:09,24200,201825,190840,240305,12.50,2026-10-13,23171.55
2026-09-24 12:51:08,24200,200655,190840,241800,12.60,2026-10-13,23178.45
2026-09-24 12:56:08,24200,200655,190840,243685,12.60,2026-10-13,23167.75
2026-09-24 13:01:08,24200,201890,190840,245635,12.80,2026-10-13,23167.55
2026-09-24 13:06:08,24200,201695,190840,248885,12.50,2026-10-13,23182.50
2026-09-24 13:11:08,24200,201305,190840,249015,12.60,2026-10-13,23177.65
2026-09-24 13:16:09,24200,199810,190840,252395,11.95,2026-10-13,23184.40
2026-09-24 13:21:08,24200,199615,190840,253630,12.05,2026-10-13,23178.05
2026-09-24 13:26:07,24200,190385,190840,282555,11.60,2026-10-13,23167.25
2026-09-24 13:31:07,24200,187720,190840,296725,12.80,2026-10-13,23151.50
2026-09-24 13:36:06,24200,185445,190840,322660,11.90,2026-10-13,23151.15
2026-09-24 13:41:05,24200,198445,190840,343265,11.80,2026-10-13,23136.40
2026-09-24 13:46:07,24200,198445,190840,345605,12.55,2026-10-13,23088.25
2026-09-24 13:51:06,24200,198640,190840,355355,13.10,2026-10-13,23100.00
2026-09-24 13:56:07,24200,199290,190840,362050,13.70,2026-10-13,23077.75
2026-09-24 14:01:08,24200,199095,190840,365365,14.15,2026-10-13,23075.55
2026-09-24 14:06:08,24200,197925,190840,366730,13.65,2026-10-13,23066.40
2026-09-24 14:11:08,24200,198120,190840,367640,13.15,2026-10-13,23073.90
2026-09-24 14:16:09,24200,198510,190840,369265,13.10,2026-10-13,23078.20
2026-09-24 14:21:08,24200,198705,190840,370370,12.95,2026-10-13,23064.10
2026-09-24 09:21:05,24300,5762120,5631860,1953445,2.15,2026-09-29,23228.00
2026-09-24 09:26:06,24300,6005220,5631860,2646605,2.10,2026-09-29,23239.80
2026-09-24 09:31:07,24300,6084000,5631860,3299075,2.10,2026-09-29,23258.60
2026-09-24 09:36:06,24300,6074510,5631860,3390530,2.05,2026-09-29,23266.40
2026-09-24 09:41:06,24300,6060665,5631860,3623945,2.05,2026-09-29,23241.75
2026-09-24 09:46:05,24300,6086990,5631860,3987230,2.10,2026-09-29,23230.85
2026-09-24 09:51:06,24300,6303700,5631860,4970485,2.20,2026-09-29,23233.00
2026-09-24 09:56:07,24300,6363630,5631860,5408910,2.10,2026-09-29,23213.70
2026-09-24 10:01:06,24300,6439745,5631860,5664945,2.15,2026-09-29,23229.80
2026-09-24 10:06:06,24300,6481280,5631860,5955430,2.20,2026-09-29,23233.00
2026-09-24 10:11:06,24300,6537895,5631860,6499415,2.10,2026-09-29,23229.25
2026-09-24 10:16:06,24300,6546800,5631860,6775925,2.35,2026-09-29,23218.55
2026-09-24 10:21:06,24300,6643715,5631860,7277075,2.25,2026-09-29,23216.00
2026-09-24 10:26:07,24300,6655285,5631860,7658300,2.35,2026-09-29,23204.10
2026-09-24 10:31:06,24300,6833775,5631860,8305700,2.20,2026-09-29,23213.25
2026-09-24 10:36:07,24300,6867965,5631860,8412170,2.15,2026-09-29,23220.25
2026-09-24 10:41:06,24300,6804590,5631860,8464300,2.15,2026-09-29,23220.25
2026-09-24 10:46:06,24300,6743685,5631860,8587865,2.15,2026-09-29,23220.75
2026-09-24 10:51:07,24300,6716515,5631860,8655595,2.20,2026-09-29,23234.45
2026-09-24 10:56:06,24300,6707740,5631860,8694140,2.10,2026-09-29,23238.30
2026-09-24 11:01:06,24300,6709625,5631860,8709350,2.10,2026-09-29,23234.40
2026-09-24 11:06:06,24300,6696560,5631860,8875360,2.00,2026-09-29,23222.45
2026-09-24 11:11:06,24300,6714305,5631860,9111050,2.00,2026-09-29,23225.00
2026-09-24 11:16:06,24300,6646965,5631860,9578465,1.85,2026-09-29,23226.10
2026-09-24 11:21:06,24300,6578910,5631860,9926020,1.80,2026-09-29,23229.45
2026-09-24 11:26:07,24300,6570330,5631860,10031125,1.90,2026-09-29,23216.10
2026-09-24 11:31:07,24300,6574750,5631860,10056410,1.90,2026-09-29,23216.20
2026-09-24 11:36:06,24300,6605690,5631860,10248030,1.95,2026-09-29,23209.70
2026-09-24 11:41:07,24300,6586320,5631860,10386025,2.00,2026-09-29,23208.95
2026-09-24 11:46:07,24300,6605235,5631860,10476310,1.90,2026-09-29,23210.35
2026-09-24 11:51:05,24300,6605105,5631860,10482290,1.95,2026-09-29,23207.60
2026-09-24 11:56:06,24300,6617390,5631860,10662535,1.95,2026-09-29,23198.85
2026-09-24 12:01:06,24300,6620900,5631860,10945545,2.10,2026-09-29,23196.80
2026-09-24 12:06:07,24300,6810570,5631860,11417055,2.00,2026-09-29,23209.50
2026-09-24 12:11:05,24300,6819605,5631860,11463140,1.95,2026-09-29,23207.00
2026-09-24 12:16:07,24300,6780995,5631860,11556090,2.00,2026-09-29,23199.90
2026-09-24 12:21:06,24300,6778720,5631860,11763180,2.00,2026-09-29,23198.65
2026-09-24 12:26:06,24300,6782100,5631860,11948820,2.05,2026-09-29,23175.90
2026-09-24 12:36:07,24300,6921265,5631860,13150865,2.30,2026-09-29,23171.75
2026-09-24 12:41:07,24300,6881225,5631860,13289380,2.15,2026-09-29,23179.45
2026-09-24 12:46:08,24300,6874985,5631860,13464750,2.15,2026-09-29,23172.05
2026-09-24 12:51:07,24300,6831175,5631860,13854295,2.15,2026-09-29,23178.35
2026-09-24 12:56:07,24300,6878885,5631860,14047150,2.20,2026-09-29,23168.05
2026-09-24 13:01:07,24300,6865430,5631860,14263860,2.10,2026-09-29,23168.55
2026-09-24 13:06:07,24300,6903065,5631860,14466270,2.20,2026-09-29,23182.55
2026-09-24 13:11:07,24300,6907810,5631860,14590355,2.10,2026-09-29,23177.80
2026-09-24 13:16:07,24300,6952920,5631860,14777295,2.10,2026-09-29,23185.50
2026-09-24 13:21:06,24300,6977035,5631860,14835015,2.15,2026-09-29,23178.25
2026-09-24 13:26:06,24300,6981195,5631860,14867060,2.15,2026-09-29,23167.05
2026-09-24 13:31:06,24300,7002645,5631860,15423005,2.30,2026-09-29,23151.70
2026-09-24 13:36:05,24300,7015710,5631860,15690610,2.35,2026-09-29,23151.50
2026-09-24 13:41:04,24300,7020780,5631860,16216785,2.25,2026-09-29,23136.10
2026-09-24 13:46:06,24300,7188350,5631860,17310280,2.50,2026-09-29,23086.45
2026-09-24 13:51:05,24300,7253350,5631860,18226975,2.70,2026-09-29,23100.15
2026-09-24 13:56:06,24300,7100665,5631860,19393660,2.80,2026-09-29,23078.40
2026-09-24 14:01:06,24300,7315425,5631860,21536970,2.60,2026-09-29,23072.60
2026-09-24 14:06:07,24300,7230275,5631860,22402705,2.50,2026-09-29,23065.45
2026-09-24 14:11:06,24300,7250815,5631860,22805380,2.35,2026-09-29,23073.05
2026-09-24 14:16:06,24300,7281820,5631860,23200255,2.35,2026-09-29,23077.45
2026-09-24 14:21:07,24300,7301970,5631860,23734035,2.40,2026-09-29,23065.55
2026-09-24 09:21:06,24300,529620,542360,157755,4.00,2026-10-06,23228.25
2026-09-24 09:26:07,24300,552500,542360,280605,3.95,2026-10-06,23239.10
2026-09-24 09:31:08,24300,533520,542360,330395,4.20,2026-10-06,23259.00
2026-09-24 09:36:07,24300,534950,542360,417040,4.30,2026-10-06,23265.90
2026-09-24 09:41:07,24300,555555,542360,452985,4.30,2026-10-06,23240.80
2026-09-24 09:46:06,24300,546390,542360,497510,4.55,2026-10-06,23229.95
2026-09-24 09:51:06,24300,538980,542360,518700,4.55,2026-10-06,23233.75
2026-09-24 09:56:07,24300,536315,542360,523445,4.55,2026-10-06,23213.85
2026-09-24 10:01:07,24300,535405,542360,540800,4.50,2026-10-06,23230.55
2026-09-24 10:06:06,24300,531505,542360,569530,4.50,2026-10-06,23232.95
2026-09-24 10:11:06,24300,531115,542360,571155,4.50,2026-10-06,23228.70
2026-09-24 10:16:07,24300,532220,542360,589940,4.70,2026-10-06,23218.70
2026-09-24 10:21:07,24300,551200,542360,605020,4.70,2026-10-06,23216.35
2026-09-24 10:26:07,24300,548925,542360,609635,4.75,2026-10-06,23204.05
2026-09-24 10:31:06,24300,545675,542360,671710,4.80,2026-10-06,23212.70
2026-09-24 10:36:07,24300,544505,542360,682435,4.85,2026-10-06,23220.60
2026-09-24 10:41:07,24300,546650,542360,687765,4.75,2026-10-06,23221.15
2026-09-24 10:46:07,24300,546195,542360,690560,4.90,2026-10-06,23220.65
2026-09-24 10:51:07,24300,542750,542360,704145,4.90,2026-10-06,23233.60
2026-09-24 10:56:06,24300,544635,542360,711880,4.95,2026-10-06,23239.20
2026-09-24 11:01:06,24300,536250,542360,726830,4.90,2026-10-06,23233.70
2026-09-24 11:06:07,24300,554515,542360,773760,5.00,2026-10-06,23222.55
2026-09-24 11:11:07,24300,611910,542360,877370,5.10,2026-10-06,23225.20
2026-09-24 11:16:07,24300,686335,542360,1002365,5.20,2026-10-06,23225.25
2026-09-24 11:21:06,24300,728000,542360,1084980,5.15,2026-10-06,23229.15
2026-09-24 11:26:07,24300,723580,542360,1089530,5.15,2026-10-06,23216.00
2026-09-24 11:31:07,24300,723580,542360,1089855,5.15,2026-10-06,23216.15
2026-09-24 11:36:07,24300,721955,542360,1092195,5.10,2026-10-06,23209.65
2026-09-24 11:41:07,24300,721955,542360,1092650,5.05,2026-10-06,23208.95
2026-09-24 11:46:07,24300,721695,542360,1094860,5.10,2026-10-06,23210.10
2026-09-24 11:51:05,24300,721630,542360,1095445,5.05,2026-10-06,23206.75
2026-09-24 11:56:06,24300,728845,542360,1108835,5.10,2026-10-06,23198.40
2026-09-24 12:01:06,24300,722995,542360,1122095,5.15,2026-10-06,23196.85
2026-09-24 12:06:07,24300,723190,542360,1127425,5.20,2026-10-06,23209.80
2026-09-24 12:11:05,24300,730015,542360,1138475,5.15,2026-10-06,23206.90
2026-09-24 12:16:07,24300,730730,542360,1139580,5.05,2026-10-06,23200.30
2026-09-24 12:21:07,24300,729625,542360,1143285,5.10,2026-10-06,23198.65
2026-09-24 12:26:06,24300,731120,542360,1146600,4.95,2026-10-06,23175.75
2026-09-24 12:36:08,24300,729300,542360,1167790,5.10,2026-10-06,23172.45
2026-09-24 12:41:08,24300,731055,542360,1173120,5.10,2026-10-06,23179.50
2026-09-24 12:46:08,24300,730470,542360,1204320,5.25,2026-10-06,23171.10
2026-09-24 12:51:08,24300,728195,542360,1207700,5.10,2026-10-06,23178.25
2026-09-24 12:56:08,24300,728325,542360,1209325,5.10,2026-10-06,23167.90
2026-09-24 13:01:08,24300,728715,542360,1218750,5.15,2026-10-06,23167.70
2026-09-24 13:06:07,24300,731380,542360,1226615,5.05,2026-10-06,23182.45
2026-09-24 13:11:08,24300,731575,542360,1233635,5.00,2026-10-06,23177.20
2026-09-24 13:16:08,24300,732160,542360,1234805,5.00,2026-10-06,23185.00
2026-09-24 13:21:07,24300,732355,542360,1245530,5.10,2026-10-06,23178.10
2026-09-24 13:26:06,24300,735085,542360,1256320,4.95,2026-10-06,23167.35
2026-09-24 13:31:07,24300,725140,542360,1299545,5.25,2026-10-06,23152.05
2026-09-24 13:36:06,24300,728845,542360,1311570,5.20,2026-10-06,23151.60
2026-09-24 13:41:05,24300,739765,542360,1343615,5.20,2026-10-06,23135.95
2026-09-24 13:46:07,24300,739505,542360,1370980,5.60,2026-10-06,23087.20
2026-09-24 13:51:06,24300,737035,542360,1418885,5.60,2026-10-06,23099.90
2026-09-24 13:56:06,24300,749580,542360,1452425,5.85,2026-10-06,23078.00
2026-09-24 14:01:06,24300,764595,542360,1503125,6.05,2026-10-06,23073.25
2026-09-24 14:06:07,24300,761540,542360,1530165,5.80,2026-10-06,23066.10
2026-09-24 14:11:07,24300,766545,542360,1551160,5.70,2026-10-06,23073.60
2026-09-24 14:16:08,24300,766415,542360,1565850,5.65,2026-10-06,23077.10
2026-09-24 14:21:08,24300,764140,542360,1594970,5.65,2026-10-06,23065.05
2026-09-24 09:21:06,24300,68120,68965,2535,10.00,2026-10-13,23227.45
2026-09-24 09:26:07,24300,68380,68965,9100,8.95,2026-10-13,23238.65
2026-09-24 09:31:08,24300,68705,68965,10985,9.45,2026-10-13,23259.10
2026-09-24 09:36:07,24300,68705,68965,11895,9.25,2026-10-13,23266.10
2026-09-24 09:41:07,24300,69355,68965,14625,9.40,2026-10-13,23241.25
2026-09-24 09:46:06,24300,69550,68965,15925,10.00,2026-10-13,23230.10
2026-09-24 09:51:07,24300,69810,68965,17290,10.15,2026-10-13,23234.60
2026-09-24 09:56:08,24300,69810,68965,17290,10.15,2026-10-13,23214.30
2026-09-24 10:01:07,24300,69745,68965,17485,9.25,2026-10-13,23230.20
2026-09-24 10:06:07,24300,69355,68965,22360,9.25,2026-10-13,23232.65
2026-09-24 10:11:07,24300,67665,68965,25480,9.35,2026-10-13,23228.60
2026-09-24 10:16:07,24300,67340,68965,26715,9.50,2026-10-13,23217.60
2026-09-24 10:21:07,24300,67795,68965,27495,9.80,2026-10-13,23216.80
2026-09-24 10:26:08,24300,68965,68965,28535,9.85,2026-10-13,23203.85
2026-09-24 10:31:07,24300,69160,68965,28795,9.90,2026-10-13,23213.05
2026-09-24 10:36:08,24300,69355,68965,29575,10.35,2026-10-13,23220.55
2026-09-24 10:41:07,24300,69745,68965,29640,9.90,2026-10-13,23221.10
2026-09-24 10:46:07,24300,69745,68965,29640,9.90,2026-10-13,23220.55
2026-09-24 10:51:08,24300,69745,68965,29835,9.90,2026-10-13,23233.90
2026-09-24 10:56:07,24300,69160,68965,30940,10.05,2026-10-13,23237.95
2026-09-24 11:01:07,24300,68445,68965,33995,9.95,2026-10-13,23234.55
2026-09-24 11:06:07,24300,67730,68965,35295,9.85,2026-10-13,23222.15
2026-09-24 11:11:07,24300,67665,68965,35360,9.90,2026-10-13,23225.15
2026-09-24 11:16:08,24300,67795,68965,35555,9.80,2026-10-13,23225.70
2026-09-24 11:21:07,24300,67795,68965,35555,9.80,2026-10-13,23229.45
2026-09-24 11:26:08,24300,67795,68965,35555,9.80,2026-10-13,23216.25
2026-09-24 11:31:08,24300,67860,68965,35815,10.25,2026-10-13,23216.00
2026-09-24 11:36:07,24300,67665,68965,37245,10.05,2026-10-13,23210.65
2026-09-24 11:41:08,24300,67470,68965,37505,9.90,2026-10-13,23210.40
2026-09-24 11:46:08,24300,67470,68965,37635,9.90,2026-10-13,23210.45
2026-09-24 11:51:06,24300,67405,68965,39065,9.60,2026-10-13,23205.75
2026-09-24 11:56:07,24300,67340,68965,39325,9.90,2026-10-13,23198.30
2026-09-24 12:01:07,24300,67405,68965,39780,10.10,2026-10-13,23196.80
2026-09-24 12:06:08,24300,67340,68965,39975,9.90,2026-10-13,23209.50
2026-09-24 12:11:06,24300,67340,68965,39975,9.90,2026-10-13,23207.20
2026-09-24 12:16:08,24300,67145,68965,40040,9.50,2026-10-13,23200.80
2026-09-24 12:21:08,24300,67145,68965,40105,9.70,2026-10-13,23199.15
2026-09-24 12:26:07,24300,67145,68965,40105,9.70,2026-10-13,23175.00
2026-09-24 12:36:08,24300,66755,68965,43615,9.80,2026-10-13,23172.95
2026-09-24 12:41:08,24300,66755,68965,44070,9.70,2026-10-13,23178.80
2026-09-24 12:46:09,24300,66755,68965,44395,9.85,2026-10-13,23171.55
2026-09-24 12:51:08,24300,66755,68965,44395,9.85,2026-10-13,23178.45
2026-09-24 12:56:08,24300,66755,68965,44850,10.15,2026-10-13,23167.75
2026-09-24 13:01:08,24300,66755,68965,44850,10.15,2026-10-13,23167.55
2026-09-24 13:06:08,24300,66755,68965,45110,10.10,2026-10-13,23182.50
2026-09-24 13:11:08,24300,66625,68965,45890,10.15,2026-10-13,23177.65
2026-09-24 13:16:09,24300,66625,68965,46735,9.65,2026-10-13,23184.40
2026-09-24 13:21:08,24300,66625,68965,47970,9.90,2026-10-13,23178.05
2026-09-24 13:26:07,24300,66625,68965,47970,9.90,2026-10-13,23167.25
2026-09-24 13:31:07,24300,67015,68965,49595,10.50,2026-10-13,23151.50
2026-09-24 13:36:06,24300,67665,68965,54210,9.70,2026-10-13,23151.15
2026-09-24 13:41:05,24300,65065,68965,54600,9.80,2026-10-13,23136.40
2026-09-24 13:46:07,24300,65195,68965,54990,10.40,2026-10-13,23088.25
2026-09-24 13:51:06,24300,65975,68965,56225,10.45,2026-10-13,23100.00
2026-09-24 13:56:07,24300,68640,68965,58955,10.90,2026-10-13,23077.75
2026-09-24 14:01:08,24300,68770,68965,61360,11.25,2026-10-13,23075.55
2026-09-24 14:06:08,24300,70070,68965,64740,11.15,2026-10-13,23066.40
2026-09-24 14:11:08,24300,69875,68965,66820,10.65,2026-10-13,23073.90
2026-09-24 14:16:09,24300,70200,68965,66950,10.55,2026-10-13,23078.20
2026-09-24 14:21:08,24300,70200,68965,67210,10.50,2026-10-13,23064.10
2026-09-24 09:21:05,24400,4199325,4064710,1626690,1.85,2026-09-29,23228.00
2026-09-24 09:26:06,24400,4199455,4064710,2014090,1.90,2026-09-29,23239.80
2026-09-24 09:31:07,24400,4180735,4064710,2292355,1.80,2026-09-29,23258.60
2026-09-24 09:36:06,24400,4154020,4064710,2508610,1.75,2026-09-29,23266.40
2026-09-24 09:41:06,24400,4137445,4064710,2691325,1.85,2026-09-29,23241.75
2026-09-24 09:46:05,24400,4151095,4064710,3075605,1.90,2026-09-29,23230.85
2026-09-24 09:51:06,24400,4229680,4064710,3569670,1.90,2026-09-29,23233.00
2026-09-24 09:56:07,24400,4294355,4064710,3847285,1.90,2026-09-29,23213.70
2026-09-24 10:01:06,24400,4315480,4064710,4069520,1.90,2026-09-29,23229.80
2026-09-24 10:06:06,24400,4257695,4064710,4316455,1.80,2026-09-29,23233.00
2026-09-24 10:11:06,24400,4210765,4064710,4546360,1.80,2026-09-29,23229.25
2026-09-24 10:16:06,24400,4178525,4064710,4707105,1.95,2026-09-29,23218.55
2026-09-24 10:21:06,24400,4226755,4064710,5004090,1.95,2026-09-29,23216.00
2026-09-24 10:26:07,24400,4294940,4064710,5287230,1.95,2026-09-29,23204.10
2026-09-24 10:31:06,24400,4306250,4064710,5540730,1.90,2026-09-29,23213.25
2026-09-24 10:36:07,24400,4329195,4064710,5967780,1.85,2026-09-29,23220.25
2026-09-24 10:41:06,24400,4259580,4064710,6042465,1.85,2026-09-29,23220.25
2026-09-24 10:46:06,24400,4188795,4064710,6113250,1.85,2026-09-29,23220.75
2026-09-24 10:51:07,24400,4151940,4064710,6228755,1.80,2026-09-29,23234.45
2026-09-24 10:56:06,24400,4154085,4064710,6250205,1.80,2026-09-29,23238.30
2026-09-24 11:01:06,24400,4145570,4064710,6269250,1.80,2026-09-29,23234.40
2026-09-24 11:06:06,24400,4114370,4064710,6380595,1.75,2026-09-29,23222.45
2026-09-24 11:11:06,24400,4105985,4064710,6409975,1.70,2026-09-29,23225.00
2026-09-24 11:16:06,24400,4097860,4064710,6672705,1.65,2026-09-29,23226.10
2026-09-24 11:21:06,24400,4118595,4064710,6831760,1.55,2026-09-29,23229.45
2026-09-24 11:26:07,24400,4117815,4064710,6907810,1.65,2026-09-29,23216.10
2026-09-24 11:31:07,24400,4072250,4064710,6974825,1.70,2026-09-29,23216.20
2026-09-24 11:36:06,24400,4080440,4064710,7033650,1.70,2026-09-29,23209.70
2026-09-24 11:41:07,24400,4112290,4064710,7086755,1.80,2026-09-29,23208.95
2026-09-24 11:46:07,24400,4110730,4064710,7116655,1.70,2026-09-29,23210.35
2026-09-24 11:51:05,24400,4114370,4064710,7138105,1.65,2026-09-29,23207.60
2026-09-24 11:56:06,24400,4128280,4064710,7201610,1.75,2026-09-29,23198.85
2026-09-24 12:01:06,24400,4120805,4064710,7369700,1.90,2026-09-29,23196.80
2026-09-24 12:06:07,24400,4107675,4064710,7455045,1.75,2026-09-29,23209.50
2026-09-24 12:11:05,24400,4105010,4064710,7505745,1.70,2026-09-29,23207.00
2026-09-24 12:16:07,24400,4101305,4064710,7539155,1.70,2026-09-29,23199.90
2026-09-24 12:21:06,24400,4080375,4064710,7614360,1.80,2026-09-29,23198.65
2026-09-24 12:26:06,24400,4088760,4064710,7740265,1.80,2026-09-29,23175.90
2026-09-24 12:36:07,24400,4121910,4064710,8299720,2.00,2026-09-29,23171.75
2026-09-24 12:41:07,24400,4193345,4064710,8431930,1.85,2026-09-29,23179.45
2026-09-24 12:46:08,24400,4175600,4064710,8547370,1.85,2026-09-29,23172.05
2026-09-24 12:51:07,24400,4291755,4064710,8861580,1.80,2026-09-29,23178.35
2026-09-24 12:56:07,24400,4263675,4064710,8972860,1.85,2026-09-29,23168.05
2026-09-24 13:01:07,24400,4221880,4064710,9120410,1.85,2026-09-29,23168.55
2026-09-24 13:06:07,24400,4231695,4064710,9296690,1.85,2026-09-29,23182.55
2026-09-24 13:11:07,24400,4234425,4064710,9364810,1.85,2026-09-29,23177.80
2026-09-24 13:16:07,24400,4191200,4064710,9476480,1.85,2026-09-29,23185.50
2026-09-24 13:21:06,24400,4213885,4064710,9547915,1.85,2026-09-29,23178.25
2026-09-24 13:26:06,24400,4208750,4064710,9611485,1.90,2026-09-29,23167.05
2026-09-24 13:31:06,24400,4256330,4064710,9990760,1.95,2026-09-29,23151.70
2026-09-24 13:36:05,24400,4277585,4064710,10156900,1.95,2026-09-29,23151.50
2026-09-24 13:41:04,24400,4243460,4064710,10352550,1.95,2026-09-29,23136.10
2026-09-24 13:46:06,24400,4208555,4064710,10646285,2.10,2026-09-29,23086.45
2026-09-24 13:51:05,24400,4177420,4064710,10936640,2.30,2026-09-29,23100.15
2026-09-24 13:56:06,24400,4177225,4064710,11379615,2.35,2026-09-29,23078.40
2026-09-24 14:01:06,24400,4172545,4064710,11646765,2.25,2026-09-29,23072.60
2026-09-24 14:06:07,24400,4152590,4064710,11874980,2.10,2026-09-29,23065.45
2026-09-24 14:11:06,24400,4172545,4064710,12064000,2.00,2026-09-29,23073.05
2026-09-24 14:16:06,24400,4041440,4064710,12375220,2.00,2026-09-29,23077.45
2026-09-24 14:21:07,24400,4035330,4064710,12509640,2.05,2026-09-29,23065.55
2026-09-24 09:21:06,24400,192920,210015,81705,3.55,2026-10-06,23228.25
2026-09-24 09:26:07,24400,192205,210015,96005,3.50,2026-10-06,23239.10
2026-09-24 09:31:08,24400,192465,210015,102115,3.70,2026-10-06,23259.00
2026-09-24 09:36:07,24400,195130,210015,113230,3.75,2026-10-06,23265.90
2026-09-24 09:41:07,24400,201435,210015,124280,3.75,2026-10-06,23240.80
2026-09-24 09:46:06,24400,233415,210015,187785,3.95,2026-10-06,23229.95
2026-09-24 09:51:06,24400,241930,210015,207805,3.95,2026-10-06,23233.75
2026-09-24 09:56:07,24400,241150,210015,214565,3.85,2026-10-06,23213.85
2026-09-24 10:01:07,24400,245570,210015,225355,3.80,2026-10-06,23230.55
2026-09-24 10:06:06,24400,253825,210015,254605,3.85,2026-10-06,23232.95
2026-09-24 10:11:06,24400,253500,210015,260260,3.85,2026-10-06,23228.70
2026-09-24 10:16:07,24400,253760,210015,267605,3.95,2026-10-06,23218.70
2026-09-24 10:21:07,24400,258570,210015,289900,3.90,2026-10-06,23216.35
2026-09-24 10:26:07,24400,259545,210015,305500,3.95,2026-10-06,23204.05
2026-09-24 10:31:06,24400,261755,210015,311805,4.00,2026-10-06,23212.70
2026-09-24 10:36:07,24400,261235,210015,317265,4.10,2026-10-06,23220.60
2026-09-24 10:41:07,24400,259740,210015,320320,4.05,2026-10-06,23221.15
2026-09-24 10:46:07,24400,259805,210015,320775,4.10,2026-10-06,23220.65
2026-09-24 10:51:07,24400,258115,210015,333515,4.15,2026-10-06,23233.60
2026-09-24 10:56:06,24400,259025,210015,343070,4.25,2026-10-06,23239.20
2026-09-24 11:01:06,24400,257985,210015,353795,4.30,2026-10-06,23233.70
2026-09-24 11:06:07,24400,249860,210015,374530,4.15,2026-10-06,23222.55
2026-09-24 11:11:07,24400,256750,210015,389220,4.30,2026-10-06,23225.20
2026-09-24 11:16:07,24400,271960,210015,417950,4.40,2026-10-06,23225.25
2026-09-24 11:21:06,24400,287625,210015,447330,4.40,2026-10-06,23229.15
2026-09-24 11:26:07,24400,278980,210015,460135,4.30,2026-10-06,23216.00
2026-09-24 11:31:07,24400,279175,210015,461825,4.30,2026-10-06,23216.15
2026-09-24 11:36:07,24400,280215,210015,465920,4.30,2026-10-06,23209.65
2026-09-24 11:41:07,24400,280540,210015,465985,4.30,2026-10-06,23208.95
2026-09-24 11:46:07,24400,280670,210015,466180,4.25,2026-10-06,23210.10
2026-09-24 11:51:05,24400,280670,210015,466700,4.30,2026-10-06,23206.75
2026-09-24 11:56:06,24400,280865,210015,470405,4.35,2026-10-06,23198.40
2026-09-24 12:01:06,24400,280865,210015,472420,4.45,2026-10-06,23196.85
2026-09-24 12:06:07,24400,279760,210015,476515,4.40,2026-10-06,23209.80
2026-09-24 12:11:05,24400,280150,210015,477945,4.35,2026-10-06,23206.90
2026-09-24 12:16:07,24400,280605,210015,480350,4.30,2026-10-06,23200.30
2026-09-24 12:21:07,24400,278655,210015,488280,4.30,2026-10-06,23198.65
2026-09-24 12:26:06,24400,277680,210015,493415,4.25,2026-10-06,23175.75
2026-09-24 12:36:08,24400,277680,210015,515255,4.35,2026-10-06,23172.45
2026-09-24 12:41:08,24400,278915,210015,526240,4.30,2026-10-06,23179.50
2026-09-24 12:46:08,24400,278200,210015,529880,4.35,2026-10-06,23171.10
2026-09-24 12:51:08,24400,279435,210015,533975,4.40,2026-10-06,23178.25
2026-09-24 12:56:08,24400,283075,210015,537550,4.40,2026-10-06,23167.90
2026-09-24 13:01:08,24400,282620,210015,544050,4.35,2026-10-06,23167.70
2026-09-24 13:06:07,24400,282100,210015,554320,4.30,2026-10-06,23182.45
2026-09-24 13:11:08,24400,282360,210015,555165,4.35,2026-10-06,23177.20
2026-09-24 13:16:08,24400,282490,210015,556985,4.30,2026-10-06,23185.00
2026-09-24 13:21:07,24400,283075,210015,562055,4.30,2026-10-06,23178.10
2026-09-24 13:26:06,24400,283855,210015,572845,4.20,2026-10-06,23167.35
2026-09-24 13:31:07,24400,280605,210015,606450,4.40,2026-10-06,23152.05
2026-09-24 13:36:06,24400,281775,210015,612235,4.35,2026-10-06,23151.60
2026-09-24 13:41:05,24400,281255,210015,618280,4.45,2026-10-06,23135.95
2026-09-24 13:46:07,24400,276770,210015,632125,4.75,2026-10-06,23087.20
2026-09-24 13:51:06,24400,273065,210015,670735,4.65,2026-10-06,23099.90
2026-09-24 13:56:06,24400,276835,210015,710840,4.90,2026-10-06,23078.00
2026-09-24 14:01:06,24400,278720,210015,736320,5.05,2026-10-06,23073.25
2026-09-24 14:06:07,24400,276315,210015,761020,4.85,2026-10-06,23066.10
2026-09-24 14:11:07,24400,275860,210015,769470,4.80,2026-10-06,23073.60
2026-09-24 14:16:08,24400,275015,210015,772850,4.75,2026-10-06,23077.10
2026-09-24 14:21:08,24400,272545,210015,779935,4.75,2026-10-06,23065.05
2026-09-24 09:21:06,24400,14430,14560,715,8.45,2026-10-13,23227.45
2026-09-24 09:26:07,24400,14755,14560,1235,7.25,2026-10-13,23238.65
2026-09-24 09:31:08,24400,15145,14560,1755,6.15,2026-10-13,23259.10
2026-09-24 09:36:07,24400,16250,14560,3445,6.90,2026-10-13,23266.10
2026-09-24 09:41:07,24400,16250,14560,3510,7.75,2026-10-13,23241.25
2026-09-24 09:46:06,24400,16315,14560,3770,8.30,2026-10-13,23230.10
2026-09-24 09:51:07,24400,16510,14560,4030,8.25,2026-10-13,23234.60
2026-09-24 09:56:08,24400,16640,14560,4290,7.55,2026-10-13,23214.30
2026-09-24 10:01:07,24400,16510,14560,4485,7.90,2026-10-13,23230.20
2026-09-24 10:06:07,24400,16510,14560,4485,7.90,2026-10-13,23232.65
2026-09-24 10:11:07,24400,16510,14560,4485,7.90,2026-10-13,23228.60
2026-09-24 10:16:07,24400,16510,14560,4485,7.90,2026-10-13,23217.60
2026-09-24 10:21:07,24400,18005,14560,7670,8.40,2026-10-13,23216.80
2026-09-24 10:26:08,24400,18330,14560,7735,8.30,2026-10-13,23203.85
2026-09-24 10:31:07,24400,18330,14560,7735,8.30,2026-10-13,23213.05
2026-09-24 10:36:08,24400,18330,14560,7735,8.30,2026-10-13,23220.55
2026-09-24 10:41:07,24400,18330,14560,7865,8.35,2026-10-13,23221.10
2026-09-24 10:46:07,24400,18330,14560,7865,8.35,2026-10-13,23220.55
2026-09-24 10:51:08,24400,18330,14560,9685,15.00,2026-10-13,23233.90
2026-09-24 10:56:07,24400,20475,14560,11895,8.40,2026-10-13,23237.95
2026-09-24 11:01:07,24400,20280,14560,12220,8.30,2026-10-13,23234.55
2026-09-24 11:06:07,24400,20670,14560,13650,8.05,2026-10-13,23222.15
2026-09-24 11:11:07,24400,21060,14560,15860,8.05,2026-10-13,23225.15
2026-09-24 11:16:08,24400,21060,14560,15860,8.05,2026-10-13,23225.70
2026-09-24 11:21:07,24400,21190,14560,16055,8.45,2026-10-13,23229.45
2026-09-24 11:26:08,24400,21190,14560,16055,8.45,2026-10-13,23216.25
2026-09-24 11:31:08,24400,21190,14560,16055,8.45,2026-10-13,23216.00
2026-09-24 11:36:07,24400,21580,14560,16640,8.50,2026-10-13,23210.65
2026-09-24 11:41:08,24400,21580,14560,16640,8.50,2026-10-13,23210.40
2026-09-24 11:46:08,24400,21515,14560,16900,8.25,2026-10-13,23210.45
2026-09-24 11:51:06,24400,21645,14560,18265,8.30,2026-10-13,23205.75
2026-09-24 11:56:07,24400,25415,14560,22620,8.50,2026-10-13,23198.30
2026-09-24 12:01:07,24400,25415,14560,22620,8.50,2026-10-13,23196.80
2026-09-24 12:06:08,24400,26390,14560,22750,8.15,2026-10-13,23209.50
2026-09-24 12:11:06,24400,26390,14560,22750,8.15,2026-10-13,23207.20
2026-09-24 12:16:08,24400,26390,14560,22750,8.15,2026-10-13,23200.80
2026-09-24 12:21:08,24400,26390,14560,22750,8.15,2026-10-13,23199.15
2026-09-24 12:26:07,24400,26390,14560,26845,7.85,2026-10-13,23175.00
2026-09-24 12:36:08,24400,24635,14560,27300,8.10,2026-10-13,23172.95
2026-09-24 12:41:08,24400,24635,14560,27430,8.20,2026-10-13,23178.80
2026-09-24 12:46:09,24400,24570,14560,27560,8.50,2026-10-13,23171.55
2026-09-24 12:51:08,24400,24635,14560,27625,8.35,2026-10-13,23178.45
2026-09-24 12:56:08,24400,24635,14560,27690,8.40,2026-10-13,23167.75
2026-09-24 13:01:08,24400,24635,14560,27755,8.40,2026-10-13,23167.55
2026-09-24 13:06:08,24400,24635,14560,27755,8.40,2026-10-13,23182.50
2026-09-24 13:11:08,24400,24700,14560,28015,8.65,2026-10-13,23177.65
2026-09-24 13:16:09,24400,24830,14560,29315,8.15,2026-10-13,23184.40
2026-09-24 13:21:08,24400,24375,14560,29445,8.20,2026-10-13,23178.05
2026-09-24 13:26:07,24400,24700,14560,31135,8.15,2026-10-13,23167.25
2026-09-24 13:31:07,24400,25870,14560,31330,8.25,2026-10-13,23151.50
2026-09-24 13:36:06,24400,25935,14560,32045,8.35,2026-10-13,23151.15
2026-09-24 13:41:05,24400,25935,14560,32045,8.35,2026-10-13,23136.40
2026-09-24 13:46:07,24400,26000,14560,32955,8.85,2026-10-13,23088.25
2026-09-24 13:51:06,24400,26130,14560,33085,9.25,2026-10-13,23100.00
2026-09-24 13:56:07,24400,26130,14560,33085,9.25,2026-10-13,23077.75
2026-09-24 14:01:08,24400,26130,14560,33085,9.25,2026-10-13,23075.55
2026-09-24 14:06:08,24400,26130,14560,33085,9.25,2026-10-13,23066.40
2026-09-24 14:11:08,24400,26130,14560,33085,9.25,2026-10-13,23073.90
2026-09-24 14:16:09,24400,26195,14560,34840,7.30,2026-10-13,23078.20
2026-09-24 14:21:08,24400,26585,14560,35165,8.90,2026-10-13,23064.10
