ledger_id,date_entry,call_writer_oi,call_wri_oi_prev,call_volume,call_ltp,call_iv,expiry_date,strike_price,put_writer_oi,put_wri_oi_prev,put_volume,put_ltp,put_iv,nifty_spot_price,pcr
83919,2026-09-26 00:30:06,0,0,0,0.00,0.00,2026-09-29,15000,122005,109200,119795,0.20,121.09,23140.50,
83920,2026-09-26 00:30:06,0,0,0,0.00,0.00,2026-09-29,16500,154830,146510,291720,0.25,97.66,23140.50,
83921,2026-09-26 00:30:06,780,780,260,5190.00,83.98,2026-09-29,18000,791960,835965,917150,0.20,74.22,23140.50,1015.33330
83922,2026-09-26 00:30:06,101985,110630,29185,3676.30,0.00,2026-09-29,19500,850915,1038895,1194050,0.35,54.69,23140.50,8.34350
83923,2026-09-26 00:30:06,0,0,0,0.00,0.00,2026-09-29,20800,395330,0,5589935,0.55,36.13,23140.50,
83924,2026-09-26 00:30:06,0,0,0,0.00,0.00,2026-09-29,20850,26910,0,173550,0.60,36.13,23140.50,
83925,2026-09-26 00:30:06,0,0,0,0.00,0.00,2026-09-29,20900,99060,0,901810,0.65,35.16,23140.50,
83926,2026-09-26 00:30:06,0,0,0,0.00,0.00,2026-09-29,20950,26390,0,166595,0.50,34.18,23140.50,
83927,2026-09-26 00:30:06,330850,404755,145470,2194.10,43.33,2026-09-29,21000,9586785,11053250,18337800,0.80,34.18,23140.50,28.97620
83928,2026-09-26 00:30:06,0,0,0,0.00,0.00,2026-09-29,21050,30810,0,259740,0.80,34.18,23140.50,
83929,2026-09-26 00:30:06,0,0,0,0.00,0.00,2026-09-29,21100,291200,0,2208245,1.20,35.64,23140.50,
83930,2026-09-26 00:30:06,0,0,0,0.00,0.00,2026-09-29,21150,76440,0,598585,1.00,32.71,23140.50,
83931,2026-09-26 00:30:06,0,0,0,0.00,0.00,2026-09-29,21200,157170,0,2611180,0.70,31.25,23140.50,
83932,2026-09-26 00:30:06,0,0,0,0.00,0.00,2026-09-29,21250,72670,0,691470,0.95,31.49,23140.50,
83933,2026-09-26 00:30:06,0,0,0,0.00,0.00,2026-09-29,21300,128635,0,1374035,0.95,30.76,23140.50,
83934,2026-09-26 00:30:06,0,0,0,0.00,0.00,2026-09-29,21350,1828385,2448810,4376775,0.75,29.54,23140.50,
83935,2026-09-26 00:30:06,65,65,0,2015.20,89.52,2026-09-29,21400,2712255,2655250,8418605,1.15,30.03,23140.50,41727.00000
83936,2026-09-26 00:30:06,0,0,0,0.00,0.00,2026-09-29,21450,233155,249600,2012985,1.10,29.54,23140.50,
83937,2026-09-26 00:30:06,65,65,0,1940.00,90.00,2026-09-29,21500,4117685,4297215,20598695,1.15,28.32,23140.50,63349.00000
83938,2026-09-26 00:30:06,0,0,0,0.00,0.00,2026-09-29,21550,315380,247520,2432560,0.95,27.83,23140.50,
83939,2026-09-26 00:30:06,37830,41860,9165,1584.50,0.00,2026-09-29,21600,1136720,1198990,7876245,1.30,27.10,23140.50,30.04810
83940,2026-09-26 00:30:06,65,65,0,1590.00,49.77,2026-09-29,21650,347165,317980,3045510,1.35,26.61,23140.50,5341.00000
83941,2026-09-26 00:30:06,65,0,0,1820.00,94.24,2026-09-29,21700,1726985,1527825,9019660,1.20,25.51,23140.50,26569.00000
83942,2026-09-26 00:30:06,65,65,0,1700.00,82.90,2026-09-29,21750,682045,349700,5632445,1.40,25.15,23140.50,10493.00000
83943,2026-09-26 00:30:06,65,65,65,1300.00,0.00,2026-09-29,21800,3092700,2310425,20004400,1.40,23.93,23140.50,47580.00000
83944,2026-09-26 00:30:06,65,65,0,1250.00,0.00,2026-09-29,21850,870350,256360,8631935,1.55,23.68,23140.50,13390.00000
83945,2026-09-26 00:30:06,585,650,0,1220.00,0.00,2026-09-29,21900,1779050,1006915,15340325,1.30,22.71,23140.50,3041.11110
83946,2026-09-26 00:30:06,130,130,0,1267.85,36.45,2026-09-29,21950,652535,470535,7222085,1.30,22.46,23140.50,5019.50000
83947,2026-09-26 00:30:06,520195,634660,231075,1189.65,19.29,2026-09-29,22000,13081770,12132640,58054945,1.70,21.61,23140.50,25.14780
83948,2026-09-26 00:30:06,715,65,715,1140.00,7.81,2026-09-29,22050,493090,534365,9544210,1.60,20.87,23140.50,689.63640
83949,2026-09-26 00:30:06,1495,1560,650,1083.75,0.00,2026-09-29,22100,2183155,1104415,17626050,1.85,20.14,23140.50,1460.30430
83950,2026-09-26 00:30:06,4030,4030,0,950.00,0.00,2026-09-29,22150,537355,326365,12639185,1.95,19.53,23140.50,133.33870
83951,2026-09-26 00:30:06,4875,7735,13585,988.60,0.00,2026-09-29,22200,4183920,3489720,41734615,2.25,19.04,23140.50,858.24000
83952,2026-09-26 00:30:06,455,1625,1430,820.00,0.00,2026-09-29,22250,1042145,654875,28158975,2.30,18.31,23140.50,2290.42860
83953,2026-09-26 00:30:06,3835,1755,5720,872.60,0.00,2026-09-29,22300,3800615,3258515,39104390,2.35,17.52,23140.50,991.03390
83954,2026-09-26 00:30:06,2145,2145,1105,846.95,20.23,2026-09-29,22350,1306110,1127100,26050765,2.70,16.85,23140.50,608.90910
83955,2026-09-26 00:30:06,10010,5785,20215,785.05,0.00,2026-09-29,22400,4228120,3170245,45479135,2.80,16.24,23140.50,422.38960
83956,2026-09-26 00:30:06,19825,10140,33475,738.65,0.00,2026-09-29,22450,1947660,1283945,34902790,3.20,15.63,23140.50,98.24260
83957,2026-09-26 00:30:06,557180,658515,899340,692.40,14.77,2026-09-29,22500,10488790,8886930,75891790,3.80,15.01,23140.50,18.82480
83958,2026-09-26 00:30:06,18850,7020,99970,647.20,16.27,2026-09-29,22550,2123290,1318720,35991800,4.20,14.34,23140.50,112.64140
83959,2026-09-26 00:30:06,56680,59345,213785,594.25,13.98,2026-09-29,22600,4883060,3429660,59583810,4.90,13.79,23140.50,86.15140
83960,2026-09-26 00:30:06,46735,46540,127725,540.00,10.01,2026-09-29,22650,2881385,2215850,39590070,5.65,13.24,23140.50,61.65370
83961,2026-09-26 00:30:06,125970,75530,1035710,496.90,13.03,2026-09-29,22700,6541015,4600440,82520945,6.80,12.73,23140.50,51.92520
83962,2026-09-26 00:30:06,61035,55575,496795,451.10,13.21,2026-09-29,22750,3643965,2118025,62547030,8.40,12.15,23140.50,59.70290
83963,2026-09-26 00:30:06,413595,388765,5688670,400.40,11.87,2026-09-29,22800,8919560,7155655,135241795,10.85,11.78,23140.50,21.56590
83964,2026-09-26 00:30:06,102050,103480,2741960,358.05,12.16,2026-09-29,22850,4408560,2884050,88260575,14.15,11.40,23140.50,43.20000
83965,2026-09-26 00:30:06,457015,376545,16876600,310.80,11.35,2026-09-29,22900,6553950,5638620,170447030,19.10,11.12,23140.50,14.34080
83966,2026-09-26 00:30:06,405275,266955,17477525,265.90,11.20,2026-09-29,22950,3437590,2351700,139630335,24.95,10.85,23140.50,8.48210
83967,2026-09-26 00:30:06,3355885,3885960,140009220,224.35,10.89,2026-09-29,23000,14607435,11757550,407050150,34.00,10.64,23140.50,4.35280
83968,2026-09-26 00:30:06,2409875,1351415,151910720,184.55,10.89,2026-09-29,23050,6362525,2790840,329885790,44.40,10.31,23140.50,2.64020
83969,2026-09-26 00:30:06,9300265,7069660,349838515,150.15,10.46,2026-09-29,23100,11453000,7586020,467405770,58.30,10.04,23140.50,1.23150
83970,2026-09-26 00:30:06,3817255,3310775,218096385,119.25,10.31,2026-09-29,23150,4174755,1764880,177176675,76.75,9.93,23140.50,1.09370
83971,2026-09-26 00:30:06,9781590,11949275,307819005,92.00,10.10,2026-09-29,23200,6409455,4852445,160108715,99.10,9.77,23140.50,0.65530
83972,2026-09-26 00:30:06,6196125,9879220,163187505,68.85,10.03,2026-09-29,23250,3443960,3543670,43734925,128.10,9.67,23140.50,0.55580
83973,2026-09-26 00:30:06,9901905,11656060,217170525,50.90,10.04,2026-09-29,23300,5154890,5549050,39848965,157.75,9.54,23140.50,0.52060
83974,2026-09-26 00:30:06,5232500,4441060,110639620,37.05,10.12,2026-09-29,23350,898625,1115270,8378630,194.35,9.47,23140.50,0.17170
83975,2026-09-26 00:30:06,10038405,10522265,143289835,26.60,10.10,2026-09-29,23400,3610945,4028505,11821290,233.00,9.54,23140.50,0.35970
83976,2026-09-26 00:30:06,4497870,4696640,80967510,18.80,10.18,2026-09-29,23450,901030,1095900,2412930,274.55,9.70,23140.50,0.20030
83977,2026-09-26 00:30:06,14624220,13572065,137371585,13.30,10.38,2026-09-29,23500,4846140,5450055,8379800,318.75,9.90,23140.50,0.33140
83978,2026-09-26 00:30:06,5373160,4194125,58347965,10.20,10.57,2026-09-29,23550,314990,358865,475670,363.75,9.03,23140.50,0.05860
83979,2026-09-26 00:30:06,7742085,8082685,78191620,7.05,10.89,2026-09-29,23600,1157065,1450670,1592955,417.55,9.98,23140.50,0.14950
83980,2026-09-26 00:30:06,3997370,4546100,52280735,5.55,11.29,2026-09-29,23650,230685,253760,183625,461.65,8.06,23140.50,0.05770
83981,2026-09-26 00:30:06,7194005,7072650,62717655,4.45,11.78,2026-09-29,23700,683085,774735,657865,508.85,0.00,23140.50,0.09500
83982,2026-09-26 00:30:06,2497040,3004690,34741850,3.50,12.21,2026-09-29,23750,193895,229450,100945,560.55,0.00,23140.50,0.07760
83983,2026-09-26 00:30:06,7232355,7100470,63407370,3.10,12.70,2026-09-29,23800,827840,1334905,1026675,608.60,0.00,23140.50,0.11450
83984,2026-09-26 00:30:06,2552940,2356900,29745495,2.50,13.37,2026-09-29,23850,102050,118820,49075,666.80,15.20,23140.50,0.04000
83985,2026-09-26 00:30:06,5860465,7667985,55863470,2.50,13.98,2026-09-29,23900,579930,787020,347360,710.25,10.25,23140.50,0.09900
83986,2026-09-26 00:30:06,1878305,2094495,25070565,2.30,14.65,2026-09-29,23950,117650,131430,39000,757.35,0.00,23140.50,0.06260
83987,2026-09-26 00:30:06,15844010,19409845,85791420,2.10,15.26,2026-09-29,24000,3188485,4607435,2661295,809.50,0.00,23140.50,0.20120
83988,2026-09-26 00:30:06,1509235,3219255,18030220,1.65,15.63,2026-09-29,24050,80470,80795,6370,867.05,18.95,23140.50,0.05330
83989,2026-09-26 00:30:06,5718700,5469295,34133385,1.40,15.99,2026-09-29,24100,391625,446290,116220,909.00,0.00,23140.50,0.06850
83990,2026-09-26 00:30:06,1658150,1749345,8753160,1.15,16.60,2026-09-29,24150,113945,123370,13910,964.65,19.04,23140.50,0.06870
83991,2026-09-26 00:30:06,7964515,9040655,33553390,1.25,17.09,2026-09-29,24200,939510,1110590,341575,1011.10,13.67,23140.50,0.11800
83992,2026-09-26 00:30:06,1767025,2202135,9144265,1.20,17.58,2026-09-29,24250,142610,143260,7605,1065.05,21.06,23140.50,0.08070
83993,2026-09-26 00:30:06,5910775,8063510,23404160,1.05,18.31,2026-09-29,24300,2108275,2553265,1026805,1122.05,25.94,23140.50,0.35670
83994,2026-09-26 00:30:06,1594060,1762605,5283720,1.10,19.04,2026-09-29,24350,299195,298870,15600,1160.10,0.00,23140.50,0.18770
83995,2026-09-26 00:30:06,3665740,4074070,12884170,0.95,19.53,2026-09-29,24400,1162200,1452295,430755,1205.40,0.00,23140.50,0.31700
83996,2026-09-26 00:30:06,366730,403650,1955785,0.85,19.78,2026-09-29,24450,73385,76050,4940,1266.50,25.39,23140.50,0.20010
83997,2026-09-26 00:30:06,10737545,12697620,32789835,0.80,20.51,2026-09-29,24500,1582230,2012010,1093430,1304.25,0.00,23140.50,0.14740
83998,2026-09-26 00:30:06,1174940,1201135,5150730,0.70,20.75,2026-09-29,24550,44655,44980,910,1373.20,31.01,23140.50,0.03800
83999,2026-09-26 00:30:06,3341975,3513640,11496420,0.65,21.24,2026-09-29,24600,495885,564070,154895,1406.45,0.00,23140.50,0.14840
84000,2026-09-26 00:30:06,854880,875615,2672475,0.60,21.97,2026-09-29,24650,33800,34125,3380,1470.00,31.07,23140.50,0.03950
84001,2026-09-26 00:30:06,3612180,3771950,5236400,0.60,22.46,2026-09-29,24700,158470,184275,71695,1507.05,0.00,23140.50,0.04390
84002,2026-09-26 00:30:06,348140,351390,837785,0.60,22.95,2026-09-29,24750,24765,24765,390,1562.95,26.25,23140.50,0.07110
84003,2026-09-26 00:30:06,2895100,3557840,5604885,0.55,23.44,2026-09-29,24800,203580,241280,72930,1617.35,31.74,23140.50,0.07030
84004,2026-09-26 00:30:06,149045,151710,427830,0.55,23.93,2026-09-29,24850,10725,11180,845,1670.80,34.91,23140.50,0.07200
84005,2026-09-26 00:30:06,1409655,1824550,3353415,0.55,24.90,2026-09-29,24900,54405,56680,6240,1725.00,38.02,23140.50,0.03860
84006,2026-09-26 00:30:06,190515,134160,692705,0.55,24.90,2026-09-29,24950,4615,4615,65,1848.00,59.27,23140.50,0.02420
84007,2026-09-26 00:30:06,8627255,11286275,19843785,0.60,25.88,2026-09-29,25000,1196455,1363295,574275,1808.70,0.00,23140.50,0.13870
84008,2026-09-26 00:30:06,91130,79495,342290,0.60,26.86,2026-09-29,25050,3380,3380,195,1956.00,63.11,23140.50,0.03710
84009,2026-09-26 00:30:06,624390,953810,1773460,0.55,27.34,2026-09-29,25100,80340,87360,10920,1921.30,39.37,23140.50,0.12870
84010,2026-09-26 00:30:06,79820,82940,283140,0.55,27.83,2026-09-29,25150,1690,1625,0,1926.00,0.00,23140.50,0.02120
84011,2026-09-26 00:30:06,628875,626405,1625325,0.50,28.32,2026-09-29,25200,66300,72020,7605,2009.50,0.00,23140.50,0.10540
84012,2026-09-26 00:30:06,58890,59865,104130,0.60,29.30,2026-09-29,25250,1690,2210,0,1800.00,0.00,23140.50,0.02870
84013,2026-09-26 00:30:06,446225,434200,1124175,0.50,29.30,2026-09-29,25300,23725,26065,3640,2120.00,41.69,23140.50,0.05320
84014,2026-09-26 00:30:06,27365,26520,59410,0.50,29.79,2026-09-29,25350,1105,1040,0,850.00,0.00,23140.50,0.04040
84015,2026-09-26 00:30:06,178880,216255,497575,0.50,31.25,2026-09-29,25400,19890,21125,1495,2232.25,50.11,23140.50,0.11120
84016,2026-09-26 00:30:06,37765,37830,61815,0.50,31.25,2026-09-29,25450,195,585,0,2000.00,0.00,23140.50,0.00520
84017,2026-09-26 00:30:06,2586350,2838225,1977820,0.55,32.23,2026-09-29,25500,760045,775970,278980,2311.00,15.63,23140.50,0.29390
84018,2026-09-26 00:30:06,131300,95030,177125,0.55,32.71,2026-09-29,25550,455,390,0,2166.55,0.00,23140.50,0.00350
84019,2026-09-26 00:30:06,119210,209495,511615,0.60,33.20,2026-09-29,25600,28795,29120,6825,2420.00,46.39,23140.50,0.24150
84020,2026-09-26 00:30:06,58955,57395,62270,0.45,33.20,2026-09-29,25650,65,520,0,2200.00,0.00,23140.50,0.00110
84021,2026-09-26 00:30:06,260715,268645,474500,0.50,33.69,2026-09-29,25700,8710,10725,2210,2515.00,42.72,23140.50,0.03340
84022,2026-09-26 00:30:06,20280,20345,37505,0.45,34.18,2026-09-29,25750,260,260,0,2270.00,0.00,23140.50,0.01280
84023,2026-09-26 00:30:06,323960,376415,613795,0.45,35.16,2026-09-29,25800,17550,19565,2535,2600.00,0.00,23140.50,0.05420
84024,2026-09-26 00:30:06,21580,18590,46280,0.45,35.16,2026-09-29,25850,0,0,845,2809.85,91.31,23140.50,0.00000
84025,2026-09-26 00:30:06,215150,211185,535665,0.40,35.64,2026-09-29,25900,2535,4225,1885,2724.00,53.89,23140.50,0.01180
84026,2026-09-26 00:30:06,27625,26325,53300,0.40,36.13,2026-09-29,25950,65,65,0,1299.00,0.00,23140.50,0.00240
84027,2026-09-26 00:30:06,2992290,3160705,2041260,0.40,37.60,2026-09-29,26000,1231525,1464485,488670,2817.30,49.80,23140.50,0.41160
84028,2026-09-26 00:30:06,27235,24830,76960,0.40,37.11,2026-09-29,26050,260,65,0,2915.00,73.61,23140.50,0.00950
84029,2026-09-26 00:30:06,30485,27625,59020,0.40,38.09,2026-09-29,26100,4485,7670,3315,3000.00,83.98,23140.50,0.14710
84030,2026-09-26 00:30:06,16965,16835,36855,0.40,38.09,2026-09-29,26150,65,65,0,1720.00,0.00,23140.50,0.00380
84031,2026-09-26 00:30:06,165945,170105,234195,0.40,39.06,2026-09-29,26200,33930,35685,5980,3010.00,31.25,23140.50,0.20450
84032,2026-09-26 00:30:06,30485,23140,31460,0.35,39.06,2026-09-29,26250,0,0,0,0.00,0.00,23140.50,0.00000
84033,2026-09-26 00:30:06,122460,109980,168220,0.35,40.04,2026-09-29,26300,56290,61620,31785,3645.55,159.44,23140.50,0.45970
84034,2026-09-26 00:30:06,26000,8385,55510,0.35,40.04,2026-09-29,26350,0,0,0,0.00,0.00,23140.50,0.00000
84035,2026-09-26 00:30:06,16900,19695,46410,0.45,41.99,2026-09-29,26400,2730,2730,130,3242.40,71.62,23140.50,0.16150
84036,2026-09-26 00:30:06,12285,11375,20020,0.35,41.02,2026-09-29,26450,0,0,0,0.00,0.00,23140.50,0.00000
84037,2026-09-26 00:30:06,582465,666900,705185,0.35,41.99,2026-09-29,26500,556010,625560,99710,3315.00,53.59,23140.50,0.95460
84038,2026-09-26 00:30:06,10725,8840,29510,0.45,42.97,2026-09-29,26550,0,0,0,0.00,0.00,23140.50,0.00000
84039,2026-09-26 00:30:06,40690,39000,90025,0.40,42.97,2026-09-29,26600,0,0,0,0.00,0.00,23140.50,0.00000
84040,2026-09-26 00:30:06,9360,7930,17940,0.35,42.97,2026-09-29,26650,0,0,0,0.00,0.00,23140.50,0.00000
84041,2026-09-26 00:30:06,10855,9425,49075,0.30,42.97,2026-09-29,26700,0,0,0,0.00,0.00,23140.50,0.00000
84042,2026-09-26 00:30:06,13455,14625,26520,0.30,43.95,2026-09-29,26750,65,65,0,2201.15,0.00,23140.50,0.00480
84043,2026-09-26 00:30:06,12220,11635,83850,0.45,45.90,2026-09-29,26800,1300,1365,0,2222.10,0.00,23140.50,0.10640
84044,2026-09-26 00:30:06,13130,11050,49530,0.45,46.88,2026-09-29,26850,0,0,0,0.00,0.00,23140.50,0.00000
84045,2026-09-26 00:30:06,13975,14105,22685,0.30,44.92,2026-09-29,26900,65,65,0,2776.00,0.00,23140.50,0.00470
84046,2026-09-26 00:30:06,14560,14625,32955,0.30,45.90,2026-09-29,26950,0,0,0,0.00,0.00,23140.50,0.00000
84047,2026-09-26 00:30:06,1530685,1653990,878670,0.35,47.85,2026-09-29,27000,1108215,1248810,217165,3820.00,66.65,23140.50,0.72400
84048,2026-09-26 00:30:06,23465,22815,65910,0.30,46.88,2026-09-29,27050,0,0,0,0.00,0.00,23140.50,0.00000
84049,2026-09-26 00:30:06,48620,41405,104065,0.30,47.85,2026-09-29,27100,0,0,0,0.00,0.00,23140.50,0.00000
84050,2026-09-26 00:30:06,78650,82290,111800,0.30,47.85,2026-09-29,27150,0,0,0,0.00,0.00,23140.50,0.00000
84051,2026-09-26 00:30:06,258895,211315,426595,0.35,48.83,2026-09-29,27200,0,0,0,0.00,0.00,23140.50,0.00000
84052,2026-09-26 00:30:06,405405,460265,282295,0.20,58.59,2026-09-29,28500,254345,327665,118105,5301.20,0.00,23140.50,0.62740
84053,2026-09-26 00:30:06,267835,278855,107315,0.20,74.22,2026-09-29,30000,95745,122525,37375,6801.45,0.00,23140.50,0.35750
84054,2026-09-26 00:30:06,17485,16120,12415,0.25,85.94,2026-09-29,31500,0,0,0,0.00,0.00,23140.50,0.00000
84055,2026-09-26 00:30:06,73580,61295,47840,0.20,97.66,2026-09-29,33000,0,0,0,0.00,0.00,23140.50,0.00000
84056,2026-09-26 00:30:06,14950,13195,32825,0.20,109.38,2026-09-29,34500,0,0,0,0.00,0.00,23140.50,0.00000
84251,2026-09-26 00:35:05,0,0,0,0.00,0.00,2026-09-29,15000,122005,109200,119795,0.20,121.09,23140.50,
84252,2026-09-26 00:35:05,0,0,0,0.00,0.00,2026-09-29,16500,154830,146510,291720,0.25,97.66,23140.50,
84253,2026-09-26 00:35:05,780,780,260,5190.00,83.98,2026-09-29,18000,791960,835965,917150,0.20,74.22,23140.50,1015.33330
84254,2026-09-26 00:35:05,101985,110630,29185,3676.30,0.00,2026-09-29,19500,850915,1038895,1194050,0.35,54.69,23140.50,8.34350
84255,2026-09-26 00:35:05,0,0,0,0.00,0.00,2026-09-29,20800,395330,0,5589935,0.55,36.13,23140.50,
84256,2026-09-26 00:35:05,0,0,0,0.00,0.00,2026-09-29,20850,26910,0,173550,0.60,36.13,23140.50,
84257,2026-09-26 00:35:05,0,0,0,0.00,0.00,2026-09-29,20900,99060,0,901810,0.65,35.16,23140.50,
84258,2026-09-26 00:35:05,0,0,0,0.00,0.00,2026-09-29,20950,26390,0,166595,0.50,34.18,23140.50,
84259,2026-09-26 00:35:05,330850,404755,145470,2194.10,43.33,2026-09-29,21000,9586785,11053250,18337800,0.80,34.18,23140.50,28.97620
84260,2026-09-26 00:35:05,0,0,0,0.00,0.00,2026-09-29,21050,30810,0,259740,0.80,34.18,23140.50,
84261,2026-09-26 00:35:05,0,0,0,0.00,0.00,2026-09-29,21100,291200,0,2208245,1.20,35.64,23140.50,
84262,2026-09-26 00:35:05,0,0,0,0.00,0.00,2026-09-29,21150,76440,0,598585,1.00,32.71,23140.50,
84263,2026-09-26 00:35:05,0,0,0,0.00,0.00,2026-09-29,21200,157170,0,2611180,0.70,31.25,23140.50,
84264,2026-09-26 00:35:05,0,0,0,0.00,0.00,2026-09-29,21250,72670,0,691470,0.95,31.49,23140.50,
84265,2026-09-26 00:35:05,0,0,0,0.00,0.00,2026-09-29,21300,128635,0,1374035,0.95,30.76,23140.50,
84266,2026-09-26 00:35:05,0,0,0,0.00,0.00,2026-09-29,21350,1828385,2448810,4376775,0.75,29.54,23140.50,
84267,2026-09-26 00:35:05,65,65,0,2015.20,89.52,2026-09-29,21400,2712255,2655250,8418605,1.15,30.03,23140.50,41727.00000
84268,2026-09-26 00:35:05,0,0,0,0.00,0.00,2026-09-29,21450,233155,249600,2012985,1.10,29.54,23140.50,
84269,2026-09-26 00:35:05,65,65,0,1940.00,90.00,2026-09-29,21500,4117685,4297215,20598695,1.15,28.32,23140.50,63349.00000
84270,2026-09-26 00:35:05,0,0,0,0.00,0.00,2026-09-29,21550,315380,247520,2432560,0.95,27.83,23140.50,
84271,2026-09-26 00:35:05,37830,41860,9165,1584.50,0.00,2026-09-29,21600,1136720,1198990,7876245,1.30,27.10,23140.50,30.04810
84272,2026-09-26 00:35:05,65,65,0,1590.00,49.77,2026-09-29,21650,347165,317980,3045510,1.35,26.61,23140.50,5341.00000
84273,2026-09-26 00:35:05,65,0,0,1820.00,94.24,2026-09-29,21700,1726985,1527825,9019660,1.20,25.51,23140.50,26569.00000
84274,2026-09-26 00:35:05,65,65,0,1700.00,82.90,2026-09-29,21750,682045,349700,5632445,1.40,25.15,23140.50,10493.00000
84275,2026-09-26 00:35:05,65,65,65,1300.00,0.00,2026-09-29,21800,3092700,2310425,20004400,1.40,23.93,23140.50,47580.00000
84276,2026-09-26 00:35:05,65,65,0,1250.00,0.00,2026-09-29,21850,870350,256360,8631935,1.55,23.68,23140.50,13390.00000
84277,2026-09-26 00:35:05,585,650,0,1220.00,0.00,2026-09-29,21900,1779050,1006915,15340325,1.30,22.71,23140.50,3041.11110
84278,2026-09-26 00:35:05,130,130,0,1267.85,36.45,2026-09-29,21950,652535,470535,7222085,1.30,22.46,23140.50,5019.50000
84279,2026-09-26 00:35:05,520195,634660,231075,1189.65,19.29,2026-09-29,22000,13081770,12132640,58054945,1.70,21.61,23140.50,25.14780
84280,2026-09-26 00:35:05,715,65,715,1140.00,7.81,2026-09-29,22050,493090,534365,9544210,1.60,20.87,23140.50,689.63640
84281,2026-09-26 00:35:05,1495,1560,650,1083.75,0.00,2026-09-29,22100,2183155,1104415,17626050,1.85,20.14,23140.50,1460.30430
84282,2026-09-26 00:35:05,4030,4030,0,950.00,0.00,2026-09-29,22150,537355,326365,12639185,1.95,19.53,23140.50,133.33870
84283,2026-09-26 00:35:05,4875,7735,13585,988.60,0.00,2026-09-29,22200,4183920,3489720,41734615,2.25,19.04,23140.50,858.24000
84284,2026-09-26 00:35:05,455,1625,1430,820.00,0.00,2026-09-29,22250,1042145,654875,28158975,2.30,18.31,23140.50,2290.42860
84285,2026-09-26 00:35:05,3835,1755,5720,872.60,0.00,2026-09-29,22300,3800615,3258515,39104390,2.35,17.52,23140.50,991.03390
84286,2026-09-26 00:35:05,2145,2145,1105,846.95,20.23,2026-09-29,22350,1306110,1127100,26050765,2.70,16.85,23140.50,608.90910
84287,2026-09-26 00:35:05,10010,5785,20215,785.05,0.00,2026-09-29,22400,4228120,3170245,45479135,2.80,16.24,23140.50,422.38960
84288,2026-09-26 00:35:05,19825,10140,33475,738.65,0.00,2026-09-29,22450,1947660,1283945,34902790,3.20,15.63,23140.50,98.24260
84289,2026-09-26 00:35:05,557180,658515,899340,692.40,14.77,2026-09-29,22500,10488790,8886930,75891790,3.80,15.01,23140.50,18.82480
84290,2026-09-26 00:35:05,18850,7020,99970,647.20,16.27,2026-09-29,22550,2123290,1318720,35991800,4.20,14.34,23140.50,112.64140
84291,2026-09-26 00:35:05,56680,59345,213785,594.25,13.98,2026-09-29,22600,4883060,3429660,59583810,4.90,13.79,23140.50,86.15140
84292,2026-09-26 00:35:05,46735,46540,127725,540.00,10.01,2026-09-29,22650,2881385,2215850,39590070,5.65,13.24,23140.50,61.65370
84293,2026-09-26 00:35:05,125970,75530,1035710,496.90,13.03,2026-09-29,22700,6541015,4600440,82520945,6.80,12.73,23140.50,51.92520
84294,2026-09-26 00:35:05,61035,55575,496795,451.10,13.21,2026-09-29,22750,3643965,2118025,62547030,8.40,12.15,23140.50,59.70290
84295,2026-09-26 00:35:05,413595,388765,5688670,400.40,11.87,2026-09-29,22800,8919560,7155655,135241795,10.85,11.78,23140.50,21.56590
84296,2026-09-26 00:35:05,102050,103480,2741960,358.05,12.16,2026-09-29,22850,4408560,2884050,88260575,14.15,11.40,23140.50,43.20000
84297,2026-09-26 00:35:05,457015,376545,16876600,310.80,11.35,2026-09-29,22900,6553950,5638620,170447030,19.10,11.12,23140.50,14.34080
84298,2026-09-26 00:35:05,405275,266955,17477525,265.90,11.20,2026-09-29,22950,3437590,2351700,139630335,24.95,10.85,23140.50,8.48210
84299,2026-09-26 00:35:05,3355885,3885960,140009220,224.35,10.89,2026-09-29,23000,14607435,11757550,407050150,34.00,10.64,23140.50,4.35280
84300,2026-09-26 00:35:05,2409875,1351415,151910720,184.55,10.89,2026-09-29,23050,6362525,2790840,329885790,44.40,10.31,23140.50,2.64020
84301,2026-09-26 00:35:05,9300265,7069660,349838515,150.15,10.46,2026-09-29,23100,11453000,7586020,467405770,58.30,10.04,23140.50,1.23150
84302,2026-09-26 00:35:05,3817255,3310775,218096385,119.25,10.31,2026-09-29,23150,4174755,1764880,177176675,76.75,9.93,23140.50,1.09370
84303,2026-09-26 00:35:05,9781590,11949275,307819005,92.00,10.10,2026-09-29,23200,6409455,4852445,160108715,99.10,9.77,23140.50,0.65530
84304,2026-09-26 00:35:05,6196125,9879220,163187505,68.85,10.03,2026-09-29,23250,3443960,3543670,43734925,128.10,9.67,23140.50,0.55580
84305,2026-09-26 00:35:05,9901905,11656060,217170525,50.90,10.04,2026-09-29,23300,5154890,5549050,39848965,157.75,9.54,23140.50,0.52060
84306,2026-09-26 00:35:05,5232500,4441060,110639620,37.05,10.12,2026-09-29,23350,898625,1115270,8378630,194.35,9.47,23140.50,0.17170
84307,2026-09-26 00:35:05,10038405,10522265,143289835,26.60,10.10,2026-09-29,23400,3610945,4028505,11821290,233.00,9.54,23140.50,0.35970
84308,2026-09-26 00:35:05,4497870,4696640,80967510,18.80,10.18,2026-09-29,23450,901030,1095900,2412930,274.55,9.70,23140.50,0.20030
84309,2026-09-26 00:35:05,14624220,13572065,137371585,13.30,10.38,2026-09-29,23500,4846140,5450055,8379800,318.75,9.90,23140.50,0.33140
84310,2026-09-26 00:35:05,5373160,4194125,58347965,10.20,10.57,2026-09-29,23550,314990,358865,475670,363.75,9.03,23140.50,0.05860
84311,2026-09-26 00:35:05,7742085,8082685,78191620,7.05,10.89,2026-09-29,23600,1157065,1450670,1592955,417.55,9.98,23140.50,0.14950
84312,2026-09-26 00:35:05,3997370,4546100,52280735,5.55,11.29,2026-09-29,23650,230685,253760,183625,461.65,8.06,23140.50,0.05770
84313,2026-09-26 00:35:05,7194005,7072650,62717655,4.45,11.78,2026-09-29,23700,683085,774735,657865,508.85,0.00,23140.50,0.09500
84314,2026-09-26 00:35:05,2497040,3004690,34741850,3.50,12.21,2026-09-29,23750,193895,229450,100945,560.55,0.00,23140.50,0.07760
84315,2026-09-26 00:35:05,7232355,7100470,63407370,3.10,12.70,2026-09-29,23800,827840,1334905,1026675,608.60,0.00,23140.50,0.11450
84316,2026-09-26 00:35:05,2552940,2356900,29745495,2.50,13.37,2026-09-29,23850,102050,118820,49075,666.80,15.20,23140.50,0.04000
84317,2026-09-26 00:35:05,5860465,7667985,55863470,2.50,13.98,2026-09-29,23900,579930,787020,347360,710.25,10.25,23140.50,0.09900
84318,2026-09-26 00:35:05,1878305,2094495,25070565,2.30,14.65,2026-09-29,23950,117650,131430,39000,757.35,0.00,23140.50,0.06260
84319,2026-09-26 00:35:05,15844010,19409845,85791420,2.10,15.26,2026-09-29,24000,3188485,4607435,2661295,809.50,0.00,23140.50,0.20120
84320,2026-09-26 00:35:05,1509235,3219255,18030220,1.65,15.63,2026-09-29,24050,80470,80795,6370,867.05,18.95,23140.50,0.05330
84321,2026-09-26 00:35:05,5718700,5469295,34133385,1.40,15.99,2026-09-29,24100,391625,446290,116220,909.00,0.00,23140.50,0.06850
84322,2026-09-26 00:35:05,1658150,1749345,8753160,1.15,16.60,2026-09-29,24150,113945,123370,13910,964.65,19.04,23140.50,0.06870
84323,2026-09-26 00:35:05,7964515,9040655,33553390,1.25,17.09,2026-09-29,24200,939510,1110590,341575,1011.10,13.67,23140.50,0.11800
84324,2026-09-26 00:35:05,1767025,2202135,9144265,1.20,17.58,2026-09-29,24250,142610,143260,7605,1065.05,21.06,23140.50,0.08070
84325,2026-09-26 00:35:05,5910775,8063510,23404160,1.05,18.31,2026-09-29,24300,2108275,2553265,1026805,1122.05,25.94,23140.50,0.35670
84326,2026-09-26 00:35:05,1594060,1762605,5283720,1.10,19.04,2026-09-29,24350,299195,298870,15600,1160.10,0.00,23140.50,0.18770
84327,2026-09-26 00:35:05,3665740,4074070,12884170,0.95,19.53,2026-09-29,24400,1162200,1452295,430755,1205.40,0.00,23140.50,0.31700
84328,2026-09-26 00:35:05,366730,403650,1955785,0.85,19.78,2026-09-29,24450,73385,76050,4940,1266.50,25.39,23140.50,0.20010
84329,2026-09-26 00:35:05,10737545,12697620,32789835,0.80,20.51,2026-09-29,24500,1582230,2012010,1093430,1304.25,0.00,23140.50,0.14740
84330,2026-09-26 00:35:05,1174940,1201135,5150730,0.70,20.75,2026-09-29,24550,44655,44980,910,1373.20,31.01,23140.50,0.03800
84331,2026-09-26 00:35:05,3341975,3513640,11496420,0.65,21.24,2026-09-29,24600,495885,564070,154895,1406.45,0.00,23140.50,0.14840
84332,2026-09-26 00:35:05,854880,875615,2672475,0.60,21.97,2026-09-29,24650,33800,34125,3380,1470.00,31.07,23140.50,0.03950
84333,2026-09-26 00:35:05,3612180,3771950,5236400,0.60,22.46,2026-09-29,24700,158470,184275,71695,1507.05,0.00,23140.50,0.04390
84334,2026-09-26 00:35:05,348140,351390,837785,0.60,22.95,2026-09-29,24750,24765,24765,390,1562.95,26.25,23140.50,0.07110
84335,2026-09-26 00:35:05,2895100,3557840,5604885,0.55,23.44,2026-09-29,24800,203580,241280,72930,1617.35,31.74,23140.50,0.07030
84336,2026-09-26 00:35:05,149045,151710,427830,0.55,23.93,2026-09-29,24850,10725,11180,845,1670.80,34.91,23140.50,0.07200
84337,2026-09-26 00:35:05,1409655,1824550,3353415,0.55,24.90,2026-09-29,24900,54405,56680,6240,1725.00,38.02,23140.50,0.03860
84338,2026-09-26 00:35:05,190515,134160,692705,0.55,24.90,2026-09-29,24950,4615,4615,65,1848.00,59.27,23140.50,0.02420
84339,2026-09-26 00:35:05,8627255,11286275,19843785,0.60,25.88,2026-09-29,25000,1196455,1363295,574275,1808.70,0.00,23140.50,0.13870
84340,2026-09-26 00:35:05,91130,79495,342290,0.60,26.86,2026-09-29,25050,3380,3380,195,1956.00,63.11,23140.50,0.03710
84341,2026-09-26 00:35:05,624390,953810,1773460,0.55,27.34,2026-09-29,25100,80340,87360,10920,1921.30,39.37,23140.50,0.12870
84342,2026-09-26 00:35:05,79820,82940,283140,0.55,27.83,2026-09-29,25150,1690,1625,0,1926.00,0.00,23140.50,0.02120
84343,2026-09-26 00:35:05,628875,626405,1625325,0.50,28.32,2026-09-29,25200,66300,72020,7605,2009.50,0.00,23140.50,0.10540
84344,2026-09-26 00:35:05,58890,59865,104130,0.60,29.30,2026-09-29,25250,1690,2210,0,1800.00,0.00,23140.50,0.02870
84345,2026-09-26 00:35:05,446225,434200,1124175,0.50,29.30,2026-09-29,25300,23725,26065,3640,2120.00,41.69,23140.50,0.05320
84346,2026-09-26 00:35:05,27365,26520,59410,0.50,29.79,2026-09-29,25350,1105,1040,0,850.00,0.00,23140.50,0.04040
84347,2026-09-26 00:35:05,178880,216255,497575,0.50,31.25,2026-09-29,25400,19890,21125,1495,2232.25,50.11,23140.50,0.11120
84348,2026-09-26 00:35:05,37765,37830,61815,0.50,31.25,2026-09-29,25450,195,585,0,2000.00,0.00,23140.50,0.00520
84349,2026-09-26 00:35:05,2586350,2838225,1977820,0.55,32.23,2026-09-29,25500,760045,775970,278980,2311.00,15.63,23140.50,0.29390
84350,2026-09-26 00:35:05,131300,95030,177125,0.55,32.71,2026-09-29,25550,455,390,0,2166.55,0.00,23140.50,0.00350
84351,2026-09-26 00:35:05,119210,209495,511615,0.60,33.20,2026-09-29,25600,28795,29120,6825,2420.00,46.39,23140.50,0.24150
84352,2026-09-26 00:35:05,58955,57395,62270,0.45,33.20,2026-09-29,25650,65,520,0,2200.00,0.00,23140.50,0.00110
84353,2026-09-26 00:35:05,260715,268645,474500,0.50,33.69,2026-09-29,25700,8710,10725,2210,2515.00,42.72,23140.50,0.03340
84354,2026-09-26 00:35:05,20280,20345,37505,0.45,34.18,2026-09-29,25750,260,260,0,2270.00,0.00,23140.50,0.01280
84355,2026-09-26 00:35:05,323960,376415,613795,0.45,35.16,2026-09-29,25800,17550,19565,2535,2600.00,0.00,23140.50,0.05420
84356,2026-09-26 00:35:05,21580,18590,46280,0.45,35.16,2026-09-29,25850,0,0,845,2809.85,91.31,23140.50,0.00000
84357,2026-09-26 00:35:05,215150,211185,535665,0.40,35.64,2026-09-29,25900,2535,4225,1885,2724.00,53.89,23140.50,0.01180
84358,2026-09-26 00:35:05,27625,26325,53300,0.40,36.13,2026-09-29,25950,65,65,0,1299.00,0.00,23140.50,0.00240
84359,2026-09-26 00:35:05,2992290,3160705,2041260,0.40,37.60,2026-09-29,26000,1231525,1464485,488670,2817.30,49.80,23140.50,0.41160
84360,2026-09-26 00:35:05,27235,24830,76960,0.40,37.11,2026-09-29,26050,260,65,0,2915.00,73.61,23140.50,0.00950
84361,2026-09-26 00:35:05,30485,27625,59020,0.40,38.09,2026-09-29,26100,4485,7670,3315,3000.00,83.98,23140.50,0.14710
84362,2026-09-26 00:35:05,16965,16835,36855,0.40,38.09,2026-09-29,26150,65,65,0,1720.00,0.00,23140.50,0.00380
84363,2026-09-26 00:35:05,165945,170105,234195,0.40,39.06,2026-09-29,26200,33930,35685,5980,3010.00,31.25,23140.50,0.20450
84364,2026-09-26 00:35:05,30485,23140,31460,0.35,39.06,2026-09-29,26250,0,0,0,0.00,0.00,23140.50,0.00000
84365,2026-09-26 00:35:05,122460,109980,168220,0.35,40.04,2026-09-29,26300,56290,61620,31785,3645.55,159.44,23140.50,0.45970
84366,2026-09-26 00:35:05,26000,8385,55510,0.35,40.04,2026-09-29,26350,0,0,0,0.00,0.00,23140.50,0.00000
84367,2026-09-26 00:35:05,16900,19695,46410,0.45,41.99,2026-09-29,26400,2730,2730,130,3242.40,71.62,23140.50,0.16150
84368,2026-09-26 00:35:05,12285,11375,20020,0.35,41.02,2026-09-29,26450,0,0,0,0.00,0.00,23140.50,0.00000
84369,2026-09-26 00:35:05,582465,666900,705185,0.35,41.99,2026-09-29,26500,556010,625560,99710,3315.00,53.59,23140.50,0.95460
84370,2026-09-26 00:35:05,10725,8840,29510,0.45,42.97,2026-09-29,26550,0,0,0,0.00,0.00,23140.50,0.00000
84371,2026-09-26 00:35:05,40690,39000,90025,0.40,42.97,2026-09-29,26600,0,0,0,0.00,0.00,23140.50,0.00000
84372,2026-09-26 00:35:05,9360,7930,17940,0.35,42.97,2026-09-29,26650,0,0,0,0.00,0.00,23140.50,0.00000
84373,2026-09-26 00:35:05,10855,9425,49075,0.30,42.97,2026-09-29,26700,0,0,0,0.00,0.00,23140.50,0.00000
84374,2026-09-26 00:35:05,13455,14625,26520,0.30,43.95,2026-09-29,26750,65,65,0,2201.15,0.00,23140.50,0.00480
84375,2026-09-26 00:35:05,12220,11635,83850,0.45,45.90,2026-09-29,26800,1300,1365,0,2222.10,0.00,23140.50,0.10640
84376,2026-09-26 00:35:05,13130,11050,49530,0.45,46.88,2026-09-29,26850,0,0,0,0.00,0.00,23140.50,0.00000
84377,2026-09-26 00:35:05,13975,14105,22685,0.30,44.92,2026-09-29,26900,65,65,0,2776.00,0.00,23140.50,0.00470
84378,2026-09-26 00:35:05,14560,14625,32955,0.30,45.90,2026-09-29,26950,0,0,0,0.00,0.00,23140.50,0.00000
84379,2026-09-26 00:35:05,1530685,1653990,878670,0.35,47.85,2026-09-29,27000,1108215,1248810,217165,3820.00,66.65,23140.50,0.72400
84380,2026-09-26 00:35:05,23465,22815,65910,0.30,46.88,2026-09-29,27050,0,0,0,0.00,0.00,23140.50,0.00000
84381,2026-09-26 00:35:05,48620,41405,104065,0.30,47.85,2026-09-29,27100,0,0,0,0.00,0.00,23140.50,0.00000
84382,2026-09-26 00:35:05,78650,82290,111800,0.30,47.85,2026-09-29,27150,0,0,0,0.00,0.00,23140.50,0.00000
84383,2026-09-26 00:35:05,258895,211315,426595,0.35,48.83,2026-09-29,27200,0,0,0,0.00,0.00,23140.50,0.00000
84384,2026-09-26 00:35:05,405405,460265,282295,0.20,58.59,2026-09-29,28500,254345,327665,118105,5301.20,0.00,23140.50,0.62740
84385,2026-09-26 00:35:05,267835,278855,107315,0.20,74.22,2026-09-29,30000,95745,122525,37375,6801.45,0.00,23140.50,0.35750
84386,2026-09-26 00:35:05,17485,16120,12415,0.25,85.94,2026-09-29,31500,0,0,0,0.00,0.00,23140.50,0.00000
84387,2026-09-26 00:35:05,73580,61295,47840,0.20,97.66,2026-09-29,33000,0,0,0,0.00,0.00,23140.50,0.00000
84388,2026-09-26 00:35:05,14950,13195,32825,0.20,109.38,2026-09-29,34500,0,0,0,0.00,0.00,23140.50,0.00000
84583,2026-09-26 00:40:07,0,0,0,0.00,0.00,2026-09-29,15000,122005,109200,119795,0.20,121.09,23140.50,
84584,2026-09-26 00:40:07,0,0,0,0.00,0.00,2026-09-29,16500,154830,146510,291720,0.25,97.66,23140.50,
84585,2026-09-26 00:40:07,780,780,260,5190.00,83.98,2026-09-29,18000,791960,835965,917150,0.20,74.22,23140.50,1015.33330
84586,2026-09-26 00:40:07,101985,110630,29185,3676.30,0.00,2026-09-29,19500,850915,1038895,1194050,0.35,54.69,23140.50,8.34350
84587,2026-09-26 00:40:07,0,0,0,0.00,0.00,2026-09-29,20800,395330,0,5589935,0.55,36.13,23140.50,
84588,2026-09-26 00:40:07,0,0,0,0.00,0.00,2026-09-29,20850,26910,0,173550,0.60,36.13,23140.50,
84589,2026-09-26 00:40:07,0,0,0,0.00,0.00,2026-09-29,20900,99060,0,901810,0.65,35.16,23140.50,
84590,2026-09-26 00:40:07,0,0,0,0.00,0.00,2026-09-29,20950,26390,0,166595,0.50,34.18,23140.50,
84591,2026-09-26 00:40:07,330850,404755,145470,2194.10,43.33,2026-09-29,21000,9586785,11053250,18337800,0.80,34.18,23140.50,28.97620
84592,2026-09-26 00:40:07,0,0,0,0.00,0.00,2026-09-29,21050,30810,0,259740,0.80,34.18,23140.50,
84593,2026-09-26 00:40:07,0,0,0,0.00,0.00,2026-09-29,21100,291200,0,2208245,1.20,35.64,23140.50,
84594,2026-09-26 00:40:07,0,0,0,0.00,0.00,2026-09-29,21150,76440,0,598585,1.00,32.71,23140.50,
84595,2026-09-26 00:40:07,0,0,0,0.00,0.00,2026-09-29,21200,157170,0,2611180,0.70,31.25,23140.50,
84596,2026-09-26 00:40:07,0,0,0,0.00,0.00,2026-09-29,21250,72670,0,691470,0.95,31.49,23140.50,
84597,2026-09-26 00:40:07,0,0,0,0.00,0.00,2026-09-29,21300,128635,0,1374035,0.95,30.76,23140.50,
84598,2026-09-26 00:40:07,0,0,0,0.00,0.00,2026-09-29,21350,1828385,2448810,4376775,0.75,29.54,23140.50,
84599,2026-09-26 00:40:07,65,65,0,2015.20,89.52,2026-09-29,21400,2712255,2655250,8418605,1.15,30.03,23140.50,41727.00000
84600,2026-09-26 00:40:07,0,0,0,0.00,0.00,2026-09-29,21450,233155,249600,2012985,1.10,29.54,23140.50,
84601,2026-09-26 00:40:07,65,65,0,1940.00,90.00,2026-09-29,21500,4117685,4297215,20598695,1.15,28.32,23140.50,63349.00000
84602,2026-09-26 00:40:07,0,0,0,0.00,0.00,2026-09-29,21550,315380,247520,2432560,0.95,27.83,23140.50,
84603,2026-09-26 00:40:07,37830,41860,9165,1584.50,0.00,2026-09-29,21600,1136720,1198990,7876245,1.30,27.10,23140.50,30.04810
84604,2026-09-26 00:40:07,65,65,0,1590.00,49.77,2026-09-29,21650,347165,317980,3045510,1.35,26.61,23140.50,5341.00000
84605,2026-09-26 00:40:07,65,0,0,1820.00,94.24,2026-09-29,21700,1726985,1527825,9019660,1.20,25.51,23140.50,26569.00000
84606,2026-09-26 00:40:07,65,65,0,1700.00,82.90,2026-09-29,21750,682045,349700,5632445,1.40,25.15,23140.50,10493.00000
84607,2026-09-26 00:40:07,65,65,65,1300.00,0.00,2026-09-29,21800,3092700,2310425,20004400,1.40,23.93,23140.50,47580.00000
84608,2026-09-26 00:40:07,65,65,0,1250.00,0.00,2026-09-29,21850,870350,256360,8631935,1.55,23.68,23140.50,13390.00000
84609,2026-09-26 00:40:07,585,650,0,1220.00,0.00,2026-09-29,21900,1779050,1006915,15340325,1.30,22.71,23140.50,3041.11110
84610,2026-09-26 00:40:07,130,130,0,1267.85,36.45,2026-09-29,21950,652535,470535,7222085,1.30,22.46,23140.50,5019.50000
84611,2026-09-26 00:40:07,520195,634660,231075,1189.65,19.29,2026-09-29,22000,13081770,12132640,58054945,1.70,21.61,23140.50,25.14780
84612,2026-09-26 00:40:07,715,65,715,1140.00,7.81,2026-09-29,22050,493090,534365,9544210,1.60,20.87,23140.50,689.63640
84613,2026-09-26 00:40:07,1495,1560,650,1083.75,0.00,2026-09-29,22100,2183155,1104415,17626050,1.85,20.14,23140.50,1460.30430
84614,2026-09-26 00:40:07,4030,4030,0,950.00,0.00,2026-09-29,22150,537355,326365,12639185,1.95,19.53,23140.50,133.33870
84615,2026-09-26 00:40:07,4875,7735,13585,988.60,0.00,2026-09-29,22200,4183920,3489720,41734615,2.25,19.04,23140.50,858.24000
84616,2026-09-26 00:40:07,455,1625,1430,820.00,0.00,2026-09-29,22250,1042145,654875,28158975,2.30,18.31,23140.50,2290.42860
84617,2026-09-26 00:40:07,3835,1755,5720,872.60,0.00,2026-09-29,22300,3800615,3258515,39104390,2.35,17.52,23140.50,991.03390
84618,2026-09-26 00:40:07,2145,2145,1105,846.95,20.23,2026-09-29,22350,1306110,1127100,26050765,2.70,16.85,23140.50,608.90910
84619,2026-09-26 00:40:07,10010,5785,20215,785.05,0.00,2026-09-29,22400,4228120,3170245,45479135,2.80,16.24,23140.50,422.38960
84620,2026-09-26 00:40:07,19825,10140,33475,738.65,0.00,2026-09-29,22450,1947660,1283945,34902790,3.20,15.63,23140.50,98.24260
84621,2026-09-26 00:40:07,557180,658515,899340,692.40,14.77,2026-09-29,22500,10488790,8886930,75891790,3.80,15.01,23140.50,18.82480
84622,2026-09-26 00:40:07,18850,7020,99970,647.20,16.27,2026-09-29,22550,2123290,1318720,35991800,4.20,14.34,23140.50,112.64140
84623,2026-09-26 00:40:07,56680,59345,213785,594.25,13.98,2026-09-29,22600,4883060,3429660,59583810,4.90,13.79,23140.50,86.15140
84624,2026-09-26 00:40:07,46735,46540,127725,540.00,10.01,2026-09-29,22650,2881385,2215850,39590070,5.65,13.24,23140.50,61.65370
84625,2026-09-26 00:40:07,125970,75530,1035710,496.90,13.03,2026-09-29,22700,6541015,4600440,82520945,6.80,12.73,23140.50,51.92520
84626,2026-09-26 00:40:07,61035,55575,496795,451.10,13.21,2026-09-29,22750,3643965,2118025,62547030,8.40,12.15,23140.50,59.70290
84627,2026-09-26 00:40:07,413595,388765,5688670,400.40,11.87,2026-09-29,22800,8919560,7155655,135241795,10.85,11.78,23140.50,21.56590
84628,2026-09-26 00:40:07,102050,103480,2741960,358.05,12.16,2026-09-29,22850,4408560,2884050,88260575,14.15,11.40,23140.50,43.20000
84629,2026-09-26 00:40:07,457015,376545,16876600,310.80,11.35,2026-09-29,22900,6553950,5638620,170447030,19.10,11.12,23140.50,14.34080
84630,2026-09-26 00:40:07,405275,266955,17477525,265.90,11.20,2026-09-29,22950,3437590,2351700,139630335,24.95,10.85,23140.50,8.48210
84631,2026-09-26 00:40:07,3355885,3885960,140009220,224.35,10.89,2026-09-29,23000,14607435,11757550,407050150,34.00,10.64,23140.50,4.35280
84632,2026-09-26 00:40:07,2409875,1351415,151910720,184.55,10.89,2026-09-29,23050,6362525,2790840,329885790,44.40,10.31,23140.50,2.64020
84633,2026-09-26 00:40:07,9300265,7069660,349838515,150.15,10.46,2026-09-29,23100,11453000,7586020,467405770,58.30,10.04,23140.50,1.23150
84634,2026-09-26 00:40:07,3817255,3310775,218096385,119.25,10.31,2026-09-29,23150,4174755,1764880,177176675,76.75,9.93,23140.50,1.09370
84635,2026-09-26 00:40:07,9781590,11949275,307819005,92.00,10.10,2026-09-29,23200,6409455,4852445,160108715,99.10,9.77,23140.50,0.65530
84636,2026-09-26 00:40:07,6196125,9879220,163187505,68.85,10.03,2026-09-29,23250,3443960,3543670,43734925,128.10,9.67,23140.50,0.55580
84637,2026-09-26 00:40:07,9901905,11656060,217170525,50.90,10.04,2026-09-29,23300,5154890,5549050,39848965,157.75,9.54,23140.50,0.52060
84638,2026-09-26 00:40:07,5232500,4441060,110639620,37.05,10.12,2026-09-29,23350,898625,1115270,8378630,194.35,9.47,23140.50,0.17170
84639,2026-09-26 00:40:07,10038405,10522265,143289835,26.60,10.10,2026-09-29,23400,3610945,4028505,11821290,233.00,9.54,23140.50,0.35970
84640,2026-09-26 00:40:07,4497870,4696640,80967510,18.80,10.18,2026-09-29,23450,901030,1095900,2412930,274.55,9.70,23140.50,0.20030
84641,2026-09-26 00:40:07,14624220,13572065,137371585,13.30,10.38,2026-09-29,23500,4846140,5450055,8379800,318.75,9.90,23140.50,0.33140
84642,2026-09-26 00:40:07,5373160,4194125,58347965,10.20,10.57,2026-09-29,23550,314990,358865,475670,363.75,9.03,23140.50,0.05860
84643,2026-09-26 00:40:07,7742085,8082685,78191620,7.05,10.89,2026-09-29,23600,1157065,1450670,1592955,417.55,9.98,23140.50,0.14950
84644,2026-09-26 00:40:07,3997370,4546100,52280735,5.55,11.29,2026-09-29,23650,230685,253760,183625,461.65,8.06,23140.50,0.05770
84645,2026-09-26 00:40:07,7194005,7072650,62717655,4.45,11.78,2026-09-29,23700,683085,774735,657865,508.85,0.00,23140.50,0.09500
84646,2026-09-26 00:40:07,2497040,3004690,34741850,3.50,12.21,2026-09-29,23750,193895,229450,100945,560.55,0.00,23140.50,0.07760
84647,2026-09-26 00:40:07,7232355,7100470,63407370,3.10,12.70,2026-09-29,23800,827840,1334905,1026675,608.60,0.00,23140.50,0.11450
84648,2026-09-26 00:40:07,2552940,2356900,29745495,2.50,13.37,2026-09-29,23850,102050,118820,49075,666.80,15.20,23140.50,0.04000
84649,2026-09-26 00:40:07,5860465,7667985,55863470,2.50,13.98,2026-09-29,23900,579930,787020,347360,710.25,10.25,23140.50,0.09900
84650,2026-09-26 00:40:07,1878305,2094495,25070565,2.30,14.65,2026-09-29,23950,117650,131430,39000,757.35,0.00,23140.50,0.06260
84651,2026-09-26 00:40:07,15844010,19409845,85791420,2.10,15.26,2026-09-29,24000,3188485,4607435,2661295,809.50,0.00,23140.50,0.20120
84652,2026-09-26 00:40:07,1509235,3219255,18030220,1.65,15.63,2026-09-29,24050,80470,80795,6370,867.05,18.95,23140.50,0.05330
84653,2026-09-26 00:40:07,5718700,5469295,34133385,1.40,15.99,2026-09-29,24100,391625,446290,116220,909.00,0.00,23140.50,0.06850
84654,2026-09-26 00:40:07,1658150,1749345,8753160,1.15,16.60,2026-09-29,24150,113945,123370,13910,964.65,19.04,23140.50,0.06870
84655,2026-09-26 00:40:07,7964515,9040655,33553390,1.25,17.09,2026-09-29,24200,939510,1110590,341575,1011.10,13.67,23140.50,0.11800
84656,2026-09-26 00:40:07,1767025,2202135,9144265,1.20,17.58,2026-09-29,24250,142610,143260,7605,1065.05,21.06,23140.50,0.08070
84657,2026-09-26 00:40:07,5910775,8063510,23404160,1.05,18.31,2026-09-29,24300,2108275,2553265,1026805,1122.05,25.94,23140.50,0.35670
84658,2026-09-26 00:40:07,1594060,1762605,5283720,1.10,19.04,2026-09-29,24350,299195,298870,15600,1160.10,0.00,23140.50,0.18770
84659,2026-09-26 00:40:07,3665740,4074070,12884170,0.95,19.53,2026-09-29,24400,1162200,1452295,430755,1205.40,0.00,23140.50,0.31700
84660,2026-09-26 00:40:07,366730,403650,1955785,0.85,19.78,2026-09-29,24450,73385,76050,4940,1266.50,25.39,23140.50,0.20010
84661,2026-09-26 00:40:07,10737545,12697620,32789835,0.80,20.51,2026-09-29,24500,1582230,2012010,1093430,1304.25,0.00,23140.50,0.14740
84662,2026-09-26 00:40:07,1174940,1201135,5150730,0.70,20.75,2026-09-29,24550,44655,44980,910,1373.20,31.01,23140.50,0.03800
84663,2026-09-26 00:40:07,3341975,3513640,11496420,0.65,21.24,2026-09-29,24600,495885,564070,154895,1406.45,0.00,23140.50,0.14840
84664,2026-09-26 00:40:07,854880,875615,2672475,0.60,21.97,2026-09-29,24650,33800,34125,3380,1470.00,31.07,23140.50,0.03950
84665,2026-09-26 00:40:07,3612180,3771950,5236400,0.60,22.46,2026-09-29,24700,158470,184275,71695,1507.05,0.00,23140.50,0.04390
84666,2026-09-26 00:40:07,348140,351390,837785,0.60,22.95,2026-09-29,24750,24765,24765,390,1562.95,26.25,23140.50,0.07110
84667,2026-09-26 00:40:07,2895100,3557840,5604885,0.55,23.44,2026-09-29,24800,203580,241280,72930,1617.35,31.74,23140.50,0.07030
84668,2026-09-26 00:40:07,149045,151710,427830,0.55,23.93,2026-09-29,24850,10725,11180,845,1670.80,34.91,23140.50,0.07200
84669,2026-09-26 00:40:07,1409655,1824550,3353415,0.55,24.90,2026-09-29,24900,54405,56680,6240,1725.00,38.02,23140.50,0.03860
84670,2026-09-26 00:40:07,190515,134160,692705,0.55,24.90,2026-09-29,24950,4615,4615,65,1848.00,59.27,23140.50,0.02420
84671,2026-09-26 00:40:07,8627255,11286275,19843785,0.60,25.88,2026-09-29,25000,1196455,1363295,574275,1808.70,0.00,23140.50,0.13870
84672,2026-09-26 00:40:07,91130,79495,342290,0.60,26.86,2026-09-29,25050,3380,3380,195,1956.00,63.11,23140.50,0.03710
84673,2026-09-26 00:40:07,624390,953810,1773460,0.55,27.34,2026-09-29,25100,80340,87360,10920,1921.30,39.37,23140.50,0.12870
84674,2026-09-26 00:40:07,79820,82940,283140,0.55,27.83,2026-09-29,25150,1690,1625,0,1926.00,0.00,23140.50,0.02120
84675,2026-09-26 00:40:07,628875,626405,1625325,0.50,28.32,2026-09-29,25200,66300,72020,7605,2009.50,0.00,23140.50,0.10540
84676,2026-09-26 00:40:07,58890,59865,104130,0.60,29.30,2026-09-29,25250,1690,2210,0,1800.00,0.00,23140.50,0.02870
84677,2026-09-26 00:40:07,446225,434200,1124175,0.50,29.30,2026-09-29,25300,23725,26065,3640,2120.00,41.69,23140.50,0.05320
84678,2026-09-26 00:40:07,27365,26520,59410,0.50,29.79,2026-09-29,25350,1105,1040,0,850.00,0.00,23140.50,0.04040
84679,2026-09-26 00:40:07,178880,216255,497575,0.50,31.25,2026-09-29,25400,19890,21125,1495,2232.25,50.11,23140.50,0.11120
84680,2026-09-26 00:40:07,37765,37830,61815,0.50,31.25,2026-09-29,25450,195,585,0,2000.00,0.00,23140.50,0.00520
84681,2026-09-26 00:40:07,2586350,2838225,1977820,0.55,32.23,2026-09-29,25500,760045,775970,278980,2311.00,15.63,23140.50,0.29390
84682,2026-09-26 00:40:07,131300,95030,177125,0.55,32.71,2026-09-29,25550,455,390,0,2166.55,0.00,23140.50,0.00350
84683,2026-09-26 00:40:07,119210,209495,511615,0.60,33.20,2026-09-29,25600,28795,29120,6825,2420.00,46.39,23140.50,0.24150
84684,2026-09-26 00:40:07,58955,57395,62270,0.45,33.20,2026-09-29,25650,65,520,0,2200.00,0.00,23140.50,0.00110
84685,2026-09-26 00:40:07,260715,268645,474500,0.50,33.69,2026-09-29,25700,8710,10725,2210,2515.00,42.72,23140.50,0.03340
84686,2026-09-26 00:40:07,20280,20345,37505,0.45,34.18,2026-09-29,25750,260,260,0,2270.00,0.00,23140.50,0.01280
84687,2026-09-26 00:40:07,323960,376415,613795,0.45,35.16,2026-09-29,25800,17550,19565,2535,2600.00,0.00,23140.50,0.05420
84688,2026-09-26 00:40:07,21580,18590,46280,0.45,35.16,2026-09-29,25850,0,0,845,2809.85,91.31,23140.50,0.00000
84689,2026-09-26 00:40:07,215150,211185,535665,0.40,35.64,2026-09-29,25900,2535,4225,1885,2724.00,53.89,23140.50,0.01180
84690,2026-09-26 00:40:07,27625,26325,53300,0.40,36.13,2026-09-29,25950,65,65,0,1299.00,0.00,23140.50,0.00240
84691,2026-09-26 00:40:07,2992290,3160705,2041260,0.40,37.60,2026-09-29,26000,1231525,1464485,488670,2817.30,49.80,23140.50,0.41160
84692,2026-09-26 00:40:07,27235,24830,76960,0.40,37.11,2026-09-29,26050,260,65,0,2915.00,73.61,23140.50,0.00950
84693,2026-09-26 00:40:07,30485,27625,59020,0.40,38.09,2026-09-29,26100,4485,7670,3315,3000.00,83.98,23140.50,0.14710
84694,2026-09-26 00:40:07,16965,16835,36855,0.40,38.09,2026-09-29,26150,65,65,0,1720.00,0.00,23140.50,0.00380
84695,2026-09-26 00:40:07,165945,170105,234195,0.40,39.06,2026-09-29,26200,33930,35685,5980,3010.00,31.25,23140.50,0.20450
84696,2026-09-26 00:40:07,30485,23140,31460,0.35,39.06,2026-09-29,26250,0,0,0,0.00,0.00,23140.50,0.00000
84697,2026-09-26 00:40:07,122460,109980,168220,0.35,40.04,2026-09-29,26300,56290,61620,31785,3645.55,159.44,23140.50,0.45970
84698,2026-09-26 00:40:07,26000,8385,55510,0.35,40.04,2026-09-29,26350,0,0,0,0.00,0.00,23140.50,0.00000
84699,2026-09-26 00:40:07,16900,19695,46410,0.45,41.99,2026-09-29,26400,2730,2730,130,3242.40,71.62,23140.50,0.16150
84700,2026-09-26 00:40:07,12285,11375,20020,0.35,41.02,2026-09-29,26450,0,0,0,0.00,0.00,23140.50,0.00000
84701,2026-09-26 00:40:07,582465,666900,705185,0.35,41.99,2026-09-29,26500,556010,625560,99710,3315.00,53.59,23140.50,0.95460
84702,2026-09-26 00:40:07,10725,8840,29510,0.45,42.97,2026-09-29,26550,0,0,0,0.00,0.00,23140.50,0.00000
84703,2026-09-26 00:40:07,40690,39000,90025,0.40,42.97,2026-09-29,26600,0,0,0,0.00,0.00,23140.50,0.00000
84704,2026-09-26 00:40:07,9360,7930,17940,0.35,42.97,2026-09-29,26650,0,0,0,0.00,0.00,23140.50,0.00000
84705,2026-09-26 00:40:07,10855,9425,49075,0.30,42.97,2026-09-29,26700,0,0,0,0.00,0.00,23140.50,0.00000
84706,2026-09-26 00:40:07,13455,14625,26520,0.30,43.95,2026-09-29,26750,65,65,0,2201.15,0.00,23140.50,0.00480
84707,2026-09-26 00:40:07,12220,11635,83850,0.45,45.90,2026-09-29,26800,1300,1365,0,2222.10,0.00,23140.50,0.10640
84708,2026-09-26 00:40:07,13130,11050,49530,0.45,46.88,2026-09-29,26850,0,0,0,0.00,0.00,23140.50,0.00000
84709,2026-09-26 00:40:07,13975,14105,22685,0.30,44.92,2026-09-29,26900,65,65,0,2776.00,0.00,23140.50,0.00470
84710,2026-09-26 00:40:07,14560,14625,32955,0.30,45.90,2026-09-29,26950,0,0,0,0.00,0.00,23140.50,0.00000
84711,2026-09-26 00:40:07,1530685,1653990,878670,0.35,47.85,2026-09-29,27000,1108215,1248810,217165,3820.00,66.65,23140.50,0.72400
84712,2026-09-26 00:40:07,23465,22815,65910,0.30,46.88,2026-09-29,27050,0,0,0,0.00,0.00,23140.50,0.00000
84713,2026-09-26 00:40:07,48620,41405,104065,0.30,47.85,2026-09-29,27100,0,0,0,0.00,0.00,23140.50,0.00000
84714,2026-09-26 00:40:07,78650,82290,111800,0.30,47.85,2026-09-29,27150,0,0,0,0.00,0.00,23140.50,0.00000
84715,2026-09-26 00:40:07,258895,211315,426595,0.35,48.83,2026-09-29,27200,0,0,0,0.00,0.00,23140.50,0.00000
84716,2026-09-26 00:40:07,405405,460265,282295,0.20,58.59,2026-09-29,28500,254345,327665,118105,5301.20,0.00,23140.50,0.62740
84717,2026-09-26 00:40:07,267835,278855,107315,0.20,74.22,2026-09-29,30000,95745,122525,37375,6801.45,0.00,23140.50,0.35750
84718,2026-09-26 00:40:07,17485,16120,12415,0.25,85.94,2026-09-29,31500,0,0,0,0.00,0.00,23140.50,0.00000
84719,2026-09-26 00:40:07,73580,61295,47840,0.20,97.66,2026-09-29,33000,0,0,0,0.00,0.00,23140.50,0.00000
84720,2026-09-26 00:40:07,14950,13195,32825,0.20,109.38,2026-09-29,34500,0,0,0,0.00,0.00,23140.50,0.00000
84915,2026-09-26 00:45:05,0,0,0,0.00,0.00,2026-09-29,15000,122005,109200,119795,0.20,121.09,23140.50,
84916,2026-09-26 00:45:05,0,0,0,0.00,0.00,2026-09-29,16500,154830,146510,291720,0.25,97.66,23140.50,
84917,2026-09-26 00:45:05,780,780,260,5190.00,83.98,2026-09-29,18000,791960,835965,917150,0.20,74.22,23140.50,1015.33330
84918,2026-09-26 00:45:05,101985,110630,29185,3676.30,0.00,2026-09-29,19500,850915,1038895,1194050,0.35,54.69,23140.50,8.34350
84919,2026-09-26 00:45:05,0,0,0,0.00,0.00,2026-09-29,20800,395330,0,5589935,0.55,36.13,23140.50,
84920,2026-09-26 00:45:05,0,0,0,0.00,0.00,2026-09-29,20850,26910,0,173550,0.60,36.13,23140.50,
84921,2026-09-26 00:45:05,0,0,0,0.00,0.00,2026-09-29,20900,99060,0,901810,0.65,35.16,23140.50,
84922,2026-09-26 00:45:05,0,0,0,0.00,0.00,2026-09-29,20950,26390,0,166595,0.50,34.18,23140.50,
84923,2026-09-26 00:45:05,330850,404755,145470,2194.10,43.33,2026-09-29,21000,9586785,11053250,18337800,0.80,34.18,23140.50,28.97620
84924,2026-09-26 00:45:05,0,0,0,0.00,0.00,2026-09-29,21050,30810,0,259740,0.80,34.18,23140.50,
84925,2026-09-26 00:45:05,0,0,0,0.00,0.00,2026-09-29,21100,291200,0,2208245,1.20,35.64,23140.50,
84926,2026-09-26 00:45:05,0,0,0,0.00,0.00,2026-09-29,21150,76440,0,598585,1.00,32.71,23140.50,
84927,2026-09-26 00:45:05,0,0,0,0.00,0.00,2026-09-29,21200,157170,0,2611180,0.70,31.25,23140.50,
84928,2026-09-26 00:45:05,0,0,0,0.00,0.00,2026-09-29,21250,72670,0,691470,0.95,31.49,23140.50,
84929,2026-09-26 00:45:05,0,0,0,0.00,0.00,2026-09-29,21300,128635,0,1374035,0.95,30.76,23140.50,
84930,2026-09-26 00:45:05,0,0,0,0.00,0.00,2026-09-29,21350,1828385,2448810,4376775,0.75,29.54,23140.50,
84931,2026-09-26 00:45:05,65,65,0,2015.20,89.52,2026-09-29,21400,2712255,2655250,8418605,1.15,30.03,23140.50,41727.00000
84932,2026-09-26 00:45:05,0,0,0,0.00,0.00,2026-09-29,21450,233155,249600,2012985,1.10,29.54,23140.50,
84933,2026-09-26 00:45:05,65,65,0,1940.00,90.00,2026-09-29,21500,4117685,4297215,20598695,1.15,28.32,23140.50,63349.00000
84934,2026-09-26 00:45:05,0,0,0,0.00,0.00,2026-09-29,21550,315380,247520,2432560,0.95,27.83,23140.50,
84935,2026-09-26 00:45:05,37830,41860,9165,1584.50,0.00,2026-09-29,21600,1136720,1198990,7876245,1.30,27.10,23140.50,30.04810
84936,2026-09-26 00:45:05,65,65,0,1590.00,49.77,2026-09-29,21650,347165,317980,3045510,1.35,26.61,23140.50,5341.00000
84937,2026-09-26 00:45:05,65,0,0,1820.00,94.24,2026-09-29,21700,1726985,1527825,9019660,1.20,25.51,23140.50,26569.00000
84938,2026-09-26 00:45:05,65,65,0,1700.00,82.90,2026-09-29,21750,682045,349700,5632445,1.40,25.15,23140.50,10493.00000
84939,2026-09-26 00:45:05,65,65,65,1300.00,0.00,2026-09-29,21800,3092700,2310425,20004400,1.40,23.93,23140.50,47580.00000
84940,2026-09-26 00:45:05,65,65,0,1250.00,0.00,2026-09-29,21850,870350,256360,8631935,1.55,23.68,23140.50,13390.00000
84941,2026-09-26 00:45:05,585,650,0,1220.00,0.00,2026-09-29,21900,1779050,1006915,15340325,1.30,22.71,23140.50,3041.11110
84942,2026-09-26 00:45:05,130,130,0,1267.85,36.45,2026-09-29,21950,652535,470535,7222085,1.30,22.46,23140.50,5019.50000
84943,2026-09-26 00:45:05,520195,634660,231075,1189.65,19.29,2026-09-29,22000,13081770,12132640,58054945,1.70,21.61,23140.50,25.14780
84944,2026-09-26 00:45:05,715,65,715,1140.00,7.81,2026-09-29,22050,493090,534365,9544210,1.60,20.87,23140.50,689.63640
84945,2026-09-26 00:45:05,1495,1560,650,1083.75,0.00,2026-09-29,22100,2183155,1104415,17626050,1.85,20.14,23140.50,1460.30430
84946,2026-09-26 00:45:05,4030,4030,0,950.00,0.00,2026-09-29,22150,537355,326365,12639185,1.95,19.53,23140.50,133.33870
84947,2026-09-26 00:45:05,4875,7735,13585,988.60,0.00,2026-09-29,22200,4183920,3489720,41734615,2.25,19.04,23140.50,858.24000
84948,2026-09-26 00:45:05,455,1625,1430,820.00,0.00,2026-09-29,22250,1042145,654875,28158975,2.30,18.31,23140.50,2290.42860
84949,2026-09-26 00:45:05,3835,1755,5720,872.60,0.00,2026-09-29,22300,3800615,3258515,39104390,2.35,17.52,23140.50,991.03390
84950,2026-09-26 00:45:05,2145,2145,1105,846.95,20.23,2026-09-29,22350,1306110,1127100,26050765,2.70,16.85,23140.50,608.90910
84951,2026-09-26 00:45:05,10010,5785,20215,785.05,0.00,2026-09-29,22400,4228120,3170245,45479135,2.80,16.24,23140.50,422.38960
84952,2026-09-26 00:45:05,19825,10140,33475,738.65,0.00,2026-09-29,22450,1947660,1283945,34902790,3.20,15.63,23140.50,98.24260
84953,2026-09-26 00:45:05,557180,658515,899340,692.40,14.77,2026-09-29,22500,10488790,8886930,75891790,3.80,15.01,23140.50,18.82480
84954,2026-09-26 00:45:05,18850,7020,99970,647.20,16.27,2026-09-29,22550,2123290,1318720,35991800,4.20,14.34,23140.50,112.64140
84955,2026-09-26 00:45:05,56680,59345,213785,594.25,13.98,2026-09-29,22600,4883060,3429660,59583810,4.90,13.79,23140.50,86.15140
84956,2026-09-26 00:45:05,46735,46540,127725,540.00,10.01,2026-09-29,22650,2881385,2215850,39590070,5.65,13.24,23140.50,61.65370
84957,2026-09-26 00:45:05,125970,75530,1035710,496.90,13.03,2026-09-29,22700,6541015,4600440,82520945,6.80,12.73,23140.50,51.92520
84958,2026-09-26 00:45:05,61035,55575,496795,451.10,13.21,2026-09-29,22750,3643965,2118025,62547030,8.40,12.15,23140.50,59.70290
84959,2026-09-26 00:45:05,413595,388765,5688670,400.40,11.87,2026-09-29,22800,8919560,7155655,135241795,10.85,11.78,23140.50,21.56590
84960,2026-09-26 00:45:05,102050,103480,2741960,358.05,12.16,2026-09-29,22850,4408560,2884050,88260575,14.15,11.40,23140.50,43.20000
84961,2026-09-26 00:45:05,457015,376545,16876600,310.80,11.35,2026-09-29,22900,6553950,5638620,170447030,19.10,11.12,23140.50,14.34080
84962,2026-09-26 00:45:05,405275,266955,17477525,265.90,11.20,2026-09-29,22950,3437590,2351700,139630335,24.95,10.85,23140.50,8.48210
84963,2026-09-26 00:45:05,3355885,3885960,140009220,224.35,10.89,2026-09-29,23000,14607435,11757550,407050150,34.00,10.64,23140.50,4.35280
84964,2026-09-26 00:45:05,2409875,1351415,151910720,184.55,10.89,2026-09-29,23050,6362525,2790840,329885790,44.40,10.31,23140.50,2.64020
84965,2026-09-26 00:45:05,9300265,7069660,349838515,150.15,10.46,2026-09-29,23100,11453000,7586020,467405770,58.30,10.04,23140.50,1.23150
84966,2026-09-26 00:45:05,3817255,3310775,218096385,119.25,10.31,2026-09-29,23150,4174755,1764880,177176675,76.75,9.93,23140.50,1.09370
84967,2026-09-26 00:45:05,9781590,11949275,307819005,92.00,10.10,2026-09-29,23200,6409455,4852445,160108715,99.10,9.77,23140.50,0.65530
84968,2026-09-26 00:45:05,6196125,9879220,163187505,68.85,10.03,2026-09-29,23250,3443960,3543670,43734925,128.10,9.67,23140.50,0.55580
84969,2026-09-26 00:45:05,9901905,11656060,217170525,50.90,10.04,2026-09-29,23300,5154890,5549050,39848965,157.75,9.54,23140.50,0.52060
84970,2026-09-26 00:45:05,5232500,4441060,110639620,37.05,10.12,2026-09-29,23350,898625,1115270,8378630,194.35,9.47,23140.50,0.17170
84971,2026-09-26 00:45:05,10038405,10522265,143289835,26.60,10.10,2026-09-29,23400,3610945,4028505,11821290,233.00,9.54,23140.50,0.35970
84972,2026-09-26 00:45:05,4497870,4696640,80967510,18.80,10.18,2026-09-29,23450,901030,1095900,2412930,274.55,9.70,23140.50,0.20030
84973,2026-09-26 00:45:05,14624220,13572065,137371585,13.30,10.38,2026-09-29,23500,4846140,5450055,8379800,318.75,9.90,23140.50,0.33140
84974,2026-09-26 00:45:05,5373160,4194125,58347965,10.20,10.57,2026-09-29,23550,314990,358865,475670,363.75,9.03,23140.50,0.05860
84975,2026-09-26 00:45:05,7742085,8082685,78191620,7.05,10.89,2026-09-29,23600,1157065,1450670,1592955,417.55,9.98,23140.50,0.14950
84976,2026-09-26 00:45:05,3997370,4546100,52280735,5.55,11.29,2026-09-29,23650,230685,253760,183625,461.65,8.06,23140.50,0.05770
84977,2026-09-26 00:45:05,7194005,7072650,62717655,4.45,11.78,2026-09-29,23700,683085,774735,657865,508.85,0.00,23140.50,0.09500
84978,2026-09-26 00:45:05,2497040,3004690,34741850,3.50,12.21,2026-09-29,23750,193895,229450,100945,560.55,0.00,23140.50,0.07760
84979,2026-09-26 00:45:05,7232355,7100470,63407370,3.10,12.70,2026-09-29,23800,827840,1334905,1026675,608.60,0.00,23140.50,0.11450
84980,2026-09-26 00:45:05,2552940,2356900,29745495,2.50,13.37,2026-09-29,23850,102050,118820,49075,666.80,15.20,23140.50,0.04000
84981,2026-09-26 00:45:05,5860465,7667985,55863470,2.50,13.98,2026-09-29,23900,579930,787020,347360,710.25,10.25,23140.50,0.09900
84982,2026-09-26 00:45:05,1878305,2094495,25070565,2.30,14.65,2026-09-29,23950,117650,131430,39000,757.35,0.00,23140.50,0.06260
84983,2026-09-26 00:45:05,15844010,19409845,85791420,2.10,15.26,2026-09-29,24000,3188485,4607435,2661295,809.50,0.00,23140.50,0.20120
84984,2026-09-26 00:45:05,1509235,3219255,18030220,1.65,15.63,2026-09-29,24050,80470,80795,6370,867.05,18.95,23140.50,0.05330
84985,2026-09-26 00:45:05,5718700,5469295,34133385,1.40,15.99,2026-09-29,24100,391625,446290,116220,909.00,0.00,23140.50,0.06850
84986,2026-09-26 00:45:05,1658150,1749345,8753160,1.15,16.60,2026-09-29,24150,113945,123370,13910,964.65,19.04,23140.50,0.06870
84987,2026-09-26 00:45:05,7964515,9040655,33553390,1.25,17.09,2026-09-29,24200,939510,1110590,341575,1011.10,13.67,23140.50,0.11800
84988,2026-09-26 00:45:05,1767025,2202135,9144265,1.20,17.58,2026-09-29,24250,142610,143260,7605,1065.05,21.06,23140.50,0.08070
84989,2026-09-26 00:45:05,5910775,8063510,23404160,1.05,18.31,2026-09-29,24300,2108275,2553265,1026805,1122.05,25.94,23140.50,0.35670
84990,2026-09-26 00:45:05,1594060,1762605,5283720,1.10,19.04,2026-09-29,24350,299195,298870,15600,1160.10,0.00,23140.50,0.18770
84991,2026-09-26 00:45:05,3665740,4074070,12884170,0.95,19.53,2026-09-29,24400,1162200,1452295,430755,1205.40,0.00,23140.50,0.31700
84992,2026-09-26 00:45:05,366730,403650,1955785,0.85,19.78,2026-09-29,24450,73385,76050,4940,1266.50,25.39,23140.50,0.20010
84993,2026-09-26 00:45:05,10737545,12697620,32789835,0.80,20.51,2026-09-29,24500,1582230,2012010,1093430,1304.25,0.00,23140.50,0.14740
84994,2026-09-26 00:45:05,1174940,1201135,5150730,0.70,20.75,2026-09-29,24550,44655,44980,910,1373.20,31.01,23140.50,0.03800
84995,2026-09-26 00:45:05,3341975,3513640,11496420,0.65,21.24,2026-09-29,24600,495885,564070,154895,1406.45,0.00,23140.50,0.14840
84996,2026-09-26 00:45:05,854880,875615,2672475,0.60,21.97,2026-09-29,24650,33800,34125,3380,1470.00,31.07,23140.50,0.03950
84997,2026-09-26 00:45:05,3612180,3771950,5236400,0.60,22.46,2026-09-29,24700,158470,184275,71695,1507.05,0.00,23140.50,0.04390
84998,2026-09-26 00:45:05,348140,351390,837785,0.60,22.95,2026-09-29,24750,24765,24765,390,1562.95,26.25,23140.50,0.07110
84999,2026-09-26 00:45:05,2895100,3557840,5604885,0.55,23.44,2026-09-29,24800,203580,241280,72930,1617.35,31.74,23140.50,0.07030
85000,2026-09-26 00:45:05,149045,151710,427830,0.55,23.93,2026-09-29,24850,10725,11180,845,1670.80,34.91,23140.50,0.07200
85001,2026-09-26 00:45:05,1409655,1824550,3353415,0.55,24.90,2026-09-29,24900,54405,56680,6240,1725.00,38.02,23140.50,0.03860
85002,2026-09-26 00:45:05,190515,134160,692705,0.55,24.90,2026-09-29,24950,4615,4615,65,1848.00,59.27,23140.50,0.02420
85003,2026-09-26 00:45:05,8627255,11286275,19843785,0.60,25.88,2026-09-29,25000,1196455,1363295,574275,1808.70,0.00,23140.50,0.13870
85004,2026-09-26 00:45:05,91130,79495,342290,0.60,26.86,2026-09-29,25050,3380,3380,195,1956.00,63.11,23140.50,0.03710
85005,2026-09-26 00:45:05,624390,953810,1773460,0.55,27.34,2026-09-29,25100,80340,87360,10920,1921.30,39.37,23140.50,0.12870
85006,2026-09-26 00:45:05,79820,82940,283140,0.55,27.83,2026-09-29,25150,1690,1625,0,1926.00,0.00,23140.50,0.02120
85007,2026-09-26 00:45:05,628875,626405,1625325,0.50,28.32,2026-09-29,25200,66300,72020,7605,2009.50,0.00,23140.50,0.10540
85008,2026-09-26 00:45:05,58890,59865,104130,0.60,29.30,2026-09-29,25250,1690,2210,0,1800.00,0.00,23140.50,0.02870
85009,2026-09-26 00:45:05,446225,434200,1124175,0.50,29.30,2026-09-29,25300,23725,26065,3640,2120.00,41.69,23140.50,0.05320
85010,2026-09-26 00:45:05,27365,26520,59410,0.50,29.79,2026-09-29,25350,1105,1040,0,850.00,0.00,23140.50,0.04040
85011,2026-09-26 00:45:05,178880,216255,497575,0.50,31.25,2026-09-29,25400,19890,21125,1495,2232.25,50.11,23140.50,0.11120
85012,2026-09-26 00:45:05,37765,37830,61815,0.50,31.25,2026-09-29,25450,195,585,0,2000.00,0.00,23140.50,0.00520
85013,2026-09-26 00:45:05,2586350,2838225,1977820,0.55,32.23,2026-09-29,25500,760045,775970,278980,2311.00,15.63,23140.50,0.29390
85014,2026-09-26 00:45:05,131300,95030,177125,0.55,32.71,2026-09-29,25550,455,390,0,2166.55,0.00,23140.50,0.00350
85015,2026-09-26 00:45:05,119210,209495,511615,0.60,33.20,2026-09-29,25600,28795,29120,6825,2420.00,46.39,23140.50,0.24150
85016,2026-09-26 00:45:05,58955,57395,62270,0.45,33.20,2026-09-29,25650,65,520,0,2200.00,0.00,23140.50,0.00110
85017,2026-09-26 00:45:05,260715,268645,474500,0.50,33.69,2026-09-29,25700,8710,10725,2210,2515.00,42.72,23140.50,0.03340
85018,2026-09-26 00:45:05,20280,20345,37505,0.45,34.18,2026-09-29,25750,260,260,0,2270.00,0.00,23140.50,0.01280
85019,2026-09-26 00:45:05,323960,376415,613795,0.45,35.16,2026-09-29,25800,17550,19565,2535,2600.00,0.00,23140.50,0.05420
85020,2026-09-26 00:45:05,21580,18590,46280,0.45,35.16,2026-09-29,25850,0,0,845,2809.85,91.31,23140.50,0.00000
85021,2026-09-26 00:45:05,215150,211185,535665,0.40,35.64,2026-09-29,25900,2535,4225,1885,2724.00,53.89,23140.50,0.01180
85022,2026-09-26 00:45:05,27625,26325,53300,0.40,36.13,2026-09-29,25950,65,65,0,1299.00,0.00,23140.50,0.00240
85023,2026-09-26 00:45:05,2992290,3160705,2041260,0.40,37.60,2026-09-29,26000,1231525,1464485,488670,2817.30,49.80,23140.50,0.41160
85024,2026-09-26 00:45:05,27235,24830,76960,0.40,37.11,2026-09-29,26050,260,65,0,2915.00,73.61,23140.50,0.00950
85025,2026-09-26 00:45:05,30485,27625,59020,0.40,38.09,2026-09-29,26100,4485,7670,3315,3000.00,83.98,23140.50,0.14710
85026,2026-09-26 00:45:05,16965,16835,36855,0.40,38.09,2026-09-29,26150,65,65,0,1720.00,0.00,23140.50,0.00380
85027,2026-09-26 00:45:05,165945,170105,234195,0.40,39.06,2026-09-29,26200,33930,35685,5980,3010.00,31.25,23140.50,0.20450
85028,2026-09-26 00:45:05,30485,23140,31460,0.35,39.06,2026-09-29,26250,0,0,0,0.00,0.00,23140.50,0.00000
85029,2026-09-26 00:45:05,122460,109980,168220,0.35,40.04,2026-09-29,26300,56290,61620,31785,3645.55,159.44,23140.50,0.45970
85030,2026-09-26 00:45:05,26000,8385,55510,0.35,40.04,2026-09-29,26350,0,0,0,0.00,0.00,23140.50,0.00000
85031,2026-09-26 00:45:05,16900,19695,46410,0.45,41.99,2026-09-29,26400,2730,2730,130,3242.40,71.62,23140.50,0.16150
85032,2026-09-26 00:45:05,12285,11375,20020,0.35,41.02,2026-09-29,26450,0,0,0,0.00,0.00,23140.50,0.00000
85033,2026-09-26 00:45:05,582465,666900,705185,0.35,41.99,2026-09-29,26500,556010,625560,99710,3315.00,53.59,23140.50,0.95460
85034,2026-09-26 00:45:05,10725,8840,29510,0.45,42.97,2026-09-29,26550,0,0,0,0.00,0.00,23140.50,0.00000
85035,2026-09-26 00:45:05,40690,39000,90025,0.40,42.97,2026-09-29,26600,0,0,0,0.00,0.00,23140.50,0.00000
85036,2026-09-26 00:45:05,9360,7930,17940,0.35,42.97,2026-09-29,26650,0,0,0,0.00,0.00,23140.50,0.00000
85037,2026-09-26 00:45:05,10855,9425,49075,0.30,42.97,2026-09-29,26700,0,0,0,0.00,0.00,23140.50,0.00000
85038,2026-09-26 00:45:05,13455,14625,26520,0.30,43.95,2026-09-29,26750,65,65,0,2201.15,0.00,23140.50,0.00480
85039,2026-09-26 00:45:05,12220,11635,83850,0.45,45.90,2026-09-29,26800,1300,1365,0,2222.10,0.00,23140.50,0.10640
85040,2026-09-26 00:45:05,13130,11050,49530,0.45,46.88,2026-09-29,26850,0,0,0,0.00,0.00,23140.50,0.00000
85041,2026-09-26 00:45:05,13975,14105,22685,0.30,44.92,2026-09-29,26900,65,65,0,2776.00,0.00,23140.50,0.00470
85042,2026-09-26 00:45:05,14560,14625,32955,0.30,45.90,2026-09-29,26950,0,0,0,0.00,0.00,23140.50,0.00000
85043,2026-09-26 00:45:05,1530685,1653990,878670,0.35,47.85,2026-09-29,27000,1108215,1248810,217165,3820.00,66.65,23140.50,0.72400
85044,2026-09-26 00:45:05,23465,22815,65910,0.30,46.88,2026-09-29,27050,0,0,0,0.00,0.00,23140.50,0.00000
85045,2026-09-26 00:45:05,48620,41405,104065,0.30,47.85,2026-09-29,27100,0,0,0,0.00,0.00,23140.50,0.00000
85046,2026-09-26 00:45:05,78650,82290,111800,0.30,47.85,2026-09-29,27150,0,0,0,0.00,0.00,23140.50,0.00000
85047,2026-09-26 00:45:05,258895,211315,426595,0.35,48.83,2026-09-29,27200,0,0,0,0.00,0.00,23140.50,0.00000
85048,2026-09-26 00:45:05,405405,460265,282295,0.20,58.59,2026-09-29,28500,254345,327665,118105,5301.20,0.00,23140.50,0.62740
85049,2026-09-26 00:45:05,267835,278855,107315,0.20,74.22,2026-09-29,30000,95745,122525,37375,6801.45,0.00,23140.50,0.35750
85050,2026-09-26 00:45:05,17485,16120,12415,0.25,85.94,2026-09-29,31500,0,0,0,0.00,0.00,23140.50,0.00000
85051,2026-09-26 00:45:05,73580,61295,47840,0.20,97.66,2026-09-29,33000,0,0,0,0.00,0.00,23140.50,0.00000
85052,2026-09-26 00:45:05,14950,13195,32825,0.20,109.38,2026-09-29,34500,0,0,0,0.00,0.00,23140.50,0.00000
85247,2026-09-26 01:10:05,0,0,0,0.00,0.00,2026-09-29,15000,122005,109200,119795,0.20,121.09,23140.50,
85248,2026-09-26 01:10:05,0,0,0,0.00,0.00,2026-09-29,16500,154830,146510,291720,0.25,97.66,23140.50,
85249,2026-09-26 01:10:05,780,780,260,5190.00,83.98,2026-09-29,18000,791960,835965,917150,0.20,74.22,23140.50,1015.33330
85250,2026-09-26 01:10:05,101985,110630,29185,3676.30,0.00,2026-09-29,19500,850915,1038895,1194050,0.35,54.69,23140.50,8.34350
85251,2026-09-26 01:10:05,0,0,0,0.00,0.00,2026-09-29,20800,395330,0,5589935,0.55,36.13,23140.50,
85252,2026-09-26 01:10:05,0,0,0,0.00,0.00,2026-09-29,20850,26910,0,173550,0.60,36.13,23140.50,
85253,2026-09-26 01:10:05,0,0,0,0.00,0.00,2026-09-29,20900,99060,0,901810,0.65,35.16,23140.50,
85254,2026-09-26 01:10:05,0,0,0,0.00,0.00,2026-09-29,20950,26390,0,166595,0.50,34.18,23140.50,
85255,2026-09-26 01:10:05,330850,404755,145470,2194.10,43.33,2026-09-29,21000,9586785,11053250,18337800,0.80,34.18,23140.50,28.97620
85256,2026-09-26 01:10:05,0,0,0,0.00,0.00,2026-09-29,21050,30810,0,259740,0.80,34.18,23140.50,
85257,2026-09-26 01:10:05,0,0,0,0.00,0.00,2026-09-29,21100,291200,0,2208245,1.20,35.64,23140.50,
85258,2026-09-26 01:10:05,0,0,0,0.00,0.00,2026-09-29,21150,76440,0,598585,1.00,32.71,23140.50,
85259,2026-09-26 01:10:05,0,0,0,0.00,0.00,2026-09-29,21200,157170,0,2611180,0.70,31.25,23140.50,
85260,2026-09-26 01:10:05,0,0,0,0.00,0.00,2026-09-29,21250,72670,0,691470,0.95,31.49,23140.50,
85261,2026-09-26 01:10:05,0,0,0,0.00,0.00,2026-09-29,21300,128635,0,1374035,0.95,30.76,23140.50,
85262,2026-09-26 01:10:05,0,0,0,0.00,0.00,2026-09-29,21350,1828385,2448810,4376775,0.75,29.54,23140.50,
85263,2026-09-26 01:10:05,65,65,0,2015.20,89.52,2026-09-29,21400,2712255,2655250,8418605,1.15,30.03,23140.50,41727.00000
85264,2026-09-26 01:10:05,0,0,0,0.00,0.00,2026-09-29,21450,233155,249600,2012985,1.10,29.54,23140.50,
85265,2026-09-26 01:10:05,65,65,0,1940.00,90.00,2026-09-29,21500,4117685,4297215,20598695,1.15,28.32,23140.50,63349.00000
85266,2026-09-26 01:10:05,0,0,0,0.00,0.00,2026-09-29,21550,315380,247520,2432560,0.95,27.83,23140.50,
85267,2026-09-26 01:10:05,37830,41860,9165,1584.50,0.00,2026-09-29,21600,1136720,1198990,7876245,1.30,27.10,23140.50,30.04810
85268,2026-09-26 01:10:05,65,65,0,1590.00,49.77,2026-09-29,21650,347165,317980,3045510,1.35,26.61,23140.50,5341.00000
85269,2026-09-26 01:10:05,65,0,0,1820.00,94.24,2026-09-29,21700,1726985,1527825,9019660,1.20,25.51,23140.50,26569.00000
85270,2026-09-26 01:10:05,65,65,0,1700.00,82.90,2026-09-29,21750,682045,349700,5632445,1.40,25.15,23140.50,10493.00000
85271,2026-09-26 01:10:05,65,65,65,1300.00,0.00,2026-09-29,21800,3092700,2310425,20004400,1.40,23.93,23140.50,47580.00000
85272,2026-09-26 01:10:05,65,65,0,1250.00,0.00,2026-09-29,21850,870350,256360,8631935,1.55,23.68,23140.50,13390.00000
85273,2026-09-26 01:10:05,585,650,0,1220.00,0.00,2026-09-29,21900,1779050,1006915,15340325,1.30,22.71,23140.50,3041.11110
85274,2026-09-26 01:10:05,130,130,0,1267.85,36.45,2026-09-29,21950,652535,470535,7222085,1.30,22.46,23140.50,5019.50000
85275,2026-09-26 01:10:05,520195,634660,231075,1189.65,19.29,2026-09-29,22000,13081770,12132640,58054945,1.70,21.61,23140.50,25.14780
85276,2026-09-26 01:10:05,715,65,715,1140.00,7.81,2026-09-29,22050,493090,534365,9544210,1.60,20.87,23140.50,689.63640
85277,2026-09-26 01:10:05,1495,1560,650,1083.75,0.00,2026-09-29,22100,2183155,1104415,17626050,1.85,20.14,23140.50,1460.30430
85278,2026-09-26 01:10:05,4030,4030,0,950.00,0.00,2026-09-29,22150,537355,326365,12639185,1.95,19.53,23140.50,133.33870
85279,2026-09-26 01:10:05,4875,7735,13585,988.60,0.00,2026-09-29,22200,4183920,3489720,41734615,2.25,19.04,23140.50,858.24000
85280,2026-09-26 01:10:05,455,1625,1430,820.00,0.00,2026-09-29,22250,1042145,654875,28158975,2.30,18.31,23140.50,2290.42860
85281,2026-09-26 01:10:05,3835,1755,5720,872.60,0.00,2026-09-29,22300,3800615,3258515,39104390,2.35,17.52,23140.50,991.03390
85282,2026-09-26 01:10:05,2145,2145,1105,846.95,20.23,2026-09-29,22350,1306110,1127100,26050765,2.70,16.85,23140.50,608.90910
85283,2026-09-26 01:10:05,10010,5785,20215,785.05,0.00,2026-09-29,22400,4228120,3170245,45479135,2.80,16.24,23140.50,422.38960
85284,2026-09-26 01:10:05,19825,10140,33475,738.65,0.00,2026-09-29,22450,1947660,1283945,34902790,3.20,15.63,23140.50,98.24260
85285,2026-09-26 01:10:05,557180,658515,899340,692.40,14.77,2026-09-29,22500,10488790,8886930,75891790,3.80,15.01,23140.50,18.82480
85286,2026-09-26 01:10:05,18850,7020,99970,647.20,16.27,2026-09-29,22550,2123290,1318720,35991800,4.20,14.34,23140.50,112.64140
85287,2026-09-26 01:10:05,56680,59345,213785,594.25,13.98,2026-09-29,22600,4883060,3429660,59583810,4.90,13.79,23140.50,86.15140
85288,2026-09-26 01:10:05,46735,46540,127725,540.00,10.01,2026-09-29,22650,2881385,2215850,39590070,5.65,13.24,23140.50,61.65370
85289,2026-09-26 01:10:05,125970,75530,1035710,496.90,13.03,2026-09-29,22700,6541015,4600440,82520945,6.80,12.73,23140.50,51.92520
85290,2026-09-26 01:10:05,61035,55575,496795,451.10,13.21,2026-09-29,22750,3643965,2118025,62547030,8.40,12.15,23140.50,59.70290
85291,2026-09-26 01:10:05,413595,388765,5688670,400.40,11.87,2026-09-29,22800,8919560,7155655,135241795,10.85,11.78,23140.50,21.56590
85292,2026-09-26 01:10:05,102050,103480,2741960,358.05,12.16,2026-09-29,22850,4408560,2884050,88260575,14.15,11.40,23140.50,43.20000
85293,2026-09-26 01:10:05,457015,376545,16876600,310.80,11.35,2026-09-29,22900,6553950,5638620,170447030,19.10,11.12,23140.50,14.34080
85294,2026-09-26 01:10:05,405275,266955,17477525,265.90,11.20,2026-09-29,22950,3437590,2351700,139630335,24.95,10.85,23140.50,8.48210
85295,2026-09-26 01:10:05,3355885,3885960,140009220,224.35,10.89,2026-09-29,23000,14607435,11757550,407050150,34.00,10.64,23140.50,4.35280
85296,2026-09-26 01:10:05,2409875,1351415,151910720,184.55,10.89,2026-09-29,23050,6362525,2790840,329885790,44.40,10.31,23140.50,2.64020
85297,2026-09-26 01:10:05,9300265,7069660,349838515,150.15,10.46,2026-09-29,23100,11453000,7586020,467405770,58.30,10.04,23140.50,1.23150
85298,2026-09-26 01:10:05,3817255,3310775,218096385,119.25,10.31,2026-09-29,23150,4174755,1764880,177176675,76.75,9.93,23140.50,1.09370
85299,2026-09-26 01:10:05,9781590,11949275,307819005,92.00,10.10,2026-09-29,23200,6409455,4852445,160108715,99.10,9.77,23140.50,0.65530
85300,2026-09-26 01:10:05,6196125,9879220,163187505,68.85,10.03,2026-09-29,23250,3443960,3543670,43734925,128.10,9.67,23140.50,0.55580
85301,2026-09-26 01:10:05,9901905,11656060,217170525,50.90,10.04,2026-09-29,23300,5154890,5549050,39848965,157.75,9.54,23140.50,0.52060
85302,2026-09-26 01:10:05,5232500,4441060,110639620,37.05,10.12,2026-09-29,23350,898625,1115270,8378630,194.35,9.47,23140.50,0.17170
85303,2026-09-26 01:10:05,10038405,10522265,143289835,26.60,10.10,2026-09-29,23400,3610945,4028505,11821290,233.00,9.54,23140.50,0.35970
85304,2026-09-26 01:10:05,4497870,4696640,80967510,18.80,10.18,2026-09-29,23450,901030,1095900,2412930,274.55,9.70,23140.50,0.20030
85305,2026-09-26 01:10:05,14624220,13572065,137371585,13.30,10.38,2026-09-29,23500,4846140,5450055,8379800,318.75,9.90,23140.50,0.33140
85306,2026-09-26 01:10:05,5373160,4194125,58347965,10.20,10.57,2026-09-29,23550,314990,358865,475670,363.75,9.03,23140.50,0.05860
85307,2026-09-26 01:10:05,7742085,8082685,78191620,7.05,10.89,2026-09-29,23600,1157065,1450670,1592955,417.55,9.98,23140.50,0.14950
85308,2026-09-26 01:10:05,3997370,4546100,52280735,5.55,11.29,2026-09-29,23650,230685,253760,183625,461.65,8.06,23140.50,0.05770
85309,2026-09-26 01:10:05,7194005,7072650,62717655,4.45,11.78,2026-09-29,23700,683085,774735,657865,508.85,0.00,23140.50,0.09500
85310,2026-09-26 01:10:05,2497040,3004690,34741850,3.50,12.21,2026-09-29,23750,193895,229450,100945,560.55,0.00,23140.50,0.07760
85311,2026-09-26 01:10:05,7232355,7100470,63407370,3.10,12.70,2026-09-29,23800,827840,1334905,1026675,608.60,0.00,23140.50,0.11450
85312,2026-09-26 01:10:05,2552940,2356900,29745495,2.50,13.37,2026-09-29,23850,102050,118820,49075,666.80,15.20,23140.50,0.04000
85313,2026-09-26 01:10:05,5860465,7667985,55863470,2.50,13.98,2026-09-29,23900,579930,787020,347360,710.25,10.25,23140.50,0.09900
85314,2026-09-26 01:10:05,1878305,2094495,25070565,2.30,14.65,2026-09-29,23950,117650,131430,39000,757.35,0.00,23140.50,0.06260
85315,2026-09-26 01:10:05,15844010,19409845,85791420,2.10,15.26,2026-09-29,24000,3188485,4607435,2661295,809.50,0.00,23140.50,0.20120
85316,2026-09-26 01:10:05,1509235,3219255,18030220,1.65,15.63,2026-09-29,24050,80470,80795,6370,867.05,18.95,23140.50,0.05330
85317,2026-09-26 01:10:05,5718700,5469295,34133385,1.40,15.99,2026-09-29,24100,391625,446290,116220,909.00,0.00,23140.50,0.06850
85318,2026-09-26 01:10:05,1658150,1749345,8753160,1.15,16.60,2026-09-29,24150,113945,123370,13910,964.65,19.04,23140.50,0.06870
85319,2026-09-26 01:10:05,7964515,9040655,33553390,1.25,17.09,2026-09-29,24200,939510,1110590,341575,1011.10,13.67,23140.50,0.11800
85320,2026-09-26 01:10:05,1767025,2202135,9144265,1.20,17.58,2026-09-29,24250,142610,143260,7605,1065.05,21.06,23140.50,0.08070
85321,2026-09-26 01:10:05,5910775,8063510,23404160,1.05,18.31,2026-09-29,24300,2108275,2553265,1026805,1122.05,25.94,23140.50,0.35670
85322,2026-09-26 01:10:05,1594060,1762605,5283720,1.10,19.04,2026-09-29,24350,299195,298870,15600,1160.10,0.00,23140.50,0.18770
85323,2026-09-26 01:10:05,3665740,4074070,12884170,0.95,19.53,2026-09-29,24400,1162200,1452295,430755,1205.40,0.00,23140.50,0.31700
85324,2026-09-26 01:10:05,366730,403650,1955785,0.85,19.78,2026-09-29,24450,73385,76050,4940,1266.50,25.39,23140.50,0.20010
85325,2026-09-26 01:10:05,10737545,12697620,32789835,0.80,20.51,2026-09-29,24500,1582230,2012010,1093430,1304.25,0.00,23140.50,0.14740
85326,2026-09-26 01:10:05,1174940,1201135,5150730,0.70,20.75,2026-09-29,24550,44655,44980,910,1373.20,31.01,23140.50,0.03800
85327,2026-09-26 01:10:05,3341975,3513640,11496420,0.65,21.24,2026-09-29,24600,495885,564070,154895,1406.45,0.00,23140.50,0.14840
85328,2026-09-26 01:10:05,854880,875615,2672475,0.60,21.97,2026-09-29,24650,33800,34125,3380,1470.00,31.07,23140.50,0.03950
85329,2026-09-26 01:10:05,3612180,3771950,5236400,0.60,22.46,2026-09-29,24700,158470,184275,71695,1507.05,0.00,23140.50,0.04390
85330,2026-09-26 01:10:05,348140,351390,837785,0.60,22.95,2026-09-29,24750,24765,24765,390,1562.95,26.25,23140.50,0.07110
85331,2026-09-26 01:10:05,2895100,3557840,5604885,0.55,23.44,2026-09-29,24800,203580,241280,72930,1617.35,31.74,23140.50,0.07030
85332,2026-09-26 01:10:05,149045,151710,427830,0.55,23.93,2026-09-29,24850,10725,11180,845,1670.80,34.91,23140.50,0.07200
85333,2026-09-26 01:10:05,1409655,1824550,3353415,0.55,24.90,2026-09-29,24900,54405,56680,6240,1725.00,38.02,23140.50,0.03860
85334,2026-09-26 01:10:05,190515,134160,692705,0.55,24.90,2026-09-29,24950,4615,4615,65,1848.00,59.27,23140.50,0.02420
85335,2026-09-26 01:10:05,8627255,11286275,19843785,0.60,25.88,2026-09-29,25000,1196455,1363295,574275,1808.70,0.00,23140.50,0.13870
85336,2026-09-26 01:10:05,91130,79495,342290,0.60,26.86,2026-09-29,25050,3380,3380,195,1956.00,63.11,23140.50,0.03710
85337,2026-09-26 01:10:05,624390,953810,1773460,0.55,27.34,2026-09-29,25100,80340,87360,10920,1921.30,39.37,23140.50,0.12870
85338,2026-09-26 01:10:05,79820,82940,283140,0.55,27.83,2026-09-29,25150,1690,1625,0,1926.00,0.00,23140.50,0.02120
85339,2026-09-26 01:10:05,628875,626405,1625325,0.50,28.32,2026-09-29,25200,66300,72020,7605,2009.50,0.00,23140.50,0.10540
85340,2026-09-26 01:10:05,58890,59865,104130,0.60,29.30,2026-09-29,25250,1690,2210,0,1800.00,0.00,23140.50,0.02870
85341,2026-09-26 01:10:05,446225,434200,1124175,0.50,29.30,2026-09-29,25300,23725,26065,3640,2120.00,41.69,23140.50,0.05320
85342,2026-09-26 01:10:05,27365,26520,59410,0.50,29.79,2026-09-29,25350,1105,1040,0,850.00,0.00,23140.50,0.04040
85343,2026-09-26 01:10:05,178880,216255,497575,0.50,31.25,2026-09-29,25400,19890,21125,1495,2232.25,50.11,23140.50,0.11120
85344,2026-09-26 01:10:05,37765,37830,61815,0.50,31.25,2026-09-29,25450,195,585,0,2000.00,0.00,23140.50,0.00520
85345,2026-09-26 01:10:05,2586350,2838225,1977820,0.55,32.23,2026-09-29,25500,760045,775970,278980,2311.00,15.63,23140.50,0.29390
85346,2026-09-26 01:10:05,131300,95030,177125,0.55,32.71,2026-09-29,25550,455,390,0,2166.55,0.00,23140.50,0.00350
85347,2026-09-26 01:10:05,119210,209495,511615,0.60,33.20,2026-09-29,25600,28795,29120,6825,2420.00,46.39,23140.50,0.24150
85348,2026-09-26 01:10:05,58955,57395,62270,0.45,33.20,2026-09-29,25650,65,520,0,2200.00,0.00,23140.50,0.00110
85349,2026-09-26 01:10:05,260715,268645,474500,0.50,33.69,2026-09-29,25700,8710,10725,2210,2515.00,42.72,23140.50,0.03340
85350,2026-09-26 01:10:05,20280,20345,37505,0.45,34.18,2026-09-29,25750,260,260,0,2270.00,0.00,23140.50,0.01280
85351,2026-09-26 01:10:05,323960,376415,613795,0.45,35.16,2026-09-29,25800,17550,19565,2535,2600.00,0.00,23140.50,0.05420
85352,2026-09-26 01:10:05,21580,18590,46280,0.45,35.16,2026-09-29,25850,0,0,845,2809.85,91.31,23140.50,0.00000
85353,2026-09-26 01:10:05,215150,211185,535665,0.40,35.64,2026-09-29,25900,2535,4225,1885,2724.00,53.89,23140.50,0.01180
85354,2026-09-26 01:10:05,27625,26325,53300,0.40,36.13,2026-09-29,25950,65,65,0,1299.00,0.00,23140.50,0.00240
85355,2026-09-26 01:10:05,2992290,3160705,2041260,0.40,37.60,2026-09-29,26000,1231525,1464485,488670,2817.30,49.80,23140.50,0.41160
85356,2026-09-26 01:10:05,27235,24830,76960,0.40,37.11,2026-09-29,26050,260,65,0,2915.00,73.61,23140.50,0.00950
85357,2026-09-26 01:10:05,30485,27625,59020,0.40,38.09,2026-09-29,26100,4485,7670,3315,3000.00,83.98,23140.50,0.14710
85358,2026-09-26 01:10:05,16965,16835,36855,0.40,38.09,2026-09-29,26150,65,65,0,1720.00,0.00,23140.50,0.00380
85359,2026-09-26 01:10:05,165945,170105,234195,0.40,39.06,2026-09-29,26200,33930,35685,5980,3010.00,31.25,23140.50,0.20450
85360,2026-09-26 01:10:05,30485,23140,31460,0.35,39.06,2026-09-29,26250,0,0,0,0.00,0.00,23140.50,0.00000
85361,2026-09-26 01:10:05,122460,109980,168220,0.35,40.04,2026-09-29,26300,56290,61620,31785,3645.55,159.44,23140.50,0.45970
85362,2026-09-26 01:10:05,26000,8385,55510,0.35,40.04,2026-09-29,26350,0,0,0,0.00,0.00,23140.50,0.00000
85363,2026-09-26 01:10:05,16900,19695,46410,0.45,41.99,2026-09-29,26400,2730,2730,130,3242.40,71.62,23140.50,0.16150
85364,2026-09-26 01:10:05,12285,11375,20020,0.35,41.02,2026-09-29,26450,0,0,0,0.00,0.00,23140.50,0.00000
85365,2026-09-26 01:10:05,582465,666900,705185,0.35,41.99,2026-09-29,26500,556010,625560,99710,3315.00,53.59,23140.50,0.95460
85366,2026-09-26 01:10:05,10725,8840,29510,0.45,42.97,2026-09-29,26550,0,0,0,0.00,0.00,23140.50,0.00000
85367,2026-09-26 01:10:05,40690,39000,90025,0.40,42.97,2026-09-29,26600,0,0,0,0.00,0.00,23140.50,0.00000
85368,2026-09-26 01:10:05,9360,7930,17940,0.35,42.97,2026-09-29,26650,0,0,0,0.00,0.00,23140.50,0.00000
85369,2026-09-26 01:10:05,10855,9425,49075,0.30,42.97,2026-09-29,26700,0,0,0,0.00,0.00,23140.50,0.00000
85370,2026-09-26 01:10:05,13455,14625,26520,0.30,43.95,2026-09-29,26750,65,65,0,2201.15,0.00,23140.50,0.00480
85371,2026-09-26 01:10:05,12220,11635,83850,0.45,45.90,2026-09-29,26800,1300,1365,0,2222.10,0.00,23140.50,0.10640
85372,2026-09-26 01:10:05,13130,11050,49530,0.45,46.88,2026-09-29,26850,0,0,0,0.00,0.00,23140.50,0.00000
85373,2026-09-26 01:10:05,13975,14105,22685,0.30,44.92,2026-09-29,26900,65,65,0,2776.00,0.00,23140.50,0.00470
85374,2026-09-26 01:10:05,14560,14625,32955,0.30,45.90,2026-09-29,26950,0,0,0,0.00,0.00,23140.50,0.00000
85375,2026-09-26 01:10:05,1530685,1653990,878670,0.35,47.85,2026-09-29,27000,1108215,1248810,217165,3820.00,66.65,23140.50,0.72400
85376,2026-09-26 01:10:05,23465,22815,65910,0.30,46.88,2026-09-29,27050,0,0,0,0.00,0.00,23140.50,0.00000
85377,2026-09-26 01:10:05,48620,41405,104065,0.30,47.85,2026-09-29,27100,0,0,0,0.00,0.00,23140.50,0.00000
85378,2026-09-26 01:10:05,78650,82290,111800,0.30,47.85,2026-09-29,27150,0,0,0,0.00,0.00,23140.50,0.00000
85379,2026-09-26 01:10:05,258895,211315,426595,0.35,48.83,2026-09-29,27200,0,0,0,0.00,0.00,23140.50,0.00000
85380,2026-09-26 01:10:05,405405,460265,282295,0.20,58.59,2026-09-29,28500,254345,327665,118105,5301.20,0.00,23140.50,0.62740
85381,2026-09-26 01:10:05,267835,278855,107315,0.20,74.22,2026-09-29,30000,95745,122525,37375,6801.45,0.00,23140.50,0.35750
85382,2026-09-26 01:10:05,17485,16120,12415,0.25,85.94,2026-09-29,31500,0,0,0,0.00,0.00,23140.50,0.00000
85383,2026-09-26 01:10:05,73580,61295,47840,0.20,97.66,2026-09-29,33000,0,0,0,0.00,0.00,23140.50,0.00000
85384,2026-09-26 01:10:05,14950,13195,32825,0.20,109.38,2026-09-29,34500,0,0,0,0.00,0.00,23140.50,0.00000
85579,2026-09-28 01:10:06,0,0,0,0.00,0.00,2026-09-29,15000,122005,109200,119795,0.20,121.09,23140.50,
85580,2026-09-28 01:10:06,0,0,0,0.00,0.00,2026-09-29,16500,154830,146510,291720,0.25,97.66,23140.50,
85581,2026-09-28 01:10:06,780,780,260,5190.00,83.98,2026-09-29,18000,791960,835965,917150,0.20,74.22,23140.50,1015.33330
85582,2026-09-28 01:10:06,101985,110630,29185,3676.30,0.00,2026-09-29,19500,850915,1038895,1194050,0.35,54.69,23140.50,8.34350
85583,2026-09-28 01:10:06,0,0,0,0.00,0.00,2026-09-29,20800,395330,0,5589935,0.55,36.13,23140.50,
85584,2026-09-28 01:10:06,0,0,0,0.00,0.00,2026-09-29,20850,26910,0,173550,0.60,36.13,23140.50,
85585,2026-09-28 01:10:06,0,0,0,0.00,0.00,2026-09-29,20900,99060,0,901810,0.65,35.16,23140.50,
85586,2026-09-28 01:10:06,0,0,0,0.00,0.00,2026-09-29,20950,26390,0,166595,0.50,34.18,23140.50,
85587,2026-09-28 01:10:06,330850,404755,145470,2194.10,43.33,2026-09-29,21000,9586785,11053250,18337800,0.80,34.18,23140.50,28.97620
85588,2026-09-28 01:10:06,0,0,0,0.00,0.00,2026-09-29,21050,30810,0,259740,0.80,34.18,23140.50,
85589,2026-09-28 01:10:06,0,0,0,0.00,0.00,2026-09-29,21100,291200,0,2208245,1.20,35.64,23140.50,
85590,2026-09-28 01:10:06,0,0,0,0.00,0.00,2026-09-29,21150,76440,0,598585,1.00,32.71,23140.50,
85591,2026-09-28 01:10:06,0,0,0,0.00,0.00,2026-09-29,21200,157170,0,2611180,0.70,31.25,23140.50,
85592,2026-09-28 01:10:06,0,0,0,0.00,0.00,2026-09-29,21250,72670,0,691470,0.95,31.49,23140.50,
85593,2026-09-28 01:10:06,0,0,0,0.00,0.00,2026-09-29,21300,128635,0,1374035,0.95,30.76,23140.50,
85594,2026-09-28 01:10:06,0,0,0,0.00,0.00,2026-09-29,21350,1828385,2448810,4376775,0.75,29.54,23140.50,
85595,2026-09-28 01:10:06,65,65,0,2015.20,89.52,2026-09-29,21400,2712255,2655250,8418605,1.15,30.03,23140.50,41727.00000
85596,2026-09-28 01:10:06,0,0,0,0.00,0.00,2026-09-29,21450,233155,249600,2012985,1.10,29.54,23140.50,
85597,2026-09-28 01:10:06,65,65,0,1940.00,90.00,2026-09-29,21500,4117685,4297215,20598695,1.15,28.32,23140.50,63349.00000
85598,2026-09-28 01:10:06,0,0,0,0.00,0.00,2026-09-29,21550,315380,247520,2432560,0.95,27.83,23140.50,
85599,2026-09-28 01:10:06,37830,41860,9165,1584.50,0.00,2026-09-29,21600,1136720,1198990,7876245,1.30,27.10,23140.50,30.04810
85600,2026-09-28 01:10:06,65,65,0,1590.00,49.77,2026-09-29,21650,347165,317980,3045510,1.35,26.61,23140.50,5341.00000
85601,2026-09-28 01:10:06,65,0,0,1820.00,94.24,2026-09-29,21700,1726985,1527825,9019660,1.20,25.51,23140.50,26569.00000
85602,2026-09-28 01:10:06,65,65,0,1700.00,82.90,2026-09-29,21750,682045,349700,5632445,1.40,25.15,23140.50,10493.00000
85603,2026-09-28 01:10:06,65,65,65,1300.00,0.00,2026-09-29,21800,3092700,2310425,20004400,1.40,23.93,23140.50,47580.00000
85604,2026-09-28 01:10:06,65,65,0,1250.00,0.00,2026-09-29,21850,870350,256360,8631935,1.55,23.68,23140.50,13390.00000
85605,2026-09-28 01:10:06,585,650,0,1220.00,0.00,2026-09-29,21900,1779050,1006915,15340325,1.30,22.71,23140.50,3041.11110
85606,2026-09-28 01:10:06,130,130,0,1267.85,36.45,2026-09-29,21950,652535,470535,7222085,1.30,22.46,23140.50,5019.50000
85607,2026-09-28 01:10:06,520195,634660,231075,1189.65,19.29,2026-09-29,22000,13081770,12132640,58054945,1.70,21.61,23140.50,25.14780
85608,2026-09-28 01:10:06,715,65,715,1140.00,7.81,2026-09-29,22050,493090,534365,9544210,1.60,20.87,23140.50,689.63640
85609,2026-09-28 01:10:06,1495,1560,650,1083.75,0.00,2026-09-29,22100,2183155,1104415,17626050,1.85,20.14,23140.50,1460.30430
85610,2026-09-28 01:10:06,4030,4030,0,950.00,0.00,2026-09-29,22150,537355,326365,12639185,1.95,19.53,23140.50,133.33870
85611,2026-09-28 01:10:06,4875,7735,13585,988.60,0.00,2026-09-29,22200,4183920,3489720,41734615,2.25,19.04,23140.50,858.24000
85612,2026-09-28 01:10:06,455,1625,1430,820.00,0.00,2026-09-29,22250,1042145,654875,28158975,2.30,18.31,23140.50,2290.42860
85613,2026-09-28 01:10:06,3835,1755,5720,872.60,0.00,2026-09-29,22300,3800615,3258515,39104390,2.35,17.52,23140.50,991.03390
85614,2026-09-28 01:10:06,2145,2145,1105,846.95,20.23,2026-09-29,22350,1306110,1127100,26050765,2.70,16.85,23140.50,608.90910
85615,2026-09-28 01:10:06,10010,5785,20215,785.05,0.00,2026-09-29,22400,4228120,3170245,45479135,2.80,16.24,23140.50,422.38960
85616,2026-09-28 01:10:06,19825,10140,33475,738.65,0.00,2026-09-29,22450,1947660,1283945,34902790,3.20,15.63,23140.50,98.24260
85617,2026-09-28 01:10:06,557180,658515,899340,692.40,14.77,2026-09-29,22500,10488790,8886930,75891790,3.80,15.01,23140.50,18.82480
85618,2026-09-28 01:10:06,18850,7020,99970,647.20,16.27,2026-09-29,22550,2123290,1318720,35991800,4.20,14.34,23140.50,112.64140
85619,2026-09-28 01:10:06,56680,59345,213785,594.25,13.98,2026-09-29,22600,4883060,3429660,59583810,4.90,13.79,23140.50,86.15140
85620,2026-09-28 01:10:06,46735,46540,127725,540.00,10.01,2026-09-29,22650,2881385,2215850,39590070,5.65,13.24,23140.50,61.65370
85621,2026-09-28 01:10:06,125970,75530,1035710,496.90,13.03,2026-09-29,22700,6541015,4600440,82520945,6.80,12.73,23140.50,51.92520
85622,2026-09-28 01:10:06,61035,55575,496795,451.10,13.21,2026-09-29,22750,3643965,2118025,62547030,8.40,12.15,23140.50,59.70290
85623,2026-09-28 01:10:06,413595,388765,5688670,400.40,11.87,2026-09-29,22800,8919560,7155655,135241795,10.85,11.78,23140.50,21.56590
85624,2026-09-28 01:10:06,102050,103480,2741960,358.05,12.16,2026-09-29,22850,4408560,2884050,88260575,14.15,11.40,23140.50,43.20000
85625,2026-09-28 01:10:06,457015,376545,16876600,310.80,11.35,2026-09-29,22900,6553950,5638620,170447030,19.10,11.12,23140.50,14.34080
85626,2026-09-28 01:10:06,405275,266955,17477525,265.90,11.20,2026-09-29,22950,3437590,2351700,139630335,24.95,10.85,23140.50,8.48210
85627,2026-09-28 01:10:06,3355885,3885960,140009220,224.35,10.89,2026-09-29,23000,14607435,11757550,407050150,34.00,10.64,23140.50,4.35280
85628,2026-09-28 01:10:06,2409875,1351415,151910720,184.55,10.89,2026-09-29,23050,6362525,2790840,329885790,44.40,10.31,23140.50,2.64020
85629,2026-09-28 01:10:06,9300265,7069660,349838515,150.15,10.46,2026-09-29,23100,11453000,7586020,467405770,58.30,10.04,23140.50,1.23150
85630,2026-09-28 01:10:06,3817255,3310775,218096385,119.25,10.31,2026-09-29,23150,4174755,1764880,177176675,76.75,9.93,23140.50,1.09370
85631,2026-09-28 01:10:06,9781590,11949275,307819005,92.00,10.10,2026-09-29,23200,6409455,4852445,160108715,99.10,9.77,23140.50,0.65530
85632,2026-09-28 01:10:06,6196125,9879220,163187505,68.85,10.03,2026-09-29,23250,3443960,3543670,43734925,128.10,9.67,23140.50,0.55580
85633,2026-09-28 01:10:06,9901905,11656060,217170525,50.90,10.04,2026-09-29,23300,5154890,5549050,39848965,157.75,9.54,23140.50,0.52060
85634,2026-09-28 01:10:06,5232500,4441060,110639620,37.05,10.12,2026-09-29,23350,898625,1115270,8378630,194.35,9.47,23140.50,0.17170
85635,2026-09-28 01:10:06,10038405,10522265,143289835,26.60,10.10,2026-09-29,23400,3610945,4028505,11821290,233.00,9.54,23140.50,0.35970
85636,2026-09-28 01:10:06,4497870,4696640,80967510,18.80,10.18,2026-09-29,23450,901030,1095900,2412930,274.55,9.70,23140.50,0.20030
85637,2026-09-28 01:10:06,14624220,13572065,137371585,13.30,10.38,2026-09-29,23500,4846140,5450055,8379800,318.75,9.90,23140.50,0.33140
85638,2026-09-28 01:10:06,5373160,4194125,58347965,10.20,10.57,2026-09-29,23550,314990,358865,475670,363.75,9.03,23140.50,0.05860
85639,2026-09-28 01:10:06,7742085,8082685,78191620,7.05,10.89,2026-09-29,23600,1157065,1450670,1592955,417.55,9.98,23140.50,0.14950
85640,2026-09-28 01:10:06,3997370,4546100,52280735,5.55,11.29,2026-09-29,23650,230685,253760,183625,461.65,8.06,23140.50,0.05770
85641,2026-09-28 01:10:06,7194005,7072650,62717655,4.45,11.78,2026-09-29,23700,683085,774735,657865,508.85,0.00,23140.50,0.09500
85642,2026-09-28 01:10:06,2497040,3004690,34741850,3.50,12.21,2026-09-29,23750,193895,229450,100945,560.55,0.00,23140.50,0.07760
85643,2026-09-28 01:10:06,7232355,7100470,63407370,3.10,12.70,2026-09-29,23800,827840,1334905,1026675,608.60,0.00,23140.50,0.11450
85644,2026-09-28 01:10:06,2552940,2356900,29745495,2.50,13.37,2026-09-29,23850,102050,118820,49075,666.80,15.20,23140.50,0.04000
85645,2026-09-28 01:10:06,5860465,7667985,55863470,2.50,13.98,2026-09-29,23900,579930,787020,347360,710.25,10.25,23140.50,0.09900
85646,2026-09-28 01:10:06,1878305,2094495,25070565,2.30,14.65,2026-09-29,23950,117650,131430,39000,757.35,0.00,23140.50,0.06260
85647,2026-09-28 01:10:06,15844010,19409845,85791420,2.10,15.26,2026-09-29,24000,3188485,4607435,2661295,809.50,0.00,23140.50,0.20120
85648,2026-09-28 01:10:06,1509235,3219255,18030220,1.65,15.63,2026-09-29,24050,80470,80795,6370,867.05,18.95,23140.50,0.05330
85649,2026-09-28 01:10:06,5718700,5469295,34133385,1.40,15.99,2026-09-29,24100,391625,446290,116220,909.00,0.00,23140.50,0.06850
85650,2026-09-28 01:10:06,1658150,1749345,8753160,1.15,16.60,2026-09-29,24150,113945,123370,13910,964.65,19.04,23140.50,0.06870
85651,2026-09-28 01:10:06,7964515,9040655,33553390,1.25,17.09,2026-09-29,24200,939510,1110590,341575,1011.10,13.67,23140.50,0.11800
85652,2026-09-28 01:10:06,1767025,2202135,9144265,1.20,17.58,2026-09-29,24250,142610,143260,7605,1065.05,21.06,23140.50,0.08070
85653,2026-09-28 01:10:06,5910775,8063510,23404160,1.05,18.31,2026-09-29,24300,2108275,2553265,1026805,1122.05,25.94,23140.50,0.35670
85654,2026-09-28 01:10:06,1594060,1762605,5283720,1.10,19.04,2026-09-29,24350,299195,298870,15600,1160.10,0.00,23140.50,0.18770
85655,2026-09-28 01:10:06,3665740,4074070,12884170,0.95,19.53,2026-09-29,24400,1162200,1452295,430755,1205.40,0.00,23140.50,0.31700
85656,2026-09-28 01:10:06,366730,403650,1955785,0.85,19.78,2026-09-29,24450,73385,76050,4940,1266.50,25.39,23140.50,0.20010
85657,2026-09-28 01:10:06,10737545,12697620,32789835,0.80,20.51,2026-09-29,24500,1582230,2012010,1093430,1304.25,0.00,23140.50,0.14740
85658,2026-09-28 01:10:06,1174940,1201135,5150730,0.70,20.75,2026-09-29,24550,44655,44980,910,1373.20,31.01,23140.50,0.03800
85659,2026-09-28 01:10:06,3341975,3513640,11496420,0.65,21.24,2026-09-29,24600,495885,564070,154895,1406.45,0.00,23140.50,0.14840
85660,2026-09-28 01:10:06,854880,875615,2672475,0.60,21.97,2026-09-29,24650,33800,34125,3380,1470.00,31.07,23140.50,0.03950
85661,2026-09-28 01:10:06,3612180,3771950,5236400,0.60,22.46,2026-09-29,24700,158470,184275,71695,1507.05,0.00,23140.50,0.04390
85662,2026-09-28 01:10:06,348140,351390,837785,0.60,22.95,2026-09-29,24750,24765,24765,390,1562.95,26.25,23140.50,0.07110
85663,2026-09-28 01:10:06,2895100,3557840,5604885,0.55,23.44,2026-09-29,24800,203580,241280,72930,1617.35,31.74,23140.50,0.07030
85664,2026-09-28 01:10:06,149045,151710,427830,0.55,23.93,2026-09-29,24850,10725,11180,845,1670.80,34.91,23140.50,0.07200
85665,2026-09-28 01:10:06,1409655,1824550,3353415,0.55,24.90,2026-09-29,24900,54405,56680,6240,1725.00,38.02,23140.50,0.03860
85666,2026-09-28 01:10:06,190515,134160,692705,0.55,24.90,2026-09-29,24950,4615,4615,65,1848.00,59.27,23140.50,0.02420
85667,2026-09-28 01:10:06,8627255,11286275,19843785,0.60,25.88,2026-09-29,25000,1196455,1363295,574275,1808.70,0.00,23140.50,0.13870
85668,2026-09-28 01:10:06,91130,79495,342290,0.60,26.86,2026-09-29,25050,3380,3380,195,1956.00,63.11,23140.50,0.03710
85669,2026-09-28 01:10:06,624390,953810,1773460,0.55,27.34,2026-09-29,25100,80340,87360,10920,1921.30,39.37,23140.50,0.12870
85670,2026-09-28 01:10:06,79820,82940,283140,0.55,27.83,2026-09-29,25150,1690,1625,0,1926.00,0.00,23140.50,0.02120
85671,2026-09-28 01:10:06,628875,626405,1625325,0.50,28.32,2026-09-29,25200,66300,72020,7605,2009.50,0.00,23140.50,0.10540
85672,2026-09-28 01:10:06,58890,59865,104130,0.60,29.30,2026-09-29,25250,1690,2210,0,1800.00,0.00,23140.50,0.02870
85673,2026-09-28 01:10:06,446225,434200,1124175,0.50,29.30,2026-09-29,25300,23725,26065,3640,2120.00,41.69,23140.50,0.05320
85674,2026-09-28 01:10:06,27365,26520,59410,0.50,29.79,2026-09-29,25350,1105,1040,0,850.00,0.00,23140.50,0.04040
85675,2026-09-28 01:10:06,178880,216255,497575,0.50,31.25,2026-09-29,25400,19890,21125,1495,2232.25,50.11,23140.50,0.11120
85676,2026-09-28 01:10:06,37765,37830,61815,0.50,31.25,2026-09-29,25450,195,585,0,2000.00,0.00,23140.50,0.00520
85677,2026-09-28 01:10:06,2586350,2838225,1977820,0.55,32.23,2026-09-29,25500,760045,775970,278980,2311.00,15.63,23140.50,0.29390
85678,2026-09-28 01:10:06,131300,95030,177125,0.55,32.71,2026-09-29,25550,455,390,0,2166.55,0.00,23140.50,0.00350
85679,2026-09-28 01:10:06,119210,209495,511615,0.60,33.20,2026-09-29,25600,28795,29120,6825,2420.00,46.39,23140.50,0.24150
85680,2026-09-28 01:10:06,58955,57395,62270,0.45,33.20,2026-09-29,25650,65,520,0,2200.00,0.00,23140.50,0.00110
85681,2026-09-28 01:10:06,260715,268645,474500,0.50,33.69,2026-09-29,25700,8710,10725,2210,2515.00,42.72,23140.50,0.03340
85682,2026-09-28 01:10:06,20280,20345,37505,0.45,34.18,2026-09-29,25750,260,260,0,2270.00,0.00,23140.50,0.01280
85683,2026-09-28 01:10:06,323960,376415,613795,0.45,35.16,2026-09-29,25800,17550,19565,2535,2600.00,0.00,23140.50,0.05420
85684,2026-09-28 01:10:06,21580,18590,46280,0.45,35.16,2026-09-29,25850,0,0,845,2809.85,91.31,23140.50,0.00000
85685,2026-09-28 01:10:06,215150,211185,535665,0.40,35.64,2026-09-29,25900,2535,4225,1885,2724.00,53.89,23140.50,0.01180
85686,2026-09-28 01:10:06,27625,26325,53300,0.40,36.13,2026-09-29,25950,65,65,0,1299.00,0.00,23140.50,0.00240
85687,2026-09-28 01:10:06,2992290,3160705,2041260,0.40,37.60,2026-09-29,26000,1231525,1464485,488670,2817.30,49.80,23140.50,0.41160
85688,2026-09-28 01:10:06,27235,24830,76960,0.40,37.11,2026-09-29,26050,260,65,0,2915.00,73.61,23140.50,0.00950
85689,2026-09-28 01:10:06,30485,27625,59020,0.40,38.09,2026-09-29,26100,4485,7670,3315,3000.00,83.98,23140.50,0.14710
85690,2026-09-28 01:10:06,16965,16835,36855,0.40,38.09,2026-09-29,26150,65,65,0,1720.00,0.00,23140.50,0.00380
85691,2026-09-28 01:10:06,165945,170105,234195,0.40,39.06,2026-09-29,26200,33930,35685,5980,3010.00,31.25,23140.50,0.20450
85692,2026-09-28 01:10:06,30485,23140,31460,0.35,39.06,2026-09-29,26250,0,0,0,0.00,0.00,23140.50,0.00000
85693,2026-09-28 01:10:06,122460,109980,168220,0.35,40.04,2026-09-29,26300,56290,61620,31785,3645.55,159.44,23140.50,0.45970
85694,2026-09-28 01:10:06,26000,8385,55510,0.35,40.04,2026-09-29,26350,0,0,0,0.00,0.00,23140.50,0.00000
85695,2026-09-28 01:10:06,16900,19695,46410,0.45,41.99,2026-09-29,26400,2730,2730,130,3242.40,71.62,23140.50,0.16150
85696,2026-09-28 01:10:06,12285,11375,20020,0.35,41.02,2026-09-29,26450,0,0,0,0.00,0.00,23140.50,0.00000
85697,2026-09-28 01:10:06,582465,666900,705185,0.35,41.99,2026-09-29,26500,556010,625560,99710,3315.00,53.59,23140.50,0.95460
85698,2026-09-28 01:10:06,10725,8840,29510,0.45,42.97,2026-09-29,26550,0,0,0,0.00,0.00,23140.50,0.00000
85699,2026-09-28 01:10:06,40690,39000,90025,0.40,42.97,2026-09-29,26600,0,0,0,0.00,0.00,23140.50,0.00000
85700,2026-09-28 01:10:06,9360,7930,17940,0.35,42.97,2026-09-29,26650,0,0,0,0.00,0.00,23140.50,0.00000
85701,2026-09-28 01:10:06,10855,9425,49075,0.30,42.97,2026-09-29,26700,0,0,0,0.00,0.00,23140.50,0.00000
85702,2026-09-28 01:10:06,13455,14625,26520,0.30,43.95,2026-09-29,26750,65,65,0,2201.15,0.00,23140.50,0.00480
85703,2026-09-28 01:10:06,12220,11635,83850,0.45,45.90,2026-09-29,26800,1300,1365,0,2222.10,0.00,23140.50,0.10640
85704,2026-09-28 01:10:06,13130,11050,49530,0.45,46.88,2026-09-29,26850,0,0,0,0.00,0.00,23140.50,0.00000
85705,2026-09-28 01:10:06,13975,14105,22685,0.30,44.92,2026-09-29,26900,65,65,0,2776.00,0.00,23140.50,0.00470
85706,2026-09-28 01:10:06,14560,14625,32955,0.30,45.90,2026-09-29,26950,0,0,0,0.00,0.00,23140.50,0.00000
85707,2026-09-28 01:10:06,1530685,1653990,878670,0.35,47.85,2026-09-29,27000,1108215,1248810,217165,3820.00,66.65,23140.50,0.72400
85708,2026-09-28 01:10:06,23465,22815,65910,0.30,46.88,2026-09-29,27050,0,0,0,0.00,0.00,23140.50,0.00000
85709,2026-09-28 01:10:06,48620,41405,104065,0.30,47.85,2026-09-29,27100,0,0,0,0.00,0.00,23140.50,0.00000
85710,2026-09-28 01:10:06,78650,82290,111800,0.30,47.85,2026-09-29,27150,0,0,0,0.00,0.00,23140.50,0.00000
85711,2026-09-28 01:10:06,258895,211315,426595,0.35,48.83,2026-09-29,27200,0,0,0,0.00,0.00,23140.50,0.00000
85712,2026-09-28 01:10:06,405405,460265,282295,0.20,58.59,2026-09-29,28500,254345,327665,118105,5301.20,0.00,23140.50,0.62740
85713,2026-09-28 01:10:06,267835,278855,107315,0.20,74.22,2026-09-29,30000,95745,122525,37375,6801.45,0.00,23140.50,0.35750
85714,2026-09-28 01:10:06,17485,16120,12415,0.25,85.94,2026-09-29,31500,0,0,0,0.00,0.00,23140.50,0.00000
85715,2026-09-28 01:10:06,73580,61295,47840,0.20,97.66,2026-09-29,33000,0,0,0,0.00,0.00,23140.50,0.00000
85716,2026-09-28 01:10:06,14950,13195,32825,0.20,109.38,2026-09-29,34500,0,0,0,0.00,0.00,23140.50,0.00000
84057,2026-09-26 00:30:06,0,0,0,0.00,0.00,2026-10-06,20800,1916850,0,2739100,3.40,26.98,23140.50,
84058,2026-09-26 00:30:06,0,0,0,0.00,0.00,2026-10-06,20850,1495,0,4160,3.95,26.86,23140.50,
84059,2026-09-26 00:30:06,0,0,0,0.00,0.00,2026-10-06,20900,15080,0,20540,4.35,26.61,23140.50,
84060,2026-09-26 00:30:06,0,0,0,0.00,0.00,2026-10-06,20950,1170,0,4095,3.30,25.15,23140.50,
84061,2026-09-26 00:30:06,0,0,0,0.00,0.00,2026-10-06,21000,769405,0,1514695,3.90,25.15,23140.50,
84062,2026-09-26 00:30:06,0,0,0,0.00,0.00,2026-10-06,21050,1235,0,6045,3.85,24.60,23140.50,
84063,2026-09-26 00:30:06,0,0,0,0.00,0.00,2026-10-06,21100,6045,0,10335,4.00,24.17,23140.50,
84064,2026-09-26 00:30:06,0,0,0,0.00,0.00,2026-10-06,21150,1300,0,1755,4.00,23.68,23140.50,
84065,2026-09-26 00:30:06,0,0,0,0.00,0.00,2026-10-06,21200,91195,0,368485,4.55,23.56,23140.50,
84066,2026-09-26 00:30:06,0,0,0,0.00,0.00,2026-10-06,21250,3380,0,20475,6.85,24.41,23140.50,
84067,2026-09-26 00:30:06,0,0,0,0.00,0.00,2026-10-06,21300,182390,0,794430,4.45,22.40,23140.50,
84068,2026-09-26 00:30:06,0,0,0,0.00,0.00,2026-10-06,21350,601315,607750,614510,5.40,22.52,23140.50,
84069,2026-09-26 00:30:06,0,0,0,0.00,0.00,2026-10-06,21400,1257555,1249105,1863095,5.45,21.73,23140.50,
84070,2026-09-26 00:30:06,0,0,0,0.00,0.00,2026-10-06,21450,33410,35750,19695,5.25,21.24,23140.50,
84071,2026-09-26 00:30:06,0,0,0,0.00,0.00,2026-10-06,21500,1262755,741715,2272595,5.40,20.69,23140.50,
84072,2026-09-26 00:30:06,0,0,0,0.00,0.00,2026-10-06,21550,17160,5460,66625,5.60,20.39,23140.50,
84073,2026-09-26 00:30:06,0,0,0,0.00,0.00,2026-10-06,21600,242710,125905,861445,5.40,19.71,23140.50,
84074,2026-09-26 00:30:06,0,0,0,0.00,0.00,2026-10-06,21650,36205,8580,121290,5.00,18.98,23140.50,
84075,2026-09-26 00:30:06,0,0,0,0.00,0.00,2026-10-06,21700,267280,199290,744835,6.05,18.95,23140.50,
84076,2026-09-26 00:30:06,0,0,0,0.00,0.00,2026-10-06,21750,46930,47515,110890,6.80,18.74,23140.50,
84077,2026-09-26 00:30:06,0,0,65,1408.60,22.80,2026-10-06,21800,463645,350805,721435,7.00,18.07,23140.50,
84078,2026-09-26 00:30:06,0,0,0,0.00,0.00,2026-10-06,21850,42250,34385,103935,8.15,17.67,23140.50,
84079,2026-09-26 00:30:06,0,0,0,0.00,0.00,2026-10-06,21900,230945,149695,696995,7.45,17.33,23140.50,
84080,2026-09-26 00:30:06,0,0,0,0.00,0.00,2026-10-06,21950,172250,32500,346320,7.90,17.03,23140.50,
84081,2026-09-26 00:30:06,44655,36075,11895,1191.20,15.32,2026-10-06,22000,1202760,697320,3170570,8.25,16.54,23140.50,26.93450
84082,2026-09-26 00:30:06,0,0,0,0.00,0.00,2026-10-06,22050,131235,42445,361985,8.95,16.05,23140.50,
84083,2026-09-26 00:30:06,195,195,0,1031.80,0.00,2026-10-06,22100,399295,199810,1235780,9.60,15.72,23140.50,2047.66670
84084,2026-09-26 00:30:06,0,0,65,1063.35,19.33,2026-10-06,22150,70720,18460,327210,10.05,15.23,23140.50,
84085,2026-09-26 00:30:06,0,0,0,0.00,0.00,2026-10-06,22200,1289340,413985,2838745,11.50,14.94,23140.50,
84086,2026-09-26 00:30:06,0,0,0,0.00,0.00,2026-10-06,22250,192270,111280,595075,11.70,14.39,23140.50,
84087,2026-09-26 00:30:06,910,325,1820,909.70,16.16,2026-10-06,22300,432900,306735,2013895,13.20,14.10,23140.50,475.71430
84088,2026-09-26 00:30:06,0,0,65,810.65,0.00,2026-10-06,22350,133120,98410,385905,14.70,13.78,23140.50,
84089,2026-09-26 00:30:06,260,0,390,811.50,15.01,2026-10-06,22400,1214005,557310,2801045,15.80,13.34,23140.50,4669.25000
84090,2026-09-26 00:30:06,65,0,260,756.50,13.95,2026-10-06,22450,288340,111020,805740,17.65,13.00,23140.50,4436.00000
84091,2026-09-26 00:30:06,97175,31590,136240,709.00,13.18,2026-10-06,22500,1821495,1457885,4354805,20.40,12.71,23140.50,18.74450
84092,2026-09-26 00:30:06,1690,260,3055,657.50,12.24,2026-10-06,22550,241085,109200,1213095,23.50,12.50,23140.50,142.65380
84093,2026-09-26 00:30:06,63505,20280,62205,613.00,12.27,2026-10-06,22600,1070810,995410,3314350,26.75,12.15,23140.50,16.86180
84094,2026-09-26 00:30:06,4030,130,5265,579.20,13.34,2026-10-06,22650,179270,152620,686270,30.00,11.90,23140.50,44.48390
84095,2026-09-26 00:30:06,118885,23140,229385,532.70,12.86,2026-10-06,22700,1234155,629005,4410575,35.60,11.69,23140.50,10.38110
84096,2026-09-26 00:30:06,9165,4680,19825,483.80,12.09,2026-10-06,22750,443950,188045,1096810,41.30,11.44,23140.50,48.43970
84097,2026-09-26 00:30:06,169390,142155,261105,443.40,12.05,2026-10-06,22800,1175655,902720,4526730,50.25,11.23,23140.50,6.94050
84098,2026-09-26 00:30:06,63700,57720,64805,401.10,11.75,2026-10-06,22850,150605,95810,1024400,57.25,11.09,23140.50,2.36430
84099,2026-09-26 00:30:06,308945,264290,654615,368.30,12.08,2026-10-06,22900,709345,532220,3233230,67.00,10.93,23140.50,2.29600
84100,2026-09-26 00:30:06,65455,62595,137735,327.90,11.39,2026-10-06,22950,212290,171080,1038115,79.70,10.80,23140.50,3.24330
84101,2026-09-26 00:30:06,863135,585585,5088785,285.25,11.08,2026-10-06,23000,2122315,1451840,9129055,91.55,10.60,23140.50,2.45880
84102,2026-09-26 00:30:06,473785,82290,2207985,255.00,10.99,2026-10-06,23050,603720,157625,2939690,109.40,10.54,23140.50,1.27420
84103,2026-09-26 00:30:06,1970085,822380,8880885,220.35,10.86,2026-10-06,23100,2367755,874575,10208900,123.05,10.35,23140.50,1.20190
84104,2026-09-26 00:30:06,295360,184600,1986140,191.60,10.80,2026-10-06,23150,306215,161265,1895010,146.50,9.99,23140.50,1.03680
84105,2026-09-26 00:30:06,2191865,1463670,8279700,164.90,10.70,2026-10-06,23200,1790620,1149135,4715750,166.85,10.02,23140.50,0.81690
84106,2026-09-26 00:30:06,447850,443105,1918020,141.00,10.66,2026-10-06,23250,216710,177710,671385,194.95,10.00,23140.50,0.48390
84107,2026-09-26 00:30:06,2604420,1817205,6476665,118.00,10.51,2026-10-06,23300,1962350,1312740,2907710,224.70,9.98,23140.50,0.75350
84108,2026-09-26 00:30:06,407095,224315,1830075,101.30,10.61,2026-10-06,23350,140140,175045,330135,253.20,9.79,23140.50,0.34420
84109,2026-09-26 00:30:06,2020005,1631305,6297525,81.00,10.28,2026-10-06,23400,860470,784030,770575,282.20,9.45,23140.50,0.42600
84110,2026-09-26 00:30:06,415415,256295,1639560,65.30,10.21,2026-10-06,23450,69485,53560,78130,318.00,9.32,23140.50,0.16730
84111,2026-09-26 00:30:06,2765035,1654510,9051250,51.60,10.15,2026-10-06,23500,828230,788060,821015,357.65,9.37,23140.50,0.29950
84112,2026-09-26 00:30:06,423735,251940,1810640,41.55,10.07,2026-10-06,23550,31200,24570,22685,400.60,9.58,23140.50,0.07360
84113,2026-09-26 00:30:06,1138605,1160575,4438655,32.55,10.06,2026-10-06,23600,119990,122395,138515,437.50,8.98,23140.50,0.10540
84114,2026-09-26 00:30:06,384020,402675,1623765,26.30,9.99,2026-10-06,23650,16055,17485,10920,472.40,7.45,23140.50,0.04180
84115,2026-09-26 00:30:06,1353365,902070,4171765,20.00,10.01,2026-10-06,23700,140530,78975,99450,524.40,8.45,23140.50,0.10380
84116,2026-09-26 00:30:06,390390,250835,1097070,16.75,10.21,2026-10-06,23750,13650,13585,2470,568.00,7.48,23140.50,0.03500
84117,2026-09-26 00:30:06,1111045,912340,3792750,12.80,10.24,2026-10-06,23800,120185,87490,58045,612.50,0.00,23140.50,0.10820
84118,2026-09-26 00:30:06,319540,255905,978965,11.00,10.47,2026-10-06,23850,6305,5850,1235,663.80,0.00,23140.50,0.01970
84119,2026-09-26 00:30:06,920530,569790,2745665,9.30,10.68,2026-10-06,23900,64805,50505,21970,714.60,6.71,23140.50,0.07040
84120,2026-09-26 00:30:06,488670,358475,798135,7.80,10.88,2026-10-06,23950,38285,35295,3510,766.55,8.91,23140.50,0.07830
84121,2026-09-26 00:30:06,2266420,1777035,4798950,7.00,11.17,2026-10-06,24000,181480,129545,87295,806.15,0.00,23140.50,0.08010
84122,2026-09-26 00:30:06,169975,201565,544960,6.30,11.54,2026-10-06,24050,2990,520,2860,841.90,0.00,23140.50,0.01760
84123,2026-09-26 00:30:06,654030,859235,1634165,5.35,11.75,2026-10-06,24100,15795,5005,12415,910.00,0.00,23140.50,0.02420
84124,2026-09-26 00:30:06,85605,106600,446810,4.85,12.05,2026-10-06,24150,1430,195,1365,960.00,0.00,23140.50,0.01670
84125,2026-09-26 00:30:06,545870,604045,1656980,4.55,12.45,2026-10-06,24200,10790,3250,8385,1009.00,0.00,23140.50,0.01980
84126,2026-09-26 00:30:06,202020,107120,447525,4.10,12.66,2026-10-06,24250,3250,3250,520,1059.70,0.00,23140.50,0.01610
84127,2026-09-26 00:30:06,879320,743535,996190,3.60,13.06,2026-10-06,24300,15665,6240,22035,1106.20,0.00,23140.50,0.01780
84128,2026-09-26 00:30:06,57850,56225,117195,3.25,13.24,2026-10-06,24350,585,0,650,1150.00,0.00,23140.50,0.01010
84129,2026-09-26 00:30:06,367640,249600,689260,2.95,13.55,2026-10-06,24400,11310,3705,9555,1204.80,0.00,23140.50,0.03080
84130,2026-09-26 00:30:06,51480,37505,51025,3.15,13.79,2026-10-06,24450,195,0,845,1230.00,0.00,23140.50,0.00380
84131,2026-09-26 00:30:06,1187485,582270,2111850,2.40,14.16,2026-10-06,24500,43225,35750,11375,1303.00,0.00,23140.50,0.03640
84132,2026-09-26 00:30:06,29510,24570,38805,2.80,14.83,2026-10-06,24550,130,130,0,1259.90,0.00,23140.50,0.00440
84133,2026-09-26 00:30:06,653510,213005,1097850,2.05,14.65,2026-10-06,24600,2275,1040,1300,1397.00,0.00,23140.50,0.00350
84134,2026-09-26 00:30:06,33475,6955,64480,1.90,15.01,2026-10-06,24650,3315,3185,715,1450.00,0.00,23140.50,0.09900
84135,2026-09-26 00:30:06,621985,104975,1272830,1.65,15.14,2026-10-06,24700,390,195,260,1575.00,29.10,23140.50,0.00060
84136,2026-09-26 00:30:06,35815,5525,64610,1.75,15.50,2026-10-06,24750,195,195,0,1438.50,0.00,23140.50,0.00540
84137,2026-09-26 00:30:06,591240,283725,1191905,1.50,15.75,2026-10-06,24800,15470,15340,260,1600.00,0.00,23140.50,0.02620
84138,2026-09-26 00:30:06,48750,47515,43745,1.40,16.11,2026-10-06,24850,195,195,65,1645.00,0.00,23140.50,0.00400
84139,2026-09-26 00:30:06,138970,98150,338325,1.35,16.72,2026-10-06,24900,0,0,0,0.00,0.00,23140.50,0.00000
84140,2026-09-26 00:30:06,25350,8645,43875,1.30,16.72,2026-10-06,24950,130,65,0,1475.85,0.00,23140.50,0.00510
84141,2026-09-26 00:30:06,1999920,392665,3348865,1.65,17.70,2026-10-06,25000,29900,12740,19565,1798.00,0.00,23140.50,0.01500
84142,2026-09-26 00:30:06,12285,5070,23140,1.75,18.19,2026-10-06,25050,0,0,65,1932.00,34.62,23140.50,0.00000
84143,2026-09-26 00:30:06,41795,27300,144560,1.30,17.94,2026-10-06,25100,65,0,130,1980.00,34.99,23140.50,0.00160
84144,2026-09-26 00:30:06,5525,7540,17680,1.20,18.19,2026-10-06,25150,0,0,0,0.00,0.00,23140.50,0.00000
84145,2026-09-26 00:30:06,31395,23530,225420,1.35,18.80,2026-10-06,25200,0,0,65,2080.00,36.25,23140.50,0.00000
84146,2026-09-26 00:30:06,3640,3380,7215,1.45,19.41,2026-10-06,25250,0,0,0,0.00,0.00,23140.50,0.00000
84147,2026-09-26 00:30:06,63180,63440,145145,1.00,19.04,2026-10-06,25300,0,0,0,0.00,0.00,23140.50,0.00000
84148,2026-09-26 00:30:06,2470,2795,2925,2.20,21.12,2026-10-06,25350,0,0,0,0.00,0.00,23140.50,0.00000
84149,2026-09-26 00:30:06,11375,12155,16055,1.00,19.78,2026-10-06,25400,65,65,0,1925.00,0.00,23140.50,0.00570
84150,2026-09-26 00:30:06,1560,1365,3250,1.00,20.14,2026-10-06,25450,0,0,0,0.00,0.00,23140.50,0.00000
84151,2026-09-26 00:30:06,133250,90155,147745,0.95,20.51,2026-10-06,25500,17485,14950,2730,2282.50,0.00,23140.50,0.13120
84152,2026-09-26 00:30:06,4420,2145,9945,1.00,20.75,2026-10-06,25550,0,0,0,0.00,0.00,23140.50,0.00000
84153,2026-09-26 00:30:06,98150,9490,115375,0.95,21.24,2026-10-06,25600,0,0,130,2443.05,33.57,23140.50,0.00000
84154,2026-09-26 00:30:06,4680,4485,4030,0.90,21.48,2026-10-06,25650,0,0,0,0.00,0.00,23140.50,0.00000
84155,2026-09-26 00:30:06,34255,10595,39000,0.90,21.73,2026-10-06,25700,520,0,715,2575.00,41.11,23140.50,0.01520
84156,2026-09-26 00:30:06,22685,6110,20085,0.90,22.95,2026-10-06,25750,0,0,0,0.00,0.00,23140.50,0.00000
84157,2026-09-26 00:30:06,117520,89635,101660,1.00,22.71,2026-10-06,25800,1040,650,455,2670.00,41.89,23140.50,0.00880
84389,2026-09-26 00:35:06,0,0,0,0.00,0.00,2026-10-06,20800,1916850,0,2739100,3.40,26.98,23140.50,
84390,2026-09-26 00:35:06,0,0,0,0.00,0.00,2026-10-06,20850,1495,0,4160,3.95,26.86,23140.50,
84391,2026-09-26 00:35:06,0,0,0,0.00,0.00,2026-10-06,20900,15080,0,20540,4.35,26.61,23140.50,
84392,2026-09-26 00:35:06,0,0,0,0.00,0.00,2026-10-06,20950,1170,0,4095,3.30,25.15,23140.50,
84393,2026-09-26 00:35:06,0,0,0,0.00,0.00,2026-10-06,21000,769405,0,1514695,3.90,25.15,23140.50,
84394,2026-09-26 00:35:06,0,0,0,0.00,0.00,2026-10-06,21050,1235,0,6045,3.85,24.60,23140.50,
84395,2026-09-26 00:35:06,0,0,0,0.00,0.00,2026-10-06,21100,6045,0,10335,4.00,24.17,23140.50,
84396,2026-09-26 00:35:06,0,0,0,0.00,0.00,2026-10-06,21150,1300,0,1755,4.00,23.68,23140.50,
84397,2026-09-26 00:35:06,0,0,0,0.00,0.00,2026-10-06,21200,91195,0,368485,4.55,23.56,23140.50,
84398,2026-09-26 00:35:06,0,0,0,0.00,0.00,2026-10-06,21250,3380,0,20475,6.85,24.41,23140.50,
84399,2026-09-26 00:35:06,0,0,0,0.00,0.00,2026-10-06,21300,182390,0,794430,4.45,22.40,23140.50,
84400,2026-09-26 00:35:06,0,0,0,0.00,0.00,2026-10-06,21350,601315,607750,614510,5.40,22.52,23140.50,
84401,2026-09-26 00:35:06,0,0,0,0.00,0.00,2026-10-06,21400,1257555,1249105,1863095,5.45,21.73,23140.50,
84402,2026-09-26 00:35:06,0,0,0,0.00,0.00,2026-10-06,21450,33410,35750,19695,5.25,21.24,23140.50,
84403,2026-09-26 00:35:06,0,0,0,0.00,0.00,2026-10-06,21500,1262755,741715,2272595,5.40,20.69,23140.50,
84404,2026-09-26 00:35:06,0,0,0,0.00,0.00,2026-10-06,21550,17160,5460,66625,5.60,20.39,23140.50,
84405,2026-09-26 00:35:06,0,0,0,0.00,0.00,2026-10-06,21600,242710,125905,861445,5.40,19.71,23140.50,
84406,2026-09-26 00:35:06,0,0,0,0.00,0.00,2026-10-06,21650,36205,8580,121290,5.00,18.98,23140.50,
84407,2026-09-26 00:35:06,0,0,0,0.00,0.00,2026-10-06,21700,267280,199290,744835,6.05,18.95,23140.50,
84408,2026-09-26 00:35:06,0,0,0,0.00,0.00,2026-10-06,21750,46930,47515,110890,6.80,18.74,23140.50,
84409,2026-09-26 00:35:06,0,0,65,1408.60,22.80,2026-10-06,21800,463645,350805,721435,7.00,18.07,23140.50,
84410,2026-09-26 00:35:06,0,0,0,0.00,0.00,2026-10-06,21850,42250,34385,103935,8.15,17.67,23140.50,
84411,2026-09-26 00:35:06,0,0,0,0.00,0.00,2026-10-06,21900,230945,149695,696995,7.45,17.33,23140.50,
84412,2026-09-26 00:35:06,0,0,0,0.00,0.00,2026-10-06,21950,172250,32500,346320,7.90,17.03,23140.50,
84413,2026-09-26 00:35:06,44655,36075,11895,1191.20,15.32,2026-10-06,22000,1202760,697320,3170570,8.25,16.54,23140.50,26.93450
84414,2026-09-26 00:35:06,0,0,0,0.00,0.00,2026-10-06,22050,131235,42445,361985,8.95,16.05,23140.50,
84415,2026-09-26 00:35:06,195,195,0,1031.80,0.00,2026-10-06,22100,399295,199810,1235780,9.60,15.72,23140.50,2047.66670
84416,2026-09-26 00:35:06,0,0,65,1063.35,19.33,2026-10-06,22150,70720,18460,327210,10.05,15.23,23140.50,
84417,2026-09-26 00:35:06,0,0,0,0.00,0.00,2026-10-06,22200,1289340,413985,2838745,11.50,14.94,23140.50,
84418,2026-09-26 00:35:06,0,0,0,0.00,0.00,2026-10-06,22250,192270,111280,595075,11.70,14.39,23140.50,
84419,2026-09-26 00:35:06,910,325,1820,909.70,16.16,2026-10-06,22300,432900,306735,2013895,13.20,14.10,23140.50,475.71430
84420,2026-09-26 00:35:06,0,0,65,810.65,0.00,2026-10-06,22350,133120,98410,385905,14.70,13.78,23140.50,
84421,2026-09-26 00:35:06,260,0,390,811.50,15.01,2026-10-06,22400,1214005,557310,2801045,15.80,13.34,23140.50,4669.25000
84422,2026-09-26 00:35:06,65,0,260,756.50,13.95,2026-10-06,22450,288340,111020,805740,17.65,13.00,23140.50,4436.00000
84423,2026-09-26 00:35:06,97175,31590,136240,709.00,13.18,2026-10-06,22500,1821495,1457885,4354805,20.40,12.71,23140.50,18.74450
84424,2026-09-26 00:35:06,1690,260,3055,657.50,12.24,2026-10-06,22550,241085,109200,1213095,23.50,12.50,23140.50,142.65380
84425,2026-09-26 00:35:06,63505,20280,62205,613.00,12.27,2026-10-06,22600,1070810,995410,3314350,26.75,12.15,23140.50,16.86180
84426,2026-09-26 00:35:06,4030,130,5265,579.20,13.34,2026-10-06,22650,179270,152620,686270,30.00,11.90,23140.50,44.48390
84427,2026-09-26 00:35:06,118885,23140,229385,532.70,12.86,2026-10-06,22700,1234155,629005,4410575,35.60,11.69,23140.50,10.38110
84428,2026-09-26 00:35:06,9165,4680,19825,483.80,12.09,2026-10-06,22750,443950,188045,1096810,41.30,11.44,23140.50,48.43970
84429,2026-09-26 00:35:06,169390,142155,261105,443.40,12.05,2026-10-06,22800,1175655,902720,4526730,50.25,11.23,23140.50,6.94050
84430,2026-09-26 00:35:06,63700,57720,64805,401.10,11.75,2026-10-06,22850,150605,95810,1024400,57.25,11.09,23140.50,2.36430
84431,2026-09-26 00:35:06,308945,264290,654615,368.30,12.08,2026-10-06,22900,709345,532220,3233230,67.00,10.93,23140.50,2.29600
84432,2026-09-26 00:35:06,65455,62595,137735,327.90,11.39,2026-10-06,22950,212290,171080,1038115,79.70,10.80,23140.50,3.24330
84433,2026-09-26 00:35:06,863135,585585,5088785,285.25,11.08,2026-10-06,23000,2122315,1451840,9129055,91.55,10.60,23140.50,2.45880
84434,2026-09-26 00:35:06,473785,82290,2207985,255.00,10.99,2026-10-06,23050,603720,157625,2939690,109.40,10.54,23140.50,1.27420
84435,2026-09-26 00:35:06,1970085,822380,8880885,220.35,10.86,2026-10-06,23100,2367755,874575,10208900,123.05,10.35,23140.50,1.20190
84436,2026-09-26 00:35:06,295360,184600,1986140,191.60,10.80,2026-10-06,23150,306215,161265,1895010,146.50,9.99,23140.50,1.03680
84437,2026-09-26 00:35:06,2191865,1463670,8279700,164.90,10.70,2026-10-06,23200,1790620,1149135,4715750,166.85,10.02,23140.50,0.81690
84438,2026-09-26 00:35:06,447850,443105,1918020,141.00,10.66,2026-10-06,23250,216710,177710,671385,194.95,10.00,23140.50,0.48390
84439,2026-09-26 00:35:06,2604420,1817205,6476665,118.00,10.51,2026-10-06,23300,1962350,1312740,2907710,224.70,9.98,23140.50,0.75350
84440,2026-09-26 00:35:06,407095,224315,1830075,101.30,10.61,2026-10-06,23350,140140,175045,330135,253.20,9.79,23140.50,0.34420
84441,2026-09-26 00:35:06,2020005,1631305,6297525,81.00,10.28,2026-10-06,23400,860470,784030,770575,282.20,9.45,23140.50,0.42600
84442,2026-09-26 00:35:06,415415,256295,1639560,65.30,10.21,2026-10-06,23450,69485,53560,78130,318.00,9.32,23140.50,0.16730
84443,2026-09-26 00:35:06,2765035,1654510,9051250,51.60,10.15,2026-10-06,23500,828230,788060,821015,357.65,9.37,23140.50,0.29950
84444,2026-09-26 00:35:06,423735,251940,1810640,41.55,10.07,2026-10-06,23550,31200,24570,22685,400.60,9.58,23140.50,0.07360
84445,2026-09-26 00:35:06,1138605,1160575,4438655,32.55,10.06,2026-10-06,23600,119990,122395,138515,437.50,8.98,23140.50,0.10540
84446,2026-09-26 00:35:06,384020,402675,1623765,26.30,9.99,2026-10-06,23650,16055,17485,10920,472.40,7.45,23140.50,0.04180
84447,2026-09-26 00:35:06,1353365,902070,4171765,20.00,10.01,2026-10-06,23700,140530,78975,99450,524.40,8.45,23140.50,0.10380
84448,2026-09-26 00:35:06,390390,250835,1097070,16.75,10.21,2026-10-06,23750,13650,13585,2470,568.00,7.48,23140.50,0.03500
84449,2026-09-26 00:35:06,1111045,912340,3792750,12.80,10.24,2026-10-06,23800,120185,87490,58045,612.50,0.00,23140.50,0.10820
84450,2026-09-26 00:35:06,319540,255905,978965,11.00,10.47,2026-10-06,23850,6305,5850,1235,663.80,0.00,23140.50,0.01970
84451,2026-09-26 00:35:06,920530,569790,2745665,9.30,10.68,2026-10-06,23900,64805,50505,21970,714.60,6.71,23140.50,0.07040
84452,2026-09-26 00:35:06,488670,358475,798135,7.80,10.88,2026-10-06,23950,38285,35295,3510,766.55,8.91,23140.50,0.07830
84453,2026-09-26 00:35:06,2266420,1777035,4798950,7.00,11.17,2026-10-06,24000,181480,129545,87295,806.15,0.00,23140.50,0.08010
84454,2026-09-26 00:35:06,169975,201565,544960,6.30,11.54,2026-10-06,24050,2990,520,2860,841.90,0.00,23140.50,0.01760
84455,2026-09-26 00:35:06,654030,859235,1634165,5.35,11.75,2026-10-06,24100,15795,5005,12415,910.00,0.00,23140.50,0.02420
84456,2026-09-26 00:35:06,85605,106600,446810,4.85,12.05,2026-10-06,24150,1430,195,1365,960.00,0.00,23140.50,0.01670
84457,2026-09-26 00:35:06,545870,604045,1656980,4.55,12.45,2026-10-06,24200,10790,3250,8385,1009.00,0.00,23140.50,0.01980
84458,2026-09-26 00:35:06,202020,107120,447525,4.10,12.66,2026-10-06,24250,3250,3250,520,1059.70,0.00,23140.50,0.01610
84459,2026-09-26 00:35:06,879320,743535,996190,3.60,13.06,2026-10-06,24300,15665,6240,22035,1106.20,0.00,23140.50,0.01780
84460,2026-09-26 00:35:06,57850,56225,117195,3.25,13.24,2026-10-06,24350,585,0,650,1150.00,0.00,23140.50,0.01010
84461,2026-09-26 00:35:06,367640,249600,689260,2.95,13.55,2026-10-06,24400,11310,3705,9555,1204.80,0.00,23140.50,0.03080
84462,2026-09-26 00:35:06,51480,37505,51025,3.15,13.79,2026-10-06,24450,195,0,845,1230.00,0.00,23140.50,0.00380
84463,2026-09-26 00:35:06,1187485,582270,2111850,2.40,14.16,2026-10-06,24500,43225,35750,11375,1303.00,0.00,23140.50,0.03640
84464,2026-09-26 00:35:06,29510,24570,38805,2.80,14.83,2026-10-06,24550,130,130,0,1259.90,0.00,23140.50,0.00440
84465,2026-09-26 00:35:06,653510,213005,1097850,2.05,14.65,2026-10-06,24600,2275,1040,1300,1397.00,0.00,23140.50,0.00350
84466,2026-09-26 00:35:06,33475,6955,64480,1.90,15.01,2026-10-06,24650,3315,3185,715,1450.00,0.00,23140.50,0.09900
84467,2026-09-26 00:35:06,621985,104975,1272830,1.65,15.14,2026-10-06,24700,390,195,260,1575.00,29.10,23140.50,0.00060
84468,2026-09-26 00:35:06,35815,5525,64610,1.75,15.50,2026-10-06,24750,195,195,0,1438.50,0.00,23140.50,0.00540
84469,2026-09-26 00:35:06,591240,283725,1191905,1.50,15.75,2026-10-06,24800,15470,15340,260,1600.00,0.00,23140.50,0.02620
84470,2026-09-26 00:35:06,48750,47515,43745,1.40,16.11,2026-10-06,24850,195,195,65,1645.00,0.00,23140.50,0.00400
84471,2026-09-26 00:35:06,138970,98150,338325,1.35,16.72,2026-10-06,24900,0,0,0,0.00,0.00,23140.50,0.00000
84472,2026-09-26 00:35:06,25350,8645,43875,1.30,16.72,2026-10-06,24950,130,65,0,1475.85,0.00,23140.50,0.00510
84473,2026-09-26 00:35:06,1999920,392665,3348865,1.65,17.70,2026-10-06,25000,29900,12740,19565,1798.00,0.00,23140.50,0.01500
84474,2026-09-26 00:35:06,12285,5070,23140,1.75,18.19,2026-10-06,25050,0,0,65,1932.00,34.62,23140.50,0.00000
84475,2026-09-26 00:35:06,41795,27300,144560,1.30,17.94,2026-10-06,25100,65,0,130,1980.00,34.99,23140.50,0.00160
84476,2026-09-26 00:35:06,5525,7540,17680,1.20,18.19,2026-10-06,25150,0,0,0,0.00,0.00,23140.50,0.00000
84477,2026-09-26 00:35:06,31395,23530,225420,1.35,18.80,2026-10-06,25200,0,0,65,2080.00,36.25,23140.50,0.00000
84478,2026-09-26 00:35:06,3640,3380,7215,1.45,19.41,2026-10-06,25250,0,0,0,0.00,0.00,23140.50,0.00000
84479,2026-09-26 00:35:06,63180,63440,145145,1.00,19.04,2026-10-06,25300,0,0,0,0.00,0.00,23140.50,0.00000
84480,2026-09-26 00:35:06,2470,2795,2925,2.20,21.12,2026-10-06,25350,0,0,0,0.00,0.00,23140.50,0.00000
84481,2026-09-26 00:35:06,11375,12155,16055,1.00,19.78,2026-10-06,25400,65,65,0,1925.00,0.00,23140.50,0.00570
84482,2026-09-26 00:35:06,1560,1365,3250,1.00,20.14,2026-10-06,25450,0,0,0,0.00,0.00,23140.50,0.00000
84483,2026-09-26 00:35:06,133250,90155,147745,0.95,20.51,2026-10-06,25500,17485,14950,2730,2282.50,0.00,23140.50,0.13120
84484,2026-09-26 00:35:06,4420,2145,9945,1.00,20.75,2026-10-06,25550,0,0,0,0.00,0.00,23140.50,0.00000
84485,2026-09-26 00:35:06,98150,9490,115375,0.95,21.24,2026-10-06,25600,0,0,130,2443.05,33.57,23140.50,0.00000
84486,2026-09-26 00:35:06,4680,4485,4030,0.90,21.48,2026-10-06,25650,0,0,0,0.00,0.00,23140.50,0.00000
84487,2026-09-26 00:35:06,34255,10595,39000,0.90,21.73,2026-10-06,25700,520,0,715,2575.00,41.11,23140.50,0.01520
84488,2026-09-26 00:35:06,22685,6110,20085,0.90,22.95,2026-10-06,25750,0,0,0,0.00,0.00,23140.50,0.00000
84489,2026-09-26 00:35:06,117520,89635,101660,1.00,22.71,2026-10-06,25800,1040,650,455,2670.00,41.89,23140.50,0.00880
84721,2026-09-26 00:40:07,0,0,0,0.00,0.00,2026-10-06,20800,1916850,0,2739100,3.40,26.98,23140.50,
84722,2026-09-26 00:40:07,0,0,0,0.00,0.00,2026-10-06,20850,1495,0,4160,3.95,26.86,23140.50,
84723,2026-09-26 00:40:07,0,0,0,0.00,0.00,2026-10-06,20900,15080,0,20540,4.35,26.61,23140.50,
84724,2026-09-26 00:40:07,0,0,0,0.00,0.00,2026-10-06,20950,1170,0,4095,3.30,25.15,23140.50,
84725,2026-09-26 00:40:07,0,0,0,0.00,0.00,2026-10-06,21000,769405,0,1514695,3.90,25.15,23140.50,
84726,2026-09-26 00:40:07,0,0,0,0.00,0.00,2026-10-06,21050,1235,0,6045,3.85,24.60,23140.50,
84727,2026-09-26 00:40:07,0,0,0,0.00,0.00,2026-10-06,21100,6045,0,10335,4.00,24.17,23140.50,
84728,2026-09-26 00:40:07,0,0,0,0.00,0.00,2026-10-06,21150,1300,0,1755,4.00,23.68,23140.50,
84729,2026-09-26 00:40:07,0,0,0,0.00,0.00,2026-10-06,21200,91195,0,368485,4.55,23.56,23140.50,
84730,2026-09-26 00:40:07,0,0,0,0.00,0.00,2026-10-06,21250,3380,0,20475,6.85,24.41,23140.50,
84731,2026-09-26 00:40:07,0,0,0,0.00,0.00,2026-10-06,21300,182390,0,794430,4.45,22.40,23140.50,
84732,2026-09-26 00:40:07,0,0,0,0.00,0.00,2026-10-06,21350,601315,607750,614510,5.40,22.52,23140.50,
84733,2026-09-26 00:40:07,0,0,0,0.00,0.00,2026-10-06,21400,1257555,1249105,1863095,5.45,21.73,23140.50,
84734,2026-09-26 00:40:07,0,0,0,0.00,0.00,2026-10-06,21450,33410,35750,19695,5.25,21.24,23140.50,
84735,2026-09-26 00:40:07,0,0,0,0.00,0.00,2026-10-06,21500,1262755,741715,2272595,5.40,20.69,23140.50,
84736,2026-09-26 00:40:07,0,0,0,0.00,0.00,2026-10-06,21550,17160,5460,66625,5.60,20.39,23140.50,
84737,2026-09-26 00:40:07,0,0,0,0.00,0.00,2026-10-06,21600,242710,125905,861445,5.40,19.71,23140.50,
84738,2026-09-26 00:40:07,0,0,0,0.00,0.00,2026-10-06,21650,36205,8580,121290,5.00,18.98,23140.50,
84739,2026-09-26 00:40:07,0,0,0,0.00,0.00,2026-10-06,21700,267280,199290,744835,6.05,18.95,23140.50,
84740,2026-09-26 00:40:07,0,0,0,0.00,0.00,2026-10-06,21750,46930,47515,110890,6.80,18.74,23140.50,
84741,2026-09-26 00:40:07,0,0,65,1408.60,22.80,2026-10-06,21800,463645,350805,721435,7.00,18.07,23140.50,
84742,2026-09-26 00:40:07,0,0,0,0.00,0.00,2026-10-06,21850,42250,34385,103935,8.15,17.67,23140.50,
84743,2026-09-26 00:40:07,0,0,0,0.00,0.00,2026-10-06,21900,230945,149695,696995,7.45,17.33,23140.50,
84744,2026-09-26 00:40:07,0,0,0,0.00,0.00,2026-10-06,21950,172250,32500,346320,7.90,17.03,23140.50,
84745,2026-09-26 00:40:07,44655,36075,11895,1191.20,15.32,2026-10-06,22000,1202760,697320,3170570,8.25,16.54,23140.50,26.93450
84746,2026-09-26 00:40:07,0,0,0,0.00,0.00,2026-10-06,22050,131235,42445,361985,8.95,16.05,23140.50,
84747,2026-09-26 00:40:07,195,195,0,1031.80,0.00,2026-10-06,22100,399295,199810,1235780,9.60,15.72,23140.50,2047.66670
84748,2026-09-26 00:40:07,0,0,65,1063.35,19.33,2026-10-06,22150,70720,18460,327210,10.05,15.23,23140.50,
84749,2026-09-26 00:40:07,0,0,0,0.00,0.00,2026-10-06,22200,1289340,413985,2838745,11.50,14.94,23140.50,
84750,2026-09-26 00:40:07,0,0,0,0.00,0.00,2026-10-06,22250,192270,111280,595075,11.70,14.39,23140.50,
84751,2026-09-26 00:40:07,910,325,1820,909.70,16.16,2026-10-06,22300,432900,306735,2013895,13.20,14.10,23140.50,475.71430
84752,2026-09-26 00:40:07,0,0,65,810.65,0.00,2026-10-06,22350,133120,98410,385905,14.70,13.78,23140.50,
84753,2026-09-26 00:40:07,260,0,390,811.50,15.01,2026-10-06,22400,1214005,557310,2801045,15.80,13.34,23140.50,4669.25000
84754,2026-09-26 00:40:07,65,0,260,756.50,13.95,2026-10-06,22450,288340,111020,805740,17.65,13.00,23140.50,4436.00000
84755,2026-09-26 00:40:07,97175,31590,136240,709.00,13.18,2026-10-06,22500,1821495,1457885,4354805,20.40,12.71,23140.50,18.74450
84756,2026-09-26 00:40:07,1690,260,3055,657.50,12.24,2026-10-06,22550,241085,109200,1213095,23.50,12.50,23140.50,142.65380
84757,2026-09-26 00:40:07,63505,20280,62205,613.00,12.27,2026-10-06,22600,1070810,995410,3314350,26.75,12.15,23140.50,16.86180
84758,2026-09-26 00:40:07,4030,130,5265,579.20,13.34,2026-10-06,22650,179270,152620,686270,30.00,11.90,23140.50,44.48390
84759,2026-09-26 00:40:07,118885,23140,229385,532.70,12.86,2026-10-06,22700,1234155,629005,4410575,35.60,11.69,23140.50,10.38110
84760,2026-09-26 00:40:07,9165,4680,19825,483.80,12.09,2026-10-06,22750,443950,188045,1096810,41.30,11.44,23140.50,48.43970
84761,2026-09-26 00:40:07,169390,142155,261105,443.40,12.05,2026-10-06,22800,1175655,902720,4526730,50.25,11.23,23140.50,6.94050
84762,2026-09-26 00:40:07,63700,57720,64805,401.10,11.75,2026-10-06,22850,150605,95810,1024400,57.25,11.09,23140.50,2.36430
84763,2026-09-26 00:40:07,308945,264290,654615,368.30,12.08,2026-10-06,22900,709345,532220,3233230,67.00,10.93,23140.50,2.29600
84764,2026-09-26 00:40:07,65455,62595,137735,327.90,11.39,2026-10-06,22950,212290,171080,1038115,79.70,10.80,23140.50,3.24330
84765,2026-09-26 00:40:07,863135,585585,5088785,285.25,11.08,2026-10-06,23000,2122315,1451840,9129055,91.55,10.60,23140.50,2.45880
84766,2026-09-26 00:40:07,473785,82290,2207985,255.00,10.99,2026-10-06,23050,603720,157625,2939690,109.40,10.54,23140.50,1.27420
84767,2026-09-26 00:40:07,1970085,822380,8880885,220.35,10.86,2026-10-06,23100,2367755,874575,10208900,123.05,10.35,23140.50,1.20190
84768,2026-09-26 00:40:07,295360,184600,1986140,191.60,10.80,2026-10-06,23150,306215,161265,1895010,146.50,9.99,23140.50,1.03680
84769,2026-09-26 00:40:07,2191865,1463670,8279700,164.90,10.70,2026-10-06,23200,1790620,1149135,4715750,166.85,10.02,23140.50,0.81690
84770,2026-09-26 00:40:07,447850,443105,1918020,141.00,10.66,2026-10-06,23250,216710,177710,671385,194.95,10.00,23140.50,0.48390
84771,2026-09-26 00:40:07,2604420,1817205,6476665,118.00,10.51,2026-10-06,23300,1962350,1312740,2907710,224.70,9.98,23140.50,0.75350
84772,2026-09-26 00:40:07,407095,224315,1830075,101.30,10.61,2026-10-06,23350,140140,175045,330135,253.20,9.79,23140.50,0.34420
84773,2026-09-26 00:40:07,2020005,1631305,6297525,81.00,10.28,2026-10-06,23400,860470,784030,770575,282.20,9.45,23140.50,0.42600
84774,2026-09-26 00:40:07,415415,256295,1639560,65.30,10.21,2026-10-06,23450,69485,53560,78130,318.00,9.32,23140.50,0.16730
84775,2026-09-26 00:40:07,2765035,1654510,9051250,51.60,10.15,2026-10-06,23500,828230,788060,821015,357.65,9.37,23140.50,0.29950
84776,2026-09-26 00:40:07,423735,251940,1810640,41.55,10.07,2026-10-06,23550,31200,24570,22685,400.60,9.58,23140.50,0.07360
84777,2026-09-26 00:40:07,1138605,1160575,4438655,32.55,10.06,2026-10-06,23600,119990,122395,138515,437.50,8.98,23140.50,0.10540
84778,2026-09-26 00:40:07,384020,402675,1623765,26.30,9.99,2026-10-06,23650,16055,17485,10920,472.40,7.45,23140.50,0.04180
84779,2026-09-26 00:40:07,1353365,902070,4171765,20.00,10.01,2026-10-06,23700,140530,78975,99450,524.40,8.45,23140.50,0.10380
84780,2026-09-26 00:40:07,390390,250835,1097070,16.75,10.21,2026-10-06,23750,13650,13585,2470,568.00,7.48,23140.50,0.03500
84781,2026-09-26 00:40:07,1111045,912340,3792750,12.80,10.24,2026-10-06,23800,120185,87490,58045,612.50,0.00,23140.50,0.10820
84782,2026-09-26 00:40:07,319540,255905,978965,11.00,10.47,2026-10-06,23850,6305,5850,1235,663.80,0.00,23140.50,0.01970
84783,2026-09-26 00:40:07,920530,569790,2745665,9.30,10.68,2026-10-06,23900,64805,50505,21970,714.60,6.71,23140.50,0.07040
84784,2026-09-26 00:40:07,488670,358475,798135,7.80,10.88,2026-10-06,23950,38285,35295,3510,766.55,8.91,23140.50,0.07830
84785,2026-09-26 00:40:07,2266420,1777035,4798950,7.00,11.17,2026-10-06,24000,181480,129545,87295,806.15,0.00,23140.50,0.08010
84786,2026-09-26 00:40:07,169975,201565,544960,6.30,11.54,2026-10-06,24050,2990,520,2860,841.90,0.00,23140.50,0.01760
84787,2026-09-26 00:40:07,654030,859235,1634165,5.35,11.75,2026-10-06,24100,15795,5005,12415,910.00,0.00,23140.50,0.02420
84788,2026-09-26 00:40:07,85605,106600,446810,4.85,12.05,2026-10-06,24150,1430,195,1365,960.00,0.00,23140.50,0.01670
84789,2026-09-26 00:40:07,545870,604045,1656980,4.55,12.45,2026-10-06,24200,10790,3250,8385,1009.00,0.00,23140.50,0.01980
84790,2026-09-26 00:40:07,202020,107120,447525,4.10,12.66,2026-10-06,24250,3250,3250,520,1059.70,0.00,23140.50,0.01610
84791,2026-09-26 00:40:07,879320,743535,996190,3.60,13.06,2026-10-06,24300,15665,6240,22035,1106.20,0.00,23140.50,0.01780
84792,2026-09-26 00:40:07,57850,56225,117195,3.25,13.24,2026-10-06,24350,585,0,650,1150.00,0.00,23140.50,0.01010
84793,2026-09-26 00:40:07,367640,249600,689260,2.95,13.55,2026-10-06,24400,11310,3705,9555,1204.80,0.00,23140.50,0.03080
84794,2026-09-26 00:40:07,51480,37505,51025,3.15,13.79,2026-10-06,24450,195,0,845,1230.00,0.00,23140.50,0.00380
84795,2026-09-26 00:40:07,1187485,582270,2111850,2.40,14.16,2026-10-06,24500,43225,35750,11375,1303.00,0.00,23140.50,0.03640
84796,2026-09-26 00:40:07,29510,24570,38805,2.80,14.83,2026-10-06,24550,130,130,0,1259.90,0.00,23140.50,0.00440
84797,2026-09-26 00:40:07,653510,213005,1097850,2.05,14.65,2026-10-06,24600,2275,1040,1300,1397.00,0.00,23140.50,0.00350
84798,2026-09-26 00:40:07,33475,6955,64480,1.90,15.01,2026-10-06,24650,3315,3185,715,1450.00,0.00,23140.50,0.09900
84799,2026-09-26 00:40:07,621985,104975,1272830,1.65,15.14,2026-10-06,24700,390,195,260,1575.00,29.10,23140.50,0.00060
84800,2026-09-26 00:40:07,35815,5525,64610,1.75,15.50,2026-10-06,24750,195,195,0,1438.50,0.00,23140.50,0.00540
84801,2026-09-26 00:40:07,591240,283725,1191905,1.50,15.75,2026-10-06,24800,15470,15340,260,1600.00,0.00,23140.50,0.02620
84802,2026-09-26 00:40:07,48750,47515,43745,1.40,16.11,2026-10-06,24850,195,195,65,1645.00,0.00,23140.50,0.00400
84803,2026-09-26 00:40:07,138970,98150,338325,1.35,16.72,2026-10-06,24900,0,0,0,0.00,0.00,23140.50,0.00000
84804,2026-09-26 00:40:07,25350,8645,43875,1.30,16.72,2026-10-06,24950,130,65,0,1475.85,0.00,23140.50,0.00510
84805,2026-09-26 00:40:07,1999920,392665,3348865,1.65,17.70,2026-10-06,25000,29900,12740,19565,1798.00,0.00,23140.50,0.01500
84806,2026-09-26 00:40:07,12285,5070,23140,1.75,18.19,2026-10-06,25050,0,0,65,1932.00,34.62,23140.50,0.00000
84807,2026-09-26 00:40:07,41795,27300,144560,1.30,17.94,2026-10-06,25100,65,0,130,1980.00,34.99,23140.50,0.00160
84808,2026-09-26 00:40:07,5525,7540,17680,1.20,18.19,2026-10-06,25150,0,0,0,0.00,0.00,23140.50,0.00000
84809,2026-09-26 00:40:07,31395,23530,225420,1.35,18.80,2026-10-06,25200,0,0,65,2080.00,36.25,23140.50,0.00000
84810,2026-09-26 00:40:07,3640,3380,7215,1.45,19.41,2026-10-06,25250,0,0,0,0.00,0.00,23140.50,0.00000
84811,2026-09-26 00:40:07,63180,63440,145145,1.00,19.04,2026-10-06,25300,0,0,0,0.00,0.00,23140.50,0.00000
84812,2026-09-26 00:40:07,2470,2795,2925,2.20,21.12,2026-10-06,25350,0,0,0,0.00,0.00,23140.50,0.00000
84813,2026-09-26 00:40:07,11375,12155,16055,1.00,19.78,2026-10-06,25400,65,65,0,1925.00,0.00,23140.50,0.00570
84814,2026-09-26 00:40:07,1560,1365,3250,1.00,20.14,2026-10-06,25450,0,0,0,0.00,0.00,23140.50,0.00000
84815,2026-09-26 00:40:07,133250,90155,147745,0.95,20.51,2026-10-06,25500,17485,14950,2730,2282.50,0.00,23140.50,0.13120
84816,2026-09-26 00:40:07,4420,2145,9945,1.00,20.75,2026-10-06,25550,0,0,0,0.00,0.00,23140.50,0.00000
84817,2026-09-26 00:40:07,98150,9490,115375,0.95,21.24,2026-10-06,25600,0,0,130,2443.05,33.57,23140.50,0.00000
84818,2026-09-26 00:40:07,4680,4485,4030,0.90,21.48,2026-10-06,25650,0,0,0,0.00,0.00,23140.50,0.00000
84819,2026-09-26 00:40:07,34255,10595,39000,0.90,21.73,2026-10-06,25700,520,0,715,2575.00,41.11,23140.50,0.01520
84820,2026-09-26 00:40:07,22685,6110,20085,0.90,22.95,2026-10-06,25750,0,0,0,0.00,0.00,23140.50,0.00000
84821,2026-09-26 00:40:07,117520,89635,101660,1.00,22.71,2026-10-06,25800,1040,650,455,2670.00,41.89,23140.50,0.00880
85053,2026-09-26 00:45:06,0,0,0,0.00,0.00,2026-10-06,20800,1916850,0,2739100,3.40,26.98,23140.50,
85054,2026-09-26 00:45:06,0,0,0,0.00,0.00,2026-10-06,20850,1495,0,4160,3.95,26.86,23140.50,
85055,2026-09-26 00:45:06,0,0,0,0.00,0.00,2026-10-06,20900,15080,0,20540,4.35,26.61,23140.50,
85056,2026-09-26 00:45:06,0,0,0,0.00,0.00,2026-10-06,20950,1170,0,4095,3.30,25.15,23140.50,
85057,2026-09-26 00:45:06,0,0,0,0.00,0.00,2026-10-06,21000,769405,0,1514695,3.90,25.15,23140.50,
85058,2026-09-26 00:45:06,0,0,0,0.00,0.00,2026-10-06,21050,1235,0,6045,3.85,24.60,23140.50,
85059,2026-09-26 00:45:06,0,0,0,0.00,0.00,2026-10-06,21100,6045,0,10335,4.00,24.17,23140.50,
85060,2026-09-26 00:45:06,0,0,0,0.00,0.00,2026-10-06,21150,1300,0,1755,4.00,23.68,23140.50,
85061,2026-09-26 00:45:06,0,0,0,0.00,0.00,2026-10-06,21200,91195,0,368485,4.55,23.56,23140.50,
85062,2026-09-26 00:45:06,0,0,0,0.00,0.00,2026-10-06,21250,3380,0,20475,6.85,24.41,23140.50,
85063,2026-09-26 00:45:06,0,0,0,0.00,0.00,2026-10-06,21300,182390,0,794430,4.45,22.40,23140.50,
85064,2026-09-26 00:45:06,0,0,0,0.00,0.00,2026-10-06,21350,601315,607750,614510,5.40,22.52,23140.50,
85065,2026-09-26 00:45:06,0,0,0,0.00,0.00,2026-10-06,21400,1257555,1249105,1863095,5.45,21.73,23140.50,
85066,2026-09-26 00:45:06,0,0,0,0.00,0.00,2026-10-06,21450,33410,35750,19695,5.25,21.24,23140.50,
85067,2026-09-26 00:45:06,0,0,0,0.00,0.00,2026-10-06,21500,1262755,741715,2272595,5.40,20.69,23140.50,
85068,2026-09-26 00:45:06,0,0,0,0.00,0.00,2026-10-06,21550,17160,5460,66625,5.60,20.39,23140.50,
85069,2026-09-26 00:45:06,0,0,0,0.00,0.00,2026-10-06,21600,242710,125905,861445,5.40,19.71,23140.50,
85070,2026-09-26 00:45:06,0,0,0,0.00,0.00,2026-10-06,21650,36205,8580,121290,5.00,18.98,23140.50,
85071,2026-09-26 00:45:06,0,0,0,0.00,0.00,2026-10-06,21700,267280,199290,744835,6.05,18.95,23140.50,
85072,2026-09-26 00:45:06,0,0,0,0.00,0.00,2026-10-06,21750,46930,47515,110890,6.80,18.74,23140.50,
85073,2026-09-26 00:45:06,0,0,65,1408.60,22.80,2026-10-06,21800,463645,350805,721435,7.00,18.07,23140.50,
85074,2026-09-26 00:45:06,0,0,0,0.00,0.00,2026-10-06,21850,42250,34385,103935,8.15,17.67,23140.50,
85075,2026-09-26 00:45:06,0,0,0,0.00,0.00,2026-10-06,21900,230945,149695,696995,7.45,17.33,23140.50,
85076,2026-09-26 00:45:06,0,0,0,0.00,0.00,2026-10-06,21950,172250,32500,346320,7.90,17.03,23140.50,
85077,2026-09-26 00:45:06,44655,36075,11895,1191.20,15.32,2026-10-06,22000,1202760,697320,3170570,8.25,16.54,23140.50,26.93450
85078,2026-09-26 00:45:06,0,0,0,0.00,0.00,2026-10-06,22050,131235,42445,361985,8.95,16.05,23140.50,
85079,2026-09-26 00:45:06,195,195,0,1031.80,0.00,2026-10-06,22100,399295,199810,1235780,9.60,15.72,23140.50,2047.66670
85080,2026-09-26 00:45:06,0,0,65,1063.35,19.33,2026-10-06,22150,70720,18460,327210,10.05,15.23,23140.50,
85081,2026-09-26 00:45:06,0,0,0,0.00,0.00,2026-10-06,22200,1289340,413985,2838745,11.50,14.94,23140.50,
85082,2026-09-26 00:45:06,0,0,0,0.00,0.00,2026-10-06,22250,192270,111280,595075,11.70,14.39,23140.50,
85083,2026-09-26 00:45:06,910,325,1820,909.70,16.16,2026-10-06,22300,432900,306735,2013895,13.20,14.10,23140.50,475.71430
85084,2026-09-26 00:45:06,0,0,65,810.65,0.00,2026-10-06,22350,133120,98410,385905,14.70,13.78,23140.50,
85085,2026-09-26 00:45:06,260,0,390,811.50,15.01,2026-10-06,22400,1214005,557310,2801045,15.80,13.34,23140.50,4669.25000
85086,2026-09-26 00:45:06,65,0,260,756.50,13.95,2026-10-06,22450,288340,111020,805740,17.65,13.00,23140.50,4436.00000
85087,2026-09-26 00:45:06,97175,31590,136240,709.00,13.18,2026-10-06,22500,1821495,1457885,4354805,20.40,12.71,23140.50,18.74450
85088,2026-09-26 00:45:06,1690,260,3055,657.50,12.24,2026-10-06,22550,241085,109200,1213095,23.50,12.50,23140.50,142.65380
85089,2026-09-26 00:45:06,63505,20280,62205,613.00,12.27,2026-10-06,22600,1070810,995410,3314350,26.75,12.15,23140.50,16.86180
85090,2026-09-26 00:45:06,4030,130,5265,579.20,13.34,2026-10-06,22650,179270,152620,686270,30.00,11.90,23140.50,44.48390
85091,2026-09-26 00:45:06,118885,23140,229385,532.70,12.86,2026-10-06,22700,1234155,629005,4410575,35.60,11.69,23140.50,10.38110
85092,2026-09-26 00:45:06,9165,4680,19825,483.80,12.09,2026-10-06,22750,443950,188045,1096810,41.30,11.44,23140.50,48.43970
85093,2026-09-26 00:45:06,169390,142155,261105,443.40,12.05,2026-10-06,22800,1175655,902720,4526730,50.25,11.23,23140.50,6.94050
85094,2026-09-26 00:45:06,63700,57720,64805,401.10,11.75,2026-10-06,22850,150605,95810,1024400,57.25,11.09,23140.50,2.36430
85095,2026-09-26 00:45:06,308945,264290,654615,368.30,12.08,2026-10-06,22900,709345,532220,3233230,67.00,10.93,23140.50,2.29600
85096,2026-09-26 00:45:06,65455,62595,137735,327.90,11.39,2026-10-06,22950,212290,171080,1038115,79.70,10.80,23140.50,3.24330
85097,2026-09-26 00:45:06,863135,585585,5088785,285.25,11.08,2026-10-06,23000,2122315,1451840,9129055,91.55,10.60,23140.50,2.45880
85098,2026-09-26 00:45:06,473785,82290,2207985,255.00,10.99,2026-10-06,23050,603720,157625,2939690,109.40,10.54,23140.50,1.27420
85099,2026-09-26 00:45:06,1970085,822380,8880885,220.35,10.86,2026-10-06,23100,2367755,874575,10208900,123.05,10.35,23140.50,1.20190
85100,2026-09-26 00:45:06,295360,184600,1986140,191.60,10.80,2026-10-06,23150,306215,161265,1895010,146.50,9.99,23140.50,1.03680
85101,2026-09-26 00:45:06,2191865,1463670,8279700,164.90,10.70,2026-10-06,23200,1790620,1149135,4715750,166.85,10.02,23140.50,0.81690
85102,2026-09-26 00:45:06,447850,443105,1918020,141.00,10.66,2026-10-06,23250,216710,177710,671385,194.95,10.00,23140.50,0.48390
85103,2026-09-26 00:45:06,2604420,1817205,6476665,118.00,10.51,2026-10-06,23300,1962350,1312740,2907710,224.70,9.98,23140.50,0.75350
85104,2026-09-26 00:45:06,407095,224315,1830075,101.30,10.61,2026-10-06,23350,140140,175045,330135,253.20,9.79,23140.50,0.34420
85105,2026-09-26 00:45:06,2020005,1631305,6297525,81.00,10.28,2026-10-06,23400,860470,784030,770575,282.20,9.45,23140.50,0.42600
85106,2026-09-26 00:45:06,415415,256295,1639560,65.30,10.21,2026-10-06,23450,69485,53560,78130,318.00,9.32,23140.50,0.16730
85107,2026-09-26 00:45:06,2765035,1654510,9051250,51.60,10.15,2026-10-06,23500,828230,788060,821015,357.65,9.37,23140.50,0.29950
85108,2026-09-26 00:45:06,423735,251940,1810640,41.55,10.07,2026-10-06,23550,31200,24570,22685,400.60,9.58,23140.50,0.07360
85109,2026-09-26 00:45:06,1138605,1160575,4438655,32.55,10.06,2026-10-06,23600,119990,122395,138515,437.50,8.98,23140.50,0.10540
85110,2026-09-26 00:45:06,384020,402675,1623765,26.30,9.99,2026-10-06,23650,16055,17485,10920,472.40,7.45,23140.50,0.04180
85111,2026-09-26 00:45:06,1353365,902070,4171765,20.00,10.01,2026-10-06,23700,140530,78975,99450,524.40,8.45,23140.50,0.10380
85112,2026-09-26 00:45:06,390390,250835,1097070,16.75,10.21,2026-10-06,23750,13650,13585,2470,568.00,7.48,23140.50,0.03500
85113,2026-09-26 00:45:06,1111045,912340,3792750,12.80,10.24,2026-10-06,23800,120185,87490,58045,612.50,0.00,23140.50,0.10820
85114,2026-09-26 00:45:06,319540,255905,978965,11.00,10.47,2026-10-06,23850,6305,5850,1235,663.80,0.00,23140.50,0.01970
85115,2026-09-26 00:45:06,920530,569790,2745665,9.30,10.68,2026-10-06,23900,64805,50505,21970,714.60,6.71,23140.50,0.07040
85116,2026-09-26 00:45:06,488670,358475,798135,7.80,10.88,2026-10-06,23950,38285,35295,3510,766.55,8.91,23140.50,0.07830
85117,2026-09-26 00:45:06,2266420,1777035,4798950,7.00,11.17,2026-10-06,24000,181480,129545,87295,806.15,0.00,23140.50,0.08010
85118,2026-09-26 00:45:06,169975,201565,544960,6.30,11.54,2026-10-06,24050,2990,520,2860,841.90,0.00,23140.50,0.01760
85119,2026-09-26 00:45:06,654030,859235,1634165,5.35,11.75,2026-10-06,24100,15795,5005,12415,910.00,0.00,23140.50,0.02420
85120,2026-09-26 00:45:06,85605,106600,446810,4.85,12.05,2026-10-06,24150,1430,195,1365,960.00,0.00,23140.50,0.01670
85121,2026-09-26 00:45:06,545870,604045,1656980,4.55,12.45,2026-10-06,24200,10790,3250,8385,1009.00,0.00,23140.50,0.01980
85122,2026-09-26 00:45:06,202020,107120,447525,4.10,12.66,2026-10-06,24250,3250,3250,520,1059.70,0.00,23140.50,0.01610
85123,2026-09-26 00:45:06,879320,743535,996190,3.60,13.06,2026-10-06,24300,15665,6240,22035,1106.20,0.00,23140.50,0.01780
85124,2026-09-26 00:45:06,57850,56225,117195,3.25,13.24,2026-10-06,24350,585,0,650,1150.00,0.00,23140.50,0.01010
85125,2026-09-26 00:45:06,367640,249600,689260,2.95,13.55,2026-10-06,24400,11310,3705,9555,1204.80,0.00,23140.50,0.03080
85126,2026-09-26 00:45:06,51480,37505,51025,3.15,13.79,2026-10-06,24450,195,0,845,1230.00,0.00,23140.50,0.00380
85127,2026-09-26 00:45:06,1187485,582270,2111850,2.40,14.16,2026-10-06,24500,43225,35750,11375,1303.00,0.00,23140.50,0.03640
85128,2026-09-26 00:45:06,29510,24570,38805,2.80,14.83,2026-10-06,24550,130,130,0,1259.90,0.00,23140.50,0.00440
85129,2026-09-26 00:45:06,653510,213005,1097850,2.05,14.65,2026-10-06,24600,2275,1040,1300,1397.00,0.00,23140.50,0.00350
85130,2026-09-26 00:45:06,33475,6955,64480,1.90,15.01,2026-10-06,24650,3315,3185,715,1450.00,0.00,23140.50,0.09900
85131,2026-09-26 00:45:06,621985,104975,1272830,1.65,15.14,2026-10-06,24700,390,195,260,1575.00,29.10,23140.50,0.00060
85132,2026-09-26 00:45:06,35815,5525,64610,1.75,15.50,2026-10-06,24750,195,195,0,1438.50,0.00,23140.50,0.00540
85133,2026-09-26 00:45:06,591240,283725,1191905,1.50,15.75,2026-10-06,24800,15470,15340,260,1600.00,0.00,23140.50,0.02620
85134,2026-09-26 00:45:06,48750,47515,43745,1.40,16.11,2026-10-06,24850,195,195,65,1645.00,0.00,23140.50,0.00400
85135,2026-09-26 00:45:06,138970,98150,338325,1.35,16.72,2026-10-06,24900,0,0,0,0.00,0.00,23140.50,0.00000
85136,2026-09-26 00:45:06,25350,8645,43875,1.30,16.72,2026-10-06,24950,130,65,0,1475.85,0.00,23140.50,0.00510
85137,2026-09-26 00:45:06,1999920,392665,3348865,1.65,17.70,2026-10-06,25000,29900,12740,19565,1798.00,0.00,23140.50,0.01500
85138,2026-09-26 00:45:06,12285,5070,23140,1.75,18.19,2026-10-06,25050,0,0,65,1932.00,34.62,23140.50,0.00000
85139,2026-09-26 00:45:06,41795,27300,144560,1.30,17.94,2026-10-06,25100,65,0,130,1980.00,34.99,23140.50,0.00160
85140,2026-09-26 00:45:06,5525,7540,17680,1.20,18.19,2026-10-06,25150,0,0,0,0.00,0.00,23140.50,0.00000
85141,2026-09-26 00:45:06,31395,23530,225420,1.35,18.80,2026-10-06,25200,0,0,65,2080.00,36.25,23140.50,0.00000
85142,2026-09-26 00:45:06,3640,3380,7215,1.45,19.41,2026-10-06,25250,0,0,0,0.00,0.00,23140.50,0.00000
85143,2026-09-26 00:45:06,63180,63440,145145,1.00,19.04,2026-10-06,25300,0,0,0,0.00,0.00,23140.50,0.00000
85144,2026-09-26 00:45:06,2470,2795,2925,2.20,21.12,2026-10-06,25350,0,0,0,0.00,0.00,23140.50,0.00000
85145,2026-09-26 00:45:06,11375,12155,16055,1.00,19.78,2026-10-06,25400,65,65,0,1925.00,0.00,23140.50,0.00570
85146,2026-09-26 00:45:06,1560,1365,3250,1.00,20.14,2026-10-06,25450,0,0,0,0.00,0.00,23140.50,0.00000
85147,2026-09-26 00:45:06,133250,90155,147745,0.95,20.51,2026-10-06,25500,17485,14950,2730,2282.50,0.00,23140.50,0.13120
85148,2026-09-26 00:45:06,4420,2145,9945,1.00,20.75,2026-10-06,25550,0,0,0,0.00,0.00,23140.50,0.00000
85149,2026-09-26 00:45:06,98150,9490,115375,0.95,21.24,2026-10-06,25600,0,0,130,2443.05,33.57,23140.50,0.00000
85150,2026-09-26 00:45:06,4680,4485,4030,0.90,21.48,2026-10-06,25650,0,0,0,0.00,0.00,23140.50,0.00000
85151,2026-09-26 00:45:06,34255,10595,39000,0.90,21.73,2026-10-06,25700,520,0,715,2575.00,41.11,23140.50,0.01520
85152,2026-09-26 00:45:06,22685,6110,20085,0.90,22.95,2026-10-06,25750,0,0,0,0.00,0.00,23140.50,0.00000
85153,2026-09-26 00:45:06,117520,89635,101660,1.00,22.71,2026-10-06,25800,1040,650,455,2670.00,41.89,23140.50,0.00880
85385,2026-09-26 01:10:05,0,0,0,0.00,0.00,2026-10-06,20800,1916850,0,2739100,3.40,26.98,23140.50,
85386,2026-09-26 01:10:05,0,0,0,0.00,0.00,2026-10-06,20850,1495,0,4160,3.95,26.86,23140.50,
85387,2026-09-26 01:10:05,0,0,0,0.00,0.00,2026-10-06,20900,15080,0,20540,4.35,26.61,23140.50,
85388,2026-09-26 01:10:05,0,0,0,0.00,0.00,2026-10-06,20950,1170,0,4095,3.30,25.15,23140.50,
85389,2026-09-26 01:10:05,0,0,0,0.00,0.00,2026-10-06,21000,769405,0,1514695,3.90,25.15,23140.50,
85390,2026-09-26 01:10:05,0,0,0,0.00,0.00,2026-10-06,21050,1235,0,6045,3.85,24.60,23140.50,
85391,2026-09-26 01:10:05,0,0,0,0.00,0.00,2026-10-06,21100,6045,0,10335,4.00,24.17,23140.50,
85392,2026-09-26 01:10:05,0,0,0,0.00,0.00,2026-10-06,21150,1300,0,1755,4.00,23.68,23140.50,
85393,2026-09-26 01:10:05,0,0,0,0.00,0.00,2026-10-06,21200,91195,0,368485,4.55,23.56,23140.50,
85394,2026-09-26 01:10:05,0,0,0,0.00,0.00,2026-10-06,21250,3380,0,20475,6.85,24.41,23140.50,
85395,2026-09-26 01:10:05,0,0,0,0.00,0.00,2026-10-06,21300,182390,0,794430,4.45,22.40,23140.50,
85396,2026-09-26 01:10:05,0,0,0,0.00,0.00,2026-10-06,21350,601315,607750,614510,5.40,22.52,23140.50,
85397,2026-09-26 01:10:05,0,0,0,0.00,0.00,2026-10-06,21400,1257555,1249105,1863095,5.45,21.73,23140.50,
85398,2026-09-26 01:10:05,0,0,0,0.00,0.00,2026-10-06,21450,33410,35750,19695,5.25,21.24,23140.50,
85399,2026-09-26 01:10:05,0,0,0,0.00,0.00,2026-10-06,21500,1262755,741715,2272595,5.40,20.69,23140.50,
85400,2026-09-26 01:10:05,0,0,0,0.00,0.00,2026-10-06,21550,17160,5460,66625,5.60,20.39,23140.50,
85401,2026-09-26 01:10:05,0,0,0,0.00,0.00,2026-10-06,21600,242710,125905,861445,5.40,19.71,23140.50,
85402,2026-09-26 01:10:05,0,0,0,0.00,0.00,2026-10-06,21650,36205,8580,121290,5.00,18.98,23140.50,
85403,2026-09-26 01:10:05,0,0,0,0.00,0.00,2026-10-06,21700,267280,199290,744835,6.05,18.95,23140.50,
85404,2026-09-26 01:10:05,0,0,0,0.00,0.00,2026-10-06,21750,46930,47515,110890,6.80,18.74,23140.50,
85405,2026-09-26 01:10:05,0,0,65,1408.60,22.80,2026-10-06,21800,463645,350805,721435,7.00,18.07,23140.50,
85406,2026-09-26 01:10:05,0,0,0,0.00,0.00,2026-10-06,21850,42250,34385,103935,8.15,17.67,23140.50,
85407,2026-09-26 01:10:05,0,0,0,0.00,0.00,2026-10-06,21900,230945,149695,696995,7.45,17.33,23140.50,
85408,2026-09-26 01:10:05,0,0,0,0.00,0.00,2026-10-06,21950,172250,32500,346320,7.90,17.03,23140.50,
85409,2026-09-26 01:10:05,44655,36075,11895,1191.20,15.32,2026-10-06,22000,1202760,697320,3170570,8.25,16.54,23140.50,26.93450
85410,2026-09-26 01:10:05,0,0,0,0.00,0.00,2026-10-06,22050,131235,42445,361985,8.95,16.05,23140.50,
85411,2026-09-26 01:10:05,195,195,0,1031.80,0.00,2026-10-06,22100,399295,199810,1235780,9.60,15.72,23140.50,2047.66670
85412,2026-09-26 01:10:05,0,0,65,1063.35,19.33,2026-10-06,22150,70720,18460,327210,10.05,15.23,23140.50,
85413,2026-09-26 01:10:05,0,0,0,0.00,0.00,2026-10-06,22200,1289340,413985,2838745,11.50,14.94,23140.50,
85414,2026-09-26 01:10:05,0,0,0,0.00,0.00,2026-10-06,22250,192270,111280,595075,11.70,14.39,23140.50,
85415,2026-09-26 01:10:05,910,325,1820,909.70,16.16,2026-10-06,22300,432900,306735,2013895,13.20,14.10,23140.50,475.71430
85416,2026-09-26 01:10:05,0,0,65,810.65,0.00,2026-10-06,22350,133120,98410,385905,14.70,13.78,23140.50,
85417,2026-09-26 01:10:05,260,0,390,811.50,15.01,2026-10-06,22400,1214005,557310,2801045,15.80,13.34,23140.50,4669.25000
85418,2026-09-26 01:10:05,65,0,260,756.50,13.95,2026-10-06,22450,288340,111020,805740,17.65,13.00,23140.50,4436.00000
85419,2026-09-26 01:10:05,97175,31590,136240,709.00,13.18,2026-10-06,22500,1821495,1457885,4354805,20.40,12.71,23140.50,18.74450
85420,2026-09-26 01:10:05,1690,260,3055,657.50,12.24,2026-10-06,22550,241085,109200,1213095,23.50,12.50,23140.50,142.65380
85421,2026-09-26 01:10:05,63505,20280,62205,613.00,12.27,2026-10-06,22600,1070810,995410,3314350,26.75,12.15,23140.50,16.86180
85422,2026-09-26 01:10:05,4030,130,5265,579.20,13.34,2026-10-06,22650,179270,152620,686270,30.00,11.90,23140.50,44.48390
85423,2026-09-26 01:10:05,118885,23140,229385,532.70,12.86,2026-10-06,22700,1234155,629005,4410575,35.60,11.69,23140.50,10.38110
85424,2026-09-26 01:10:05,9165,4680,19825,483.80,12.09,2026-10-06,22750,443950,188045,1096810,41.30,11.44,23140.50,48.43970
85425,2026-09-26 01:10:05,169390,142155,261105,443.40,12.05,2026-10-06,22800,1175655,902720,4526730,50.25,11.23,23140.50,6.94050
85426,2026-09-26 01:10:05,63700,57720,64805,401.10,11.75,2026-10-06,22850,150605,95810,1024400,57.25,11.09,23140.50,2.36430
85427,2026-09-26 01:10:05,308945,264290,654615,368.30,12.08,2026-10-06,22900,709345,532220,3233230,67.00,10.93,23140.50,2.29600
85428,2026-09-26 01:10:05,65455,62595,137735,327.90,11.39,2026-10-06,22950,212290,171080,1038115,79.70,10.80,23140.50,3.24330
85429,2026-09-26 01:10:05,863135,585585,5088785,285.25,11.08,2026-10-06,23000,2122315,1451840,9129055,91.55,10.60,23140.50,2.45880
85430,2026-09-26 01:10:05,473785,82290,2207985,255.00,10.99,2026-10-06,23050,603720,157625,2939690,109.40,10.54,23140.50,1.27420
85431,2026-09-26 01:10:05,1970085,822380,8880885,220.35,10.86,2026-10-06,23100,2367755,874575,10208900,123.05,10.35,23140.50,1.20190
85432,2026-09-26 01:10:05,295360,184600,1986140,191.60,10.80,2026-10-06,23150,306215,161265,1895010,146.50,9.99,23140.50,1.03680
85433,2026-09-26 01:10:05,2191865,1463670,8279700,164.90,10.70,2026-10-06,23200,1790620,1149135,4715750,166.85,10.02,23140.50,0.81690
85434,2026-09-26 01:10:05,447850,443105,1918020,141.00,10.66,2026-10-06,23250,216710,177710,671385,194.95,10.00,23140.50,0.48390
85435,2026-09-26 01:10:05,2604420,1817205,6476665,118.00,10.51,2026-10-06,23300,1962350,1312740,2907710,224.70,9.98,23140.50,0.75350
85436,2026-09-26 01:10:05,407095,224315,1830075,101.30,10.61,2026-10-06,23350,140140,175045,330135,253.20,9.79,23140.50,0.34420
85437,2026-09-26 01:10:05,2020005,1631305,6297525,81.00,10.28,2026-10-06,23400,860470,784030,770575,282.20,9.45,23140.50,0.42600
85438,2026-09-26 01:10:05,415415,256295,1639560,65.30,10.21,2026-10-06,23450,69485,53560,78130,318.00,9.32,23140.50,0.16730
85439,2026-09-26 01:10:05,2765035,1654510,9051250,51.60,10.15,2026-10-06,23500,828230,788060,821015,357.65,9.37,23140.50,0.29950
85440,2026-09-26 01:10:05,423735,251940,1810640,41.55,10.07,2026-10-06,23550,31200,24570,22685,400.60,9.58,23140.50,0.07360
85441,2026-09-26 01:10:05,1138605,1160575,4438655,32.55,10.06,2026-10-06,23600,119990,122395,138515,437.50,8.98,23140.50,0.10540
85442,2026-09-26 01:10:05,384020,402675,1623765,26.30,9.99,2026-10-06,23650,16055,17485,10920,472.40,7.45,23140.50,0.04180
85443,2026-09-26 01:10:05,1353365,902070,4171765,20.00,10.01,2026-10-06,23700,140530,78975,99450,524.40,8.45,23140.50,0.10380
85444,2026-09-26 01:10:05,390390,250835,1097070,16.75,10.21,2026-10-06,23750,13650,13585,2470,568.00,7.48,23140.50,0.03500
85445,2026-09-26 01:10:05,1111045,912340,3792750,12.80,10.24,2026-10-06,23800,120185,87490,58045,612.50,0.00,23140.50,0.10820
85446,2026-09-26 01:10:05,319540,255905,978965,11.00,10.47,2026-10-06,23850,6305,5850,1235,663.80,0.00,23140.50,0.01970
85447,2026-09-26 01:10:05,920530,569790,2745665,9.30,10.68,2026-10-06,23900,64805,50505,21970,714.60,6.71,23140.50,0.07040
85448,2026-09-26 01:10:05,488670,358475,798135,7.80,10.88,2026-10-06,23950,38285,35295,3510,766.55,8.91,23140.50,0.07830
85449,2026-09-26 01:10:05,2266420,1777035,4798950,7.00,11.17,2026-10-06,24000,181480,129545,87295,806.15,0.00,23140.50,0.08010
85450,2026-09-26 01:10:05,169975,201565,544960,6.30,11.54,2026-10-06,24050,2990,520,2860,841.90,0.00,23140.50,0.01760
85451,2026-09-26 01:10:05,654030,859235,1634165,5.35,11.75,2026-10-06,24100,15795,5005,12415,910.00,0.00,23140.50,0.02420
85452,2026-09-26 01:10:05,85605,106600,446810,4.85,12.05,2026-10-06,24150,1430,195,1365,960.00,0.00,23140.50,0.01670
85453,2026-09-26 01:10:05,545870,604045,1656980,4.55,12.45,2026-10-06,24200,10790,3250,8385,1009.00,0.00,23140.50,0.01980
85454,2026-09-26 01:10:05,202020,107120,447525,4.10,12.66,2026-10-06,24250,3250,3250,520,1059.70,0.00,23140.50,0.01610
85455,2026-09-26 01:10:05,879320,743535,996190,3.60,13.06,2026-10-06,24300,15665,6240,22035,1106.20,0.00,23140.50,0.01780
85456,2026-09-26 01:10:05,57850,56225,117195,3.25,13.24,2026-10-06,24350,585,0,650,1150.00,0.00,23140.50,0.01010
85457,2026-09-26 01:10:05,367640,249600,689260,2.95,13.55,2026-10-06,24400,11310,3705,9555,1204.80,0.00,23140.50,0.03080
85458,2026-09-26 01:10:05,51480,37505,51025,3.15,13.79,2026-10-06,24450,195,0,845,1230.00,0.00,23140.50,0.00380
85459,2026-09-26 01:10:05,1187485,582270,2111850,2.40,14.16,2026-10-06,24500,43225,35750,11375,1303.00,0.00,23140.50,0.03640
85460,2026-09-26 01:10:05,29510,24570,38805,2.80,14.83,2026-10-06,24550,130,130,0,1259.90,0.00,23140.50,0.00440
85461,2026-09-26 01:10:05,653510,213005,1097850,2.05,14.65,2026-10-06,24600,2275,1040,1300,1397.00,0.00,23140.50,0.00350
85462,2026-09-26 01:10:05,33475,6955,64480,1.90,15.01,2026-10-06,24650,3315,3185,715,1450.00,0.00,23140.50,0.09900
85463,2026-09-26 01:10:05,621985,104975,1272830,1.65,15.14,2026-10-06,24700,390,195,260,1575.00,29.10,23140.50,0.00060
85464,2026-09-26 01:10:05,35815,5525,64610,1.75,15.50,2026-10-06,24750,195,195,0,1438.50,0.00,23140.50,0.00540
85465,2026-09-26 01:10:05,591240,283725,1191905,1.50,15.75,2026-10-06,24800,15470,15340,260,1600.00,0.00,23140.50,0.02620
85466,2026-09-26 01:10:05,48750,47515,43745,1.40,16.11,2026-10-06,24850,195,195,65,1645.00,0.00,23140.50,0.00400
85467,2026-09-26 01:10:05,138970,98150,338325,1.35,16.72,2026-10-06,24900,0,0,0,0.00,0.00,23140.50,0.00000
85468,2026-09-26 01:10:05,25350,8645,43875,1.30,16.72,2026-10-06,24950,130,65,0,1475.85,0.00,23140.50,0.00510
85469,2026-09-26 01:10:05,1999920,392665,3348865,1.65,17.70,2026-10-06,25000,29900,12740,19565,1798.00,0.00,23140.50,0.01500
85470,2026-09-26 01:10:05,12285,5070,23140,1.75,18.19,2026-10-06,25050,0,0,65,1932.00,34.62,23140.50,0.00000
85471,2026-09-26 01:10:05,41795,27300,144560,1.30,17.94,2026-10-06,25100,65,0,130,1980.00,34.99,23140.50,0.00160
85472,2026-09-26 01:10:05,5525,7540,17680,1.20,18.19,2026-10-06,25150,0,0,0,0.00,0.00,23140.50,0.00000
85473,2026-09-26 01:10:05,31395,23530,225420,1.35,18.80,2026-10-06,25200,0,0,65,2080.00,36.25,23140.50,0.00000
85474,2026-09-26 01:10:05,3640,3380,7215,1.45,19.41,2026-10-06,25250,0,0,0,0.00,0.00,23140.50,0.00000
85475,2026-09-26 01:10:05,63180,63440,145145,1.00,19.04,2026-10-06,25300,0,0,0,0.00,0.00,23140.50,0.00000
85476,2026-09-26 01:10:05,2470,2795,2925,2.20,21.12,2026-10-06,25350,0,0,0,0.00,0.00,23140.50,0.00000
85477,2026-09-26 01:10:05,11375,12155,16055,1.00,19.78,2026-10-06,25400,65,65,0,1925.00,0.00,23140.50,0.00570
85478,2026-09-26 01:10:05,1560,1365,3250,1.00,20.14,2026-10-06,25450,0,0,0,0.00,0.00,23140.50,0.00000
85479,2026-09-26 01:10:05,133250,90155,147745,0.95,20.51,2026-10-06,25500,17485,14950,2730,2282.50,0.00,23140.50,0.13120
85480,2026-09-26 01:10:05,4420,2145,9945,1.00,20.75,2026-10-06,25550,0,0,0,0.00,0.00,23140.50,0.00000
85481,2026-09-26 01:10:05,98150,9490,115375,0.95,21.24,2026-10-06,25600,0,0,130,2443.05,33.57,23140.50,0.00000
85482,2026-09-26 01:10:05,4680,4485,4030,0.90,21.48,2026-10-06,25650,0,0,0,0.00,0.00,23140.50,0.00000
85483,2026-09-26 01:10:05,34255,10595,39000,0.90,21.73,2026-10-06,25700,520,0,715,2575.00,41.11,23140.50,0.01520
85484,2026-09-26 01:10:05,22685,6110,20085,0.90,22.95,2026-10-06,25750,0,0,0,0.00,0.00,23140.50,0.00000
85485,2026-09-26 01:10:05,117520,89635,101660,1.00,22.71,2026-10-06,25800,1040,650,455,2670.00,41.89,23140.50,0.00880
85717,2026-09-28 01:10:06,0,0,0,0.00,0.00,2026-10-06,20800,1916850,0,2739100,3.40,26.98,23140.50,
85718,2026-09-28 01:10:06,0,0,0,0.00,0.00,2026-10-06,20850,1495,0,4160,3.95,26.86,23140.50,
85719,2026-09-28 01:10:06,0,0,0,0.00,0.00,2026-10-06,20900,15080,0,20540,4.35,26.61,23140.50,
85720,2026-09-28 01:10:06,0,0,0,0.00,0.00,2026-10-06,20950,1170,0,4095,3.30,25.15,23140.50,
85721,2026-09-28 01:10:06,0,0,0,0.00,0.00,2026-10-06,21000,769405,0,1514695,3.90,25.15,23140.50,
85722,2026-09-28 01:10:06,0,0,0,0.00,0.00,2026-10-06,21050,1235,0,6045,3.85,24.60,23140.50,
85723,2026-09-28 01:10:06,0,0,0,0.00,0.00,2026-10-06,21100,6045,0,10335,4.00,24.17,23140.50,
85724,2026-09-28 01:10:06,0,0,0,0.00,0.00,2026-10-06,21150,1300,0,1755,4.00,23.68,23140.50,
85725,2026-09-28 01:10:06,0,0,0,0.00,0.00,2026-10-06,21200,91195,0,368485,4.55,23.56,23140.50,
85726,2026-09-28 01:10:06,0,0,0,0.00,0.00,2026-10-06,21250,3380,0,20475,6.85,24.41,23140.50,
85727,2026-09-28 01:10:06,0,0,0,0.00,0.00,2026-10-06,21300,182390,0,794430,4.45,22.40,23140.50,
85728,2026-09-28 01:10:06,0,0,0,0.00,0.00,2026-10-06,21350,601315,607750,614510,5.40,22.52,23140.50,
85729,2026-09-28 01:10:06,0,0,0,0.00,0.00,2026-10-06,21400,1257555,1249105,1863095,5.45,21.73,23140.50,
85730,2026-09-28 01:10:06,0,0,0,0.00,0.00,2026-10-06,21450,33410,35750,19695,5.25,21.24,23140.50,
85731,2026-09-28 01:10:06,0,0,0,0.00,0.00,2026-10-06,21500,1262755,741715,2272595,5.40,20.69,23140.50,
85732,2026-09-28 01:10:06,0,0,0,0.00,0.00,2026-10-06,21550,17160,5460,66625,5.60,20.39,23140.50,
85733,2026-09-28 01:10:06,0,0,0,0.00,0.00,2026-10-06,21600,242710,125905,861445,5.40,19.71,23140.50,
85734,2026-09-28 01:10:06,0,0,0,0.00,0.00,2026-10-06,21650,36205,8580,121290,5.00,18.98,23140.50,
85735,2026-09-28 01:10:06,0,0,0,0.00,0.00,2026-10-06,21700,267280,199290,744835,6.05,18.95,23140.50,
85736,2026-09-28 01:10:06,0,0,0,0.00,0.00,2026-10-06,21750,46930,47515,110890,6.80,18.74,23140.50,
85737,2026-09-28 01:10:06,0,0,65,1408.60,22.80,2026-10-06,21800,463645,350805,721435,7.00,18.07,23140.50,
85738,2026-09-28 01:10:06,0,0,0,0.00,0.00,2026-10-06,21850,42250,34385,103935,8.15,17.67,23140.50,
85739,2026-09-28 01:10:06,0,0,0,0.00,0.00,2026-10-06,21900,230945,149695,696995,7.45,17.33,23140.50,
85740,2026-09-28 01:10:06,0,0,0,0.00,0.00,2026-10-06,21950,172250,32500,346320,7.90,17.03,23140.50,
85741,2026-09-28 01:10:06,44655,36075,11895,1191.20,15.32,2026-10-06,22000,1202760,697320,3170570,8.25,16.54,23140.50,26.93450
85742,2026-09-28 01:10:06,0,0,0,0.00,0.00,2026-10-06,22050,131235,42445,361985,8.95,16.05,23140.50,
85743,2026-09-28 01:10:06,195,195,0,1031.80,0.00,2026-10-06,22100,399295,199810,1235780,9.60,15.72,23140.50,2047.66670
85744,2026-09-28 01:10:06,0,0,65,1063.35,19.33,2026-10-06,22150,70720,18460,327210,10.05,15.23,23140.50,
85745,2026-09-28 01:10:06,0,0,0,0.00,0.00,2026-10-06,22200,1289340,413985,2838745,11.50,14.94,23140.50,
85746,2026-09-28 01:10:06,0,0,0,0.00,0.00,2026-10-06,22250,192270,111280,595075,11.70,14.39,23140.50,
85747,2026-09-28 01:10:06,910,325,1820,909.70,16.16,2026-10-06,22300,432900,306735,2013895,13.20,14.10,23140.50,475.71430
85748,2026-09-28 01:10:06,0,0,65,810.65,0.00,2026-10-06,22350,133120,98410,385905,14.70,13.78,23140.50,
85749,2026-09-28 01:10:06,260,0,390,811.50,15.01,2026-10-06,22400,1214005,557310,2801045,15.80,13.34,23140.50,4669.25000
85750,2026-09-28 01:10:06,65,0,260,756.50,13.95,2026-10-06,22450,288340,111020,805740,17.65,13.00,23140.50,4436.00000
85751,2026-09-28 01:10:06,97175,31590,136240,709.00,13.18,2026-10-06,22500,1821495,1457885,4354805,20.40,12.71,23140.50,18.74450
85752,2026-09-28 01:10:06,1690,260,3055,657.50,12.24,2026-10-06,22550,241085,109200,1213095,23.50,12.50,23140.50,142.65380
85753,2026-09-28 01:10:06,63505,20280,62205,613.00,12.27,2026-10-06,22600,1070810,995410,3314350,26.75,12.15,23140.50,16.86180
85754,2026-09-28 01:10:06,4030,130,5265,579.20,13.34,2026-10-06,22650,179270,152620,686270,30.00,11.90,23140.50,44.48390
85755,2026-09-28 01:10:06,118885,23140,229385,532.70,12.86,2026-10-06,22700,1234155,629005,4410575,35.60,11.69,23140.50,10.38110
85756,2026-09-28 01:10:06,9165,4680,19825,483.80,12.09,2026-10-06,22750,443950,188045,1096810,41.30,11.44,23140.50,48.43970
85757,2026-09-28 01:10:06,169390,142155,261105,443.40,12.05,2026-10-06,22800,1175655,902720,4526730,50.25,11.23,23140.50,6.94050
85758,2026-09-28 01:10:06,63700,57720,64805,401.10,11.75,2026-10-06,22850,150605,95810,1024400,57.25,11.09,23140.50,2.36430
85759,2026-09-28 01:10:06,308945,264290,654615,368.30,12.08,2026-10-06,22900,709345,532220,3233230,67.00,10.93,23140.50,2.29600
85760,2026-09-28 01:10:06,65455,62595,137735,327.90,11.39,2026-10-06,22950,212290,171080,1038115,79.70,10.80,23140.50,3.24330
85761,2026-09-28 01:10:06,863135,585585,5088785,285.25,11.08,2026-10-06,23000,2122315,1451840,9129055,91.55,10.60,23140.50,2.45880
85762,2026-09-28 01:10:06,473785,82290,2207985,255.00,10.99,2026-10-06,23050,603720,157625,2939690,109.40,10.54,23140.50,1.27420
85763,2026-09-28 01:10:06,1970085,822380,8880885,220.35,10.86,2026-10-06,23100,2367755,874575,10208900,123.05,10.35,23140.50,1.20190
85764,2026-09-28 01:10:06,295360,184600,1986140,191.60,10.80,2026-10-06,23150,306215,161265,1895010,146.50,9.99,23140.50,1.03680
85765,2026-09-28 01:10:06,2191865,1463670,8279700,164.90,10.70,2026-10-06,23200,1790620,1149135,4715750,166.85,10.02,23140.50,0.81690
85766,2026-09-28 01:10:06,447850,443105,1918020,141.00,10.66,2026-10-06,23250,216710,177710,671385,194.95,10.00,23140.50,0.48390
85767,2026-09-28 01:10:06,2604420,1817205,6476665,118.00,10.51,2026-10-06,23300,1962350,1312740,2907710,224.70,9.98,23140.50,0.75350
85768,2026-09-28 01:10:06,407095,224315,1830075,101.30,10.61,2026-10-06,23350,140140,175045,330135,253.20,9.79,23140.50,0.34420
85769,2026-09-28 01:10:06,2020005,1631305,6297525,81.00,10.28,2026-10-06,23400,860470,784030,770575,282.20,9.45,23140.50,0.42600
85770,2026-09-28 01:10:06,415415,256295,1639560,65.30,10.21,2026-10-06,23450,69485,53560,78130,318.00,9.32,23140.50,0.16730
85771,2026-09-28 01:10:06,2765035,1654510,9051250,51.60,10.15,2026-10-06,23500,828230,788060,821015,357.65,9.37,23140.50,0.29950
85772,2026-09-28 01:10:06,423735,251940,1810640,41.55,10.07,2026-10-06,23550,31200,24570,22685,400.60,9.58,23140.50,0.07360
85773,2026-09-28 01:10:06,1138605,1160575,4438655,32.55,10.06,2026-10-06,23600,119990,122395,138515,437.50,8.98,23140.50,0.10540
85774,2026-09-28 01:10:06,384020,402675,1623765,26.30,9.99,2026-10-06,23650,16055,17485,10920,472.40,7.45,23140.50,0.04180
85775,2026-09-28 01:10:06,1353365,902070,4171765,20.00,10.01,2026-10-06,23700,140530,78975,99450,524.40,8.45,23140.50,0.10380
85776,2026-09-28 01:10:06,390390,250835,1097070,16.75,10.21,2026-10-06,23750,13650,13585,2470,568.00,7.48,23140.50,0.03500
85777,2026-09-28 01:10:06,1111045,912340,3792750,12.80,10.24,2026-10-06,23800,120185,87490,58045,612.50,0.00,23140.50,0.10820
85778,2026-09-28 01:10:06,319540,255905,978965,11.00,10.47,2026-10-06,23850,6305,5850,1235,663.80,0.00,23140.50,0.01970
85779,2026-09-28 01:10:06,920530,569790,2745665,9.30,10.68,2026-10-06,23900,64805,50505,21970,714.60,6.71,23140.50,0.07040
85780,2026-09-28 01:10:06,488670,358475,798135,7.80,10.88,2026-10-06,23950,38285,35295,3510,766.55,8.91,23140.50,0.07830
85781,2026-09-28 01:10:06,2266420,1777035,4798950,7.00,11.17,2026-10-06,24000,181480,129545,87295,806.15,0.00,23140.50,0.08010
85782,2026-09-28 01:10:06,169975,201565,544960,6.30,11.54,2026-10-06,24050,2990,520,2860,841.90,0.00,23140.50,0.01760
85783,2026-09-28 01:10:06,654030,859235,1634165,5.35,11.75,2026-10-06,24100,15795,5005,12415,910.00,0.00,23140.50,0.02420
85784,2026-09-28 01:10:06,85605,106600,446810,4.85,12.05,2026-10-06,24150,1430,195,1365,960.00,0.00,23140.50,0.01670
85785,2026-09-28 01:10:06,545870,604045,1656980,4.55,12.45,2026-10-06,24200,10790,3250,8385,1009.00,0.00,23140.50,0.01980
85786,2026-09-28 01:10:06,202020,107120,447525,4.10,12.66,2026-10-06,24250,3250,3250,520,1059.70,0.00,23140.50,0.01610
85787,2026-09-28 01:10:06,879320,743535,996190,3.60,13.06,2026-10-06,24300,15665,6240,22035,1106.20,0.00,23140.50,0.01780
85788,2026-09-28 01:10:06,57850,56225,117195,3.25,13.24,2026-10-06,24350,585,0,650,1150.00,0.00,23140.50,0.01010
85789,2026-09-28 01:10:06,367640,249600,689260,2.95,13.55,2026-10-06,24400,11310,3705,9555,1204.80,0.00,23140.50,0.03080
85790,2026-09-28 01:10:06,51480,37505,51025,3.15,13.79,2026-10-06,24450,195,0,845,1230.00,0.00,23140.50,0.00380
85791,2026-09-28 01:10:06,1187485,582270,2111850,2.40,14.16,2026-10-06,24500,43225,35750,11375,1303.00,0.00,23140.50,0.03640
85792,2026-09-28 01:10:06,29510,24570,38805,2.80,14.83,2026-10-06,24550,130,130,0,1259.90,0.00,23140.50,0.00440
85793,2026-09-28 01:10:06,653510,213005,1097850,2.05,14.65,2026-10-06,24600,2275,1040,1300,1397.00,0.00,23140.50,0.00350
85794,2026-09-28 01:10:06,33475,6955,64480,1.90,15.01,2026-10-06,24650,3315,3185,715,1450.00,0.00,23140.50,0.09900
85795,2026-09-28 01:10:06,621985,104975,1272830,1.65,15.14,2026-10-06,24700,390,195,260,1575.00,29.10,23140.50,0.00060
85796,2026-09-28 01:10:06,35815,5525,64610,1.75,15.50,2026-10-06,24750,195,195,0,1438.50,0.00,23140.50,0.00540
85797,2026-09-28 01:10:06,591240,283725,1191905,1.50,15.75,2026-10-06,24800,15470,15340,260,1600.00,0.00,23140.50,0.02620
85798,2026-09-28 01:10:06,48750,47515,43745,1.40,16.11,2026-10-06,24850,195,195,65,1645.00,0.00,23140.50,0.00400
85799,2026-09-28 01:10:06,138970,98150,338325,1.35,16.72,2026-10-06,24900,0,0,0,0.00,0.00,23140.50,0.00000
85800,2026-09-28 01:10:06,25350,8645,43875,1.30,16.72,2026-10-06,24950,130,65,0,1475.85,0.00,23140.50,0.00510
85801,2026-09-28 01:10:06,1999920,392665,3348865,1.65,17.70,2026-10-06,25000,29900,12740,19565,1798.00,0.00,23140.50,0.01500
85802,2026-09-28 01:10:06,12285,5070,23140,1.75,18.19,2026-10-06,25050,0,0,65,1932.00,34.62,23140.50,0.00000
85803,2026-09-28 01:10:06,41795,27300,144560,1.30,17.94,2026-10-06,25100,65,0,130,1980.00,34.99,23140.50,0.00160
85804,2026-09-28 01:10:06,5525,7540,17680,1.20,18.19,2026-10-06,25150,0,0,0,0.00,0.00,23140.50,0.00000
85805,2026-09-28 01:10:06,31395,23530,225420,1.35,18.80,2026-10-06,25200,0,0,65,2080.00,36.25,23140.50,0.00000
85806,2026-09-28 01:10:06,3640,3380,7215,1.45,19.41,2026-10-06,25250,0,0,0,0.00,0.00,23140.50,0.00000
85807,2026-09-28 01:10:06,63180,63440,145145,1.00,19.04,2026-10-06,25300,0,0,0,0.00,0.00,23140.50,0.00000
85808,2026-09-28 01:10:06,2470,2795,2925,2.20,21.12,2026-10-06,25350,0,0,0,0.00,0.00,23140.50,0.00000
85809,2026-09-28 01:10:06,11375,12155,16055,1.00,19.78,2026-10-06,25400,65,65,0,1925.00,0.00,23140.50,0.00570
85810,2026-09-28 01:10:06,1560,1365,3250,1.00,20.14,2026-10-06,25450,0,0,0,0.00,0.00,23140.50,0.00000
85811,2026-09-28 01:10:06,133250,90155,147745,0.95,20.51,2026-10-06,25500,17485,14950,2730,2282.50,0.00,23140.50,0.13120
85812,2026-09-28 01:10:06,4420,2145,9945,1.00,20.75,2026-10-06,25550,0,0,0,0.00,0.00,23140.50,0.00000
85813,2026-09-28 01:10:06,98150,9490,115375,0.95,21.24,2026-10-06,25600,0,0,130,2443.05,33.57,23140.50,0.00000
85814,2026-09-28 01:10:06,4680,4485,4030,0.90,21.48,2026-10-06,25650,0,0,0,0.00,0.00,23140.50,0.00000
85815,2026-09-28 01:10:06,34255,10595,39000,0.90,21.73,2026-10-06,25700,520,0,715,2575.00,41.11,23140.50,0.01520
85816,2026-09-28 01:10:06,22685,6110,20085,0.90,22.95,2026-10-06,25750,0,0,0,0.00,0.00,23140.50,0.00000
85817,2026-09-28 01:10:06,117520,89635,101660,1.00,22.71,2026-10-06,25800,1040,650,455,2670.00,41.89,23140.50,0.00880
84158,2026-09-26 00:30:07,0,0,0,0.00,0.00,2026-10-13,20800,0,0,0,0.00,0.00,23140.50,
84159,2026-09-26 00:30:07,0,0,0,0.00,0.00,2026-10-13,20850,0,0,65,6.35,22.52,23140.50,
84160,2026-09-26 00:30:07,0,0,0,0.00,0.00,2026-10-13,20900,0,0,0,0.00,0.00,23140.50,
84161,2026-09-26 00:30:07,0,0,0,0.00,0.00,2026-10-13,20950,0,0,0,0.00,0.00,23140.50,
84162,2026-09-26 00:30:07,0,0,0,0.00,0.00,2026-10-13,21000,4030,0,7865,7.20,21.67,23140.50,
84163,2026-09-26 00:30:07,0,0,0,0.00,0.00,2026-10-13,21050,0,0,0,0.00,0.00,23140.50,
84164,2026-09-26 00:30:07,0,0,0,0.00,0.00,2026-10-13,21100,0,0,0,0.00,0.00,23140.50,
84165,2026-09-26 00:30:07,0,0,0,0.00,0.00,2026-10-13,21150,0,0,0,0.00,0.00,23140.50,
84166,2026-09-26 00:30:07,0,0,0,0.00,0.00,2026-10-13,21200,0,0,0,0.00,0.00,23140.50,
84167,2026-09-26 00:30:07,0,0,0,0.00,0.00,2026-10-13,21250,0,0,0,0.00,0.00,23140.50,
84168,2026-09-26 00:30:07,0,0,0,0.00,0.00,2026-10-13,21300,0,0,0,0.00,0.00,23140.50,
84169,2026-09-26 00:30:07,0,0,0,0.00,0.00,2026-10-13,21350,15080,8515,37505,8.30,18.98,23140.50,
84170,2026-09-26 00:30:07,0,0,0,0.00,0.00,2026-10-13,21400,17615,11180,19370,9.05,18.80,23140.50,
84171,2026-09-26 00:30:07,0,0,0,0.00,0.00,2026-10-13,21450,0,0,0,0.00,0.00,23140.50,
84172,2026-09-26 00:30:07,0,0,0,0.00,0.00,2026-10-13,21500,59670,44915,118820,10.05,18.16,23140.50,
84173,2026-09-26 00:30:07,0,0,0,0.00,0.00,2026-10-13,21550,0,0,0,0.00,0.00,23140.50,
84174,2026-09-26 00:30:07,0,0,0,0.00,0.00,2026-10-13,21600,5850,10010,24765,10.95,17.49,23140.50,
84175,2026-09-26 00:30:07,0,0,0,0.00,0.00,2026-10-13,21650,130,195,0,30.00,20.81,23140.50,
84176,2026-09-26 00:30:07,0,0,0,0.00,0.00,2026-10-13,21700,9035,11245,36270,11.00,16.60,23140.50,
84177,2026-09-26 00:30:07,0,0,0,0.00,0.00,2026-10-13,21750,5200,1495,10465,10.45,15.99,23140.50,
84178,2026-09-26 00:30:07,0,0,0,0.00,0.00,2026-10-13,21800,54665,42640,143715,14.15,16.37,23140.50,
84179,2026-09-26 00:30:07,0,0,0,0.00,0.00,2026-10-13,21850,5330,1625,14885,15.65,16.20,23140.50,
84180,2026-09-26 00:30:07,0,0,0,0.00,0.00,2026-10-13,21900,23595,13975,70265,15.15,15.66,23140.50,
84181,2026-09-26 00:30:07,0,0,0,0.00,0.00,2026-10-13,21950,3900,1820,10335,17.90,15.63,23140.50,
84182,2026-09-26 00:30:07,715,390,1950,1220.70,13.92,2026-10-13,22000,187590,157430,499460,17.40,15.09,23140.50,262.36360
84183,2026-09-26 00:30:07,0,0,0,0.00,0.00,2026-10-13,22050,6890,6435,5980,21.45,15.24,23140.50,
84184,2026-09-26 00:30:07,0,0,0,0.00,0.00,2026-10-13,22100,39845,31785,112580,21.55,14.72,23140.50,
84185,2026-09-26 00:30:07,0,0,0,0.00,0.00,2026-10-13,22150,10920,7020,16445,25.05,14.66,23140.50,
84186,2026-09-26 00:30:07,0,0,0,0.00,0.00,2026-10-13,22200,97435,67795,224250,25.00,14.28,23140.50,
84187,2026-09-26 00:30:07,0,0,0,0.00,0.00,2026-10-13,22250,12870,7215,22295,27.80,13.98,23140.50,
84188,2026-09-26 00:30:07,0,0,0,0.00,0.00,2026-10-13,22300,74425,54145,207025,31.05,13.78,23140.50,
84189,2026-09-26 00:30:07,0,0,0,0.00,0.00,2026-10-13,22350,12870,10660,19500,34.35,13.60,23140.50,
84190,2026-09-26 00:30:07,130,130,130,837.00,11.73,2026-10-13,22400,79365,53300,138515,38.30,13.42,23140.50,610.50000
84191,2026-09-26 00:30:07,0,0,0,0.00,0.00,2026-10-13,22450,11310,10205,17290,42.45,13.21,23140.50,
84192,2026-09-26 00:30:07,3120,1625,5655,754.55,12.45,2026-10-13,22500,259805,324610,718705,45.30,12.86,23140.50,83.27080
84193,2026-09-26 00:30:07,0,0,0,0.00,0.00,2026-10-13,22550,14300,15535,33020,52.35,12.76,23140.50,
84194,2026-09-26 00:30:07,0,0,0,0.00,0.00,2026-10-13,22600,105690,95615,243750,57.80,12.60,23140.50,
84195,2026-09-26 00:30:07,0,0,0,0.00,0.00,2026-10-13,22650,10270,5590,34775,65.00,12.46,23140.50,
84196,2026-09-26 00:30:07,2405,1495,4810,581.90,12.25,2026-10-13,22700,283270,211250,509210,71.35,12.20,23140.50,117.78380
84197,2026-09-26 00:30:07,0,0,0,0.00,0.00,2026-10-13,22750,18200,7345,46670,80.00,12.05,23140.50,
84198,2026-09-26 00:30:07,6045,6175,9620,501.40,11.77,2026-10-13,22800,158600,136175,487305,89.55,11.87,23140.50,26.23660
84199,2026-09-26 00:30:07,1365,1300,1040,425.00,9.57,2026-10-13,22850,19175,13325,43225,101.75,11.83,23140.50,14.04760
84200,2026-09-26 00:30:07,9295,6045,20345,425.60,11.57,2026-10-13,22900,74295,50960,283855,112.55,11.61,23140.50,7.99300
84201,2026-09-26 00:30:07,2665,3705,5785,393.20,11.67,2026-10-13,22950,20345,18135,45110,125.30,11.44,23140.50,7.63410
84202,2026-09-26 00:30:07,98995,65195,304460,359.65,11.61,2026-10-13,23000,267475,209495,541840,138.30,11.19,23140.50,2.70190
84203,2026-09-26 00:30:07,24895,11830,74555,324.40,11.39,2026-10-13,23050,25675,22685,95420,156.65,11.19,23140.50,1.03130
84204,2026-09-26 00:30:07,164645,38675,398320,288.70,11.38,2026-10-13,23100,193310,90870,473265,173.35,11.00,23140.50,1.17410
84205,2026-09-26 00:30:07,24505,20995,84240,262.15,11.15,2026-10-13,23150,24570,17225,67665,193.10,10.89,23140.50,1.00270
84206,2026-09-26 00:30:07,227565,112060,487890,233.40,11.02,2026-10-13,23200,258635,113620,529555,211.20,10.71,23140.50,1.13650
84207,2026-09-26 00:30:07,47840,44460,119470,208.45,10.99,2026-10-13,23250,26650,16575,36205,237.70,10.65,23140.50,0.55710
84208,2026-09-26 00:30:07,258050,217815,367380,181.55,10.78,2026-10-13,23300,128830,91715,142935,262.35,10.51,23140.50,0.49920
84209,2026-09-26 00:30:07,34255,43615,76050,160.00,10.74,2026-10-13,23350,11180,11505,11830,287.75,10.31,23140.50,0.32640
84210,2026-09-26 00:30:07,334100,236080,773240,137.50,10.57,2026-10-13,23400,128310,116350,73255,319.05,10.32,23140.50,0.38400
84211,2026-09-26 00:30:07,44850,36400,95745,119.00,10.50,2026-10-13,23450,17095,18330,8515,352.00,10.32,23140.50,0.38120
84212,2026-09-26 00:30:07,418015,322855,899600,101.75,10.46,2026-10-13,23500,172900,161720,92235,383.00,10.12,23140.50,0.41360
84213,2026-09-26 00:30:07,34060,27170,71825,87.00,10.36,2026-10-13,23550,9685,11960,3055,401.90,8.83,23140.50,0.28440
84214,2026-09-26 00:30:07,180440,127335,451620,73.00,10.25,2026-10-13,23600,38415,37115,10400,450.65,9.70,23140.50,0.21290
84215,2026-09-26 00:30:07,45565,38740,100035,62.50,10.28,2026-10-13,23650,7215,7540,1625,493.90,9.95,23140.50,0.15830
84216,2026-09-26 00:30:07,213720,179790,518115,53.00,10.28,2026-10-13,23700,11765,9230,7670,536.10,10.05,23140.50,0.05500
84217,2026-09-26 00:30:07,59930,53625,97825,44.65,10.28,2026-10-13,23750,4940,4940,325,549.90,6.64,23140.50,0.08240
84218,2026-09-26 00:30:07,245115,233805,461045,37.55,10.30,2026-10-13,23800,8515,8710,4095,617.30,9.70,23140.50,0.03470
84219,2026-09-26 00:30:07,79365,70200,74230,30.80,10.25,2026-10-13,23850,2210,2210,0,587.85,0.00,23140.50,0.02780
84220,2026-09-26 00:30:07,1365,0,2145,27.40,10.51,2026-10-13,23900,1560,1495,130,719.85,10.65,23140.50,1.14290
84221,2026-09-26 00:30:07,0,0,0,0.00,0.00,2026-10-13,23950,0,0,0,0.00,0.00,23140.50,
84222,2026-09-26 00:30:07,543400,418405,1159860,19.50,10.57,2026-10-13,24000,6825,6695,2535,792.00,8.21,23140.50,0.01260
84223,2026-09-26 00:30:07,127075,101010,215540,18.80,10.97,2026-10-13,24050,0,0,0,0.00,0.00,23140.50,0.00000
84224,2026-09-26 00:30:07,18330,0,31980,14.45,10.86,2026-10-13,24100,6630,6565,130,1020.65,20.92,23140.50,0.36170
84225,2026-09-26 00:30:07,0,0,0,0.00,0.00,2026-10-13,24150,130,65,0,654.00,0.00,23140.50,
84226,2026-09-26 00:30:07,268255,212030,382590,9.90,10.88,2026-10-13,24200,1235,780,975,999.25,11.47,23140.50,0.00460
84227,2026-09-26 00:30:07,19565,18590,6955,9.60,11.29,2026-10-13,24250,195,195,0,1053.40,11.84,23140.50,0.01000
84228,2026-09-26 00:30:07,71175,65650,99450,8.15,11.32,2026-10-13,24300,390,390,1235,1145.70,17.98,23140.50,0.00550
84229,2026-09-26 00:30:07,0,0,0,0.00,0.00,2026-10-13,24350,390,390,0,1000.00,0.00,23140.50,
84230,2026-09-26 00:30:07,37960,33410,73320,7.30,11.96,2026-10-13,24400,390,0,585,1171.25,0.00,23140.50,0.01030
84231,2026-09-26 00:30:07,6110,5200,4420,6.00,11.96,2026-10-13,24450,0,0,0,0.00,0.00,23140.50,0.00000
84232,2026-09-26 00:30:07,233610,194350,326235,6.20,12.39,2026-10-13,24500,1430,1040,455,1350.20,20.61,23140.50,0.00610
84233,2026-09-26 00:30:07,7670,455,20150,5.10,12.45,2026-10-13,24550,0,0,0,0.00,0.00,23140.50,0.00000
84234,2026-09-26 00:30:07,13910,3250,25285,4.80,12.70,2026-10-13,24600,65,65,0,1215.75,0.00,23140.50,0.00470
84235,2026-09-26 00:30:07,4030,2145,2535,4.80,13.06,2026-10-13,24650,0,0,0,0.00,0.00,23140.50,0.00000
84236,2026-09-26 00:30:07,5265,4225,4550,4.60,13.37,2026-10-13,24700,0,0,0,0.00,0.00,23140.50,0.00000
84237,2026-09-26 00:30:07,2145,2145,130,4.30,13.61,2026-10-13,24750,0,0,0,0.00,0.00,23140.50,0.00000
84238,2026-09-26 00:30:07,38480,39000,22945,4.00,13.79,2026-10-13,24800,0,0,0,0.00,0.00,23140.50,0.00000
84239,2026-09-26 00:30:07,2535,2340,0,4.25,14.28,2026-10-13,24850,130,195,0,1219.60,0.00,23140.50,0.05130
84240,2026-09-26 00:30:07,11635,18460,15990,2.90,13.85,2026-10-13,24900,0,0,0,0.00,0.00,23140.50,0.00000
84241,2026-09-26 00:30:07,7800,7930,650,3.60,14.65,2026-10-13,24950,0,0,0,0.00,0.00,23140.50,0.00000
84242,2026-09-26 00:30:07,85865,95745,115960,2.45,14.28,2026-10-13,25000,390,455,0,1710.00,0.00,23140.50,0.00450
84243,2026-09-26 00:30:07,1170,1105,130,3.30,15.20,2026-10-13,25050,0,0,0,0.00,0.00,23140.50,0.00000
84244,2026-09-26 00:30:07,3575,3835,1560,2.75,15.14,2026-10-13,25100,0,0,0,0.00,0.00,23140.50,0.00000
84245,2026-09-26 00:30:07,1560,1560,0,2.60,15.38,2026-10-13,25150,0,0,0,0.00,0.00,23140.50,0.00000
84246,2026-09-26 00:30:07,3510,2405,4030,2.45,15.63,2026-10-13,25200,0,0,0,0.00,0.00,23140.50,0.00000
84247,2026-09-26 00:30:07,845,585,0,2.35,15.87,2026-10-13,25250,0,0,0,0.00,0.00,23140.50,0.00000
84248,2026-09-26 00:30:07,1170,1105,0,2.50,16.30,2026-10-13,25300,0,0,0,0.00,0.00,23140.50,0.00000
84249,2026-09-26 00:30:07,780,780,650,2.20,16.36,2026-10-13,25350,0,0,0,0.00,0.00,23140.50,0.00000
84250,2026-09-26 00:30:07,23205,17680,36530,2.20,16.72,2026-10-13,25400,0,0,0,0.00,0.00,23140.50,0.00000
84490,2026-09-26 00:35:06,0,0,0,0.00,0.00,2026-10-13,20800,0,0,0,0.00,0.00,23140.50,
84491,2026-09-26 00:35:06,0,0,0,0.00,0.00,2026-10-13,20850,0,0,65,6.35,22.52,23140.50,
84492,2026-09-26 00:35:06,0,0,0,0.00,0.00,2026-10-13,20900,0,0,0,0.00,0.00,23140.50,
84493,2026-09-26 00:35:06,0,0,0,0.00,0.00,2026-10-13,20950,0,0,0,0.00,0.00,23140.50,
84494,2026-09-26 00:35:06,0,0,0,0.00,0.00,2026-10-13,21000,4030,0,7865,7.20,21.67,23140.50,
84495,2026-09-26 00:35:06,0,0,0,0.00,0.00,2026-10-13,21050,0,0,0,0.00,0.00,23140.50,
84496,2026-09-26 00:35:06,0,0,0,0.00,0.00,2026-10-13,21100,0,0,0,0.00,0.00,23140.50,
84497,2026-09-26 00:35:06,0,0,0,0.00,0.00,2026-10-13,21150,0,0,0,0.00,0.00,23140.50,
84498,2026-09-26 00:35:06,0,0,0,0.00,0.00,2026-10-13,21200,0,0,0,0.00,0.00,23140.50,
84499,2026-09-26 00:35:06,0,0,0,0.00,0.00,2026-10-13,21250,0,0,0,0.00,0.00,23140.50,
84500,2026-09-26 00:35:06,0,0,0,0.00,0.00,2026-10-13,21300,0,0,0,0.00,0.00,23140.50,
84501,2026-09-26 00:35:06,0,0,0,0.00,0.00,2026-10-13,21350,15080,8515,37505,8.30,18.98,23140.50,
84502,2026-09-26 00:35:06,0,0,0,0.00,0.00,2026-10-13,21400,17615,11180,19370,9.05,18.80,23140.50,
84503,2026-09-26 00:35:06,0,0,0,0.00,0.00,2026-10-13,21450,0,0,0,0.00,0.00,23140.50,
84504,2026-09-26 00:35:06,0,0,0,0.00,0.00,2026-10-13,21500,59670,44915,118820,10.05,18.16,23140.50,
84505,2026-09-26 00:35:06,0,0,0,0.00,0.00,2026-10-13,21550,0,0,0,0.00,0.00,23140.50,
84506,2026-09-26 00:35:06,0,0,0,0.00,0.00,2026-10-13,21600,5850,10010,24765,10.95,17.49,23140.50,
84507,2026-09-26 00:35:06,0,0,0,0.00,0.00,2026-10-13,21650,130,195,0,30.00,20.81,23140.50,
84508,2026-09-26 00:35:06,0,0,0,0.00,0.00,2026-10-13,21700,9035,11245,36270,11.00,16.60,23140.50,
84509,2026-09-26 00:35:06,0,0,0,0.00,0.00,2026-10-13,21750,5200,1495,10465,10.45,15.99,23140.50,
84510,2026-09-26 00:35:06,0,0,0,0.00,0.00,2026-10-13,21800,54665,42640,143715,14.15,16.37,23140.50,
84511,2026-09-26 00:35:06,0,0,0,0.00,0.00,2026-10-13,21850,5330,1625,14885,15.65,16.20,23140.50,
84512,2026-09-26 00:35:06,0,0,0,0.00,0.00,2026-10-13,21900,23595,13975,70265,15.15,15.66,23140.50,
84513,2026-09-26 00:35:06,0,0,0,0.00,0.00,2026-10-13,21950,3900,1820,10335,17.90,15.63,23140.50,
84514,2026-09-26 00:35:06,715,390,1950,1220.70,13.92,2026-10-13,22000,187590,157430,499460,17.40,15.09,23140.50,262.36360
84515,2026-09-26 00:35:06,0,0,0,0.00,0.00,2026-10-13,22050,6890,6435,5980,21.45,15.24,23140.50,
84516,2026-09-26 00:35:06,0,0,0,0.00,0.00,2026-10-13,22100,39845,31785,112580,21.55,14.72,23140.50,
84517,2026-09-26 00:35:06,0,0,0,0.00,0.00,2026-10-13,22150,10920,7020,16445,25.05,14.66,23140.50,
84518,2026-09-26 00:35:06,0,0,0,0.00,0.00,2026-10-13,22200,97435,67795,224250,25.00,14.28,23140.50,
84519,2026-09-26 00:35:06,0,0,0,0.00,0.00,2026-10-13,22250,12870,7215,22295,27.80,13.98,23140.50,
84520,2026-09-26 00:35:06,0,0,0,0.00,0.00,2026-10-13,22300,74425,54145,207025,31.05,13.78,23140.50,
84521,2026-09-26 00:35:06,0,0,0,0.00,0.00,2026-10-13,22350,12870,10660,19500,34.35,13.60,23140.50,
84522,2026-09-26 00:35:06,130,130,130,837.00,11.73,2026-10-13,22400,79365,53300,138515,38.30,13.42,23140.50,610.50000
84523,2026-09-26 00:35:06,0,0,0,0.00,0.00,2026-10-13,22450,11310,10205,17290,42.45,13.21,23140.50,
84524,2026-09-26 00:35:06,3120,1625,5655,754.55,12.45,2026-10-13,22500,259805,324610,718705,45.30,12.86,23140.50,83.27080
84525,2026-09-26 00:35:06,0,0,0,0.00,0.00,2026-10-13,22550,14300,15535,33020,52.35,12.76,23140.50,
84526,2026-09-26 00:35:06,0,0,0,0.00,0.00,2026-10-13,22600,105690,95615,243750,57.80,12.60,23140.50,
84527,2026-09-26 00:35:06,0,0,0,0.00,0.00,2026-10-13,22650,10270,5590,34775,65.00,12.46,23140.50,
84528,2026-09-26 00:35:06,2405,1495,4810,581.90,12.25,2026-10-13,22700,283270,211250,509210,71.35,12.20,23140.50,117.78380
84529,2026-09-26 00:35:06,0,0,0,0.00,0.00,2026-10-13,22750,18200,7345,46670,80.00,12.05,23140.50,
84530,2026-09-26 00:35:06,6045,6175,9620,501.40,11.77,2026-10-13,22800,158600,136175,487305,89.55,11.87,23140.50,26.23660
84531,2026-09-26 00:35:06,1365,1300,1040,425.00,9.57,2026-10-13,22850,19175,13325,43225,101.75,11.83,23140.50,14.04760
84532,2026-09-26 00:35:06,9295,6045,20345,425.60,11.57,2026-10-13,22900,74295,50960,283855,112.55,11.61,23140.50,7.99300
84533,2026-09-26 00:35:06,2665,3705,5785,393.20,11.67,2026-10-13,22950,20345,18135,45110,125.30,11.44,23140.50,7.63410
84534,2026-09-26 00:35:06,98995,65195,304460,359.65,11.61,2026-10-13,23000,267475,209495,541840,138.30,11.19,23140.50,2.70190
84535,2026-09-26 00:35:06,24895,11830,74555,324.40,11.39,2026-10-13,23050,25675,22685,95420,156.65,11.19,23140.50,1.03130
84536,2026-09-26 00:35:06,164645,38675,398320,288.70,11.38,2026-10-13,23100,193310,90870,473265,173.35,11.00,23140.50,1.17410
84537,2026-09-26 00:35:06,24505,20995,84240,262.15,11.15,2026-10-13,23150,24570,17225,67665,193.10,10.89,23140.50,1.00270
84538,2026-09-26 00:35:06,227565,112060,487890,233.40,11.02,2026-10-13,23200,258635,113620,529555,211.20,10.71,23140.50,1.13650
84539,2026-09-26 00:35:06,47840,44460,119470,208.45,10.99,2026-10-13,23250,26650,16575,36205,237.70,10.65,23140.50,0.55710
84540,2026-09-26 00:35:06,258050,217815,367380,181.55,10.78,2026-10-13,23300,128830,91715,142935,262.35,10.51,23140.50,0.49920
84541,2026-09-26 00:35:06,34255,43615,76050,160.00,10.74,2026-10-13,23350,11180,11505,11830,287.75,10.31,23140.50,0.32640
84542,2026-09-26 00:35:06,334100,236080,773240,137.50,10.57,2026-10-13,23400,128310,116350,73255,319.05,10.32,23140.50,0.38400
84543,2026-09-26 00:35:06,44850,36400,95745,119.00,10.50,2026-10-13,23450,17095,18330,8515,352.00,10.32,23140.50,0.38120
84544,2026-09-26 00:35:06,418015,322855,899600,101.75,10.46,2026-10-13,23500,172900,161720,92235,383.00,10.12,23140.50,0.41360
84545,2026-09-26 00:35:06,34060,27170,71825,87.00,10.36,2026-10-13,23550,9685,11960,3055,401.90,8.83,23140.50,0.28440
84546,2026-09-26 00:35:06,180440,127335,451620,73.00,10.25,2026-10-13,23600,38415,37115,10400,450.65,9.70,23140.50,0.21290
84547,2026-09-26 00:35:06,45565,38740,100035,62.50,10.28,2026-10-13,23650,7215,7540,1625,493.90,9.95,23140.50,0.15830
84548,2026-09-26 00:35:06,213720,179790,518115,53.00,10.28,2026-10-13,23700,11765,9230,7670,536.10,10.05,23140.50,0.05500
84549,2026-09-26 00:35:06,59930,53625,97825,44.65,10.28,2026-10-13,23750,4940,4940,325,549.90,6.64,23140.50,0.08240
84550,2026-09-26 00:35:06,245115,233805,461045,37.55,10.30,2026-10-13,23800,8515,8710,4095,617.30,9.70,23140.50,0.03470
84551,2026-09-26 00:35:06,79365,70200,74230,30.80,10.25,2026-10-13,23850,2210,2210,0,587.85,0.00,23140.50,0.02780
84552,2026-09-26 00:35:06,1365,0,2145,27.40,10.51,2026-10-13,23900,1560,1495,130,719.85,10.65,23140.50,1.14290
84553,2026-09-26 00:35:06,0,0,0,0.00,0.00,2026-10-13,23950,0,0,0,0.00,0.00,23140.50,
84554,2026-09-26 00:35:06,543400,418405,1159860,19.50,10.57,2026-10-13,24000,6825,6695,2535,792.00,8.21,23140.50,0.01260
84555,2026-09-26 00:35:06,127075,101010,215540,18.80,10.97,2026-10-13,24050,0,0,0,0.00,0.00,23140.50,0.00000
84556,2026-09-26 00:35:06,18330,0,31980,14.45,10.86,2026-10-13,24100,6630,6565,130,1020.65,20.92,23140.50,0.36170
84557,2026-09-26 00:35:06,0,0,0,0.00,0.00,2026-10-13,24150,130,65,0,654.00,0.00,23140.50,
84558,2026-09-26 00:35:06,268255,212030,382590,9.90,10.88,2026-10-13,24200,1235,780,975,999.25,11.47,23140.50,0.00460
84559,2026-09-26 00:35:06,19565,18590,6955,9.60,11.29,2026-10-13,24250,195,195,0,1053.40,11.84,23140.50,0.01000
84560,2026-09-26 00:35:06,71175,65650,99450,8.15,11.32,2026-10-13,24300,390,390,1235,1145.70,17.98,23140.50,0.00550
84561,2026-09-26 00:35:06,0,0,0,0.00,0.00,2026-10-13,24350,390,390,0,1000.00,0.00,23140.50,
84562,2026-09-26 00:35:06,37960,33410,73320,7.30,11.96,2026-10-13,24400,390,0,585,1171.25,0.00,23140.50,0.01030
84563,2026-09-26 00:35:06,6110,5200,4420,6.00,11.96,2026-10-13,24450,0,0,0,0.00,0.00,23140.50,0.00000
84564,2026-09-26 00:35:06,233610,194350,326235,6.20,12.39,2026-10-13,24500,1430,1040,455,1350.20,20.61,23140.50,0.00610
84565,2026-09-26 00:35:06,7670,455,20150,5.10,12.45,2026-10-13,24550,0,0,0,0.00,0.00,23140.50,0.00000
84566,2026-09-26 00:35:06,13910,3250,25285,4.80,12.70,2026-10-13,24600,65,65,0,1215.75,0.00,23140.50,0.00470
84567,2026-09-26 00:35:06,4030,2145,2535,4.80,13.06,2026-10-13,24650,0,0,0,0.00,0.00,23140.50,0.00000
84568,2026-09-26 00:35:06,5265,4225,4550,4.60,13.37,2026-10-13,24700,0,0,0,0.00,0.00,23140.50,0.00000
84569,2026-09-26 00:35:06,2145,2145,130,4.30,13.61,2026-10-13,24750,0,0,0,0.00,0.00,23140.50,0.00000
84570,2026-09-26 00:35:06,38480,39000,22945,4.00,13.79,2026-10-13,24800,0,0,0,0.00,0.00,23140.50,0.00000
84571,2026-09-26 00:35:06,2535,2340,0,4.25,14.28,2026-10-13,24850,130,195,0,1219.60,0.00,23140.50,0.05130
84572,2026-09-26 00:35:06,11635,18460,15990,2.90,13.85,2026-10-13,24900,0,0,0,0.00,0.00,23140.50,0.00000
84573,2026-09-26 00:35:06,7800,7930,650,3.60,14.65,2026-10-13,24950,0,0,0,0.00,0.00,23140.50,0.00000
84574,2026-09-26 00:35:06,85865,95745,115960,2.45,14.28,2026-10-13,25000,390,455,0,1710.00,0.00,23140.50,0.00450
84575,2026-09-26 00:35:06,1170,1105,130,3.30,15.20,2026-10-13,25050,0,0,0,0.00,0.00,23140.50,0.00000
84576,2026-09-26 00:35:06,3575,3835,1560,2.75,15.14,2026-10-13,25100,0,0,0,0.00,0.00,23140.50,0.00000
84577,2026-09-26 00:35:06,1560,1560,0,2.60,15.38,2026-10-13,25150,0,0,0,0.00,0.00,23140.50,0.00000
84578,2026-09-26 00:35:06,3510,2405,4030,2.45,15.63,2026-10-13,25200,0,0,0,0.00,0.00,23140.50,0.00000
84579,2026-09-26 00:35:06,845,585,0,2.35,15.87,2026-10-13,25250,0,0,0,0.00,0.00,23140.50,0.00000
84580,2026-09-26 00:35:06,1170,1105,0,2.50,16.30,2026-10-13,25300,0,0,0,0.00,0.00,23140.50,0.00000
84581,2026-09-26 00:35:06,780,780,650,2.20,16.36,2026-10-13,25350,0,0,0,0.00,0.00,23140.50,0.00000
84582,2026-09-26 00:35:06,23205,17680,36530,2.20,16.72,2026-10-13,25400,0,0,0,0.00,0.00,23140.50,0.00000
84822,2026-09-26 00:40:08,0,0,0,0.00,0.00,2026-10-13,20800,0,0,0,0.00,0.00,23140.50,
84823,2026-09-26 00:40:08,0,0,0,0.00,0.00,2026-10-13,20850,0,0,65,6.35,22.52,23140.50,
84824,2026-09-26 00:40:08,0,0,0,0.00,0.00,2026-10-13,20900,0,0,0,0.00,0.00,23140.50,
84825,2026-09-26 00:40:08,0,0,0,0.00,0.00,2026-10-13,20950,0,0,0,0.00,0.00,23140.50,
84826,2026-09-26 00:40:08,0,0,0,0.00,0.00,2026-10-13,21000,4030,0,7865,7.20,21.67,23140.50,
84827,2026-09-26 00:40:08,0,0,0,0.00,0.00,2026-10-13,21050,0,0,0,0.00,0.00,23140.50,
84828,2026-09-26 00:40:08,0,0,0,0.00,0.00,2026-10-13,21100,0,0,0,0.00,0.00,23140.50,
84829,2026-09-26 00:40:08,0,0,0,0.00,0.00,2026-10-13,21150,0,0,0,0.00,0.00,23140.50,
84830,2026-09-26 00:40:08,0,0,0,0.00,0.00,2026-10-13,21200,0,0,0,0.00,0.00,23140.50,
84831,2026-09-26 00:40:08,0,0,0,0.00,0.00,2026-10-13,21250,0,0,0,0.00,0.00,23140.50,
84832,2026-09-26 00:40:08,0,0,0,0.00,0.00,2026-10-13,21300,0,0,0,0.00,0.00,23140.50,
84833,2026-09-26 00:40:08,0,0,0,0.00,0.00,2026-10-13,21350,15080,8515,37505,8.30,18.98,23140.50,
84834,2026-09-26 00:40:08,0,0,0,0.00,0.00,2026-10-13,21400,17615,11180,19370,9.05,18.80,23140.50,
84835,2026-09-26 00:40:08,0,0,0,0.00,0.00,2026-10-13,21450,0,0,0,0.00,0.00,23140.50,
84836,2026-09-26 00:40:08,0,0,0,0.00,0.00,2026-10-13,21500,59670,44915,118820,10.05,18.16,23140.50,
84837,2026-09-26 00:40:08,0,0,0,0.00,0.00,2026-10-13,21550,0,0,0,0.00,0.00,23140.50,
84838,2026-09-26 00:40:08,0,0,0,0.00,0.00,2026-10-13,21600,5850,10010,24765,10.95,17.49,23140.50,
84839,2026-09-26 00:40:08,0,0,0,0.00,0.00,2026-10-13,21650,130,195,0,30.00,20.81,23140.50,
84840,2026-09-26 00:40:08,0,0,0,0.00,0.00,2026-10-13,21700,9035,11245,36270,11.00,16.60,23140.50,
84841,2026-09-26 00:40:08,0,0,0,0.00,0.00,2026-10-13,21750,5200,1495,10465,10.45,15.99,23140.50,
84842,2026-09-26 00:40:08,0,0,0,0.00,0.00,2026-10-13,21800,54665,42640,143715,14.15,16.37,23140.50,
84843,2026-09-26 00:40:08,0,0,0,0.00,0.00,2026-10-13,21850,5330,1625,14885,15.65,16.20,23140.50,
84844,2026-09-26 00:40:08,0,0,0,0.00,0.00,2026-10-13,21900,23595,13975,70265,15.15,15.66,23140.50,
84845,2026-09-26 00:40:08,0,0,0,0.00,0.00,2026-10-13,21950,3900,1820,10335,17.90,15.63,23140.50,
84846,2026-09-26 00:40:08,715,390,1950,1220.70,13.92,2026-10-13,22000,187590,157430,499460,17.40,15.09,23140.50,262.36360
84847,2026-09-26 00:40:08,0,0,0,0.00,0.00,2026-10-13,22050,6890,6435,5980,21.45,15.24,23140.50,
84848,2026-09-26 00:40:08,0,0,0,0.00,0.00,2026-10-13,22100,39845,31785,112580,21.55,14.72,23140.50,
84849,2026-09-26 00:40:08,0,0,0,0.00,0.00,2026-10-13,22150,10920,7020,16445,25.05,14.66,23140.50,
84850,2026-09-26 00:40:08,0,0,0,0.00,0.00,2026-10-13,22200,97435,67795,224250,25.00,14.28,23140.50,
84851,2026-09-26 00:40:08,0,0,0,0.00,0.00,2026-10-13,22250,12870,7215,22295,27.80,13.98,23140.50,
84852,2026-09-26 00:40:08,0,0,0,0.00,0.00,2026-10-13,22300,74425,54145,207025,31.05,13.78,23140.50,
84853,2026-09-26 00:40:08,0,0,0,0.00,0.00,2026-10-13,22350,12870,10660,19500,34.35,13.60,23140.50,
84854,2026-09-26 00:40:08,130,130,130,837.00,11.73,2026-10-13,22400,79365,53300,138515,38.30,13.42,23140.50,610.50000
84855,2026-09-26 00:40:08,0,0,0,0.00,0.00,2026-10-13,22450,11310,10205,17290,42.45,13.21,23140.50,
84856,2026-09-26 00:40:08,3120,1625,5655,754.55,12.45,2026-10-13,22500,259805,324610,718705,45.30,12.86,23140.50,83.27080
84857,2026-09-26 00:40:08,0,0,0,0.00,0.00,2026-10-13,22550,14300,15535,33020,52.35,12.76,23140.50,
84858,2026-09-26 00:40:08,0,0,0,0.00,0.00,2026-10-13,22600,105690,95615,243750,57.80,12.60,23140.50,
84859,2026-09-26 00:40:08,0,0,0,0.00,0.00,2026-10-13,22650,10270,5590,34775,65.00,12.46,23140.50,
84860,2026-09-26 00:40:08,2405,1495,4810,581.90,12.25,2026-10-13,22700,283270,211250,509210,71.35,12.20,23140.50,117.78380
84861,2026-09-26 00:40:08,0,0,0,0.00,0.00,2026-10-13,22750,18200,7345,46670,80.00,12.05,23140.50,
84862,2026-09-26 00:40:08,6045,6175,9620,501.40,11.77,2026-10-13,22800,158600,136175,487305,89.55,11.87,23140.50,26.23660
84863,2026-09-26 00:40:08,1365,1300,1040,425.00,9.57,2026-10-13,22850,19175,13325,43225,101.75,11.83,23140.50,14.04760
84864,2026-09-26 00:40:08,9295,6045,20345,425.60,11.57,2026-10-13,22900,74295,50960,283855,112.55,11.61,23140.50,7.99300
84865,2026-09-26 00:40:08,2665,3705,5785,393.20,11.67,2026-10-13,22950,20345,18135,45110,125.30,11.44,23140.50,7.63410
84866,2026-09-26 00:40:08,98995,65195,304460,359.65,11.61,2026-10-13,23000,267475,209495,541840,138.30,11.19,23140.50,2.70190
84867,2026-09-26 00:40:08,24895,11830,74555,324.40,11.39,2026-10-13,23050,25675,22685,95420,156.65,11.19,23140.50,1.03130
84868,2026-09-26 00:40:08,164645,38675,398320,288.70,11.38,2026-10-13,23100,193310,90870,473265,173.35,11.00,23140.50,1.17410
84869,2026-09-26 00:40:08,24505,20995,84240,262.15,11.15,2026-10-13,23150,24570,17225,67665,193.10,10.89,23140.50,1.00270
84870,2026-09-26 00:40:08,227565,112060,487890,233.40,11.02,2026-10-13,23200,258635,113620,529555,211.20,10.71,23140.50,1.13650
84871,2026-09-26 00:40:08,47840,44460,119470,208.45,10.99,2026-10-13,23250,26650,16575,36205,237.70,10.65,23140.50,0.55710
84872,2026-09-26 00:40:08,258050,217815,367380,181.55,10.78,2026-10-13,23300,128830,91715,142935,262.35,10.51,23140.50,0.49920
84873,2026-09-26 00:40:08,34255,43615,76050,160.00,10.74,2026-10-13,23350,11180,11505,11830,287.75,10.31,23140.50,0.32640
84874,2026-09-26 00:40:08,334100,236080,773240,137.50,10.57,2026-10-13,23400,128310,116350,73255,319.05,10.32,23140.50,0.38400
84875,2026-09-26 00:40:08,44850,36400,95745,119.00,10.50,2026-10-13,23450,17095,18330,8515,352.00,10.32,23140.50,0.38120
84876,2026-09-26 00:40:08,418015,322855,899600,101.75,10.46,2026-10-13,23500,172900,161720,92235,383.00,10.12,23140.50,0.41360
84877,2026-09-26 00:40:08,34060,27170,71825,87.00,10.36,2026-10-13,23550,9685,11960,3055,401.90,8.83,23140.50,0.28440
84878,2026-09-26 00:40:08,180440,127335,451620,73.00,10.25,2026-10-13,23600,38415,37115,10400,450.65,9.70,23140.50,0.21290
84879,2026-09-26 00:40:08,45565,38740,100035,62.50,10.28,2026-10-13,23650,7215,7540,1625,493.90,9.95,23140.50,0.15830
84880,2026-09-26 00:40:08,213720,179790,518115,53.00,10.28,2026-10-13,23700,11765,9230,7670,536.10,10.05,23140.50,0.05500
84881,2026-09-26 00:40:08,59930,53625,97825,44.65,10.28,2026-10-13,23750,4940,4940,325,549.90,6.64,23140.50,0.08240
84882,2026-09-26 00:40:08,245115,233805,461045,37.55,10.30,2026-10-13,23800,8515,8710,4095,617.30,9.70,23140.50,0.03470
84883,2026-09-26 00:40:08,79365,70200,74230,30.80,10.25,2026-10-13,23850,2210,2210,0,587.85,0.00,23140.50,0.02780
84884,2026-09-26 00:40:08,1365,0,2145,27.40,10.51,2026-10-13,23900,1560,1495,130,719.85,10.65,23140.50,1.14290
84885,2026-09-26 00:40:08,0,0,0,0.00,0.00,2026-10-13,23950,0,0,0,0.00,0.00,23140.50,
84886,2026-09-26 00:40:08,543400,418405,1159860,19.50,10.57,2026-10-13,24000,6825,6695,2535,792.00,8.21,23140.50,0.01260
84887,2026-09-26 00:40:08,127075,101010,215540,18.80,10.97,2026-10-13,24050,0,0,0,0.00,0.00,23140.50,0.00000
84888,2026-09-26 00:40:08,18330,0,31980,14.45,10.86,2026-10-13,24100,6630,6565,130,1020.65,20.92,23140.50,0.36170
84889,2026-09-26 00:40:08,0,0,0,0.00,0.00,2026-10-13,24150,130,65,0,654.00,0.00,23140.50,
84890,2026-09-26 00:40:08,268255,212030,382590,9.90,10.88,2026-10-13,24200,1235,780,975,999.25,11.47,23140.50,0.00460
84891,2026-09-26 00:40:08,19565,18590,6955,9.60,11.29,2026-10-13,24250,195,195,0,1053.40,11.84,23140.50,0.01000
84892,2026-09-26 00:40:08,71175,65650,99450,8.15,11.32,2026-10-13,24300,390,390,1235,1145.70,17.98,23140.50,0.00550
84893,2026-09-26 00:40:08,0,0,0,0.00,0.00,2026-10-13,24350,390,390,0,1000.00,0.00,23140.50,
84894,2026-09-26 00:40:08,37960,33410,73320,7.30,11.96,2026-10-13,24400,390,0,585,1171.25,0.00,23140.50,0.01030
84895,2026-09-26 00:40:08,6110,5200,4420,6.00,11.96,2026-10-13,24450,0,0,0,0.00,0.00,23140.50,0.00000
84896,2026-09-26 00:40:08,233610,194350,326235,6.20,12.39,2026-10-13,24500,1430,1040,455,1350.20,20.61,23140.50,0.00610
84897,2026-09-26 00:40:08,7670,455,20150,5.10,12.45,2026-10-13,24550,0,0,0,0.00,0.00,23140.50,0.00000
84898,2026-09-26 00:40:08,13910,3250,25285,4.80,12.70,2026-10-13,24600,65,65,0,1215.75,0.00,23140.50,0.00470
84899,2026-09-26 00:40:08,4030,2145,2535,4.80,13.06,2026-10-13,24650,0,0,0,0.00,0.00,23140.50,0.00000
84900,2026-09-26 00:40:08,5265,4225,4550,4.60,13.37,2026-10-13,24700,0,0,0,0.00,0.00,23140.50,0.00000
84901,2026-09-26 00:40:08,2145,2145,130,4.30,13.61,2026-10-13,24750,0,0,0,0.00,0.00,23140.50,0.00000
84902,2026-09-26 00:40:08,38480,39000,22945,4.00,13.79,2026-10-13,24800,0,0,0,0.00,0.00,23140.50,0.00000
84903,2026-09-26 00:40:08,2535,2340,0,4.25,14.28,2026-10-13,24850,130,195,0,1219.60,0.00,23140.50,0.05130
84904,2026-09-26 00:40:08,11635,18460,15990,2.90,13.85,2026-10-13,24900,0,0,0,0.00,0.00,23140.50,0.00000
84905,2026-09-26 00:40:08,7800,7930,650,3.60,14.65,2026-10-13,24950,0,0,0,0.00,0.00,23140.50,0.00000
84906,2026-09-26 00:40:08,85865,95745,115960,2.45,14.28,2026-10-13,25000,390,455,0,1710.00,0.00,23140.50,0.00450
84907,2026-09-26 00:40:08,1170,1105,130,3.30,15.20,2026-10-13,25050,0,0,0,0.00,0.00,23140.50,0.00000
84908,2026-09-26 00:40:08,3575,3835,1560,2.75,15.14,2026-10-13,25100,0,0,0,0.00,0.00,23140.50,0.00000
84909,2026-09-26 00:40:08,1560,1560,0,2.60,15.38,2026-10-13,25150,0,0,0,0.00,0.00,23140.50,0.00000
84910,2026-09-26 00:40:08,3510,2405,4030,2.45,15.63,2026-10-13,25200,0,0,0,0.00,0.00,23140.50,0.00000
84911,2026-09-26 00:40:08,845,585,0,2.35,15.87,2026-10-13,25250,0,0,0,0.00,0.00,23140.50,0.00000
84912,2026-09-26 00:40:08,1170,1105,0,2.50,16.30,2026-10-13,25300,0,0,0,0.00,0.00,23140.50,0.00000
84913,2026-09-26 00:40:08,780,780,650,2.20,16.36,2026-10-13,25350,0,0,0,0.00,0.00,23140.50,0.00000
84914,2026-09-26 00:40:08,23205,17680,36530,2.20,16.72,2026-10-13,25400,0,0,0,0.00,0.00,23140.50,0.00000
85154,2026-09-26 00:45:06,0,0,0,0.00,0.00,2026-10-13,20800,0,0,0,0.00,0.00,23140.50,
85155,2026-09-26 00:45:06,0,0,0,0.00,0.00,2026-10-13,20850,0,0,65,6.35,22.52,23140.50,
85156,2026-09-26 00:45:06,0,0,0,0.00,0.00,2026-10-13,20900,0,0,0,0.00,0.00,23140.50,
85157,2026-09-26 00:45:06,0,0,0,0.00,0.00,2026-10-13,20950,0,0,0,0.00,0.00,23140.50,
85158,2026-09-26 00:45:06,0,0,0,0.00,0.00,2026-10-13,21000,4030,0,7865,7.20,21.67,23140.50,
85159,2026-09-26 00:45:06,0,0,0,0.00,0.00,2026-10-13,21050,0,0,0,0.00,0.00,23140.50,
85160,2026-09-26 00:45:06,0,0,0,0.00,0.00,2026-10-13,21100,0,0,0,0.00,0.00,23140.50,
85161,2026-09-26 00:45:06,0,0,0,0.00,0.00,2026-10-13,21150,0,0,0,0.00,0.00,23140.50,
85162,2026-09-26 00:45:06,0,0,0,0.00,0.00,2026-10-13,21200,0,0,0,0.00,0.00,23140.50,
85163,2026-09-26 00:45:06,0,0,0,0.00,0.00,2026-10-13,21250,0,0,0,0.00,0.00,23140.50,
85164,2026-09-26 00:45:06,0,0,0,0.00,0.00,2026-10-13,21300,0,0,0,0.00,0.00,23140.50,
85165,2026-09-26 00:45:06,0,0,0,0.00,0.00,2026-10-13,21350,15080,8515,37505,8.30,18.98,23140.50,
85166,2026-09-26 00:45:06,0,0,0,0.00,0.00,2026-10-13,21400,17615,11180,19370,9.05,18.80,23140.50,
85167,2026-09-26 00:45:06,0,0,0,0.00,0.00,2026-10-13,21450,0,0,0,0.00,0.00,23140.50,
85168,2026-09-26 00:45:06,0,0,0,0.00,0.00,2026-10-13,21500,59670,44915,118820,10.05,18.16,23140.50,
85169,2026-09-26 00:45:06,0,0,0,0.00,0.00,2026-10-13,21550,0,0,0,0.00,0.00,23140.50,
85170,2026-09-26 00:45:06,0,0,0,0.00,0.00,2026-10-13,21600,5850,10010,24765,10.95,17.49,23140.50,
85171,2026-09-26 00:45:06,0,0,0,0.00,0.00,2026-10-13,21650,130,195,0,30.00,20.81,23140.50,
85172,2026-09-26 00:45:06,0,0,0,0.00,0.00,2026-10-13,21700,9035,11245,36270,11.00,16.60,23140.50,
85173,2026-09-26 00:45:06,0,0,0,0.00,0.00,2026-10-13,21750,5200,1495,10465,10.45,15.99,23140.50,
85174,2026-09-26 00:45:06,0,0,0,0.00,0.00,2026-10-13,21800,54665,42640,143715,14.15,16.37,23140.50,
85175,2026-09-26 00:45:06,0,0,0,0.00,0.00,2026-10-13,21850,5330,1625,14885,15.65,16.20,23140.50,
85176,2026-09-26 00:45:06,0,0,0,0.00,0.00,2026-10-13,21900,23595,13975,70265,15.15,15.66,23140.50,
85177,2026-09-26 00:45:06,0,0,0,0.00,0.00,2026-10-13,21950,3900,1820,10335,17.90,15.63,23140.50,
85178,2026-09-26 00:45:06,715,390,1950,1220.70,13.92,2026-10-13,22000,187590,157430,499460,17.40,15.09,23140.50,262.36360
85179,2026-09-26 00:45:06,0,0,0,0.00,0.00,2026-10-13,22050,6890,6435,5980,21.45,15.24,23140.50,
85180,2026-09-26 00:45:06,0,0,0,0.00,0.00,2026-10-13,22100,39845,31785,112580,21.55,14.72,23140.50,
85181,2026-09-26 00:45:06,0,0,0,0.00,0.00,2026-10-13,22150,10920,7020,16445,25.05,14.66,23140.50,
85182,2026-09-26 00:45:06,0,0,0,0.00,0.00,2026-10-13,22200,97435,67795,224250,25.00,14.28,23140.50,
85183,2026-09-26 00:45:06,0,0,0,0.00,0.00,2026-10-13,22250,12870,7215,22295,27.80,13.98,23140.50,
85184,2026-09-26 00:45:06,0,0,0,0.00,0.00,2026-10-13,22300,74425,54145,207025,31.05,13.78,23140.50,
85185,2026-09-26 00:45:06,0,0,0,0.00,0.00,2026-10-13,22350,12870,10660,19500,34.35,13.60,23140.50,
85186,2026-09-26 00:45:06,130,130,130,837.00,11.73,2026-10-13,22400,79365,53300,138515,38.30,13.42,23140.50,610.50000
85187,2026-09-26 00:45:06,0,0,0,0.00,0.00,2026-10-13,22450,11310,10205,17290,42.45,13.21,23140.50,
85188,2026-09-26 00:45:06,3120,1625,5655,754.55,12.45,2026-10-13,22500,259805,324610,718705,45.30,12.86,23140.50,83.27080
85189,2026-09-26 00:45:06,0,0,0,0.00,0.00,2026-10-13,22550,14300,15535,33020,52.35,12.76,23140.50,
85190,2026-09-26 00:45:06,0,0,0,0.00,0.00,2026-10-13,22600,105690,95615,243750,57.80,12.60,23140.50,
85191,2026-09-26 00:45:06,0,0,0,0.00,0.00,2026-10-13,22650,10270,5590,34775,65.00,12.46,23140.50,
85192,2026-09-26 00:45:06,2405,1495,4810,581.90,12.25,2026-10-13,22700,283270,211250,509210,71.35,12.20,23140.50,117.78380
85193,2026-09-26 00:45:06,0,0,0,0.00,0.00,2026-10-13,22750,18200,7345,46670,80.00,12.05,23140.50,
85194,2026-09-26 00:45:06,6045,6175,9620,501.40,11.77,2026-10-13,22800,158600,136175,487305,89.55,11.87,23140.50,26.23660
85195,2026-09-26 00:45:06,1365,1300,1040,425.00,9.57,2026-10-13,22850,19175,13325,43225,101.75,11.83,23140.50,14.04760
85196,2026-09-26 00:45:06,9295,6045,20345,425.60,11.57,2026-10-13,22900,74295,50960,283855,112.55,11.61,23140.50,7.99300
85197,2026-09-26 00:45:06,2665,3705,5785,393.20,11.67,2026-10-13,22950,20345,18135,45110,125.30,11.44,23140.50,7.63410
85198,2026-09-26 00:45:06,98995,65195,304460,359.65,11.61,2026-10-13,23000,267475,209495,541840,138.30,11.19,23140.50,2.70190
85199,2026-09-26 00:45:06,24895,11830,74555,324.40,11.39,2026-10-13,23050,25675,22685,95420,156.65,11.19,23140.50,1.03130
85200,2026-09-26 00:45:06,164645,38675,398320,288.70,11.38,2026-10-13,23100,193310,90870,473265,173.35,11.00,23140.50,1.17410
85201,2026-09-26 00:45:06,24505,20995,84240,262.15,11.15,2026-10-13,23150,24570,17225,67665,193.10,10.89,23140.50,1.00270
85202,2026-09-26 00:45:06,227565,112060,487890,233.40,11.02,2026-10-13,23200,258635,113620,529555,211.20,10.71,23140.50,1.13650
85203,2026-09-26 00:45:06,47840,44460,119470,208.45,10.99,2026-10-13,23250,26650,16575,36205,237.70,10.65,23140.50,0.55710
85204,2026-09-26 00:45:06,258050,217815,367380,181.55,10.78,2026-10-13,23300,128830,91715,142935,262.35,10.51,23140.50,0.49920
85205,2026-09-26 00:45:06,34255,43615,76050,160.00,10.74,2026-10-13,23350,11180,11505,11830,287.75,10.31,23140.50,0.32640
85206,2026-09-26 00:45:06,334100,236080,773240,137.50,10.57,2026-10-13,23400,128310,116350,73255,319.05,10.32,23140.50,0.38400
85207,2026-09-26 00:45:06,44850,36400,95745,119.00,10.50,2026-10-13,23450,17095,18330,8515,352.00,10.32,23140.50,0.38120
85208,2026-09-26 00:45:06,418015,322855,899600,101.75,10.46,2026-10-13,23500,172900,161720,92235,383.00,10.12,23140.50,0.41360
85209,2026-09-26 00:45:06,34060,27170,71825,87.00,10.36,2026-10-13,23550,9685,11960,3055,401.90,8.83,23140.50,0.28440
85210,2026-09-26 00:45:06,180440,127335,451620,73.00,10.25,2026-10-13,23600,38415,37115,10400,450.65,9.70,23140.50,0.21290
85211,2026-09-26 00:45:06,45565,38740,100035,62.50,10.28,2026-10-13,23650,7215,7540,1625,493.90,9.95,23140.50,0.15830
85212,2026-09-26 00:45:06,213720,179790,518115,53.00,10.28,2026-10-13,23700,11765,9230,7670,536.10,10.05,23140.50,0.05500
85213,2026-09-26 00:45:06,59930,53625,97825,44.65,10.28,2026-10-13,23750,4940,4940,325,549.90,6.64,23140.50,0.08240
85214,2026-09-26 00:45:06,245115,233805,461045,37.55,10.30,2026-10-13,23800,8515,8710,4095,617.30,9.70,23140.50,0.03470
85215,2026-09-26 00:45:06,79365,70200,74230,30.80,10.25,2026-10-13,23850,2210,2210,0,587.85,0.00,23140.50,0.02780
85216,2026-09-26 00:45:06,1365,0,2145,27.40,10.51,2026-10-13,23900,1560,1495,130,719.85,10.65,23140.50,1.14290
85217,2026-09-26 00:45:06,0,0,0,0.00,0.00,2026-10-13,23950,0,0,0,0.00,0.00,23140.50,
85218,2026-09-26 00:45:06,543400,418405,1159860,19.50,10.57,2026-10-13,24000,6825,6695,2535,792.00,8.21,23140.50,0.01260
85219,2026-09-26 00:45:06,127075,101010,215540,18.80,10.97,2026-10-13,24050,0,0,0,0.00,0.00,23140.50,0.00000
85220,2026-09-26 00:45:06,18330,0,31980,14.45,10.86,2026-10-13,24100,6630,6565,130,1020.65,20.92,23140.50,0.36170
85221,2026-09-26 00:45:06,0,0,0,0.00,0.00,2026-10-13,24150,130,65,0,654.00,0.00,23140.50,
85222,2026-09-26 00:45:06,268255,212030,382590,9.90,10.88,2026-10-13,24200,1235,780,975,999.25,11.47,23140.50,0.00460
85223,2026-09-26 00:45:06,19565,18590,6955,9.60,11.29,2026-10-13,24250,195,195,0,1053.40,11.84,23140.50,0.01000
85224,2026-09-26 00:45:06,71175,65650,99450,8.15,11.32,2026-10-13,24300,390,390,1235,1145.70,17.98,23140.50,0.00550
85225,2026-09-26 00:45:06,0,0,0,0.00,0.00,2026-10-13,24350,390,390,0,1000.00,0.00,23140.50,
85226,2026-09-26 00:45:06,37960,33410,73320,7.30,11.96,2026-10-13,24400,390,0,585,1171.25,0.00,23140.50,0.01030
85227,2026-09-26 00:45:06,6110,5200,4420,6.00,11.96,2026-10-13,24450,0,0,0,0.00,0.00,23140.50,0.00000
85228,2026-09-26 00:45:06,233610,194350,326235,6.20,12.39,2026-10-13,24500,1430,1040,455,1350.20,20.61,23140.50,0.00610
85229,2026-09-26 00:45:06,7670,455,20150,5.10,12.45,2026-10-13,24550,0,0,0,0.00,0.00,23140.50,0.00000
85230,2026-09-26 00:45:06,13910,3250,25285,4.80,12.70,2026-10-13,24600,65,65,0,1215.75,0.00,23140.50,0.00470
85231,2026-09-26 00:45:06,4030,2145,2535,4.80,13.06,2026-10-13,24650,0,0,0,0.00,0.00,23140.50,0.00000
85232,2026-09-26 00:45:06,5265,4225,4550,4.60,13.37,2026-10-13,24700,0,0,0,0.00,0.00,23140.50,0.00000
85233,2026-09-26 00:45:06,2145,2145,130,4.30,13.61,2026-10-13,24750,0,0,0,0.00,0.00,23140.50,0.00000
85234,2026-09-26 00:45:06,38480,39000,22945,4.00,13.79,2026-10-13,24800,0,0,0,0.00,0.00,23140.50,0.00000
85235,2026-09-26 00:45:06,2535,2340,0,4.25,14.28,2026-10-13,24850,130,195,0,1219.60,0.00,23140.50,0.05130
85236,2026-09-26 00:45:06,11635,18460,15990,2.90,13.85,2026-10-13,24900,0,0,0,0.00,0.00,23140.50,0.00000
85237,2026-09-26 00:45:06,7800,7930,650,3.60,14.65,2026-10-13,24950,0,0,0,0.00,0.00,23140.50,0.00000
85238,2026-09-26 00:45:06,85865,95745,115960,2.45,14.28,2026-10-13,25000,390,455,0,1710.00,0.00,23140.50,0.00450
85239,2026-09-26 00:45:06,1170,1105,130,3.30,15.20,2026-10-13,25050,0,0,0,0.00,0.00,23140.50,0.00000
85240,2026-09-26 00:45:06,3575,3835,1560,2.75,15.14,2026-10-13,25100,0,0,0,0.00,0.00,23140.50,0.00000
85241,2026-09-26 00:45:06,1560,1560,0,2.60,15.38,2026-10-13,25150,0,0,0,0.00,0.00,23140.50,0.00000
85242,2026-09-26 00:45:06,3510,2405,4030,2.45,15.63,2026-10-13,25200,0,0,0,0.00,0.00,23140.50,0.00000
85243,2026-09-26 00:45:06,845,585,0,2.35,15.87,2026-10-13,25250,0,0,0,0.00,0.00,23140.50,0.00000
85244,2026-09-26 00:45:06,1170,1105,0,2.50,16.30,2026-10-13,25300,0,0,0,0.00,0.00,23140.50,0.00000
85245,2026-09-26 00:45:06,780,780,650,2.20,16.36,2026-10-13,25350,0,0,0,0.00,0.00,23140.50,0.00000
85246,2026-09-26 00:45:06,23205,17680,36530,2.20,16.72,2026-10-13,25400,0,0,0,0.00,0.00,23140.50,0.00000
85486,2026-09-26 01:10:06,0,0,0,0.00,0.00,2026-10-13,20800,0,0,0,0.00,0.00,23140.50,
85487,2026-09-26 01:10:06,0,0,0,0.00,0.00,2026-10-13,20850,0,0,65,6.35,22.52,23140.50,
85488,2026-09-26 01:10:06,0,0,0,0.00,0.00,2026-10-13,20900,0,0,0,0.00,0.00,23140.50,
85489,2026-09-26 01:10:06,0,0,0,0.00,0.00,2026-10-13,20950,0,0,0,0.00,0.00,23140.50,
85490,2026-09-26 01:10:06,0,0,0,0.00,0.00,2026-10-13,21000,4030,0,7865,7.20,21.67,23140.50,
85491,2026-09-26 01:10:06,0,0,0,0.00,0.00,2026-10-13,21050,0,0,0,0.00,0.00,23140.50,
85492,2026-09-26 01:10:06,0,0,0,0.00,0.00,2026-10-13,21100,0,0,0,0.00,0.00,23140.50,
85493,2026-09-26 01:10:06,0,0,0,0.00,0.00,2026-10-13,21150,0,0,0,0.00,0.00,23140.50,
85494,2026-09-26 01:10:06,0,0,0,0.00,0.00,2026-10-13,21200,0,0,0,0.00,0.00,23140.50,
85495,2026-09-26 01:10:06,0,0,0,0.00,0.00,2026-10-13,21250,0,0,0,0.00,0.00,23140.50,
85496,2026-09-26 01:10:06,0,0,0,0.00,0.00,2026-10-13,21300,0,0,0,0.00,0.00,23140.50,
85497,2026-09-26 01:10:06,0,0,0,0.00,0.00,2026-10-13,21350,15080,8515,37505,8.30,18.98,23140.50,
85498,2026-09-26 01:10:06,0,0,0,0.00,0.00,2026-10-13,21400,17615,11180,19370,9.05,18.80,23140.50,
85499,2026-09-26 01:10:06,0,0,0,0.00,0.00,2026-10-13,21450,0,0,0,0.00,0.00,23140.50,
85500,2026-09-26 01:10:06,0,0,0,0.00,0.00,2026-10-13,21500,59670,44915,118820,10.05,18.16,23140.50,
85501,2026-09-26 01:10:06,0,0,0,0.00,0.00,2026-10-13,21550,0,0,0,0.00,0.00,23140.50,
85502,2026-09-26 01:10:06,0,0,0,0.00,0.00,2026-10-13,21600,5850,10010,24765,10.95,17.49,23140.50,
85503,2026-09-26 01:10:06,0,0,0,0.00,0.00,2026-10-13,21650,130,195,0,30.00,20.81,23140.50,
85504,2026-09-26 01:10:06,0,0,0,0.00,0.00,2026-10-13,21700,9035,11245,36270,11.00,16.60,23140.50,
85505,2026-09-26 01:10:06,0,0,0,0.00,0.00,2026-10-13,21750,5200,1495,10465,10.45,15.99,23140.50,
85506,2026-09-26 01:10:06,0,0,0,0.00,0.00,2026-10-13,21800,54665,42640,143715,14.15,16.37,23140.50,
85507,2026-09-26 01:10:06,0,0,0,0.00,0.00,2026-10-13,21850,5330,1625,14885,15.65,16.20,23140.50,
85508,2026-09-26 01:10:06,0,0,0,0.00,0.00,2026-10-13,21900,23595,13975,70265,15.15,15.66,23140.50,
85509,2026-09-26 01:10:06,0,0,0,0.00,0.00,2026-10-13,21950,3900,1820,10335,17.90,15.63,23140.50,
85510,2026-09-26 01:10:06,715,390,1950,1220.70,13.92,2026-10-13,22000,187590,157430,499460,17.40,15.09,23140.50,262.36360
85511,2026-09-26 01:10:06,0,0,0,0.00,0.00,2026-10-13,22050,6890,6435,5980,21.45,15.24,23140.50,
85512,2026-09-26 01:10:06,0,0,0,0.00,0.00,2026-10-13,22100,39845,31785,112580,21.55,14.72,23140.50,
85513,2026-09-26 01:10:06,0,0,0,0.00,0.00,2026-10-13,22150,10920,7020,16445,25.05,14.66,23140.50,
85514,2026-09-26 01:10:06,0,0,0,0.00,0.00,2026-10-13,22200,97435,67795,224250,25.00,14.28,23140.50,
85515,2026-09-26 01:10:06,0,0,0,0.00,0.00,2026-10-13,22250,12870,7215,22295,27.80,13.98,23140.50,
85516,2026-09-26 01:10:06,0,0,0,0.00,0.00,2026-10-13,22300,74425,54145,207025,31.05,13.78,23140.50,
85517,2026-09-26 01:10:06,0,0,0,0.00,0.00,2026-10-13,22350,12870,10660,19500,34.35,13.60,23140.50,
85518,2026-09-26 01:10:06,130,130,130,837.00,11.73,2026-10-13,22400,79365,53300,138515,38.30,13.42,23140.50,610.50000
85519,2026-09-26 01:10:06,0,0,0,0.00,0.00,2026-10-13,22450,11310,10205,17290,42.45,13.21,23140.50,
85520,2026-09-26 01:10:06,3120,1625,5655,754.55,12.45,2026-10-13,22500,259805,324610,718705,45.30,12.86,23140.50,83.27080
85521,2026-09-26 01:10:06,0,0,0,0.00,0.00,2026-10-13,22550,14300,15535,33020,52.35,12.76,23140.50,
85522,2026-09-26 01:10:06,0,0,0,0.00,0.00,2026-10-13,22600,105690,95615,243750,57.80,12.60,23140.50,
85523,2026-09-26 01:10:06,0,0,0,0.00,0.00,2026-10-13,22650,10270,5590,34775,65.00,12.46,23140.50,
85524,2026-09-26 01:10:06,2405,1495,4810,581.90,12.25,2026-10-13,22700,283270,211250,509210,71.35,12.20,23140.50,117.78380
85525,2026-09-26 01:10:06,0,0,0,0.00,0.00,2026-10-13,22750,18200,7345,46670,80.00,12.05,23140.50,
85526,2026-09-26 01:10:06,6045,6175,9620,501.40,11.77,2026-10-13,22800,158600,136175,487305,89.55,11.87,23140.50,26.23660
85527,2026-09-26 01:10:06,1365,1300,1040,425.00,9.57,2026-10-13,22850,19175,13325,43225,101.75,11.83,23140.50,14.04760
85528,2026-09-26 01:10:06,9295,6045,20345,425.60,11.57,2026-10-13,22900,74295,50960,283855,112.55,11.61,23140.50,7.99300
85529,2026-09-26 01:10:06,2665,3705,5785,393.20,11.67,2026-10-13,22950,20345,18135,45110,125.30,11.44,23140.50,7.63410
85530,2026-09-26 01:10:06,98995,65195,304460,359.65,11.61,2026-10-13,23000,267475,209495,541840,138.30,11.19,23140.50,2.70190
85531,2026-09-26 01:10:06,24895,11830,74555,324.40,11.39,2026-10-13,23050,25675,22685,95420,156.65,11.19,23140.50,1.03130
85532,2026-09-26 01:10:06,164645,38675,398320,288.70,11.38,2026-10-13,23100,193310,90870,473265,173.35,11.00,23140.50,1.17410
85533,2026-09-26 01:10:06,24505,20995,84240,262.15,11.15,2026-10-13,23150,24570,17225,67665,193.10,10.89,23140.50,1.00270
85534,2026-09-26 01:10:06,227565,112060,487890,233.40,11.02,2026-10-13,23200,258635,113620,529555,211.20,10.71,23140.50,1.13650
85535,2026-09-26 01:10:06,47840,44460,119470,208.45,10.99,2026-10-13,23250,26650,16575,36205,237.70,10.65,23140.50,0.55710
85536,2026-09-26 01:10:06,258050,217815,367380,181.55,10.78,2026-10-13,23300,128830,91715,142935,262.35,10.51,23140.50,0.49920
85537,2026-09-26 01:10:06,34255,43615,76050,160.00,10.74,2026-10-13,23350,11180,11505,11830,287.75,10.31,23140.50,0.32640
85538,2026-09-26 01:10:06,334100,236080,773240,137.50,10.57,2026-10-13,23400,128310,116350,73255,319.05,10.32,23140.50,0.38400
85539,2026-09-26 01:10:06,44850,36400,95745,119.00,10.50,2026-10-13,23450,17095,18330,8515,352.00,10.32,23140.50,0.38120
85540,2026-09-26 01:10:06,418015,322855,899600,101.75,10.46,2026-10-13,23500,172900,161720,92235,383.00,10.12,23140.50,0.41360
85541,2026-09-26 01:10:06,34060,27170,71825,87.00,10.36,2026-10-13,23550,9685,11960,3055,401.90,8.83,23140.50,0.28440
85542,2026-09-26 01:10:06,180440,127335,451620,73.00,10.25,2026-10-13,23600,38415,37115,10400,450.65,9.70,23140.50,0.21290
85543,2026-09-26 01:10:06,45565,38740,100035,62.50,10.28,2026-10-13,23650,7215,7540,1625,493.90,9.95,23140.50,0.15830
85544,2026-09-26 01:10:06,213720,179790,518115,53.00,10.28,2026-10-13,23700,11765,9230,7670,536.10,10.05,23140.50,0.05500
85545,2026-09-26 01:10:06,59930,53625,97825,44.65,10.28,2026-10-13,23750,4940,4940,325,549.90,6.64,23140.50,0.08240
85546,2026-09-26 01:10:06,245115,233805,461045,37.55,10.30,2026-10-13,23800,8515,8710,4095,617.30,9.70,23140.50,0.03470
85547,2026-09-26 01:10:06,79365,70200,74230,30.80,10.25,2026-10-13,23850,2210,2210,0,587.85,0.00,23140.50,0.02780
85548,2026-09-26 01:10:06,1365,0,2145,27.40,10.51,2026-10-13,23900,1560,1495,130,719.85,10.65,23140.50,1.14290
85549,2026-09-26 01:10:06,0,0,0,0.00,0.00,2026-10-13,23950,0,0,0,0.00,0.00,23140.50,
85550,2026-09-26 01:10:06,543400,418405,1159860,19.50,10.57,2026-10-13,24000,6825,6695,2535,792.00,8.21,23140.50,0.01260
85551,2026-09-26 01:10:06,127075,101010,215540,18.80,10.97,2026-10-13,24050,0,0,0,0.00,0.00,23140.50,0.00000
85552,2026-09-26 01:10:06,18330,0,31980,14.45,10.86,2026-10-13,24100,6630,6565,130,1020.65,20.92,23140.50,0.36170
85553,2026-09-26 01:10:06,0,0,0,0.00,0.00,2026-10-13,24150,130,65,0,654.00,0.00,23140.50,
85554,2026-09-26 01:10:06,268255,212030,382590,9.90,10.88,2026-10-13,24200,1235,780,975,999.25,11.47,23140.50,0.00460
85555,2026-09-26 01:10:06,19565,18590,6955,9.60,11.29,2026-10-13,24250,195,195,0,1053.40,11.84,23140.50,0.01000
85556,2026-09-26 01:10:06,71175,65650,99450,8.15,11.32,2026-10-13,24300,390,390,1235,1145.70,17.98,23140.50,0.00550
85557,2026-09-26 01:10:06,0,0,0,0.00,0.00,2026-10-13,24350,390,390,0,1000.00,0.00,23140.50,
85558,2026-09-26 01:10:06,37960,33410,73320,7.30,11.96,2026-10-13,24400,390,0,585,1171.25,0.00,23140.50,0.01030
85559,2026-09-26 01:10:06,6110,5200,4420,6.00,11.96,2026-10-13,24450,0,0,0,0.00,0.00,23140.50,0.00000
85560,2026-09-26 01:10:06,233610,194350,326235,6.20,12.39,2026-10-13,24500,1430,1040,455,1350.20,20.61,23140.50,0.00610
85561,2026-09-26 01:10:06,7670,455,20150,5.10,12.45,2026-10-13,24550,0,0,0,0.00,0.00,23140.50,0.00000
85562,2026-09-26 01:10:06,13910,3250,25285,4.80,12.70,2026-10-13,24600,65,65,0,1215.75,0.00,23140.50,0.00470
85563,2026-09-26 01:10:06,4030,2145,2535,4.80,13.06,2026-10-13,24650,0,0,0,0.00,0.00,23140.50,0.00000
85564,2026-09-26 01:10:06,5265,4225,4550,4.60,13.37,2026-10-13,24700,0,0,0,0.00,0.00,23140.50,0.00000
85565,2026-09-26 01:10:06,2145,2145,130,4.30,13.61,2026-10-13,24750,0,0,0,0.00,0.00,23140.50,0.00000
85566,2026-09-26 01:10:06,38480,39000,22945,4.00,13.79,2026-10-13,24800,0,0,0,0.00,0.00,23140.50,0.00000
85567,2026-09-26 01:10:06,2535,2340,0,4.25,14.28,2026-10-13,24850,130,195,0,1219.60,0.00,23140.50,0.05130
85568,2026-09-26 01:10:06,11635,18460,15990,2.90,13.85,2026-10-13,24900,0,0,0,0.00,0.00,23140.50,0.00000
85569,2026-09-26 01:10:06,7800,7930,650,3.60,14.65,2026-10-13,24950,0,0,0,0.00,0.00,23140.50,0.00000
85570,2026-09-26 01:10:06,85865,95745,115960,2.45,14.28,2026-10-13,25000,390,455,0,1710.00,0.00,23140.50,0.00450
85571,2026-09-26 01:10:06,1170,1105,130,3.30,15.20,2026-10-13,25050,0,0,0,0.00,0.00,23140.50,0.00000
85572,2026-09-26 01:10:06,3575,3835,1560,2.75,15.14,2026-10-13,25100,0,0,0,0.00,0.00,23140.50,0.00000
85573,2026-09-26 01:10:06,1560,1560,0,2.60,15.38,2026-10-13,25150,0,0,0,0.00,0.00,23140.50,0.00000
85574,2026-09-26 01:10:06,3510,2405,4030,2.45,15.63,2026-10-13,25200,0,0,0,0.00,0.00,23140.50,0.00000
85575,2026-09-26 01:10:06,845,585,0,2.35,15.87,2026-10-13,25250,0,0,0,0.00,0.00,23140.50,0.00000
85576,2026-09-26 01:10:06,1170,1105,0,2.50,16.30,2026-10-13,25300,0,0,0,0.00,0.00,23140.50,0.00000
85577,2026-09-26 01:10:06,780,780,650,2.20,16.36,2026-10-13,25350,0,0,0,0.00,0.00,23140.50,0.00000
85578,2026-09-26 01:10:06,23205,17680,36530,2.20,16.72,2026-10-13,25400,0,0,0,0.00,0.00,23140.50,0.00000
85818,2026-09-28 01:10:07,0,0,0,0.00,0.00,2026-10-13,20800,0,0,0,0.00,0.00,23140.50,
85819,2026-09-28 01:10:07,0,0,0,0.00,0.00,2026-10-13,20850,0,0,65,6.35,22.52,23140.50,
85820,2026-09-28 01:10:07,0,0,0,0.00,0.00,2026-10-13,20900,0,0,0,0.00,0.00,23140.50,
85821,2026-09-28 01:10:07,0,0,0,0.00,0.00,2026-10-13,20950,0,0,0,0.00,0.00,23140.50,
85822,2026-09-28 01:10:07,0,0,0,0.00,0.00,2026-10-13,21000,4030,0,7865,7.20,21.67,23140.50,
85823,2026-09-28 01:10:07,0,0,0,0.00,0.00,2026-10-13,21050,0,0,0,0.00,0.00,23140.50,
85824,2026-09-28 01:10:07,0,0,0,0.00,0.00,2026-10-13,21100,0,0,0,0.00,0.00,23140.50,
85825,2026-09-28 01:10:07,0,0,0,0.00,0.00,2026-10-13,21150,0,0,0,0.00,0.00,23140.50,
85826,2026-09-28 01:10:07,0,0,0,0.00,0.00,2026-10-13,21200,0,0,0,0.00,0.00,23140.50,
85827,2026-09-28 01:10:07,0,0,0,0.00,0.00,2026-10-13,21250,0,0,0,0.00,0.00,23140.50,
85828,2026-09-28 01:10:07,0,0,0,0.00,0.00,2026-10-13,21300,0,0,0,0.00,0.00,23140.50,
85829,2026-09-28 01:10:07,0,0,0,0.00,0.00,2026-10-13,21350,15080,8515,37505,8.30,18.98,23140.50,
85830,2026-09-28 01:10:07,0,0,0,0.00,0.00,2026-10-13,21400,17615,11180,19370,9.05,18.80,23140.50,
85831,2026-09-28 01:10:07,0,0,0,0.00,0.00,2026-10-13,21450,0,0,0,0.00,0.00,23140.50,
85832,2026-09-28 01:10:07,0,0,0,0.00,0.00,2026-10-13,21500,59670,44915,118820,10.05,18.16,23140.50,
85833,2026-09-28 01:10:07,0,0,0,0.00,0.00,2026-10-13,21550,0,0,0,0.00,0.00,23140.50,
85834,2026-09-28 01:10:07,0,0,0,0.00,0.00,2026-10-13,21600,5850,10010,24765,10.95,17.49,23140.50,
85835,2026-09-28 01:10:07,0,0,0,0.00,0.00,2026-10-13,21650,130,195,0,30.00,20.81,23140.50,
85836,2026-09-28 01:10:07,0,0,0,0.00,0.00,2026-10-13,21700,9035,11245,36270,11.00,16.60,23140.50,
85837,2026-09-28 01:10:07,0,0,0,0.00,0.00,2026-10-13,21750,5200,1495,10465,10.45,15.99,23140.50,
85838,2026-09-28 01:10:07,0,0,0,0.00,0.00,2026-10-13,21800,54665,42640,143715,14.15,16.37,23140.50,
85839,2026-09-28 01:10:07,0,0,0,0.00,0.00,2026-10-13,21850,5330,1625,14885,15.65,16.20,23140.50,
85840,2026-09-28 01:10:07,0,0,0,0.00,0.00,2026-10-13,21900,23595,13975,70265,15.15,15.66,23140.50,
85841,2026-09-28 01:10:07,0,0,0,0.00,0.00,2026-10-13,21950,3900,1820,10335,17.90,15.63,23140.50,
85842,2026-09-28 01:10:07,715,390,1950,1220.70,13.92,2026-10-13,22000,187590,157430,499460,17.40,15.09,23140.50,262.36360
85843,2026-09-28 01:10:07,0,0,0,0.00,0.00,2026-10-13,22050,6890,6435,5980,21.45,15.24,23140.50,
85844,2026-09-28 01:10:07,0,0,0,0.00,0.00,2026-10-13,22100,39845,31785,112580,21.55,14.72,23140.50,
85845,2026-09-28 01:10:07,0,0,0,0.00,0.00,2026-10-13,22150,10920,7020,16445,25.05,14.66,23140.50,
85846,2026-09-28 01:10:07,0,0,0,0.00,0.00,2026-10-13,22200,97435,67795,224250,25.00,14.28,23140.50,
85847,2026-09-28 01:10:07,0,0,0,0.00,0.00,2026-10-13,22250,12870,7215,22295,27.80,13.98,23140.50,
85848,2026-09-28 01:10:07,0,0,0,0.00,0.00,2026-10-13,22300,74425,54145,207025,31.05,13.78,23140.50,
85849,2026-09-28 01:10:07,0,0,0,0.00,0.00,2026-10-13,22350,12870,10660,19500,34.35,13.60,23140.50,
85850,2026-09-28 01:10:07,130,130,130,837.00,11.73,2026-10-13,22400,79365,53300,138515,38.30,13.42,23140.50,610.50000
85851,2026-09-28 01:10:07,0,0,0,0.00,0.00,2026-10-13,22450,11310,10205,17290,42.45,13.21,23140.50,
85852,2026-09-28 01:10:07,3120,1625,5655,754.55,12.45,2026-10-13,22500,259805,324610,718705,45.30,12.86,23140.50,83.27080
85853,2026-09-28 01:10:07,0,0,0,0.00,0.00,2026-10-13,22550,14300,15535,33020,52.35,12.76,23140.50,
85854,2026-09-28 01:10:07,0,0,0,0.00,0.00,2026-10-13,22600,105690,95615,243750,57.80,12.60,23140.50,
85855,2026-09-28 01:10:07,0,0,0,0.00,0.00,2026-10-13,22650,10270,5590,34775,65.00,12.46,23140.50,
85856,2026-09-28 01:10:07,2405,1495,4810,581.90,12.25,2026-10-13,22700,283270,211250,509210,71.35,12.20,23140.50,117.78380
85857,2026-09-28 01:10:07,0,0,0,0.00,0.00,2026-10-13,22750,18200,7345,46670,80.00,12.05,23140.50,
85858,2026-09-28 01:10:07,6045,6175,9620,501.40,11.77,2026-10-13,22800,158600,136175,487305,89.55,11.87,23140.50,26.23660
85859,2026-09-28 01:10:07,1365,1300,1040,425.00,9.57,2026-10-13,22850,19175,13325,43225,101.75,11.83,23140.50,14.04760
85860,2026-09-28 01:10:07,9295,6045,20345,425.60,11.57,2026-10-13,22900,74295,50960,283855,112.55,11.61,23140.50,7.99300
85861,2026-09-28 01:10:07,2665,3705,5785,393.20,11.67,2026-10-13,22950,20345,18135,45110,125.30,11.44,23140.50,7.63410
85862,2026-09-28 01:10:07,98995,65195,304460,359.65,11.61,2026-10-13,23000,267475,209495,541840,138.30,11.19,23140.50,2.70190
85863,2026-09-28 01:10:07,24895,11830,74555,324.40,11.39,2026-10-13,23050,25675,22685,95420,156.65,11.19,23140.50,1.03130
85864,2026-09-28 01:10:07,164645,38675,398320,288.70,11.38,2026-10-13,23100,193310,90870,473265,173.35,11.00,23140.50,1.17410
85865,2026-09-28 01:10:07,24505,20995,84240,262.15,11.15,2026-10-13,23150,24570,17225,67665,193.10,10.89,23140.50,1.00270
85866,2026-09-28 01:10:07,227565,112060,487890,233.40,11.02,2026-10-13,23200,258635,113620,529555,211.20,10.71,23140.50,1.13650
85867,2026-09-28 01:10:07,47840,44460,119470,208.45,10.99,2026-10-13,23250,26650,16575,36205,237.70,10.65,23140.50,0.55710
85868,2026-09-28 01:10:07,258050,217815,367380,181.55,10.78,2026-10-13,23300,128830,91715,142935,262.35,10.51,23140.50,0.49920
85869,2026-09-28 01:10:07,34255,43615,76050,160.00,10.74,2026-10-13,23350,11180,11505,11830,287.75,10.31,23140.50,0.32640
85870,2026-09-28 01:10:07,334100,236080,773240,137.50,10.57,2026-10-13,23400,128310,116350,73255,319.05,10.32,23140.50,0.38400
85871,2026-09-28 01:10:07,44850,36400,95745,119.00,10.50,2026-10-13,23450,17095,18330,8515,352.00,10.32,23140.50,0.38120
85872,2026-09-28 01:10:07,418015,322855,899600,101.75,10.46,2026-10-13,23500,172900,161720,92235,383.00,10.12,23140.50,0.41360
85873,2026-09-28 01:10:07,34060,27170,71825,87.00,10.36,2026-10-13,23550,9685,11960,3055,401.90,8.83,23140.50,0.28440
85874,2026-09-28 01:10:07,180440,127335,451620,73.00,10.25,2026-10-13,23600,38415,37115,10400,450.65,9.70,23140.50,0.21290
85875,2026-09-28 01:10:07,45565,38740,100035,62.50,10.28,2026-10-13,23650,7215,7540,1625,493.90,9.95,23140.50,0.15830
85876,2026-09-28 01:10:07,213720,179790,518115,53.00,10.28,2026-10-13,23700,11765,9230,7670,536.10,10.05,23140.50,0.05500
85877,2026-09-28 01:10:07,59930,53625,97825,44.65,10.28,2026-10-13,23750,4940,4940,325,549.90,6.64,23140.50,0.08240
85878,2026-09-28 01:10:07,245115,233805,461045,37.55,10.30,2026-10-13,23800,8515,8710,4095,617.30,9.70,23140.50,0.03470
85879,2026-09-28 01:10:07,79365,70200,74230,30.80,10.25,2026-10-13,23850,2210,2210,0,587.85,0.00,23140.50,0.02780
85880,2026-09-28 01:10:07,1365,0,2145,27.40,10.51,2026-10-13,23900,1560,1495,130,719.85,10.65,23140.50,1.14290
85881,2026-09-28 01:10:07,0,0,0,0.00,0.00,2026-10-13,23950,0,0,0,0.00,0.00,23140.50,
85882,2026-09-28 01:10:07,543400,418405,1159860,19.50,10.57,2026-10-13,24000,6825,6695,2535,792.00,8.21,23140.50,0.01260
85883,2026-09-28 01:10:07,127075,101010,215540,18.80,10.97,2026-10-13,24050,0,0,0,0.00,0.00,23140.50,0.00000
85884,2026-09-28 01:10:07,18330,0,31980,14.45,10.86,2026-10-13,24100,6630,6565,130,1020.65,20.92,23140.50,0.36170
85885,2026-09-28 01:10:07,0,0,0,0.00,0.00,2026-10-13,24150,130,65,0,654.00,0.00,23140.50,
85886,2026-09-28 01:10:07,268255,212030,382590,9.90,10.88,2026-10-13,24200,1235,780,975,999.25,11.47,23140.50,0.00460
85887,2026-09-28 01:10:07,19565,18590,6955,9.60,11.29,2026-10-13,24250,195,195,0,1053.40,11.84,23140.50,0.01000
85888,2026-09-28 01:10:07,71175,65650,99450,8.15,11.32,2026-10-13,24300,390,390,1235,1145.70,17.98,23140.50,0.00550
85889,2026-09-28 01:10:07,0,0,0,0.00,0.00,2026-10-13,24350,390,390,0,1000.00,0.00,23140.50,
85890,2026-09-28 01:10:07,37960,33410,73320,7.30,11.96,2026-10-13,24400,390,0,585,1171.25,0.00,23140.50,0.01030
85891,2026-09-28 01:10:07,6110,5200,4420,6.00,11.96,2026-10-13,24450,0,0,0,0.00,0.00,23140.50,0.00000
85892,2026-09-28 01:10:07,233610,194350,326235,6.20,12.39,2026-10-13,24500,1430,1040,455,1350.20,20.61,23140.50,0.00610
85893,2026-09-28 01:10:07,7670,455,20150,5.10,12.45,2026-10-13,24550,0,0,0,0.00,0.00,23140.50,0.00000
85894,2026-09-28 01:10:07,13910,3250,25285,4.80,12.70,2026-10-13,24600,65,65,0,1215.75,0.00,23140.50,0.00470
85895,2026-09-28 01:10:07,4030,2145,2535,4.80,13.06,2026-10-13,24650,0,0,0,0.00,0.00,23140.50,0.00000
85896,2026-09-28 01:10:07,5265,4225,4550,4.60,13.37,2026-10-13,24700,0,0,0,0.00,0.00,23140.50,0.00000
85897,2026-09-28 01:10:07,2145,2145,130,4.30,13.61,2026-10-13,24750,0,0,0,0.00,0.00,23140.50,0.00000
85898,2026-09-28 01:10:07,38480,39000,22945,4.00,13.79,2026-10-13,24800,0,0,0,0.00,0.00,23140.50,0.00000
85899,2026-09-28 01:10:07,2535,2340,0,4.25,14.28,2026-10-13,24850,130,195,0,1219.60,0.00,23140.50,0.05130
85900,2026-09-28 01:10:07,11635,18460,15990,2.90,13.85,2026-10-13,24900,0,0,0,0.00,0.00,23140.50,0.00000
85901,2026-09-28 01:10:07,7800,7930,650,3.60,14.65,2026-10-13,24950,0,0,0,0.00,0.00,23140.50,0.00000
85902,2026-09-28 01:10:07,85865,95745,115960,2.45,14.28,2026-10-13,25000,390,455,0,1710.00,0.00,23140.50,0.00450
85903,2026-09-28 01:10:07,1170,1105,130,3.30,15.20,2026-10-13,25050,0,0,0,0.00,0.00,23140.50,0.00000
85904,2026-09-28 01:10:07,3575,3835,1560,2.75,15.14,2026-10-13,25100,0,0,0,0.00,0.00,23140.50,0.00000
85905,2026-09-28 01:10:07,1560,1560,0,2.60,15.38,2026-10-13,25150,0,0,0,0.00,0.00,23140.50,0.00000
85906,2026-09-28 01:10:07,3510,2405,4030,2.45,15.63,2026-10-13,25200,0,0,0,0.00,0.00,23140.50,0.00000
85907,2026-09-28 01:10:07,845,585,0,2.35,15.87,2026-10-13,25250,0,0,0,0.00,0.00,23140.50,0.00000
85908,2026-09-28 01:10:07,1170,1105,0,2.50,16.30,2026-10-13,25300,0,0,0,0.00,0.00,23140.50,0.00000
85909,2026-09-28 01:10:07,780,780,650,2.20,16.36,2026-10-13,25350,0,0,0,0.00,0.00,23140.50,0.00000
85910,2026-09-28 01:10:07,23205,17680,36530,2.20,16.72,2026-10-13,25400,0,0,0,0.00,0.00,23140.50,0.00000
