ledger_id,date_entry,call_writer_oi,call_wri_oi_prev,call_volume,call_ltp,call_iv,expiry_date,strike_price,put_writer_oi,put_wri_oi_prev,put_volume,put_ltp,put_iv,nifty_spot_price,pcr,rounded_spot_price
20,2026-09-21 08:54:06,8385,8775,1430,1067.20,24.54,2026-09-22,22300,5153980,4453670,37942125,3.00,20.51,23346.40,614.66670,23300
22,2026-09-21 08:54:06,2535,2795,6110,952.90,0.00,2026-09-22,22400,4249765,3176680,40222780,2.85,19.17,23346.40,1676.43590,23300
24,2026-09-21 08:54:06,84045,90480,44850,856.10,0.00,2026-09-22,22500,9086350,8376160,51354355,3.65,17.82,23346.40,108.11290,23300
26,2026-09-21 08:54:06,40950,43940,16510,757.45,0.00,2026-09-22,22600,5502445,4661280,38724855,4.15,16.54,23346.40,134.36980,23300
28,2026-09-21 08:54:06,52585,59410,65390,655.70,0.00,2026-09-22,22700,6302660,6011460,42283215,5.25,15.26,23346.40,119.85660,23300
30,2026-09-21 08:54:06,119990,103480,350935,559.45,9.28,2026-09-22,22800,7461415,5382000,56873245,6.45,13.92,23346.40,62.18360,23300
32,2026-09-21 08:54:06,136500,125190,577460,462.85,10.62,2026-09-22,22900,4993365,3592160,56360135,8.55,12.60,23346.40,36.58140,23300
34,2026-09-21 08:54:06,636675,906100,7493980,368.00,9.61,2026-09-22,23000,11074895,9652695,127371855,13.00,11.51,23346.40,17.39490,23300
36,2026-09-21 08:54:06,599950,822770,13175500,274.50,9.46,2026-09-22,23100,6503185,5361525,123673160,21.20,10.62,23346.40,10.83950,23300
38,2026-09-21 08:54:06,2674945,3326960,81702465,188.90,9.13,2026-09-22,23200,9868885,8699015,221026780,35.00,9.81,23346.40,3.68940,23300
40,2026-09-21 08:54:06,7636070,6604520,365840215,117.50,8.74,2026-09-22,23300,13081250,6793020,460814445,64.45,9.38,23346.40,1.71310,23300
42,2026-09-21 08:54:06,9061130,6523140,317461235,64.00,8.56,2026-09-22,23400,4843670,2979860,171277210,110.30,9.06,23346.40,0.53460,23300
44,2026-09-21 08:54:06,9505535,8983975,229241675,30.05,8.38,2026-09-22,23500,2408965,2251470,47578960,176.00,8.83,23346.40,0.25340,23300
46,2026-09-21 08:54:06,7925970,6667505,136370910,12.55,8.42,2026-09-22,23600,743015,750100,9293050,256.30,9.46,23346.40,0.09370,23300
48,2026-09-21 08:54:06,9592570,7561255,85262060,5.35,8.85,2026-09-22,23700,536835,708175,1842425,351.75,10.38,23346.40,0.05600,23300
50,2026-09-21 08:54:06,8249085,8367840,60533330,3.05,9.64,2026-09-22,23800,458900,484380,529035,449.50,12.18,23346.40,0.05560,23300
52,2026-09-21 08:54:06,5807685,6804720,47645000,2.10,10.93,2026-09-22,23900,436930,451230,92430,548.90,13.70,23346.40,0.07520,23300
54,2026-09-21 08:54:06,11679200,10309845,59392840,1.90,12.21,2026-09-22,24000,921505,1043900,618475,644.35,13.43,23346.40,0.07890,23300
56,2026-09-21 08:54:06,5165420,3481725,38195560,1.30,13.18,2026-09-22,24100,137930,142220,26845,744.65,15.32,23346.40,0.02670,23300
58,2026-09-21 08:54:06,6376045,5408910,26739050,1.15,14.53,2026-09-22,24200,166725,178165,35750,845.90,17.82,23346.40,0.02610,23300
60,2026-09-21 08:54:06,4093960,3808285,17598750,0.90,15.38,2026-09-22,24300,94250,97240,15795,946.20,19.71,23346.40,0.02300,23300
334,2026-09-21 08:55:06,8385,8775,1430,1067.20,24.54,2026-09-22,22300,5153980,4453670,37942125,3.00,20.51,23346.40,614.66670,23300
336,2026-09-21 08:55:06,2535,2795,6110,952.90,0.00,2026-09-22,22400,4249765,3176680,40222780,2.85,19.17,23346.40,1676.43590,23300
338,2026-09-21 08:55:06,84045,90480,44850,856.10,0.00,2026-09-22,22500,9086350,8376160,51354355,3.65,17.82,23346.40,108.11290,23300
340,2026-09-21 08:55:06,40950,43940,16510,757.45,0.00,2026-09-22,22600,5502445,4661280,38724855,4.15,16.54,23346.40,134.36980,23300
342,2026-09-21 08:55:06,52585,59410,65390,655.70,0.00,2026-09-22,22700,6302660,6011460,42283215,5.25,15.26,23346.40,119.85660,23300
344,2026-09-21 08:55:06,119990,103480,350935,559.45,9.28,2026-09-22,22800,7461415,5382000,56873245,6.45,13.92,23346.40,62.18360,23300
346,2026-09-21 08:55:06,136500,125190,577460,462.85,10.62,2026-09-22,22900,4993365,3592160,56360135,8.55,12.60,23346.40,36.58140,23300
348,2026-09-21 08:55:06,636675,906100,7493980,368.00,9.61,2026-09-22,23000,11074895,9652695,127371855,13.00,11.51,23346.40,17.39490,23300
350,2026-09-21 08:55:06,599950,822770,13175500,274.50,9.46,2026-09-22,23100,6503185,5361525,123673160,21.20,10.62,23346.40,10.83950,23300
352,2026-09-21 08:55:06,2674945,3326960,81702465,188.90,9.13,2026-09-22,23200,9868885,8699015,221026780,35.00,9.81,23346.40,3.68940,23300
354,2026-09-21 08:55:06,7636070,6604520,365840215,117.50,8.74,2026-09-22,23300,13081250,6793020,460814445,64.45,9.38,23346.40,1.71310,23300
356,2026-09-21 08:55:06,9061130,6523140,317461235,64.00,8.56,2026-09-22,23400,4843670,2979860,171277210,110.30,9.06,23346.40,0.53460,23300
358,2026-09-21 08:55:06,9505535,8983975,229241675,30.05,8.38,2026-09-22,23500,2408965,2251470,47578960,176.00,8.83,23346.40,0.25340,23300
360,2026-09-21 08:55:06,7925970,6667505,136370910,12.55,8.42,2026-09-22,23600,743015,750100,9293050,256.30,9.46,23346.40,0.09370,23300
362,2026-09-21 08:55:06,9592570,7561255,85262060,5.35,8.85,2026-09-22,23700,536835,708175,1842425,351.75,10.38,23346.40,0.05600,23300
364,2026-09-21 08:55:06,8249085,8367840,60533330,3.05,9.64,2026-09-22,23800,458900,484380,529035,449.50,12.18,23346.40,0.05560,23300
366,2026-09-21 08:55:06,5807685,6804720,47645000,2.10,10.93,2026-09-22,23900,436930,451230,92430,548.90,13.70,23346.40,0.07520,23300
368,2026-09-21 08:55:06,11679200,10309845,59392840,1.90,12.21,2026-09-22,24000,921505,1043900,618475,644.35,13.43,23346.40,0.07890,23300
370,2026-09-21 08:55:06,5165420,3481725,38195560,1.30,13.18,2026-09-22,24100,137930,142220,26845,744.65,15.32,23346.40,0.02670,23300
372,2026-09-21 08:55:06,6376045,5408910,26739050,1.15,14.53,2026-09-22,24200,166725,178165,35750,845.90,17.82,23346.40,0.02610,23300
374,2026-09-21 08:55:06,4093960,3808285,17598750,0.90,15.38,2026-09-22,24300,94250,97240,15795,946.20,19.71,23346.40,0.02300,23300
648,2026-09-21 09:00:06,8385,8775,1430,1067.20,24.54,2026-09-22,22300,5153980,4453670,37942125,3.00,20.51,23197.15,614.66670,23200
650,2026-09-21 09:00:06,2535,2795,6110,952.90,0.00,2026-09-22,22400,4249765,3176680,40222780,2.85,19.17,23197.15,1676.43590,23200
652,2026-09-21 09:00:06,84045,90480,44850,856.10,0.00,2026-09-22,22500,9086350,8376160,51354355,3.65,17.82,23197.15,108.11290,23200
654,2026-09-21 09:00:06,40950,43940,16510,757.45,0.00,2026-09-22,22600,5502445,4661280,38724855,4.15,16.54,23197.15,134.36980,23200
656,2026-09-21 09:00:06,52585,59410,65390,655.70,0.00,2026-09-22,22700,6302660,6011460,42283215,5.25,15.26,23197.15,119.85660,23200
658,2026-09-21 09:00:06,119990,103480,350935,559.45,9.28,2026-09-22,22800,7461415,5382000,56873245,6.45,13.92,23197.15,62.18360,23200
660,2026-09-21 09:00:06,136500,125190,577460,462.85,10.62,2026-09-22,22900,4993365,3592160,56360135,8.55,12.60,23197.15,36.58140,23200
662,2026-09-21 09:00:06,636675,906100,7493980,368.00,9.61,2026-09-22,23000,11074895,9652695,127371855,13.00,11.51,23197.15,17.39490,23200
664,2026-09-21 09:00:06,599950,822770,13175500,274.50,9.46,2026-09-22,23100,6503185,5361525,123673160,21.20,10.62,23197.15,10.83950,23200
666,2026-09-21 09:00:06,2674945,3326960,81702465,188.90,9.13,2026-09-22,23200,9868885,8699015,221026780,35.00,9.81,23197.15,3.68940,23200
668,2026-09-21 09:00:06,7636070,6604520,365840215,117.50,8.74,2026-09-22,23300,13081250,6793020,460814445,64.45,9.38,23197.15,1.71310,23200
670,2026-09-21 09:00:06,9061130,6523140,317461235,64.00,8.56,2026-09-22,23400,4843670,2979860,171277210,110.30,9.06,23197.15,0.53460,23200
672,2026-09-21 09:00:06,9505535,8983975,229241675,30.05,8.38,2026-09-22,23500,2408965,2251470,47578960,176.00,8.83,23197.15,0.25340,23200
674,2026-09-21 09:00:06,7925970,6667505,136370910,12.55,8.42,2026-09-22,23600,743015,750100,9293050,256.30,9.46,23197.15,0.09370,23200
676,2026-09-21 09:00:06,9592570,7561255,85262060,5.35,8.85,2026-09-22,23700,536835,708175,1842425,351.75,10.38,23197.15,0.05600,23200
678,2026-09-21 09:00:06,8249085,8367840,60533330,3.05,9.64,2026-09-22,23800,458900,484380,529035,449.50,12.18,23197.15,0.05560,23200
680,2026-09-21 09:00:06,5807685,6804720,47645000,2.10,10.93,2026-09-22,23900,436930,451230,92430,548.90,13.70,23197.15,0.07520,23200
682,2026-09-21 09:00:06,11679200,10309845,59392840,1.90,12.21,2026-09-22,24000,921505,1043900,618475,644.35,13.43,23197.15,0.07890,23200
684,2026-09-21 09:00:06,5165420,3481725,38195560,1.30,13.18,2026-09-22,24100,137930,142220,26845,744.65,15.32,23197.15,0.02670,23200
686,2026-09-21 09:00:06,6376045,5408910,26739050,1.15,14.53,2026-09-22,24200,166725,178165,35750,845.90,17.82,23197.15,0.02610,23200
688,2026-09-21 09:00:06,4093960,3808285,17598750,0.90,15.38,2026-09-22,24300,94250,97240,15795,946.20,19.71,23197.15,0.02300,23200
962,2026-09-21 09:12:06,8385,8385,1430,1067.20,0.00,2026-09-22,22300,5153980,5147740,37942125,3.00,0.00,23330.20,614.66670,23300
964,2026-09-21 09:12:06,2535,2470,6110,952.90,0.00,2026-09-22,22400,4249765,4242420,40222780,2.85,0.00,23330.20,1676.43590,23300
966,2026-09-21 09:12:06,84045,84045,44850,856.10,0.00,2026-09-22,22500,9086350,9022520,51354355,3.65,0.00,23330.20,108.11290,23300
968,2026-09-21 09:12:06,40950,40755,16510,757.45,0.00,2026-09-22,22600,5502445,5245435,38724855,4.15,0.00,23330.20,134.36980,23300
970,2026-09-21 09:12:06,52585,52520,65390,655.70,0.00,2026-09-22,22700,6302660,6306950,42283215,5.25,0.00,23330.20,119.85660,23300
972,2026-09-21 09:12:06,119990,119275,350935,559.45,0.00,2026-09-22,22800,7461415,7208240,56873245,6.45,0.00,23330.20,62.18360,23300
974,2026-09-21 09:12:06,136500,136565,577460,462.85,0.00,2026-09-22,22900,4993365,4972825,56360135,8.55,0.00,23330.20,36.58140,23300
976,2026-09-21 09:12:06,636675,621790,7493980,368.00,0.00,2026-09-22,23000,11074895,10994165,127371855,13.00,0.00,23330.20,17.39490,23300
978,2026-09-21 09:12:06,599950,594425,13175500,274.50,0.00,2026-09-22,23100,6503185,6429865,123673160,21.20,0.00,23330.20,10.83950,23300
980,2026-09-21 09:12:06,2674945,2665520,81702465,188.90,0.00,2026-09-22,23200,9868885,9601865,221026780,35.00,0.00,23330.20,3.68940,23300
982,2026-09-21 09:12:06,7636070,7419685,365840215,117.50,0.00,2026-09-22,23300,13081250,12686570,460814445,64.45,0.00,23330.20,1.71310,23300
984,2026-09-21 09:12:06,9061130,8768240,317461235,64.00,0.00,2026-09-22,23400,4843670,4787315,171277210,110.30,0.00,23330.20,0.53460,23300
986,2026-09-21 09:12:06,9505535,9226165,229241675,30.05,0.00,2026-09-22,23500,2408965,2405260,47578960,176.00,0.00,23330.20,0.25340,23300
988,2026-09-21 09:12:06,7925970,7909005,136370910,12.55,0.00,2026-09-22,23600,743015,739765,9293050,256.30,0.00,23330.20,0.09370,23300
990,2026-09-21 09:12:06,9592570,9495720,85262060,5.35,0.00,2026-09-22,23700,536835,536770,1842425,351.75,0.00,23330.20,0.05600,23300
992,2026-09-21 09:12:06,8249085,8214375,60533330,3.05,0.00,2026-09-22,23800,458900,458770,529035,449.50,0.00,23330.20,0.05560,23300
994,2026-09-21 09:12:06,5807685,5844280,47645000,2.10,0.00,2026-09-22,23900,436930,436865,92430,548.90,0.00,23330.20,0.07520,23300
996,2026-09-21 09:12:06,11679200,11558560,59392840,1.90,0.00,2026-09-22,24000,921505,921505,618475,644.35,0.00,23330.20,0.07890,23300
998,2026-09-21 09:12:06,5165420,5163795,38195560,1.30,0.00,2026-09-22,24100,137930,138060,26845,744.65,0.00,23330.20,0.02670,23300
1000,2026-09-21 09:12:06,6376045,6358625,26739050,1.15,0.00,2026-09-22,24200,166725,166790,35750,845.90,0.00,23330.20,0.02610,23300
1002,2026-09-21 09:12:06,4093960,4095000,17598750,0.90,0.00,2026-09-22,24300,94250,94250,15795,946.20,0.00,23330.20,0.02300,23300
1276,2026-09-21 09:16:06,8385,8385,0,1067.20,49.32,2026-09-22,22300,5192460,5147740,975455,1.35,33.20,23342.95,619.25580,23300
1278,2026-09-21 09:16:06,2535,2470,0,952.90,30.52,2026-09-22,22400,4244630,4242420,1369745,1.50,30.76,23342.95,1674.41030,23300
1280,2026-09-21 09:16:06,84045,84045,130,857.25,34.18,2026-09-22,22500,9074650,9022520,3058770,1.95,28.81,23342.95,107.97370,23300
1282,2026-09-21 09:16:06,40755,40755,65,757.85,31.31,2026-09-22,22600,5235100,5245435,2329210,2.30,26.49,23342.95,128.45300,23300
1284,2026-09-21 09:16:06,52520,52520,325,659.95,29.42,2026-09-22,22700,6309095,6306950,1755195,2.75,24.17,23342.95,120.12750,23300
1286,2026-09-21 09:16:06,119275,119275,3120,561.90,26.92,2026-09-22,22800,7264465,7208240,2301195,3.60,21.97,23342.95,60.90520,23300
1288,2026-09-21 09:16:06,136630,136565,6370,463.80,21.36,2026-09-22,22900,4970290,4972825,2437825,5.15,19.78,23342.95,36.37770,23300
1290,2026-09-21 09:16:06,624260,621790,87555,363.60,19.68,2026-09-22,23000,11042395,10994165,4293575,8.35,17.94,23342.95,17.68880,23300
1292,2026-09-21 09:16:06,596180,594425,114270,269.85,17.82,2026-09-22,23100,6464185,6429865,3172780,15.05,16.45,23342.95,10.84270,23300
1294,2026-09-21 09:16:06,2682160,2665520,798980,183.25,16.60,2026-09-22,23200,9710090,9601865,3802370,29.30,15.23,23342.95,3.62030,23300
1296,2026-09-21 09:16:06,7601815,7419685,3959280,109.20,15.18,2026-09-22,23300,13069810,12686570,6861205,56.00,14.18,23342.95,1.71930,23300
1298,2026-09-21 09:16:06,9289930,8768240,6851975,55.80,14.28,2026-09-22,23400,4871685,4787315,3253705,102.40,13.52,23342.95,0.52440,23300
1300,2026-09-21 09:16:06,9317750,9226165,4852185,23.45,13.82,2026-09-22,23500,2413970,2405260,840580,169.60,12.63,23342.95,0.25910,23300
1302,2026-09-21 09:16:06,8040760,7909005,3443635,8.45,13.85,2026-09-22,23600,747240,739765,166270,254.50,11.29,23342.95,0.09290,23300
1304,2026-09-21 09:16:06,9583405,9495720,2606305,3.30,14.53,2026-09-22,23700,537420,536770,18395,349.20,0.00,23342.95,0.05610,23300
1306,2026-09-21 09:16:06,8193250,8214375,1889615,1.95,16.24,2026-09-22,23800,458770,458770,5655,447.20,0.00,23342.95,0.05600,23300
1308,2026-09-21 09:16:06,5839470,5844280,1001130,1.55,18.68,2026-09-22,23900,436865,436865,715,547.90,0.00,23342.95,0.07480,23300
1310,2026-09-21 09:16:06,11618490,11558560,3679910,1.25,20.75,2026-09-22,24000,921830,921505,8385,645.35,0.00,23342.95,0.07930,23300
1312,2026-09-21 09:16:06,5256810,5163795,1226160,1.10,22.95,2026-09-22,24100,137930,138060,0,744.65,0.00,23342.95,0.02620,23300
1314,2026-09-21 09:16:06,6419335,6358625,877500,1.00,25.39,2026-09-22,24200,166790,166790,325,846.95,0.00,23342.95,0.02600,23300
1316,2026-09-21 09:16:06,4125875,4095000,355615,0.85,27.34,2026-09-22,24300,94250,94250,0,946.20,0.00,23342.95,0.02280,23300
1590,2026-09-21 09:21:06,8385,8385,0,1067.20,0.00,2026-09-22,22300,5108285,5147740,2970240,1.40,34.18,23384.85,609.21710,23400
1592,2026-09-21 09:21:06,2535,2470,0,952.90,0.00,2026-09-22,22400,4100720,4242420,3736070,1.70,32.23,23384.85,1617.64100,23400
1594,2026-09-21 09:21:06,83785,84045,1950,876.75,0.00,2026-09-22,22500,8701355,9022520,7961200,1.95,29.79,23384.85,103.85340,23400
1596,2026-09-21 09:21:06,40755,40755,1040,783.30,0.00,2026-09-22,22600,4871425,5245435,8225620,2.25,27.47,23384.85,119.52950,23400
1598,2026-09-21 09:21:06,55705,52520,4355,690.25,26.92,2026-09-22,22700,7403370,6306950,6696105,2.70,25.15,23384.85,132.90320,23400
1600,2026-09-21 09:21:06,119145,119275,7020,581.35,0.00,2026-09-22,22800,7003620,7208240,6624410,3.25,22.64,23384.85,58.78230,23400
1602,2026-09-21 09:21:06,136045,136565,23140,486.40,0.00,2026-09-22,22900,5128045,4972825,7422480,4.40,20.39,23384.85,37.69370,23400
1604,2026-09-21 09:21:06,674570,621790,296920,390.55,16.48,2026-09-22,23000,11886940,10994165,12941045,6.70,18.43,23384.85,17.62150,23400
1606,2026-09-21 09:21:06,669825,594425,523055,295.00,15.63,2026-09-22,23100,7511140,6429865,9581715,11.50,16.72,23384.85,11.21360,23400
1608,2026-09-21 09:21:06,3028025,2665520,3582540,204.95,14.77,2026-09-22,23200,12673310,9601865,13016640,22.05,15.47,23384.85,4.18530,23400
1610,2026-09-21 09:21:06,9360390,7419685,15109250,126.55,13.98,2026-09-22,23300,18481905,12686570,23330320,43.50,14.50,23384.85,1.97450,23400
1612,2026-09-21 09:21:06,15078180,8768240,27001390,66.60,13.43,2026-09-22,23400,8927490,4787315,15446470,83.20,13.85,23384.85,0.59210,23400
1614,2026-09-21 09:21:06,12504310,9226165,18711940,28.95,13.14,2026-09-22,23500,3569150,2405260,3778320,145.90,13.87,23384.85,0.28540,23400
1616,2026-09-21 09:21:06,9168120,7909005,10863255,10.75,13.21,2026-09-22,23600,892190,739765,657865,228.65,14.53,23384.85,0.09730,23400
1618,2026-09-21 09:21:06,9804340,9495720,9414535,4.25,14.04,2026-09-22,23700,571545,536770,122200,321.95,16.14,23384.85,0.05830,23400
1620,2026-09-21 09:21:06,8233290,8214375,5776290,2.30,15.56,2026-09-22,23800,461240,458770,25415,420.00,18.74,23384.85,0.05600,23400
1622,2026-09-21 09:21:06,6153095,5844280,3666390,1.80,17.94,2026-09-22,23900,435695,436865,7540,527.70,26.06,23384.85,0.07080,23400
1624,2026-09-21 09:21:06,10034700,11558560,10432955,1.40,20.14,2026-09-22,24000,914485,921505,23140,623.40,27.16,23384.85,0.09110,23400
1626,2026-09-21 09:21:06,5517655,5163795,4440215,1.15,22.22,2026-09-22,24100,137930,138060,780,722.00,30.46,23384.85,0.02500,23400
1628,2026-09-21 09:21:06,6478875,6358625,2636920,1.05,24.41,2026-09-22,24200,166855,166790,975,822.40,33.08,23384.85,0.02580,23400
1630,2026-09-21 09:21:06,4401345,4095000,1481545,0.90,26.61,2026-09-22,24300,94250,94250,0,946.20,49.90,23384.85,0.02140,23400
1904,2026-09-21 09:26:05,8385,8385,0,1067.20,0.00,2026-09-22,22300,5078840,5147740,4081025,1.35,34.42,23386.00,605.70540,23400
1906,2026-09-21 09:26:05,2535,2470,0,952.90,0.00,2026-09-22,22400,4455750,4242420,5323305,1.60,31.98,23386.00,1757.69230,23400
1908,2026-09-21 09:26:05,82420,84045,4485,881.00,0.00,2026-09-22,22500,9290320,9022520,9736545,1.85,29.79,23386.00,112.71920,23400
1910,2026-09-21 09:26:05,40755,40755,1040,783.30,0.00,2026-09-22,22600,5449080,5245435,10006945,2.20,27.59,23386.00,133.70330,23400
1912,2026-09-21 09:26:05,55705,52520,4420,682.00,0.00,2026-09-22,22700,7467590,6306950,8373235,2.60,25.02,23386.00,134.05600,23400
1914,2026-09-21 09:26:05,119275,119275,9490,585.35,0.00,2026-09-22,22800,6788860,7208240,8450130,3.20,22.58,23386.00,56.91770,23400
1916,2026-09-21 09:26:05,137085,136565,28405,485.70,0.00,2026-09-22,22900,5404360,4972825,9431110,4.35,20.39,23386.00,39.42340,23400
1918,2026-09-21 09:26:05,684645,621790,376155,389.15,7.81,2026-09-22,23000,12550395,10994165,17217980,6.55,18.49,23386.00,18.33120,23400
1920,2026-09-21 09:26:05,678925,594425,669500,293.05,14.22,2026-09-22,23100,7562295,6429865,12500410,11.45,16.85,23386.00,11.13860,23400
1922,2026-09-21 09:26:05,3207165,2665520,4474990,203.55,13.98,2026-09-22,23200,13619840,9601865,17037475,22.05,15.63,23386.00,4.24670,23400
1924,2026-09-21 09:26:05,9597575,7419685,19492460,125.80,13.52,2026-09-22,23300,19631040,12686570,30402515,43.90,14.77,23386.00,2.04540,23400
1926,2026-09-21 09:26:05,17015115,8768240,35971780,65.50,13.12,2026-09-22,23400,10660780,4787315,22582365,84.00,14.25,23386.00,0.62650,23400
1928,2026-09-21 09:26:05,14496365,9226165,25471225,28.35,12.94,2026-09-22,23500,4196465,2405260,5975255,147.00,14.36,23386.00,0.28950,23400
1930,2026-09-21 09:26:05,9567545,7909005,14212705,10.45,13.06,2026-09-22,23600,939770,739765,935415,229.65,15.23,23386.00,0.09820,23400
1932,2026-09-21 09:26:05,9984910,9495720,12273625,4.05,13.85,2026-09-22,23700,589355,536770,176930,324.45,17.52,23386.00,0.05900,23400
1934,2026-09-21 09:26:05,8300110,8214375,7617480,2.25,15.56,2026-09-22,23800,463970,458770,33735,421.10,19.71,23386.00,0.05590,23400
1936,2026-09-21 09:26:05,6301425,5844280,4747405,1.70,17.82,2026-09-22,23900,435045,436865,9295,518.40,21.36,23386.00,0.06900,23400
1938,2026-09-21 09:26:05,10160995,11558560,12380485,1.40,20.26,2026-09-22,24000,910000,921505,32825,619.85,25.88,23386.00,0.08960,23400
1940,2026-09-21 09:26:05,5512780,5163795,5345145,1.15,22.22,2026-09-22,24100,137670,138060,1495,721.15,30.52,23386.00,0.02500,23400
1942,2026-09-21 09:26:05,6675500,6358625,4041960,1.00,24.41,2026-09-22,24200,166660,166790,1170,823.00,34.97,23386.00,0.02500,23400
1944,2026-09-21 09:26:05,4609215,4095000,1728090,0.90,26.61,2026-09-22,24300,94250,94250,0,946.20,50.66,23386.00,0.02040,23400
2218,2026-09-21 09:31:06,8385,8385,0,1067.20,0.00,2026-09-22,22300,5271630,5147740,5209490,1.50,35.16,23402.20,628.69770,23400
2220,2026-09-21 09:31:06,2535,2470,0,952.90,0.00,2026-09-22,22400,4686630,4242420,6861400,1.65,32.96,23402.20,1848.76920,23400
2222,2026-09-21 09:31:06,82485,84045,6110,898.50,0.00,2026-09-22,22500,9774895,9022520,13096655,2.05,30.52,23402.20,118.50510,23400
2224,2026-09-21 09:31:06,39975,40755,1365,803.35,0.00,2026-09-22,22600,5475795,5245435,12082200,2.30,28.08,23402.20,136.98050,23400
2226,2026-09-21 09:31:06,55965,52520,5135,698.45,0.00,2026-09-22,22700,7631390,6306950,10834850,2.70,25.63,23402.20,136.36000,23400
2228,2026-09-21 09:31:06,118430,119275,16445,601.00,0.00,2026-09-22,22800,6912880,7208240,10329670,3.25,23.19,23402.20,58.37100,23400
2230,2026-09-21 09:31:06,135590,136565,33540,501.50,0.00,2026-09-22,22900,5507320,4972825,11625770,4.15,20.87,23402.20,40.61740,23400
2232,2026-09-21 09:31:06,662740,621790,501150,405.00,14.40,2026-09-22,23000,12600640,10994165,21143980,6.15,18.80,23402.20,19.01290,23400
2234,2026-09-21 09:31:06,680875,594425,926055,309.35,14.47,2026-09-22,23100,7557095,6429865,15872155,10.25,17.03,23402.20,11.09910,23400
2236,2026-09-21 09:31:06,3195010,2665520,6434545,219.10,14.34,2026-09-22,23200,14207245,9601865,21399430,19.50,15.69,23402.20,4.44670,23400
2238,2026-09-21 09:31:06,9312420,7419685,27187420,138.15,13.67,2026-09-22,23300,20984405,12686570,39021515,38.55,14.71,23402.20,2.25340,23400
2240,2026-09-21 09:31:06,17517565,8768240,54381470,74.00,13.23,2026-09-22,23400,13382200,4787315,32942780,74.85,14.05,23402.20,0.76390,23400
2242,2026-09-21 09:31:06,14617980,9226165,35813050,33.25,13.03,2026-09-22,23500,4639310,2405260,8325460,134.40,14.04,23402.20,0.31740,23400
2244,2026-09-21 09:31:06,10086050,7909005,19261385,12.45,13.06,2026-09-22,23600,1113125,739765,1360645,214.00,14.80,23402.20,0.11040,23400
2246,2026-09-21 09:31:06,9919195,9495720,15644005,4.90,13.79,2026-09-22,23700,615810,536770,264225,306.40,16.27,23402.20,0.06210,23400
2248,2026-09-21 09:31:06,8295885,8214375,9588800,2.55,15.26,2026-09-22,23800,468260,458770,54860,405.20,19.96,23402.20,0.05640,23400
2250,2026-09-21 09:31:06,6348095,5844280,5958420,1.85,17.46,2026-09-22,23900,434915,436865,14885,499.80,21.12,23402.20,0.06850,23400
2252,2026-09-21 09:31:06,10329930,11558560,13666705,1.45,19.90,2026-09-22,24000,910065,921505,49010,603.00,25.82,23402.20,0.08810,23400
2254,2026-09-21 09:31:06,5502185,5163795,6132230,1.15,21.97,2026-09-22,24100,137410,138060,2080,708.00,32.53,23402.20,0.02500,23400
2256,2026-09-21 09:31:06,6923475,6358625,5065775,1.00,23.93,2026-09-22,24200,166140,166790,2145,803.75,33.87,23402.20,0.02400,23400
2258,2026-09-21 09:31:06,4570995,4095000,1963390,0.90,26.37,2026-09-22,24300,93730,94250,1820,921.00,47.09,23402.20,0.02050,23400
2532,2026-09-21 09:36:06,8385,8385,0,1067.20,0.00,2026-09-22,22300,5242705,5147740,7370090,1.50,35.40,23406.40,625.24810,23400
2534,2026-09-21 09:36:06,2535,2470,0,952.90,0.00,2026-09-22,22400,4976855,4242420,8587540,1.70,33.20,23406.40,1963.25640,23400
2536,2026-09-21 09:36:06,80340,84045,11245,900.00,0.00,2026-09-22,22500,10517845,9022520,16203135,2.05,31.01,23406.40,130.91670,23400
2538,2026-09-21 09:36:06,40105,40755,1690,797.30,0.00,2026-09-22,22600,5757050,5245435,14063335,2.30,28.32,23406.40,143.54940,23400
2540,2026-09-21 09:36:06,56095,52520,5395,700.30,0.00,2026-09-22,22700,7699445,6306950,12083890,2.70,25.88,23406.40,137.25720,23400
2542,2026-09-21 09:36:06,117390,119275,19110,604.95,0.00,2026-09-22,22800,7334925,7208240,11792820,3.20,23.32,23406.40,62.48340,23400
2544,2026-09-21 09:36:06,135070,136565,35360,502.80,0.00,2026-09-22,22900,5606640,4972825,13343005,4.15,21.00,23406.40,41.50910,23400
2546,2026-09-21 09:36:06,651495,621790,560430,409.00,13.18,2026-09-22,23000,12639055,10994165,24382930,5.95,18.86,23406.40,19.40010,23400
2548,2026-09-21 09:36:06,623480,594425,1087970,312.65,14.04,2026-09-22,23100,8034845,6429865,18238480,9.80,17.06,23406.40,12.88710,23400
2550,2026-09-21 09:36:06,3127930,2665520,7443605,221.50,13.95,2026-09-22,23200,14815190,9601865,25583480,18.70,15.75,23406.40,4.73640,23400
2552,2026-09-21 09:36:06,9145500,7419685,31903820,139.75,13.46,2026-09-22,23300,22243130,12686570,45756685,37.30,14.74,23406.40,2.43210,23400
2554,2026-09-21 09:36:06,18358015,8768240,67451280,75.60,13.08,2026-09-22,23400,16321305,4787315,41901600,72.85,14.07,23406.40,0.88910,23400
2556,2026-09-21 09:36:06,15566395,9226165,43274335,33.90,12.94,2026-09-22,23500,5136495,2405260,10409685,131.85,14.25,23406.40,0.33000,23400
2558,2026-09-21 09:36:06,10324275,7909005,23223200,12.90,13.03,2026-09-22,23600,1185080,739765,1727050,210.40,14.95,23406.40,0.11480,23400
2560,2026-09-21 09:36:06,10083775,9495720,18870475,5.00,13.79,2026-09-22,23700,639210,536770,351910,303.00,16.91,23406.40,0.06340,23400
2562,2026-09-21 09:36:06,8527090,8214375,11483810,2.55,15.26,2026-09-22,23800,485225,458770,95160,400.00,18.92,23406.40,0.05690,23400
2564,2026-09-21 09:36:06,6379035,5844280,7259460,1.75,17.46,2026-09-22,23900,436410,436865,15990,500.60,22.71,23406.40,0.06840,23400
2566,2026-09-21 09:36:06,10564385,11558560,14932255,1.45,19.78,2026-09-22,24000,902720,921505,79365,598.00,26.49,23406.40,0.08540,23400
2568,2026-09-21 09:36:06,5478200,5163795,6791590,1.10,21.73,2026-09-22,24100,137280,138060,2470,705.15,32.65,23406.40,0.02510,23400
2570,2026-09-21 09:36:06,6903910,6358625,5462210,1.00,23.93,2026-09-22,24200,165815,166790,2795,804.70,35.89,23406.40,0.02400,23400
2572,2026-09-21 09:36:06,4493255,4095000,2307500,0.85,26.37,2026-09-22,24300,92300,94250,2145,900.00,35.77,23406.40,0.02050,23400
2846,2026-09-21 09:41:06,8385,8385,0,1067.20,0.00,2026-09-22,22300,5320705,5147740,8526115,1.45,34.67,23386.00,634.55040,23400
2848,2026-09-21 09:41:06,2535,2470,0,952.90,0.00,2026-09-22,22400,4874350,4242420,9523150,1.60,32.23,23386.00,1922.82050,23400
2850,2026-09-21 09:41:06,80535,84045,11895,891.10,31.37,2026-09-22,22500,10952045,9022520,18758480,1.95,30.03,23386.00,135.99110,23400
2852,2026-09-21 09:41:06,39975,40755,1885,796.70,34.30,2026-09-22,22600,5724160,5245435,16270735,2.20,27.59,23386.00,143.19350,23400
2854,2026-09-21 09:41:06,56160,52520,6370,686.90,0.00,2026-09-22,22700,7578155,6306950,13413660,2.65,25.15,23386.00,134.93870,23400
2856,2026-09-21 09:41:06,117260,119275,19760,588.00,0.00,2026-09-22,22800,7713940,7208240,13401440,3.30,22.83,23386.00,65.78490,23400
2858,2026-09-21 09:41:06,135070,136565,37635,487.15,16.72,2026-09-22,22900,6016205,4972825,15327455,4.40,20.57,23386.00,44.54140,23400
2860,2026-09-21 09:41:06,649545,621790,618280,388.05,7.81,2026-09-22,23000,12771200,10994165,26233480,6.45,18.43,23386.00,19.66180,23400
2862,2026-09-21 09:41:06,629200,594425,1223430,293.70,13.73,2026-09-22,23100,8253700,6429865,20116915,10.95,16.72,23386.00,13.11780,23400
2864,2026-09-21 09:41:06,3207100,2665520,8317985,203.30,13.67,2026-09-22,23200,15188095,9601865,28633280,21.35,15.50,23386.00,4.73580,23400
2866,2026-09-21 09:41:06,9496890,7419685,36310040,124.25,13.23,2026-09-22,23300,22680580,12686570,52682955,42.55,14.54,23386.00,2.38820,23400
2868,2026-09-21 09:41:06,20272590,8768240,79102140,64.45,12.91,2026-09-22,23400,17371510,4787315,51877410,82.50,14.02,23386.00,0.85690,23400
2870,2026-09-21 09:41:06,15952430,9226165,51016745,27.65,12.76,2026-09-22,23500,5251350,2405260,13065780,146.00,14.28,23386.00,0.32920,23400
2872,2026-09-21 09:41:06,10627825,7909005,26823745,10.15,12.94,2026-09-22,23600,1175720,739765,2065310,228.90,15.35,23386.00,0.11060,23400
2874,2026-09-21 09:41:06,10494575,9495720,21498945,4.15,13.92,2026-09-22,23700,646165,536770,436540,321.80,17.12,23386.00,0.06160,23400
2876,2026-09-21 09:41:06,8756800,8214375,13912210,2.30,15.69,2026-09-22,23800,484575,458770,112125,420.60,20.51,23386.00,0.05530,23400
2878,2026-09-21 09:41:06,6401460,5844280,8579610,1.70,17.82,2026-09-22,23900,434525,436865,18915,519.40,23.50,23386.00,0.06790,23400
2880,2026-09-21 09:41:06,10828025,11558560,16371940,1.40,20.26,2026-09-22,24000,895050,921505,88790,618.55,26.37,23386.00,0.08270,23400
2882,2026-09-21 09:41:06,5520970,5163795,8895120,1.15,22.22,2026-09-22,24100,136890,138060,3705,718.50,29.72,23386.00,0.02480,23400
2884,2026-09-21 09:41:06,7103655,6358625,6548815,1.00,24.66,2026-09-22,24200,164190,166790,6110,818.75,33.20,23386.00,0.02310,23400
2886,2026-09-21 09:41:06,4529720,4095000,2597270,0.85,26.86,2026-09-22,24300,92235,94250,2210,910.50,0.00,23386.00,0.02040,23400
3160,2026-09-21 09:46:05,8385,8385,0,1067.20,0.00,2026-09-22,22300,5243745,5147740,8985860,1.45,35.16,23398.70,625.37210,23400
3162,2026-09-21 09:46:05,2535,2470,0,952.90,0.00,2026-09-22,22400,4820010,4242420,10240815,1.65,32.47,23398.70,1901.38460,23400
3164,2026-09-21 09:46:05,80340,84045,12415,893.35,0.00,2026-09-22,22500,11219000,9022520,19581900,2.00,30.52,23398.70,139.64400,23400
3166,2026-09-21 09:46:05,39975,40755,1885,796.70,0.00,2026-09-22,22600,5795010,5245435,16739515,2.10,27.71,23398.70,144.96590,23400
3168,2026-09-21 09:46:05,56030,52520,6435,694.50,0.00,2026-09-22,22700,7535970,6306950,13934960,2.60,25.39,23398.70,134.49880,23400
3170,2026-09-21 09:46:05,117260,119275,20410,594.35,0.00,2026-09-22,22800,7755020,7208240,13851175,3.25,23.19,23398.70,66.13530,23400
3172,2026-09-21 09:46:05,134875,136565,40300,496.15,0.00,2026-09-22,22900,6134245,4972825,15925390,4.20,20.81,23398.70,45.48100,23400
3174,2026-09-21 09:46:05,652470,621790,649545,398.40,0.00,2026-09-22,23000,12918620,10994165,28213055,6.10,18.68,23398.70,19.79960,23400
3176,2026-09-21 09:46:05,649415,594425,1321255,304.65,12.94,2026-09-22,23100,8619650,6429865,22283625,10.15,16.91,23398.70,13.27290,23400
3178,2026-09-21 09:46:05,3273660,2665520,9039550,212.85,13.58,2026-09-22,23200,15323880,9601865,31014490,19.35,15.59,23398.70,4.68100,23400
3180,2026-09-21 09:46:05,10008440,7419685,39934505,132.75,13.24,2026-09-22,23300,22921145,12686570,57339100,38.80,14.59,23398.70,2.29020,23400
3182,2026-09-21 09:46:05,21937890,8768240,88985195,69.80,12.83,2026-09-22,23400,17710940,4787315,59118280,76.00,14.07,23398.70,0.80730,23400
3184,2026-09-21 09:46:05,16654820,9226165,55657680,30.35,12.70,2026-09-22,23500,5498675,2405260,14834820,137.25,14.31,23398.70,0.33020,23400
3186,2026-09-21 09:46:05,10715965,7909005,29544060,11.30,12.85,2026-09-22,23600,1149265,739765,2307435,217.75,15.32,23398.70,0.10720,23400
3188,2026-09-21 09:46:05,10603840,9495720,23613915,4.45,13.73,2026-09-22,23700,634855,536770,483535,311.85,18.19,23398.70,0.05990,23400
3190,2026-09-21 09:46:05,9363705,8214375,15677350,2.50,15.50,2026-09-22,23800,480870,458770,117325,411.50,20.60,23398.70,0.05140,23400
3192,2026-09-21 09:46:05,6416800,5844280,9213555,1.85,17.70,2026-09-22,23900,433810,436865,20800,510.00,24.23,23398.70,0.06760,23400
3194,2026-09-21 09:46:05,10838230,11558560,17566315,1.50,20.02,2026-09-22,24000,891085,921505,98150,609.00,27.22,23398.70,0.08220,23400
3196,2026-09-21 09:46:05,5455840,5163795,9457760,1.10,22.22,2026-09-22,24100,135720,138060,4810,708.50,33.08,23398.70,0.02490,23400
3198,2026-09-21 09:46:05,7457710,6358625,7611955,1.05,24.41,2026-09-22,24200,161395,166790,7540,809.25,33.26,23398.70,0.02160,23400
3200,2026-09-21 09:46:05,4539990,4095000,2821195,0.90,26.37,2026-09-22,24300,91910,94250,3055,909.40,36.62,23398.70,0.02020,23400
3474,2026-09-21 09:51:05,8385,8385,0,1067.20,0.00,2026-09-22,22300,5114460,5147740,10583625,1.60,35.64,23401.95,609.95350,23400
3476,2026-09-21 09:51:05,2535,2470,0,952.90,0.00,2026-09-22,22400,4918875,4242420,11052795,1.70,32.96,23401.95,1940.38460,23400
3478,2026-09-21 09:51:05,80665,84045,13455,898.40,0.00,2026-09-22,22500,11349585,9022520,20569250,2.05,30.76,23401.95,140.70020,23400
3480,2026-09-21 09:51:05,40105,40755,2080,794.75,0.00,2026-09-22,22600,5803395,5245435,18061485,2.30,28.20,23401.95,144.70500,23400
3482,2026-09-21 09:51:05,56095,52520,6565,703.80,21.97,2026-09-22,22700,7627035,6306950,14870505,2.70,25.76,23401.95,135.96640,23400
3484,2026-09-21 09:51:05,117000,119275,21060,605.70,22.71,2026-09-22,22800,7813065,7208240,14362855,3.30,23.32,23401.95,66.77830,23400
3486,2026-09-21 09:51:05,134355,136565,42315,501.60,0.00,2026-09-22,22900,6220955,4972825,16671070,4.15,20.87,23401.95,46.30240,23400
3488,2026-09-21 09:51:05,658255,621790,714610,404.00,0.00,2026-09-22,23000,12934870,10994165,29877185,5.80,18.68,23401.95,19.65020,23400
3490,2026-09-21 09:51:05,658905,594425,1432990,309.20,14.28,2026-09-22,23100,8550685,6429865,24509745,9.55,16.78,23401.95,12.97710,23400
3492,2026-09-21 09:51:05,3283865,2665520,10168990,217.55,13.79,2026-09-22,23200,15552095,9601865,34069490,18.35,15.44,23401.95,4.73590,23400
3494,2026-09-21 09:51:05,9712690,7419685,44696275,135.65,13.38,2026-09-22,23300,23354110,12686570,64952485,36.70,14.34,23401.95,2.40450,23400
3496,2026-09-21 09:51:05,22457370,8768240,101028460,71.70,12.94,2026-09-22,23400,18832580,4787315,68092765,72.80,13.73,23401.95,0.83860,23400
3498,2026-09-21 09:51:05,17441125,9226165,62032685,31.60,12.80,2026-09-22,23500,5756400,2405260,17290975,133.25,13.90,23401.95,0.33000,23400
3500,2026-09-21 09:51:05,10984220,7909005,32146920,11.80,12.94,2026-09-22,23600,1186055,739765,2653950,213.20,14.50,23401.95,0.10800,23400
3502,2026-09-21 09:51:05,10693475,9495720,25364040,4.75,13.79,2026-09-22,23700,645255,536770,539175,305.90,16.54,23401.95,0.06030,23400
3504,2026-09-21 09:51:05,9498645,8214375,16447405,2.55,15.50,2026-09-22,23800,482885,458770,132470,404.65,19.17,23401.95,0.05080,23400
3506,2026-09-21 09:51:05,6459895,5844280,9534330,1.85,17.70,2026-09-22,23900,433160,436865,25740,501.65,23.07,23401.95,0.06710,23400
3508,2026-09-21 09:51:05,10908430,11558560,18275335,1.45,20.02,2026-09-22,24000,889785,921505,104520,603.20,25.27,23401.95,0.08160,23400
3510,2026-09-21 09:51:05,5424510,5163795,10294895,1.15,21.97,2026-09-22,24100,135720,138060,5135,706.30,30.94,23401.95,0.02500,23400
3512,2026-09-21 09:51:05,7538375,6358625,8034975,1.05,24.41,2026-09-22,24200,160420,166790,8515,802.00,30.64,23401.95,0.02130,23400
3514,2026-09-21 09:51:05,4571385,4095000,3649295,0.90,26.61,2026-09-22,24300,90415,94250,4615,901.00,32.47,23401.95,0.01980,23400
3788,2026-09-21 09:56:06,8385,8385,0,1067.20,0.00,2026-09-22,22300,4963725,5147740,11061700,1.60,35.64,23395.40,591.97670,23400
3790,2026-09-21 09:56:06,2535,2470,0,952.90,0.00,2026-09-22,22400,4920500,4242420,11269700,1.75,32.96,23395.40,1941.02560,23400
3792,2026-09-21 09:56:06,80665,84045,13650,894.55,0.00,2026-09-22,22500,11457680,9022520,21112195,2.00,30.76,23395.40,142.04030,23400
3794,2026-09-21 09:56:06,40105,40755,2080,794.75,0.00,2026-09-22,22600,5992350,5245435,18869695,2.30,28.08,23395.40,149.41650,23400
3796,2026-09-21 09:56:06,55965,52520,6695,700.35,27.22,2026-09-22,22700,7721155,6306950,15340260,2.70,25.63,23395.40,137.96400,23400
3798,2026-09-21 09:56:06,117000,119275,21645,600.50,24.05,2026-09-22,22800,7838610,7208240,14735695,3.25,23.19,23395.40,66.99670,23400
3800,2026-09-21 09:56:06,133965,136565,44980,496.45,7.81,2026-09-22,22900,6223100,4972825,17170075,4.10,20.63,23395.40,46.45320,23400
3802,2026-09-21 09:56:06,656630,621790,737620,397.90,14.53,2026-09-22,23000,13123955,10994165,31233930,5.95,18.49,23395.40,19.98680,23400
3804,2026-09-21 09:56:06,673855,594425,1520285,302.65,14.83,2026-09-22,23100,8642920,6429865,25587250,9.80,16.66,23395.40,12.82610,23400
3806,2026-09-21 09:56:06,3229330,2665520,10613850,210.95,13.89,2026-09-22,23200,15735590,9601865,36061090,19.05,15.32,23395.40,4.87270,23400
3808,2026-09-21 09:56:06,9686625,7419685,46958860,130.95,13.34,2026-09-22,23300,23573420,12686570,69120350,38.45,14.27,23395.40,2.43360,23400
3810,2026-09-21 09:56:06,22570535,8768240,108171115,68.45,12.89,2026-09-22,23400,20096765,4787315,74169680,76.00,13.73,23395.40,0.89040,23400
3812,2026-09-21 09:56:06,17667975,9226165,66030120,29.60,12.79,2026-09-22,23500,5960175,2405260,18768230,138.20,13.85,23395.40,0.33730,23400
3814,2026-09-21 09:56:06,11131965,7909005,34409505,11.00,12.97,2026-09-22,23600,1210170,739765,2861495,219.05,14.43,23395.40,0.10870,23400
3816,2026-09-21 09:56:06,10831795,9495720,26606320,4.50,13.98,2026-09-22,23700,640510,536770,575185,312.65,16.63,23395.40,0.05910,23400
3818,2026-09-21 09:56:06,9567935,8214375,17144010,2.55,15.63,2026-09-22,23800,479700,458770,145730,410.85,18.86,23395.40,0.05010,23400
3820,2026-09-21 09:56:06,6440135,5844280,10009155,1.80,17.82,2026-09-22,23900,429975,436865,29510,508.45,21.97,23395.40,0.06680,23400
3822,2026-09-21 09:56:06,10980450,11558560,18886725,1.45,20.14,2026-09-22,24000,885885,921505,110370,609.45,25.27,23395.40,0.08070,23400
3824,2026-09-21 09:56:06,5415540,5163795,11071905,1.15,22.22,2026-09-22,24100,135655,138060,5460,702.00,0.00,23395.40,0.02500,23400
3826,2026-09-21 09:56:06,7582640,6358625,8187530,1.05,24.41,2026-09-22,24200,159575,166790,9750,808.00,30.27,23395.40,0.02100,23400
3828,2026-09-21 09:56:06,4588285,4095000,3802825,0.90,26.86,2026-09-22,24300,90285,94250,4680,909.00,34.55,23395.40,0.01970,23400
4102,2026-09-21 10:01:05,8385,8385,0,1067.20,0.00,2026-09-22,22300,4889625,5147740,11643580,1.50,35.40,23392.20,583.13950,23400
4104,2026-09-21 10:01:05,2535,2470,0,952.90,0.00,2026-09-22,22400,4942210,4242420,11620570,1.70,32.96,23392.20,1949.58970,23400
4106,2026-09-21 10:01:05,80405,84045,13910,891.70,0.00,2026-09-22,22500,11570780,9022520,21802040,2.00,30.52,23392.20,143.90620,23400
4108,2026-09-21 10:01:05,39910,40755,2275,796.65,27.22,2026-09-22,22600,6119685,5245435,19474195,2.25,28.08,23392.20,153.33710,23400
4110,2026-09-21 10:01:05,55965,52520,6890,697.10,25.63,2026-09-22,22700,7721480,6306950,15799550,2.55,25.39,23392.20,137.96980,23400
4112,2026-09-21 10:01:05,112710,119275,27235,595.45,19.78,2026-09-22,22800,7792135,7208240,15351375,3.10,22.95,23392.20,69.13440,23400
4114,2026-09-21 10:01:05,133965,136565,46995,495.00,13.67,2026-09-22,22900,6068205,4972825,17794790,4.05,20.57,23392.20,45.29690,23400
4116,2026-09-21 10:01:05,656890,621790,771875,396.05,14.16,2026-09-22,23000,13179985,10994165,32611410,5.85,18.43,23392.20,20.06420,23400
4118,2026-09-21 10:01:05,672360,594425,1604070,298.75,13.73,2026-09-22,23100,8859110,6429865,27137760,9.90,16.60,23392.20,13.17610,23400
4120,2026-09-21 10:01:05,3230500,2665520,11361090,209.50,13.73,2026-09-22,23200,15975440,9601865,38879295,19.40,15.35,23392.20,4.94520,23400
4122,2026-09-21 10:01:05,9809150,7419685,50393850,128.90,13.24,2026-09-22,23300,23723700,12686570,74696050,39.10,14.34,23392.20,2.41850,23400
4124,2026-09-21 10:01:05,22762220,8768240,116436645,67.10,12.88,2026-09-22,23400,20603765,4787315,81827070,77.40,13.81,23392.20,0.90520,23400
4126,2026-09-21 10:01:05,17735380,9226165,70872165,29.10,12.77,2026-09-22,23500,5987280,2405260,20796685,140.00,14.08,23392.20,0.33760,23400
4128,2026-09-21 10:01:05,11270415,7909005,36948080,10.75,12.97,2026-09-22,23600,1168245,739765,3144635,221.15,14.95,23392.20,0.10370,23400
4130,2026-09-21 10:01:05,10819965,9495720,28501850,4.45,13.98,2026-09-22,23700,658905,536770,655460,315.85,16.97,23392.20,0.06090,23400
4132,2026-09-21 10:01:05,9620910,8214375,17744740,2.50,15.75,2026-09-22,23800,480155,458770,161070,414.70,20.39,23392.20,0.04990,23400
4134,2026-09-21 10:01:05,6521320,5844280,10588045,1.85,18.07,2026-09-22,23900,429650,436865,30680,508.80,20.14,23392.20,0.06590,23400
4136,2026-09-21 10:01:05,10975900,11558560,19171880,1.50,20.26,2026-09-22,24000,884000,921505,116090,610.80,24.78,23392.20,0.08050,23400
4138,2026-09-21 10:01:05,5405465,5163795,11238240,1.15,22.46,2026-09-22,24100,130390,138060,11375,710.20,27.47,23392.20,0.02410,23400
4140,2026-09-21 10:01:05,7613515,6358625,8328060,1.00,24.66,2026-09-22,24200,159445,166790,9880,800.10,0.00,23392.20,0.02090,23400
4142,2026-09-21 10:01:05,4604015,4095000,3904355,0.90,26.86,2026-09-22,24300,90090,94250,5005,908.80,32.47,23392.20,0.01960,23400
4416,2026-09-21 10:06:05,8385,8385,0,1067.20,0.00,2026-09-22,22300,4866420,5147740,11885445,1.45,35.16,23384.90,580.37210,23400
4418,2026-09-21 10:06:05,2535,2470,0,952.90,0.00,2026-09-22,22400,4946565,4242420,11785085,1.65,32.47,23384.90,1951.30770,23400
4420,2026-09-21 10:06:05,80210,84045,14755,874.30,0.00,2026-09-22,22500,11602175,9022520,22189245,1.95,30.27,23384.90,144.64750,23400
4422,2026-09-21 10:06:05,39910,40755,2275,796.65,36.87,2026-09-22,22600,6038240,5245435,19981325,2.15,27.71,23384.90,151.29640,23400
4424,2026-09-21 10:06:05,55965,52520,7280,684.30,0.00,2026-09-22,22700,7721740,6306950,16100305,2.55,25.15,23384.90,137.97440,23400
4426,2026-09-21 10:06:05,112385,119275,29185,583.65,0.00,2026-09-22,22800,7765550,7208240,15819765,3.20,22.83,23384.90,69.09770,23400
4428,2026-09-21 10:06:05,134745,136565,48750,486.20,16.11,2026-09-22,22900,6028620,4972825,18434715,4.20,20.45,23384.90,44.74100,23400
4430,2026-09-21 10:06:05,664560,621790,847795,384.15,0.00,2026-09-22,23000,13233805,10994165,34676590,6.35,18.43,23384.90,19.91360,23400
4432,2026-09-21 10:06:05,690560,594425,1735305,288.55,11.60,2026-09-22,23100,8996390,6429865,29474315,10.75,16.66,23384.90,13.02770,23400
4434,2026-09-21 10:06:05,3290430,2665520,12164490,198.75,12.91,2026-09-22,23200,15946320,9601865,42720990,21.40,15.43,23384.90,4.84630,23400
4436,2026-09-21 10:06:05,9882210,7419685,54458365,120.70,12.89,2026-09-22,23300,23599615,12686570,81856125,42.85,14.53,23384.90,2.38810,23400
4438,2026-09-21 10:06:05,23488465,8768240,126817015,61.55,12.70,2026-09-22,23400,20100795,4787315,94209830,83.75,14.14,23384.90,0.85580,23400
4440,2026-09-21 10:06:05,17755205,9226165,76903125,26.15,12.68,2026-09-22,23500,5697575,2405260,23983310,148.60,14.53,23384.90,0.32090,23400
4442,2026-09-21 10:06:05,11457550,7909005,40354860,9.75,13.03,2026-09-22,23600,1112865,739765,3537755,232.30,15.96,23384.90,0.09710,23400
4444,2026-09-21 10:06:05,10789805,9495720,29861650,4.25,14.16,2026-09-22,23700,645320,536770,770445,326.95,18.28,23384.90,0.05980,23400
4446,2026-09-21 10:06:05,9792965,8214375,18782790,2.50,15.99,2026-09-22,23800,482040,458770,183950,426.40,22.03,23384.90,0.04920,23400
4448,2026-09-21 10:06:05,6384040,5844280,10951265,1.80,18.31,2026-09-22,23900,429520,436865,33930,520.50,22.28,23384.90,0.06730,23400
4450,2026-09-21 10:06:05,10894845,11558560,19572085,1.40,20.51,2026-09-22,24000,880750,921505,121485,618.75,24.05,23384.90,0.08080,23400
4452,2026-09-21 10:06:05,5555290,5163795,11684985,1.15,22.71,2026-09-22,24100,129935,138060,12675,718.80,27.22,23384.90,0.02340,23400
4454,2026-09-21 10:06:05,7589725,6358625,8556535,1.05,24.90,2026-09-22,24200,159575,166790,10595,823.30,34.61,23384.90,0.02100,23400
4456,2026-09-21 10:06:05,4615780,4095000,4006600,0.95,27.34,2026-09-22,24300,89895,94250,5200,918.00,32.23,23384.90,0.01950,23400
4730,2026-09-21 10:11:06,8385,8385,0,1067.20,0.00,2026-09-22,22300,4850560,5147740,12193545,1.50,35.16,23387.85,578.48060,23400
4732,2026-09-21 10:11:06,2535,2470,0,952.90,0.00,2026-09-22,22400,4953455,4242420,12055095,1.70,32.71,23387.85,1954.02560,23400
4734,2026-09-21 10:11:06,80080,84045,14885,876.40,0.00,2026-09-22,22500,11650600,9022520,22544080,1.95,30.40,23387.85,145.48700,23400
4736,2026-09-21 10:11:06,39910,40755,2275,796.65,34.24,2026-09-22,22600,5846945,5245435,20518940,2.15,27.83,23387.85,146.50330,23400
4738,2026-09-21 10:11:06,56095,52520,7345,679.05,0.00,2026-09-22,22700,7690215,6306950,16481920,2.55,25.15,23387.85,137.09270,23400
4740,2026-09-21 10:11:06,112515,119275,29770,585.70,0.00,2026-09-22,22800,7707505,7208240,16278340,3.05,22.71,23387.85,68.50200,23400
4742,2026-09-21 10:11:06,135460,136565,51025,485.00,0.00,2026-09-22,22900,5974410,4972825,19502210,3.95,20.39,23387.85,44.10460,23400
4744,2026-09-21 10:11:06,675415,621790,933205,388.05,0.00,2026-09-22,23000,13384410,10994165,36502375,5.95,18.31,23387.85,19.81660,23400
4746,2026-09-21 10:11:06,712855,594425,1832740,293.45,14.04,2026-09-22,23100,9097465,6429865,31558865,10.20,16.54,23387.85,12.76200,23400
4748,2026-09-21 10:11:06,3408405,2665520,12938575,203.20,13.46,2026-09-22,23200,15897700,9601865,46318285,20.10,15.29,23387.85,4.66430,23400
4750,2026-09-21 10:11:06,10460905,7419685,57477810,123.90,13.15,2026-09-22,23300,23332075,12686570,88260900,40.80,14.31,23387.85,2.23040,23400
4752,2026-09-21 10:11:06,24919440,8768240,134906915,63.40,12.79,2026-09-22,23400,19897865,4787315,103373595,80.70,13.85,23387.85,0.79850,23400
4754,2026-09-21 10:11:06,17696900,9226165,81510195,26.85,12.68,2026-09-22,23500,5958615,2405260,26460980,144.80,14.07,23387.85,0.33670,23400
4756,2026-09-21 10:11:06,11527815,7909005,42661905,10.00,13.00,2026-09-22,23600,1116440,739765,3830515,227.90,15.29,23387.85,0.09680,23400
4758,2026-09-21 10:11:06,10723635,9495720,31144425,4.25,14.10,2026-09-22,23700,663585,536770,823290,322.40,17.58,23387.85,0.06190,23400
4760,2026-09-21 10:11:06,10081890,8214375,20162350,2.55,16.11,2026-09-22,23800,479115,458770,192465,419.40,20.26,23387.85,0.04750,23400
4762,2026-09-21 10:11:06,6410690,5844280,11339510,1.80,18.19,2026-09-22,23900,428545,436865,36465,520.30,24.48,23387.85,0.06680,23400
4764,2026-09-21 10:11:06,10976745,11558560,20188935,1.45,20.51,2026-09-22,24000,879320,921505,124605,619.65,27.65,23387.85,0.08010,23400
4766,2026-09-21 10:11:06,5561595,5163795,11883690,1.10,22.46,2026-09-22,24100,131170,138060,12805,720.00,31.43,23387.85,0.02360,23400
4768,2026-09-21 10:11:06,7585825,6358625,8743215,1.05,24.90,2026-09-22,24200,158925,166790,13455,820.45,35.16,23387.85,0.02100,23400
4770,2026-09-21 10:11:06,4632615,4095000,4156360,0.90,27.10,2026-09-22,24300,89765,94250,5330,918.60,36.99,23387.85,0.01940,23400
5044,2026-09-21 10:16:06,8385,8385,0,1067.20,0.00,2026-09-22,22300,4839900,5147740,12474930,1.50,34.67,23371.85,577.20930,23400
5046,2026-09-21 10:16:06,2535,2470,0,952.90,0.00,2026-09-22,22400,5010525,4242420,12387570,1.65,32.23,23371.85,1976.53850,23400
5048,2026-09-21 10:16:06,80210,84045,15015,875.00,23.44,2026-09-22,22500,11644425,9022520,22904505,1.90,30.03,23371.85,145.17420,23400
5050,2026-09-21 10:16:06,39715,40755,2405,776.05,25.63,2026-09-22,22600,5812235,5245435,21240440,2.10,27.34,23371.85,146.34860,23400
5052,2026-09-21 10:16:06,56095,52520,7605,676.00,22.46,2026-09-22,22700,7643675,6306950,17089475,2.55,24.78,23371.85,136.26300,23400
5054,2026-09-21 10:16:06,112450,119275,30420,575.05,16.60,2026-09-22,22800,7822555,7208240,16795415,3.15,22.46,23371.85,69.56470,23400
5056,2026-09-21 10:16:06,134095,136565,54600,476.00,18.55,2026-09-22,22900,6009900,4972825,20269470,4.20,20.14,23371.85,44.81820,23400
5058,2026-09-21 10:16:06,663195,621790,1024270,376.05,16.11,2026-09-22,23000,13653315,10994165,38076285,6.30,18.01,23371.85,20.58720,23400
5060,2026-09-21 10:16:06,682045,594425,2021175,281.25,15.20,2026-09-22,23100,9231235,6429865,33838480,10.90,16.30,23371.85,13.53460,23400
5062,2026-09-21 10:16:06,3336775,2665520,14066520,192.00,14.13,2026-09-22,23200,15991885,9601865,50119030,22.15,15.08,23371.85,4.79260,23400
5064,2026-09-21 10:16:06,10170940,7419685,62639785,115.00,13.49,2026-09-22,23300,23688470,12686570,96969340,45.00,14.11,23371.85,2.32900,23400
5066,2026-09-21 10:16:06,24425895,8768240,146956420,57.35,13.00,2026-09-22,23400,19952075,4787315,116338820,87.85,13.64,23371.85,0.81680,23400
5068,2026-09-21 10:16:06,17692545,9226165,87557015,23.95,12.94,2026-09-22,23500,6048900,2405260,30634955,154.80,13.85,23371.85,0.34190,23400
5070,2026-09-21 10:16:06,11796005,7909005,46258550,9.05,13.24,2026-09-22,23600,1133925,739765,4328805,239.00,14.86,23371.85,0.09610,23400
5072,2026-09-21 10:16:06,10803650,9495720,33398755,4.00,14.47,2026-09-22,23700,659685,536770,967785,334.00,16.36,23371.85,0.06110,23400
5074,2026-09-21 10:16:06,10204805,8214375,21723390,2.60,16.48,2026-09-22,23800,472225,458770,214565,431.45,18.68,23371.85,0.04630,23400
5076,2026-09-21 10:16:06,6397495,5844280,12068680,1.90,18.68,2026-09-22,23900,426920,436865,38285,531.45,23.01,23371.85,0.06670,23400
5078,2026-09-21 10:16:06,10947950,11558560,21044010,1.50,21.00,2026-09-22,24000,877760,921505,133510,629.10,24.29,23371.85,0.08020,23400
5080,2026-09-21 10:16:06,5446870,5163795,12880920,1.20,23.19,2026-09-22,24100,131170,138060,12805,720.00,0.00,23371.85,0.02410,23400
5082,2026-09-21 10:16:06,7906080,6358625,9394190,1.00,25.39,2026-09-22,24200,158535,166790,13520,831.70,33.26,23371.85,0.02010,23400
5084,2026-09-21 10:16:06,4633655,4095000,4525300,0.95,27.34,2026-09-22,24300,89700,94250,5525,930.00,34.67,23371.85,0.01940,23400
5358,2026-09-21 10:21:06,8385,8385,0,1067.20,0.00,2026-09-22,22300,4838470,5147740,12726870,1.45,34.67,23371.90,577.03880,23400
5360,2026-09-21 10:21:06,2535,2470,0,952.90,0.00,2026-09-22,22400,4972175,4242420,12663625,1.60,32.23,23371.90,1961.41030,23400
5362,2026-09-21 10:21:06,80080,84045,15080,870.05,0.00,2026-09-22,22500,11657295,9022520,23360025,1.85,30.03,23371.90,145.57060,23400
5364,2026-09-21 10:21:06,39715,40755,2405,776.05,25.63,2026-09-22,22600,5794880,5245435,21794760,2.10,27.34,23371.90,145.91160,23400
5366,2026-09-21 10:21:06,56095,52520,7605,676.00,22.46,2026-09-22,22700,7623200,6306950,17507880,2.45,24.90,23371.90,135.89800,23400
5368,2026-09-21 10:21:06,112450,119275,30810,578.05,22.71,2026-09-22,22800,7598240,7208240,17561830,3.05,22.34,23371.90,67.56990,23400
5370,2026-09-21 10:21:06,134355,136565,55510,479.75,20.81,2026-09-22,22900,6044285,4972825,20820670,4.15,20.08,23371.90,44.98740,23400
5372,2026-09-21 10:21:06,674245,621790,1057680,377.00,15.69,2026-09-22,23000,13732420,10994165,39205465,6.25,18.07,23371.90,20.36710,23400
5374,2026-09-21 10:21:06,689325,594425,2081040,281.75,14.56,2026-09-22,23100,9261720,6429865,35125545,10.95,16.36,23371.90,13.43590,23400
5376,2026-09-21 10:21:06,3430830,2665520,14521260,192.60,13.95,2026-09-22,23200,16104140,9601865,52112710,21.95,15.14,23371.90,4.69390,23400
5378,2026-09-21 10:21:06,10609885,7419685,65424645,115.60,13.31,2026-09-22,23300,23861825,12686570,101879440,44.40,14.16,23371.90,2.24900,23400
5380,2026-09-21 10:21:06,25509250,8768240,152618960,57.95,12.91,2026-09-22,23400,20202260,4787315,122895240,86.90,13.76,23371.90,0.79200,23400
5382,2026-09-21 10:21:06,17991935,9226165,90740000,24.05,12.82,2026-09-22,23500,6234475,2405260,32626295,154.00,13.98,23371.90,0.34650,23400
5384,2026-09-21 10:21:06,11734710,7909005,48230065,8.85,13.15,2026-09-22,23600,1145235,739765,4514315,238.60,15.01,23371.90,0.09760,23400
5386,2026-09-21 10:21:06,10798060,9495720,34788780,3.80,14.34,2026-09-22,23700,656630,536770,1045915,334.00,16.54,23371.90,0.06080,23400
5388,2026-09-21 10:21:06,10237240,8214375,22644895,2.35,16.36,2026-09-22,23800,473655,458770,227045,432.80,19.53,23371.90,0.04630,23400
5390,2026-09-21 10:21:06,6348810,5844280,13130455,1.75,18.55,2026-09-22,23900,426205,436865,39195,530.00,21.97,23371.90,0.06710,23400
5392,2026-09-21 10:21:06,11063260,11558560,21881665,1.50,21.00,2026-09-22,24000,877565,921505,136370,627.70,22.58,23371.90,0.07930,23400
5394,2026-09-21 10:21:06,5301270,5163795,13667745,1.20,22.95,2026-09-22,24100,131170,138060,13520,727.05,24.41,23371.90,0.02470,23400
5396,2026-09-21 10:21:06,7858760,6358625,9629230,1.00,25.39,2026-09-22,24200,158080,166790,14105,825.30,19.53,23371.90,0.02010,23400
5398,2026-09-21 10:21:06,4668690,4095000,4847505,0.90,27.59,2026-09-22,24300,89570,94250,5655,925.35,21.48,23371.90,0.01920,23400
5672,2026-09-21 10:26:06,8385,8385,0,1067.20,0.00,2026-09-22,22300,4809870,5147740,12915370,1.35,34.18,23366.40,573.62790,23400
5674,2026-09-21 10:26:06,2535,2470,0,952.90,0.00,2026-09-22,22400,4961580,4242420,12769510,1.55,31.98,23366.40,1957.23080,23400
5676,2026-09-21 10:26:06,80080,84045,15080,870.05,29.54,2026-09-22,22500,11615890,9022520,23557560,1.80,29.79,23366.40,145.05360,23400
5678,2026-09-21 10:26:06,39715,40755,2405,776.05,33.45,2026-09-22,22600,5864625,5245435,22063990,2.00,26.98,23366.40,147.66780,23400
5680,2026-09-21 10:26:06,56095,52520,7995,679.90,32.71,2026-09-22,22700,7550205,6306950,17739800,2.50,24.66,23366.40,134.59680,23400
5682,2026-09-21 10:26:06,107445,119275,38545,567.85,0.00,2026-09-22,22800,7583290,7208240,17753840,3.05,22.22,23366.40,70.57830,23400
5684,2026-09-21 10:26:06,134290,136565,57525,472.00,19.53,2026-09-22,22900,6121180,4972825,21382075,4.20,19.90,23366.40,45.58180,23400
5686,2026-09-21 10:26:06,674115,621790,1083030,374.15,17.76,2026-09-22,23000,13676975,10994165,40424735,6.25,17.82,23366.40,20.28880,23400
5688,2026-09-21 10:26:06,698425,594425,2138435,278.95,15.99,2026-09-22,23100,9270365,6429865,36856560,11.10,16.14,23366.40,13.27320,23400
5690,2026-09-21 10:26:06,3461965,2665520,14996605,189.90,14.47,2026-09-22,23200,16222115,9601865,54591290,22.30,14.92,23366.40,4.68580,23400
5692,2026-09-21 10:26:06,10909730,7419685,67707835,112.65,13.73,2026-09-22,23300,23628605,12686570,107217305,45.25,13.92,23366.40,2.16580,23400
5694,2026-09-21 10:26:06,25883585,8768240,158501720,55.60,13.09,2026-09-22,23400,19877455,4787315,129953850,88.85,13.41,23366.40,0.76800,23400
5696,2026-09-21 10:26:06,18181150,9226165,93825160,22.95,12.97,2026-09-22,23500,6220305,2405260,34601385,156.45,13.49,23366.40,0.34210,23400
5698,2026-09-21 10:26:06,11814855,7909005,50850735,8.45,13.31,2026-09-22,23600,1131845,739765,4740060,241.90,14.07,23366.40,0.09580,23400
5700,2026-09-21 10:26:06,10873135,9495720,36232235,3.65,14.47,2026-09-22,23700,657215,536770,1080755,337.20,15.75,23366.40,0.06040,23400
5702,2026-09-21 10:26:06,10174905,8214375,23440625,2.35,16.60,2026-09-22,23800,472225,458770,233740,435.00,17.58,23366.40,0.04640,23400
5704,2026-09-21 10:26:06,6389890,5844280,13488670,1.75,18.80,2026-09-22,23900,426270,436865,40365,534.00,19.65,23366.40,0.06670,23400
5706,2026-09-21 10:26:06,11101155,11558560,23113545,1.40,21.24,2026-09-22,24000,875615,921505,141505,632.30,19.04,23366.40,0.07890,23400
5708,2026-09-21 10:26:06,5326880,5163795,13780975,1.15,23.44,2026-09-22,24100,129480,138060,14950,728.30,0.00,23366.40,0.02430,23400
5710,2026-09-21 10:26:06,7865390,6358625,9782695,1.05,25.63,2026-09-22,24200,157950,166790,14300,825.30,0.00,23366.40,0.02010,23400
5712,2026-09-21 10:26:06,4692025,4095000,5057845,0.90,27.83,2026-09-22,24300,89505,94250,5980,931.25,0.00,23366.40,0.01910,23400
5986,2026-09-21 10:31:06,8385,8385,0,1067.20,0.00,2026-09-22,22300,4757870,5147740,13139295,1.30,34.18,23368.60,567.42640,23400
5988,2026-09-21 10:31:06,2535,2470,0,952.90,0.00,2026-09-22,22400,4906525,4242420,13082810,1.50,31.98,23368.60,1935.51280,23400
5990,2026-09-21 10:31:06,80080,84045,15145,870.25,0.00,2026-09-22,22500,11596455,9022520,24041550,1.80,29.79,23368.60,144.81090,23400
5992,2026-09-21 10:31:06,39715,40755,2405,776.05,30.40,2026-09-22,22600,5896475,5245435,22811750,1.95,27.10,23368.60,148.46970,23400
5994,2026-09-21 10:31:06,56095,52520,7995,679.90,30.46,2026-09-22,22700,7112820,6306950,18947630,2.30,24.54,23368.60,126.79950,23400
5996,2026-09-21 10:31:06,107835,119275,39780,575.35,22.83,2026-09-22,22800,7585955,7208240,18235230,3.05,22.34,23368.60,70.34780,23400
5998,2026-09-21 10:31:06,131885,136565,60515,476.40,20.39,2026-09-22,22900,6151015,4972825,21822775,4.10,20.02,23368.60,46.63920,23400
6000,2026-09-21 10:31:06,680940,621790,1162395,377.35,17.70,2026-09-22,23000,13678470,10994165,41854410,6.15,17.88,23368.60,20.08760,23400
6002,2026-09-21 10:31:06,712335,594425,2255630,282.50,15.90,2026-09-22,23100,9253660,6429865,38423775,10.75,16.17,23368.60,12.99060,23400
6004,2026-09-21 10:31:06,3572660,2665520,15677155,192.50,14.71,2026-09-22,23200,16465215,9601865,57736380,21.65,14.92,23368.60,4.60870,23400
6006,2026-09-21 10:31:06,11249225,7419685,71047405,115.30,13.81,2026-09-22,23300,23238930,12686570,113799985,43.95,13.92,23368.60,2.06580,23400
6008,2026-09-21 10:31:06,26256295,8768240,165585615,57.35,13.14,2026-09-22,23400,18543135,4787315,138916050,86.55,13.31,23368.60,0.70620,23400
6010,2026-09-21 10:31:06,18323500,9226165,97184945,23.60,13.02,2026-09-22,23500,5835700,2405260,36978240,153.40,13.24,23368.60,0.31850,23400
6012,2026-09-21 10:31:06,11846185,7909005,52847600,8.70,13.31,2026-09-22,23600,1093365,739765,5071365,238.00,13.89,23368.60,0.09230,23400
6014,2026-09-21 10:31:06,10738325,9495720,37144770,3.85,14.53,2026-09-22,23700,635375,536770,1133080,333.40,15.44,23368.60,0.05920,23400
6016,2026-09-21 10:31:06,10172045,8214375,23860265,2.30,16.48,2026-09-22,23800,473200,458770,241865,430.65,18.43,23368.60,0.04650,23400
6018,2026-09-21 10:31:06,6391255,5844280,13754520,1.75,18.80,2026-09-22,23900,425685,436865,41860,529.15,17.33,23368.60,0.06660,23400
6020,2026-09-21 10:31:06,11073075,11558560,23369060,1.40,21.00,2026-09-22,24000,877955,921505,167765,631.45,23.93,23368.60,0.07930,23400
6022,2026-09-21 10:31:06,5335330,5163795,13913705,1.20,23.19,2026-09-22,24100,129480,138060,14950,728.30,18.55,23368.60,0.02430,23400
6024,2026-09-21 10:31:06,7902440,6358625,9869210,1.05,25.63,2026-09-22,24200,157820,166790,14950,831.00,29.30,23368.60,0.02000,23400
6026,2026-09-21 10:31:06,4693975,4095000,5117190,0.95,27.83,2026-09-22,24300,89570,94250,6045,933.90,35.28,23368.60,0.01910,23400
6300,2026-09-21 10:36:06,8385,8385,195,1065.00,0.00,2026-09-22,22300,4749290,5147740,13258310,1.35,34.18,23365.70,566.40310,23400
6302,2026-09-21 10:36:06,2535,2470,0,952.90,0.00,2026-09-22,22400,4915950,4242420,13164645,1.50,31.74,23365.70,1939.23080,23400
6304,2026-09-21 10:36:06,80210,84045,17615,872.20,34.55,2026-09-22,22500,11577865,9022520,24652550,1.70,29.42,23365.70,144.34440,23400
6306,2026-09-21 10:36:06,39585,40755,2730,768.20,24.41,2026-09-22,22600,5853315,5245435,23125245,1.95,26.86,23365.70,147.86700,23400
6308,2026-09-21 10:36:06,56095,52520,8645,671.90,27.34,2026-09-22,22700,7120360,6306950,19470685,2.25,24.41,23365.70,126.93400,23400
6310,2026-09-21 10:36:06,108355,119275,40300,570.75,22.71,2026-09-22,22800,7641140,7208240,18616325,3.00,22.22,23365.70,70.51950,23400
6312,2026-09-21 10:36:06,132470,136565,61750,468.15,15.63,2026-09-22,22900,6213805,4972825,22335170,4.00,19.78,23365.70,46.90730,23400
6314,2026-09-21 10:36:06,690690,621790,1226875,372.60,17.09,2026-09-22,23000,13651170,10994165,43273945,6.15,17.82,23365.70,19.76450,23400
6316,2026-09-21 10:36:06,744120,594425,2353195,277.80,15.53,2026-09-22,23100,9352655,6429865,39861965,10.95,16.05,23365.70,12.56870,23400
6318,2026-09-21 10:36:06,3628690,2665520,16158285,188.80,14.65,2026-09-22,23200,16585855,9601865,59821775,22.15,14.86,23365.70,4.57080,23400
6320,2026-09-21 10:36:06,11472370,7419685,73397025,111.40,13.67,2026-09-22,23300,23194210,12686570,118508000,45.20,13.85,23365.70,2.02170,23400
6322,2026-09-21 10:36:06,26681005,8768240,171412995,54.80,13.03,2026-09-22,23400,18616520,4787315,144875120,88.75,13.24,23365.70,0.69770,23400
6324,2026-09-21 10:36:06,18403645,9226165,100543495,22.25,12.91,2026-09-22,23500,5763615,2405260,38724595,156.65,13.37,23365.70,0.31320,23400
6326,2026-09-21 10:36:06,11884275,7909005,54995720,8.10,13.24,2026-09-22,23600,1090505,739765,5330065,242.70,13.98,23365.70,0.09180,23400
6328,2026-09-21 10:36:06,10748725,9495720,38306190,3.70,14.59,2026-09-22,23700,642915,536770,1212120,338.00,15.69,23365.70,0.05980,23400
6330,2026-09-21 10:36:06,10149035,8214375,24300640,2.35,16.60,2026-09-22,23800,474240,458770,248755,437.55,18.92,23365.70,0.04670,23400
6332,2026-09-21 10:36:06,6448000,5844280,14159665,1.75,18.80,2026-09-22,23900,423995,436865,43940,536.65,21.48,23365.70,0.06580,23400
6334,2026-09-21 10:36:06,11131120,11558560,23775180,1.45,21.24,2026-09-22,24000,870740,921505,178685,633.70,24.41,23365.70,0.07820,23400
6336,2026-09-21 10:36:06,5348655,5163795,14390805,1.15,23.44,2026-09-22,24100,129025,138060,15470,737.30,28.63,23365.70,0.02410,23400
6338,2026-09-21 10:36:06,8238880,6358625,10588890,1.10,25.88,2026-09-22,24200,157170,166790,16510,838.15,32.71,23365.70,0.01910,23400
6340,2026-09-21 10:36:06,4644705,4095000,5379335,0.95,28.08,2026-09-22,24300,88660,94250,7020,939.00,36.74,23365.70,0.01910,23400
6614,2026-09-21 10:41:05,8385,8385,195,1065.00,0.00,2026-09-22,22300,4802135,5147740,13436215,1.30,34.18,23367.35,572.70540,23400
6616,2026-09-21 10:41:05,2535,2470,0,952.90,0.00,2026-09-22,22400,4940975,4242420,13369525,1.45,31.74,23367.35,1949.10260,23400
6618,2026-09-21 10:41:05,80210,84045,17615,872.20,32.23,2026-09-22,22500,11481210,9022520,25090390,1.65,29.30,23367.35,143.13940,23400
6620,2026-09-21 10:41:05,39585,40755,2730,768.20,0.00,2026-09-22,22600,5835895,5245435,23397335,1.85,26.86,23367.35,147.42690,23400
6622,2026-09-21 10:41:05,56095,52520,8645,671.90,25.39,2026-09-22,22700,7096700,6306950,19687590,2.25,24.54,23367.35,126.51220,23400
6624,2026-09-21 10:41:05,108550,119275,40495,566.00,0.00,2026-09-22,22800,7514520,7208240,19212895,2.90,22.09,23367.35,69.22630,23400
6626,2026-09-21 10:41:05,132470,136565,62205,467.85,0.00,2026-09-22,22900,6216795,4972825,22925240,4.05,19.96,23367.35,46.92980,23400
6628,2026-09-21 10:41:05,690820,621790,1251900,369.25,10.74,2026-09-22,23000,13820430,10994165,44190315,6.25,17.94,23367.35,20.00580,23400
6630,2026-09-21 10:41:05,758160,594425,2403700,275.55,13.67,2026-09-22,23100,9319895,6429865,40816230,11.15,16.30,23367.35,12.29280,23400
6632,2026-09-21 10:41:05,3663010,2665520,16437785,186.35,13.58,2026-09-22,23200,16594435,9601865,62076040,22.65,15.14,23367.35,4.53030,23400
6634,2026-09-21 10:41:05,11727560,7419685,74956765,110.35,13.17,2026-09-22,23300,23276630,12686570,122503680,46.00,14.22,23367.35,1.98480,23400
6636,2026-09-21 10:41:05,27526590,8768240,175539780,53.85,12.76,2026-09-22,23400,17806880,4787315,149107140,90.25,13.76,23367.35,0.64690,23400
6638,2026-09-21 10:41:05,18592340,9226165,103210575,21.85,12.73,2026-09-22,23500,5654935,2405260,39881270,158.25,14.19,23367.35,0.30420,23400
6640,2026-09-21 10:41:05,12029290,7909005,56590040,8.10,13.18,2026-09-22,23600,1090440,739765,5451355,244.25,15.59,23367.35,0.09060,23400
6642,2026-09-21 10:41:05,10707450,9495720,39072605,3.75,14.59,2026-09-22,23700,648635,536770,1233960,340.55,17.70,23367.35,0.06060,23400
6644,2026-09-21 10:41:05,10532275,8214375,25029745,2.45,16.72,2026-09-22,23800,473395,458770,253630,439.60,21.42,23367.35,0.04490,23400
6646,2026-09-21 10:41:05,6516705,5844280,14571180,1.85,19.04,2026-09-22,23900,423605,436865,44785,536.95,23.25,23367.35,0.06500,23400
6648,2026-09-21 10:41:05,11077365,11558560,24468210,1.45,21.24,2026-09-22,24000,866970,921505,184730,638.45,27.53,23367.35,0.07830,23400
6650,2026-09-21 10:41:05,5385185,5163795,14591395,1.20,23.44,2026-09-22,24100,128440,138060,16445,735.00,28.08,23367.35,0.02390,23400
6652,2026-09-21 10:41:05,8272290,6358625,11049935,1.05,25.63,2026-09-22,24200,156585,166790,16640,836.00,32.35,23367.35,0.01890,23400
6654,2026-09-21 10:41:05,4642950,4095000,5507645,0.95,28.08,2026-09-22,24300,88660,94250,7020,939.00,38.45,23367.35,0.01910,23400
6928,2026-09-21 10:46:06,8385,8385,195,1065.00,0.00,2026-09-22,22300,4765995,5147740,13575445,1.20,34.42,23381.95,568.39530,23400
6930,2026-09-21 10:46:06,2535,2470,0,952.90,0.00,2026-09-22,22400,5019365,4242420,13754910,1.40,32.23,23381.95,1980.02560,23400
6932,2026-09-21 10:46:06,80145,84045,22945,880.00,0.00,2026-09-22,22500,11305190,9022520,26233350,1.55,29.54,23381.95,141.05920,23400
6934,2026-09-21 10:46:06,39650,40755,2925,780.15,0.00,2026-09-22,22600,5806385,5245435,24148410,1.75,27.10,23381.95,146.44100,23400
6936,2026-09-21 10:46:06,55445,52520,8970,685.80,21.97,2026-09-22,22700,7028450,6306950,19988475,2.15,24.66,23381.95,126.76440,23400
6938,2026-09-21 10:46:06,108550,119275,41860,583.00,0.00,2026-09-22,22800,7422480,7208240,19679790,2.70,22.34,23381.95,68.37840,23400
6940,2026-09-21 10:46:06,133770,136565,68445,485.40,17.94,2026-09-22,22900,6304415,4972825,23868065,3.60,20.08,23381.95,47.12880,23400
6942,2026-09-21 10:46:06,674830,621790,1356940,387.70,16.60,2026-09-22,23000,13533130,10994165,46141940,5.35,17.88,23381.95,20.05410,23400
6944,2026-09-21 10:46:06,734500,594425,2530450,291.65,14.50,2026-09-22,23100,9336405,6429865,42388255,9.35,16.17,23381.95,12.71120,23400
6946,2026-09-21 10:46:06,3619850,2665520,17411030,201.70,14.40,2026-09-22,23200,16517085,9601865,65491660,19.00,14.86,23381.95,4.56290,23400
6948,2026-09-21 10:46:06,11713715,7419685,78796640,122.00,13.40,2026-09-22,23300,22978930,12686570,128994970,39.35,13.96,23381.95,1.96170,23400
6950,2026-09-21 10:46:06,28130895,8768240,185208530,61.45,12.99,2026-09-22,23400,16969810,4787315,156567580,79.10,13.21,23381.95,0.60320,23400
6952,2026-09-21 10:46:06,18909280,9226165,107519425,25.70,12.79,2026-09-22,23500,5445050,2405260,42104790,143.40,13.50,23381.95,0.28800,23400
6954,2026-09-21 10:46:06,12104365,7909005,58669845,9.45,13.12,2026-09-22,23600,1073540,739765,5726695,227.50,14.43,23381.95,0.08870,23400
6956,2026-09-21 10:46:06,10765105,9495720,39936260,4.20,14.40,2026-09-22,23700,643565,536770,1275820,322.75,16.48,23381.95,0.05980,23400
6958,2026-09-21 10:46:06,10589540,8214375,25521470,2.55,16.48,2026-09-22,23800,474760,458770,258180,421.25,19.35,23381.95,0.04480,23400
6960,2026-09-21 10:46:06,6610500,5844280,15240810,1.85,18.55,2026-09-22,23900,421720,436865,48360,520.05,25.63,23381.95,0.06380,23400
6962,2026-09-21 10:46:06,11072295,11558560,24819145,1.50,20.75,2026-09-22,24000,867685,921505,189150,620.00,25.94,23381.95,0.07840,23400
6964,2026-09-21 10:46:06,5345015,5163795,15139020,1.15,22.95,2026-09-22,24100,127270,138060,17680,725.00,31.31,23381.95,0.02380,23400
6966,2026-09-21 10:46:06,8275215,6358625,11205480,1.05,25.39,2026-09-22,24200,156195,166790,17095,821.00,30.76,23381.95,0.01890,23400
6968,2026-09-21 10:46:06,4639570,4095000,6153225,0.85,27.34,2026-09-22,24300,88595,94250,7085,924.80,37.90,23381.95,0.01910,23400
7242,2026-09-21 10:51:06,8385,8385,195,1065.00,0.00,2026-09-22,22300,4753060,5147740,13865345,1.25,34.67,23379.70,566.85270,23400
7244,2026-09-21 10:51:06,2535,2470,0,952.90,0.00,2026-09-22,22400,5023330,4242420,14021475,1.45,32.23,23379.70,1981.58970,23400
7246,2026-09-21 10:51:06,81900,84045,23010,880.00,0.00,2026-09-22,22500,11093030,9022520,26920920,1.60,29.79,23379.70,135.44600,23400
7248,2026-09-21 10:51:06,39520,40755,2990,776.00,0.00,2026-09-22,22600,5761665,5245435,24554270,1.75,27.10,23379.70,145.79110,23400
7250,2026-09-21 10:51:06,55445,52520,8970,685.80,26.12,2026-09-22,22700,7014150,6306950,20263620,2.15,24.66,23379.70,126.50640,23400
7252,2026-09-21 10:51:06,108485,119275,43290,582.00,0.00,2026-09-22,22800,7391995,7208240,20129070,2.70,22.46,23379.70,68.13840,23400
7254,2026-09-21 10:51:06,133575,136565,69095,483.60,16.11,2026-09-22,22900,6155175,4972825,24504805,3.65,20.14,23379.70,46.08030,23400
7256,2026-09-21 10:51:06,656305,621790,1420445,385.55,14.89,2026-09-22,23000,13509145,10994165,47425755,5.50,18.01,23379.70,20.58360,23400
7258,2026-09-21 10:51:06,733525,594425,2621645,290.50,14.34,2026-09-22,23100,9300915,6429865,43524455,9.60,16.30,23379.70,12.67980,23400
7260,2026-09-21 10:51:06,3693235,2665520,18108090,199.95,13.92,2026-09-22,23200,16442985,9601865,67838420,19.55,15.08,23379.70,4.45220,23400
7262,2026-09-21 10:51:06,11875890,7419685,82584320,120.95,13.31,2026-09-22,23300,23009675,12686570,133671720,40.15,14.08,23379.70,1.93750,23400
7264,2026-09-21 10:51:06,28478255,8768240,194417925,60.90,12.86,2026-09-22,23400,17351555,4787315,162656845,80.30,13.57,23379.70,0.60930,23400
7266,2026-09-21 10:51:06,19170645,9226165,111671430,25.20,12.73,2026-09-22,23500,5648305,2405260,43872855,145.10,13.76,23379.70,0.29460,23400
7268,2026-09-21 10:51:06,12180870,7909005,60758035,9.30,13.06,2026-09-22,23600,1112540,739765,5986240,229.65,14.89,23379.70,0.09130,23400
7270,2026-09-21 10:51:06,10918765,9495720,41402855,4.10,14.40,2026-09-22,23700,643175,536770,1301885,324.00,17.03,23379.70,0.05890,23400
7272,2026-09-21 10:51:06,10682100,8214375,26031785,2.60,16.42,2026-09-22,23800,473265,458770,264420,424.25,19.96,23379.70,0.04430,23400
7274,2026-09-21 10:51:06,6600620,5844280,15593370,1.85,18.55,2026-09-22,23900,416910,436865,55380,521.95,21.85,23379.70,0.06320,23400
7276,2026-09-21 10:51:06,11097905,11558560,25127505,1.45,20.75,2026-09-22,24000,866190,921505,195910,622.50,25.63,23379.70,0.07800,23400
7278,2026-09-21 10:51:06,5345015,5163795,15329080,1.15,22.95,2026-09-22,24100,127075,138060,18525,721.05,29.85,23379.70,0.02380,23400
7280,2026-09-21 10:51:06,8287630,6358625,11278345,1.00,25.39,2026-09-22,24200,156065,166790,17810,824.50,34.06,23379.70,0.01880,23400
7282,2026-09-21 10:51:06,4626830,4095000,6199570,0.90,27.34,2026-09-22,24300,88595,94250,7150,925.85,38.57,23379.70,0.01910,23400
7556,2026-09-21 10:56:05,8385,8385,195,1065.00,0.00,2026-09-22,22300,4698070,5147740,14028105,1.25,34.67,23380.50,560.29460,23400
7558,2026-09-21 10:56:05,2535,2470,0,952.90,0.00,2026-09-22,22400,5032820,4242420,14354015,1.40,32.23,23380.50,1985.33330,23400
7560,2026-09-21 10:56:05,81900,84045,23075,885.00,31.98,2026-09-22,22500,11079250,9022520,27418820,1.65,30.03,23380.50,135.27780,23400
7562,2026-09-21 10:56:05,39520,40755,2990,776.00,0.00,2026-09-22,22600,5776615,5245435,24734125,1.80,27.22,23380.50,146.16940,23400
7564,2026-09-21 10:56:05,55445,52520,8970,685.80,26.73,2026-09-22,22700,7033910,6306950,20586280,2.20,24.78,23380.50,126.86280,23400
7566,2026-09-21 10:56:05,107510,119275,43940,586.90,24.48,2026-09-22,22800,7381400,7208240,20318285,2.80,22.46,23380.50,68.65780,23400
7568,2026-09-21 10:56:05,133445,136565,70200,485.55,19.65,2026-09-22,22900,6158360,4972825,24831625,3.70,20.14,23380.50,46.14910,23400
7570,2026-09-21 10:56:05,652015,621790,1471405,386.05,14.65,2026-09-22,23000,13571805,10994165,48271275,5.50,17.94,23380.50,20.81520,23400
7572,2026-09-21 10:56:05,725205,594425,2695485,291.00,15.50,2026-09-22,23100,9378135,6429865,44732935,9.60,16.24,23380.50,12.93170,23400
7574,2026-09-21 10:56:05,3626480,2665520,18794035,200.55,14.50,2026-09-22,23200,16506230,9601865,70206305,19.45,14.95,23380.50,4.55160,23400
7576,2026-09-21 10:56:05,11548030,7419685,86215935,121.00,13.61,2026-09-22,23300,22996805,12686570,137922525,39.90,13.89,23380.50,1.99140,23400
7578,2026-09-21 10:56:05,27777035,8768240,202573735,60.55,12.99,2026-09-22,23400,17653740,4787315,168091365,79.80,13.24,23380.50,0.63560,23400
7580,2026-09-21 10:56:05,19092190,9226165,115575200,24.75,12.79,2026-09-22,23500,5623475,2405260,45358560,144.35,13.21,23380.50,0.29450,23400
7582,2026-09-21 10:56:05,12222145,7909005,63148670,9.00,13.06,2026-09-22,23600,1123460,739765,6200025,229.00,13.95,23380.50,0.09190,23400
7584,2026-09-21 10:56:05,11050780,9495720,43019795,4.00,14.34,2026-09-22,23700,642395,536770,1336270,324.70,16.24,23380.50,0.05810,23400
7586,2026-09-21 10:56:05,10579270,8214375,26754195,2.50,16.36,2026-09-22,23800,473330,458770,275080,423.20,19.04,23380.50,0.04470,23400
7588,2026-09-21 10:56:05,6676735,5844280,16199495,1.80,18.55,2026-09-22,23900,416845,436865,55445,518.50,16.60,23380.50,0.06240,23400
7590,2026-09-21 10:56:05,11033685,11558560,25703340,1.40,21.00,2026-09-22,24000,862420,921505,200980,619.65,21.85,23380.50,0.07820,23400
7592,2026-09-21 10:56:05,5359445,5163795,15428140,1.15,22.95,2026-09-22,24100,126360,138060,18655,714.00,0.00,23380.50,0.02360,23400
7594,2026-09-21 10:56:05,8337290,6358625,11624990,0.95,25.15,2026-09-22,24200,156065,166790,17810,824.50,33.75,23380.50,0.01870,23400
7596,2026-09-21 10:56:05,4608045,4095000,6312605,0.85,27.34,2026-09-22,24300,88530,94250,7215,912.00,0.00,23380.50,0.01920,23400
7870,2026-09-21 11:01:06,8385,8385,195,1065.00,0.00,2026-09-22,22300,4702815,5147740,14214590,1.30,35.16,23385.15,560.86050,23400
7872,2026-09-21 11:01:06,2535,2470,0,952.90,0.00,2026-09-22,22400,5040750,4242420,14467050,1.50,32.71,23385.15,1988.46150,23400
7874,2026-09-21 11:01:06,81900,84045,23140,886.85,0.00,2026-09-22,22500,10995465,9022520,27687075,1.65,30.03,23385.15,134.25480,23400
7876,2026-09-21 11:01:06,39455,40755,3055,790.15,25.39,2026-09-22,22600,5784805,5245435,24801595,1.80,27.47,23385.15,146.61780,23400
7878,2026-09-21 11:01:06,55445,52520,9165,686.70,0.00,2026-09-22,22700,6995365,6306950,20719725,2.15,25.02,23385.15,126.16760,23400
7880,2026-09-21 11:01:06,107510,119275,44265,589.00,0.00,2026-09-22,22800,7372820,7208240,20522775,2.75,22.83,23385.15,68.57800,23400
7882,2026-09-21 11:01:06,133250,136565,70655,490.65,17.70,2026-09-22,22900,6177015,4972825,25104430,3.65,20.39,23385.15,46.35660,23400
7884,2026-09-21 11:01:06,663910,621790,1503450,389.85,12.94,2026-09-22,23000,13568230,10994165,48731410,5.50,18.25,23385.15,20.43690,23400
7886,2026-09-21 11:01:06,731965,594425,2752035,292.55,13.67,2026-09-22,23100,9461920,6429865,45275555,9.50,16.48,23385.15,12.92670,23400
7888,2026-09-21 11:01:06,3606135,2665520,19130670,202.00,13.52,2026-09-22,23200,16584555,9601865,71731010,19.20,15.23,23385.15,4.59900,23400
7890,2026-09-21 11:01:06,11534705,7419685,88210070,122.30,13.03,2026-09-22,23300,23378095,12686570,140599225,39.45,14.19,23385.15,2.02680,23400
7892,2026-09-21 11:01:06,27938690,8768240,207679290,61.25,12.60,2026-09-22,23400,18088850,4787315,171152020,78.95,13.64,23385.15,0.64740,23400
7894,2026-09-21 11:01:06,19191380,9226165,117955435,25.45,12.54,2026-09-22,23500,5691530,2405260,46137845,143.20,14.01,23385.15,0.29660,23400
7896,2026-09-21 11:01:06,12394460,7909005,64652185,9.30,12.91,2026-09-22,23600,1209390,739765,6408090,226.25,15.08,23385.15,0.09760,23400
7898,2026-09-21 11:01:06,11111815,9495720,43561505,4.10,14.16,2026-09-22,23700,641420,536770,1352715,322.10,18.31,23385.15,0.05770,23400
7900,2026-09-21 11:01:06,10605270,8214375,27005745,2.45,16.24,2026-09-22,23800,472485,458770,283010,419.00,20.45,23385.15,0.04460,23400
7902,2026-09-21 11:01:06,6667635,5844280,16265730,1.80,18.43,2026-09-22,23900,416000,436865,56875,518.40,23.74,23385.15,0.06240,23400
7904,2026-09-21 11:01:06,11097125,11558560,25883650,1.40,20.63,2026-09-22,24000,862290,921505,201760,618.00,27.04,23385.15,0.07770,23400
7906,2026-09-21 11:01:06,5379270,5163795,15528630,1.10,22.95,2026-09-22,24100,126230,138060,18915,715.00,27.59,23385.15,0.02350,23400
7908,2026-09-21 11:01:06,8317010,6358625,11889280,0.95,24.90,2026-09-22,24200,155350,166790,19240,816.65,32.59,23385.15,0.01870,23400
7910,2026-09-21 11:01:06,4605705,4095000,6350760,0.85,27.34,2026-09-22,24300,88465,94250,7540,914.00,32.47,23385.15,0.01920,23400
8184,2026-09-21 11:06:06,8385,8385,195,1065.00,0.00,2026-09-22,22300,4676425,5147740,14371955,1.30,35.16,23386.50,557.71320,23400
8186,2026-09-21 11:06:06,2470,2470,65,986.00,0.00,2026-09-22,22400,5053945,4242420,14654835,1.45,32.71,23386.50,2046.13160,23400
8188,2026-09-21 11:06:06,81900,84045,23400,887.35,0.00,2026-09-22,22500,11007295,9022520,28085720,1.65,30.27,23386.50,134.39920,23400
8190,2026-09-21 11:06:06,39455,40755,3055,790.15,27.34,2026-09-22,22600,5867225,5245435,25030005,1.80,27.47,23386.50,148.70680,23400
8192,2026-09-21 11:06:06,55445,52520,9165,686.70,0.00,2026-09-22,22700,6972355,6306950,21086390,2.10,24.90,23386.50,125.75260,23400
8194,2026-09-21 11:06:06,107315,119275,44915,591.00,22.46,2026-09-22,22800,7373015,7208240,20686640,2.70,22.71,23386.50,68.70440,23400
8196,2026-09-21 11:06:06,133445,136565,71110,490.55,18.55,2026-09-22,22900,6177665,4972825,25367680,3.65,20.39,23386.50,46.29370,23400
8198,2026-09-21 11:06:06,659035,621790,1531595,392.00,15.87,2026-09-22,23000,13548665,10994165,49299120,5.30,18.13,23386.50,20.55830,23400
8200,2026-09-21 11:06:06,724880,594425,2802800,296.00,15.14,2026-09-22,23100,9520420,6429865,46122375,9.15,16.36,23386.50,13.13380,23400
8202,2026-09-21 11:06:06,3528525,2665520,19514755,204.80,14.47,2026-09-22,23200,16650140,9601865,73146255,18.50,15.08,23386.50,4.71870,23400
8204,2026-09-21 11:06:06,11399115,7419685,90524460,124.75,13.58,2026-09-22,23300,23576800,12686570,143135850,38.20,13.99,23386.50,2.06830,23400
8206,2026-09-21 11:06:06,27615250,8768240,213457855,63.15,12.91,2026-09-22,23400,18686785,4787315,174758415,76.70,13.37,23386.50,0.67670,23400
8208,2026-09-21 11:06:06,19315660,9226165,120472365,26.30,12.76,2026-09-22,23500,5840315,2405260,47077095,140.40,13.52,23386.50,0.30240,23400
8210,2026-09-21 11:06:06,12365600,7909005,66431690,9.65,13.06,2026-09-22,23600,1305330,739765,6605950,223.80,14.07,23386.50,0.10560,23400
8212,2026-09-21 11:06:06,11029785,9495720,44649410,4.15,14.28,2026-09-22,23700,641875,536770,1372865,318.10,16.17,23386.50,0.05820,23400
8214,2026-09-21 11:06:06,10618075,8214375,27489930,2.50,16.24,2026-09-22,23800,472615,458770,292370,415.20,18.37,23386.50,0.04450,23400
8216,2026-09-21 11:06:06,6682845,5844280,16787550,1.70,18.31,2026-09-22,23900,415675,436865,61555,514.20,19.65,23386.50,0.06220,23400
8218,2026-09-21 11:06:06,11002420,11558560,26707720,1.40,20.51,2026-09-22,24000,862225,921505,202215,615.30,24.05,23386.50,0.07840,23400
8220,2026-09-21 11:06:06,5378295,5163795,15901665,1.10,22.71,2026-09-22,24100,125970,138060,18980,716.50,28.56,23386.50,0.02340,23400
8222,2026-09-21 11:06:06,8300630,6358625,12406160,0.90,24.90,2026-09-22,24200,154700,166790,19305,815.00,29.91,23386.50,0.01860,23400
8224,2026-09-21 11:06:06,4559035,4095000,6663670,0.85,27.34,2026-09-22,24300,88140,94250,8060,912.00,25.39,23386.50,0.01930,23400
8498,2026-09-21 11:11:06,8385,8385,195,1065.00,0.00,2026-09-22,22300,4707300,5147740,14634750,1.35,35.64,23394.65,561.39530,23400
8500,2026-09-21 11:11:06,2470,2470,65,986.00,0.00,2026-09-22,22400,5071885,4242420,14841580,1.50,32.96,23394.65,2053.39470,23400
8502,2026-09-21 11:11:06,82030,84045,23660,896.65,27.34,2026-09-22,22500,11045515,9022520,28421770,1.65,30.52,23394.65,134.65210,23400
8504,2026-09-21 11:11:06,39455,40755,3055,790.15,0.00,2026-09-22,22600,5952700,5245435,25419420,1.80,27.83,23394.65,150.87310,23400
8506,2026-09-21 11:11:06,55380,52520,9230,695.00,0.00,2026-09-22,22700,7096310,6306950,21477040,2.05,25.15,23394.65,128.13850,23400
8508,2026-09-21 11:11:06,107120,119275,45240,594.20,0.00,2026-09-22,22800,7388160,7208240,21148790,2.65,22.83,23394.65,68.97090,23400
8510,2026-09-21 11:11:06,133055,136565,72085,497.00,14.65,2026-09-22,22900,6382155,4972825,26349440,3.40,20.45,23394.65,47.96630,23400
8512,2026-09-21 11:11:06,648830,621790,1563965,398.80,15.38,2026-09-22,23000,13557050,10994165,50490115,4.95,18.25,23394.65,20.89460,23400
8514,2026-09-21 11:11:06,717210,594425,2882360,302.95,14.53,2026-09-22,23100,9563320,6429865,47417045,8.45,16.39,23394.65,13.33410,23400
8516,2026-09-21 11:11:06,3424720,2665520,20101575,211.05,14.22,2026-09-22,23200,16737370,9601865,75610340,16.95,15.08,23394.65,4.88720,23400
8518,2026-09-21 11:11:06,10899850,7419685,93337205,129.55,13.34,2026-09-22,23300,24051105,12686570,147599530,35.10,13.95,23394.65,2.20660,23400
8520,2026-09-21 11:11:06,27092455,8768240,221267475,66.10,12.73,2026-09-22,23400,19419010,4787315,180202815,71.90,13.24,23394.65,0.71680,23400
8522,2026-09-21 11:11:06,19358885,9226165,124121660,27.50,12.54,2026-09-22,23500,5806775,2405260,48701965,133.30,13.31,23394.65,0.30000,23400
8524,2026-09-21 11:11:06,12431250,7909005,68768700,9.75,12.76,2026-09-22,23600,1332370,739765,6788535,216.05,14.28,23394.65,0.10720,23400
8526,2026-09-21 11:11:06,10928840,9495720,45839885,4.00,13.85,2026-09-22,23700,641810,536770,1411280,310.00,16.17,23394.65,0.05870,23400
8528,2026-09-21 11:11:06,10634910,8214375,28589665,2.20,15.75,2026-09-22,23800,472680,458770,303680,408.55,18.19,23394.65,0.04440,23400
8530,2026-09-21 11:11:06,6642545,5844280,17245800,1.55,17.82,2026-09-22,23900,412230,436865,66170,508.40,21.24,23394.65,0.06210,23400
8532,2026-09-21 11:11:06,11081265,11558560,27480700,1.20,20.02,2026-09-22,24000,861120,921505,203775,607.65,23.80,23394.65,0.07770,23400
8534,2026-09-21 11:11:06,5388695,5163795,16310840,1.00,22.22,2026-09-22,24100,125515,138060,19630,709.30,28.69,23394.65,0.02330,23400
8536,2026-09-21 11:11:06,8249410,6358625,12830870,0.90,24.41,2026-09-22,24200,154505,166790,19695,811.80,34.30,23394.65,0.01870,23400
8538,2026-09-21 11:11:06,4559230,4095000,6819540,0.75,26.86,2026-09-22,24300,87620,94250,8450,910.00,35.89,23394.65,0.01920,23400
8812,2026-09-21 11:16:06,8385,8385,195,1065.00,0.00,2026-09-22,22300,4688905,5147740,14977300,1.40,35.64,23395.80,559.20160,23400
8814,2026-09-21 11:16:06,2405,2470,130,996.30,0.00,2026-09-22,22400,5060705,4242420,15196740,1.55,33.20,23395.80,2104.24320,23400
8816,2026-09-21 11:16:06,81835,84045,26585,893.60,0.00,2026-09-22,22500,11029395,9022520,28890810,1.75,30.76,23395.80,134.77600,23400
8818,2026-09-21 11:16:06,39455,40755,3055,790.15,0.00,2026-09-22,22600,6020235,5245435,26093860,1.95,28.08,23395.80,152.58480,23400
8820,2026-09-21 11:16:06,55380,52520,9230,695.00,0.00,2026-09-22,22700,7604610,6306950,23205845,2.35,25.76,23395.80,137.31690,23400
8822,2026-09-21 11:16:06,107185,119275,45890,598.95,19.53,2026-09-22,22800,7473830,7208240,22149985,2.75,23.19,23395.80,69.72830,23400
8824,2026-09-21 11:16:06,133575,136565,74165,496.80,0.00,2026-09-22,22900,6334770,4972825,26874120,3.60,20.63,23395.80,47.42480,23400
8826,2026-09-21 11:16:06,634205,621790,1623115,398.05,0.00,2026-09-22,23000,13511095,10994165,51481820,5.15,18.43,23395.80,21.30400,23400
8828,2026-09-21 11:16:06,712725,594425,2957955,301.55,12.70,2026-09-22,23100,9508265,6429865,48842105,8.70,16.60,23395.80,13.34070,23400
8830,2026-09-21 11:16:06,3480035,2665520,20792785,210.00,13.28,2026-09-22,23200,16774225,9601865,77389910,17.30,15.23,23395.80,4.82010,23400
8832,2026-09-21 11:16:06,10531950,7419685,96327920,128.40,12.89,2026-09-22,23300,24481470,12686570,152033310,35.75,14.18,23395.80,2.32450,23400
8834,2026-09-21 11:16:06,26514215,8768240,230203935,65.35,12.44,2026-09-22,23400,20443475,4787315,185781115,72.70,13.57,23395.80,0.77100,23400
8836,2026-09-21 11:16:06,19297915,9226165,128501815,26.95,12.36,2026-09-22,23500,5965245,2405260,50001510,134.95,13.73,23395.80,0.30910,23400
8838,2026-09-21 11:16:06,12459330,7909005,70977400,9.40,12.60,2026-09-22,23600,1384175,739765,7005960,217.90,14.74,23395.80,0.11110,23400
8840,2026-09-21 11:16:06,10889970,9495720,47262085,3.85,13.67,2026-09-22,23700,641875,536770,1451580,311.15,16.97,23395.80,0.05890,23400
8842,2026-09-21 11:16:06,10663250,8214375,29332030,2.15,15.63,2026-09-22,23800,474175,458770,311415,409.25,19.90,23395.80,0.04450,23400
8844,2026-09-21 11:16:06,6648265,5844280,17368520,1.55,17.70,2026-09-22,23900,409305,436865,70005,508.00,22.58,23395.80,0.06160,23400
8846,2026-09-21 11:16:06,11221145,11558560,28265640,1.20,20.14,2026-09-22,24000,859885,921505,207675,605.00,23.19,23395.80,0.07660,23400
8848,2026-09-21 11:16:06,5367895,5163795,16713840,0.95,22.22,2026-09-22,24100,125385,138060,20020,704.85,26.12,23395.80,0.02340,23400
8850,2026-09-21 11:16:06,8220030,6358625,13188825,0.80,24.41,2026-09-22,24200,152880,166790,25805,805.00,29.30,23395.80,0.01860,23400
8852,2026-09-21 11:16:06,4572945,4095000,6967285,0.75,26.86,2026-09-22,24300,87425,94250,8645,907.00,34.91,23395.80,0.01910,23400
9126,2026-09-21 11:21:05,8385,8385,195,1065.00,0.00,2026-09-22,22300,4714515,5147740,15307825,1.45,35.64,23392.30,562.25580,23400
9128,2026-09-21 11:21:05,2405,2470,130,996.30,35.16,2026-09-22,22400,5044910,4242420,15568605,1.60,33.45,23392.30,2097.67570,23400
9130,2026-09-21 11:21:05,81770,84045,27300,891.90,0.00,2026-09-22,22500,10969660,9022520,29330470,1.80,30.76,23392.30,134.15260,23400
9132,2026-09-21 11:21:05,39455,40755,3055,790.15,0.00,2026-09-22,22600,6198465,5245435,26428155,1.95,28.08,23392.30,157.10210,23400
9134,2026-09-21 11:21:05,55315,52520,9360,689.80,0.00,2026-09-22,22700,7625540,6306950,23464610,2.35,25.63,23392.30,137.85660,23400
9136,2026-09-21 11:21:05,107055,119275,46280,593.65,0.00,2026-09-22,22800,7394270,7208240,22511450,2.80,23.07,23392.30,69.06980,23400
9138,2026-09-21 11:21:05,133575,136565,75400,490.00,0.00,2026-09-22,22900,6335225,4972825,27066650,3.65,20.63,23392.30,47.42820,23400
9140,2026-09-21 11:21:05,628160,621790,1651000,394.00,0.00,2026-09-22,23000,13559260,10994165,52243295,5.25,18.43,23392.30,21.58570,23400
9142,2026-09-21 11:21:05,711555,594425,3013010,297.60,13.55,2026-09-22,23100,9539465,6429865,49826010,8.90,16.54,23392.30,13.40650,23400
9144,2026-09-21 11:21:05,3448380,2665520,21259745,207.25,13.55,2026-09-22,23200,16771690,9601865,79239550,17.90,15.26,23392.30,4.86360,23400
9146,2026-09-21 11:21:05,10423530,7419685,98679555,126.40,12.92,2026-09-22,23300,24939980,12686570,156599170,36.80,14.25,23392.30,2.39270,23400
9148,2026-09-21 11:21:05,25959895,8768240,237227380,63.80,12.45,2026-09-22,23400,21366475,4787315,192574785,74.50,13.64,23392.30,0.82310,23400
9150,2026-09-21 11:21:05,18888350,9226165,132625480,26.05,12.39,2026-09-22,23500,6154915,2405260,51773735,137.70,13.95,23392.30,0.32590,23400
9152,2026-09-21 11:21:05,12357670,7909005,73624005,9.10,12.63,2026-09-22,23600,1325350,739765,7271810,220.80,15.01,23392.30,0.10720,23400
9154,2026-09-21 11:21:05,11005540,9495720,48878375,3.65,13.79,2026-09-22,23700,644345,536770,1497405,314.40,17.94,23392.30,0.05850,23400
9156,2026-09-21 11:21:05,10572705,8214375,30030390,2.10,15.63,2026-09-22,23800,472095,458770,317330,413.45,20.26,23392.30,0.04470,23400
9158,2026-09-21 11:21:05,6628895,5844280,17577170,1.50,17.82,2026-09-22,23900,407355,436865,72995,513.15,24.60,23392.30,0.06150,23400
9160,2026-09-21 11:21:05,11119160,11558560,28653300,1.25,20.26,2026-09-22,24000,860015,921505,209105,613.30,27.04,23392.30,0.07730,23400
9162,2026-09-21 11:21:05,5316090,5163795,16885895,1.00,22.46,2026-09-22,24100,124930,138060,20150,715.60,32.29,23392.30,0.02350,23400
9164,2026-09-21 11:21:05,8211385,6358625,13461760,0.80,24.66,2026-09-22,24200,149500,166790,31720,813.30,33.94,23392.30,0.01820,23400
9166,2026-09-21 11:21:05,4573140,4095000,6989190,0.80,27.10,2026-09-22,24300,87425,94250,8710,911.30,35.16,23392.30,0.01910,23400
9440,2026-09-21 11:26:05,8385,8385,195,1065.00,0.00,2026-09-22,22300,4738370,5147740,15451995,1.45,35.89,23393.30,565.10080,23400
9442,2026-09-21 11:26:05,2405,2470,195,989.00,0.00,2026-09-22,22400,5132465,4242420,15836405,1.60,33.45,23393.30,2134.08110,23400
9444,2026-09-21 11:26:05,81770,84045,28470,894.00,0.00,2026-09-22,22500,11023285,9022520,29657875,1.75,30.76,23393.30,134.80840,23400
9446,2026-09-21 11:26:05,39455,40755,3055,790.15,0.00,2026-09-22,22600,6464900,5245435,27590485,2.05,28.32,23393.30,163.85500,23400
9448,2026-09-21 11:26:05,55315,52520,9360,689.80,0.00,2026-09-22,22700,7698730,6306950,23951460,2.40,25.76,23393.30,139.17980,23400
9450,2026-09-21 11:26:05,107120,119275,46475,594.10,0.00,2026-09-22,22800,7431450,7208240,22841195,2.85,23.19,23393.30,69.37500,23400
9452,2026-09-21 11:26:05,133185,136565,75790,497.55,19.90,2026-09-22,22900,6295120,4972825,27273935,3.60,20.63,23393.30,47.26600,23400
9454,2026-09-21 11:26:05,625495,621790,1668940,396.20,14.89,2026-09-22,23000,13502125,10994165,52954915,5.15,18.37,23393.30,21.58630,23400
9456,2026-09-21 11:26:05,714480,594425,3042520,300.00,14.71,2026-09-22,23100,9581195,6429865,50530740,8.70,16.48,23393.30,13.41000,23400
9458,2026-09-21 11:26:05,3479710,2665520,21579025,208.65,14.04,2026-09-22,23200,16917680,9601865,80670395,17.35,15.11,23393.30,4.86180,23400
9460,2026-09-21 11:26:05,10375170,7419685,100314110,127.55,13.28,2026-09-22,23300,25133485,12686570,159549975,36.00,14.01,23393.30,2.42250,23400
9462,2026-09-21 11:26:05,25918620,8768240,242296275,64.65,12.74,2026-09-22,23400,21751795,4787315,196448850,73.00,13.31,23393.30,0.83920,23400
9464,2026-09-21 11:26:05,18971355,9226165,135473130,26.50,12.51,2026-09-22,23500,6427915,2405260,52968435,135.75,13.35,23393.30,0.33880,23400
9466,2026-09-21 11:26:05,12374830,7909005,75487165,9.30,12.76,2026-09-22,23600,1329770,739765,7369310,219.35,14.43,23393.30,0.10750,23400
9468,2026-09-21 11:26:05,10998585,9495720,49686585,3.85,13.85,2026-09-22,23700,645385,536770,1516450,312.80,16.08,23393.30,0.05870,23400
9470,2026-09-21 11:26:05,10547810,8214375,30197440,2.10,15.63,2026-09-22,23800,473525,458770,324155,410.75,18.62,23393.30,0.04490,23400
9472,2026-09-21 11:26:05,6531915,5844280,18046145,1.50,17.82,2026-09-22,23900,405795,436865,75335,506.90,17.94,23393.30,0.06210,23400
9474,2026-09-21 11:26:05,11101610,11558560,29058315,1.25,20.26,2026-09-22,24000,860990,921505,216775,609.00,23.93,23393.30,0.07760,23400
9476,2026-09-21 11:26:05,5310240,5163795,17104880,0.95,22.46,2026-09-22,24100,124735,138060,20410,706.00,21.48,23393.30,0.02350,23400
9478,2026-09-21 11:26:05,8219900,6358625,13539890,0.85,24.66,2026-09-22,24200,146510,166790,32630,810.50,31.98,23393.30,0.01780,23400
9480,2026-09-21 11:26:05,4573010,4095000,6991465,0.75,26.86,2026-09-22,24300,87425,94250,8710,911.30,36.01,23393.30,0.01910,23400
9754,2026-09-21 11:31:05,8385,8385,195,1065.00,0.00,2026-09-22,22300,4791150,5147740,15658500,1.55,36.38,23400.10,571.39530,23400
9756,2026-09-21 11:31:05,2405,2470,260,995.00,0.00,2026-09-22,22400,5154565,4242420,16257670,1.70,33.69,23400.10,2143.27030,23400
9758,2026-09-21 11:31:05,80665,84045,28730,899.45,0.00,2026-09-22,22500,11103755,9022520,30129320,1.90,31.37,23400.10,137.65270,23400
9760,2026-09-21 11:31:05,39455,40755,3120,795.10,0.00,2026-09-22,22600,6547385,5245435,27953835,2.10,28.69,23400.10,165.94560,23400
9762,2026-09-21 11:31:05,55315,52520,9490,697.85,0.00,2026-09-22,22700,7868445,6306950,24603995,2.50,26.25,23400.10,142.24790,23400
9764,2026-09-21 11:31:05,106990,119275,50245,600.60,0.00,2026-09-22,22800,7423130,7208240,23204285,2.95,23.56,23400.10,69.38150,23400
9766,2026-09-21 11:31:05,133770,136565,77805,498.60,0.00,2026-09-22,22900,6304870,4972825,27467375,3.70,21.00,23400.10,47.13220,23400
9768,2026-09-21 11:31:05,623155,621790,1690455,404.05,15.99,2026-09-22,23000,13518700,10994165,53917110,5.10,18.68,23400.10,21.69400,23400
9770,2026-09-21 11:31:05,711230,594425,3092700,307.25,15.20,2026-09-22,23100,9637550,6429865,51488450,8.30,16.60,23400.10,13.55050,23400
9772,2026-09-21 11:31:05,3426605,2665520,21970715,215.30,14.19,2026-09-22,23200,16950960,9601865,82212130,16.30,15.17,23400.10,4.94690,23400
9774,2026-09-21 11:31:05,10221640,7419685,102245260,133.00,13.43,2026-09-22,23300,25209600,12686570,163128225,33.80,14.01,23400.10,2.46630,23400
9776,2026-09-21 11:31:05,25872470,8768240,248354340,68.30,12.70,2026-09-22,23400,21921510,4787315,201185790,69.10,13.28,23400.10,0.84730,23400
9778,2026-09-21 11:31:05,19077110,9226165,138486985,28.50,12.54,2026-09-22,23500,6346600,2405260,54425670,129.85,13.21,23400.10,0.33270,23400
9780,2026-09-21 11:31:05,12474345,7909005,77523875,9.95,12.73,2026-09-22,23600,1353690,739765,7524985,211.60,14.13,23400.10,0.10850,23400
9782,2026-09-21 11:31:05,10869885,9495720,50690185,4.00,13.79,2026-09-22,23700,642460,536770,1545570,305.85,15.69,23400.10,0.05910,23400
9784,2026-09-21 11:31:05,10579075,8214375,30671550,2.25,15.63,2026-09-22,23800,473785,458770,329160,403.95,16.91,23400.10,0.04480,23400
9786,2026-09-21 11:31:05,6441890,5844280,18355545,1.55,17.82,2026-09-22,23900,404430,436865,79105,503.15,21.24,23400.10,0.06280,23400
9788,2026-09-21 11:31:05,11104665,11558560,29421405,1.20,20.02,2026-09-22,24000,860015,921505,221975,603.90,25.27,23400.10,0.07740,23400
9790,2026-09-21 11:31:05,5309785,5163795,17177615,0.95,22.22,2026-09-22,24100,123890,138060,21515,704.40,29.17,23400.10,0.02330,23400
9792,2026-09-21 11:31:05,8195135,6358625,13785655,0.80,24.41,2026-09-22,24200,146380,166790,32695,806.40,33.81,23400.10,0.01790,23400
9794,2026-09-21 11:31:05,4566965,4095000,7046000,0.80,26.86,2026-09-22,24300,85605,94250,10595,901.00,31.01,23400.10,0.01870,23400
10068,2026-09-21 11:36:06,8385,8385,195,1065.00,0.00,2026-09-22,22300,4797325,5147740,15854865,1.50,36.38,23399.10,572.13180,23400
10070,2026-09-21 11:36:06,2470,2470,325,1006.50,41.75,2026-09-22,22400,5267340,4242420,17160975,1.65,33.69,23399.10,2132.52630,23400
10072,2026-09-21 11:36:06,83005,84045,31525,895.90,0.00,2026-09-22,22500,11164075,9022520,31090345,1.85,31.25,23399.10,134.49880,23400
10074,2026-09-21 11:36:06,39455,40755,3120,795.10,0.00,2026-09-22,22600,6524830,5245435,28515045,2.00,28.56,23399.10,165.37400,23400
10076,2026-09-21 11:36:06,55315,52520,9490,697.85,0.00,2026-09-22,22700,7907705,6306950,25015575,2.40,26.00,23399.10,142.95770,23400
10078,2026-09-21 11:36:06,106405,119275,51545,603.10,24.05,2026-09-22,22800,7506720,7208240,23870990,2.85,23.44,23399.10,70.54860,23400
10080,2026-09-21 11:36:06,134745,136565,79950,500.00,14.16,2026-09-22,22900,6218680,4972825,27912170,3.55,20.75,23399.10,46.15150,23400
10082,2026-09-21 11:36:06,620230,621790,1718210,401.00,11.72,2026-09-22,23000,13525460,10994165,54933775,4.95,18.49,23399.10,21.80720,23400
10084,2026-09-21 11:36:06,686335,594425,3181425,306.00,14.34,2026-09-22,23100,9852050,6429865,53071265,8.15,16.54,23399.10,14.35460,23400
10086,2026-09-21 11:36:06,3198325,2665520,22924005,213.50,13.70,2026-09-22,23200,17112550,9601865,85084025,16.20,15.11,23399.10,5.35050,23400
10088,2026-09-21 11:36:06,9676030,7419685,105826435,131.40,13.03,2026-09-22,23300,25390170,12686570,168935390,33.85,14.04,23399.10,2.62400,23400
10090,2026-09-21 11:36:06,25518675,8768240,259188410,66.95,12.48,2026-09-22,23400,23059920,4787315,209443260,69.30,13.31,23399.10,0.90360,23400
10092,2026-09-21 11:36:06,19388785,9226165,144479465,27.50,12.33,2026-09-22,23500,6463860,2405260,56404270,130.30,13.43,23399.10,0.33340,23400
10094,2026-09-21 11:36:06,12570740,7909005,80314195,9.50,12.57,2026-09-22,23600,1431820,739765,7796490,212.05,14.50,23399.10,0.11390,23400
10096,2026-09-21 11:36:06,10779860,9495720,52642525,3.70,13.61,2026-09-22,23700,657215,536770,1595360,306.25,16.54,23399.10,0.06100,23400
10098,2026-09-21 11:36:06,10050755,8214375,32737055,2.00,15.38,2026-09-22,23800,478790,458770,347425,407.55,19.65,23399.10,0.04760,23400
10100,2026-09-21 11:36:06,6373770,5844280,18923450,1.55,17.82,2026-09-22,23900,404625,436865,86060,504.60,21.24,23399.10,0.06350,23400
10102,2026-09-21 11:36:06,11308830,11558560,30203680,1.25,20.02,2026-09-22,24000,858195,921505,227955,604.00,20.26,23399.10,0.07590,23400
10104,2026-09-21 11:36:06,5308225,5163795,17606355,1.00,22.22,2026-09-22,24100,123825,138060,21580,701.60,23.44,23399.10,0.02330,23400
10106,2026-09-21 11:36:06,8119410,6358625,14163760,0.80,24.41,2026-09-22,24200,140790,166790,38545,799.90,0.00,23399.10,0.01730,23400
10108,2026-09-21 11:36:06,4502940,4095000,7184320,0.75,26.86,2026-09-22,24300,84305,94250,12675,905.00,35.77,23399.10,0.01870,23400
10382,2026-09-21 11:41:06,8385,8385,195,1065.00,0.00,2026-09-22,22300,4784455,5147740,15988635,1.55,36.38,23398.65,570.59690,23400
10384,2026-09-21 11:41:06,2470,2470,325,1006.50,42.85,2026-09-22,22400,5438940,4242420,17474730,1.75,34.18,23398.65,2202.00000,23400
10386,2026-09-21 11:41:06,83005,84045,31525,895.90,0.00,2026-09-22,22500,11178180,9022520,31407805,1.95,31.49,23398.65,134.66880,23400
10388,2026-09-21 11:41:06,39455,40755,3120,795.10,0.00,2026-09-22,22600,6597175,5245435,29022110,2.20,28.81,23398.65,167.20760,23400
10390,2026-09-21 11:41:06,55315,52520,9490,697.85,0.00,2026-09-22,22700,8017555,6306950,25484940,2.60,26.25,23398.65,144.94360,23400
10392,2026-09-21 11:41:06,106210,119275,52000,600.70,21.97,2026-09-22,22800,7551245,7208240,24533535,3.05,23.68,23398.65,71.09730,23400
10394,2026-09-21 11:41:06,134485,136565,80405,497.45,0.00,2026-09-22,22900,6304415,4972825,28239900,3.75,21.00,23398.65,46.87820,23400
10396,2026-09-21 11:41:06,617695,621790,1747330,398.05,0.00,2026-09-22,23000,13361985,10994165,55673345,5.25,18.68,23398.65,21.63200,23400
10398,2026-09-21 11:41:06,690690,594425,3212950,300.35,11.96,2026-09-22,23100,9839050,6429865,53999270,8.65,16.72,23398.65,14.24520,23400
10400,2026-09-21 11:41:06,3164785,2665520,23252645,209.40,12.97,2026-09-22,23200,17172675,9601865,86666190,17.00,15.32,23398.65,5.42620,23400
10402,2026-09-21 11:41:06,9712495,7419685,107317340,127.75,12.73,2026-09-22,23300,25617865,12686570,172243500,35.60,14.27,23398.65,2.63760,23400
10404,2026-09-21 11:41:06,25810135,8768240,264280835,64.80,12.36,2026-09-22,23400,23712780,4787315,214033560,71.75,13.60,23398.65,0.91870,23400
10406,2026-09-21 11:41:06,19267430,9226165,147898920,26.30,12.25,2026-09-22,23500,6711640,2405260,57632250,134.55,13.84,23398.65,0.34830,23400
10408,2026-09-21 11:41:06,12641850,7909005,82051255,9.10,12.54,2026-09-22,23600,1429350,739765,7982975,217.10,15.01,23398.65,0.11310,23400
10410,2026-09-21 11:41:06,10869300,9495720,53709695,3.70,13.67,2026-09-22,23700,659295,536770,1619085,312.35,17.30,23398.65,0.06070,23400
10412,2026-09-21 11:41:06,10352160,8214375,34557640,2.15,15.75,2026-09-22,23800,483795,458770,358995,410.50,20.14,23398.65,0.04670,23400
10414,2026-09-21 11:41:06,6370520,5844280,19374680,1.60,18.07,2026-09-22,23900,404560,436865,86840,506.75,22.22,23398.65,0.06350,23400
10416,2026-09-21 11:41:06,11207755,11558560,30723810,1.25,20.26,2026-09-22,24000,857545,921505,228995,609.90,28.08,23398.65,0.07650,23400
10418,2026-09-21 11:41:06,5289960,5163795,17808505,0.95,22.46,2026-09-22,24100,123825,138060,21645,706.00,28.32,23398.65,0.02340,23400
10420,2026-09-21 11:41:06,8116160,6358625,14520870,0.85,24.66,2026-09-22,24200,139685,166790,41665,806.10,31.74,23398.65,0.01720,23400
10422,2026-09-21 11:41:06,4504825,4095000,7231380,0.80,27.10,2026-09-22,24300,84045,94250,13715,904.00,31.98,23398.65,0.01870,23400
10696,2026-09-21 11:46:05,8385,8385,195,1065.00,0.00,2026-09-22,22300,4798625,5147740,16107195,1.55,36.62,23403.25,572.28680,23400
10698,2026-09-21 11:46:05,2470,2470,325,1006.50,35.16,2026-09-22,22400,5497050,4242420,17749290,1.80,34.18,23403.25,2225.52630,23400
10700,2026-09-21 11:46:05,83005,84045,31525,895.90,0.00,2026-09-22,22500,11410360,9022520,32069375,1.95,31.74,23403.25,137.46590,23400
10702,2026-09-21 11:46:05,39455,40755,3120,795.10,0.00,2026-09-22,22600,6636955,5245435,29433300,2.15,29.05,23403.25,168.21580,23400
10704,2026-09-21 11:46:05,55315,52520,9490,697.85,0.00,2026-09-22,22700,8127210,6306950,26099775,2.55,26.49,23403.25,146.92600,23400
10706,2026-09-21 11:46:05,105495,119275,53105,601.50,0.00,2026-09-22,22800,7586800,7208240,24831625,3.00,23.80,23403.25,71.91620,23400
10708,2026-09-21 11:46:05,134355,136565,80665,502.10,0.00,2026-09-22,22900,6313450,4972825,28562820,3.65,21.12,23403.25,46.99080,23400
10710,2026-09-21 11:46:05,628420,621790,1773785,403.10,0.00,2026-09-22,23000,13390195,10994165,56208035,5.00,18.74,23403.25,21.30770,23400
10712,2026-09-21 11:46:05,693810,594425,3245580,306.80,12.08,2026-09-22,23100,9843405,6429865,54827760,8.05,16.66,23403.25,14.18750,23400
10714,2026-09-21 11:46:05,3163355,2665520,23722595,214.60,13.24,2026-09-22,23200,17253990,9601865,88073245,16.05,15.32,23403.25,5.45430,23400
10716,2026-09-21 11:46:05,9655100,7419685,109013125,132.40,12.85,2026-09-22,23300,25679745,12686570,175519825,33.60,14.25,23403.25,2.65970,23400
10718,2026-09-21 11:46:05,25958920,8768240,270974015,67.85,12.48,2026-09-22,23400,24467690,4787315,218462140,69.05,13.61,23403.25,0.94260,23400
10720,2026-09-21 11:46:05,19243055,9226165,151778055,28.55,12.42,2026-09-22,23500,7071220,2405260,58972225,130.60,13.92,23403.25,0.36750,23400
10722,2026-09-21 11:46:05,12633075,7909005,84112990,10.20,12.73,2026-09-22,23600,1505855,739765,8236670,212.25,15.08,23403.25,0.11920,23400
10724,2026-09-21 11:46:05,10894715,9495720,55226470,4.15,13.85,2026-09-22,23700,671645,536770,1660880,305.65,17.61,23403.25,0.06160,23400
10726,2026-09-21 11:46:05,10432825,8214375,34929895,2.25,15.63,2026-09-22,23800,489515,458770,372645,404.00,21.30,23403.25,0.04690,23400
10728,2026-09-21 11:46:05,6383325,5844280,19527300,1.60,17.82,2026-09-22,23900,404430,436865,90545,503.65,23.80,23403.25,0.06340,23400
10730,2026-09-21 11:46:05,11199890,11558560,30853485,1.20,20.02,2026-09-22,24000,856700,921505,231010,601.30,25.63,23403.25,0.07650,23400
10732,2026-09-21 11:46:05,5327725,5163795,17884880,1.00,22.46,2026-09-22,24100,123370,138060,23010,703.00,30.52,23403.25,0.02320,23400
10734,2026-09-21 11:46:05,8110700,6358625,14626625,0.85,24.41,2026-09-22,24200,137020,166790,48100,800.00,31.01,23403.25,0.01690,23400
10736,2026-09-21 11:46:05,4535245,4095000,7244900,0.80,26.86,2026-09-22,24300,82095,94250,15405,902.00,35.28,23403.25,0.01810,23400
11010,2026-09-21 11:51:06,8385,8385,195,1065.00,0.00,2026-09-22,22300,4785755,5147740,16227965,1.55,36.62,23399.85,570.75190,23400
11012,2026-09-21 11:51:06,2470,2470,325,1006.50,39.92,2026-09-22,22400,5541315,4242420,18078060,1.80,34.42,23399.85,2243.44740,23400
11014,2026-09-21 11:51:06,83070,84045,31720,898.45,0.00,2026-09-22,22500,11444940,9022520,32532955,2.00,31.74,23399.85,137.77460,23400
11016,2026-09-21 11:51:06,39455,40755,3185,798.55,0.00,2026-09-22,22600,6596980,5245435,29923855,2.20,29.05,23399.85,167.20260,23400
11018,2026-09-21 11:51:06,55315,52520,9490,697.85,0.00,2026-09-22,22700,8260460,6306950,27141595,2.55,26.49,23399.85,149.33490,23400
11020,2026-09-21 11:51:06,105560,119275,53300,597.85,0.00,2026-09-22,22800,7573670,7208240,25231895,2.95,23.80,23399.85,71.74750,23400
11022,2026-09-21 11:51:06,133445,136565,82745,501.00,0.00,2026-09-22,22900,6313970,4972825,29076775,3.65,21.12,23399.85,47.31510,23400
11024,2026-09-21 11:51:06,623480,621790,1794130,402.35,15.38,2026-09-22,23000,13362050,10994165,56713475,5.00,18.68,23399.85,21.43140,23400
11026,2026-09-21 11:51:06,693940,594425,3261440,305.55,14.40,2026-09-22,23100,9760660,6429865,55384745,8.25,16.66,23399.85,14.06560,23400
11028,2026-09-21 11:51:06,3137810,2665520,23998715,213.35,13.98,2026-09-22,23200,17352790,9601865,89206260,16.50,15.23,23399.85,5.53020,23400
11030,2026-09-21 11:51:06,9680190,7419685,110094790,131.00,13.29,2026-09-22,23300,25796030,12686570,178309625,34.30,14.13,23399.85,2.66480,23400
11032,2026-09-21 11:51:06,26077870,8768240,275344225,66.75,12.73,2026-09-22,23400,24870365,4787315,222392690,70.35,13.46,23399.85,0.95370,23400
11034,2026-09-21 11:51:06,19143670,9226165,154307985,27.75,12.51,2026-09-22,23500,7057895,2405260,60176025,131.95,13.55,23399.85,0.36870,23400
11036,2026-09-21 11:51:06,12732525,7909005,85698015,9.85,12.79,2026-09-22,23600,1450020,739765,8494330,213.70,14.50,23399.85,0.11390,23400
11038,2026-09-21 11:51:06,10859940,9495720,55975205,4.05,13.85,2026-09-22,23700,676195,536770,1686880,306.40,16.17,23399.85,0.06230,23400
11040,2026-09-21 11:51:06,10434320,8214375,35086285,2.25,15.75,2026-09-22,23800,487825,458770,379470,404.10,19.17,23399.85,0.04680,23400
11042,2026-09-21 11:51:06,6415760,5844280,19628180,1.55,17.94,2026-09-22,23900,402675,436865,91260,504.80,22.83,23399.85,0.06280,23400
11044,2026-09-21 11:51:06,11173305,11558560,30939545,1.20,20.26,2026-09-22,24000,855335,921505,234325,603.00,24.78,23399.85,0.07660,23400
11046,2026-09-21 11:51:06,5257590,5163795,17987905,1.00,22.22,2026-09-22,24100,123240,138060,23530,706.00,30.82,23399.85,0.02340,23400
11048,2026-09-21 11:51:06,8005140,6358625,15082080,0.85,24.66,2026-09-22,24200,131560,166790,54340,806.00,34.30,23399.85,0.01640,23400
11050,2026-09-21 11:51:06,4469335,4095000,7637825,0.80,27.34,2026-09-22,24300,81835,94250,15665,908.00,39.37,23399.85,0.01830,23400
11324,2026-09-21 11:56:06,8385,8385,195,1065.00,0.00,2026-09-22,22300,4802265,5147740,16533335,1.65,37.60,23417.40,572.72090,23400
11326,2026-09-21 11:56:06,2470,2470,325,1006.50,0.00,2026-09-22,22400,5633420,4242420,18407610,1.85,35.16,23417.40,2280.73680,23400
11328,2026-09-21 11:56:06,84500,84045,33800,913.25,0.00,2026-09-22,22500,11650275,9022520,33143760,2.05,32.47,23417.40,137.87310,23400
11330,2026-09-21 11:56:06,39390,40755,3250,808.00,0.00,2026-09-22,22600,6697210,5245435,30196595,2.25,29.79,23417.40,170.02310,23400
11332,2026-09-21 11:56:06,55315,52520,9555,710.00,0.00,2026-09-22,22700,8254025,6306950,27643135,2.55,27.10,23417.40,149.21860,23400
11334,2026-09-21 11:56:06,105950,119275,55315,615.95,0.00,2026-09-22,22800,7682090,7208240,25820340,2.95,24.29,23417.40,72.50670,23400
11336,2026-09-21 11:56:06,134420,136565,86970,519.00,0.00,2026-09-22,22900,6351020,4972825,29567850,3.55,21.67,23417.40,47.24760,23400
11338,2026-09-21 11:56:06,625950,621790,1911390,420.80,0.00,2026-09-22,23000,13441220,10994165,58113575,4.70,19.10,23417.40,21.47330,23400
11340,2026-09-21 11:56:06,691470,594425,3426735,322.50,14.28,2026-09-22,23100,9393280,6429865,57638750,7.50,17.03,23417.40,13.58450,23400
11342,2026-09-21 11:56:06,3070405,2665520,25020970,229.40,13.58,2026-09-22,23200,17656925,9601865,93227485,14.30,15.50,23417.40,5.75070,23400
11344,2026-09-21 11:56:06,8897395,7419685,114709010,144.70,13.03,2026-09-22,23300,25718355,12686570,185007355,29.55,14.25,23417.40,2.89050,23400
11346,2026-09-21 11:56:06,23976810,8768240,290050540,77.05,12.56,2026-09-22,23400,25450490,4787315,231938070,61.30,13.60,23417.40,1.06150,23400
11348,2026-09-21 11:56:06,18959915,9226165,162328660,33.40,12.47,2026-09-22,23500,7082595,2405260,63062935,117.85,13.61,23417.40,0.37360,23400
11350,2026-09-21 11:56:06,12736100,7909005,89374220,12.15,12.70,2026-09-22,23600,1502865,739765,9058140,197.50,14.47,23417.40,0.11800,23400
11352,2026-09-21 11:56:06,10722010,9495720,58243185,4.80,13.73,2026-09-22,23700,684515,536770,1780155,289.40,16.91,23417.40,0.06380,23400
11354,2026-09-21 11:56:06,10444655,8214375,36271885,2.55,15.50,2026-09-22,23800,489580,458770,402740,385.20,19.35,23417.40,0.04690,23400
11356,2026-09-21 11:56:06,6407375,5844280,20063485,1.70,17.58,2026-09-22,23900,402675,436865,99775,488.55,22.83,23417.40,0.06280,23400
11358,2026-09-21 11:56:06,11022570,11558560,31442320,1.30,19.90,2026-09-22,24000,838630,921505,276705,585.60,25.57,23417.40,0.07610,23400
11360,2026-09-21 11:56:06,5275335,5163795,18320705,1.00,21.97,2026-09-22,24100,122915,138060,24895,688.10,29.66,23417.40,0.02330,23400
11362,2026-09-21 11:56:06,7947290,6358625,15899520,0.90,24.41,2026-09-22,24200,128375,166790,56745,788.00,32.96,23417.40,0.01620,23400
11364,2026-09-21 11:56:06,4408105,4095000,7932275,0.85,26.86,2026-09-22,24300,81055,94250,16835,885.00,38.15,23417.40,0.01840,23400
11638,2026-09-21 12:01:06,8125,8385,325,1121.00,0.00,2026-09-22,22300,4852185,5147740,16724695,1.70,38.09,23429.85,597.19200,23400
11640,2026-09-21 12:01:06,2470,2470,325,1006.50,0.00,2026-09-22,22400,5704595,4242420,18696535,1.90,35.64,23429.85,2309.55260,23400
11642,2026-09-21 12:01:06,85865,84045,36530,921.00,0.00,2026-09-22,22500,11717745,9022520,34126625,2.05,32.96,23429.85,136.46710,23400
11644,2026-09-21 12:01:06,39520,40755,3835,818.95,0.00,2026-09-22,22600,6791590,5245435,30743830,2.25,30.15,23429.85,171.85200,23400
11646,2026-09-21 12:01:06,55055,52520,10465,724.00,0.00,2026-09-22,22700,8352435,6306950,28152540,2.50,27.47,23429.85,151.71070,23400
11648,2026-09-21 12:01:06,106340,119275,57395,622.90,0.00,2026-09-22,22800,7721870,7208240,27293630,3.00,24.78,23429.85,72.61490,23400
11650,2026-09-21 12:01:06,134225,136565,90285,525.00,0.00,2026-09-22,22900,6450990,4972825,30247295,3.60,22.09,23429.85,48.06100,23400
11652,2026-09-21 12:01:06,621660,621790,1978470,425.70,0.00,2026-09-22,23000,13597545,10994165,59568210,4.80,19.65,23429.85,21.87300,23400
11654,2026-09-21 12:01:06,670280,594425,3582345,328.25,0.00,2026-09-22,23100,9354085,6429865,59665645,7.55,17.58,23429.85,13.95550,23400
11656,2026-09-21 12:01:06,2889315,2665520,26238875,234.40,10.86,2026-09-22,23200,17463225,9601865,96657470,14.15,15.99,23429.85,6.04410,23400
11658,2026-09-21 12:01:06,7846215,7419685,120088605,148.40,11.96,2026-09-22,23300,25517375,12686570,190845135,28.75,14.82,23429.85,3.25220,23400
11660,2026-09-21 12:01:06,22146800,8768240,307671715,79.75,12.07,2026-09-22,23400,27149005,4787315,242619325,59.45,14.14,23429.85,1.22590,23400
11662,2026-09-21 12:01:06,18367440,9226165,174338580,34.50,12.05,2026-09-22,23500,7506915,2405260,66001910,114.60,14.37,23429.85,0.40870,23400
11664,2026-09-21 12:01:06,12901330,7909005,94973775,12.30,12.30,2026-09-22,23600,1715935,739765,9531990,193.70,15.66,23429.85,0.13300,23400
11666,2026-09-21 12:01:06,10606050,9495720,62698350,4.75,13.24,2026-09-22,23700,730665,536770,1914315,284.55,18.28,23429.85,0.06890,23400
11668,2026-09-21 12:01:06,9979385,8214375,40037855,2.30,14.89,2026-09-22,23800,494260,458770,441740,381.70,21.73,23429.85,0.04950,23400
11670,2026-09-21 12:01:06,6300385,5844280,21077875,1.60,17.09,2026-09-22,23900,402415,436865,102440,480.90,25.63,23429.85,0.06390,23400
11672,2026-09-21 12:01:06,10964980,11558560,32180980,1.25,19.53,2026-09-22,24000,823615,921505,297960,583.30,30.30,23429.85,0.07510,23400
11674,2026-09-21 12:01:06,5236075,5163795,19404450,0.95,21.73,2026-09-22,24100,121940,138060,25610,678.60,31.37,23429.85,0.02330,23400
11676,2026-09-21 12:01:06,7926490,6358625,16552770,0.80,23.93,2026-09-22,24200,127205,166790,57460,780.00,35.95,23429.85,0.01600,23400
11678,2026-09-21 12:01:06,4407260,4095000,8075860,0.75,26.37,2026-09-22,24300,77870,94250,20215,876.70,41.56,23429.85,0.01770,23400
11952,2026-09-21 12:06:06,8125,8385,325,1121.00,0.00,2026-09-22,22300,4885270,5147740,16982745,1.75,38.09,23423.05,601.26400,23400
11954,2026-09-21 12:06:06,2470,2470,325,1006.50,0.00,2026-09-22,22400,5848635,4242420,19180525,1.95,35.64,23423.05,2367.86840,23400
11956,2026-09-21 12:06:06,85865,84045,36595,922.75,0.00,2026-09-22,22500,12012065,9022520,35218105,2.10,32.84,23423.05,139.89480,23400
11958,2026-09-21 12:06:06,39325,40755,3900,819.20,0.00,2026-09-22,22600,6887660,5245435,31218460,2.35,30.27,23423.05,175.14710,23400
11960,2026-09-21 12:06:06,55185,52520,10530,715.00,0.00,2026-09-22,22700,8491795,6306950,28650960,2.75,27.59,23423.05,153.87870,23400
11962,2026-09-21 12:06:06,106340,119275,57460,621.10,0.00,2026-09-22,22800,8253505,7208240,28782195,3.20,24.90,23423.05,77.61430,23400
11964,2026-09-21 12:06:06,134355,136565,90870,520.80,0.00,2026-09-22,22900,6534775,4972825,30880135,3.80,22.22,23423.05,48.63810,23400
11966,2026-09-21 12:06:06,617240,621790,2016885,418.50,0.00,2026-09-22,23000,13691990,10994165,60786310,5.00,19.59,23423.05,22.18260,23400
11968,2026-09-21 12:06:06,663845,594425,3623685,321.75,0.00,2026-09-22,23100,9432540,6429865,60707205,7.80,17.46,23423.05,14.20890,23400
11970,2026-09-21 12:06:06,2870400,2665520,26626860,228.60,11.11,2026-09-22,23200,17399265,9601865,98718165,14.80,15.93,23423.05,6.06160,23400
11972,2026-09-21 12:06:06,7761065,7419685,122150340,143.65,12.05,2026-09-22,23300,25909195,12686570,193912745,30.25,14.80,23423.05,3.33840,23400
11974,2026-09-21 12:06:06,21718840,8768240,315733860,76.10,12.05,2026-09-22,23400,27889030,4787315,249761525,62.30,14.14,23423.05,1.28410,23400
11976,2026-09-21 12:06:06,18316545,9226165,180203270,32.60,12.05,2026-09-22,23500,7778810,2405260,67998905,119.35,14.50,23423.05,0.42470,23400
11978,2026-09-21 12:06:06,13136305,7909005,98423455,11.50,12.30,2026-09-22,23600,1713920,739765,9867780,198.05,15.84,23423.05,0.13050,23400
11980,2026-09-21 12:06:06,10792340,9495720,64548445,4.35,13.24,2026-09-22,23700,728520,536770,2002650,290.95,18.59,23423.05,0.06750,23400
11982,2026-09-21 12:06:06,10015655,8214375,41335515,2.15,14.89,2026-09-22,23800,509405,458770,478335,389.40,22.37,23423.05,0.05090,23400
11984,2026-09-21 12:06:06,6410755,5844280,21483475,1.55,17.21,2026-09-22,23900,402285,436865,104130,486.00,24.96,23423.05,0.06280,23400
11986,2026-09-21 12:06:06,10939110,11558560,32635460,1.25,19.65,2026-09-22,24000,823550,921505,308490,587.00,29.66,23423.05,0.07530,23400
11988,2026-09-21 12:06:06,5236270,5163795,19881680,0.95,21.73,2026-09-22,24100,121615,138060,26585,687.45,33.51,23423.05,0.02320,23400
11990,2026-09-21 12:06:06,7922785,6358625,16790150,0.85,24.17,2026-09-22,24200,125580,166790,60385,788.00,37.60,23423.05,0.01590,23400
11992,2026-09-21 12:06:06,4416230,4095000,8176090,0.80,26.61,2026-09-22,24300,77675,94250,20930,886.05,39.92,23423.05,0.01760,23400
12266,2026-09-21 12:11:07,8125,8385,325,1121.00,46.02,2026-09-22,22300,4936100,5147740,17524650,1.65,37.60,23417.70,607.52000,23400
12268,2026-09-21 12:11:07,2470,2470,325,1006.50,0.00,2026-09-22,22400,5849220,4242420,19516705,1.85,35.16,23417.70,2368.10530,23400
12270,2026-09-21 12:11:07,85865,84045,36595,922.75,40.65,2026-09-22,22500,11952590,9022520,35904960,2.00,32.47,23417.70,139.20210,23400
12272,2026-09-21 12:11:07,39390,40755,3965,810.20,0.00,2026-09-22,22600,6988410,5245435,31742490,2.20,29.79,23417.70,177.41580,23400
12274,2026-09-21 12:11:07,55185,52520,10530,715.00,0.00,2026-09-22,22700,8532875,6306950,29108365,2.55,27.10,23417.70,154.62310,23400
12276,2026-09-21 12:11:07,106275,119275,58045,610.80,0.00,2026-09-22,22800,8423220,7208240,29397745,3.00,24.41,23417.70,79.25870,23400
12278,2026-09-21 12:11:07,134485,136565,91390,515.00,0.00,2026-09-22,22900,6531460,4972825,31340855,3.65,21.79,23417.70,48.56650,23400
12280,2026-09-21 12:11:07,620100,621790,2048150,414.95,0.00,2026-09-22,23000,13765115,10994165,61588605,4.90,19.29,23417.70,22.19820,23400
12282,2026-09-21 12:11:07,660725,594425,3669705,318.15,8.79,2026-09-22,23100,9410830,6429865,61393020,7.75,17.21,23417.70,14.24320,23400
12284,2026-09-21 12:11:07,2885870,2665520,26960180,225.95,12.88,2026-09-22,23200,17426045,9601865,99808670,14.80,15.63,23417.70,6.03840,23400
12286,2026-09-21 12:11:07,7890285,7419685,123837740,141.40,12.76,2026-09-22,23300,25917645,12686570,197039505,30.60,14.50,23417.70,3.28480,23400
12288,2026-09-21 12:11:07,21168095,8768240,321417850,74.35,12.45,2026-09-22,23400,28096250,4787315,255410090,62.80,13.70,23417.70,1.32730,23400
12290,2026-09-21 12:11:07,18444660,9226165,184386410,31.30,12.30,2026-09-22,23500,7882030,2405260,69770025,120.60,13.85,23417.70,0.42730,23400
12292,2026-09-21 12:11:07,13206375,7909005,100779640,11.00,12.45,2026-09-22,23600,1705405,739765,10286250,200.55,14.86,23417.70,0.12910,23400
12294,2026-09-21 12:11:07,10647065,9495720,65974025,4.25,13.49,2026-09-22,23700,727285,536770,2045160,293.90,16.54,23417.70,0.06830,23400
12296,2026-09-21 12:11:07,10328500,8214375,43653545,2.20,15.26,2026-09-22,23800,508495,458770,487825,391.90,21.12,23417.70,0.04920,23400
12298,2026-09-21 12:11:07,6286150,5844280,22221095,1.60,17.70,2026-09-22,23900,402610,436865,105040,491.70,22.34,23417.70,0.06400,23400
12300,2026-09-21 12:11:07,10805340,11558560,33638410,1.20,19.78,2026-09-22,24000,820170,921505,317330,589.00,26.49,23417.70,0.07590,23400
12302,2026-09-21 12:11:07,5234840,5163795,20061080,0.95,21.97,2026-09-22,24100,121615,138060,27170,692.10,32.29,23417.70,0.02320,23400
12304,2026-09-21 12:11:07,7920900,6358625,16854240,0.80,24.17,2026-09-22,24200,122785,166790,63765,789.65,34.06,23417.70,0.01550,23400
12306,2026-09-21 12:11:07,4419805,4095000,8198320,0.75,26.86,2026-09-22,24300,77675,94250,20995,885.00,32.10,23417.70,0.01760,23400
12580,2026-09-21 12:16:06,8125,8385,325,1121.00,38.09,2026-09-22,22300,4936360,5147740,17569695,1.55,37.60,23418.55,607.55200,23400
12582,2026-09-21 12:16:06,2470,2470,325,1006.50,0.00,2026-09-22,22400,5881785,4242420,19774105,1.75,35.16,23418.55,2381.28950,23400
12584,2026-09-21 12:16:06,85865,84045,36790,918.45,0.00,2026-09-22,22500,11942385,9022520,36145915,1.95,32.47,23418.55,139.08330,23400
12586,2026-09-21 12:16:06,39325,40755,4095,813.55,0.00,2026-09-22,22600,6943755,5245435,32061380,2.15,29.79,23418.55,176.57360,23400
12588,2026-09-21 12:16:06,55185,52520,10595,715.15,0.00,2026-09-22,22700,8645260,6306950,29530670,2.55,27.22,23418.55,156.65960,23400
12590,2026-09-21 12:16:06,105755,119275,58500,616.75,0.00,2026-09-22,22800,8748610,7208240,29824145,3.00,24.54,23418.55,82.72530,23400
12592,2026-09-21 12:16:06,134420,136565,91910,517.80,0.00,2026-09-22,22900,6559020,4972825,31488210,3.60,21.85,23418.55,48.79500,23400
12594,2026-09-21 12:16:06,617240,621790,2064660,419.75,0.00,2026-09-22,23000,13828750,10994165,62082345,4.75,19.29,23418.55,22.40420,23400
12596,2026-09-21 12:16:06,660010,594425,3710135,322.00,13.92,2026-09-22,23100,9396335,6429865,61802650,7.60,17.21,23418.55,14.23670,23400
12598,2026-09-21 12:16:06,2870465,2665520,27215305,229.65,14.10,2026-09-22,23200,17449315,9601865,101022740,14.45,15.63,23418.55,6.07890,23400
12600,2026-09-21 12:16:06,8005205,7419685,125353475,144.50,13.34,2026-09-22,23300,25916540,12686570,198983850,29.85,14.40,23418.55,3.23750,23400
12602,2026-09-21 12:16:06,21155940,8768240,326321385,76.90,12.82,2026-09-22,23400,28190370,4787315,259258090,61.20,13.58,23418.55,1.33250,23400
12604,2026-09-21 12:16:06,18676125,9226165,188017180,32.90,12.56,2026-09-22,23500,8027695,2405260,70746910,118.15,13.58,23418.55,0.42980,23400
12606,2026-09-21 12:16:06,13270530,7909005,102700910,11.60,12.66,2026-09-22,23600,1727570,739765,10444915,196.80,14.31,23418.55,0.13020,23400
12608,2026-09-21 12:16:06,10686650,9495720,67262715,4.45,13.55,2026-09-22,23700,732810,536770,2081300,288.65,16.48,23418.55,0.06860,23400
12610,2026-09-21 12:16:06,10255050,8214375,44865405,2.25,15.26,2026-09-22,23800,509210,458770,500110,389.45,19.99,23418.55,0.04970,23400
12612,2026-09-21 12:16:06,6287905,5844280,22396075,1.60,17.58,2026-09-22,23900,402415,436865,105365,485.85,21.36,23418.55,0.06400,23400
12614,2026-09-21 12:16:06,10761530,11558560,33775690,1.25,19.78,2026-09-22,24000,813020,921505,324090,587.65,26.37,23418.55,0.07550,23400
12616,2026-09-21 12:16:06,5214755,5163795,20130825,1.00,21.97,2026-09-22,24100,121745,138060,27755,687.10,29.42,23418.55,0.02330,23400
12618,2026-09-21 12:16:06,7905495,6358625,16982290,0.85,24.41,2026-09-22,24200,122135,166790,64025,789.45,34.85,23418.55,0.01540,23400
12620,2026-09-21 12:16:06,4415970,4095000,8245315,0.80,26.86,2026-09-22,24300,77285,94250,27495,890.00,38.76,23418.55,0.01750,23400
12894,2026-09-21 12:21:06,8125,8385,325,1121.00,41.50,2026-09-22,22300,5014685,5147740,17889365,1.65,38.09,23417.20,617.19200,23400
12896,2026-09-21 12:21:06,2470,2470,325,1006.50,0.00,2026-09-22,22400,5942690,4242420,20000305,1.90,35.40,23417.20,2405.94740,23400
12898,2026-09-21 12:21:06,85865,84045,36790,918.45,28.32,2026-09-22,22500,12035140,9022520,36731305,2.05,32.47,23417.20,140.16350,23400
12900,2026-09-21 12:21:06,39325,40755,4095,813.55,0.00,2026-09-22,22600,6993870,5245435,32419725,2.25,30.03,23417.20,177.84790,23400
12902,2026-09-21 12:21:06,55250,52520,10725,715.00,0.00,2026-09-22,22700,8725535,6306950,29959345,2.65,27.34,23417.20,157.92820,23400
12904,2026-09-21 12:21:06,105755,119275,60255,612.05,0.00,2026-09-22,22800,8780655,7208240,30432805,3.10,24.66,23417.20,83.02830,23400
12906,2026-09-21 12:21:06,135070,136565,93080,517.80,0.00,2026-09-22,22900,6675110,4972825,31885490,3.70,21.97,23417.20,49.41960,23400
12908,2026-09-21 12:21:06,616265,621790,2080260,418.50,14.16,2026-09-22,23000,13857675,10994165,62461165,4.90,19.35,23417.20,22.48660,23400
12910,2026-09-21 12:21:06,658905,594425,3722875,322.00,14.89,2026-09-22,23100,9378655,6429865,62161970,7.70,17.21,23417.20,14.23370,23400
12912,2026-09-21 12:21:06,2918175,2665520,27479400,229.55,14.16,2026-09-22,23200,17329780,9601865,102057995,14.55,15.63,23417.20,5.93860,23400
12914,2026-09-21 12:21:06,7967895,7419685,126484800,144.30,13.35,2026-09-22,23300,25915110,12686570,200640830,29.70,14.40,23417.20,3.25240,23400
12916,2026-09-21 12:21:06,21307715,8768240,329648995,76.40,12.77,2026-09-22,23400,28597725,4787315,262551640,61.40,13.52,23417.20,1.34210,23400
12918,2026-09-21 12:21:06,19021210,9226165,191224215,32.35,12.47,2026-09-22,23500,8168940,2405260,71748495,118.00,13.43,23417.20,0.42950,23400
12920,2026-09-21 12:21:06,13285935,7909005,104290225,11.20,12.54,2026-09-22,23600,1753570,739765,10557690,196.75,14.10,23417.20,0.13200,23400
12922,2026-09-21 12:21:06,10602280,9495720,69025580,4.10,13.37,2026-09-22,23700,734175,536770,2105025,290.30,16.08,23417.20,0.06920,23400
12924,2026-09-21 12:21:06,10244390,8214375,46425730,2.05,15.14,2026-09-22,23800,509795,458770,509340,388.00,19.29,23417.20,0.04980,23400
12926,2026-09-21 12:21:06,6343740,5844280,22895925,1.45,17.33,2026-09-22,23900,402350,436865,105755,487.00,23.38,23417.20,0.06340,23400
12928,2026-09-21 12:21:06,10817365,11558560,34727875,1.15,19.53,2026-09-22,24000,812435,921505,326170,587.95,25.51,23417.20,0.07510,23400
12930,2026-09-21 12:21:06,5093920,5163795,20623200,0.90,21.97,2026-09-22,24100,121615,138060,27820,689.40,30.21,23417.20,0.02390,23400
12932,2026-09-21 12:21:06,7893340,6358625,17093960,0.80,24.41,2026-09-22,24200,121940,166790,64155,788.70,33.02,23417.20,0.01540,23400
12934,2026-09-21 12:21:06,4418635,4095000,8338330,0.80,26.86,2026-09-22,24300,73385,94250,27755,887.00,37.60,23417.20,0.01660,23400
13208,2026-09-21 12:26:06,8125,8385,325,1121.00,43.21,2026-09-22,22300,5056805,5147740,18114070,1.75,38.09,23415.75,622.37600,23400
13210,2026-09-21 12:26:06,2470,2470,325,1006.50,0.00,2026-09-22,22400,5996380,4242420,20191275,1.95,35.40,23415.75,2427.68420,23400
13212,2026-09-21 12:26:06,85800,84045,36985,916.05,0.00,2026-09-22,22500,12227280,9022520,37318385,2.00,32.71,23415.75,142.50910,23400
13214,2026-09-21 12:26:06,39260,40755,4225,814.25,0.00,2026-09-22,22600,7002385,5245435,32566300,2.25,29.91,23415.75,178.35930,23400
13216,2026-09-21 12:26:06,55120,52520,10790,714.90,0.00,2026-09-22,22700,8782475,6306950,30248205,2.65,27.34,23415.75,159.33370,23400
13218,2026-09-21 12:26:06,106080,119275,60385,614.60,0.00,2026-09-22,22800,8839350,7208240,30696250,3.15,24.66,23415.75,83.32720,23400
13220,2026-09-21 12:26:06,133185,136565,96005,515.00,0.00,2026-09-22,22900,6620965,4972825,32276205,3.80,21.97,23415.75,49.71250,23400
13222,2026-09-21 12:26:06,613990,621790,2102425,415.00,0.00,2026-09-22,23000,13907270,10994165,62797345,4.95,19.35,23415.75,22.65060,23400
13224,2026-09-21 12:26:06,654355,594425,3756805,318.80,13.06,2026-09-22,23100,9398545,6429865,62711025,7.75,17.21,23415.75,14.36310,23400
13226,2026-09-21 12:26:06,2855905,2665520,27821235,227.10,13.82,2026-09-22,23200,17391075,9601865,103271285,14.60,15.56,23415.75,6.08950,23400
13228,2026-09-21 12:26:06,8016450,7419685,128009700,142.40,13.21,2026-09-22,23300,26104585,12686570,203014240,30.10,14.37,23415.75,3.25640,23400
13230,2026-09-21 12:26:06,21352695,8768240,334733035,74.45,12.71,2026-09-22,23400,29090815,4787315,267595900,62.20,13.50,23415.75,1.36240,23400
13232,2026-09-21 12:26:06,19101550,9226165,195222495,31.35,12.45,2026-09-22,23500,8125000,2405260,73379215,119.30,13.46,23415.75,0.42540,23400
13234,2026-09-21 12:26:06,13264030,7909005,106178670,10.80,12.51,2026-09-22,23600,1739270,739765,10764520,199.30,14.28,23415.75,0.13110,23400
13236,2026-09-21 12:26:06,10561655,9495720,70179460,4.00,13.43,2026-09-22,23700,739440,536770,2134145,291.65,16.36,23415.75,0.07000,23400
13238,2026-09-21 12:26:06,10315305,8214375,47130785,2.00,15.14,2026-09-22,23800,508885,458770,519220,390.60,19.10,23415.75,0.04930,23400
13240,2026-09-21 12:26:06,6308640,5844280,23256480,1.45,17.46,2026-09-22,23900,402285,436865,106210,489.70,22.58,23415.75,0.06380,23400
13242,2026-09-21 12:26:06,10655125,11558560,35476090,1.20,19.90,2026-09-22,24000,807235,921505,332865,589.75,26.25,23415.75,0.07580,23400
13244,2026-09-21 12:26:06,5005780,5163795,21167445,1.00,22.22,2026-09-22,24100,121550,138060,28145,690.00,29.97,23415.75,0.02430,23400
13246,2026-09-21 12:26:06,7828600,6358625,17886440,0.85,24.41,2026-09-22,24200,121810,166790,64220,790.20,33.57,23415.75,0.01560,23400
13248,2026-09-21 12:26:06,4427020,4095000,8441420,0.80,26.86,2026-09-22,24300,73385,94250,28145,886.10,31.98,23415.75,0.01660,23400
13522,2026-09-21 12:31:07,8125,8385,325,1121.00,0.00,2026-09-22,22300,5093075,5147740,18246150,1.65,38.09,23421.65,626.84000,23400
13524,2026-09-21 12:31:07,2470,2470,325,1006.50,0.00,2026-09-22,22400,5962580,4242420,20408375,1.85,35.64,23421.65,2414.00000,23400
13526,2026-09-21 12:31:07,85670,84045,39650,918.35,0.00,2026-09-22,22500,12395435,9022520,37740625,1.95,32.71,23421.65,144.68820,23400
13528,2026-09-21 12:31:07,39325,40755,4290,822.30,0.00,2026-09-22,22600,7003490,5245435,32809205,2.20,30.03,23421.65,178.09260,23400
13530,2026-09-21 12:31:07,55120,52520,11245,720.70,0.00,2026-09-22,22700,8832265,6306950,30450290,2.60,27.59,23421.65,160.23700,23400
13532,2026-09-21 12:31:07,106145,119275,60905,620.00,0.00,2026-09-22,22800,9003670,7208240,31176925,3.10,24.90,23421.65,84.82420,23400
13534,2026-09-21 12:31:07,131885,136565,97240,521.00,0.00,2026-09-22,22900,6735105,4972825,32743620,3.65,22.16,23421.65,51.06800,23400
13536,2026-09-21 12:31:07,615875,621790,2130765,423.00,12.70,2026-09-22,23000,13940225,10994165,63177335,4.75,19.53,23421.65,22.63480,23400
13538,2026-09-21 12:31:07,659880,594425,3782870,325.25,13.31,2026-09-22,23100,9369555,6429865,63301030,7.45,17.33,23421.65,14.19890,23400
13540,2026-09-21 12:31:07,2863900,2665520,28093195,232.05,13.67,2026-09-22,23200,17396470,9601865,104575510,14.10,15.75,23421.65,6.07440,23400
13542,2026-09-21 12:31:07,8025095,7419685,129339275,146.40,13.09,2026-09-22,23300,26140400,12686570,205224630,28.90,14.50,23421.65,3.25730,23400
13544,2026-09-21 12:31:07,21580130,8768240,339643980,77.90,12.65,2026-09-22,23400,28815020,4787315,271946610,60.05,13.67,23421.65,1.33530,23400
13546,2026-09-21 12:31:07,19271135,9226165,198507985,33.35,12.39,2026-09-22,23500,8062470,2405260,74453145,115.90,13.69,23421.65,0.41840,23400
13548,2026-09-21 12:31:07,13301990,7909005,108497545,11.60,12.51,2026-09-22,23600,1740830,739765,10948600,194.80,14.59,23421.65,0.13090,23400
13550,2026-09-21 12:31:07,10605205,9495720,71658600,4.25,13.37,2026-09-22,23700,770315,536770,2199405,287.50,16.30,23421.65,0.07260,23400
13552,2026-09-21 12:31:07,10146500,8214375,48359480,2.15,15.01,2026-09-22,23800,508625,458770,525330,384.00,18.80,23421.65,0.05010,23400
13554,2026-09-21 12:31:07,6320340,5844280,23385310,1.50,17.33,2026-09-22,23900,402155,436865,111605,486.10,24.17,23421.65,0.06360,23400
13556,2026-09-21 12:31:07,10685415,11558560,35588410,1.15,19.78,2026-09-22,24000,806845,921505,334555,585.05,27.04,23421.65,0.07550,23400
13558,2026-09-21 12:31:07,5001100,5163795,21209825,1.00,21.97,2026-09-22,24100,121550,138060,28145,690.00,34.18,23421.65,0.02430,23400
13560,2026-09-21 12:31:07,7823595,6358625,17908670,0.85,24.41,2026-09-22,24200,121745,166790,64415,788.45,36.99,23421.65,0.01560,23400
13562,2026-09-21 12:31:07,4423315,4095000,8459035,0.75,26.86,2026-09-22,24300,73125,94250,28210,887.00,39.55,23421.65,0.01650,23400
13836,2026-09-21 12:36:06,8125,8385,325,1121.00,41.75,2026-09-22,22300,5079035,5147740,18329610,1.60,37.84,23414.40,625.11200,23400
13838,2026-09-21 12:36:06,2470,2470,325,1006.50,0.00,2026-09-22,22400,5982795,4242420,20468955,1.85,35.40,23414.40,2422.18420,23400
13840,2026-09-21 12:36:06,84045,84045,42900,914.95,0.00,2026-09-22,22500,12383085,9022520,37888565,2.00,32.71,23414.40,147.33870,23400
13842,2026-09-21 12:36:06,39325,40755,4290,822.30,33.57,2026-09-22,22600,6994000,5245435,32939400,2.20,30.03,23414.40,177.85120,23400
13844,2026-09-21 12:36:06,55120,52520,11245,720.70,28.08,2026-09-22,22700,8837010,6306950,30765800,2.65,27.47,23414.40,160.32310,23400
13846,2026-09-21 12:36:06,106275,119275,61100,617.25,0.00,2026-09-22,22800,9031165,7208240,31478265,3.15,24.90,23414.40,84.97920,23400
13848,2026-09-21 12:36:06,132925,136565,97500,514.60,0.00,2026-09-22,22900,6780865,4972825,32971965,3.75,22.09,23414.40,51.01270,23400
13850,2026-09-21 12:36:06,617175,621790,2144740,417.10,0.00,2026-09-22,23000,13979875,10994165,63551670,4.95,19.53,23414.40,22.65140,23400
13852,2026-09-21 12:36:06,656825,594425,3807180,319.95,13.67,2026-09-22,23100,9335365,6429865,63761295,7.85,17.33,23414.40,14.21290,23400
13854,2026-09-21 12:36:06,2877485,2665520,28374645,227.65,13.95,2026-09-22,23200,17273165,9601865,105975155,14.75,15.75,23414.40,6.00290,23400
13856,2026-09-21 12:36:06,8059935,7419685,130368550,143.00,13.28,2026-09-22,23300,26011960,12686570,207282855,29.95,14.47,23414.40,3.22730,23400
13858,2026-09-21 12:36:06,21504860,8768240,344232200,75.05,12.70,2026-09-22,23400,29076840,4787315,275924740,61.85,13.64,23414.40,1.35210,23400
13860,2026-09-21 12:36:06,19529965,9226165,202279805,31.60,12.45,2026-09-22,23500,8071310,2405260,75564450,119.30,13.63,23414.40,0.41330,23400
13862,2026-09-21 12:36:06,13417885,7909005,110196190,10.85,12.54,2026-09-22,23600,1750905,739765,11116040,198.70,14.34,23414.40,0.13050,23400
13864,2026-09-21 12:36:06,10625290,9495720,72638475,4.00,13.37,2026-09-22,23700,771225,536770,2238340,291.90,16.24,23414.40,0.07260,23400
13866,2026-09-21 12:36:06,10127585,8214375,48697610,2.05,15.14,2026-09-22,23800,509925,458770,532415,390.00,19.59,23414.40,0.05040,23400
13868,2026-09-21 12:36:06,6330285,5844280,23725325,1.55,17.58,2026-09-22,23900,392145,436865,217165,489.60,23.19,23414.40,0.06190,23400
13870,2026-09-21 12:36:06,10681125,11558560,35677850,1.20,20.02,2026-09-22,24000,806195,921505,336375,588.00,25.88,23414.40,0.07550,23400
13872,2026-09-21 12:36:06,4979000,5163795,21245250,0.95,22.22,2026-09-22,24100,121485,138060,28535,688.00,29.05,23414.40,0.02440,23400
13874,2026-09-21 12:36:06,7823400,6358625,18009420,0.85,24.41,2026-09-22,24200,121615,166790,64740,788.15,32.59,23414.40,0.01550,23400
13876,2026-09-21 12:36:06,4421885,4095000,8482110,0.80,27.10,2026-09-22,24300,73060,94250,28275,889.05,36.87,23414.40,0.01650,23400
14150,2026-09-21 12:41:06,8125,8385,325,1121.00,44.19,2026-09-22,22300,5088460,5147740,18505695,1.60,37.84,23411.55,626.27200,23400
14152,2026-09-21 12:41:06,2470,2470,325,1006.50,0.00,2026-09-22,22400,6040840,4242420,20655700,1.75,35.16,23411.55,2445.68420,23400
14154,2026-09-21 12:41:06,80990,84045,43095,912.80,0.00,2026-09-22,22500,12394070,9022520,38415260,1.80,32.47,23411.55,153.03210,23400
14156,2026-09-21 12:41:06,39325,40755,4290,822.30,35.22,2026-09-22,22600,7062900,5245435,33304440,2.00,29.66,23411.55,179.60330,23400
14158,2026-09-21 12:41:06,55120,52520,11245,720.70,29.91,2026-09-22,22700,8831680,6306950,31087680,2.40,27.10,23411.55,160.22640,23400
14160,2026-09-21 12:41:06,106275,119275,61230,612.50,0.00,2026-09-22,22800,9124765,7208240,31773950,2.90,24.54,23411.55,85.85990,23400
14162,2026-09-21 12:41:06,132990,136565,97760,512.40,0.00,2026-09-22,22900,6685900,4972825,33253805,3.55,21.85,23411.55,50.27370,23400
14164,2026-09-21 12:41:06,615420,621790,2162095,414.10,0.00,2026-09-22,23000,13976495,10994165,64155000,4.80,19.29,23411.55,22.71050,23400
14166,2026-09-21 12:41:06,654745,594425,3835650,316.05,0.00,2026-09-22,23100,9369945,6429865,64226890,7.80,17.27,23411.55,14.31080,23400
14168,2026-09-21 12:41:06,2864225,2665520,28599090,222.60,12.15,2026-09-22,23200,17105855,9601865,107348410,14.90,15.78,23411.55,5.97220,23400
14170,2026-09-21 12:41:06,8052460,7419685,131462695,138.05,12.50,2026-09-22,23300,26033215,12686570,208898495,30.95,14.57,23411.55,3.23300,23400
14172,2026-09-21 12:41:06,21514805,8768240,348551255,71.40,12.18,2026-09-22,23400,29355170,4787315,279717295,63.70,13.82,23411.55,1.36440,23400
14174,2026-09-21 12:41:06,19490250,9226165,206007035,29.45,12.12,2026-09-22,23500,7935655,2405260,76733020,122.50,14.04,23411.55,0.40720,23400
14176,2026-09-21 12:41:06,13375960,7909005,112242325,9.90,12.30,2026-09-22,23600,1764230,739765,11413610,202.60,15.17,23411.55,0.13190,23400
14178,2026-09-21 12:41:06,10531105,9495720,74052810,3.55,13.31,2026-09-22,23700,773110,536770,2308735,296.20,17.73,23411.55,0.07340,23400
14180,2026-09-21 12:41:06,10198955,8214375,49146825,1.85,15.01,2026-09-22,23800,507780,458770,537160,394.05,21.06,23411.55,0.04980,23400
14182,2026-09-21 12:41:06,6351605,5844280,24047075,1.35,17.46,2026-09-22,23900,311545,436865,262600,493.70,23.56,23411.55,0.04900,23400
14184,2026-09-21 12:41:06,10723115,11558560,35958585,1.15,19.78,2026-09-22,24000,805870,921505,338650,593.00,28.32,23411.55,0.07520,23400
14186,2026-09-21 12:41:06,4992195,5163795,21345090,0.90,21.97,2026-09-22,24100,121485,138060,28535,688.00,27.71,23411.55,0.02430,23400
14188,2026-09-21 12:41:06,7813780,6358625,18243225,0.75,24.41,2026-09-22,24200,121355,166790,65065,787.40,30.15,23411.55,0.01550,23400
14190,2026-09-21 12:41:06,4430335,4095000,8542560,0.75,26.86,2026-09-22,24300,73060,94250,28275,889.05,35.40,23411.55,0.01650,23400
14464,2026-09-21 12:46:06,8125,8385,325,1121.00,42.24,2026-09-22,22300,5113160,5147740,18749705,1.65,38.09,23414.90,629.31200,23400
14466,2026-09-21 12:46:06,2470,2470,325,1006.50,0.00,2026-09-22,22400,6069635,4242420,20954635,1.80,35.40,23414.90,2457.34210,23400
14468,2026-09-21 12:46:06,80990,84045,43095,912.80,0.00,2026-09-22,22500,12513930,9022520,38733890,1.95,32.71,23414.90,154.51200,23400
14470,2026-09-21 12:46:06,39390,40755,4420,814.70,0.00,2026-09-22,22600,7089355,5245435,33496320,2.10,30.03,23414.90,179.97850,23400
14472,2026-09-21 12:46:06,55120,52520,11245,720.70,28.44,2026-09-22,22700,8778575,6306950,31271825,2.50,27.34,23414.90,159.26300,23400
14474,2026-09-21 12:46:06,106340,119275,61490,616.55,0.00,2026-09-22,22800,9112090,7208240,31870865,2.90,24.54,23414.90,85.68830,23400
14476,2026-09-21 12:46:06,132275,136565,99515,515.00,0.00,2026-09-22,22900,6815575,4972825,33564570,3.55,21.97,23414.90,51.52580,23400
14478,2026-09-21 12:46:06,612625,621790,2183870,417.00,0.00,2026-09-22,23000,14029665,10994165,64588810,4.65,19.23,23414.90,22.90090,23400
14480,2026-09-21 12:46:06,656695,594425,3875430,321.25,13.55,2026-09-22,23100,9401600,6429865,64897170,7.40,17.21,23414.90,14.31650,23400
14482,2026-09-21 12:46:06,2842905,2665520,28943980,227.00,13.61,2026-09-22,23200,17199585,9601865,109493735,13.95,15.53,23414.90,6.05000,23400
14484,2026-09-21 12:46:06,8022430,7419685,133134105,142.00,13.02,2026-09-22,23300,26130390,12686570,211989180,29.10,14.31,23414.90,3.25720,23400
14486,2026-09-21 12:46:06,21334560,8768240,355072380,74.25,12.51,2026-09-22,23400,29088475,4787315,286448175,60.75,13.57,23414.90,1.36340,23400
14488,2026-09-21 12:46:06,19368960,9226165,210357485,31.30,12.37,2026-09-22,23500,7788300,2405260,78502515,118.25,13.58,23414.90,0.40210,23400
14490,2026-09-21 12:46:06,13387985,7909005,114873070,10.55,12.45,2026-09-22,23600,1704170,739765,11657945,197.25,14.28,23414.90,0.12730,23400
14492,2026-09-21 12:46:06,10556455,9495720,75410010,3.85,13.37,2026-09-22,23700,732225,536770,2377440,290.60,16.91,23414.90,0.06940,23400
14494,2026-09-21 12:46:06,9986665,8214375,50078860,1.90,15.01,2026-09-22,23800,503880,458770,548275,389.20,20.02,23414.90,0.05050,23400
14496,2026-09-21 12:46:06,6290310,5844280,24235965,1.40,17.46,2026-09-22,23900,290615,436865,315965,491.80,24.54,23414.90,0.04620,23400
14498,2026-09-21 12:46:06,10764520,11558560,36099440,1.10,19.90,2026-09-22,24000,804635,921505,342290,589.00,26.49,23414.90,0.07470,23400
14500,2026-09-21 12:46:06,5000125,5163795,21449870,0.90,22.22,2026-09-22,24100,121225,138060,28795,691.70,31.98,23414.90,0.02420,23400
14502,2026-09-21 12:46:06,7813715,6358625,18262725,0.80,24.41,2026-09-22,24200,121355,166790,65065,787.40,31.74,23414.90,0.01550,23400
14504,2026-09-21 12:46:06,4433455,4095000,8564855,0.80,27.34,2026-09-22,24300,72995,94250,28340,888.00,36.74,23414.90,0.01650,23400
14778,2026-09-21 12:51:06,8125,8385,325,1121.00,45.65,2026-09-22,22300,5112380,5147740,18892055,1.70,38.33,23412.40,629.21600,23400
14780,2026-09-21 12:51:06,2470,2470,325,1006.50,0.00,2026-09-22,22400,6023810,4242420,21364330,1.90,35.64,23412.40,2438.78950,23400
14782,2026-09-21 12:51:06,80860,84045,43160,910.00,0.00,2026-09-22,22500,12527385,9022520,39027105,2.05,32.96,23412.40,154.92680,23400
14784,2026-09-21 12:51:06,39390,40755,4420,814.70,15.63,2026-09-22,22600,7005635,5245435,33702955,2.25,30.03,23412.40,177.85310,23400
14786,2026-09-21 12:51:06,55120,52520,11245,720.70,31.01,2026-09-22,22700,8798985,6306950,31484375,2.60,27.47,23412.40,159.63330,23400
14788,2026-09-21 12:51:06,106470,119275,61555,611.80,0.00,2026-09-22,22800,9114235,7208240,32015230,3.05,24.78,23412.40,85.60380,23400
14790,2026-09-21 12:51:06,132145,136565,99840,510.00,0.00,2026-09-22,22900,6872710,4972825,33782775,3.65,21.97,23412.40,52.00890,23400
14792,2026-09-21 12:51:06,613925,621790,2195635,412.00,0.00,2026-09-22,23000,14040585,10994165,64948000,4.80,19.35,23412.40,22.87020,23400
14794,2026-09-21 12:51:06,652405,594425,3895775,315.00,12.57,2026-09-22,23100,9416095,6429865,65356005,7.70,17.21,23412.40,14.43290,23400
14796,2026-09-21 12:51:06,2870985,2665520,29146650,221.40,13.06,2026-09-22,23200,16913455,9601865,110764030,14.65,15.59,23412.40,5.89120,23400
14798,2026-09-21 12:51:06,8128250,7419685,134143685,137.50,12.66,2026-09-22,23300,26186615,12686570,213670990,30.70,14.47,23412.40,3.22170,23400
14800,2026-09-21 12:51:06,21765445,8768240,358931885,71.05,12.27,2026-09-22,23400,29306875,4787315,290110080,63.55,13.73,23412.40,1.34650,23400
14802,2026-09-21 12:51:06,19727955,9226165,213438030,29.25,12.18,2026-09-22,23500,7868705,2405260,79315795,122.25,13.89,23412.40,0.39890,23400
14804,2026-09-21 12:51:06,13500045,7909005,116727780,9.65,12.30,2026-09-22,23600,1704430,739765,11800035,202.90,14.92,23412.40,0.12630,23400
14806,2026-09-21 12:51:06,10682815,9495720,76416015,3.45,13.31,2026-09-22,23700,732160,536770,2395965,296.25,17.33,23412.40,0.06850,23400
14808,2026-09-21 12:51:06,10063755,8214375,50616150,1.75,14.89,2026-09-22,23800,495300,458770,582335,394.00,20.69,23412.40,0.04920,23400
14810,2026-09-21 12:51:06,6303635,5844280,24340485,1.35,17.46,2026-09-22,23900,289575,436865,317525,494.10,24.72,23412.40,0.04590,23400
14812,2026-09-21 12:51:06,10856950,11558560,36186020,1.10,19.78,2026-09-22,24000,804375,921505,343070,594.00,28.14,23412.40,0.07410,23400
14814,2026-09-21 12:51:06,5002725,5163795,21500375,0.90,22.22,2026-09-22,24100,121225,138060,28795,691.70,29.91,23412.40,0.02420,23400
14816,2026-09-21 12:51:06,7891520,6358625,18381090,0.75,24.41,2026-09-22,24200,120965,166790,65195,792.20,33.87,23412.40,0.01530,23400
14818,2026-09-21 12:51:06,4435145,4095000,8576165,0.75,27.10,2026-09-22,24300,72995,94250,28340,888.00,32.96,23412.40,0.01650,23400
121,2026-09-21 08:54:07,1495,1495,0,1050.00,0.00,2026-09-29,22300,784030,645775,2665650,8.60,15.20,23346.40,524.43480,23300
123,2026-09-21 08:54:07,520,390,195,1017.00,19.44,2026-09-29,22400,1465295,717795,4406025,10.50,14.50,23346.40,2817.87500,23300
125,2026-09-21 08:54:07,590590,591370,59085,880.00,10.19,2026-09-29,22500,4606095,3890575,6072170,12.80,13.79,23346.40,7.79910,23300
127,2026-09-21 08:54:07,3445,3315,2275,786.30,11.08,2026-09-29,22600,1394575,1131000,3889665,15.55,13.08,23346.40,404.81130,23300
129,2026-09-21 08:54:07,21970,22295,17225,683.90,9.16,2026-09-29,22700,1798615,1231620,4905420,20.25,12.53,23346.40,81.86690,23300
131,2026-09-21 08:54:07,297765,302380,66820,593.40,10.13,2026-09-29,22800,2054715,1846650,4893655,27.90,12.12,23346.40,6.90050,23300
133,2026-09-21 08:54:07,133965,132080,56225,509.00,10.82,2026-09-29,22900,1560650,1349075,4305015,37.50,11.70,23346.40,11.64970,23300
135,2026-09-21 08:54:07,1254695,1293760,1117740,421.05,10.38,2026-09-29,23000,7253495,6988970,10334805,52.20,11.36,23346.40,5.78110,23300
137,2026-09-21 08:54:07,309400,301405,456105,340.00,10.18,2026-09-29,23100,1599130,1534975,3392415,71.85,11.00,23346.40,5.16850,23300
139,2026-09-21 08:54:07,1618175,1505335,3166735,267.85,10.00,2026-09-29,23200,3522675,3268265,5631730,96.65,10.67,23346.40,2.17690,23300
141,2026-09-21 08:54:07,4535050,3521895,12353770,201.95,9.78,2026-09-29,23300,5433805,4247295,11962990,130.45,10.42,23346.40,1.19820,23300
143,2026-09-21 08:54:07,3186625,2499510,6649305,145.50,9.61,2026-09-29,23400,2496520,2073565,4524715,174.95,10.20,23346.40,0.78340,23300
145,2026-09-21 08:54:07,5058430,4610840,10770045,101.00,9.47,2026-09-29,23500,4628390,4560400,4284020,227.90,9.98,23346.40,0.91500,23300
147,2026-09-21 08:54:07,2519725,2348125,4853615,65.60,9.25,2026-09-29,23600,1369680,1412255,714935,292.50,9.82,23346.40,0.54360,23300
149,2026-09-21 08:54:07,2718170,2702115,7294495,41.20,9.11,2026-09-29,23700,1026155,1033045,325520,370.00,9.91,23346.40,0.37750,23300
151,2026-09-21 08:54:07,4392180,4117035,9035130,23.80,9.10,2026-09-29,23800,1674920,1707875,393510,452.00,9.90,23346.40,0.38130,23300
153,2026-09-21 08:54:07,4280380,3429530,8077225,14.25,9.12,2026-09-29,23900,978965,942890,222495,543.00,10.33,23346.40,0.22870,23300
155,2026-09-21 08:54:07,10391550,9914190,11054290,9.30,9.46,2026-09-29,24000,5436675,5546850,731575,637.55,10.89,23346.40,0.52320,23300
157,2026-09-21 08:54:07,2026050,1967355,5415150,6.35,9.86,2026-09-29,24100,772395,791635,62270,733.00,11.34,23346.40,0.38120,23300
159,2026-09-21 08:54:07,3489200,3596515,3036605,4.95,10.56,2026-09-29,24200,1714050,1721590,55770,832.40,12.39,23346.40,0.49120,23300
161,2026-09-21 08:54:07,4497805,4795050,3116555,4.00,11.23,2026-09-29,24300,2952950,2954705,36075,927.00,12.08,23346.40,0.65650,23300
435,2026-09-21 08:55:06,1495,1495,0,1050.00,0.00,2026-09-29,22300,784030,645775,2665650,8.60,15.20,23346.40,524.43480,23300
437,2026-09-21 08:55:06,520,390,195,1017.00,19.44,2026-09-29,22400,1465295,717795,4406025,10.50,14.50,23346.40,2817.87500,23300
439,2026-09-21 08:55:06,590590,591370,59085,880.00,10.19,2026-09-29,22500,4606095,3890575,6072170,12.80,13.79,23346.40,7.79910,23300
441,2026-09-21 08:55:06,3445,3315,2275,786.30,11.08,2026-09-29,22600,1394575,1131000,3889665,15.55,13.08,23346.40,404.81130,23300
443,2026-09-21 08:55:06,21970,22295,17225,683.90,9.16,2026-09-29,22700,1798615,1231620,4905420,20.25,12.53,23346.40,81.86690,23300
445,2026-09-21 08:55:06,297765,302380,66820,593.40,10.13,2026-09-29,22800,2054715,1846650,4893655,27.90,12.12,23346.40,6.90050,23300
447,2026-09-21 08:55:06,133965,132080,56225,509.00,10.82,2026-09-29,22900,1560650,1349075,4305015,37.50,11.70,23346.40,11.64970,23300
449,2026-09-21 08:55:06,1254695,1293760,1117740,421.05,10.38,2026-09-29,23000,7253495,6988970,10334805,52.20,11.36,23346.40,5.78110,23300
451,2026-09-21 08:55:06,309400,301405,456105,340.00,10.18,2026-09-29,23100,1599130,1534975,3392415,71.85,11.00,23346.40,5.16850,23300
453,2026-09-21 08:55:06,1618175,1505335,3166735,267.85,10.00,2026-09-29,23200,3522675,3268265,5631730,96.65,10.67,23346.40,2.17690,23300
455,2026-09-21 08:55:06,4535050,3521895,12353770,201.95,9.78,2026-09-29,23300,5433805,4247295,11962990,130.45,10.42,23346.40,1.19820,23300
457,2026-09-21 08:55:06,3186625,2499510,6649305,145.50,9.61,2026-09-29,23400,2496520,2073565,4524715,174.95,10.20,23346.40,0.78340,23300
459,2026-09-21 08:55:06,5058430,4610840,10770045,101.00,9.47,2026-09-29,23500,4628390,4560400,4284020,227.90,9.98,23346.40,0.91500,23300
461,2026-09-21 08:55:06,2519725,2348125,4853615,65.60,9.25,2026-09-29,23600,1369680,1412255,714935,292.50,9.82,23346.40,0.54360,23300
463,2026-09-21 08:55:06,2718170,2702115,7294495,41.20,9.11,2026-09-29,23700,1026155,1033045,325520,370.00,9.91,23346.40,0.37750,23300
465,2026-09-21 08:55:06,4392180,4117035,9035130,23.80,9.10,2026-09-29,23800,1674920,1707875,393510,452.00,9.90,23346.40,0.38130,23300
467,2026-09-21 08:55:06,4280380,3429530,8077225,14.25,9.12,2026-09-29,23900,978965,942890,222495,543.00,10.33,23346.40,0.22870,23300
469,2026-09-21 08:55:06,10391550,9914190,11054290,9.30,9.46,2026-09-29,24000,5436675,5546850,731575,637.55,10.89,23346.40,0.52320,23300
471,2026-09-21 08:55:06,2026050,1967355,5415150,6.35,9.86,2026-09-29,24100,772395,791635,62270,733.00,11.34,23346.40,0.38120,23300
473,2026-09-21 08:55:06,3489200,3596515,3036605,4.95,10.56,2026-09-29,24200,1714050,1721590,55770,832.40,12.39,23346.40,0.49120,23300
475,2026-09-21 08:55:06,4497805,4795050,3116555,4.00,11.23,2026-09-29,24300,2952950,2954705,36075,927.00,12.08,23346.40,0.65650,23300
749,2026-09-21 09:00:07,1495,1495,0,1050.00,0.00,2026-09-29,22300,784030,645775,2665650,8.60,15.20,23197.80,524.43480,23200
751,2026-09-21 09:00:07,520,390,195,1017.00,19.44,2026-09-29,22400,1465295,717795,4406025,10.50,14.50,23197.80,2817.87500,23200
753,2026-09-21 09:00:07,590590,591370,59085,880.00,10.19,2026-09-29,22500,4606095,3890575,6072170,12.80,13.79,23197.80,7.79910,23200
755,2026-09-21 09:00:07,3445,3315,2275,786.30,11.08,2026-09-29,22600,1394575,1131000,3889665,15.55,13.08,23197.80,404.81130,23200
757,2026-09-21 09:00:07,21970,22295,17225,683.90,9.16,2026-09-29,22700,1798615,1231620,4905420,20.25,12.53,23197.80,81.86690,23200
759,2026-09-21 09:00:07,297765,302380,66820,593.40,10.13,2026-09-29,22800,2054715,1846650,4893655,27.90,12.12,23197.80,6.90050,23200
761,2026-09-21 09:00:07,133965,132080,56225,509.00,10.82,2026-09-29,22900,1560650,1349075,4305015,37.50,11.70,23197.80,11.64970,23200
763,2026-09-21 09:00:07,1254695,1293760,1117740,421.05,10.38,2026-09-29,23000,7253495,6988970,10334805,52.20,11.36,23197.80,5.78110,23200
765,2026-09-21 09:00:07,309400,301405,456105,340.00,10.18,2026-09-29,23100,1599130,1534975,3392415,71.85,11.00,23197.80,5.16850,23200
767,2026-09-21 09:00:07,1618175,1505335,3166735,267.85,10.00,2026-09-29,23200,3522675,3268265,5631730,96.65,10.67,23197.80,2.17690,23200
769,2026-09-21 09:00:07,4535050,3521895,12353770,201.95,9.78,2026-09-29,23300,5433805,4247295,11962990,130.45,10.42,23197.80,1.19820,23200
771,2026-09-21 09:00:07,3186625,2499510,6649305,145.50,9.61,2026-09-29,23400,2496520,2073565,4524715,174.95,10.20,23197.80,0.78340,23200
773,2026-09-21 09:00:07,5058430,4610840,10770045,101.00,9.47,2026-09-29,23500,4628390,4560400,4284020,227.90,9.98,23197.80,0.91500,23200
775,2026-09-21 09:00:07,2519725,2348125,4853615,65.60,9.25,2026-09-29,23600,1369680,1412255,714935,292.50,9.82,23197.80,0.54360,23200
777,2026-09-21 09:00:07,2718170,2702115,7294495,41.20,9.11,2026-09-29,23700,1026155,1033045,325520,370.00,9.91,23197.80,0.37750,23200
779,2026-09-21 09:00:07,4392180,4117035,9035130,23.80,9.10,2026-09-29,23800,1674920,1707875,393510,452.00,9.90,23197.80,0.38130,23200
781,2026-09-21 09:00:07,4280380,3429530,8077225,14.25,9.12,2026-09-29,23900,978965,942890,222495,543.00,10.33,23197.80,0.22870,23200
783,2026-09-21 09:00:07,10391550,9914190,11054290,9.30,9.46,2026-09-29,24000,5436675,5546850,731575,637.55,10.89,23197.80,0.52320,23200
785,2026-09-21 09:00:07,2026050,1967355,5415150,6.35,9.86,2026-09-29,24100,772395,791635,62270,733.00,11.34,23197.80,0.38120,23200
787,2026-09-21 09:00:07,3489200,3596515,3036605,4.95,10.56,2026-09-29,24200,1714050,1721590,55770,832.40,12.39,23197.80,0.49120,23200
789,2026-09-21 09:00:07,4497805,4795050,3116555,4.00,11.23,2026-09-29,24300,2952950,2954705,36075,927.00,12.08,23197.80,0.65650,23200
1063,2026-09-21 09:12:07,1495,1495,0,1050.00,0.00,2026-09-29,22300,784030,781365,2665650,8.60,0.00,23330.20,524.43480,23300
1065,2026-09-21 09:12:07,520,520,195,1017.00,0.00,2026-09-29,22400,1465295,1464125,4406025,10.50,0.00,23330.20,2817.87500,23300
1067,2026-09-21 09:12:07,590590,590655,59085,880.00,0.00,2026-09-29,22500,4606095,4601870,6072170,12.80,0.00,23330.20,7.79910,23300
1069,2026-09-21 09:12:07,3445,3575,2275,786.30,0.00,2026-09-29,22600,1394575,1392625,3889665,15.55,0.00,23330.20,404.81130,23300
1071,2026-09-21 09:12:07,21970,21710,17225,683.90,0.00,2026-09-29,22700,1798615,1794780,4905420,20.25,0.00,23330.20,81.86690,23300
1073,2026-09-21 09:12:07,297765,297375,66820,593.40,0.00,2026-09-29,22800,2054715,2044965,4893655,27.90,0.00,23330.20,6.90050,23300
1075,2026-09-21 09:12:07,133965,133380,56225,509.00,0.00,2026-09-29,22900,1560650,1555970,4305015,37.50,0.00,23330.20,11.64970,23300
1077,2026-09-21 09:12:07,1254695,1251445,1117740,421.05,0.00,2026-09-29,23000,7253495,7245435,10334805,52.20,0.00,23330.20,5.78110,23300
1079,2026-09-21 09:12:07,309400,306930,456105,340.00,0.00,2026-09-29,23100,1599130,1583790,3392415,71.85,0.00,23330.20,5.16850,23300
1081,2026-09-21 09:12:07,1618175,1612195,3166735,267.85,0.00,2026-09-29,23200,3522675,3150420,5631730,96.65,0.00,23330.20,2.17690,23300
1083,2026-09-21 09:12:07,4535050,4443335,12353770,201.95,0.00,2026-09-29,23300,5433805,5337020,11962990,130.45,0.00,23330.20,1.19820,23300
1085,2026-09-21 09:12:07,3186625,3109080,6649305,145.50,0.00,2026-09-29,23400,2496520,2431650,4524715,174.95,0.00,23330.20,0.78340,23300
1087,2026-09-21 09:12:07,5058430,5020145,10770045,101.00,0.00,2026-09-29,23500,4628390,4574765,4284020,227.90,0.00,23330.20,0.91500,23300
1089,2026-09-21 09:12:07,2519725,2516020,4853615,65.60,0.00,2026-09-29,23600,1369680,1370005,714935,292.50,0.00,23330.20,0.54360,23300
1091,2026-09-21 09:12:07,2718170,2703090,7294495,41.20,0.00,2026-09-29,23700,1026155,1025570,325520,370.00,0.00,23330.20,0.37750,23300
1093,2026-09-21 09:12:07,4392180,4392505,9035130,23.80,0.00,2026-09-29,23800,1674920,1674465,393510,452.00,0.00,23330.20,0.38130,23300
1095,2026-09-21 09:12:07,4280380,4274595,8077225,14.25,0.00,2026-09-29,23900,978965,978965,222495,543.00,0.00,23330.20,0.22870,23300
1097,2026-09-21 09:12:07,10391550,10381280,11054290,9.30,0.00,2026-09-29,24000,5436675,5434790,731575,637.55,0.00,23330.20,0.52320,23300
1099,2026-09-21 09:12:07,2026050,2026310,5415150,6.35,0.00,2026-09-29,24100,772395,771745,62270,733.00,0.00,23330.20,0.38120,23300
1101,2026-09-21 09:12:07,3489200,3489005,3036605,4.95,0.00,2026-09-29,24200,1714050,1713660,55770,832.40,0.00,23330.20,0.49120,23300
1103,2026-09-21 09:12:07,4497805,4495985,3116555,4.00,0.00,2026-09-29,24300,2952950,2952885,36075,927.00,0.00,23330.20,0.65650,23300
1377,2026-09-21 09:16:06,1495,1495,0,1050.00,0.00,2026-09-29,22300,781690,781365,33605,7.40,17.03,23343.65,522.86960,23300
1379,2026-09-21 09:16:06,520,520,0,1017.00,22.89,2026-09-29,22400,1464060,1464125,75660,9.00,16.30,23343.65,2815.50000,23300
1381,2026-09-21 09:16:06,590655,590655,585,884.35,14.53,2026-09-29,22500,4602585,4601870,99970,11.00,15.41,23343.65,7.79230,23300
1383,2026-09-21 09:16:06,3445,3575,0,786.30,13.70,2026-09-29,22600,1396655,1392625,53365,13.40,14.62,23343.65,405.41510,23300
1385,2026-09-21 09:16:06,21970,21710,0,683.90,11.60,2026-09-29,22700,1796405,1794780,284635,18.10,14.07,23343.65,81.76630,23300
1387,2026-09-21 09:16:06,297375,297375,325,595.00,12.53,2026-09-29,22800,2046915,2044965,98410,24.70,13.53,23343.65,6.88330,23300
1389,2026-09-21 09:16:06,133380,133380,520,505.50,12.39,2026-09-29,22900,1557790,1555970,82550,34.20,13.11,23343.65,11.67930,23300
1391,2026-09-21 09:16:06,1254370,1251445,20215,419.60,12.19,2026-09-29,23000,7248540,7245435,230035,48.30,12.74,23343.65,5.77860,23300
1393,2026-09-21 09:16:06,307125,306930,15210,336.45,11.52,2026-09-29,23100,1586845,1583790,94965,67.05,12.37,23343.65,5.16680,23300
1395,2026-09-21 09:16:06,1611805,1612195,76375,261.30,11.22,2026-09-29,23200,3155165,3150420,139880,93.00,12.02,23343.65,1.95750,23300
1397,2026-09-21 09:16:06,4466605,4443335,438555,195.85,10.96,2026-09-29,23300,5356585,5337020,421850,128.15,11.75,23343.65,1.19930,23300
1399,2026-09-21 09:16:06,3120065,3109080,239265,140.15,10.72,2026-09-29,23400,2435095,2431650,159835,170.15,11.44,23343.65,0.78050,23300
1401,2026-09-21 09:16:06,5018780,5020145,202150,95.60,10.56,2026-09-29,23500,4573140,4574765,65650,225.35,11.28,23343.65,0.91120,23300
1403,2026-09-21 09:16:06,2517060,2516020,161070,61.05,10.35,2026-09-29,23600,1370525,1370005,125190,288.85,11.15,23343.65,0.54450,23300
1405,2026-09-21 09:16:06,2724540,2703090,382785,36.70,10.17,2026-09-29,23700,1025505,1025570,3445,365.50,10.38,23343.65,0.37640,23300
1407,2026-09-21 09:16:06,4394195,4392505,257335,21.50,10.19,2026-09-29,23800,1674400,1674465,4810,445.00,10.15,23343.65,0.38100,23300
1409,2026-09-21 09:16:06,4269330,4274595,190060,12.65,10.30,2026-09-29,23900,978965,978965,27690,525.10,6.84,23343.65,0.22930,23300
1411,2026-09-21 09:16:06,10383815,10381280,159185,8.05,10.68,2026-09-29,24000,5434725,5434790,4550,636.55,10.19,23343.65,0.52340,23300
1413,2026-09-21 09:16:06,2025855,2026310,170755,5.55,11.17,2026-09-29,24100,771745,771745,260,736.80,13.26,23343.65,0.38090,23300
1415,2026-09-21 09:16:06,3488420,3489005,65845,4.35,11.96,2026-09-29,24200,1714050,1713660,0,832.40,13.46,23343.65,0.49140,23300
1417,2026-09-21 09:16:06,4495075,4495985,79300,3.60,12.70,2026-09-29,24300,2952820,2952885,325,923.30,0.00,23343.65,0.65690,23300
1691,2026-09-21 09:21:06,1495,1495,0,1050.00,0.00,2026-09-29,22300,789100,781365,386620,6.30,16.66,23385.35,527.82610,23400
1693,2026-09-21 09:21:06,520,520,0,1017.00,21.00,2026-09-29,22400,1472510,1464125,341965,7.55,15.90,23385.35,2831.75000,23400
1695,2026-09-21 09:21:06,590070,590655,2210,896.30,15.53,2026-09-29,22500,4528030,4601870,424580,9.20,15.08,23385.35,7.67370,23400
1697,2026-09-21 09:21:06,3445,3575,0,786.30,0.00,2026-09-29,22600,1429805,1392625,271440,11.25,14.25,23385.35,415.03770,23400
1699,2026-09-21 09:21:06,21710,21710,260,708.35,14.04,2026-09-29,22700,1773135,1794780,747370,15.20,13.64,23385.35,81.67370,23400
1701,2026-09-21 09:21:06,297375,297375,780,614.25,13.46,2026-09-29,22800,2097420,2044965,398320,21.20,13.17,23385.35,7.05310,23400
1703,2026-09-21 09:21:06,133185,133380,2535,519.00,12.76,2026-09-29,22900,1626300,1555970,409175,29.80,12.71,23385.35,12.21080,23400
1705,2026-09-21 09:21:06,1260285,1251445,89180,435.00,12.70,2026-09-29,23000,7465965,7245435,1278225,42.45,12.33,23385.35,5.92400,23400
1707,2026-09-21 09:21:06,302640,306930,40820,352.00,12.20,2026-09-29,23100,1608035,1583790,368745,58.95,11.86,23385.35,5.31340,23400
1709,2026-09-21 09:21:06,1627535,1612195,203190,277.70,11.76,2026-09-29,23200,3184480,3150420,457600,82.30,11.45,23385.35,1.95660,23400
1711,2026-09-21 09:21:06,4729985,4443335,1011335,209.80,11.42,2026-09-29,23300,5606900,5337020,1092975,114.20,11.09,23385.35,1.18540,23400
1713,2026-09-21 09:21:06,3307590,3109080,794430,150.35,11.06,2026-09-29,23400,2496585,2431650,583505,154.35,10.70,23385.35,0.75480,23400
1715,2026-09-21 09:21:06,5067140,5020145,725530,102.80,10.71,2026-09-29,23500,4585490,4574765,242255,206.95,10.32,23385.35,0.90490,23400
1717,2026-09-21 09:21:06,2545725,2516020,492440,65.30,10.41,2026-09-29,23600,1383915,1370005,184015,269.25,10.10,23385.35,0.54360,23400
1719,2026-09-21 09:21:06,3124550,2703090,1186575,39.30,10.09,2026-09-29,23700,1026285,1025570,29510,345.30,9.68,23385.35,0.32850,23400
1721,2026-09-21 09:21:06,4374695,4392505,685490,23.15,10.15,2026-09-29,23800,1673555,1674465,20930,430.15,10.16,23385.35,0.38260,23400
1723,2026-09-21 09:21:06,4234685,4274595,519870,13.45,10.22,2026-09-29,23900,979030,978965,56225,516.45,9.83,23385.35,0.23120,23400
1725,2026-09-21 09:21:06,10379135,10381280,746525,8.60,10.62,2026-09-29,24000,5420360,5434790,41795,612.40,9.09,23385.35,0.52220,23400
1727,2026-09-21 09:21:06,1989845,2026310,666380,5.90,11.08,2026-09-29,24100,771810,771745,2145,708.00,0.00,23385.35,0.38790,23400
1729,2026-09-21 09:21:06,3472690,3489005,256100,4.75,11.93,2026-09-29,24200,1710410,1713660,5720,804.55,0.00,23385.35,0.49250,23400
1731,2026-09-21 09:21:06,4496635,4495985,198445,3.95,12.73,2026-09-29,24300,2952560,2952885,4680,905.00,0.00,23385.35,0.65660,23400
2005,2026-09-21 09:26:06,1495,1495,0,1050.00,0.00,2026-09-29,22300,806195,781365,424385,6.20,16.66,23386.30,539.26090,23400
2007,2026-09-21 09:26:06,520,520,0,1017.00,20.39,2026-09-29,22400,1462565,1464125,453895,7.45,15.87,23386.30,2812.62500,23400
2009,2026-09-21 09:26:06,589680,590655,2600,899.00,14.34,2026-09-29,22500,4532515,4601870,582595,8.95,14.98,23386.30,7.68640,23400
2011,2026-09-21 09:26:06,3445,3575,0,786.30,0.00,2026-09-29,22600,1472315,1392625,402805,10.95,14.19,23386.30,427.37740,23400
2013,2026-09-21 09:26:06,21580,21710,455,707.30,12.47,2026-09-29,22700,1908790,1794780,1060735,14.60,13.58,23386.30,88.45180,23400
2015,2026-09-21 09:26:06,298155,297375,4940,612.65,13.09,2026-09-29,22800,2185625,2044965,679445,20.75,13.14,23386.30,7.33050,23400
2017,2026-09-21 09:26:06,132795,133380,8385,516.20,11.96,2026-09-29,22900,1707875,1555970,621140,29.40,12.66,23386.30,12.86100,23400
2019,2026-09-21 09:26:06,1267370,1251445,117455,436.35,12.56,2026-09-29,23000,7678645,7245435,1699945,41.55,12.28,23386.30,6.05870,23400
2021,2026-09-21 09:26:06,301925,306930,46735,352.70,12.02,2026-09-29,23100,1622985,1583790,476970,58.35,11.83,23386.30,5.37550,23400
2023,2026-09-21 09:26:06,1652690,1612195,270400,276.65,11.62,2026-09-29,23200,3217305,3150420,674895,82.00,11.46,23386.30,1.94670,23400
2025,2026-09-21 09:26:06,4795765,4443335,1247480,208.90,11.25,2026-09-29,23300,5665400,5337020,1396915,113.05,11.11,23386.30,1.18130,23400
2027,2026-09-21 09:26:06,3386695,3109080,1228630,150.05,10.98,2026-09-29,23400,2555215,2431650,846170,153.95,10.70,23386.30,0.75450,23400
2029,2026-09-21 09:26:06,5104060,5020145,936715,102.30,10.66,2026-09-29,23500,4591080,4574765,344825,206.00,10.38,23386.30,0.89950,23400
2031,2026-09-21 09:26:06,2577315,2516020,665600,65.05,10.35,2026-09-29,23600,1390480,1370005,227370,269.05,10.12,23386.30,0.53950,23400
2033,2026-09-21 09:26:06,3207035,2703090,1534000,39.05,10.13,2026-09-29,23700,1025635,1025570,39455,342.00,9.81,23386.30,0.31980,23400
2035,2026-09-21 09:26:06,4442750,4392505,1105520,22.90,10.12,2026-09-29,23800,1674270,1674465,27755,425.05,9.28,23386.30,0.37690,23400
2037,2026-09-21 09:26:06,4278365,4274595,737035,12.95,10.13,2026-09-29,23900,981825,978965,60190,516.00,9.09,23386.30,0.22950,23400
2039,2026-09-21 09:26:06,10401950,10381280,1001390,8.35,10.54,2026-09-29,24000,5415225,5434790,64090,611.15,9.16,23386.30,0.52060,23400
2041,2026-09-21 09:26:06,2015520,2026310,826215,5.70,11.05,2026-09-29,24100,771680,771745,3900,704.75,0.00,23386.30,0.38290,23400
2043,2026-09-21 09:26:06,3500575,3489005,377975,4.60,11.84,2026-09-29,24200,1708330,1713660,9230,810.80,10.93,23386.30,0.48800,23400
2045,2026-09-21 09:26:06,4487795,4495985,257660,3.80,12.66,2026-09-29,24300,2952560,2952885,5590,910.25,11.72,23386.30,0.65790,23400
2319,2026-09-21 09:31:06,1495,1495,0,1050.00,0.00,2026-09-29,22300,843375,781365,530075,6.10,16.88,23401.55,564.13040,23400
2321,2026-09-21 09:31:06,520,520,0,1017.00,15.08,2026-09-29,22400,1506050,1464125,639145,7.20,16.05,23401.55,2896.25000,23400
2323,2026-09-21 09:31:06,589615,590655,6565,910.75,0.00,2026-09-29,22500,4550650,4601870,822250,8.65,15.14,23401.55,7.71800,23400
2325,2026-09-21 09:31:06,3445,3575,0,786.30,0.00,2026-09-29,22600,1483300,1392625,501605,10.40,14.31,23401.55,430.56600,23400
2327,2026-09-21 09:31:06,22035,21710,1235,722.25,12.82,2026-09-29,22700,2004210,1794780,1301495,13.80,13.67,23401.55,90.95580,23400
2329,2026-09-21 09:31:06,299650,297375,6305,629.00,12.77,2026-09-29,22800,2271685,2044965,993135,19.40,13.18,23401.55,7.58110,23400
2331,2026-09-21 09:31:06,133055,133380,13715,535.95,12.25,2026-09-29,22900,1750320,1555970,856960,27.05,12.70,23401.55,13.15490,23400
2333,2026-09-21 09:31:06,1267240,1251445,136370,449.00,12.12,2026-09-29,23000,7773025,7245435,2255955,38.50,12.29,23401.55,6.13380,23400
2335,2026-09-21 09:31:06,299910,306930,64415,364.90,11.74,2026-09-29,23100,1657240,1583790,658255,54.05,11.83,23401.55,5.52580,23400
2337,2026-09-21 09:31:06,1632150,1612195,359190,287.10,11.38,2026-09-29,23200,3364010,3150420,1043380,76.05,11.47,23401.55,2.06110,23400
2339,2026-09-21 09:31:06,4779320,4443335,1536990,216.90,11.04,2026-09-29,23300,5644145,5337020,1755325,105.85,11.09,23401.55,1.18100,23400
2341,2026-09-21 09:31:06,3459040,3109080,1716065,156.55,10.73,2026-09-29,23400,2652130,2431650,1243710,145.00,10.76,23401.55,0.76670,23400
2343,2026-09-21 09:31:06,5079360,5020145,1356810,106.95,10.43,2026-09-29,23500,4618120,4574765,514280,196.15,10.51,23401.55,0.90920,23400
2345,2026-09-21 09:31:06,2639780,2516020,937495,68.60,10.18,2026-09-29,23600,1396590,1370005,291070,257.05,10.20,23401.55,0.52910,23400
2347,2026-09-21 09:31:06,3289325,2703090,1860365,41.10,9.94,2026-09-29,23700,1035190,1025570,62010,327.85,9.83,23401.55,0.31470,23400
2349,2026-09-21 09:31:06,4559555,4392505,1481935,23.95,9.90,2026-09-29,23800,1673425,1674465,34190,410.60,9.78,23401.55,0.36700,23400
2351,2026-09-21 09:31:06,4331340,4274595,980915,13.45,9.92,2026-09-29,23900,981955,978965,66365,500.00,9.64,23401.55,0.22670,23400
2353,2026-09-21 09:31:06,10483590,10381280,1334060,8.70,10.35,2026-09-29,24000,5416460,5434790,96395,596.65,10.13,23401.55,0.51670,23400
2355,2026-09-21 09:31:06,2031705,2026310,1132885,5.80,10.83,2026-09-29,24100,771550,771745,4550,690.00,9.09,23401.55,0.37980,23400
2357,2026-09-21 09:31:06,3587350,3489005,928265,4.70,11.60,2026-09-29,24200,1705340,1713660,11310,790.35,10.44,23401.55,0.47540,23400
2359,2026-09-21 09:31:06,4537065,4495985,364065,3.85,12.42,2026-09-29,24300,2953535,2952885,8970,894.00,13.37,23401.55,0.65100,23400
2633,2026-09-21 09:36:06,1495,1495,0,1050.00,0.00,2026-09-29,22300,851110,781365,588055,6.10,16.97,23406.40,569.30430,23400
2635,2026-09-21 09:36:06,520,520,0,1017.00,13.18,2026-09-29,22400,1504880,1464125,754910,7.05,16.02,23406.40,2894.00000,23400
2637,2026-09-21 09:36:06,590135,590655,9295,921.15,11.72,2026-09-29,22500,4602650,4601870,966745,8.45,15.14,23406.40,7.79930,23400
2639,2026-09-21 09:36:06,3445,3575,0,786.30,0.00,2026-09-29,22600,1494415,1392625,573885,10.15,14.28,23406.40,433.79250,23400
2641,2026-09-21 09:36:06,22295,21710,1495,719.85,11.14,2026-09-29,22700,2023515,1794780,1499550,13.35,13.61,23406.40,90.76090,23400
2643,2026-09-21 09:36:06,299845,297375,7605,627.30,10.96,2026-09-29,22800,2351505,2044965,1255150,18.55,13.11,23406.40,7.84240,23400
2645,2026-09-21 09:36:06,132665,133380,16445,538.00,12.02,2026-09-29,22900,1718015,1555970,989950,26.20,12.66,23406.40,12.95000,23400
2647,2026-09-21 09:36:06,1259570,1251445,158145,450.55,11.73,2026-09-29,23000,7832890,7245435,2602470,37.60,12.27,23406.40,6.21870,23400
2649,2026-09-21 09:36:06,293410,306930,79560,366.00,11.46,2026-09-29,23100,1693055,1583790,796250,52.90,11.83,23406.40,5.77030,23400
2651,2026-09-21 09:36:06,1625520,1612195,417560,288.40,11.20,2026-09-29,23200,3374150,3150420,1189175,75.05,11.47,23406.40,2.07570,23400
2653,2026-09-21 09:36:06,4747535,4443335,1722370,218.70,10.89,2026-09-29,23300,5605275,5337020,2036905,105.00,11.15,23406.40,1.18070,23400
2655,2026-09-21 09:36:06,3448185,3109080,2136485,157.75,10.63,2026-09-29,23400,2706470,2431650,1520545,143.75,10.83,23406.40,0.78490,23400
2657,2026-09-21 09:36:06,5104580,5020145,1578655,107.85,10.37,2026-09-29,23500,4631900,4574765,639535,194.20,10.58,23406.40,0.90740,23400
2659,2026-09-21 09:36:06,2625935,2516020,1135940,69.00,10.09,2026-09-29,23600,1416480,1370005,318565,255.35,10.38,23406.40,0.53940,23400
2661,2026-09-21 09:36:06,3331965,2703090,2046265,41.60,9.90,2026-09-29,23700,1035775,1025570,73710,328.05,10.18,23406.40,0.31090,23400
2663,2026-09-21 09:36:06,4601545,4392505,1693770,24.40,9.89,2026-09-29,23800,1672515,1674465,41795,410.00,10.57,23406.40,0.36350,23400
2665,2026-09-21 09:36:06,4371770,4274595,1138670,13.90,9.95,2026-09-29,23900,985140,978965,71565,502.40,10.56,23406.40,0.22530,23400
2667,2026-09-21 09:36:06,10554310,10381280,1575665,9.10,10.38,2026-09-29,24000,5431735,5434790,128960,595.00,10.85,23406.40,0.51460,23400
2669,2026-09-21 09:36:06,2045225,2026310,1247935,6.15,10.89,2026-09-29,24100,771355,771745,5720,693.55,11.63,23406.40,0.37710,23400
2671,2026-09-21 09:36:06,3694080,3489005,1358695,5.05,11.72,2026-09-29,24200,1705275,1713660,14235,790.20,11.54,23406.40,0.46160,23400
2673,2026-09-21 09:36:06,4567225,4495985,504465,4.10,12.51,2026-09-29,24300,2948920,2952885,24505,893.55,14.22,23406.40,0.64570,23400
2947,2026-09-21 09:41:06,1495,1495,65,1119.30,20.84,2026-09-29,22300,774605,781365,695110,6.10,16.72,23386.65,518.13040,23400
2949,2026-09-21 09:41:06,520,520,0,1017.00,18.78,2026-09-29,22400,1454115,1464125,932230,7.05,15.84,23386.65,2796.37500,23400
2951,2026-09-21 09:41:06,597675,590655,21970,902.00,12.57,2026-09-29,22500,4622020,4601870,1238380,8.40,14.95,23386.65,7.73330,23400
2953,2026-09-21 09:41:06,3445,3575,0,786.30,0.00,2026-09-29,22600,1511120,1392625,653965,10.30,14.10,23386.65,438.64150,23400
2955,2026-09-21 09:41:06,22425,21710,1625,712.65,13.24,2026-09-29,22700,2073045,1794780,1661400,13.85,13.49,23386.65,92.44350,23400
2957,2026-09-21 09:41:06,299650,297375,9750,614.00,12.01,2026-09-29,22800,2391740,2044965,1438255,19.40,13.02,23386.65,7.98180,23400
2959,2026-09-21 09:41:06,130520,133380,17745,527.25,12.53,2026-09-29,22900,1704950,1555970,1127815,27.60,12.57,23386.65,13.06270,23400
2961,2026-09-21 09:41:06,1257945,1251445,182845,433.65,11.72,2026-09-29,23000,7879885,7245435,2817750,39.90,12.24,23386.65,6.26410,23400
2963,2026-09-21 09:41:06,295230,306930,88725,351.05,11.49,2026-09-29,23100,1711125,1583790,898625,56.60,11.83,23386.65,5.79590,23400
2965,2026-09-21 09:41:06,1628965,1612195,470340,274.00,11.06,2026-09-29,23200,3375710,3150420,1286090,80.20,11.49,23386.65,2.07230,23400
2967,2026-09-21 09:41:06,4789850,4443335,1879930,205.40,10.75,2026-09-29,23300,5668780,5337020,2204865,112.00,11.19,23386.65,1.18350,23400
2969,2026-09-21 09:41:06,3528460,3109080,2425670,147.00,10.54,2026-09-29,23400,2752685,2431650,1758185,152.80,10.91,23386.65,0.78010,23400
2971,2026-09-21 09:41:06,5216445,5020145,1874015,100.30,10.31,2026-09-29,23500,4643730,4574765,737165,205.55,10.65,23386.65,0.89020,23400
2973,2026-09-21 09:41:06,2664285,2516020,1284270,63.40,10.06,2026-09-29,23600,1419600,1370005,364325,267.85,10.44,23386.65,0.53280,23400
2975,2026-09-21 09:41:06,3392220,2703090,2223975,37.85,9.87,2026-09-29,23700,1037075,1025570,88855,342.00,10.29,23386.65,0.30570,23400
2977,2026-09-21 09:41:06,4670770,4392505,1929915,22.10,9.90,2026-09-29,23800,1673100,1674465,47515,425.90,10.25,23386.65,0.35820,23400
2979,2026-09-21 09:41:06,4427215,4274595,1309685,12.65,9.96,2026-09-29,23900,982475,978965,78650,516.75,10.39,23386.65,0.22190,23400
2981,2026-09-21 09:41:06,10645050,10381280,1960465,8.40,10.42,2026-09-29,24000,5425040,5434790,149305,613.40,11.58,23386.65,0.50960,23400
2983,2026-09-21 09:41:06,2037425,2026310,1414010,5.85,10.99,2026-09-29,24100,772395,771745,7410,705.00,10.68,23386.65,0.37910,23400
2985,2026-09-21 09:41:06,3737630,3489005,1549535,4.90,11.84,2026-09-29,24200,1705665,1713660,15340,808.05,13.00,23386.65,0.45630,23400
2987,2026-09-21 09:41:06,4583150,4495985,617825,4.00,12.70,2026-09-29,24300,2947555,2952885,28275,904.70,13.00,23386.65,0.64310,23400
3261,2026-09-21 09:46:06,1495,1495,65,1119.30,20.11,2026-09-29,22300,748865,781365,807170,6.15,16.78,23398.55,500.91300,23400
3263,2026-09-21 09:46:06,520,520,0,1017.00,18.02,2026-09-29,22400,1444495,1464125,1024530,6.95,15.81,23398.55,2777.87500,23400
3265,2026-09-21 09:46:06,599235,590655,25545,909.30,14.16,2026-09-29,22500,4603365,4601870,1385995,8.25,14.95,23398.55,7.68210,23400
3267,2026-09-21 09:46:06,3445,3575,0,786.30,0.00,2026-09-29,22600,1511120,1392625,748605,10.00,14.10,23398.55,438.64150,23400
3269,2026-09-21 09:46:06,22880,21710,2275,712.30,12.39,2026-09-29,22700,2116270,1794780,1752790,13.25,13.46,23398.55,92.49430,23400
3271,2026-09-21 09:46:06,299585,297375,11050,617.00,12.02,2026-09-29,22800,2429245,2044965,1562535,18.70,12.97,23398.55,8.10870,23400
3273,2026-09-21 09:46:06,130650,133380,18590,526.95,12.08,2026-09-29,22900,1679535,1555970,1240590,26.65,12.51,23398.55,12.85520,23400
3275,2026-09-21 09:46:06,1259375,1251445,192660,439.60,11.83,2026-09-29,23000,7924735,7245435,3004625,38.30,12.16,23398.55,6.29260,23400
3277,2026-09-21 09:46:06,295685,306930,95875,357.35,11.52,2026-09-29,23100,1715545,1583790,951340,54.20,11.72,23398.55,5.80190,23400
3279,2026-09-21 09:46:06,1623310,1612195,534105,280.00,11.24,2026-09-29,23200,3373890,3150420,1393210,77.05,11.38,23398.55,2.07840,23400
3281,2026-09-21 09:46:06,4836130,4443335,2042690,211.50,10.96,2026-09-29,23300,5728385,5337020,2439190,107.90,11.05,23398.55,1.18450,23400
3283,2026-09-21 09:46:06,3608475,3109080,2685540,151.80,10.65,2026-09-29,23400,2802865,2431650,1985815,147.35,10.73,23398.55,0.77670,23400
3285,2026-09-21 09:46:06,5298280,5020145,2092285,103.25,10.43,2026-09-29,23500,4644250,4574765,793780,200.05,10.47,23398.55,0.87660,23400
3287,2026-09-21 09:46:06,2686580,2516020,1408290,65.65,10.12,2026-09-29,23600,1426620,1370005,385710,261.35,10.14,23398.55,0.53100,23400
3289,2026-09-21 09:46:06,3412695,2703090,2358785,39.15,9.94,2026-09-29,23700,1031680,1025570,107900,335.00,9.98,23398.55,0.30230,23400
3291,2026-09-21 09:46:06,4721665,4392505,2106130,22.95,9.93,2026-09-29,23800,1675570,1674465,54860,418.00,10.10,23398.55,0.35490,23400
3293,2026-09-21 09:46:06,4460625,4274595,1463410,13.15,9.98,2026-09-29,23900,982540,978965,79560,509.95,10.01,23398.55,0.22030,23400
3295,2026-09-21 09:46:06,10664745,10381280,2154945,8.60,10.44,2026-09-29,24000,5425885,5434790,160290,606.40,10.71,23398.55,0.50880,23400
3297,2026-09-21 09:46:06,2071290,2026310,1596595,5.95,10.99,2026-09-29,24100,773825,771745,8385,699.35,9.52,23398.55,0.37360,23400
3299,2026-09-21 09:46:06,3794895,3489005,1622400,4.95,11.84,2026-09-29,24200,1705665,1713660,16900,800.00,11.05,23398.55,0.44950,23400
3301,2026-09-21 09:46:06,4616950,4495985,731640,4.15,12.70,2026-09-29,24300,2945930,2952885,33020,898.60,11.23,23398.55,0.63810,23400
3575,2026-09-21 09:51:06,1495,1495,65,1119.30,18.16,2026-09-29,22300,749450,781365,853840,6.00,16.82,23402.45,501.30430,23400
3577,2026-09-21 09:51:06,520,520,0,1017.00,15.93,2026-09-29,22400,1435850,1464125,1130480,6.85,15.87,23402.45,2761.25000,23400
3579,2026-09-21 09:51:06,600275,590655,26520,917.00,14.59,2026-09-29,22500,4598425,4601870,1484015,8.10,14.98,23402.45,7.66050,23400
3581,2026-09-21 09:51:06,3445,3575,0,786.30,0.00,2026-09-29,22600,1514500,1392625,796835,9.80,14.11,23402.45,439.62260,23400
3583,2026-09-21 09:51:06,23010,21710,2600,719.65,12.63,2026-09-29,22700,2114970,1794780,1813370,13.00,13.47,23402.45,91.91530,23400
3585,2026-09-21 09:51:06,298415,297375,12285,626.50,12.65,2026-09-29,22800,2442310,2044965,1673035,18.35,12.99,23402.45,8.18430,23400
3587,2026-09-21 09:51:06,129610,133380,20215,535.10,12.41,2026-09-29,22900,1711320,1555970,1357135,25.95,12.53,23402.45,13.20360,23400
3589,2026-09-21 09:51:06,1255345,1251445,200460,443.85,11.73,2026-09-29,23000,7936695,7245435,3245580,37.35,12.15,23402.45,6.32230,23400
3591,2026-09-21 09:51:06,295685,306930,98215,363.75,11.79,2026-09-29,23100,1750515,1583790,1078675,52.80,11.70,23402.45,5.92020,23400
3593,2026-09-21 09:51:06,1625130,1612195,576745,283.20,11.20,2026-09-29,23200,3386110,3150420,1486810,75.10,11.34,23402.45,2.08360,23400
3595,2026-09-21 09:51:06,4836780,4443335,2130895,214.20,10.88,2026-09-29,23300,5741190,5337020,2552745,105.80,11.04,23402.45,1.18700,23400
3597,2026-09-21 09:51:06,3661255,3109080,2922725,153.80,10.62,2026-09-29,23400,2861950,2431650,2177240,144.25,10.68,23402.45,0.78170,23400
3599,2026-09-21 09:51:06,5309200,5020145,2207725,105.00,10.36,2026-09-29,23500,4654325,4574765,859495,196.00,10.43,23402.45,0.87670,23400
3601,2026-09-21 09:51:06,2746705,2516020,1577745,67.00,10.10,2026-09-29,23600,1433315,1370005,418015,257.15,10.16,23402.45,0.52180,23400
3603,2026-09-21 09:51:06,3431675,2703090,2469935,40.00,9.90,2026-09-29,23700,1032980,1025570,124605,330.55,9.95,23402.45,0.30100,23400
3605,2026-09-21 09:51:06,4774185,4392505,2249975,23.25,9.86,2026-09-29,23800,1672450,1674465,61035,414.25,10.09,23402.45,0.35030,23400
3607,2026-09-21 09:51:06,4475640,4274595,1581580,13.15,9.90,2026-09-29,23900,983580,978965,81055,500.45,9.38,23402.45,0.21980,23400
3609,2026-09-21 09:51:06,10711285,10381280,2362685,8.50,10.35,2026-09-29,24000,5422375,5434790,172640,600.00,10.71,23402.45,0.50620,23400
3611,2026-09-21 09:51:06,2101970,2026310,1741675,5.85,10.93,2026-09-29,24100,774085,771745,9490,694.40,10.35,23402.45,0.36830,23400
3613,2026-09-21 09:51:06,3820765,3489005,1692925,4.90,11.75,2026-09-29,24200,1704755,1713660,18330,793.10,10.93,23402.45,0.44620,23400
3615,2026-09-21 09:51:06,4623970,4495985,787865,4.15,12.57,2026-09-29,24300,2945020,2952885,36400,894.50,12.76,23402.45,0.63690,23400
3889,2026-09-21 09:56:06,1495,1495,65,1119.30,21.09,2026-09-29,22300,729235,781365,884845,5.90,16.63,23395.15,487.78260,23400
3891,2026-09-21 09:56:06,520,520,0,1017.00,19.01,2026-09-29,22400,1419340,1464125,1213355,6.70,15.69,23395.15,2729.50000,23400
3893,2026-09-21 09:56:06,600275,590655,26585,915.00,17.03,2026-09-29,22500,4645745,4601870,1642875,8.00,14.77,23395.15,7.73940,23400
3895,2026-09-21 09:56:06,3575,3575,65,814.35,15.37,2026-09-29,22600,1551225,1392625,888485,9.60,13.92,23395.15,433.90910,23400
3897,2026-09-21 09:56:06,23205,21710,2925,711.70,14.10,2026-09-29,22700,2112565,1794780,1887210,12.85,13.29,23395.15,91.03920,23400
3899,2026-09-21 09:56:06,297375,297375,14885,619.00,13.12,2026-09-29,22800,2505945,2044965,1885975,18.40,12.85,23395.15,8.42690,23400
3901,2026-09-21 09:56:06,129610,133380,20995,526.95,12.62,2026-09-29,22900,1696500,1555970,1487395,26.10,12.39,23395.15,13.08930,23400
3903,2026-09-21 09:56:06,1254955,1251445,210470,439.40,12.27,2026-09-29,23000,7903935,7245435,3640065,37.75,11.98,23395.15,6.29820,23400
3905,2026-09-21 09:56:06,296790,306930,100035,356.00,11.94,2026-09-29,23100,1743495,1583790,1138280,53.70,11.54,23395.15,5.87450,23400
3907,2026-09-21 09:56:06,1642160,1612195,623415,278.30,11.41,2026-09-29,23200,3398330,3150420,1546870,76.40,11.21,23395.15,2.06940,23400
3909,2026-09-21 09:56:06,4843995,4443335,2239835,209.60,11.02,2026-09-29,23300,5766735,5337020,2681835,107.30,10.89,23395.15,1.19050,23400
3911,2026-09-21 09:56:06,3677570,3109080,3126695,150.70,10.73,2026-09-29,23400,2898155,2431650,2296515,147.60,10.54,23395.15,0.78810,23400
3913,2026-09-21 09:56:06,5327595,5020145,2385955,102.25,10.51,2026-09-29,23500,4668625,4574765,932035,200.15,10.30,23395.15,0.87630,23400
3915,2026-09-21 09:56:06,2722525,2516020,1700140,64.90,10.20,2026-09-29,23600,1444755,1370005,448955,261.40,9.82,23395.15,0.53070,23400
3917,2026-09-21 09:56:06,3226275,2703090,2931305,38.90,10.01,2026-09-29,23700,1036555,1025570,138710,335.50,9.41,23395.15,0.32130,23400
3919,2026-09-21 09:56:06,4838600,4392505,2474225,22.35,9.95,2026-09-29,23800,1675180,1674465,71305,418.80,9.29,23395.15,0.34620,23400
3921,2026-09-21 09:56:06,4503005,4274595,1702415,12.60,9.98,2026-09-29,23900,982215,978965,84500,508.05,9.12,23395.15,0.21810,23400
3923,2026-09-21 09:56:06,10783045,10381280,2670850,8.20,10.41,2026-09-29,24000,5422115,5434790,178945,606.15,9.80,23395.15,0.50280,23400
3925,2026-09-21 09:56:06,2105935,2026310,1870765,5.75,10.99,2026-09-29,24100,774280,771745,10140,698.70,0.00,23395.15,0.36770,23400
3927,2026-09-21 09:56:06,3843905,3489005,1759745,4.70,11.84,2026-09-29,24200,1705535,1713660,19305,799.65,0.00,23395.15,0.44370,23400
3929,2026-09-21 09:56:06,4634240,4495985,830440,4.00,12.66,2026-09-29,24300,2943655,2952885,36465,894.50,0.00,23395.15,0.63520,23400
4203,2026-09-21 10:01:06,1495,1495,65,1119.30,18.83,2026-09-29,22300,738335,781365,903045,5.85,16.72,23391.85,493.86960,23400
4205,2026-09-21 10:01:06,520,520,0,1017.00,16.66,2026-09-29,22400,1407640,1464125,1255215,6.75,15.81,23391.85,2707.00000,23400
4207,2026-09-21 10:01:06,600275,590655,26845,908.00,8.79,2026-09-29,22500,4643340,4601870,1732835,8.00,14.92,23391.85,7.73540,23400
4209,2026-09-21 10:01:06,3575,3575,585,814.20,12.94,2026-09-29,22600,1586130,1392625,965185,9.60,14.01,23391.85,443.67270,23400
4211,2026-09-21 10:01:06,23465,21710,3250,709.90,11.26,2026-09-29,22700,2150525,1794780,1995695,12.90,13.43,23391.85,91.64820,23400
4213,2026-09-21 10:01:06,297050,297375,15795,620.00,11.73,2026-09-29,22800,2644070,2044965,2169895,18.35,12.95,23391.85,8.90110,23400
4215,2026-09-21 10:01:06,129545,133380,21385,523.90,10.93,2026-09-29,22900,1703130,1555970,1543750,26.25,12.54,23391.85,13.14700,23400
4217,2026-09-21 10:01:06,1253720,1251445,214045,436.55,11.06,2026-09-29,23000,7906145,7245435,3896620,37.85,12.19,23391.85,6.30610,23400
4219,2026-09-21 10:01:06,296660,306930,102115,352.15,10.82,2026-09-29,23100,1753375,1583790,1213355,53.95,11.78,23391.85,5.91040,23400
4221,2026-09-21 10:01:06,1641965,1612195,640380,276.95,10.86,2026-09-29,23200,3417830,3150420,1662700,76.95,11.41,23391.85,2.08150,23400
4223,2026-09-21 10:01:06,4877080,4443335,2368990,207.45,10.54,2026-09-29,23300,5799235,5337020,2821130,108.25,11.19,23391.85,1.18910,23400
4225,2026-09-21 10:01:06,3708965,3109080,3282175,149.05,10.38,2026-09-29,23400,2937480,2431650,2444520,148.85,10.84,23391.85,0.79200,23400
4227,2026-09-21 10:01:06,5328050,5020145,2544230,101.10,10.12,2026-09-29,23500,4672525,4574765,991575,200.70,10.73,23391.85,0.87700,23400
4229,2026-09-21 10:01:06,2711865,2516020,1809015,63.80,9.93,2026-09-29,23600,1446575,1370005,473200,263.15,10.48,23391.85,0.53340,23400
4231,2026-09-21 10:01:06,3107780,2703090,3245905,38.20,9.75,2026-09-29,23700,1037010,1025570,143845,337.05,10.43,23391.85,0.33370,23400
4233,2026-09-21 10:01:06,5001100,4392505,2837250,21.90,9.70,2026-09-29,23800,1674595,1674465,75920,419.60,10.44,23391.85,0.33480,23400
4235,2026-09-21 10:01:06,4527575,4274595,1841190,12.20,9.78,2026-09-29,23900,982345,978965,85605,509.95,10.76,23391.85,0.21700,23400
4237,2026-09-21 10:01:06,10835630,10381280,2876575,7.95,10.22,2026-09-29,24000,5420815,5434790,192140,608.50,12.05,23391.85,0.50030,23400
4239,2026-09-21 10:01:06,2120105,2026310,1981330,5.55,10.80,2026-09-29,24100,774735,771745,10790,705.45,12.91,23391.85,0.36540,23400
4241,2026-09-21 10:01:06,3843905,3489005,1790750,4.65,11.69,2026-09-29,24200,1705275,1713660,19695,802.95,13.40,23391.85,0.44360,23400
4243,2026-09-21 10:01:06,4641130,4495985,861380,3.95,12.51,2026-09-29,24300,2942290,2952885,38545,900.60,14.31,23391.85,0.63400,23400
4517,2026-09-21 10:06:06,1495,1495,65,1119.30,22.95,2026-09-29,22300,737035,781365,924170,5.95,16.54,23384.15,493.00000,23400
4519,2026-09-21 10:06:06,520,520,0,1017.00,20.87,2026-09-29,22400,1407575,1464125,1307865,6.95,15.66,23384.15,2706.87500,23400
4521,2026-09-21 10:06:06,600275,590655,27040,900.10,15.50,2026-09-29,22500,4655820,4601870,1855685,8.25,14.77,23384.15,7.75610,23400
4523,2026-09-21 10:06:06,3120,3575,650,799.00,13.76,2026-09-29,22600,1618760,1392625,1081210,10.05,13.92,23384.15,518.83330,23400
4525,2026-09-21 10:06:06,23660,21710,3510,700.80,12.79,2026-09-29,22700,2167100,1794780,2071355,13.50,13.31,23384.15,91.59340,23400
4527,2026-09-21 10:06:06,297115,297375,16510,608.00,12.71,2026-09-29,22800,2681705,2044965,2280785,19.20,12.83,23384.15,9.02580,23400
4529,2026-09-21 10:06:06,129480,133380,21905,514.95,12.12,2026-09-29,22900,1697995,1555970,1612975,27.40,12.41,23384.15,13.11400,23400
4531,2026-09-21 10:06:06,1256255,1251445,239200,428.40,11.93,2026-09-29,23000,7947810,7245435,4087265,39.85,12.02,23384.15,6.32660,23400
4533,2026-09-21 10:06:06,297050,306930,106145,347.70,11.77,2026-09-29,23100,1762215,1583790,1273285,56.50,11.63,23384.15,5.93240,23400
4535,2026-09-21 10:06:06,1641445,1612195,687765,269.65,11.21,2026-09-29,23200,3420885,3150420,1758900,80.50,11.27,23384.15,2.08410,23400
4537,2026-09-21 10:06:06,4899505,4443335,2480270,201.40,10.93,2026-09-29,23300,5784090,5337020,3005730,112.35,10.94,23384.15,1.18050,23400
4539,2026-09-21 10:06:06,3740165,3109080,3526315,144.00,10.64,2026-09-29,23400,2976285,2431650,2659670,154.00,10.63,23384.15,0.79580,23400
4541,2026-09-21 10:06:06,5330065,5020145,2734485,97.15,10.39,2026-09-29,23500,4668755,4574765,1073085,207.15,10.34,23384.15,0.87590,23400
4543,2026-09-21 10:06:06,2732340,2516020,1943760,61.30,10.10,2026-09-29,23600,1444885,1370005,500630,270.30,10.02,23384.15,0.52880,23400
4545,2026-09-21 10:06:06,3077360,2703090,3412630,36.45,9.93,2026-09-29,23700,1036620,1025570,149565,345.35,9.78,23384.15,0.33690,23400
4547,2026-09-21 10:06:06,5003570,4392505,3036475,21.05,9.92,2026-09-29,23800,1678560,1674465,84435,426.50,9.17,23384.15,0.33550,23400
4549,2026-09-21 10:06:06,4526860,4274595,1975870,12.05,10.01,2026-09-29,23900,982605,978965,95550,521.40,9.49,23384.15,0.21710,23400
4551,2026-09-21 10:06:06,10857210,10381280,3135080,7.95,10.47,2026-09-29,24000,5423740,5434790,205530,616.75,10.01,23384.15,0.49960,23400
4553,2026-09-21 10:06:06,2135510,2026310,2040805,5.55,11.05,2026-09-29,24100,774670,771745,11245,710.00,0.00,23384.15,0.36280,23400
4555,2026-09-21 10:06:06,3868605,3489005,1849770,4.65,11.90,2026-09-29,24200,1705795,1713660,22620,809.75,0.00,23384.15,0.44090,23400
4557,2026-09-21 10:06:06,4643600,4495985,873405,3.90,12.76,2026-09-29,24300,2941510,2952885,39325,906.90,0.00,23384.15,0.63350,23400
4831,2026-09-21 10:11:07,1495,1495,65,1119.30,21.73,2026-09-29,22300,732160,781365,937430,6.05,16.66,23387.90,489.73910,23400
4833,2026-09-21 10:11:07,520,520,0,1017.00,19.67,2026-09-29,22400,1428310,1464125,1327755,6.90,15.69,23387.90,2746.75000,23400
4835,2026-09-21 10:11:07,602485,590655,29445,896.30,9.52,2026-09-29,22500,4710745,4601870,1958385,8.20,14.83,23387.90,7.81890,23400
4837,2026-09-21 10:11:07,3120,3575,975,795.30,0.00,2026-09-29,22600,1629810,1392625,1170000,9.90,13.95,23387.90,522.37500,23400
4839,2026-09-21 10:11:07,23530,21710,7215,703.50,11.84,2026-09-29,22700,2181270,1794780,2131090,13.25,13.31,23387.90,92.70170,23400
4841,2026-09-21 10:11:07,296595,297375,17095,608.85,11.72,2026-09-29,22800,2689115,2044965,2337270,18.70,12.83,23387.90,9.06660,23400
4843,2026-09-21 10:11:07,129545,133380,23075,521.00,12.16,2026-09-29,22900,1742910,1555970,1699620,26.60,12.39,23387.90,13.45410,23400
4845,2026-09-21 10:11:07,1261975,1251445,272935,432.90,11.83,2026-09-29,23000,7976150,7245435,4360655,38.95,12.02,23387.90,6.32040,23400
4847,2026-09-21 10:11:07,302055,306930,113230,346.15,11.15,2026-09-29,23100,1745965,1583790,1365520,55.50,11.63,23387.90,5.78030,23400
4849,2026-09-21 10:11:07,1669915,1612195,737490,272.00,11.12,2026-09-29,23200,3449420,3150420,1830660,78.80,11.28,23387.90,2.06560,23400
4851,2026-09-21 10:11:07,4898725,4443335,2560350,203.55,10.86,2026-09-29,23300,5761275,5337020,3178110,110.25,10.95,23387.90,1.17610,23400
4853,2026-09-21 10:11:07,3786445,3109080,3703960,145.40,10.52,2026-09-29,23400,3003715,2431650,2845310,151.00,10.60,23387.90,0.79330,23400
4855,2026-09-21 10:11:07,5359965,5020145,2840760,98.10,10.31,2026-09-29,23500,4670250,4574765,1134575,204.30,10.41,23387.90,0.87130,23400
4857,2026-09-21 10:11:07,2742610,2516020,2070445,62.10,10.05,2026-09-29,23600,1428700,1370005,561015,266.25,10.06,23387.90,0.52090,23400
4859,2026-09-21 10:11:07,3174080,2703090,3584750,36.75,9.85,2026-09-29,23700,1038505,1025570,156325,340.45,9.95,23387.90,0.32720,23400
4861,2026-09-21 10:11:07,5023070,4392505,3160040,21.25,9.86,2026-09-29,23800,1677195,1674465,92105,425.00,9.81,23387.90,0.33390,23400
4863,2026-09-21 10:11:07,4532125,4274595,2050165,12.10,9.92,2026-09-29,23900,969930,978965,104325,519.50,10.56,23387.90,0.21400,23400
4865,2026-09-21 10:11:07,10859290,10381280,3247465,7.90,10.38,2026-09-29,24000,5422765,5434790,216775,610.00,10.59,23387.90,0.49940,23400
4867,2026-09-21 10:11:07,2140255,2026310,2222155,5.55,10.96,2026-09-29,24100,774670,771745,11570,710.15,11.17,23387.90,0.36200,23400
4869,2026-09-21 10:11:07,3873090,3489005,1911260,4.65,11.84,2026-09-29,24200,1707615,1713660,25740,806.00,10.38,23387.90,0.44090,23400
4871,2026-09-21 10:11:07,4646525,4495985,888095,3.90,12.66,2026-09-29,24300,2941055,2952885,40820,910.45,13.76,23387.90,0.63300,23400
5145,2026-09-21 10:16:07,1495,1495,65,1119.30,23.70,2026-09-29,22300,737490,781365,958750,6.10,16.57,23371.90,493.30430,23400
5147,2026-09-21 10:16:07,520,520,0,1017.00,21.61,2026-09-29,22400,1424540,1464125,1342575,7.00,15.63,23371.90,2739.50000,23400
5149,2026-09-21 10:16:07,602355,590655,30355,893.55,14.77,2026-09-29,22500,4728620,4601870,2019030,8.40,14.77,23371.90,7.85020,23400
5151,2026-09-21 10:16:07,3315,3575,1820,795.30,13.90,2026-09-29,22600,1664065,1392625,1270425,10.15,13.89,23371.90,501.98040,23400
5153,2026-09-21 10:16:07,23530,21710,7475,704.60,14.45,2026-09-29,22700,2179645,1794780,2188420,13.70,13.28,23371.90,92.63260,23400
5155,2026-09-21 10:16:07,296595,297375,17745,600.00,11.98,2026-09-29,22800,2711735,2044965,2455375,19.35,12.79,23371.90,9.14290,23400
5157,2026-09-21 10:16:07,129740,133380,24440,507.75,11.64,2026-09-29,22900,1772290,1555970,1880580,27.95,12.36,23371.90,13.66030,23400
5159,2026-09-21 10:16:07,1263795,1251445,283790,420.95,11.68,2026-09-29,23000,8030425,7245435,4524520,40.50,11.99,23371.90,6.35420,23400
5161,2026-09-21 10:16:07,304265,306930,119340,340.50,11.42,2026-09-29,23100,1752920,1583790,1427855,57.55,11.57,23371.90,5.76120,23400
5163,2026-09-21 10:16:07,1670370,1612195,762450,263.65,11.15,2026-09-29,23200,3456375,3150420,1901575,81.75,11.23,23371.90,2.06920,23400
5165,2026-09-21 10:16:07,4902755,4443335,2659670,197.10,10.82,2026-09-29,23300,5742945,5337020,3321435,114.00,10.89,23371.90,1.17140,23400
5167,2026-09-21 10:16:07,3790540,3109080,3911895,139.30,10.56,2026-09-29,23400,3028870,2431650,3056560,157.15,10.64,23371.90,0.79910,23400
5169,2026-09-21 10:16:07,5431660,5020145,3117140,93.50,10.34,2026-09-29,23500,4681560,4574765,1275235,210.60,10.36,23371.90,0.86190,23400
5171,2026-09-21 10:16:07,2745990,2516020,2201095,58.40,10.03,2026-09-29,23600,1431430,1370005,583115,274.75,10.12,23371.90,0.52130,23400
5173,2026-09-21 10:16:07,3166345,2703090,3701360,34.30,9.86,2026-09-29,23700,1041235,1025570,165555,348.50,9.74,23371.90,0.32880,23400
5175,2026-09-21 10:16:07,5047510,4392505,3317730,19.65,9.84,2026-09-29,23800,1674595,1674465,96785,432.95,9.57,23371.90,0.33180,23400
5177,2026-09-21 10:16:07,4540770,4274595,2161315,11.20,9.95,2026-09-29,23900,973115,978965,111085,523.00,9.22,23371.90,0.21430,23400
5179,2026-09-21 10:16:07,10888280,10381280,3377725,7.40,10.41,2026-09-29,24000,5422115,5434790,229450,620.00,9.70,23371.90,0.49800,23400
5181,2026-09-21 10:16:07,2158260,2026310,2351570,5.25,10.99,2026-09-29,24100,774345,771745,13585,718.35,10.25,23371.90,0.35880,23400
5183,2026-09-21 10:16:07,3887520,3489005,1940770,4.40,11.90,2026-09-29,24200,1707550,1713660,25870,799.50,0.00,23371.90,0.43920,23400
5185,2026-09-21 10:16:07,4650230,4495985,907140,3.80,12.76,2026-09-29,24300,2941055,2952885,41275,919.15,0.00,23371.90,0.63250,23400
5459,2026-09-21 10:21:06,1495,1495,65,1119.30,24.14,2026-09-29,22300,731965,781365,981695,6.20,16.60,23372.55,489.60870,23400
5461,2026-09-21 10:21:06,520,520,0,1017.00,22.05,2026-09-29,22400,1425515,1464125,1367340,7.05,15.63,23372.55,2741.37500,23400
5463,2026-09-21 10:21:06,603135,590655,31135,894.10,15.72,2026-09-29,22500,4739540,4601870,2089555,8.65,14.80,23372.55,7.85820,23400
5465,2026-09-21 10:21:06,3380,3575,1885,795.30,14.56,2026-09-29,22600,1716975,1392625,1424150,10.35,13.89,23372.55,507.98080,23400
5467,2026-09-21 10:21:06,23465,21710,7605,695.00,13.00,2026-09-29,22700,2176915,1794780,2233595,13.90,13.24,23372.55,92.77290,23400
5469,2026-09-21 10:21:06,297440,297375,19370,602.00,12.80,2026-09-29,22800,2720510,2044965,2660320,19.65,12.82,23372.55,9.14640,23400
5471,2026-09-21 10:21:06,129740,133380,24440,507.75,11.98,2026-09-29,22900,1724840,1555970,1955135,27.90,12.34,23372.55,13.29460,23400
5473,2026-09-21 10:21:06,1266200,1251445,292305,423.15,12.21,2026-09-29,23000,8042580,7245435,4687540,40.30,11.93,23372.55,6.35170,23400
5475,2026-09-21 10:21:06,305890,306930,123500,343.50,11.89,2026-09-29,23100,1753375,1583790,1461200,57.35,11.52,23372.55,5.73200,23400
5477,2026-09-21 10:21:06,1676480,1612195,776945,265.60,11.49,2026-09-29,23200,3462680,3150420,1945515,81.55,11.18,23372.55,2.06540,23400
5479,2026-09-21 10:21:06,4909580,4443335,2735980,198.00,10.99,2026-09-29,23300,5741970,5337020,3400150,113.80,10.82,23372.55,1.16950,23400
5481,2026-09-21 10:21:06,3820245,3109080,4034420,140.90,10.66,2026-09-29,23400,3059810,2431650,3213990,155.55,10.51,23372.55,0.80090,23400
5483,2026-09-21 10:21:06,5441735,5020145,3250650,94.45,10.39,2026-09-29,23500,4683835,4574765,1338090,210.50,10.24,23372.55,0.86070,23400
5485,2026-09-21 10:21:06,2765295,2516020,2289430,59.05,10.12,2026-09-29,23600,1429870,1370005,598845,274.00,9.88,23372.55,0.51710,23400
5487,2026-09-21 10:21:06,3242525,2703090,3874780,34.65,9.90,2026-09-29,23700,1040845,1025570,169195,349.10,9.38,23372.55,0.32100,23400
5489,2026-09-21 10:21:06,5041595,4392505,3478605,19.80,9.89,2026-09-29,23800,1674140,1674465,98540,432.25,9.08,23372.55,0.33210,23400
5491,2026-09-21 10:21:06,4600960,4274595,2341820,11.20,9.96,2026-09-29,23900,972270,978965,113750,523.95,8.82,23372.55,0.21130,23400
5493,2026-09-21 10:21:06,10888930,10381280,3505515,7.40,10.44,2026-09-29,24000,5415745,5434790,233805,622.80,8.97,23372.55,0.49740,23400
5495,2026-09-21 10:21:06,2160275,2026310,2388750,5.20,11.02,2026-09-29,24100,774865,771745,14755,718.05,7.81,23372.55,0.35870,23400
5497,2026-09-21 10:21:06,3888430,3489005,1965210,4.45,11.93,2026-09-29,24200,1707485,1713660,26390,811.70,0.00,23372.55,0.43910,23400
5499,2026-09-21 10:21:06,4657380,4495985,925730,3.80,12.76,2026-09-29,24300,2941055,2952885,41990,914.05,0.00,23372.55,0.63150,23400
5773,2026-09-21 10:26:06,1495,1495,65,1119.30,24.29,2026-09-29,22300,729885,781365,1023815,6.15,16.54,23366.60,488.21740,23400
5775,2026-09-21 10:26:06,520,520,0,1017.00,22.20,2026-09-29,22400,1429350,1464125,1398215,7.20,15.63,23366.60,2748.75000,23400
5777,2026-09-21 10:26:06,603200,590655,31395,890.70,15.01,2026-09-29,22500,4755205,4601870,2155920,8.65,14.80,23366.60,7.88330,23400
5779,2026-09-21 10:26:06,3380,3575,1885,795.30,14.80,2026-09-29,22600,1732770,1392625,1529775,10.50,13.95,23366.60,512.65380,23400
5781,2026-09-21 10:26:06,23465,21710,7670,693.25,12.82,2026-09-29,22700,2178865,1794780,2290860,14.10,13.31,23366.60,92.85600,23400
5783,2026-09-21 10:26:06,297440,297375,20020,598.00,12.25,2026-09-29,22800,2727465,2044965,2743130,19.90,12.83,23366.60,9.16980,23400
5785,2026-09-21 10:26:06,130195,133380,25350,511.00,12.56,2026-09-29,22900,1722175,1555970,1992770,28.35,12.37,23366.60,13.22770,23400
5787,2026-09-21 10:26:06,1269190,1251445,305110,419.05,11.83,2026-09-29,23000,8057335,7245435,4819425,40.90,11.97,23366.60,6.34840,23400
5789,2026-09-21 10:26:06,309725,306930,131105,336.65,11.33,2026-09-29,23100,1754350,1583790,1523990,58.15,11.55,23366.60,5.66420,23400
5791,2026-09-21 10:26:06,1680185,1612195,802295,261.85,11.12,2026-09-29,23200,3470935,3150420,2005835,82.55,11.22,23366.60,2.06580,23400
5793,2026-09-21 10:26:06,4932135,4443335,2821455,194.50,10.80,2026-09-29,23300,5738070,5337020,3583840,115.90,10.89,23366.60,1.16340,23400
5795,2026-09-21 10:26:06,3856190,3109080,4188600,137.75,10.50,2026-09-29,23400,3117075,2431650,3412760,157.75,10.54,23366.60,0.80830,23400
5797,2026-09-21 10:26:06,5313555,5020145,3619070,91.65,10.25,2026-09-29,23500,4672200,4574765,1415830,212.85,10.34,23366.60,0.87930,23400
5799,2026-09-21 10:26:06,2788110,2516020,2376075,57.15,10.00,2026-09-29,23600,1429935,1370005,621205,277.00,9.97,23366.60,0.51290,23400
5801,2026-09-21 10:26:06,3233100,2703090,3944655,33.50,9.83,2026-09-29,23700,1041625,1025570,173160,352.95,9.76,23366.60,0.32220,23400
5803,2026-09-21 10:26:06,5055635,4392505,3552185,19.20,9.83,2026-09-29,23800,1674465,1674465,101075,436.60,9.63,23366.60,0.33120,23400
5805,2026-09-21 10:26:06,4595500,4274595,2454790,10.85,9.90,2026-09-29,23900,969605,978965,116480,527.00,9.35,23366.60,0.21100,23400
5807,2026-09-21 10:26:06,10908430,10381280,3652025,7.30,10.41,2026-09-29,24000,5421400,5434790,245050,626.90,10.65,23366.60,0.49700,23400
5809,2026-09-21 10:26:06,2173210,2026310,2488915,5.10,10.99,2026-09-29,24100,775450,771745,15600,720.40,9.34,23366.60,0.35680,23400
5811,2026-09-21 10:26:06,3899545,3489005,2010190,4.30,11.90,2026-09-29,24200,1706705,1713660,27690,821.60,11.23,23366.60,0.43770,23400
5813,2026-09-21 10:26:06,4656275,4495985,949065,3.75,12.76,2026-09-29,24300,2941120,2952885,42445,921.00,11.96,23366.60,0.63160,23400
6087,2026-09-21 10:31:06,1495,1495,65,1119.30,22.87,2026-09-29,22300,734890,781365,1043575,6.15,16.66,23368.65,491.56520,23400
6089,2026-09-21 10:31:06,520,520,0,1017.00,20.81,2026-09-29,22400,1427790,1464125,1407055,7.15,15.75,23368.65,2745.75000,23400
6091,2026-09-21 10:31:06,603265,590655,31980,890.60,10.13,2026-09-29,22500,4764110,4601870,2222350,8.60,14.89,23368.65,7.89720,23400
6093,2026-09-21 10:31:06,3380,3575,1885,795.30,12.36,2026-09-29,22600,1756430,1392625,1623375,10.40,14.04,23368.65,519.65380,23400
6095,2026-09-21 10:31:06,23465,21710,20800,690.75,8.30,2026-09-29,22700,2179385,1794780,2346435,13.75,13.40,23368.65,92.87810,23400
6097,2026-09-21 10:31:06,297050,297375,20280,595.35,9.70,2026-09-29,22800,2727400,2044965,2815410,19.50,12.91,23368.65,9.18160,23400
6099,2026-09-21 10:31:06,130195,133380,26260,510.05,11.31,2026-09-29,22900,1731405,1555970,2038530,27.85,12.48,23368.65,13.29860,23400
6101,2026-09-21 10:31:06,1269190,1251445,324285,423.75,11.36,2026-09-29,23000,8072090,7245435,4971200,39.95,12.08,23368.65,6.36000,23400
6103,2026-09-21 10:31:06,310830,306930,145470,340.05,11.09,2026-09-29,23100,1760850,1583790,1562600,56.95,11.68,23368.65,5.66500,23400
6105,2026-09-21 10:31:06,1698775,1612195,848835,264.45,10.82,2026-09-29,23200,3495570,3150420,2094950,81.20,11.38,23368.65,2.05770,23400
6107,2026-09-21 10:31:06,4934085,4443335,2925520,197.15,10.60,2026-09-29,23300,5692180,5337020,3694470,113.75,11.07,23368.65,1.15360,23400
6109,2026-09-21 10:31:06,3892785,3109080,4351165,139.60,10.35,2026-09-29,23400,3149055,2431650,3645200,155.35,10.75,23368.65,0.80890,23400
6111,2026-09-21 10:31:06,5315700,5020145,3753035,93.60,10.10,2026-09-29,23500,4657445,4574765,1469000,209.45,10.58,23368.65,0.87620,23400
6113,2026-09-21 10:31:06,2816190,2516020,2474680,58.20,9.86,2026-09-29,23600,1423890,1370005,646100,274.00,10.35,23368.65,0.50560,23400
6115,2026-09-21 10:31:06,3242850,2703090,4013815,34.00,9.69,2026-09-29,23700,1038180,1025570,182455,349.00,10.22,23368.65,0.32010,23400
6117,2026-09-21 10:31:06,5065775,4392505,3640455,19.60,9.70,2026-09-29,23800,1673035,1674465,105235,434.00,9.99,23368.65,0.33030,23400
6119,2026-09-21 10:31:06,4594200,4274595,2548975,11.05,9.81,2026-09-29,23900,969540,978965,118040,525.05,9.48,23368.65,0.21100,23400
6121,2026-09-21 10:31:06,10923510,10381280,3776435,7.30,10.31,2026-09-29,24000,5431345,5434790,267930,620.15,11.05,23368.65,0.49720,23400
6123,2026-09-21 10:31:06,2178930,2026310,2599870,5.20,10.93,2026-09-29,24100,776100,771745,15665,720.00,12.39,23368.65,0.35620,23400
6125,2026-09-21 10:31:06,3905785,3489005,2025075,4.35,11.78,2026-09-29,24200,1703975,1713660,30615,816.60,9.03,23368.65,0.43630,23400
6127,2026-09-21 10:31:06,4656340,4495985,958555,3.75,12.76,2026-09-29,24300,2941120,2952885,42575,918.50,14.59,23368.65,0.63160,23400
6401,2026-09-21 10:36:06,1430,1495,260,1086.50,18.13,2026-09-29,22300,737230,781365,1054300,6.10,16.48,23365.90,515.54550,23400
6403,2026-09-21 10:36:06,520,520,0,1017.00,22.98,2026-09-29,22400,1430195,1464125,1420575,7.15,15.56,23365.90,2750.37500,23400
6405,2026-09-21 10:36:06,603200,590655,32110,887.40,15.53,2026-09-29,22500,4803565,4601870,2266290,8.60,14.77,23365.90,7.96350,23400
6407,2026-09-21 10:36:06,3380,3575,1885,795.30,15.87,2026-09-29,22600,1783080,1392625,1737255,10.50,13.87,23365.90,527.53850,23400
6409,2026-09-21 10:36:06,23465,21710,20800,690.75,13.37,2026-09-29,22700,2179320,1794780,2414165,13.95,13.24,23365.90,92.87530,23400
6411,2026-09-21 10:36:06,297050,297375,20280,595.35,12.65,2026-09-29,22800,2748200,2044965,2850055,19.75,12.76,23365.90,9.25160,23400
6413,2026-09-21 10:36:06,130195,133380,26325,510.20,13.05,2026-09-29,22900,1739140,1555970,2083640,28.10,12.30,23365.90,13.35800,23400
6415,2026-09-21 10:36:06,1270425,1251445,328705,418.45,12.06,2026-09-29,23000,8030750,7245435,5136495,40.55,11.87,23365.90,6.32130,23400
6417,2026-09-21 10:36:06,312780,306930,149955,334.35,11.50,2026-09-29,23100,1771640,1583790,1611285,57.55,11.45,23365.90,5.66420,23400
6419,2026-09-21 10:36:06,1701440,1612195,863200,260.95,11.23,2026-09-29,23200,3501095,3150420,2137980,81.80,11.10,23365.90,2.05770,23400
6421,2026-09-21 10:36:06,4933240,4443335,3012100,194.00,10.96,2026-09-29,23300,5692375,5337020,3793920,114.05,10.74,23365.90,1.15390,23400
6423,2026-09-21 10:36:06,3916965,3109080,4476940,136.55,10.58,2026-09-29,23400,3160625,2431650,3742700,156.40,10.36,23365.90,0.80690,23400
6425,2026-09-21 10:36:06,5305495,5020145,3878745,91.05,10.28,2026-09-29,23500,4662125,4574765,1512095,211.05,10.08,23365.90,0.87870,23400
6427,2026-09-21 10:36:06,2825875,2516020,2550925,56.20,10.00,2026-09-29,23600,1406925,1370005,737425,276.60,9.74,23365.90,0.49790,23400
6429,2026-09-21 10:36:06,3346915,2703090,4193540,32.60,9.80,2026-09-29,23700,1037595,1025570,186615,352.95,9.41,23365.90,0.31000,23400
6431,2026-09-21 10:36:06,5079100,4392505,3746470,18.65,9.81,2026-09-29,23800,1673685,1674465,107705,438.00,9.02,23365.90,0.32950,23400
6433,2026-09-21 10:36:06,4629755,4274595,2698280,10.45,9.90,2026-09-29,23900,970060,978965,119015,525.70,7.14,23365.90,0.20950,23400
6435,2026-09-21 10:36:06,10956790,10381280,3967665,7.00,10.41,2026-09-29,24000,5438495,5434790,278720,626.10,8.54,23365.90,0.49640,23400
6437,2026-09-21 10:36:06,2188875,2026310,2705170,4.95,11.02,2026-09-29,24100,776035,771745,15795,721.15,0.00,23365.90,0.35450,23400
6439,2026-09-21 10:36:06,3921255,3489005,2060695,4.20,11.90,2026-09-29,24200,1703975,1713660,31785,819.35,0.00,23365.90,0.43450,23400
6441,2026-09-21 10:36:06,4661475,4495985,972725,3.65,12.76,2026-09-29,24300,2941120,2952885,43940,923.20,0.00,23365.90,0.63090,23400
6715,2026-09-21 10:41:06,1430,1495,260,1086.50,12.21,2026-09-29,22300,737750,781365,1065350,6.30,16.69,23366.90,515.90910,23400
6717,2026-09-21 10:41:06,520,520,0,1017.00,21.51,2026-09-29,22400,1433640,1464125,1436305,7.25,15.75,23366.90,2757.00000,23400
6719,2026-09-21 10:41:06,603265,590655,32825,890.20,13.18,2026-09-29,22500,4806230,4601870,2305420,8.75,14.89,23366.90,7.96700,23400
6721,2026-09-21 10:41:06,3380,3575,1885,795.30,13.70,2026-09-29,22600,1794650,1392625,1781455,10.50,14.01,23366.90,530.96150,23400
6723,2026-09-21 10:41:06,23465,21710,20800,690.75,10.80,2026-09-29,22700,2180555,1794780,2503410,14.10,13.40,23366.90,92.92800,23400
6725,2026-09-21 10:41:06,297050,297375,20280,595.35,10.82,2026-09-29,22800,2758795,2044965,2979730,19.85,12.91,23366.90,9.28730,23400
6727,2026-09-21 10:41:06,129805,133380,26585,506.45,11.34,2026-09-29,22900,1722045,1555970,2174705,28.40,12.50,23366.90,13.26640,23400
6729,2026-09-21 10:41:06,1271075,1251445,332995,417.15,10.99,2026-09-29,23000,8034650,7245435,5233865,40.85,12.07,23366.90,6.32110,23400
6731,2026-09-21 10:41:06,314080,306930,155480,334.85,10.83,2026-09-29,23100,1785810,1583790,1658215,58.05,11.69,23366.90,5.68580,23400
6733,2026-09-21 10:41:06,1705470,1612195,873015,260.00,10.70,2026-09-29,23200,3500250,3150420,2175095,82.35,11.36,23366.90,2.05240,23400
6735,2026-09-21 10:41:06,4928170,4443335,3103360,193.45,10.46,2026-09-29,23300,5690620,5337020,3868215,115.10,11.07,23366.90,1.15470,23400
6737,2026-09-21 10:41:06,3988660,3109080,4629300,135.65,10.21,2026-09-29,23400,3186365,2431650,3835910,158.10,10.75,23366.90,0.79890,23400
6739,2026-09-21 10:41:06,5310695,5020145,3988660,90.30,9.99,2026-09-29,23500,4646265,4574765,1547390,211.80,10.55,23366.90,0.87490,23400
6741,2026-09-21 10:41:06,2824250,2516020,2613065,55.95,9.76,2026-09-29,23600,1404195,1370005,748540,276.95,10.36,23366.90,0.49720,23400
6743,2026-09-21 10:41:06,3466320,2703090,4404205,32.30,9.60,2026-09-29,23700,1037920,1025570,189150,352.70,10.25,23366.90,0.29940,23400
6745,2026-09-21 10:41:06,5082415,4392505,3876600,18.60,9.63,2026-09-29,23800,1674075,1674465,111800,437.80,10.28,23366.90,0.32940,23400
6747,2026-09-21 10:41:06,4652635,4274595,2806505,10.40,9.75,2026-09-29,23900,970970,978965,121030,526.65,10.19,23366.90,0.20870,23400
6749,2026-09-21 10:41:06,10974080,10381280,4182490,7.05,10.31,2026-09-29,24000,5439600,5434790,282620,627.10,11.84,23366.90,0.49570,23400
6751,2026-09-21 10:41:06,2205190,2026310,2801500,5.00,10.89,2026-09-29,24100,776620,771745,16900,718.10,10.50,23366.90,0.35220,23400
6753,2026-09-21 10:41:06,3925740,3489005,2082990,4.20,11.78,2026-09-29,24200,1704495,1713660,32760,822.60,13.37,23366.90,0.43420,23400
6755,2026-09-21 10:41:06,4664595,4495985,993915,3.70,12.79,2026-09-29,24300,2940990,2952885,44590,923.00,14.77,23366.90,0.63050,23400
7029,2026-09-21 10:46:06,1430,1495,260,1086.50,0.00,2026-09-29,22300,741650,781365,1103310,6.20,16.75,23381.05,518.63640,23400
7031,2026-09-21 10:46:06,520,520,0,1017.00,20.08,2026-09-29,22400,1432665,1464125,1467505,7.20,15.84,23381.05,2755.12500,23400
7033,2026-09-21 10:46:06,603460,590655,33215,900.20,14.10,2026-09-29,22500,4917510,4601870,2459730,8.45,14.92,23381.05,8.14890,23400
7035,2026-09-21 10:46:06,3380,3575,1885,795.30,10.01,2026-09-29,22600,1804465,1392625,1835795,10.15,14.04,23381.05,533.86540,23400
7037,2026-09-21 10:46:06,35165,21710,33930,705.00,12.79,2026-09-29,22700,2185885,1794780,2619695,13.30,13.37,23381.05,62.16080,23400
7039,2026-09-21 10:46:06,296660,297375,21970,608.00,11.95,2026-09-29,22800,2772315,2044965,3043495,18.50,12.82,23381.05,9.34510,23400
7041,2026-09-21 10:46:06,129155,133380,28015,520.00,12.28,2026-09-29,22900,1733615,1555970,2229630,26.35,12.41,23381.05,13.42270,23400
7043,2026-09-21 10:46:06,1272700,1251445,344175,433.15,11.84,2026-09-29,23000,8043945,7245435,5395650,37.80,11.96,23381.05,6.32040,23400
7045,2026-09-21 10:46:06,323440,306930,170235,348.00,11.50,2026-09-29,23100,1791335,1583790,1710995,53.80,11.47,23381.05,5.53840,23400
7047,2026-09-21 10:46:06,1707420,1612195,921570,272.35,11.05,2026-09-29,23200,3502460,3150420,2281955,76.75,11.15,23381.05,2.05130,23400
7049,2026-09-21 10:46:06,4927065,4443335,3205410,203.20,10.78,2026-09-29,23300,5696925,5337020,3937570,107.45,10.73,23381.05,1.15630,23400
7051,2026-09-21 10:46:06,4015050,3109080,4820855,143.85,10.44,2026-09-29,23400,3186495,2431650,3964675,148.20,10.44,23381.05,0.79360,23400
7053,2026-09-21 10:46:06,5310955,5020145,4109040,96.40,10.18,2026-09-29,23500,4639570,4574765,1605695,200.00,10.04,23381.05,0.87360,23400
7055,2026-09-21 10:46:06,2831010,2516020,2681575,59.65,9.89,2026-09-29,23600,1407055,1370005,760500,263.30,9.84,23381.05,0.49700,23400
7057,2026-09-21 10:46:06,3645070,2703090,4692870,34.70,9.69,2026-09-29,23700,1040585,1025570,194415,338.05,9.52,23381.05,0.28550,23400
7059,2026-09-21 10:46:06,5079165,4392505,3965130,19.95,9.69,2026-09-29,23800,1676805,1674465,116610,422.95,9.43,23381.05,0.33010,23400
7061,2026-09-21 10:46:06,4656145,4274595,2894190,11.00,9.77,2026-09-29,23900,971035,978965,121745,519.10,10.16,23381.05,0.20850,23400
7063,2026-09-21 10:46:06,10989160,10381280,4274465,7.35,10.28,2026-09-29,24000,5440315,5434790,286130,610.00,9.98,23381.05,0.49510,23400
7065,2026-09-21 10:46:06,2182050,2026310,2901470,5.10,10.80,2026-09-29,24100,776815,771745,17095,715.95,12.33,23381.05,0.35600,23400
7067,2026-09-21 10:46:06,3929055,3489005,2097810,4.25,11.72,2026-09-29,24200,1703650,1713660,33540,807.85,10.31,23381.05,0.43360,23400
7069,2026-09-21 10:46:06,4663100,4495985,1009125,3.70,12.60,2026-09-29,24300,2940210,2952885,45370,908.80,12.08,23381.05,0.63050,23400
7343,2026-09-21 10:51:06,1430,1495,260,1086.50,0.00,2026-09-29,22300,744445,781365,1113320,6.00,16.72,23380.20,520.59090,23400
7345,2026-09-21 10:51:06,520,520,0,1017.00,19.17,2026-09-29,22400,1435330,1464125,1480635,6.95,15.81,23380.20,2760.25000,23400
7347,2026-09-21 10:51:06,603395,590655,33345,892.05,0.00,2026-09-29,22500,4881175,4601870,2561260,8.25,14.92,23380.20,8.08950,23400
7349,2026-09-21 10:51:06,3380,3575,1885,795.30,0.00,2026-09-29,22600,1806805,1392625,1878500,10.00,14.04,23380.20,534.55770,23400
7351,2026-09-21 10:51:06,35165,21710,33930,705.00,11.57,2026-09-29,22700,2186275,1794780,2648035,13.20,13.40,23380.20,62.17190,23400
7353,2026-09-21 10:51:06,296660,297375,21970,608.00,11.02,2026-09-29,22800,2789800,2044965,3086525,18.55,12.91,23380.20,9.40400,23400
7355,2026-09-21 10:51:06,128570,133380,28275,519.00,11.55,2026-09-29,22900,1726985,1555970,2269540,26.85,12.48,23380.20,13.43230,23400
7357,2026-09-21 10:51:06,1276275,1251445,348790,428.95,11.14,2026-09-29,23000,8022430,7245435,5493150,38.35,12.08,23380.20,6.28580,23400
7359,2026-09-21 10:51:06,326820,306930,172445,343.85,10.76,2026-09-29,23100,1823705,1583790,1777165,54.25,11.67,23380.20,5.58020,23400
7361,2026-09-21 10:51:06,1693575,1612195,957450,269.00,10.68,2026-09-29,23200,3498300,3150420,2331680,77.95,11.35,23380.20,2.06560,23400
7363,2026-09-21 10:51:06,4926155,4443335,3300635,201.05,10.44,2026-09-29,23300,5710510,5337020,4035395,109.00,11.03,23380.20,1.15920,23400
7365,2026-09-21 10:51:06,4033900,3109080,4970095,142.10,10.21,2026-09-29,23400,3196960,2431650,4076410,149.70,10.73,23380.20,0.79250,23400
7367,2026-09-21 10:51:06,5323045,5020145,4191395,95.20,9.96,2026-09-29,23500,4649255,4574765,1647230,203.00,10.55,23380.20,0.87340,23400
7369,2026-09-21 10:51:06,2841865,2516020,2759250,59.00,9.74,2026-09-29,23600,1408680,1370005,773240,267.90,10.36,23380.20,0.49570,23400
7371,2026-09-21 10:51:06,3662425,2703090,4776070,34.45,9.55,2026-09-29,23700,1043510,1025570,200590,341.00,10.10,23380.20,0.28490,23400
7373,2026-09-21 10:51:06,5084885,4392505,4057170,19.80,9.59,2026-09-29,23800,1677845,1674465,118820,428.15,10.53,23380.20,0.33000,23400
7375,2026-09-21 10:51:06,4663490,4274595,2973880,11.05,9.67,2026-09-29,23900,970905,978965,121940,517.80,10.68,23380.20,0.20820,23400
7377,2026-09-21 10:51:06,11021595,10381280,4393415,7.35,10.19,2026-09-29,24000,5444020,5434790,292565,614.50,11.57,23380.20,0.49390,23400
7379,2026-09-21 10:51:06,2201160,2026310,2943590,5.05,10.77,2026-09-29,24100,776750,771745,17355,710.05,11.89,23380.20,0.35290,23400
7381,2026-09-21 10:51:06,3929510,3489005,2108145,4.30,11.66,2026-09-29,24200,1703585,1713660,34450,809.25,12.97,23380.20,0.43350,23400
7383,2026-09-21 10:51:06,4666545,4495985,1032200,3.70,12.51,2026-09-29,24300,2935920,2952885,50245,909.70,14.37,23380.20,0.62910,23400
7657,2026-09-21 10:56:06,1430,1495,260,1086.50,0.00,2026-09-29,22300,750685,781365,1123785,5.90,16.60,23380.20,524.95450,23400
7659,2026-09-21 10:56:06,520,520,0,1017.00,20.29,2026-09-29,22400,1434355,1464125,1486745,6.90,15.69,23380.20,2758.37500,23400
7661,2026-09-21 10:56:06,603395,590655,34320,903.00,15.44,2026-09-29,22500,4883385,4601870,2580045,8.15,14.80,23380.20,8.09320,23400
7663,2026-09-21 10:56:06,3380,3575,1885,795.30,10.93,2026-09-29,22600,1819870,1392625,1926340,9.80,13.95,23380.20,538.42310,23400
7665,2026-09-21 10:56:06,28275,21710,35880,707.70,13.66,2026-09-29,22700,2186210,1794780,2684370,13.15,13.28,23380.20,77.31950,23400
7667,2026-09-21 10:56:06,296270,297375,23010,608.00,12.16,2026-09-29,22800,2797080,2044965,3143075,18.55,12.82,23380.20,9.44100,23400
7669,2026-09-21 10:56:06,129350,133380,33150,521.50,12.63,2026-09-29,22900,1736280,1555970,2320045,26.40,12.34,23380.20,13.42310,23400
7671,2026-09-21 10:56:06,1272765,1251445,366730,427.75,11.55,2026-09-29,23000,8039525,7245435,5572385,38.25,11.95,23380.20,6.31660,23400
7673,2026-09-21 10:56:06,326690,306930,174135,345.00,11.30,2026-09-29,23100,1815385,1583790,1816295,54.25,11.51,23380.20,5.55690,23400
7675,2026-09-21 10:56:06,1694810,1612195,968890,268.55,11.00,2026-09-29,23200,3496025,3150420,2368340,77.50,11.19,23380.20,2.06280,23400
7677,2026-09-21 10:56:06,4923815,4443335,3355300,201.25,10.71,2026-09-29,23300,5716230,5337020,4099810,109.05,10.82,23380.20,1.16090,23400
7679,2026-09-21 10:56:06,4045730,3109080,5080335,142.55,10.38,2026-09-29,23400,3210740,2431650,4173130,150.15,10.52,23380.20,0.79360,23400
7681,2026-09-21 10:56:06,5341050,5020145,4301375,94.90,10.13,2026-09-29,23500,4656600,4574765,1678105,202.70,10.22,23380.20,0.87190,23400
7683,2026-09-21 10:56:06,2874495,2516020,2837445,58.90,9.84,2026-09-29,23600,1410370,1370005,785655,266.80,9.90,23380.20,0.49060,23400
7685,2026-09-21 10:56:06,3678415,2703090,4832815,34.30,9.66,2026-09-29,23700,1045395,1025570,208650,341.25,9.75,23380.20,0.28420,23400
7687,2026-09-21 10:56:06,5088005,4392505,4110470,19.65,9.67,2026-09-29,23800,1678040,1674465,121095,424.00,9.28,23380.20,0.32980,23400
7689,2026-09-21 10:56:06,4664075,4274595,3041935,10.90,9.74,2026-09-29,23900,970840,978965,122525,517.00,9.55,23380.20,0.20820,23400
7691,2026-09-21 10:56:06,11051235,10381280,4508140,7.30,10.28,2026-09-29,24000,5446945,5434790,297505,613.85,10.44,23380.20,0.49290,23400
7693,2026-09-21 10:56:06,2202200,2026310,3018405,5.15,10.86,2026-09-29,24100,776230,771745,18330,712.90,11.11,23380.20,0.35250,23400
7695,2026-09-21 10:56:06,3932760,3489005,2132000,4.35,11.75,2026-09-29,24200,1703520,1713660,34710,806.80,0.00,23380.20,0.43320,23400
7697,2026-09-21 10:56:06,4666285,4495985,1055990,3.70,12.63,2026-09-29,24300,2934685,2952885,51350,906.95,0.00,23380.20,0.62890,23400
7971,2026-09-21 11:01:07,1430,1495,260,1086.50,0.00,2026-09-29,22300,754845,781365,1139060,5.95,16.72,23386.80,527.86360,23400
7973,2026-09-21 11:01:07,520,520,0,1017.00,18.37,2026-09-29,22400,1429805,1464125,1512615,6.95,15.87,23386.80,2749.62500,23400
7975,2026-09-21 11:01:07,603330,590655,34385,902.65,10.38,2026-09-29,22500,4892030,4601870,2615990,8.20,14.95,23386.80,8.10840,23400
7977,2026-09-21 11:01:07,3380,3575,1885,795.30,0.00,2026-09-29,22600,1816555,1392625,1985295,9.75,14.04,23386.80,537.44230,23400
7979,2026-09-21 11:01:07,28275,21710,35880,707.70,11.35,2026-09-29,22700,2118935,1794780,2829775,13.00,13.40,23386.80,74.94020,23400
7981,2026-09-21 11:01:07,296270,297375,23400,613.10,11.44,2026-09-29,22800,2801045,2044965,3222050,18.30,12.91,23386.80,9.45440,23400
7983,2026-09-21 11:01:07,129350,133380,33150,521.50,11.46,2026-09-29,22900,1756625,1555970,2367690,25.90,12.42,23386.80,13.58040,23400
7985,2026-09-21 11:01:07,1273415,1251445,371735,431.00,11.02,2026-09-29,23000,8062795,7245435,5760235,37.30,12.02,23386.80,6.33160,23400
7987,2026-09-21 11:01:07,327210,306930,177125,348.00,10.90,2026-09-29,23100,1819350,1583790,1849315,53.20,11.63,23386.80,5.56020,23400
7989,2026-09-21 11:01:07,1693835,1612195,978900,270.00,10.60,2026-09-29,23200,3503890,3150420,2397525,76.65,11.31,23386.80,2.06860,23400
7991,2026-09-21 11:01:07,4921670,4443335,3401840,201.85,10.44,2026-09-29,23300,5719480,5337020,4157270,107.60,10.95,23386.80,1.16210,23400
7993,2026-09-21 11:01:07,4061070,3109080,5196490,142.95,10.11,2026-09-29,23400,3229395,2431650,4261985,148.05,10.71,23386.80,0.79520,23400
7995,2026-09-21 11:01:07,5329025,5020145,4363320,95.75,9.92,2026-09-29,23500,4659330,4574765,1697475,201.95,10.55,23386.80,0.87430,23400
7997,2026-09-21 11:01:07,2866500,2516020,2882425,59.40,9.69,2026-09-29,23600,1430130,1370005,863135,264.00,10.25,23386.80,0.49890,23400
7999,2026-09-21 11:01:07,3683810,2703090,4885985,34.40,9.51,2026-09-29,23700,1045785,1025570,212550,337.15,10.00,23386.80,0.28390,23400
8001,2026-09-21 11:01:07,5098470,4392505,4152135,19.70,9.54,2026-09-29,23800,1677715,1674465,126750,422.00,10.13,23386.80,0.32910,23400
8003,2026-09-21 11:01:07,4669730,4274595,3098745,11.00,9.63,2026-09-29,23900,971035,978965,122980,514.00,10.57,23386.80,0.20790,23400
8005,2026-09-21 11:01:07,11068590,10381280,4577885,7.30,10.16,2026-09-29,24000,5446035,5434790,302185,610.25,11.35,23386.80,0.49200,23400
8007,2026-09-21 11:01:07,2204865,2026310,3088735,5.15,10.74,2026-09-29,24100,775775,771745,18785,707.35,12.05,23386.80,0.35180,23400
8009,2026-09-21 11:01:07,3933540,3489005,2157025,4.30,11.63,2026-09-29,24200,1703260,1713660,35685,805.40,12.82,23386.80,0.43300,23400
8011,2026-09-21 11:01:07,4665700,4495985,1069055,3.70,12.51,2026-09-29,24300,2931110,2952885,55250,904.25,13.64,23386.80,0.62820,23400
8285,2026-09-21 11:06:07,1430,1495,260,1086.50,0.00,2026-09-29,22300,755300,781365,1141400,5.90,16.66,23387.55,528.18180,23400
8287,2026-09-21 11:06:07,520,520,0,1017.00,19.44,2026-09-29,22400,1417715,1464125,1549210,6.75,15.72,23387.55,2726.37500,23400
8289,2026-09-21 11:06:07,603395,590655,34450,900.00,12.39,2026-09-29,22500,4894890,4601870,2631265,8.05,14.83,23387.55,8.11220,23400
8291,2026-09-21 11:06:07,3380,3575,1885,795.30,0.00,2026-09-29,22600,1824875,1392625,2018640,9.55,13.92,23387.55,539.90380,23400
8293,2026-09-21 11:06:07,28275,21710,35880,707.70,12.70,2026-09-29,22700,2113475,1794780,2852590,12.80,13.28,23387.55,74.74710,23400
8295,2026-09-21 11:06:07,295815,297375,24180,613.00,12.34,2026-09-29,22800,2805660,2044965,3247205,17.90,12.77,23387.55,9.48450,23400
8297,2026-09-21 11:06:07,130000,133380,33410,523.50,12.39,2026-09-29,22900,1762735,1555970,2396225,25.55,12.31,23387.55,13.55950,23400
8299,2026-09-21 11:06:07,1275235,1251445,378365,433.30,11.58,2026-09-29,23000,8062600,7245435,5830630,37.05,11.89,23387.55,6.32240,23400
8301,2026-09-21 11:06:07,326950,306930,180570,348.80,11.34,2026-09-29,23100,1822730,1583790,1871675,52.85,11.47,23387.55,5.57500,23400
8303,2026-09-21 11:06:07,1694680,1612195,985660,271.70,10.56,2026-09-29,23200,3510585,3150420,2449915,75.95,11.33,23387.55,2.07150,23400
8305,2026-09-21 11:06:07,4917835,4443335,3463265,203.25,10.73,2026-09-29,23300,5728710,5337020,4223115,106.15,10.79,23387.55,1.16490,23400
8307,2026-09-21 11:06:07,4073160,3109080,5291975,144.00,10.12,2026-09-29,23400,3247335,2431650,4345705,147.00,10.70,23387.55,0.79730,23400
8309,2026-09-21 11:06:07,5320770,5020145,4429750,96.45,10.13,2026-09-29,23500,4672655,4574765,1747590,199.65,10.15,23387.55,0.87820,23400
8311,2026-09-21 11:06:07,2870595,2516020,2927275,59.90,9.86,2026-09-29,23600,1431560,1370005,875095,262.75,9.86,23387.55,0.49870,23400
8313,2026-09-21 11:06:07,3695380,2703090,4930900,34.90,9.66,2026-09-29,23700,1047020,1025570,219700,336.25,9.49,23387.55,0.28330,23400
8315,2026-09-21 11:06:07,5107765,4392505,4201210,19.80,9.64,2026-09-29,23800,1678495,1674465,129220,420.00,9.28,23387.55,0.32860,23400
8317,2026-09-21 11:06:07,4691960,4274595,3186430,10.95,9.70,2026-09-29,23900,974675,978965,127660,511.00,9.12,23387.55,0.20770,23400
8319,2026-09-21 11:06:07,11094525,10381280,4638010,7.30,10.22,2026-09-29,24000,5446165,5434790,306540,607.05,9.28,23387.55,0.49090,23400
8321,2026-09-21 11:06:07,2215265,2026310,3121040,5.10,10.80,2026-09-29,24100,775645,771745,19695,704.95,9.46,23387.55,0.35010,23400
8323,2026-09-21 11:06:07,3938090,3489005,2187250,4.30,11.69,2026-09-29,24200,1703065,1713660,36010,802.05,0.00,23387.55,0.43250,23400
8325,2026-09-21 11:06:07,4668365,4495985,1099345,3.70,12.57,2026-09-29,24300,2924025,2952885,64155,903.60,10.62,23387.55,0.62630,23400
8599,2026-09-21 11:11:07,1430,1495,260,1086.50,0.00,2026-09-29,22300,755040,781365,1146210,5.80,16.72,23395.80,528.00000,23400
8601,2026-09-21 11:11:07,520,520,0,1017.00,17.24,2026-09-29,22400,1407770,1464125,1569035,6.75,15.84,23395.80,2707.25000,23400
8603,2026-09-21 11:11:07,602940,590655,43290,910.00,13.12,2026-09-29,22500,4896060,4601870,2660775,7.90,14.92,23395.80,8.12030,23400
8605,2026-09-21 11:11:07,3380,3575,1885,795.30,0.00,2026-09-29,22600,1828580,1392625,2055235,9.45,14.04,23395.80,541.00000,23400
8607,2026-09-21 11:11:07,27690,21710,36010,709.95,10.56,2026-09-29,22700,2118545,1794780,2889575,12.40,13.29,23395.80,76.50940,23400
8609,2026-09-21 11:11:07,295815,297375,25415,617.10,11.44,2026-09-29,22800,2844595,2044965,3333525,17.50,12.83,23395.80,9.61610,23400
8611,2026-09-21 11:11:07,130260,133380,33735,527.45,12.22,2026-09-29,22900,1755455,1555970,2435420,24.65,12.34,23395.80,13.47650,23400
8613,2026-09-21 11:11:07,1274455,1251445,385125,439.00,11.34,2026-09-29,23000,8072675,7245435,5946265,35.45,11.90,23395.80,6.33420,23400
8615,2026-09-21 11:11:07,326885,306930,183820,354.00,11.41,2026-09-29,23100,1834625,1583790,1912755,50.50,11.45,23395.80,5.61240,23400
8617,2026-09-21 11:11:07,1694940,1612195,1000740,277.00,10.90,2026-09-29,23200,3486080,3150420,2526485,72.50,11.12,23395.80,2.05680,23400
8619,2026-09-21 11:11:07,4914260,4443335,3540745,207.40,10.60,2026-09-29,23300,5731310,5337020,4343495,102.10,10.75,23395.80,1.16630,23400
8621,2026-09-21 11:11:07,4078035,3109080,5412550,147.65,10.30,2026-09-29,23400,3271840,2431650,4477655,141.50,10.36,23395.80,0.80230,23400
8623,2026-09-21 11:11:07,5318430,5020145,4532450,99.00,10.03,2026-09-29,23500,4662190,4574765,1811745,193.00,10.15,23395.80,0.87660,23400
8625,2026-09-21 11:11:07,2875470,2516020,2986295,61.60,9.73,2026-09-29,23600,1437020,1370005,919425,256.00,10.00,23395.80,0.49980,23400
8627,2026-09-21 11:11:07,3697850,2703090,4989400,35.65,9.56,2026-09-29,23700,1048580,1025570,224575,329.80,9.78,23395.80,0.28360,23400
8629,2026-09-21 11:11:07,5113420,4392505,4242420,20.30,9.59,2026-09-29,23800,1679860,1674465,134290,416.20,9.40,23395.80,0.32850,23400
8631,2026-09-21 11:11:07,4692155,4274595,3230045,11.25,9.61,2026-09-29,23900,978120,978965,130260,507.00,9.45,23395.80,0.20850,23400
8633,2026-09-21 11:11:07,11102260,10381280,4722900,7.40,10.13,2026-09-29,24000,5444995,5434790,310570,601.00,9.12,23395.80,0.49040,23400
8635,2026-09-21 11:11:07,2217800,2026310,3159650,5.05,10.68,2026-09-29,24100,775320,771745,20605,701.10,10.38,23395.80,0.34960,23400
8637,2026-09-21 11:11:07,3940820,3489005,2202005,4.25,11.63,2026-09-29,24200,1702740,1713660,36920,796.85,11.05,23395.80,0.43210,23400
8639,2026-09-21 11:11:07,4665895,4495985,1122550,3.70,12.45,2026-09-29,24300,2919995,2952885,73840,895.95,11.78,23395.80,0.62580,23400
8913,2026-09-21 11:16:06,1430,1495,260,1086.50,0.00,2026-09-29,22300,755365,781365,1152645,5.90,16.78,23395.20,528.22730,23400
8915,2026-09-21 11:16:06,520,520,0,1017.00,16.69,2026-09-29,22400,1405430,1464125,1606150,6.80,15.87,23395.20,2702.75000,23400
8917,2026-09-21 11:16:06,595400,590655,44395,912.00,13.31,2026-09-29,22500,4891900,4601870,2722720,8.05,15.01,23395.20,8.21620,23400
8919,2026-09-21 11:16:06,3380,3575,1885,795.30,0.00,2026-09-29,22600,1831570,1392625,2090595,9.55,14.07,23395.20,541.88460,23400
8921,2026-09-21 11:16:06,27690,21710,36205,719.00,13.00,2026-09-29,22700,2114580,1794780,2974920,12.55,13.40,23395.20,76.36620,23400
8923,2026-09-21 11:16:06,295815,297375,28795,618.00,11.52,2026-09-29,22800,2976155,2044965,3527875,17.80,12.91,23395.20,10.06090,23400
8925,2026-09-21 11:16:06,130065,133380,34060,526.90,11.46,2026-09-29,22900,1841840,1555970,2611570,24.70,12.39,23395.20,14.16090,23400
8927,2026-09-21 11:16:06,1274455,1251445,392210,438.00,11.26,2026-09-29,23000,8107840,7245435,6066840,36.00,11.99,23395.20,6.36180,23400
8929,2026-09-21 11:16:06,326690,306930,186160,353.50,10.93,2026-09-29,23100,1833130,1583790,1964170,51.30,11.57,23395.20,5.61120,23400
8931,2026-09-21 11:16:06,1690390,1612195,1024140,275.05,10.67,2026-09-29,23200,3480035,3150420,2586350,73.50,11.23,23395.20,2.05870,23400
8933,2026-09-21 11:16:06,4918615,4443335,3640845,206.40,10.38,2026-09-29,23300,5746130,5337020,4432935,103.40,10.87,23395.20,1.16820,23400
8935,2026-09-21 11:16:06,4097730,3109080,5601570,146.70,10.17,2026-09-29,23400,3286010,2431650,4612595,143.55,10.57,23395.20,0.80190,23400
8937,2026-09-21 11:16:06,5325515,5020145,4640090,97.80,9.93,2026-09-29,23500,4669730,4574765,1866410,195.40,10.31,23395.20,0.87690,23400
8939,2026-09-21 11:16:06,2878525,2516020,3060070,61.10,9.66,2026-09-29,23600,1437345,1370005,928915,257.05,10.03,23395.20,0.49930,23400
8941,2026-09-21 11:16:06,3709745,2703090,5094115,35.20,9.46,2026-09-29,23700,1047995,1025570,228475,331.50,9.92,23395.20,0.28250,23400
8943,2026-09-21 11:16:06,5126095,4392505,4309240,20.20,9.49,2026-09-29,23800,1679340,1674465,136630,416.50,10.09,23395.20,0.32760,23400
8945,2026-09-21 11:16:06,4706910,4274595,3323840,11.10,9.57,2026-09-29,23900,982345,978965,135460,505.00,9.95,23395.20,0.20870,23400
8947,2026-09-21 11:16:06,11126180,10381280,4866875,7.25,10.09,2026-09-29,24000,5444735,5434790,317980,602.00,10.77,23395.20,0.48940,23400
8949,2026-09-21 11:16:06,2222025,2026310,3241225,5.05,10.65,2026-09-29,24100,774930,771745,21125,700.25,10.44,23395.20,0.34870,23400
8951,2026-09-21 11:16:06,3935685,3489005,2220725,4.20,11.57,2026-09-29,24200,1702610,1713660,42705,796.00,11.41,23395.20,0.43260,23400
8953,2026-09-21 11:16:06,4649710,4495985,1171235,3.70,12.45,2026-09-29,24300,2899845,2952885,96330,897.10,13.43,23395.20,0.62370,23400
9227,2026-09-21 11:21:06,1430,1495,260,1086.50,0.00,2026-09-29,22300,763360,781365,1176110,6.00,16.85,23392.40,533.81820,23400
9229,2026-09-21 11:21:06,520,520,0,1017.00,17.33,2026-09-29,22400,1426620,1464125,1640275,6.85,15.90,23392.40,2743.50000,23400
9231,2026-09-21 11:21:06,595205,590655,44850,903.00,0.00,2026-09-29,22500,4893590,4601870,2747940,8.20,15.01,23392.40,8.22170,23400
9233,2026-09-21 11:21:06,3380,3575,1885,795.30,0.00,2026-09-29,22600,1837940,1392625,2135835,9.70,14.08,23392.40,543.76920,23400
9235,2026-09-21 11:21:06,27690,21710,36205,719.00,13.46,2026-09-29,22700,2124005,1794780,3021395,12.90,13.46,23392.40,76.70660,23400
9237,2026-09-21 11:21:06,296595,297375,29185,613.15,10.50,2026-09-29,22800,3014050,2044965,3575195,18.05,12.95,23392.40,10.16220,23400
9239,2026-09-21 11:21:06,130065,133380,34190,524.85,11.43,2026-09-29,22900,1859780,1555970,2652780,25.40,12.42,23392.40,14.29890,23400
9241,2026-09-21 11:21:06,1275105,1251445,401960,434.70,10.81,2026-09-29,23000,8086780,7245435,6168890,36.55,12.04,23392.40,6.34210,23400
9243,2026-09-21 11:21:06,326560,306930,187525,348.65,10.66,2026-09-29,23100,1842295,1583790,2012530,52.00,11.63,23392.40,5.64150,23400
9245,2026-09-21 11:21:06,1689155,1612195,1041495,272.45,10.57,2026-09-29,23200,3477305,3150420,2616055,74.60,11.30,23392.40,2.05860,23400
9247,2026-09-21 11:21:06,4906720,4443335,3699540,203.75,10.33,2026-09-29,23300,5749185,5337020,4524130,104.75,10.93,23392.40,1.17170,23400
9249,2026-09-21 11:21:06,4098055,3109080,5748665,144.85,10.09,2026-09-29,23400,3301025,2431650,4739930,144.85,10.62,23392.40,0.80550,23400
9251,2026-09-21 11:21:06,5330585,5020145,4728425,96.50,9.85,2026-09-29,23500,4676425,4574765,1919775,196.95,10.48,23392.40,0.87730,23400
9253,2026-09-21 11:21:06,2886390,2516020,3113370,60.00,9.64,2026-09-29,23600,1440010,1370005,944125,260.00,10.21,23392.40,0.49890,23400
9255,2026-09-21 11:21:06,3711825,2703090,5143255,34.70,9.45,2026-09-29,23700,1050725,1025570,233610,335.00,10.21,23392.40,0.28310,23400
9257,2026-09-21 11:21:06,5125705,4392505,4345510,19.70,9.48,2026-09-29,23800,1679535,1674465,140140,418.10,10.51,23392.40,0.32770,23400
9259,2026-09-21 11:21:06,4697745,4274595,3387215,10.95,9.55,2026-09-29,23900,985010,978965,141245,511.15,10.77,23392.40,0.20970,23400
9261,2026-09-21 11:21:06,11137165,10381280,4997980,7.25,10.09,2026-09-29,24000,5446035,5434790,324675,606.05,11.28,23392.40,0.48900,23400
9263,2026-09-21 11:21:06,2205580,2026310,3330665,5.05,10.68,2026-09-29,24100,774865,771745,21190,703.60,12.08,23392.40,0.35130,23400
9265,2026-09-21 11:21:06,3937570,3489005,2256410,4.25,11.57,2026-09-29,24200,1704690,1713660,47125,800.00,12.27,23392.40,0.43290,23400
9267,2026-09-21 11:21:06,4647760,4495985,1204515,3.60,12.42,2026-09-29,24300,2889835,2952885,106210,900.85,14.28,23392.40,0.62180,23400
9541,2026-09-21 11:26:06,1430,1495,260,1086.50,0.00,2026-09-29,22300,763035,781365,1188525,6.00,16.78,23393.30,533.59090,23400
9543,2026-09-21 11:26:06,520,520,0,1017.00,18.77,2026-09-29,22400,1446250,1464125,1679145,6.80,15.78,23393.30,2781.25000,23400
9545,2026-09-21 11:26:06,595270,590655,45175,910.00,15.41,2026-09-29,22500,4891835,4601870,2766010,8.05,14.89,23393.30,8.21780,23400
9547,2026-09-21 11:26:06,3380,3575,1885,795.30,0.00,2026-09-29,22600,1833975,1392625,2152540,9.50,13.95,23393.30,542.59620,23400
9549,2026-09-21 11:26:06,27690,21710,36205,719.00,14.56,2026-09-29,22700,2129010,1794780,3041480,12.55,13.28,23393.30,76.88730,23400
9551,2026-09-21 11:26:06,296595,297375,29380,619.00,12.94,2026-09-29,22800,3014375,2044965,3590470,17.65,12.77,23393.30,10.16330,23400
9553,2026-09-21 11:26:06,130065,133380,34190,524.85,12.19,2026-09-29,22900,1861275,1555970,2674360,24.75,12.24,23393.30,14.31030,23400
9555,2026-09-21 11:26:06,1274520,1251445,403780,437.60,11.99,2026-09-29,23000,8069230,7245435,6232200,35.85,11.83,23393.30,6.33120,23400
9557,2026-09-21 11:26:06,326495,306930,188630,353.80,11.60,2026-09-29,23100,1841710,1583790,2054390,51.20,11.40,23393.30,5.64090,23400
9559,2026-09-21 11:26:06,1684280,1612195,1056835,275.00,11.12,2026-09-29,23200,3471520,3150420,2636595,73.40,11.02,23393.30,2.06110,23400
9561,2026-09-21 11:26:06,4891770,4443335,3745040,205.50,10.77,2026-09-29,23300,5749705,5337020,4612595,103.35,10.64,23393.30,1.17540,23400
9563,2026-09-21 11:26:06,4103255,3109080,5828615,146.15,10.47,2026-09-29,23400,3311490,2431650,4820855,143.70,10.31,23393.30,0.80700,23400
9565,2026-09-21 11:26:06,5340790,5020145,4816175,97.90,10.16,2026-09-29,23500,4686110,4574765,1966705,194.85,9.96,23393.30,0.87740,23400
9567,2026-09-21 11:26:06,2888275,2516020,3146000,61.00,9.86,2026-09-29,23600,1441310,1370005,950495,257.80,9.64,23393.30,0.49900,23400
9569,2026-09-21 11:26:06,3729180,2703090,5187065,35.20,9.64,2026-09-29,23700,1052415,1025570,237185,331.35,9.27,23393.30,0.28220,23400
9571,2026-09-21 11:26:06,5130840,4392505,4380545,19.95,9.61,2026-09-29,23800,1679730,1674465,142740,413.50,8.70,23393.30,0.32740,23400
9573,2026-09-21 11:26:06,4701060,4274595,3427450,11.15,9.70,2026-09-29,23900,984555,978965,141635,506.10,8.64,23393.30,0.20940,23400
9575,2026-09-21 11:26:06,11139375,10381280,5069675,7.25,10.19,2026-09-29,24000,5447725,5434790,331045,602.35,8.54,23393.30,0.48910,23400
9577,2026-09-21 11:26:06,2223585,2026310,3392350,5.00,10.74,2026-09-29,24100,774995,771745,21385,696.15,0.00,23393.30,0.34850,23400
9579,2026-09-21 11:26:06,3954600,3489005,2316535,4.10,11.60,2026-09-29,24200,1704885,1713660,47970,796.10,0.00,23393.30,0.43110,23400
9581,2026-09-21 11:26:06,4648995,4495985,1253200,3.60,12.51,2026-09-29,24300,2879045,2952885,119470,897.10,0.00,23393.30,0.61930,23400
9855,2026-09-21 11:31:06,1430,1495,260,1086.50,0.00,2026-09-29,22300,764010,781365,1196520,5.85,16.78,23400.20,534.27270,23400
9857,2026-09-21 11:31:06,520,520,0,1017.00,17.24,2026-09-29,22400,1447355,1464125,1687270,6.70,15.78,23400.20,2783.37500,23400
9859,2026-09-21 11:31:06,595270,590655,45240,911.30,13.79,2026-09-29,22500,4891640,4601870,2799550,7.85,14.89,23400.20,8.21750,23400
9861,2026-09-21 11:31:06,3380,3575,1885,795.30,0.00,2026-09-29,22600,1832415,1392625,2158325,9.25,13.95,23400.20,542.13460,23400
9863,2026-09-21 11:31:06,27690,21710,36205,719.00,13.40,2026-09-29,22700,2133690,1794780,3080545,12.15,13.28,23400.20,77.05630,23400
9865,2026-09-21 11:31:06,296465,297375,29640,623.00,12.70,2026-09-29,22800,3015220,2044965,3622320,17.05,12.79,23400.20,10.17060,23400
9867,2026-09-21 11:31:06,130455,133380,34775,525.75,11.54,2026-09-29,22900,1867320,1555970,2709460,24.00,12.24,23400.20,14.31390,23400
9869,2026-09-21 11:31:06,1275105,1251445,408265,442.00,11.92,2026-09-29,23000,8066500,7245435,6295445,34.60,11.83,23400.20,6.32610,23400
9871,2026-09-21 11:31:06,326690,306930,189995,358.40,11.60,2026-09-29,23100,1835990,1583790,2085395,49.60,11.41,23400.20,5.62000,23400
9873,2026-09-21 11:31:06,1684930,1612195,1074840,279.10,11.12,2026-09-29,23200,3474055,3150420,2660190,71.40,11.02,23400.20,2.06180,23400
9875,2026-09-21 11:31:06,4887935,4443335,3794180,209.50,10.73,2026-09-29,23300,5731830,5337020,4741360,100.50,10.63,23400.20,1.17260,23400
9877,2026-09-21 11:31:06,4107870,3109080,5929300,149.05,10.41,2026-09-29,23400,3331770,2431650,4905745,139.95,10.27,23400.20,0.81110,23400
9879,2026-09-21 11:31:06,5355675,5020145,4908540,99.90,10.14,2026-09-29,23500,4688970,4574765,2016430,190.40,9.97,23400.20,0.87550,23400
9881,2026-09-21 11:31:06,2890875,2516020,3192215,62.45,9.85,2026-09-29,23600,1441050,1370005,958490,254.65,9.74,23400.20,0.49850,23400
9883,2026-09-21 11:31:06,3693300,2703090,5300685,36.35,9.64,2026-09-29,23700,1051180,1025570,240760,326.85,9.32,23400.20,0.28460,23400
9885,2026-09-21 11:31:06,5163665,4392505,4535245,20.55,9.60,2026-09-29,23800,1636505,1674465,193505,410.05,8.97,23400.20,0.31690,23400
9887,2026-09-21 11:31:06,4714450,4274595,3600415,11.45,9.67,2026-09-29,23900,985140,978965,142675,501.00,8.76,23400.20,0.20900,23400
9889,2026-09-21 11:31:06,11143275,10381280,5206760,7.35,10.13,2026-09-29,24000,5452210,5434790,342485,595.75,8.12,23400.20,0.48930,23400
9891,2026-09-21 11:31:06,2232490,2026310,3572140,5.05,10.68,2026-09-29,24100,774930,771745,22490,698.60,10.62,23400.20,0.34710,23400
9893,2026-09-21 11:31:06,3980470,3489005,2413385,4.15,11.51,2026-09-29,24200,1703390,1713660,51480,794.10,0.00,23400.20,0.42790,23400
9895,2026-09-21 11:31:06,4645485,4495985,1291420,3.60,12.39,2026-09-29,24300,2868060,2952885,132535,892.00,0.00,23400.20,0.61740,23400
10169,2026-09-21 11:36:07,1430,1495,260,1086.50,0.00,2026-09-29,22300,763555,781365,1213485,5.85,16.78,23398.80,533.95450,23400
10171,2026-09-21 11:36:07,520,520,0,1017.00,17.61,2026-09-29,22400,1451905,1464125,1719705,6.70,15.84,23398.80,2792.12500,23400
10173,2026-09-21 11:36:07,595400,590655,47840,913.85,15.23,2026-09-29,22500,4876105,4601870,2864940,7.90,14.92,23398.80,8.18960,23400
10175,2026-09-21 11:36:07,3835,3575,3185,809.35,12.15,2026-09-29,22600,1857505,1392625,2209155,9.30,13.98,23398.80,484.35590,23400
10177,2026-09-21 11:36:07,27690,21710,36205,719.00,13.69,2026-09-29,22700,2131285,1794780,3146065,12.30,13.31,23398.80,76.96950,23400
10179,2026-09-21 11:36:07,296465,297375,35360,621.00,12.34,2026-09-29,22800,3006900,2044965,3661580,17.30,12.79,23398.80,10.14250,23400
10181,2026-09-21 11:36:07,130325,133380,35100,535.00,13.06,2026-09-29,22900,1861145,1555970,2763475,24.35,12.30,23398.80,14.28080,23400
10183,2026-09-21 11:36:07,1276730,1251445,417040,439.00,11.67,2026-09-29,23000,8076185,7245435,6414590,35.30,11.87,23398.80,6.32570,23400
10185,2026-09-21 11:36:07,325585,306930,192335,353.95,11.28,2026-09-29,23100,1841970,1583790,2127905,50.20,11.45,23398.80,5.65740,23400
10187,2026-09-21 11:36:07,1668615,1612195,1114750,276.95,10.87,2026-09-29,23200,3473275,3150420,2760680,72.05,11.07,23398.80,2.08150,23400
10189,2026-09-21 11:36:07,4870255,4443335,3923205,207.25,10.54,2026-09-29,23300,5732220,5337020,4885660,101.55,10.71,23398.80,1.17700,23400
10191,2026-09-21 11:36:07,4108910,3109080,6110455,147.60,10.28,2026-09-29,23400,3391700,2431650,5121870,141.55,10.40,23398.80,0.82550,23400
10193,2026-09-21 11:36:07,5361915,5020145,5033730,98.75,10.00,2026-09-29,23500,4690075,4574765,2102295,192.90,10.13,23398.80,0.87470,23400
10195,2026-09-21 11:36:07,2893605,2516020,3236285,61.55,9.76,2026-09-29,23600,1445340,1370005,979225,256.00,9.83,23398.80,0.49950,23400
10197,2026-09-21 11:36:07,3689530,2703090,5380115,35.70,9.56,2026-09-29,23700,1068015,1025570,325650,330.00,9.71,23398.80,0.28950,23400
10199,2026-09-21 11:36:07,5173675,4392505,4590560,20.35,9.57,2026-09-29,23800,1635855,1674465,200850,415.85,9.55,23398.80,0.31620,23400
10201,2026-09-21 11:36:07,4727710,4274595,3731715,11.25,9.63,2026-09-29,23900,985335,978965,147485,505.95,9.60,23398.80,0.20840,23400
10203,2026-09-21 11:36:07,11138335,10381280,5371600,7.25,10.10,2026-09-29,24000,5460530,5434790,354640,600.00,10.31,23398.80,0.49020,23400
10205,2026-09-21 11:36:07,2230605,2026310,3658720,5.05,10.71,2026-09-29,24100,775450,771745,22685,692.35,0.00,23398.80,0.34760,23400
10207,2026-09-21 11:36:07,3968380,3489005,2446080,4.10,11.57,2026-09-29,24200,1703000,1713660,64415,796.00,9.16,23398.80,0.42910,23400
10209,2026-09-21 11:36:07,4642040,4495985,1321840,3.55,12.39,2026-09-29,24300,2859740,2952885,147290,896.70,10.74,23398.80,0.61610,23400
10483,2026-09-21 11:41:06,1430,1495,260,1086.50,0.00,2026-09-29,22300,764660,781365,1222455,5.90,16.78,23399.10,534.72730,23400
10485,2026-09-21 11:41:06,520,520,0,1017.00,17.30,2026-09-29,22400,1453140,1464125,1752140,6.75,15.81,23399.10,2794.50000,23400
10487,2026-09-21 11:41:06,595465,590655,49205,911.55,13.98,2026-09-29,22500,4873635,4601870,2882035,7.90,14.92,23399.10,8.18460,23400
10489,2026-09-21 11:41:06,3835,3575,3185,809.35,11.63,2026-09-29,22600,1883115,1392625,2276690,9.45,14.04,23399.10,491.03390,23400
10491,2026-09-21 11:41:06,27755,21710,36725,719.10,13.49,2026-09-29,22700,2144610,1794780,3197675,12.45,13.35,23399.10,77.26930,23400
10493,2026-09-21 11:41:06,294385,297375,36075,618.10,11.73,2026-09-29,22800,2983890,2044965,3736200,17.35,12.82,23399.10,10.13600,23400
10495,2026-09-21 11:41:06,130390,133380,37765,528.25,11.96,2026-09-29,22900,1893710,1555970,2825810,24.60,12.33,23399.10,14.52340,23400
10497,2026-09-21 11:41:06,1279135,1251445,426335,438.90,11.58,2026-09-29,23000,8088860,7245435,6465875,35.80,11.94,23399.10,6.32370,23400
10499,2026-09-21 11:41:06,325910,306930,195910,352.80,11.08,2026-09-29,23100,1844505,1583790,2151695,51.00,11.48,23399.10,5.65960,23400
10501,2026-09-21 11:41:06,1669005,1612195,1130480,275.45,10.83,2026-09-29,23200,3482180,3150420,2799420,73.20,11.13,23399.10,2.08640,23400
10503,2026-09-21 11:41:06,4844905,4443335,3979560,205.75,10.55,2026-09-29,23300,5726890,5337020,4928690,103.05,10.78,23399.10,1.18200,23400
10505,2026-09-21 11:41:06,4107610,3109080,6231160,146.10,10.28,2026-09-29,23400,3410745,2431650,5194280,142.70,10.43,23399.10,0.83030,23400
10507,2026-09-21 11:41:06,5364645,5020145,5102370,97.80,10.00,2026-09-29,23500,4683575,4574765,2136095,193.90,10.20,23399.10,0.87300,23400
10509,2026-09-21 11:41:06,2898675,2516020,3270345,60.90,9.74,2026-09-29,23600,1447290,1370005,993785,256.80,9.90,23399.10,0.49930,23400
10511,2026-09-21 11:41:06,3690700,2703090,5424120,35.25,9.54,2026-09-29,23700,1065805,1025570,348465,330.70,9.67,23399.10,0.28880,23400
10513,2026-09-21 11:41:06,5173805,4392505,4649190,19.95,9.52,2026-09-29,23800,1636895,1674465,201370,414.40,9.60,23399.10,0.31640,23400
10515,2026-09-21 11:41:06,4724915,4274595,3785730,10.95,9.58,2026-09-29,23900,985530,978965,148590,506.00,9.81,23399.10,0.20860,23400
10517,2026-09-21 11:41:06,11164725,10381280,5594810,7.10,10.07,2026-09-29,24000,5459490,5434790,357500,600.30,10.38,23399.10,0.48900,23400
10519,2026-09-21 11:41:06,2224560,2026310,3735875,4.95,10.65,2026-09-29,24100,775450,771745,22685,692.35,0.00,23399.10,0.34860,23400
10521,2026-09-21 11:41:06,3961295,3489005,2506725,4.00,11.47,2026-09-29,24200,1701245,1713660,77740,795.65,10.13,23399.10,0.42950,23400
10523,2026-09-21 11:41:06,4637945,4495985,1352325,3.50,12.39,2026-09-29,24300,2859675,2952885,150475,896.50,11.84,23399.10,0.61660,23400
10797,2026-09-21 11:46:06,1430,1495,260,1086.50,0.00,2026-09-29,22300,767520,781365,1231880,5.85,16.85,23402.45,536.72730,23400
10799,2026-09-21 11:46:06,520,520,0,1017.00,15.59,2026-09-29,22400,1458665,1464125,1775865,6.65,15.87,23402.45,2805.12500,23400
10801,2026-09-21 11:46:06,595270,590655,50050,918.20,14.74,2026-09-29,22500,4869150,4601870,2908360,7.90,14.98,23402.45,8.17970,23400
10803,2026-09-21 11:46:06,3835,3575,3185,809.35,0.00,2026-09-29,22600,1881035,1392625,2320370,9.30,14.04,23402.45,490.49150,23400
10805,2026-09-21 11:46:06,27755,21710,36725,719.10,12.27,2026-09-29,22700,2165085,1794780,3316300,12.25,13.40,23402.45,78.00700,23400
10807,2026-09-21 11:46:06,294385,297375,36140,625.00,12.24,2026-09-29,22800,2985385,2044965,3761225,17.20,12.86,23402.45,10.14110,23400
10809,2026-09-21 11:46:06,130390,133380,37830,529.70,11.49,2026-09-29,22900,1895920,1555970,2871440,24.00,12.33,23402.45,14.54040,23400
10811,2026-09-21 11:46:06,1279200,1251445,431145,441.65,11.41,2026-09-29,23000,8097635,7245435,6552325,34.80,11.93,23402.45,6.33020,23400
10813,2026-09-21 11:46:06,326300,306930,198640,357.05,11.12,2026-09-29,23100,1846000,1583790,2181855,49.45,11.46,23402.45,5.65740,23400
10815,2026-09-21 11:46:06,1663285,1612195,1141530,280.10,10.93,2026-09-29,23200,3487705,3150420,2845570,70.80,11.09,23402.45,2.09690,23400
10817,2026-09-21 11:46:06,4822285,4443335,4044105,210.05,10.57,2026-09-29,23300,5714345,5337020,5026775,100.00,10.73,23402.45,1.18500,23400
10819,2026-09-21 11:46:06,4108975,3109080,6342505,149.80,10.28,2026-09-29,23400,3428295,2431650,5276830,139.45,10.43,23402.45,0.83430,23400
10821,2026-09-21 11:46:06,5367895,5020145,5186220,100.60,10.03,2026-09-29,23500,4682405,4574765,2167425,190.30,10.12,23402.45,0.87230,23400
10823,2026-09-21 11:46:06,2900820,2516020,3309345,62.95,9.79,2026-09-29,23600,1451060,1370005,1009580,252.70,9.86,23402.45,0.50020,23400
10825,2026-09-21 11:46:06,3696940,2703090,5465265,36.65,9.54,2026-09-29,23700,1066390,1025570,351000,327.50,9.77,23402.45,0.28850,23400
10827,2026-09-21 11:46:06,5172765,4392505,4695730,20.85,9.54,2026-09-29,23800,1636635,1674465,202930,410.50,9.66,23402.45,0.31640,23400
10829,2026-09-21 11:46:06,4720235,4274595,3841175,11.50,9.61,2026-09-29,23900,990210,978965,157040,500.00,9.52,23402.45,0.20980,23400
10831,2026-09-21 11:46:06,11175060,10381280,5672290,7.30,10.06,2026-09-29,24000,5455460,5434790,363025,595.10,9.70,23402.45,0.48820,23400
10833,2026-09-21 11:46:06,2231905,2026310,3774420,5.00,10.62,2026-09-29,24100,774410,771745,24375,692.35,9.92,23402.45,0.34700,23400
10835,2026-09-21 11:46:06,3970655,3489005,2554760,4.10,11.47,2026-09-29,24200,1703585,1713660,86190,792.40,11.11,23402.45,0.42900,23400
10837,2026-09-21 11:46:06,4635020,4495985,1358435,3.50,12.33,2026-09-29,24300,2859805,2952885,153595,893.10,12.63,23402.45,0.61700,23400
11111,2026-09-21 11:51:06,1430,1495,260,1086.50,0.00,2026-09-29,22300,770315,781365,1265615,5.80,16.85,23400.10,538.68180,23400
11113,2026-09-21 11:51:06,520,520,0,1017.00,15.84,2026-09-29,22400,1470040,1464125,1806610,6.70,15.93,23400.10,2827.00000,23400
11115,2026-09-21 11:51:06,595140,590655,50830,914.10,13.18,2026-09-29,22500,4872985,4601870,2922400,7.95,14.98,23400.10,8.18800,23400
11117,2026-09-21 11:51:06,3315,3575,3250,815.95,12.76,2026-09-29,22600,1880385,1392625,2335320,9.40,14.07,23400.10,567.23530,23400
11119,2026-09-21 11:51:06,27755,21710,36725,719.10,12.45,2026-09-29,22700,2163070,1794780,3321760,12.35,13.40,23400.10,77.93440,23400
11121,2026-09-21 11:51:06,289965,297375,42575,625.00,12.36,2026-09-29,22800,2988375,2044965,3778970,17.15,12.85,23400.10,10.30600,23400
11123,2026-09-21 11:51:06,130325,133380,37960,531.00,11.80,2026-09-29,22900,1897545,1555970,2880020,23.95,12.30,23400.10,14.56010,23400
11125,2026-09-21 11:51:06,1277445,1251445,438100,443.50,11.70,2026-09-29,23000,8100495,7245435,6584630,34.85,11.89,23400.10,6.34120,23400
11127,2026-09-21 11:51:06,326495,306930,199290,358.45,11.31,2026-09-29,23100,1847235,1583790,2194205,49.70,11.47,23400.10,5.65780,23400
11129,2026-09-21 11:51:06,1660815,1612195,1157910,280.80,10.95,2026-09-29,23200,3492125,3150420,2892045,71.05,11.09,23400.10,2.10270,23400
11131,2026-09-21 11:51:06,4793620,4443335,4112290,209.05,10.60,2026-09-29,23300,5699200,5337020,5112640,100.40,10.68,23400.10,1.18890,23400
11133,2026-09-21 11:51:06,4116385,3109080,6420245,148.65,10.28,2026-09-29,23400,3442790,2431650,5373875,140.00,10.38,23400.10,0.83640,23400
11135,2026-09-21 11:51:06,5392920,5020145,5276765,100.05,10.03,2026-09-29,23500,4695275,4574765,2208960,190.40,10.08,23400.10,0.87060,23400
11137,2026-09-21 11:51:06,2909985,2516020,3336645,62.00,9.74,2026-09-29,23600,1452295,1370005,1015755,252.95,9.78,23400.10,0.49910,23400
11139,2026-09-21 11:51:06,3703050,2703090,5505240,35.95,9.52,2026-09-29,23700,1066260,1025570,352365,326.60,9.63,23400.10,0.28790,23400
11141,2026-09-21 11:51:06,5181540,4392505,4753255,20.25,9.49,2026-09-29,23800,1635725,1674465,207610,410.75,9.52,23400.10,0.31570,23400
11143,2026-09-21 11:51:06,4718610,4274595,3906435,11.10,9.55,2026-09-29,23900,990665,978965,158990,500.00,9.40,23400.10,0.20990,23400
11145,2026-09-21 11:51:06,11176880,10381280,5748015,7.05,10.01,2026-09-29,24000,5455070,5434790,374530,597.35,10.19,23400.10,0.48810,23400
11147,2026-09-21 11:51:06,2225925,2026310,3825640,4.90,10.59,2026-09-29,24100,772265,771745,27625,697.05,11.44,23400.10,0.34690,23400
11149,2026-09-21 11:51:06,3975920,3489005,2599805,4.00,11.41,2026-09-29,24200,1702805,1713660,93470,790.65,9.40,23400.10,0.42830,23400
11151,2026-09-21 11:51:06,4630015,4495985,1381640,3.50,12.33,2026-09-29,24300,2859610,2952885,153660,893.50,12.54,23400.10,0.61760,23400
11425,2026-09-21 11:56:06,1430,1495,260,1086.50,0.00,2026-09-29,22300,773955,781365,1280565,5.75,17.00,23418.05,541.22730,23400
11427,2026-09-21 11:56:06,520,520,0,1017.00,0.00,2026-09-29,22400,1464710,1464125,1824420,6.50,15.99,23418.05,2816.75000,23400
11429,2026-09-21 11:56:06,595075,590655,50960,919.70,0.00,2026-09-29,22500,4868305,4601870,3017365,7.60,15.08,23418.05,8.18100,23400
11431,2026-09-21 11:56:06,3315,3575,3250,815.95,0.00,2026-09-29,22600,1876225,1392625,2371200,8.75,14.13,23418.05,565.98040,23400
11433,2026-09-21 11:56:06,27755,21710,36725,719.10,0.00,2026-09-29,22700,2143700,1794780,3398980,11.35,13.40,23418.05,77.23650,23400
11435,2026-09-21 11:56:06,288470,297375,45500,637.35,11.51,2026-09-29,22800,2989285,2044965,3880175,15.80,12.85,23418.05,10.36260,23400
11437,2026-09-21 11:56:06,114140,133380,72735,546.55,11.41,2026-09-29,22900,1921725,1555970,3001830,21.75,12.28,23418.05,16.83660,23400
11439,2026-09-21 11:56:06,1275625,1251445,488410,456.50,11.55,2026-09-29,23000,8125455,7245435,6790615,31.75,11.86,23418.05,6.36980,23400
11441,2026-09-21 11:56:06,321425,306930,240045,370.45,11.05,2026-09-29,23100,1842685,1583790,2269605,45.20,11.44,23418.05,5.73290,23400
11443,2026-09-21 11:56:06,1638520,1612195,1231555,291.05,10.89,2026-09-29,23200,3415360,3150420,3164005,65.15,10.99,23418.05,2.08440,23400
11445,2026-09-21 11:56:06,4744415,4443335,4355325,219.85,10.58,2026-09-29,23300,5667415,5337020,5378165,92.80,10.63,23418.05,1.19450,23400
11447,2026-09-21 11:56:06,4095390,3109080,6805240,157.70,10.25,2026-09-29,23400,3465020,2431650,5671380,130.20,10.31,23418.05,0.84610,23400
11449,2026-09-21 11:56:06,5345015,5020145,5564195,106.45,9.96,2026-09-29,23500,4706845,4574765,2330640,178.90,10.00,23418.05,0.88060,23400
11451,2026-09-21 11:56:06,2908750,2516020,3444805,66.95,9.71,2026-09-29,23600,1458860,1370005,1072565,240.35,9.77,23418.05,0.50150,23400
11453,2026-09-21 11:56:06,3722355,2703090,5635500,39.45,9.52,2026-09-29,23700,1065545,1025570,358670,311.00,9.60,23418.05,0.28630,23400
11455,2026-09-21 11:56:06,5208255,4392505,4872790,22.35,9.46,2026-09-29,23800,1634880,1674465,212290,395.35,9.60,23418.05,0.31390,23400
11457,2026-09-21 11:56:06,4710550,4274595,3994445,12.30,9.52,2026-09-29,23900,990535,978965,178945,485.75,9.41,23418.05,0.21030,23400
11459,2026-09-21 11:56:06,11195795,10381280,5876195,7.70,9.92,2026-09-29,24000,5456435,5434790,386490,579.20,10.07,23418.05,0.48740,23400
11461,2026-09-21 11:56:06,2235025,2026310,3986320,5.15,10.47,2026-09-29,24100,771550,771745,28600,677.00,10.31,23418.05,0.34520,23400
11463,2026-09-21 11:56:06,3978650,3489005,2649335,4.15,11.29,2026-09-29,24200,1700725,1713660,97305,777.30,11.63,23418.05,0.42750,23400
11465,2026-09-21 11:56:06,4625725,4495985,1396135,3.55,12.15,2026-09-29,24300,2859220,2952885,154960,875.75,12.08,23418.05,0.61810,23400
11739,2026-09-21 12:01:06,1430,1495,260,1086.50,0.00,2026-09-29,22300,775645,781365,1295385,5.90,17.09,23430.40,542.40910,23400
11741,2026-09-21 12:01:06,520,520,0,1017.00,0.00,2026-09-29,22400,1460745,1464125,1839305,6.75,16.17,23430.40,2809.12500,23400
11743,2026-09-21 12:01:06,587600,590655,63765,932.00,12.33,2026-09-29,22500,4875260,4601870,3144050,7.95,15.26,23430.40,8.29690,23400
11745,2026-09-21 12:01:06,3315,3575,3250,815.95,0.00,2026-09-29,22600,1870180,1392625,2427945,9.10,14.25,23430.40,564.15690,23400
11747,2026-09-21 12:01:06,28080,21710,36790,742.00,13.61,2026-09-29,22700,2101840,1794780,3590990,11.80,13.53,23430.40,74.85190,23400
11749,2026-09-21 12:01:06,288275,297375,45825,643.75,12.50,2026-09-29,22800,2984670,2044965,3994445,16.10,12.95,23430.40,10.35360,23400
11751,2026-09-21 12:01:06,114140,133380,74360,553.30,12.56,2026-09-29,22900,1935115,1555970,3119350,22.20,12.37,23430.40,16.95390,23400
11753,2026-09-21 12:01:06,1273935,1251445,518895,460.90,11.81,2026-09-29,23000,8119475,7245435,7138040,32.15,11.95,23430.40,6.37350,23400
11755,2026-09-21 12:01:06,320385,306930,249795,375.25,11.34,2026-09-29,23100,1837550,1583790,2412475,45.35,11.43,23430.40,5.73540,23400
11757,2026-09-21 12:01:06,1609725,1612195,1310335,295.60,11.06,2026-09-29,23200,3415750,3150420,3386045,64.85,11.01,23430.40,2.12190,23400
11759,2026-09-21 12:01:06,4682210,4443335,4598945,222.25,10.74,2026-09-29,23300,5683600,5337020,5602675,92.30,10.62,23430.40,1.21390,23400
11761,2026-09-21 12:01:06,4089670,3109080,7173140,160.35,10.42,2026-09-29,23400,3499210,2431650,5906550,129.35,10.28,23430.40,0.85560,23400
11763,2026-09-21 12:01:06,5312970,5020145,5943730,108.40,10.09,2026-09-29,23500,4718805,4574765,2443220,177.70,9.97,23430.40,0.88820,23400
11765,2026-09-21 12:01:06,2898025,2516020,3622645,68.35,9.79,2026-09-29,23600,1460160,1370005,1099410,237.20,9.68,23430.40,0.50380,23400
11767,2026-09-21 12:01:06,3684005,2703090,5835375,40.10,9.58,2026-09-29,23700,1063205,1025570,372320,308.40,9.37,23430.40,0.28860,23400
11769,2026-09-21 12:01:06,5183750,4392505,5048095,22.90,9.51,2026-09-29,23800,1631305,1674465,222040,391.00,9.25,23430.40,0.31470,23400
11771,2026-09-21 12:01:06,4708340,4274595,4152395,12.50,9.55,2026-09-29,23900,990210,978965,188175,477.45,9.00,23430.40,0.21030,23400
11773,2026-09-21 12:01:06,11196835,10381280,6103370,7.90,9.95,2026-09-29,24000,5457150,5434790,395915,575.00,8.30,23430.40,0.48740,23400
11775,2026-09-21 12:01:06,2227290,2026310,4097925,5.25,10.50,2026-09-29,24100,770510,771745,30875,671.70,8.67,23430.40,0.34590,23400
11777,2026-09-21 12:01:06,3992365,3489005,2730715,4.30,11.32,2026-09-29,24200,1699945,1713660,101010,770.40,8.06,23430.40,0.42580,23400
11779,2026-09-21 12:01:06,4617470,4495985,1416740,3.65,12.21,2026-09-29,24300,2858505,2952885,155545,870.55,9.28,23430.40,0.61910,23400
12053,2026-09-21 12:06:07,1430,1495,260,1086.50,0.00,2026-09-29,22300,776425,781365,1312025,6.10,17.15,23423.80,542.95450,23400
12055,2026-09-21 12:06:07,520,520,0,1017.00,0.00,2026-09-29,22400,1467570,1464125,1878825,6.90,16.24,23423.80,2822.25000,23400
12057,2026-09-21 12:06:07,586885,590655,65325,930.40,0.00,2026-09-29,22500,4891900,4601870,3203850,8.10,15.35,23423.80,8.33540,23400
12059,2026-09-21 12:06:07,3315,3575,3250,815.95,0.00,2026-09-29,22600,1874990,1392625,2455050,9.40,14.37,23423.80,565.60780,23400
12061,2026-09-21 12:06:07,28080,21710,36790,742.00,13.28,2026-09-29,22700,2094950,1794780,3627260,12.15,13.66,23423.80,74.60650,23400
12063,2026-09-21 12:06:07,288535,297375,46150,642.35,11.87,2026-09-29,22800,2980900,2044965,4043260,16.55,13.06,23423.80,10.33120,23400
12065,2026-09-21 12:06:07,114205,133380,74490,545.90,11.08,2026-09-29,22900,1935310,1555970,3192150,23.00,12.51,23423.80,16.94590,23400
12067,2026-09-21 12:06:07,1274910,1251445,526955,457.45,11.12,2026-09-29,23000,8105305,7245435,7397325,33.20,12.12,23423.80,6.35760,23400
12069,2026-09-21 12:06:07,317980,306930,259285,371.30,10.94,2026-09-29,23100,1828450,1583790,2485340,46.65,11.60,23423.80,5.75020,23400
12071,2026-09-21 12:06:07,1586260,1612195,1354210,293.20,10.71,2026-09-29,23200,3384745,3150420,3542565,66.70,11.22,23423.80,2.13380,23400
12073,2026-09-21 12:06:07,4617015,4443335,4719130,220.50,10.43,2026-09-29,23300,5692635,5337020,5787405,94.00,10.83,23423.80,1.23300,23400
12075,2026-09-21 12:06:07,4068025,3109080,7366060,157.80,10.15,2026-09-29,23400,3527810,2431650,6061315,132.05,10.57,23423.80,0.86720,23400
12077,2026-09-21 12:06:07,5327075,5020145,6157970,107.00,9.90,2026-09-29,23500,4764175,4574765,2567955,180.60,10.28,23423.80,0.89430,23400
12079,2026-09-21 12:06:07,2909465,2516020,3724825,67.35,9.65,2026-09-29,23600,1462500,1370005,1126190,240.25,10.06,23423.80,0.50270,23400
12081,2026-09-21 12:06:07,3685565,2703090,5916950,39.65,9.47,2026-09-29,23700,1062555,1025570,380965,312.00,10.00,23423.80,0.28830,23400
12083,2026-09-21 12:06:07,5169710,4392505,5193890,22.45,9.42,2026-09-29,23800,1629160,1674465,235560,396.50,10.12,23423.80,0.31510,23400
12085,2026-09-21 12:06:07,4710290,4274595,4240990,12.40,9.49,2026-09-29,23900,992355,978965,207415,486.40,10.42,23423.80,0.21070,23400
12087,2026-09-21 12:06:07,11190010,10381280,6246500,7.85,9.92,2026-09-29,24000,5458190,5434790,416065,580.00,10.77,23423.80,0.48780,23400
12089,2026-09-21 12:06:07,2199145,2026310,4216485,5.30,10.47,2026-09-29,24100,759785,771745,46150,677.00,11.43,23423.80,0.34550,23400
12091,2026-09-21 12:06:07,3987035,3489005,2786940,4.20,11.29,2026-09-29,24200,1695395,1713660,110890,776.30,12.12,23423.80,0.42520,23400
12093,2026-09-21 12:06:07,4617470,4495985,1443065,3.65,12.15,2026-09-29,24300,2858570,2952885,156260,874.45,13.15,23423.80,0.61910,23400
12367,2026-09-21 12:11:07,1430,1495,260,1086.50,0.00,2026-09-29,22300,786045,781365,1336660,6.05,17.09,23418.25,549.68180,23400
12369,2026-09-21 12:11:07,520,520,0,1017.00,0.00,2026-09-29,22400,1477190,1464125,1934660,6.80,16.11,23418.25,2840.75000,23400
12371,2026-09-21 12:11:07,586885,590655,65325,930.40,15.17,2026-09-29,22500,4913870,4601870,3254615,8.05,15.20,23418.25,8.37280,23400
12373,2026-09-21 12:11:07,3315,3575,3250,815.95,0.00,2026-09-29,22600,1869595,1392625,2475330,9.40,14.25,23418.25,563.98040,23400
12375,2026-09-21 12:11:07,28080,21710,36790,742.00,15.11,2026-09-29,22700,2049905,1794780,3730415,12.05,13.50,23418.25,73.00230,23400
12377,2026-09-21 12:11:07,288275,297375,46540,639.95,13.11,2026-09-29,22800,3015545,2044965,4145895,16.65,12.95,23418.25,10.46070,23400
12379,2026-09-21 12:11:07,114335,133380,74750,546.05,12.47,2026-09-29,22900,1998230,1555970,3326830,22.95,12.39,23418.25,17.47700,23400
12381,2026-09-21 12:11:07,1273870,1251445,534235,455.00,11.74,2026-09-29,23000,8100170,7245435,7666360,33.35,11.99,23418.25,6.35870,23400
12383,2026-09-21 12:11:07,318110,306930,263445,369.00,11.32,2026-09-29,23100,1836640,1583790,2546635,46.90,11.47,23418.25,5.77360,23400
12385,2026-09-21 12:11:07,1576770,1612195,1387685,289.60,10.94,2026-09-29,23200,3386240,3150420,3609775,67.25,11.08,23418.25,2.14760,23400
12387,2026-09-21 12:11:07,4583670,4443335,4830410,218.45,10.61,2026-09-29,23300,5656755,5337020,5928130,95.05,10.69,23418.25,1.23410,23400
12389,2026-09-21 12:11:07,4059575,3109080,7506135,155.80,10.26,2026-09-29,23400,3536650,2431650,6172790,133.25,10.37,23418.25,0.87120,23400
12391,2026-09-21 12:11:07,5341570,5020145,6304740,105.40,10.03,2026-09-29,23500,4786210,4574765,2631525,182.40,10.08,23418.25,0.89600,23400
12393,2026-09-21 12:11:07,2915055,2516020,3798210,66.25,9.74,2026-09-29,23600,1464255,1370005,1142505,243.55,9.77,23418.25,0.50230,23400
12395,2026-09-21 12:11:07,3698370,2703090,6021860,38.80,9.54,2026-09-29,23700,1064180,1025570,386880,315.00,9.47,23418.25,0.28770,23400
12397,2026-09-21 12:11:07,5175625,4392505,5318040,22.15,9.52,2026-09-29,23800,1628965,1674465,236665,399.00,9.46,23418.25,0.31470,23400
12399,2026-09-21 12:11:07,4742790,4274595,4407195,12.20,9.55,2026-09-29,23900,991510,978965,209755,488.00,9.26,23418.25,0.20910,23400
12401,2026-09-21 12:11:07,11211785,10381280,6456970,7.80,10.04,2026-09-29,24000,5451755,5434790,440635,583.00,9.37,23418.25,0.48630,23400
12403,2026-09-21 12:11:07,2210130,2026310,4411485,5.30,10.56,2026-09-29,24100,759785,771745,48360,676.70,0.00,23418.25,0.34380,23400
12405,2026-09-21 12:11:07,3987880,3489005,2823600,4.25,11.38,2026-09-29,24200,1695785,1713660,115245,777.05,0.00,23418.25,0.42520,23400
12407,2026-09-21 12:11:07,4621695,4495985,1490190,3.65,12.27,2026-09-29,24300,2858440,2952885,156455,877.00,0.00,23418.25,0.61850,23400
12681,2026-09-21 12:16:06,1430,1495,260,1086.50,0.00,2026-09-29,22300,788320,781365,1340235,6.10,17.09,23418.30,551.27270,23400
12683,2026-09-21 12:16:06,520,520,0,1017.00,0.00,2026-09-29,22400,1468155,1464125,1952015,6.85,16.17,23418.30,2823.37500,23400
12685,2026-09-21 12:16:06,583635,590655,74685,930.00,13.98,2026-09-29,22500,4979000,4601870,3347435,8.15,15.26,23418.30,8.53100,23400
12687,2026-09-21 12:16:06,3315,3575,3250,815.95,0.00,2026-09-29,22600,1865305,1392625,2497625,9.45,14.31,23418.30,562.68630,23400
12689,2026-09-21 12:16:06,28080,21710,36790,742.00,14.62,2026-09-29,22700,2047045,1794780,3748680,11.95,13.53,23418.30,72.90050,23400
12691,2026-09-21 12:16:06,288340,297375,46800,640.00,12.65,2026-09-29,22800,3025945,2044965,4187235,16.40,12.97,23418.30,10.49440,23400
12693,2026-09-21 12:16:06,114335,133380,75140,548.90,12.54,2026-09-29,22900,2013310,1555970,3385070,22.80,12.39,23418.30,17.60890,23400
12695,2026-09-21 12:16:06,1273350,1251445,540085,458.75,12.05,2026-09-29,23000,8106800,7245435,7757490,32.95,11.97,23418.30,6.36650,23400
12697,2026-09-21 12:16:06,320905,306930,272935,371.00,11.41,2026-09-29,23100,1854125,1583790,2618720,46.35,11.49,23418.30,5.77780,23400
12699,2026-09-21 12:16:06,1573650,1612195,1411215,293.80,11.05,2026-09-29,23200,3372850,3150420,3663725,66.00,11.05,23418.30,2.14330,23400
12701,2026-09-21 12:16:06,4570930,4443335,4898335,221.25,10.72,2026-09-29,23300,5646875,5337020,6005935,93.45,10.64,23418.30,1.23540,23400
12703,2026-09-21 12:16:06,4074915,3109080,7610785,158.60,10.43,2026-09-29,23400,3547115,2431650,6252610,131.40,10.33,23418.30,0.87050,23400
12705,2026-09-21 12:16:06,5343520,5020145,6412250,107.50,10.09,2026-09-29,23500,4789720,4574765,2707315,180.00,10.04,23418.30,0.89640,23400
12707,2026-09-21 12:16:06,2914665,2516020,3841955,67.50,9.78,2026-09-29,23600,1465100,1370005,1151410,240.80,9.70,23418.30,0.50270,23400
12709,2026-09-21 12:16:06,3701620,2703090,6069700,39.50,9.56,2026-09-29,23700,1064570,1025570,390780,312.00,9.40,23418.30,0.28760,23400
12711,2026-09-21 12:16:06,5184725,4392505,5371470,22.35,9.51,2026-09-29,23800,1629290,1674465,238940,392.65,9.46,23418.30,0.31420,23400
12713,2026-09-21 12:16:06,4771130,4274595,4522960,12.25,9.54,2026-09-29,23900,991900,978965,221650,487.00,9.54,23418.30,0.20790,23400
12715,2026-09-21 12:16:06,11207755,10381280,6603675,7.75,9.95,2026-09-29,24000,5452275,5434790,444535,577.25,9.52,23418.30,0.48650,23400
12717,2026-09-21 12:16:06,2197715,2026310,4572490,5.15,10.47,2026-09-29,24100,757770,771745,48815,676.50,8.73,23418.30,0.34480,23400
12719,2026-09-21 12:16:06,3966495,3489005,2872870,4.10,11.29,2026-09-29,24200,1695785,1713660,116480,774.55,0.00,23418.30,0.42750,23400
12721,2026-09-21 12:16:06,4619875,4495985,1502865,3.55,12.21,2026-09-29,24300,2859740,2952885,160355,875.55,9.77,23418.30,0.61900,23400
12995,2026-09-21 12:21:06,1430,1495,260,1086.50,0.00,2026-09-29,22300,790075,781365,1386840,6.15,17.15,23417.15,552.50000,23400
12997,2026-09-21 12:21:06,520,520,0,1017.00,0.00,2026-09-29,22400,1469650,1464125,1968330,6.95,16.17,23417.15,2826.25000,23400
12999,2026-09-21 12:21:06,583310,590655,78780,929.55,14.86,2026-09-29,22500,5005845,4601870,3397550,8.15,15.26,23417.15,8.58180,23400
13001,2026-09-21 12:21:06,3315,3575,3250,815.95,0.00,2026-09-29,22600,1863355,1392625,2509520,9.35,14.25,23417.15,562.09800,23400
13003,2026-09-21 12:21:06,28080,21710,36790,742.00,15.11,2026-09-29,22700,2062190,1794780,3787615,11.95,13.49,23417.15,73.43980,23400
13005,2026-09-21 12:21:06,288340,297375,48100,641.00,13.31,2026-09-29,22800,3027635,2044965,4216940,16.50,12.92,23417.15,10.50020,23400
13007,2026-09-21 12:21:06,114335,133380,75270,546.75,12.57,2026-09-29,22900,2005705,1555970,3431740,22.70,12.36,23417.15,17.54240,23400
13009,2026-09-21 12:21:06,1274520,1251445,543660,458.35,12.27,2026-09-29,23000,8107645,7245435,7791485,32.80,11.92,23417.15,6.36130,23400
13011,2026-09-21 12:21:06,321165,306930,273975,372.75,11.79,2026-09-29,23100,1855815,1583790,2652065,46.50,11.41,23417.15,5.77840,23400
13013,2026-09-21 12:21:06,1571245,1612195,1428700,292.60,11.31,2026-09-29,23200,3368950,3150420,3704415,65.95,10.98,23417.15,2.14410,23400
13015,2026-09-21 12:21:06,4547465,4443335,4946565,220.85,10.86,2026-09-29,23300,5642130,5337020,6094790,93.55,10.57,23417.15,1.24070,23400
13017,2026-09-21 12:21:06,4083560,3109080,7700615,158.35,10.48,2026-09-29,23400,3554525,2431650,6345950,131.25,10.23,23417.15,0.87040,23400
13019,2026-09-21 12:21:06,5336175,5020145,6495580,107.40,10.17,2026-09-29,23500,4784390,4574765,2757885,179.55,9.86,23417.15,0.89660,23400
13021,2026-09-21 12:21:06,2910375,2516020,3876665,67.40,9.88,2026-09-29,23600,1465100,1370005,1155440,240.50,9.53,23417.15,0.50340,23400
13023,2026-09-21 12:21:06,3713580,2703090,6129695,39.25,9.61,2026-09-29,23700,1061840,1025570,397605,312.00,9.14,23417.15,0.28590,23400
13025,2026-09-21 12:21:06,5199285,4392505,5417815,22.15,9.55,2026-09-29,23800,1629290,1674465,239720,395.00,8.91,23417.15,0.31340,23400
13027,2026-09-21 12:21:06,4759365,4274595,4598360,12.10,9.57,2026-09-29,23900,991640,978965,224965,484.45,7.90,23417.15,0.20840,23400
13029,2026-09-21 12:21:06,11216400,10381280,6704230,7.65,9.99,2026-09-29,24000,5447010,5434790,454025,578.00,8.33,23417.15,0.48560,23400
13031,2026-09-21 12:21:06,2204930,2026310,4609930,5.15,10.53,2026-09-29,24100,757575,771745,49530,677.05,0.00,23417.15,0.34360,23400
13033,2026-09-21 12:21:06,3971890,3489005,2919410,4.20,11.35,2026-09-29,24200,1695980,1713660,117390,774.85,0.00,23417.15,0.42700,23400
13035,2026-09-21 12:21:06,4627415,4495985,1536730,3.60,12.27,2026-09-29,24300,2859675,2952885,163475,874.05,0.00,23417.15,0.61800,23400
13309,2026-09-21 12:26:06,1430,1495,260,1086.50,0.00,2026-09-29,22300,805805,781365,1413880,6.25,17.15,23415.60,563.50000,23400
13311,2026-09-21 12:26:06,520,520,0,1017.00,0.00,2026-09-29,22400,1466335,1464125,1973855,7.00,16.17,23415.60,2819.87500,23400
13313,2026-09-21 12:26:06,581880,590655,78845,928.30,15.01,2026-09-29,22500,5006690,4601870,3439085,8.20,15.26,23415.60,8.60430,23400
13315,2026-09-21 12:26:06,3315,3575,3315,837.00,15.98,2026-09-29,22600,1860820,1392625,2516865,9.50,14.28,23415.60,561.33330,23400
13317,2026-09-21 12:26:06,28080,21710,36790,742.00,15.40,2026-09-29,22700,2059005,1794780,3810105,12.10,13.50,23415.60,73.32640,23400
13319,2026-09-21 12:26:06,285155,297375,52260,637.30,12.91,2026-09-29,22800,3028740,2044965,4235790,16.70,12.97,23415.60,10.62140,23400
13321,2026-09-21 12:26:06,114400,133380,75335,543.00,12.24,2026-09-29,22900,2009670,1555970,3450915,23.25,12.39,23415.60,17.56700,23400
13323,2026-09-21 12:26:06,1273415,1251445,549770,454.60,11.99,2026-09-29,23000,8108165,7245435,7845825,33.25,11.98,23415.60,6.36730,23400
13325,2026-09-21 12:26:06,325585,306930,284635,367.40,11.39,2026-09-29,23100,1856075,1583790,2674815,47.20,11.46,23415.60,5.70070,23400
13327,2026-09-21 12:26:06,1565265,1612195,1459705,290.00,11.18,2026-09-29,23200,3361215,3150420,3752190,67.70,11.06,23415.60,2.14740,23400
13329,2026-09-21 12:26:06,4518865,4443335,5057520,218.60,10.75,2026-09-29,23300,5639660,5337020,6182865,94.90,10.63,23415.60,1.24800,23400
13331,2026-09-21 12:26:06,4100720,3109080,7809945,155.95,10.40,2026-09-29,23400,3559465,2431650,6471010,133.05,10.28,23415.60,0.86800,23400
13333,2026-09-21 12:26:06,5328765,5020145,6582095,105.45,10.11,2026-09-29,23500,4774510,4574765,2833285,181.95,9.96,23415.60,0.89600,23400
13335,2026-09-21 12:26:06,2922855,2516020,3922685,66.05,9.82,2026-09-29,23600,1448720,1370005,1187160,243.50,9.68,23415.60,0.49570,23400
13337,2026-09-21 12:26:06,3717805,2703090,6153420,38.70,9.57,2026-09-29,23700,1056510,1025570,412880,315.00,9.31,23415.60,0.28420,23400
13339,2026-09-21 12:26:06,5205070,4392505,5472740,21.85,9.54,2026-09-29,23800,1630525,1674465,244205,397.45,9.05,23415.60,0.31330,23400
13341,2026-09-21 12:26:06,4763980,4274595,4655235,11.95,9.58,2026-09-29,23900,991120,978965,229385,487.50,8.82,23415.60,0.20800,23400
13343,2026-09-21 12:26:06,11201905,10381280,6828705,7.60,10.01,2026-09-29,24000,5445190,5434790,457275,583.00,8.79,23415.60,0.48610,23400
13345,2026-09-21 12:26:06,2195895,2026310,4700605,5.20,10.56,2026-09-29,24100,757315,771745,50375,675.15,0.00,23415.60,0.34490,23400
13347,2026-09-21 12:26:06,3989570,3489005,2952885,4.20,11.41,2026-09-29,24200,1695850,1713660,118950,780.40,9.52,23415.60,0.42510,23400
13349,2026-09-21 12:26:06,4636190,4495985,1580995,3.55,12.27,2026-09-29,24300,2861885,2952885,163735,871.05,0.00,23415.60,0.61730,23400
13623,2026-09-21 12:31:07,1430,1495,260,1086.50,0.00,2026-09-29,22300,810095,781365,1438125,6.05,17.27,23422.00,566.50000,23400
13625,2026-09-21 12:31:07,520,520,0,1017.00,0.00,2026-09-29,22400,1466985,1464125,1988285,6.90,16.33,23422.00,2821.12500,23400
13627,2026-09-21 12:31:07,581880,590655,78845,928.30,0.00,2026-09-29,22500,5023460,4601870,3472755,8.00,15.32,23422.00,8.63320,23400
13629,2026-09-21 12:31:07,3315,3575,3315,837.00,13.58,2026-09-29,22600,1862250,1392625,2523690,9.25,14.31,23422.00,561.76470,23400
13631,2026-09-21 12:31:07,28080,21710,36790,742.00,13.61,2026-09-29,22700,2035085,1794780,4008160,11.65,13.55,23422.00,72.47450,23400
13633,2026-09-21 12:31:07,285220,297375,52325,637.70,11.02,2026-09-29,22800,3035825,2044965,4281355,16.20,13.00,23422.00,10.64380,23400
13635,2026-09-21 12:31:07,114400,133380,75400,547.80,10.50,2026-09-29,22900,2010970,1555970,3462810,22.40,12.54,23422.00,17.57840,23400
13637,2026-09-21 12:31:07,1273155,1251445,553345,460.00,11.70,2026-09-29,23000,8105045,7245435,7886385,32.50,11.99,23422.00,6.36610,23400
13639,2026-09-21 12:31:07,328315,306930,285415,372.60,11.18,2026-09-29,23100,1872065,1583790,2757235,46.35,11.53,23422.00,5.70200,23400
13641,2026-09-21 12:31:07,1563380,1612195,1476995,294.00,10.47,2026-09-29,23200,3363555,3150420,3774875,65.70,11.28,23422.00,2.15150,23400
13643,2026-09-21 12:31:07,4518605,4443335,5081895,221.15,10.68,2026-09-29,23300,5636020,5337020,6215625,93.30,10.71,23422.00,1.24730,23400
13645,2026-09-21 12:31:07,4113395,3109080,7889310,158.90,10.33,2026-09-29,23400,3566030,2431650,6524700,131.00,10.38,23422.00,0.86690,23400
13647,2026-09-21 12:31:07,5364255,5020145,6692335,107.20,10.01,2026-09-29,23500,4805255,4574765,2898675,178.90,10.05,23422.00,0.89580,23400
13649,2026-09-21 12:31:07,2923830,2516020,3959800,67.35,9.57,2026-09-29,23600,1452555,1370005,1195870,238.55,10.31,23422.00,0.49680,23400
13651,2026-09-21 12:31:07,3715725,2703090,6194110,39.70,9.53,2026-09-29,23700,1056510,1025570,415155,310.95,9.64,23422.00,0.28430,23400
13653,2026-09-21 12:31:07,5208060,4392505,5514470,22.35,9.48,2026-09-29,23800,1627925,1674465,249210,392.60,9.40,23422.00,0.31260,23400
13655,2026-09-21 12:31:07,4769050,4274595,4682600,12.35,9.52,2026-09-29,23900,990340,978965,230555,481.20,9.29,23422.00,0.20770,23400
13657,2026-09-21 12:31:07,11198720,10381280,6920875,7.75,9.93,2026-09-29,24000,5445320,5434790,460265,577.00,11.51,23422.00,0.48620,23400
13659,2026-09-21 12:31:07,2211755,2026310,4780815,5.20,10.47,2026-09-29,24100,756730,771745,51155,674.55,10.22,23422.00,0.34210,23400
13661,2026-09-21 12:31:07,4001985,3489005,2979145,4.15,11.23,2026-09-29,24200,1693445,1713660,122135,774.70,13.46,23422.00,0.42320,23400
13663,2026-09-21 12:31:07,4602585,4495985,1633060,3.55,12.08,2026-09-29,24300,2862015,2952885,164125,875.40,13.00,23422.00,0.62180,23400
13937,2026-09-21 12:36:06,1430,1495,260,1086.50,0.00,2026-09-29,22300,820950,781365,1465815,6.20,17.27,23414.35,574.09090,23400
13939,2026-09-21 12:36:06,520,520,0,1017.00,0.00,2026-09-29,22400,1462305,1464125,1990950,7.00,16.30,23414.35,2812.12500,23400
13941,2026-09-21 12:36:06,581685,590655,79235,927.20,0.00,2026-09-29,22500,5031975,4601870,3496870,8.10,15.38,23414.35,8.65070,23400
13943,2026-09-21 12:36:06,3315,3575,3315,837.00,12.88,2026-09-29,22600,1866150,1392625,2532335,9.35,14.37,23414.35,562.94120,23400
13945,2026-09-21 12:36:06,28080,21710,36790,742.00,13.15,2026-09-29,22700,2032160,1794780,4027335,11.95,13.64,23414.35,72.37040,23400
13947,2026-09-21 12:36:06,285220,297375,52325,637.70,10.47,2026-09-29,22800,3039270,2044965,4302935,16.45,13.08,23414.35,10.65590,23400
13949,2026-09-21 12:36:06,114400,133380,75790,546.80,11.18,2026-09-29,22900,2014805,1555970,3485430,22.90,12.53,23414.35,17.61190,23400
13951,2026-09-21 12:36:06,1273025,1251445,560300,454.70,10.85,2026-09-29,23000,8108295,7245435,7941375,33.30,12.13,23414.35,6.36930,23400
13953,2026-09-21 12:36:06,327210,306930,287885,369.85,10.64,2026-09-29,23100,1869205,1583790,2788695,47.25,11.69,23414.35,5.71260,23400
13955,2026-09-21 12:36:06,1560520,1612195,1490385,290.00,10.59,2026-09-29,23200,3364920,3150420,3796000,67.35,11.31,23414.35,2.15630,23400
13957,2026-09-21 12:36:06,4503785,4443335,5125380,218.90,10.36,2026-09-29,23300,5642715,5337020,6351995,95.20,10.93,23414.35,1.25290,23400
13959,2026-09-21 12:36:06,4120415,3109080,7966400,156.60,10.03,2026-09-29,23400,3574675,2431650,6605560,133.45,10.68,23414.35,0.86760,23400
13961,2026-09-21 12:36:06,5401435,5020145,6795815,105.50,9.80,2026-09-29,23500,4829565,4574765,2968355,182.45,10.43,23414.35,0.89410,23400
13963,2026-09-21 12:36:06,2926885,2516020,3998865,66.30,9.57,2026-09-29,23600,1453010,1370005,1205295,242.90,10.25,23414.35,0.49640,23400
13965,2026-09-21 12:36:06,3723265,2703090,6242730,38.75,9.38,2026-09-29,23700,1057225,1025570,418795,314.90,10.14,23414.35,0.28400,23400
13967,2026-09-21 12:36:06,5207930,4392505,5545605,21.75,9.34,2026-09-29,23800,1628250,1674465,250380,397.90,10.35,23414.35,0.31260,23400
13969,2026-09-21 12:36:06,4752215,4274595,4726150,12.00,9.43,2026-09-29,23900,993915,978965,263900,487.00,10.60,23414.35,0.20910,23400
13971,2026-09-21 12:36:06,11200475,10381280,6973525,7.50,9.84,2026-09-29,24000,5446360,5434790,469040,583.85,11.15,23414.35,0.48630,23400
13973,2026-09-21 12:36:06,2204995,2026310,4859270,5.05,10.38,2026-09-29,24100,755235,771745,52455,682.95,12.94,23414.35,0.34250,23400
13975,2026-09-21 12:36:06,3996330,3489005,2998320,4.10,11.23,2026-09-29,24200,1691690,1713660,124605,774.60,12.15,23414.35,0.42330,23400
13977,2026-09-21 12:36:06,4584190,4495985,1708915,3.55,12.15,2026-09-29,24300,2861820,2952885,164190,878.80,14.74,23414.35,0.62430,23400
14251,2026-09-21 12:41:07,1430,1495,260,1086.50,0.00,2026-09-29,22300,821340,781365,1468740,6.15,17.21,23412.00,574.36360,23400
14253,2026-09-21 12:41:07,520,520,0,1017.00,0.00,2026-09-29,22400,1463800,1464125,1994135,6.85,16.24,23412.00,2815.00000,23400
14255,2026-09-21 12:41:07,581880,590655,79690,927.05,0.00,2026-09-29,22500,5031325,4601870,3514290,8.10,15.32,23412.00,8.64670,23400
14257,2026-09-21 12:41:07,3315,3575,3315,837.00,13.61,2026-09-29,22600,1865565,1392625,2550405,9.35,14.34,23412.00,562.76470,23400
14259,2026-09-21 12:41:07,28080,21710,36855,733.60,10.93,2026-09-29,22700,2055105,1794780,4143945,11.95,13.60,23412.00,73.18750,23400
14261,2026-09-21 12:41:07,285220,297375,52390,639.90,11.63,2026-09-29,22800,3039335,2044965,4346745,16.60,13.08,23412.00,10.65610,23400
14263,2026-09-21 12:41:07,114530,133380,75855,544.00,11.00,2026-09-29,22900,2012985,1555970,3512470,22.95,12.51,23412.00,17.57600,23400
14265,2026-09-21 12:41:07,1273675,1251445,564135,452.75,10.74,2026-09-29,23000,8109075,7245435,8026850,33.70,12.14,23412.00,6.36670,23400
14267,2026-09-21 12:41:07,331760,306930,294970,365.00,10.38,2026-09-29,23100,1873105,1583790,2830685,47.90,11.72,23412.00,5.64600,23400
14269,2026-09-21 12:41:07,1560455,1612195,1500525,289.40,10.57,2026-09-29,23200,3368235,3150420,3831880,68.30,11.30,23412.00,2.15850,23400
14271,2026-09-21 12:41:07,4501120,4443335,5159765,215.40,10.27,2026-09-29,23300,5658965,5337020,6442410,96.40,10.93,23412.00,1.25720,23400
14273,2026-09-21 12:41:07,4151875,3109080,8089835,154.65,10.06,2026-09-29,23400,3597165,2431650,6707610,134.55,10.70,23412.00,0.86640,23400
14275,2026-09-21 12:41:07,5417360,5020145,6882525,104.30,9.79,2026-09-29,23500,4836390,4574765,3029910,183.00,10.41,23412.00,0.89280,23400
14277,2026-09-21 12:41:07,2933580,2516020,4073550,65.10,9.52,2026-09-29,23600,1454635,1370005,1224470,244.55,10.28,23412.00,0.49590,23400
14279,2026-09-21 12:41:07,3730480,2703090,6288750,37.85,9.35,2026-09-29,23700,1057875,1025570,420095,314.00,9.93,23412.00,0.28360,23400
14281,2026-09-21 12:41:07,5212805,4392505,5607615,21.05,9.32,2026-09-29,23800,1628055,1674465,251680,399.95,10.24,23412.00,0.31230,23400
14283,2026-09-21 12:41:07,4778475,4274595,4772300,11.50,9.37,2026-09-29,23900,993655,978965,265785,488.75,10.60,23412.00,0.20790,23400
14285,2026-09-21 12:41:07,11226280,10381280,7181915,7.25,9.80,2026-09-29,24000,5487505,5434790,573885,585.40,11.49,23412.00,0.48880,23400
14287,2026-09-21 12:41:07,2224105,2026310,4922515,4.95,10.38,2026-09-29,24100,754650,771745,52650,680.40,11.96,23412.00,0.33930,23400
14289,2026-09-21 12:41:07,3998150,3489005,3015090,4.05,11.23,2026-09-29,24200,1691365,1713660,125970,777.65,12.54,23412.00,0.42300,23400
14291,2026-09-21 12:41:07,4585230,4495985,1759160,3.55,12.15,2026-09-29,24300,2861755,2952885,164255,878.95,14.22,23412.00,0.62410,23400
14565,2026-09-21 12:46:07,1430,1495,260,1086.50,0.00,2026-09-29,22300,825240,781365,1485120,6.05,17.15,23415.85,577.09090,23400
14567,2026-09-21 12:46:07,520,520,0,1017.00,0.00,2026-09-29,22400,1465360,1464125,2004015,6.85,16.17,23415.85,2818.00000,23400
14569,2026-09-21 12:46:07,581945,590655,79820,928.05,13.00,2026-09-29,22500,5030545,4601870,3526510,7.95,15.23,23415.85,8.64440,23400
14571,2026-09-21 12:46:07,3315,3575,3315,837.00,15.05,2026-09-29,22600,1853670,1392625,2574715,9.25,14.25,23415.85,559.17650,23400
14573,2026-09-21 12:46:07,28145,21710,36985,735.00,13.03,2026-09-29,22700,2044445,1794780,4292925,11.75,13.50,23415.85,72.63970,23400
14575,2026-09-21 12:46:07,285155,297375,52455,632.35,10.86,2026-09-29,22800,3043430,2044965,4385810,16.20,12.94,23415.85,10.67290,23400
14577,2026-09-21 12:46:07,114595,133380,76635,548.20,12.47,2026-09-29,22900,2009150,1555970,3543605,22.45,12.36,23415.85,17.53260,23400
14579,2026-09-21 12:46:07,1274975,1251445,570245,456.65,11.83,2026-09-29,23000,8105565,7245435,8095945,32.70,11.98,23415.85,6.35740,23400
14581,2026-09-21 12:46:07,331695,306930,295750,368.65,11.18,2026-09-29,23100,1873755,1583790,2863120,46.50,11.50,23415.85,5.64900,23400
14583,2026-09-21 12:46:07,1559285,1612195,1509690,291.70,11.02,2026-09-29,23200,3370770,3150420,3878160,66.15,11.09,23415.85,2.16170,23400
14585,2026-09-21 12:46:07,4497155,4443335,5209230,219.80,10.61,2026-09-29,23300,5693285,5337020,6558370,94.00,10.69,23415.85,1.26600,23400
14587,2026-09-21 12:46:07,4158765,3109080,8185190,156.90,10.32,2026-09-29,23400,3617705,2431650,6814665,131.00,10.34,23415.85,0.86990,23400
14589,2026-09-21 12:46:07,5413720,5020145,6986005,106.00,10.00,2026-09-29,23500,4837950,4574765,3084445,180.00,10.03,23415.85,0.89360,23400
14591,2026-09-21 12:46:07,2947750,2516020,4138940,66.45,9.68,2026-09-29,23600,1451190,1370005,1240850,240.80,9.80,23415.85,0.49230,23400
14593,2026-09-21 12:46:07,3736525,2703090,6359665,38.55,9.48,2026-09-29,23700,1058070,1025570,424580,312.65,9.43,23415.85,0.28320,23400
14595,2026-09-21 12:46:07,5217290,4392505,5653505,21.55,9.41,2026-09-29,23800,1627600,1674465,255710,395.50,9.35,23415.85,0.31200,23400
14597,2026-09-21 12:46:07,4786795,4274595,4810065,11.75,9.46,2026-09-29,23900,993915,978965,266630,490.30,10.13,23415.85,0.20760,23400
14599,2026-09-21 12:46:07,11216920,10381280,7308860,7.25,9.89,2026-09-29,24000,5550035,5434790,616655,579.30,9.25,23415.85,0.49480,23400
14601,2026-09-21 12:46:07,2226900,2026310,5003050,5.00,10.47,2026-09-29,24100,754585,771745,53235,677.10,9.34,23415.85,0.33880,23400
14603,2026-09-21 12:46:07,3999645,3489005,3031925,4.05,11.29,2026-09-29,24200,1691170,1713660,126230,779.80,11.60,23415.85,0.42280,23400
14605,2026-09-21 12:46:07,4560075,4495985,1787565,3.45,12.15,2026-09-29,24300,2861625,2952885,164450,875.75,9.89,23415.85,0.62750,23400
14879,2026-09-21 12:51:07,1430,1495,260,1086.50,0.00,2026-09-29,22300,816660,781365,1491425,6.10,17.18,23413.00,571.09090,23400
14881,2026-09-21 12:51:07,520,520,0,1017.00,0.00,2026-09-29,22400,1463215,1464125,2013700,6.90,16.17,23413.00,2813.87500,23400
14883,2026-09-21 12:51:07,581685,590655,80730,927.10,12.33,2026-09-29,22500,5026840,4601870,3540420,8.05,15.26,23413.00,8.64190,23400
14885,2026-09-21 12:51:07,3315,3575,3315,837.00,15.05,2026-09-29,22600,1853670,1392625,2581605,9.40,14.31,23413.00,559.17650,23400
14887,2026-09-21 12:51:07,28145,21710,36985,735.00,13.03,2026-09-29,22700,2051725,1794780,4319965,11.90,13.52,23413.00,72.89840,23400
14889,2026-09-21 12:51:07,285155,297375,52715,641.00,12.88,2026-09-29,22800,3044405,2044965,4401085,16.60,13.00,23413.00,10.67630,23400
14891,2026-09-21 12:51:07,114530,133380,76700,544.80,11.93,2026-09-29,22900,2016040,1555970,3559270,22.90,12.41,23413.00,17.60270,23400
14893,2026-09-21 12:51:07,1274780,1251445,573625,453.35,11.41,2026-09-29,23000,8106410,7245435,8140665,33.50,12.01,23413.00,6.35910,23400
14895,2026-09-21 12:51:07,331500,306930,298415,366.75,10.99,2026-09-29,23100,1876875,1583790,2886130,47.40,11.57,23413.00,5.66180,23400
14897,2026-09-21 12:51:07,1570660,1612195,1534325,286.20,10.65,2026-09-29,23200,3402685,3150420,3941925,68.00,11.17,23413.00,2.16640,23400
14899,2026-09-21 12:51:07,4497350,4443335,5235815,214.90,10.44,2026-09-29,23300,5693610,5337020,6592040,96.35,10.77,23413.00,1.26600,23400
14901,2026-09-21 12:51:07,4169165,3109080,8258770,153.75,10.15,2026-09-29,23400,3622905,2431650,6879405,134.85,10.52,23413.00,0.86900,23400
14903,2026-09-21 12:51:07,5432635,5020145,7059260,103.30,9.91,2026-09-29,23500,4844580,4574765,3116685,183.90,10.19,23413.00,0.89180,23400
14905,2026-09-21 12:51:07,2949180,2516020,4156100,64.35,9.62,2026-09-29,23600,1446055,1370005,1255670,245.80,9.96,23413.00,0.49030,23400
14907,2026-09-21 12:51:07,3738280,2703090,6376695,37.45,9.45,2026-09-29,23700,1058720,1025570,426270,317.85,9.73,23413.00,0.28320,23400
14909,2026-09-21 12:51:07,5216250,4392505,5681390,21.00,9.37,2026-09-29,23800,1624805,1674465,278395,398.85,9.75,23413.00,0.31150,23400
14911,2026-09-21 12:51:07,4792775,4274595,4834635,11.55,9.45,2026-09-29,23900,994110,978965,266955,489.50,9.99,23413.00,0.20740,23400
14913,2026-09-21 12:51:07,11238695,10381280,7365345,7.35,9.90,2026-09-29,24000,5548995,5434790,619645,584.55,10.47,23413.00,0.49370,23400
14915,2026-09-21 12:51:07,2216500,2026310,5063565,5.05,10.47,2026-09-29,24100,754390,771745,53495,682.55,11.29,23413.00,0.34040,23400
14917,2026-09-21 12:51:07,3996590,3489005,3045250,4.05,11.29,2026-09-29,24200,1691430,1713660,126360,780.50,11.90,23413.00,0.42320,23400
14919,2026-09-21 12:51:07,4576650,4495985,1823705,3.60,12.24,2026-09-29,24300,2861170,2952885,165880,881.00,13.31,23413.00,0.62520,23400
244,2026-09-21 08:54:08,0,0,0,0.00,0.00,2026-10-06,22300,55770,29315,142610,17.55,13.82,23346.40,,23300
246,2026-09-21 08:54:08,0,0,0,0.00,0.00,2026-10-06,22400,45890,20540,111085,20.75,13.47,23346.40,,23300
248,2026-09-21 08:54:08,260,65,390,925.40,11.73,2026-10-06,22500,216125,164320,471250,26.05,13.11,23346.40,831.25000,23300
250,2026-09-21 08:54:08,65,130,0,794.00,0.00,2026-10-06,22600,112710,93535,171990,32.15,12.60,23346.40,1734.00000,23300
252,2026-09-21 08:54:08,195,195,0,725.50,9.66,2026-10-06,22700,65325,42965,137150,40.20,12.22,23346.40,335.00000,23300
254,2026-09-21 08:54:08,2145,1755,975,655.45,11.54,2026-10-06,22800,108160,68835,221000,40.40,11.95,23346.40,50.42420,23300
256,2026-09-21 08:54:08,2275,2275,1365,565.20,10.98,2026-10-06,22900,102570,61295,170560,64.15,11.54,23346.40,45.08570,23300
258,2026-09-21 08:54:08,39975,37960,32500,469.20,9.86,2026-10-06,23000,327015,285285,778050,78.90,11.22,23346.40,8.18050,23300
260,2026-09-21 08:54:08,8840,7735,39845,401.85,10.33,2026-10-06,23100,104065,36010,239070,103.75,11.15,23346.40,11.77210,23300
262,2026-09-21 08:54:08,96005,83395,192920,331.20,10.20,2026-10-06,23200,132470,116935,194350,133.15,10.76,23346.40,1.37980,23300
264,2026-09-21 08:54:08,186160,117065,469170,266.00,9.95,2026-10-06,23300,226395,167115,559000,166.50,10.47,23346.40,1.21610,23300
266,2026-09-21 08:54:08,227500,84630,403910,206.80,9.61,2026-10-06,23400,170690,66885,338650,207.20,10.20,23346.40,0.75030,23300
268,2026-09-21 08:54:08,331500,258440,522730,158.25,9.65,2026-10-06,23500,174330,124540,180375,258.60,10.10,23346.40,0.52590,23300
270,2026-09-21 08:54:08,136045,80535,269230,117.05,9.52,2026-10-06,23600,33345,21580,32565,318.40,10.04,23346.40,0.24510,23300
272,2026-09-21 08:54:08,167765,81575,330980,84.40,9.43,2026-10-06,23700,22035,17030,12805,380.75,9.71,23346.40,0.13130,23300
274,2026-09-21 08:54:08,245765,135070,394225,59.60,9.43,2026-10-06,23800,16185,13455,9490,460.50,10.00,23346.40,0.06590,23300
276,2026-09-21 08:54:08,174005,122915,300755,41.75,9.42,2026-10-06,23900,2210,2275,195,544.40,10.27,23346.40,0.01270,23300
278,2026-09-21 08:54:08,1157585,796445,1558570,30.15,9.61,2026-10-06,24000,31915,24505,21190,623.75,9.82,23346.40,0.02760,23300
280,2026-09-21 08:54:08,220285,142025,333515,20.10,9.61,2026-10-06,24100,1560,715,1950,715.00,10.03,23346.40,0.00710,23300
282,2026-09-21 08:54:08,161135,109655,339300,13.80,9.74,2026-10-06,24200,195,260,0,938.55,20.52,23346.40,0.00120,23300
284,2026-09-21 08:54:08,148135,101855,321035,10.35,10.03,2026-10-06,24300,130,130,0,493.95,0.00,23346.40,0.00090,23300
558,2026-09-21 08:55:07,0,0,0,0.00,0.00,2026-10-06,22300,55770,29315,142610,17.55,13.82,23346.40,,23300
560,2026-09-21 08:55:07,0,0,0,0.00,0.00,2026-10-06,22400,45890,20540,111085,20.75,13.47,23346.40,,23300
562,2026-09-21 08:55:07,260,65,390,925.40,11.73,2026-10-06,22500,216125,164320,471250,26.05,13.11,23346.40,831.25000,23300
564,2026-09-21 08:55:07,65,130,0,794.00,0.00,2026-10-06,22600,112710,93535,171990,32.15,12.60,23346.40,1734.00000,23300
566,2026-09-21 08:55:07,195,195,0,725.50,9.66,2026-10-06,22700,65325,42965,137150,40.20,12.22,23346.40,335.00000,23300
568,2026-09-21 08:55:07,2145,1755,975,655.45,11.54,2026-10-06,22800,108160,68835,221000,40.40,11.95,23346.40,50.42420,23300
570,2026-09-21 08:55:07,2275,2275,1365,565.20,10.98,2026-10-06,22900,102570,61295,170560,64.15,11.54,23346.40,45.08570,23300
572,2026-09-21 08:55:07,39975,37960,32500,469.20,9.86,2026-10-06,23000,327015,285285,778050,78.90,11.22,23346.40,8.18050,23300
574,2026-09-21 08:55:07,8840,7735,39845,401.85,10.33,2026-10-06,23100,104065,36010,239070,103.75,11.15,23346.40,11.77210,23300
576,2026-09-21 08:55:07,96005,83395,192920,331.20,10.20,2026-10-06,23200,132470,116935,194350,133.15,10.76,23346.40,1.37980,23300
578,2026-09-21 08:55:07,186160,117065,469170,266.00,9.95,2026-10-06,23300,226395,167115,559000,166.50,10.47,23346.40,1.21610,23300
580,2026-09-21 08:55:07,227500,84630,403910,206.80,9.61,2026-10-06,23400,170690,66885,338650,207.20,10.20,23346.40,0.75030,23300
582,2026-09-21 08:55:07,331500,258440,522730,158.25,9.65,2026-10-06,23500,174330,124540,180375,258.60,10.10,23346.40,0.52590,23300
584,2026-09-21 08:55:07,136045,80535,269230,117.05,9.52,2026-10-06,23600,33345,21580,32565,318.40,10.04,23346.40,0.24510,23300
586,2026-09-21 08:55:07,167765,81575,330980,84.40,9.43,2026-10-06,23700,22035,17030,12805,380.75,9.71,23346.40,0.13130,23300
588,2026-09-21 08:55:07,245765,135070,394225,59.60,9.43,2026-10-06,23800,16185,13455,9490,460.50,10.00,23346.40,0.06590,23300
590,2026-09-21 08:55:07,174005,122915,300755,41.75,9.42,2026-10-06,23900,2210,2275,195,544.40,10.27,23346.40,0.01270,23300
592,2026-09-21 08:55:07,1157585,796445,1558570,30.15,9.61,2026-10-06,24000,31915,24505,21190,623.75,9.82,23346.40,0.02760,23300
594,2026-09-21 08:55:07,220285,142025,333515,20.10,9.61,2026-10-06,24100,1560,715,1950,715.00,10.03,23346.40,0.00710,23300
596,2026-09-21 08:55:07,161135,109655,339300,13.80,9.74,2026-10-06,24200,195,260,0,938.55,20.52,23346.40,0.00120,23300
598,2026-09-21 08:55:07,148135,101855,321035,10.35,10.03,2026-10-06,24300,130,130,0,493.95,0.00,23346.40,0.00090,23300
872,2026-09-21 09:00:07,0,0,0,0.00,0.00,2026-10-06,22300,55770,29315,142610,17.55,13.82,23216.50,,23200
874,2026-09-21 09:00:07,0,0,0,0.00,0.00,2026-10-06,22400,45890,20540,111085,20.75,13.47,23216.50,,23200
876,2026-09-21 09:00:07,260,65,390,925.40,11.73,2026-10-06,22500,216125,164320,471250,26.05,13.11,23216.50,831.25000,23200
878,2026-09-21 09:00:07,65,130,0,794.00,0.00,2026-10-06,22600,112710,93535,171990,32.15,12.60,23216.50,1734.00000,23200
880,2026-09-21 09:00:07,195,195,0,725.50,9.66,2026-10-06,22700,65325,42965,137150,40.20,12.22,23216.50,335.00000,23200
882,2026-09-21 09:00:07,2145,1755,975,655.45,11.54,2026-10-06,22800,108160,68835,221000,40.40,11.95,23216.50,50.42420,23200
884,2026-09-21 09:00:07,2275,2275,1365,565.20,10.98,2026-10-06,22900,102570,61295,170560,64.15,11.54,23216.50,45.08570,23200
886,2026-09-21 09:00:07,39975,37960,32500,469.20,9.86,2026-10-06,23000,327015,285285,778050,78.90,11.22,23216.50,8.18050,23200
888,2026-09-21 09:00:07,8840,7735,39845,401.85,10.33,2026-10-06,23100,104065,36010,239070,103.75,11.15,23216.50,11.77210,23200
890,2026-09-21 09:00:07,96005,83395,192920,331.20,10.20,2026-10-06,23200,132470,116935,194350,133.15,10.76,23216.50,1.37980,23200
892,2026-09-21 09:00:07,186160,117065,469170,266.00,9.95,2026-10-06,23300,226395,167115,559000,166.50,10.47,23216.50,1.21610,23200
894,2026-09-21 09:00:07,227500,84630,403910,206.80,9.61,2026-10-06,23400,170690,66885,338650,207.20,10.20,23216.50,0.75030,23200
896,2026-09-21 09:00:07,331500,258440,522730,158.25,9.65,2026-10-06,23500,174330,124540,180375,258.60,10.10,23216.50,0.52590,23200
898,2026-09-21 09:00:07,136045,80535,269230,117.05,9.52,2026-10-06,23600,33345,21580,32565,318.40,10.04,23216.50,0.24510,23200
900,2026-09-21 09:00:07,167765,81575,330980,84.40,9.43,2026-10-06,23700,22035,17030,12805,380.75,9.71,23216.50,0.13130,23200
902,2026-09-21 09:00:07,245765,135070,394225,59.60,9.43,2026-10-06,23800,16185,13455,9490,460.50,10.00,23216.50,0.06590,23200
904,2026-09-21 09:00:07,174005,122915,300755,41.75,9.42,2026-10-06,23900,2210,2275,195,544.40,10.27,23216.50,0.01270,23200
906,2026-09-21 09:00:07,1157585,796445,1558570,30.15,9.61,2026-10-06,24000,31915,24505,21190,623.75,9.82,23216.50,0.02760,23200
908,2026-09-21 09:00:07,220285,142025,333515,20.10,9.61,2026-10-06,24100,1560,715,1950,715.00,10.03,23216.50,0.00710,23200
910,2026-09-21 09:00:07,161135,109655,339300,13.80,9.74,2026-10-06,24200,195,260,0,938.55,20.52,23216.50,0.00120,23200
912,2026-09-21 09:00:07,148135,101855,321035,10.35,10.03,2026-10-06,24300,130,130,0,493.95,0.00,23216.50,0.00090,23200
1186,2026-09-21 09:12:07,0,0,0,0.00,0.00,2026-10-06,22300,55770,55250,142610,17.55,0.00,23330.20,,23300
1188,2026-09-21 09:12:07,0,0,0,0.00,0.00,2026-10-06,22400,45890,46410,111085,20.75,0.00,23330.20,,23300
1190,2026-09-21 09:12:07,260,455,390,925.40,0.00,2026-10-06,22500,216125,216060,471250,26.05,0.00,23330.20,831.25000,23300
1192,2026-09-21 09:12:07,65,130,0,794.00,0.00,2026-10-06,22600,112710,111865,171990,32.15,0.00,23330.20,1734.00000,23300
1194,2026-09-21 09:12:07,195,195,0,725.50,0.00,2026-10-06,22700,65325,64740,137150,40.20,0.00,23330.20,335.00000,23300
1196,2026-09-21 09:12:07,2145,2145,975,655.45,0.00,2026-10-06,22800,108160,108225,221000,40.40,0.00,23330.20,50.42420,23300
1198,2026-09-21 09:12:07,2275,2470,1365,565.20,0.00,2026-10-06,22900,102570,102570,170560,64.15,0.00,23330.20,45.08570,23300
1200,2026-09-21 09:12:07,39975,40365,32500,469.20,0.00,2026-10-06,23000,327015,324805,778050,78.90,0.00,23330.20,8.18050,23300
1202,2026-09-21 09:12:07,8840,8840,39845,401.85,0.00,2026-10-06,23100,104065,98670,239070,103.75,0.00,23330.20,11.77210,23300
1204,2026-09-21 09:12:07,96005,95810,192920,331.20,0.00,2026-10-06,23200,132470,128765,194350,133.15,0.00,23330.20,1.37980,23300
1206,2026-09-21 09:12:07,186160,186160,469170,266.00,0.00,2026-10-06,23300,226395,225940,559000,166.50,0.00,23330.20,1.21610,23300
1208,2026-09-21 09:12:07,227500,227305,403910,206.80,0.00,2026-10-06,23400,170690,170690,338650,207.20,0.00,23330.20,0.75030,23300
1210,2026-09-21 09:12:07,331500,329225,522730,158.25,0.00,2026-10-06,23500,174330,174460,180375,258.60,0.00,23330.20,0.52590,23300
1212,2026-09-21 09:12:07,136045,129935,269230,117.05,0.00,2026-10-06,23600,33345,33280,32565,318.40,0.00,23330.20,0.24510,23300
1214,2026-09-21 09:12:07,167765,168025,330980,84.40,0.00,2026-10-06,23700,22035,22035,12805,380.75,0.00,23330.20,0.13130,23300
1216,2026-09-21 09:12:07,245765,245635,394225,59.60,0.00,2026-10-06,23800,16185,16250,9490,460.50,0.00,23330.20,0.06590,23300
1218,2026-09-21 09:12:07,174005,173940,300755,41.75,0.00,2026-10-06,23900,2210,2145,195,544.40,0.00,23330.20,0.01270,23300
1220,2026-09-21 09:12:07,1157585,1155570,1558570,30.15,0.00,2026-10-06,24000,31915,31785,21190,623.75,0.00,23330.20,0.02760,23300
1222,2026-09-21 09:12:07,220285,218335,333515,20.10,0.00,2026-10-06,24100,1560,1625,1950,715.00,0.00,23330.20,0.00710,23300
1224,2026-09-21 09:12:07,161135,161135,339300,13.80,0.00,2026-10-06,24200,195,260,0,938.55,0.00,23330.20,0.00120,23300
1226,2026-09-21 09:12:07,148135,146705,321035,10.35,0.00,2026-10-06,24300,130,130,0,493.95,0.00,23330.20,0.00090,23300
1500,2026-09-21 09:16:07,0,0,0,0.00,0.00,2026-10-06,22300,55770,55250,0,17.55,15.05,23341.85,,23300
1502,2026-09-21 09:16:07,0,0,0,0.00,0.00,2026-10-06,22400,45890,46410,0,20.75,14.47,23341.85,,23300
1504,2026-09-21 09:16:07,260,455,0,925.40,13.58,2026-10-06,22500,217230,216060,12285,25.00,13.93,23341.85,835.50000,23300
1506,2026-09-21 09:16:07,65,130,0,794.00,0.00,2026-10-06,22600,111865,111865,4485,30.00,13.37,23341.85,1721.00000,23300
1508,2026-09-21 09:16:07,195,195,0,725.50,11.23,2026-10-06,22700,64740,64740,1170,37.75,12.95,23341.85,332.00000,23300
1510,2026-09-21 09:16:07,2145,2145,0,655.45,12.97,2026-10-06,22800,108225,108225,6240,48.05,12.63,23341.85,50.45450,23300
1512,2026-09-21 09:16:07,2275,2470,0,565.20,12.29,2026-10-06,22900,102570,102570,4810,63.05,12.34,23341.85,45.08570,23300
1514,2026-09-21 09:16:07,40365,40365,520,482.95,11.99,2026-10-06,23000,324805,324805,18265,80.15,12.02,23341.85,8.04670,23300
1516,2026-09-21 09:16:07,8840,8840,195,409.15,11.92,2026-10-06,23100,98670,98670,8125,100.95,11.60,23341.85,11.16180,23300
1518,2026-09-21 09:16:07,95810,95810,3380,326.85,11.05,2026-10-06,23200,128765,128765,7540,129.90,11.40,23341.85,1.34400,23300
1520,2026-09-21 09:16:07,187070,186160,33995,262.30,10.93,2026-10-06,23300,225810,225940,7410,164.30,11.03,23341.85,1.20710,23300
1522,2026-09-21 09:16:07,227500,227305,19630,202.00,10.51,2026-10-06,23400,170690,170690,12220,207.35,10.76,23341.85,0.75030,23300
1524,2026-09-21 09:16:07,329875,329225,12155,154.75,10.51,2026-10-06,23500,174460,174460,195,254.75,10.58,23341.85,0.52890,23300
1526,2026-09-21 09:16:07,129935,129935,5265,114.05,10.28,2026-10-06,23600,33345,33280,0,318.40,10.69,23341.85,0.25660,23300
1528,2026-09-21 09:16:07,169000,168025,17550,82.55,10.22,2026-10-06,23700,22035,22035,0,380.75,10.29,23341.85,0.13040,23300
1530,2026-09-21 09:16:07,246025,245635,10985,57.25,10.17,2026-10-06,23800,16185,16250,0,460.50,10.55,23341.85,0.06580,23300
1532,2026-09-21 09:16:07,173940,173940,1430,41.20,10.26,2026-10-06,23900,2210,2145,0,544.40,11.20,23341.85,0.01270,23300
1534,2026-09-21 09:16:07,1155570,1155570,13260,28.60,10.34,2026-10-06,24000,31915,31785,0,623.75,10.13,23341.85,0.02760,23300
1536,2026-09-21 09:16:07,220285,218335,0,20.10,10.50,2026-10-06,24100,1560,1625,0,715.00,10.19,23341.85,0.00710,23300
1538,2026-09-21 09:16:07,161135,161135,2925,13.80,10.64,2026-10-06,24200,195,260,0,938.55,22.32,23341.85,0.00120,23300
1540,2026-09-21 09:16:07,146705,146705,2405,10.45,10.99,2026-10-06,24300,130,130,0,493.95,0.00,23341.85,0.00090,23300
1814,2026-09-21 09:21:06,0,0,0,0.00,0.00,2026-10-06,22300,55640,55250,3575,14.10,14.68,23384.75,,23400
1816,2026-09-21 09:21:06,0,0,0,0.00,0.00,2026-10-06,22400,47060,46410,12025,17.15,14.18,23384.75,,23400
1818,2026-09-21 09:21:06,260,455,0,925.40,0.00,2026-10-06,22500,219895,216060,59475,22.25,13.87,23384.75,845.75000,23400
1820,2026-09-21 09:21:06,65,130,0,794.00,0.00,2026-10-06,22600,110565,111865,17875,26.85,13.32,23384.75,1701.00000,23400
1822,2026-09-21 09:21:06,195,195,0,725.50,0.00,2026-10-06,22700,66690,64740,12220,34.00,12.92,23384.75,342.00000,23400
1824,2026-09-21 09:21:06,2145,2145,0,655.45,10.30,2026-10-06,22800,115375,108225,31135,43.70,12.67,23384.75,53.78790,23400
1826,2026-09-21 09:21:06,2275,2470,0,565.20,10.10,2026-10-06,22900,106015,102570,18525,58.00,12.39,23384.75,46.60000,23400
1828,2026-09-21 09:21:06,39455,40365,5915,493.00,10.56,2026-10-06,23000,359255,324805,107250,74.60,12.08,23384.75,9.10540,23400
1830,2026-09-21 09:21:06,8970,8840,715,407.00,10.38,2026-10-06,23100,103870,98670,28405,95.70,11.80,23384.75,11.57970,23400
1832,2026-09-21 09:21:06,96395,95810,10140,337.00,10.50,2026-10-06,23200,131690,128765,24765,121.50,11.51,23384.75,1.36610,23400
1834,2026-09-21 09:21:06,180765,186160,56550,270.10,10.30,2026-10-06,23300,235495,225940,29445,154.65,11.33,23384.75,1.30280,23400
1836,2026-09-21 09:21:06,239785,227305,58890,212.80,10.27,2026-10-06,23400,187135,170690,54275,192.90,10.93,23384.75,0.78040,23400
1838,2026-09-21 09:21:06,337870,329225,43420,162.70,10.01,2026-10-06,23500,179010,174460,11115,241.40,10.75,23384.75,0.52980,23400
1840,2026-09-21 09:21:06,132925,129935,21320,118.00,9.92,2026-10-06,23600,34190,33280,7150,299.00,10.63,23384.75,0.25720,23400
1842,2026-09-21 09:21:06,177255,168025,55120,86.00,9.92,2026-10-06,23700,22100,22035,260,365.00,10.65,23384.75,0.12470,23400
1844,2026-09-21 09:21:06,249795,245635,24375,60.00,9.80,2026-10-06,23800,16250,16250,520,434.05,10.35,23384.75,0.06510,23400
1846,2026-09-21 09:21:06,178685,173940,22035,41.25,9.86,2026-10-06,23900,2210,2145,0,544.40,12.60,23384.75,0.01240,23400
1848,2026-09-21 09:21:06,1160185,1155570,99190,29.35,10.05,2026-10-06,24000,32305,31785,1300,607.65,11.06,23384.75,0.02780,23400
1850,2026-09-21 09:21:06,217880,218335,14950,19.90,10.13,2026-10-06,24100,1560,1625,0,715.00,13.09,23384.75,0.00720,23400
1852,2026-09-21 09:21:06,168090,161135,22945,13.80,10.31,2026-10-06,24200,195,260,0,938.55,23.45,23384.75,0.00120,23400
1854,2026-09-21 09:21:06,152100,146705,13845,10.60,10.68,2026-10-06,24300,130,130,0,493.95,0.00,23384.75,0.00090,23400
2128,2026-09-21 09:26:06,0,0,0,0.00,0.00,2026-10-06,22300,52195,55250,19565,14.70,14.80,23385.35,,23400
2130,2026-09-21 09:26:06,0,0,0,0.00,0.00,2026-10-06,22400,43290,46410,32240,17.80,14.31,23385.35,,23400
2132,2026-09-21 09:26:06,260,455,0,925.40,0.00,2026-10-06,22500,222365,216060,76505,21.70,13.82,23385.35,855.25000,23400
2134,2026-09-21 09:26:06,65,130,0,794.00,0.00,2026-10-06,22600,114530,111865,23985,26.60,13.31,23385.35,1762.00000,23400
2136,2026-09-21 09:26:06,195,195,0,725.50,0.00,2026-10-06,22700,70980,64740,16250,34.15,12.89,23385.35,364.00000,23400
2138,2026-09-21 09:26:06,2145,2145,0,655.45,10.25,2026-10-06,22800,119860,108225,39845,43.80,12.57,23385.35,55.87880,23400
2140,2026-09-21 09:26:06,2275,2470,0,565.20,10.19,2026-10-06,22900,108485,102570,22490,56.35,12.27,23385.35,47.68570,23400
2142,2026-09-21 09:26:06,39390,40365,7670,486.85,10.52,2026-10-06,23000,361270,324805,131430,73.65,12.03,23385.35,9.17160,23400
2144,2026-09-21 09:26:06,8775,8840,780,407.00,10.36,2026-10-06,23100,104845,98670,32955,93.35,11.67,23385.35,11.94810,23400
2146,2026-09-21 09:26:06,96915,95810,10725,338.70,10.54,2026-10-06,23200,132210,128765,30745,119.65,11.42,23385.35,1.36420,23400
2148,2026-09-21 09:26:06,183105,186160,64090,273.60,10.41,2026-10-06,23300,235690,225940,35945,153.30,11.21,23385.35,1.28720,23400
2150,2026-09-21 09:26:06,259545,227305,88985,212.00,10.17,2026-10-06,23400,199030,170690,85280,191.30,10.93,23385.35,0.76680,23400
2152,2026-09-21 09:26:06,336180,329225,63375,161.55,10.08,2026-10-06,23500,181090,174460,21255,240.80,10.77,23385.35,0.53870,23400
2154,2026-09-21 09:26:06,134420,129935,30810,119.00,9.94,2026-10-06,23600,35425,33280,10400,300.00,10.76,23385.35,0.26350,23400
2156,2026-09-21 09:26:06,179855,168025,61555,85.60,9.87,2026-10-06,23700,22100,22035,325,368.10,10.85,23385.35,0.12290,23400
2158,2026-09-21 09:26:06,252720,245635,36205,59.80,9.82,2026-10-06,23800,16770,16250,715,439.60,10.75,23385.35,0.06640,23400
2160,2026-09-21 09:26:06,184275,173940,34320,41.35,9.85,2026-10-06,23900,2210,2145,0,544.40,12.64,23385.35,0.01200,23400
2162,2026-09-21 09:26:06,1166490,1155570,147615,28.90,9.98,2026-10-06,24000,32890,31785,2080,612.00,11.56,23385.35,0.02820,23400
2164,2026-09-21 09:26:06,223665,218335,21190,19.50,10.07,2026-10-06,24100,1560,1625,0,715.00,13.13,23385.35,0.00700,23400
2166,2026-09-21 09:26:06,165815,161135,53105,13.80,10.30,2026-10-06,24200,195,260,0,938.55,23.52,23385.35,0.00120,23400
2168,2026-09-21 09:26:06,153075,146705,41275,10.65,10.74,2026-10-06,24300,130,130,0,493.95,0.00,23385.35,0.00080,23400
2442,2026-09-21 09:31:07,0,0,0,0.00,0.00,2026-10-06,22300,52390,55250,21190,14.25,14.88,23401.90,,23400
2444,2026-09-21 09:31:07,0,0,0,0.00,0.00,2026-10-06,22400,43875,46410,36335,17.00,14.34,23401.90,,23400
2446,2026-09-21 09:31:07,260,455,0,925.40,0.00,2026-10-06,22500,226525,216060,87555,21.10,13.90,23401.90,871.25000,23400
2448,2026-09-21 09:31:07,65,130,0,794.00,0.00,2026-10-06,22600,115960,111865,26975,25.60,13.37,23401.90,1784.00000,23400
2450,2026-09-21 09:31:07,195,195,0,725.50,0.00,2026-10-06,22700,83330,64740,35880,33.00,13.03,23401.90,427.33330,23400
2452,2026-09-21 09:31:07,2145,2145,0,655.45,7.90,2026-10-06,22800,119405,108225,45890,41.60,12.62,23401.90,55.66670,23400
2454,2026-09-21 09:31:07,2275,2470,0,565.20,8.19,2026-10-06,22900,112255,102570,35750,54.25,12.34,23401.90,49.34290,23400
2456,2026-09-21 09:31:07,39130,40365,11635,504.00,10.78,2026-10-06,23000,369915,324805,165555,69.30,11.99,23401.90,9.45350,23400
2458,2026-09-21 09:31:07,8710,8840,1170,419.55,10.35,2026-10-06,23100,107510,98670,46410,88.65,11.66,23401.90,12.34330,23400
2460,2026-09-21 09:31:07,96980,95810,11570,347.95,10.40,2026-10-06,23200,140205,128765,44135,114.00,11.39,23401.90,1.44570,23400
2462,2026-09-21 09:31:07,188630,186160,91195,281.85,10.35,2026-10-06,23300,236665,225940,43095,145.50,11.15,23401.90,1.25470,23400
2464,2026-09-21 09:31:07,274365,227305,120445,219.20,10.09,2026-10-06,23400,216645,170690,117260,183.75,10.89,23401.90,0.78960,23400
2466,2026-09-21 09:31:07,316810,329225,135135,167.05,9.96,2026-10-06,23500,194090,174460,36140,230.75,10.72,23401.90,0.61260,23400
2468,2026-09-21 09:31:07,139425,129935,48165,123.10,9.82,2026-10-06,23600,35425,33280,14560,286.80,10.61,23401.90,0.25410,23400
2470,2026-09-21 09:31:07,180375,168025,77220,88.55,9.75,2026-10-06,23700,22100,22035,390,352.85,10.64,23401.90,0.12250,23400
2472,2026-09-21 09:31:07,257660,245635,50830,62.05,9.71,2026-10-06,23800,17615,16250,2730,424.85,10.62,23401.90,0.06840,23400
2474,2026-09-21 09:31:07,185185,173940,45305,43.10,9.76,2026-10-06,23900,2210,2145,0,544.40,13.50,23401.90,0.01190,23400
2476,2026-09-21 09:31:07,1196390,1155570,195325,30.30,9.90,2026-10-06,24000,32695,31785,2405,595.70,11.38,23401.90,0.02730,23400
2478,2026-09-21 09:31:07,221845,218335,31980,20.30,9.99,2026-10-06,24100,1560,1625,0,715.00,14.22,23401.90,0.00700,23400
2480,2026-09-21 09:31:07,168350,161135,57785,14.25,10.19,2026-10-06,24200,195,260,0,938.55,24.25,23401.90,0.00120,23400
2482,2026-09-21 09:31:07,154310,146705,46865,10.70,10.56,2026-10-06,24300,130,130,0,493.95,0.00,23401.90,0.00080,23400
2756,2026-09-21 09:36:07,0,0,0,0.00,0.00,2026-10-06,22300,49920,55250,24180,14.60,14.98,23406.50,,23400
2758,2026-09-21 09:36:07,0,0,0,0.00,0.00,2026-10-06,22400,45240,46410,40235,16.85,14.34,23406.50,,23400
2760,2026-09-21 09:36:07,260,455,0,925.40,0.00,2026-10-06,22500,233610,216060,99320,20.90,13.90,23406.50,898.50000,23400
2762,2026-09-21 09:36:07,65,130,0,794.00,0.00,2026-10-06,22600,117520,111865,31395,25.05,13.38,23406.50,1808.00000,23400
2764,2026-09-21 09:36:07,195,195,0,725.50,0.00,2026-10-06,22700,82745,64740,45305,32.50,13.00,23406.50,424.33330,23400
2766,2026-09-21 09:36:07,2145,2145,0,655.45,6.84,2026-10-06,22800,119730,108225,52650,41.20,12.60,23406.50,55.81820,23400
2768,2026-09-21 09:36:07,2275,2470,0,565.20,8.42,2026-10-06,22900,114400,102570,44070,53.45,12.30,23406.50,50.28570,23400
2770,2026-09-21 09:36:07,40105,40365,11960,504.15,10.66,2026-10-06,23000,370240,324805,185445,68.50,11.99,23406.50,9.23180,23400
2772,2026-09-21 09:36:07,8710,8840,1170,419.55,10.23,2026-10-06,23100,107900,98670,50440,88.00,11.65,23406.50,12.38810,23400
2774,2026-09-21 09:36:07,97110,95810,15145,349.00,10.38,2026-10-06,23200,143910,128765,52715,112.65,11.38,23406.50,1.48190,23400
2776,2026-09-21 09:36:07,185250,186160,95615,282.30,10.15,2026-10-06,23300,237445,225940,54145,144.15,11.14,23406.50,1.28180,23400
2778,2026-09-21 09:36:07,278070,227305,137930,220.45,10.08,2026-10-06,23400,221715,170690,130585,182.00,10.90,23406.50,0.79730,23400
2780,2026-09-21 09:36:07,320060,329225,150410,168.40,9.93,2026-10-06,23500,201045,174460,47450,228.35,10.70,23406.50,0.62810,23400
2782,2026-09-21 09:36:07,140920,129935,53560,123.00,9.77,2026-10-06,23600,36335,33280,15730,285.00,10.64,23406.50,0.25780,23400
2784,2026-09-21 09:36:07,198575,168025,104520,89.10,9.68,2026-10-06,23700,22100,22035,520,349.70,10.54,23406.50,0.11130,23400
2786,2026-09-21 09:36:07,264355,245635,69485,61.60,9.64,2026-10-06,23800,17745,16250,2925,426.40,10.82,23406.50,0.06710,23400
2788,2026-09-21 09:36:07,186485,173940,47905,43.00,9.70,2026-10-06,23900,2210,2145,0,544.40,13.60,23406.50,0.01190,23400
2790,2026-09-21 09:36:07,1213290,1155570,217555,30.20,9.87,2026-10-06,24000,32695,31785,2470,595.70,11.54,23406.50,0.02690,23400
2792,2026-09-21 09:36:07,226005,218335,38155,20.30,9.95,2026-10-06,24100,1560,1625,0,715.00,14.46,23406.50,0.00690,23400
2794,2026-09-21 09:36:07,170560,161135,60515,14.20,10.16,2026-10-06,24200,195,260,0,938.55,24.42,23406.50,0.00110,23400
2796,2026-09-21 09:36:07,157625,146705,59475,10.85,10.57,2026-10-06,24300,130,130,0,493.95,0.00,23406.50,0.00080,23400
3070,2026-09-21 09:41:07,0,0,0,0.00,0.00,2026-10-06,22300,49920,55250,24895,14.70,14.83,23387.30,,23400
3072,2026-09-21 09:41:07,0,0,0,0.00,0.00,2026-10-06,22400,45890,46410,43030,17.35,14.25,23387.30,,23400
3074,2026-09-21 09:41:07,260,455,0,925.40,0.00,2026-10-06,22500,239785,216060,112710,21.30,13.76,23387.30,922.25000,23400
3076,2026-09-21 09:41:07,65,130,0,794.00,0.00,2026-10-06,22600,117910,111865,38350,26.30,13.29,23387.30,1814.00000,23400
3078,2026-09-21 09:41:07,195,195,0,725.50,0.00,2026-10-06,22700,83655,64740,54470,33.70,12.92,23387.30,429.00000,23400
3080,2026-09-21 09:41:07,2145,2145,0,655.45,9.98,2026-10-06,22800,120250,108225,59930,43.35,12.58,23387.30,56.06060,23400
3082,2026-09-21 09:41:07,2275,2470,0,565.20,9.86,2026-10-06,22900,111735,102570,52390,55.95,12.26,23387.30,49.11430,23400
3084,2026-09-21 09:41:07,40105,40365,12090,501.40,11.51,2026-10-06,23000,368290,324805,196430,72.95,12.00,23387.30,9.18310,23400
3086,2026-09-21 09:41:07,8710,8840,1170,419.55,11.11,2026-10-06,23100,107900,98670,57265,92.95,11.67,23387.30,12.38810,23400
3088,2026-09-21 09:41:07,96720,95810,16250,341.45,10.64,2026-10-06,23200,145730,128765,58825,118.50,11.37,23387.30,1.50670,23400
3090,2026-09-21 09:41:07,184860,186160,100100,271.00,10.40,2026-10-06,23300,239005,225940,57720,151.05,11.12,23387.30,1.29290,23400
3092,2026-09-21 09:41:07,279695,227305,156845,211.00,10.12,2026-10-06,23400,224900,170690,141375,191.05,10.90,23387.30,0.80410,23400
3094,2026-09-21 09:41:07,317850,329225,164320,161.35,10.03,2026-10-06,23500,203060,174460,52910,240.15,10.78,23387.30,0.63890,23400
3096,2026-09-21 09:41:07,137475,129935,64545,118.50,9.89,2026-10-06,23600,36205,33280,17355,297.00,10.65,23387.30,0.26340,23400
3098,2026-09-21 09:41:07,198835,168025,115245,84.20,9.76,2026-10-06,23700,22100,22035,585,354.50,10.11,23387.30,0.11110,23400
3100,2026-09-21 09:41:07,266500,245635,79170,59.30,9.77,2026-10-06,23800,18460,16250,3770,437.00,10.66,23387.30,0.06930,23400
3102,2026-09-21 09:41:07,186225,173940,61165,40.75,9.78,2026-10-06,23900,2210,2145,0,544.40,12.71,23387.30,0.01190,23400
3104,2026-09-21 09:41:07,1215175,1155570,237380,28.70,9.95,2026-10-06,24000,32695,31785,3445,598.00,10.42,23387.30,0.02690,23400
3106,2026-09-21 09:41:07,226330,218335,42185,19.40,10.04,2026-10-06,24100,1560,1625,0,715.00,13.31,23387.30,0.00690,23400
3108,2026-09-21 09:41:07,173030,161135,69290,13.55,10.25,2026-10-06,24200,195,260,0,938.55,23.61,23387.30,0.00110,23400
3110,2026-09-21 09:41:07,163930,146705,65910,10.50,10.68,2026-10-06,24300,130,130,0,493.95,0.00,23387.30,0.00080,23400
3384,2026-09-21 09:46:07,0,0,0,0.00,0.00,2026-10-06,22300,50895,55250,26260,14.10,14.80,23397.90,,23400
3386,2026-09-21 09:46:07,0,0,0,0.00,0.00,2026-10-06,22400,48100,46410,46800,17.00,14.28,23397.90,,23400
3388,2026-09-21 09:46:07,260,455,0,925.40,0.00,2026-10-06,22500,241930,216060,119015,21.20,13.84,23397.90,930.50000,23400
3390,2026-09-21 09:46:07,65,130,0,794.00,0.00,2026-10-06,22600,117845,111865,39390,25.80,13.32,23397.90,1813.00000,23400
3392,2026-09-21 09:46:07,195,195,0,725.50,0.00,2026-10-06,22700,87425,64740,60385,33.00,12.95,23397.90,448.33330,23400
3394,2026-09-21 09:46:07,2145,2145,0,655.45,8.97,2026-10-06,22800,126360,108225,72150,42.15,12.60,23397.90,58.90910,23400
3396,2026-09-21 09:46:07,2275,2470,0,565.20,9.15,2026-10-06,22900,109785,102570,55250,54.85,12.29,23397.90,48.25710,23400
3398,2026-09-21 09:46:07,39390,40365,14430,496.75,10.68,2026-10-06,23000,366015,324805,241345,71.30,12.02,23397.90,9.29210,23400
3400,2026-09-21 09:46:07,8710,8840,1235,415.75,10.46,2026-10-06,23100,109070,98670,61230,90.60,11.66,23397.90,12.52240,23400
3402,2026-09-21 09:46:07,96980,95810,17615,342.70,10.39,2026-10-06,23200,146575,128765,61815,116.40,11.40,23397.90,1.51140,23400
3404,2026-09-21 09:46:07,185250,186160,102180,275.00,10.23,2026-10-06,23300,239395,225940,63180,148.60,11.21,23397.90,1.29230,23400
3406,2026-09-21 09:46:07,284765,227305,167895,214.00,10.03,2026-10-06,23400,230555,170690,152945,187.00,10.94,23397.90,0.80960,23400
3408,2026-09-21 09:46:07,319150,329225,168740,162.80,9.91,2026-10-06,23500,203385,174460,56420,235.80,10.78,23397.90,0.63730,23400
3410,2026-09-21 09:46:07,137280,129935,67535,120.20,9.82,2026-10-06,23600,36400,33280,17745,290.30,10.56,23397.90,0.26520,23400
3412,2026-09-21 09:46:07,202475,168025,123305,85.45,9.70,2026-10-06,23700,22165,22035,845,359.00,10.71,23397.90,0.10950,23400
3414,2026-09-21 09:46:07,270790,245635,85345,60.00,9.66,2026-10-06,23800,18655,16250,4225,431.10,10.67,23397.90,0.06890,23400
3416,2026-09-21 09:46:07,189150,173940,70720,40.75,9.67,2026-10-06,23900,2210,2145,0,544.40,13.13,23397.90,0.01170,23400
3418,2026-09-21 09:46:07,1218750,1155570,264745,28.50,9.83,2026-10-06,24000,32695,31785,3445,598.00,11.06,23397.90,0.02680,23400
3420,2026-09-21 09:46:07,224380,218335,51740,19.30,9.93,2026-10-06,24100,1560,1625,0,715.00,13.84,23397.90,0.00700,23400
3422,2026-09-21 09:46:07,176865,161135,75400,13.55,10.16,2026-10-06,24200,195,260,0,938.55,23.99,23397.90,0.00110,23400
3424,2026-09-21 09:46:07,166140,146705,70785,10.45,10.59,2026-10-06,24300,130,130,0,493.95,0.00,23397.90,0.00080,23400
3698,2026-09-21 09:51:06,0,0,0,0.00,0.00,2026-10-06,22300,51805,55250,28210,13.85,14.82,23402.35,,23400
3700,2026-09-21 09:51:06,0,0,0,0.00,0.00,2026-10-06,22400,50895,46410,50115,16.75,14.31,23402.35,,23400
3702,2026-09-21 09:51:06,260,455,0,925.40,0.00,2026-10-06,22500,240760,216060,123955,20.45,13.81,23402.35,926.00000,23400
3704,2026-09-21 09:51:06,65,130,0,794.00,0.00,2026-10-06,22600,119275,111865,45760,25.25,13.32,23402.35,1835.00000,23400
3706,2026-09-21 09:51:06,195,195,0,725.50,0.00,2026-10-06,22700,89570,64740,64090,32.15,12.97,23402.35,459.33330,23400
3708,2026-09-21 09:51:06,2145,2145,0,655.45,7.45,2026-10-06,22800,130715,108225,80080,41.20,12.59,23402.35,60.93940,23400
3710,2026-09-21 09:51:06,2275,2470,0,565.20,8.27,2026-10-06,22900,110110,102570,59345,53.00,12.25,23402.35,48.40000,23400
3712,2026-09-21 09:51:06,39390,40365,14625,505.00,10.85,2026-10-06,23000,370630,324805,257270,69.55,12.01,23402.35,9.40920,23400
3714,2026-09-21 09:51:06,8710,8840,1235,415.75,10.07,2026-10-06,23100,109525,98670,62855,88.75,11.67,23402.35,12.57460,23400
3716,2026-09-21 09:51:06,96655,95810,20345,347.30,10.45,2026-10-06,23200,147355,128765,66365,113.85,11.39,23402.35,1.52450,23400
3718,2026-09-21 09:51:06,185575,186160,108355,279.80,10.25,2026-10-06,23300,241540,225940,67080,146.25,11.20,23402.35,1.30160,23400
3720,2026-09-21 09:51:06,288015,227305,184860,217.25,9.99,2026-10-06,23400,232960,170690,160160,184.40,10.94,23402.35,0.80880,23400
3722,2026-09-21 09:51:06,321815,329225,176800,165.70,9.89,2026-10-06,23500,205400,174460,60905,232.65,10.83,23402.35,0.63830,23400
3724,2026-09-21 09:51:06,138515,129935,72215,122.55,9.79,2026-10-06,23600,36530,33280,18395,287.50,10.66,23402.35,0.26370,23400
3726,2026-09-21 09:51:06,203255,168025,126230,87.40,9.68,2026-10-06,23700,22230,22035,1040,350.00,10.49,23402.35,0.10940,23400
3728,2026-09-21 09:51:06,273975,245635,91260,61.20,9.65,2026-10-06,23800,19045,16250,4355,426.25,10.73,23402.35,0.06950,23400
3730,2026-09-21 09:51:06,188175,173940,74360,42.15,9.68,2026-10-06,23900,2210,2145,0,544.40,13.51,23402.35,0.01170,23400
3732,2026-09-21 09:51:06,1217255,1155570,293540,29.50,9.83,2026-10-06,24000,33540,31785,3510,593.25,11.20,23402.35,0.02760,23400
3734,2026-09-21 09:51:06,224250,218335,55185,19.70,9.90,2026-10-06,24100,1560,1625,0,715.00,14.38,23402.35,0.00700,23400
3736,2026-09-21 09:51:06,180375,161135,80730,13.85,10.13,2026-10-06,24200,195,260,0,938.55,24.35,23402.35,0.00110,23400
3738,2026-09-21 09:51:06,168285,146705,74230,10.55,10.53,2026-10-06,24300,130,130,0,493.95,0.00,23402.35,0.00080,23400
4012,2026-09-21 09:56:07,0,0,0,0.00,0.00,2026-10-06,22300,51805,55250,30225,13.95,14.74,23394.85,,23400
4014,2026-09-21 09:56:07,0,0,0,0.00,0.00,2026-10-06,22400,50895,46410,50895,16.45,14.16,23394.85,,23400
4016,2026-09-21 09:56:07,260,455,0,925.40,0.00,2026-10-06,22500,243360,216060,129415,20.35,13.70,23394.85,936.00000,23400
4018,2026-09-21 09:56:07,65,130,0,794.00,0.00,2026-10-06,22600,119275,111865,46085,25.05,13.20,23394.85,1835.00000,23400
4020,2026-09-21 09:56:07,195,195,0,725.50,0.00,2026-10-06,22700,91910,64740,68380,32.10,12.83,23394.85,471.33330,23400
4022,2026-09-21 09:56:07,2145,2145,0,655.45,9.26,2026-10-06,22800,131105,108225,82680,41.35,12.48,23394.85,61.12120,23400
4024,2026-09-21 09:56:07,2470,2470,65,579.00,10.74,2026-10-06,22900,115440,102570,67795,53.45,12.15,23394.85,46.73680,23400
4026,2026-09-21 09:56:07,39325,40365,15405,498.10,10.90,2026-10-06,23000,372450,324805,265460,70.00,11.91,23394.85,9.47110,23400
4028,2026-09-21 09:56:07,8710,8840,1235,415.75,10.56,2026-10-06,23100,110110,98670,63960,89.70,11.57,23394.85,12.64180,23400
4030,2026-09-21 09:56:07,96655,95810,20735,345.00,10.60,2026-10-06,23200,147940,128765,69810,115.35,11.31,23394.85,1.53060,23400
4032,2026-09-21 09:56:07,185185,186160,111475,275.85,10.32,2026-10-06,23300,242125,225940,68315,147.70,11.08,23394.85,1.30750,23400
4034,2026-09-21 09:56:07,291395,227305,191880,213.70,10.07,2026-10-06,23400,235495,170690,168610,186.10,10.81,23394.85,0.80820,23400
4036,2026-09-21 09:56:07,322985,329225,181740,162.70,9.96,2026-10-06,23500,205530,174460,64155,234.10,10.64,23394.85,0.63630,23400
4038,2026-09-21 09:56:07,137735,129935,75465,119.80,9.83,2026-10-06,23600,36920,33280,18590,290.95,10.54,23394.85,0.26810,23400
4040,2026-09-21 09:56:07,205530,168025,131365,85.35,9.71,2026-10-06,23700,22360,22035,1105,354.05,10.35,23394.85,0.10880,23400
4042,2026-09-21 09:56:07,274235,245635,95550,59.70,9.70,2026-10-06,23800,19045,16250,4810,428.05,10.38,23394.85,0.06940,23400
4044,2026-09-21 09:56:07,189345,173940,76440,40.95,9.71,2026-10-06,23900,2210,2145,0,544.40,13.04,23394.85,0.01170,23400
4046,2026-09-21 09:56:07,1218360,1155570,302770,28.45,9.85,2026-10-06,24000,33540,31785,3640,595.00,10.65,23394.85,0.02750,23400
4048,2026-09-21 09:56:07,226005,218335,59540,19.50,9.99,2026-10-06,24100,1560,1625,0,715.00,13.71,23394.85,0.00690,23400
4050,2026-09-21 09:56:07,180375,161135,82745,13.50,10.18,2026-10-06,24200,195,260,0,938.55,23.91,23394.85,0.00110,23400
4052,2026-09-21 09:56:07,169260,146705,76830,10.30,10.59,2026-10-06,24300,130,130,0,493.95,0.00,23394.85,0.00080,23400
4326,2026-09-21 10:01:06,0,0,0,0.00,0.00,2026-10-06,22300,51220,55250,35165,13.30,14.62,23391.90,,23400
4328,2026-09-21 10:01:06,0,0,0,0.00,0.00,2026-10-06,22400,51090,46410,52260,16.40,14.16,23391.90,,23400
4330,2026-09-21 10:01:06,260,455,0,925.40,0.00,2026-10-06,22500,247065,216060,137670,20.35,13.70,23391.90,950.25000,23400
4332,2026-09-21 10:01:06,65,130,0,794.00,0.00,2026-10-06,22600,119795,111865,49465,25.40,13.26,23391.90,1843.00000,23400
4334,2026-09-21 10:01:06,195,195,0,725.50,0.00,2026-10-06,22700,91325,64740,72150,32.25,12.86,23391.90,468.33330,23400
4336,2026-09-21 10:01:06,2145,2145,0,655.45,9.11,2026-10-06,22800,130585,108225,85735,41.40,12.50,23391.90,60.87880,23400
4338,2026-09-21 10:01:06,2470,2470,195,579.00,10.65,2026-10-06,22900,117260,102570,73320,53.80,12.19,23391.90,47.47370,23400
4340,2026-09-21 10:01:06,39585,40365,15665,494.95,10.59,2026-10-06,23000,374725,324805,283855,70.90,11.99,23391.90,9.46630,23400
4342,2026-09-21 10:01:06,8710,8840,1560,411.00,10.19,2026-10-06,23100,114140,98670,71955,89.70,11.60,23391.90,13.10450,23400
4344,2026-09-21 10:01:06,96655,95810,20865,341.25,10.34,2026-10-06,23200,148265,128765,72865,115.60,11.34,23391.90,1.53400,23400
4346,2026-09-21 10:01:06,184665,186160,117520,275.55,10.29,2026-10-06,23300,242775,225940,71760,148.00,11.12,23391.90,1.31470,23400
4348,2026-09-21 10:01:06,291005,227305,203580,212.60,9.98,2026-10-06,23400,237575,170690,180310,188.20,10.94,23391.90,0.81640,23400
4350,2026-09-21 10:01:06,324350,329225,189085,161.00,9.84,2026-10-06,23500,206245,174460,66755,234.30,10.69,23391.90,0.63590,23400
4352,2026-09-21 10:01:06,138775,129935,78130,118.85,9.76,2026-10-06,23600,36985,33280,18720,293.00,10.57,23391.90,0.26650,23400
4354,2026-09-21 10:01:06,208390,168025,140465,84.70,9.67,2026-10-06,23700,22425,22035,1300,354.05,10.38,23391.90,0.10760,23400
4356,2026-09-21 10:01:06,273715,245635,98930,59.05,9.64,2026-10-06,23800,19370,16250,5330,431.00,10.64,23391.90,0.07080,23400
4358,2026-09-21 10:01:06,192465,173940,85475,40.30,9.64,2026-10-06,23900,2210,2145,0,544.40,13.10,23391.90,0.01150,23400
4360,2026-09-21 10:01:06,1220635,1155570,317655,28.30,9.82,2026-10-06,24000,33995,31785,4290,597.30,10.95,23391.90,0.02790,23400
4362,2026-09-21 10:01:06,227240,218335,62335,18.90,9.90,2026-10-06,24100,1560,1625,0,715.00,13.79,23391.90,0.00690,23400
4364,2026-09-21 10:01:06,181025,161135,83980,13.35,10.15,2026-10-06,24200,195,260,0,938.55,23.97,23391.90,0.00110,23400
4366,2026-09-21 10:01:06,170625,146705,79755,10.25,10.56,2026-10-06,24300,130,130,0,493.95,0.00,23391.90,0.00080,23400
4640,2026-09-21 10:06:06,0,0,0,0.00,0.00,2026-10-06,22300,50960,55250,36985,14.65,14.77,23384.65,,23400
4642,2026-09-21 10:06:06,0,0,0,0.00,0.00,2026-10-06,22400,55510,46410,58565,16.85,14.13,23384.65,,23400
4644,2026-09-21 10:06:06,260,455,0,925.40,0.00,2026-10-06,22500,248365,216060,143130,21.20,13.72,23384.65,955.25000,23400
4646,2026-09-21 10:06:06,65,130,0,794.00,0.00,2026-10-06,22600,119925,111865,51350,26.00,13.21,23384.65,1845.00000,23400
4648,2026-09-21 10:06:06,195,195,0,725.50,0.00,2026-10-06,22700,93015,64740,75205,33.40,12.85,23384.65,477.00000,23400
4650,2026-09-21 10:06:06,2145,2145,0,655.45,10.68,2026-10-06,22800,130260,108225,87360,42.95,12.50,23384.65,60.72730,23400
4652,2026-09-21 10:06:06,2470,2470,455,573.00,11.00,2026-10-06,22900,117000,102570,75270,55.75,12.19,23384.65,47.36840,23400
4654,2026-09-21 10:06:06,39650,40365,16250,485.00,10.54,2026-10-06,23000,377520,324805,290095,73.00,11.98,23384.65,9.52130,23400
4656,2026-09-21 10:06:06,8710,8840,1625,405.45,10.39,2026-10-06,23100,114725,98670,77675,91.80,11.54,23384.65,13.17160,23400
4658,2026-09-21 10:06:06,96655,95810,21190,334.85,10.42,2026-10-06,23200,148785,128765,82615,118.80,11.31,23384.65,1.53930,23400
4660,2026-09-21 10:06:06,196300,186160,147160,268.35,10.28,2026-10-06,23300,257270,225940,93600,153.55,11.18,23384.65,1.31060,23400
4662,2026-09-21 10:06:06,295880,227305,217425,206.50,9.99,2026-10-06,23400,241345,170690,198315,192.40,10.88,23384.65,0.81570,23400
4664,2026-09-21 10:06:06,325260,329225,195390,157.50,9.94,2026-10-06,23500,208260,174460,71500,242.00,10.77,23384.65,0.64030,23400
4666,2026-09-21 10:06:06,139620,129935,83330,115.15,9.79,2026-10-06,23600,37375,33280,20995,297.25,10.54,23384.65,0.26770,23400
4668,2026-09-21 10:06:06,206115,168025,156260,81.70,9.69,2026-10-06,23700,22555,22035,1365,366.95,10.69,23384.65,0.10940,23400
4670,2026-09-21 10:06:06,273910,245635,106080,56.80,9.65,2026-10-06,23800,19435,16250,5395,435.00,10.32,23384.65,0.07100,23400
4672,2026-09-21 10:06:06,193245,173940,90025,39.30,9.72,2026-10-06,23900,2210,2145,0,544.40,12.50,23384.65,0.01140,23400
4674,2026-09-21 10:06:06,1220180,1155570,327340,27.45,9.87,2026-10-06,24000,33995,31785,4485,609.95,11.22,23384.65,0.02790,23400
4676,2026-09-21 10:06:06,224705,218335,93860,18.65,9.99,2026-10-06,24100,1560,1625,0,715.00,12.95,23384.65,0.00690,23400
4678,2026-09-21 10:06:06,186160,161135,91390,13.15,10.22,2026-10-06,24200,195,260,0,938.55,23.43,23384.65,0.00100,23400
4680,2026-09-21 10:06:06,173225,146705,88855,10.05,10.64,2026-10-06,24300,130,130,0,493.95,0.00,23384.65,0.00080,23400
4954,2026-09-21 10:11:07,0,0,0,0.00,0.00,2026-10-06,22300,50960,55250,37570,14.35,14.77,23387.95,,23400
4956,2026-09-21 10:11:07,0,0,0,0.00,0.00,2026-10-06,22400,56810,46410,60515,16.55,14.11,23387.95,,23400
4958,2026-09-21 10:11:07,260,455,0,925.40,0.00,2026-10-06,22500,249665,216060,148785,20.60,13.67,23387.95,960.25000,23400
4960,2026-09-21 10:11:07,65,130,0,794.00,0.00,2026-10-06,22600,120120,111865,52975,25.50,13.18,23387.95,1848.00000,23400
4962,2026-09-21 10:11:07,195,195,0,725.50,0.00,2026-10-06,22700,91975,64740,77155,33.25,12.89,23387.95,471.66670,23400
4964,2026-09-21 10:11:07,2145,2145,0,655.45,10.09,2026-10-06,22800,131170,108225,90740,42.55,12.51,23387.95,61.15150,23400
4966,2026-09-21 10:11:07,2470,2470,455,573.00,10.70,2026-10-06,22900,117650,102570,75790,54.65,12.16,23387.95,47.63160,23400
4968,2026-09-21 10:11:07,41015,40365,17745,489.95,10.67,2026-10-06,23000,381875,324805,300755,71.20,11.88,23387.95,9.31060,23400
4970,2026-09-21 10:11:07,8710,8840,1625,405.45,10.19,2026-10-06,23100,118495,98670,82160,91.70,11.60,23387.95,13.60450,23400
4972,2026-09-21 10:11:07,96850,95810,21710,332.00,10.10,2026-10-06,23200,150930,128765,88075,117.95,11.34,23387.95,1.55840,23400
4974,2026-09-21 10:11:07,199225,186160,150670,269.00,10.19,2026-10-06,23300,253890,225940,97175,150.90,11.12,23387.95,1.27440,23400
4976,2026-09-21 10:11:07,298740,227305,225615,209.00,10.03,2026-10-06,23400,244465,170690,206245,189.00,10.76,23387.95,0.81830,23400
4978,2026-09-21 10:11:07,326690,329225,202540,158.50,9.89,2026-10-06,23500,211445,174460,76375,237.00,10.62,23387.95,0.64720,23400
4980,2026-09-21 10:11:07,141375,129935,87620,116.50,9.78,2026-10-06,23600,37310,33280,21645,295.25,10.56,23387.95,0.26390,23400
4982,2026-09-21 10:11:07,214695,168025,162955,81.60,9.61,2026-10-06,23700,22555,22035,1365,366.95,10.86,23387.95,0.10510,23400
4984,2026-09-21 10:11:07,279565,245635,115570,57.00,9.61,2026-10-06,23800,19500,16250,6305,441.95,10.99,23387.95,0.06980,23400
4986,2026-09-21 10:11:07,194415,173940,94510,38.75,9.63,2026-10-06,23900,2210,2145,0,544.40,12.71,23387.95,0.01140,23400
4988,2026-09-21 10:11:07,1204645,1155570,352170,27.25,9.80,2026-10-06,24000,34060,31785,4680,607.95,11.33,23387.95,0.02830,23400
4990,2026-09-21 10:11:07,226850,218335,100295,18.40,9.92,2026-10-06,24100,1560,1625,0,715.00,13.26,23387.95,0.00690,23400
4992,2026-09-21 10:11:07,187915,161135,94640,12.85,10.13,2026-10-06,24200,195,260,0,938.55,23.62,23387.95,0.00100,23400
4994,2026-09-21 10:11:07,173355,146705,89830,10.00,10.59,2026-10-06,24300,130,130,0,493.95,0.00,23387.95,0.00070,23400
5268,2026-09-21 10:16:07,0,0,0,0.00,0.00,2026-10-06,22300,51480,55250,37765,13.50,14.43,23372.35,,23400
5270,2026-09-21 10:16:07,0,0,0,0.00,0.00,2026-10-06,22400,57590,46410,61035,16.55,13.96,23372.35,,23400
5272,2026-09-21 10:16:07,260,455,0,925.40,10.22,2026-10-06,22500,250120,216060,159315,20.75,13.53,23372.35,962.00000,23400
5274,2026-09-21 10:16:07,65,130,0,794.00,0.00,2026-10-06,22600,120445,111865,53885,25.80,13.06,23372.35,1853.00000,23400
5276,2026-09-21 10:16:07,195,195,0,725.50,8.33,2026-10-06,22700,92950,64740,80860,33.05,12.68,23372.35,476.66670,23400
5278,2026-09-21 10:16:07,2145,2145,0,655.45,11.46,2026-10-06,22800,135070,108225,97435,43.15,12.37,23372.35,62.96970,23400
5280,2026-09-21 10:16:07,2470,2470,455,573.00,11.79,2026-10-06,22900,118430,102570,81575,55.60,12.03,23372.35,47.94740,23400
5282,2026-09-21 10:16:07,40950,40365,18395,481.05,10.91,2026-10-06,23000,384475,324805,308945,72.40,11.75,23372.35,9.38890,23400
5284,2026-09-21 10:16:07,8775,8840,2015,400.00,10.57,2026-10-06,23100,119210,98670,84955,93.70,11.44,23372.35,13.58520,23400
5286,2026-09-21 10:16:07,96850,95810,22425,328.00,10.58,2026-10-06,23200,150865,128765,92105,120.00,11.18,23372.35,1.55770,23400
5288,2026-09-21 10:16:07,196300,186160,173680,263.00,10.39,2026-10-06,23300,243100,225940,118885,154.00,10.93,23372.35,1.23840,23400
5290,2026-09-21 10:16:07,299390,227305,233285,203.10,10.12,2026-10-06,23400,245310,170690,213720,193.50,10.67,23372.35,0.81940,23400
5292,2026-09-21 10:16:07,328380,329225,210275,153.00,9.94,2026-10-06,23500,213265,174460,80925,242.65,10.48,23372.35,0.64940,23400
5294,2026-09-21 10:16:07,143455,129935,93730,111.75,9.82,2026-10-06,23600,37505,33280,24245,300.00,10.30,23372.35,0.26140,23400
5296,2026-09-21 10:16:07,215540,168025,172640,79.00,9.71,2026-10-06,23700,22490,22035,1495,359.40,9.76,23372.35,0.10430,23400
5298,2026-09-21 10:16:07,282880,245635,127985,54.85,9.69,2026-10-06,23800,19565,16250,6500,441.95,10.22,23372.35,0.06920,23400
5300,2026-09-21 10:16:07,195390,173940,99385,37.50,9.72,2026-10-06,23900,2210,2145,0,544.40,11.88,23372.35,0.01130,23400
5302,2026-09-21 10:16:07,1216280,1155570,382525,26.20,9.88,2026-10-06,24000,34125,31785,4810,612.00,10.51,23372.35,0.02810,23400
5304,2026-09-21 10:16:07,234390,218335,114530,17.50,9.96,2026-10-06,24100,1560,1625,0,715.00,12.03,23372.35,0.00670,23400
5306,2026-09-21 10:16:07,192075,161135,99385,12.35,10.21,2026-10-06,24200,195,260,0,938.55,22.90,23372.35,0.00100,23400
5308,2026-09-21 10:16:07,176280,146705,95160,9.60,10.65,2026-10-06,24300,130,130,0,493.95,0.00,23372.35,0.00070,23400
5582,2026-09-21 10:21:07,0,0,0,0.00,0.00,2026-10-06,22300,51220,55250,38285,13.90,14.54,23373.25,,23400
5584,2026-09-21 10:21:07,0,0,0,0.00,0.00,2026-10-06,22400,58175,46410,65780,16.85,14.02,23373.25,,23400
5586,2026-09-21 10:21:07,260,455,0,925.40,9.55,2026-10-06,22500,250900,216060,163085,20.70,13.53,23373.25,965.00000,23400
5588,2026-09-21 10:21:07,65,130,0,794.00,0.00,2026-10-06,22600,121030,111865,55575,25.90,13.08,23373.25,1862.00000,23400
5590,2026-09-21 10:21:07,195,195,0,725.50,8.09,2026-10-06,22700,92235,64740,83070,33.25,12.71,23373.25,473.00000,23400
5592,2026-09-21 10:21:07,2145,2145,0,655.45,11.52,2026-10-06,22800,136695,108225,99190,42.50,12.33,23373.25,63.72730,23400
5594,2026-09-21 10:21:07,2470,2470,455,573.00,11.73,2026-10-06,22900,118885,102570,82615,55.15,12.01,23373.25,48.13160,23400
5596,2026-09-21 10:21:07,41015,40365,18720,483.10,11.01,2026-10-06,23000,384930,324805,313755,72.80,11.79,23373.25,9.38510,23400
5598,2026-09-21 10:21:07,8710,8840,2145,404.00,10.80,2026-10-06,23100,119340,98670,86840,93.50,11.47,23373.25,13.70150,23400
5600,2026-09-21 10:21:07,96655,95810,23270,330.00,10.55,2026-10-06,23200,150410,128765,93730,119.90,11.19,23373.25,1.55620,23400
5602,2026-09-21 10:21:07,198705,186160,176930,265.05,10.44,2026-10-06,23300,243620,225940,120900,153.75,10.97,23373.25,1.22600,23400
5604,2026-09-21 10:21:07,300105,227305,238615,203.80,10.12,2026-10-06,23400,246350,170690,216385,190.90,10.56,23373.25,0.82090,23400
5606,2026-09-21 10:21:07,329290,329225,213655,153.80,9.98,2026-10-06,23500,213265,174460,84955,241.75,10.46,23373.25,0.64770,23400
5608,2026-09-21 10:21:07,144040,129935,97240,112.90,9.87,2026-10-06,23600,38480,33280,24310,297.10,10.17,23373.25,0.26710,23400
5610,2026-09-21 10:21:07,216125,168025,175045,80.00,9.76,2026-10-06,23700,22555,22035,1690,365.95,10.20,23373.25,0.10440,23400
5612,2026-09-21 10:21:07,280540,245635,141765,55.00,9.68,2026-10-06,23800,20150,16250,7930,438.70,10.04,23373.25,0.07180,23400
5614,2026-09-21 10:21:07,195780,173940,100750,37.70,9.72,2026-10-06,23900,2210,2145,0,544.40,11.93,23373.25,0.01130,23400
5616,2026-09-21 10:21:07,1220310,1155570,398255,26.05,9.86,2026-10-06,24000,34320,31785,4940,611.50,10.54,23373.25,0.02810,23400
5618,2026-09-21 10:21:07,237900,218335,120640,17.75,9.99,2026-10-06,24100,1560,1625,0,715.00,12.12,23373.25,0.00660,23400
5620,2026-09-21 10:21:07,199420,161135,111020,12.20,10.18,2026-10-06,24200,195,260,0,938.55,22.94,23373.25,0.00100,23400
5622,2026-09-21 10:21:07,177320,146705,99320,9.55,10.62,2026-10-06,24300,130,130,0,493.95,0.00,23373.25,0.00070,23400
5896,2026-09-21 10:26:07,0,0,0,0.00,0.00,2026-10-06,22300,51285,55250,38870,14.25,14.56,23368.05,,23400
5898,2026-09-21 10:26:07,0,0,0,0.00,0.00,2026-10-06,22400,58500,46410,67145,16.80,13.96,23368.05,,23400
5900,2026-09-21 10:26:07,260,455,0,925.40,11.52,2026-10-06,22500,251680,216060,165815,20.95,13.50,23368.05,968.00000,23400
5902,2026-09-21 10:26:07,65,130,0,794.00,0.00,2026-10-06,22600,121160,111865,57135,26.05,13.05,23368.05,1864.00000,23400
5904,2026-09-21 10:26:07,195,195,0,725.50,9.43,2026-10-06,22700,92495,64740,84175,33.45,12.67,23368.05,474.33330,23400
5906,2026-09-21 10:26:07,2145,2145,0,655.45,11.98,2026-10-06,22800,139555,108225,103155,43.30,12.33,23368.05,65.06060,23400
5908,2026-09-21 10:26:07,2535,2470,650,563.00,11.27,2026-10-06,22900,119080,102570,83070,56.30,12.02,23368.05,46.97440,23400
5910,2026-09-21 10:26:07,41145,40365,19045,477.50,10.93,2026-10-06,23000,384865,324805,320580,73.30,11.73,23368.05,9.35390,23400
5912,2026-09-21 10:26:07,8710,8840,2275,400.00,10.81,2026-10-06,23100,118885,98670,88270,93.85,11.41,23368.05,13.64930,23400
5914,2026-09-21 10:26:07,96655,95810,23595,326.00,10.54,2026-10-06,23200,150930,128765,99580,120.55,11.12,23368.05,1.56150,23400
5916,2026-09-21 10:26:07,201110,186160,182260,261.00,10.39,2026-10-06,23300,245635,225940,135525,155.75,10.97,23368.05,1.22140,23400
5918,2026-09-21 10:26:07,301210,227305,244725,200.30,10.14,2026-10-06,23400,247780,170690,221975,194.60,10.63,23368.05,0.82260,23400
5920,2026-09-21 10:26:07,330785,329225,219960,151.15,9.95,2026-10-06,23500,214110,174460,88205,245.15,10.48,23368.05,0.64730,23400
5922,2026-09-21 10:26:07,143780,129935,98930,110.60,9.86,2026-10-06,23600,38480,33280,25220,304.00,10.28,23368.05,0.26760,23400
5924,2026-09-21 10:26:07,217815,168025,180050,78.10,9.74,2026-10-06,23700,22555,22035,1690,365.95,9.97,23368.05,0.10360,23400
5926,2026-09-21 10:26:07,280540,245635,144755,53.85,9.68,2026-10-06,23800,20215,16250,8190,441.70,9.93,23368.05,0.07210,23400
5928,2026-09-21 10:26:07,196755,173940,102830,36.55,9.70,2026-10-06,23900,2210,2145,0,544.40,11.59,23368.05,0.01120,23400
5930,2026-09-21 10:26:07,1223235,1155570,407550,25.30,9.84,2026-10-06,24000,34320,31785,5070,616.00,10.49,23368.05,0.02810,23400
5932,2026-09-21 10:26:07,238680,218335,122720,17.30,9.99,2026-10-06,24100,1560,1625,0,715.00,11.60,23368.05,0.00650,23400
5934,2026-09-21 10:26:07,200330,161135,111865,12.25,10.24,2026-10-06,24200,195,260,0,938.55,22.66,23368.05,0.00100,23400
5936,2026-09-21 10:26:07,177645,146705,103675,9.50,10.68,2026-10-06,24300,130,130,0,493.95,0.00,23368.05,0.00070,23400
6210,2026-09-21 10:31:06,0,0,0,0.00,0.00,2026-10-06,22300,51480,55250,38935,14.00,14.53,23368.85,,23400
6212,2026-09-21 10:31:06,0,0,0,0.00,0.00,2026-10-06,22400,59540,46410,68250,16.65,13.96,23368.85,,23400
6214,2026-09-21 10:31:06,260,455,0,925.40,10.68,2026-10-06,22500,253630,216060,182520,20.50,13.49,23368.85,975.50000,23400
6216,2026-09-21 10:31:06,65,130,0,794.00,0.00,2026-10-06,22600,120900,111865,58045,25.55,13.06,23368.85,1860.00000,23400
6218,2026-09-21 10:31:06,195,195,0,725.50,8.73,2026-10-06,22700,92495,64740,85930,33.05,12.66,23368.85,474.33330,23400
6220,2026-09-21 10:31:06,2145,2145,0,655.45,11.73,2026-10-06,22800,141960,108225,111020,42.95,12.34,23368.85,66.18180,23400
6222,2026-09-21 10:31:06,2535,2470,650,563.00,11.05,2026-10-06,22900,119600,102570,84825,55.30,11.99,23368.85,47.17950,23400
6224,2026-09-21 10:31:06,41015,40365,20020,478.60,10.82,2026-10-06,23000,386165,324805,327730,72.35,11.73,23368.85,9.41520,23400
6226,2026-09-21 10:31:06,8710,8840,2470,398.95,10.60,2026-10-06,23100,119145,98670,89700,92.65,11.38,23368.85,13.67910,23400
6228,2026-09-21 10:31:06,96590,95810,24310,328.50,10.55,2026-10-06,23200,153140,128765,106665,119.80,11.14,23368.85,1.58550,23400
6230,2026-09-21 10:31:06,203255,186160,186420,262.85,10.40,2026-10-06,23300,248625,225940,166270,152.95,10.88,23368.85,1.22320,23400
6232,2026-09-21 10:31:06,303160,227305,251615,202.85,10.15,2026-10-06,23400,248170,170690,226135,192.70,10.60,23368.85,0.81860,23400
6234,2026-09-21 10:31:06,332605,329225,226460,152.30,9.95,2026-10-06,23500,215215,174460,92690,241.50,10.38,23368.85,0.64710,23400
6236,2026-09-21 10:31:06,144365,129935,100490,111.45,9.83,2026-10-06,23600,39585,33280,28145,300.00,10.23,23368.85,0.27420,23400
6238,2026-09-21 10:31:06,218985,168025,188630,78.30,9.70,2026-10-06,23700,22490,22035,1755,364.20,9.99,23368.85,0.10270,23400
6240,2026-09-21 10:31:06,280995,245635,148330,54.00,9.65,2026-10-06,23800,20215,16250,8515,446.00,10.40,23368.85,0.07190,23400
6242,2026-09-21 10:31:06,198640,173940,109005,37.00,9.70,2026-10-06,23900,2210,2145,0,544.40,11.76,23368.85,0.01110,23400
6244,2026-09-21 10:31:06,1222520,1155570,419835,25.80,9.86,2026-10-06,24000,34320,31785,5070,616.00,10.79,23368.85,0.02810,23400
6246,2026-09-21 10:31:06,240240,218335,125710,17.45,9.98,2026-10-06,24100,1560,1625,0,715.00,11.89,23368.85,0.00650,23400
6248,2026-09-21 10:31:06,200850,161135,113750,12.15,10.19,2026-10-06,24200,195,260,0,938.55,22.80,23368.85,0.00100,23400
6250,2026-09-21 10:31:06,176670,146705,108810,9.45,10.64,2026-10-06,24300,130,130,0,493.95,0.00,23368.85,0.00070,23400
6524,2026-09-21 10:36:06,0,0,0,0.00,0.00,2026-10-06,22300,51545,55250,39845,14.00,14.50,23365.35,,23400
6526,2026-09-21 10:36:06,0,0,0,0.00,0.00,2026-10-06,22400,60905,46410,74880,16.80,13.95,23365.35,,23400
6528,2026-09-21 10:36:06,260,455,0,925.40,11.87,2026-10-06,22500,263315,216060,190645,20.70,13.46,23365.35,1012.75000,23400
6530,2026-09-21 10:36:06,65,130,0,794.00,0.00,2026-10-06,22600,122785,111865,61425,26.00,13.02,23365.35,1889.00000,23400
6532,2026-09-21 10:36:06,195,195,0,725.50,9.74,2026-10-06,22700,92950,64740,88725,33.30,12.63,23365.35,476.66670,23400
6534,2026-09-21 10:36:06,2145,2145,0,655.45,11.93,2026-10-06,22800,142155,108225,117065,43.15,12.30,23365.35,66.27270,23400
6536,2026-09-21 10:36:06,2535,2470,650,563.00,11.42,2026-10-06,22900,120055,102570,86385,56.35,12.00,23365.35,47.35900,23400
6538,2026-09-21 10:36:06,41015,40365,20020,478.60,11.12,2026-10-06,23000,388050,324805,335985,72.55,11.71,23365.35,9.46120,23400
6540,2026-09-21 10:36:06,8710,8840,2470,398.95,10.83,2026-10-06,23100,121485,98670,92755,93.70,11.36,23365.35,13.94780,23400
6542,2026-09-21 10:36:06,96720,95810,25480,326.00,10.61,2026-10-06,23200,153335,128765,108680,120.60,11.09,23365.35,1.58530,23400
6544,2026-09-21 10:36:06,202475,186160,189410,260.00,10.35,2026-10-06,23300,249600,225940,173875,153.90,10.86,23365.35,1.23270,23400
6546,2026-09-21 10:36:06,302250,227305,256035,200.10,10.14,2026-10-06,23400,249405,170690,231725,195.60,10.62,23365.35,0.82520,23400
6548,2026-09-21 10:36:06,333840,329225,233220,150.45,9.97,2026-10-06,23500,216515,174460,95615,243.70,10.35,23365.35,0.64860,23400
6550,2026-09-21 10:36:06,144755,129935,101920,109.00,9.80,2026-10-06,23600,40885,33280,30940,302.00,10.18,23365.35,0.28240,23400
6552,2026-09-21 10:36:06,216450,168025,199810,76.65,9.68,2026-10-06,23700,22555,22035,1820,368.00,10.00,23365.35,0.10420,23400
6554,2026-09-21 10:36:06,282945,245635,157690,53.15,9.67,2026-10-06,23800,20215,16250,8515,446.00,10.14,23365.35,0.07140,23400
6556,2026-09-21 10:36:06,197600,173940,114270,35.75,9.66,2026-10-06,23900,2210,2145,0,544.40,11.49,23365.35,0.01120,23400
6558,2026-09-21 10:36:06,1224925,1155570,445055,24.90,9.83,2026-10-06,24000,34320,31785,5070,616.00,10.34,23365.35,0.02800,23400
6560,2026-09-21 10:36:06,243685,218335,137995,16.75,9.93,2026-10-06,24100,1560,1625,0,715.00,11.43,23365.35,0.00640,23400
6562,2026-09-21 10:36:06,201695,161135,117845,11.75,10.18,2026-10-06,24200,195,260,0,938.55,22.58,23365.35,0.00100,23400
6564,2026-09-21 10:36:06,175500,146705,110565,9.10,10.62,2026-10-06,24300,130,130,0,493.95,0.00,23365.35,0.00070,23400
6838,2026-09-21 10:41:06,0,0,0,0.00,0.00,2026-10-06,22300,54535,55250,45760,14.10,14.51,23367.00,,23400
6840,2026-09-21 10:41:06,0,0,0,0.00,0.00,2026-10-06,22400,61165,46410,75465,16.85,13.96,23367.00,,23400
6842,2026-09-21 10:41:06,260,455,0,925.40,11.76,2026-10-06,22500,264875,216060,199745,20.90,13.49,23367.00,1018.75000,23400
6844,2026-09-21 10:41:06,65,130,0,794.00,0.00,2026-10-06,22600,123110,111865,62140,26.20,13.05,23367.00,1894.00000,23400
6846,2026-09-21 10:41:06,195,195,0,725.50,9.64,2026-10-06,22700,93080,64740,89700,33.50,12.66,23367.00,477.33330,23400
6848,2026-09-21 10:41:06,2145,2145,0,655.45,12.11,2026-10-06,22800,144300,108225,118885,43.55,12.34,23367.00,67.27270,23400
6850,2026-09-21 10:41:06,2535,2470,650,563.00,11.38,2026-10-06,22900,121160,102570,87945,56.10,11.99,23367.00,47.79490,23400
6852,2026-09-21 10:41:06,41340,40365,20475,476.25,10.92,2026-10-06,23000,388895,324805,339040,73.50,11.73,23367.00,9.40720,23400
6854,2026-09-21 10:41:06,8710,8840,2535,398.95,10.80,2026-10-06,23100,121550,98670,93145,94.15,11.40,23367.00,13.95520,23400
6856,2026-09-21 10:41:06,96980,95810,25740,325.40,10.56,2026-10-06,23200,151840,128765,127660,121.50,11.16,23367.00,1.56570,23400
6858,2026-09-21 10:41:06,202995,186160,190450,259.00,10.34,2026-10-06,23300,251615,225940,177450,155.00,10.89,23367.00,1.23950,23400
6860,2026-09-21 10:41:06,302835,227305,257855,199.45,10.07,2026-10-06,23400,253500,170690,250185,193.55,10.53,23367.00,0.83710,23400
6862,2026-09-21 10:41:06,337805,329225,244010,150.95,9.99,2026-10-06,23500,218400,174460,99385,243.35,10.35,23367.00,0.64650,23400
6864,2026-09-21 10:41:06,142480,129935,129610,108.95,9.79,2026-10-06,23600,40040,33280,31135,303.50,10.28,23367.00,0.28100,23400
6866,2026-09-21 10:41:06,217555,168025,202735,76.15,9.64,2026-10-06,23700,22620,22035,2080,370.65,10.19,23367.00,0.10400,23400
6868,2026-09-21 10:41:06,284050,245635,162825,52.75,9.63,2026-10-06,23800,20215,16250,8515,446.00,10.17,23367.00,0.07120,23400
6870,2026-09-21 10:41:06,198120,173940,116155,35.80,9.65,2026-10-06,23900,2145,2145,130,520.00,9.51,23367.00,0.01080,23400
6872,2026-09-21 10:41:06,1225510,1155570,453050,24.85,9.81,2026-10-06,24000,34320,31785,5070,616.00,10.39,23367.00,0.02800,23400
6874,2026-09-21 10:41:06,244855,218335,141050,16.70,9.93,2026-10-06,24100,1560,1625,0,715.00,11.51,23367.00,0.00640,23400
6876,2026-09-21 10:41:06,204555,161135,121940,11.60,10.15,2026-10-06,24200,195,260,0,938.55,22.61,23367.00,0.00100,23400
6878,2026-09-21 10:41:06,175890,146705,111085,9.10,10.62,2026-10-06,24300,130,130,0,493.95,0.00,23367.00,0.00070,23400
7152,2026-09-21 10:46:07,0,0,0,0.00,0.00,2026-10-06,22300,54600,55250,45890,14.10,14.68,23381.65,,23400
7154,2026-09-21 10:46:07,0,0,0,0.00,0.00,2026-10-06,22400,61620,46410,77545,16.40,14.04,23381.65,,23400
7156,2026-09-21 10:46:07,260,455,0,925.40,0.00,2026-10-06,22500,267540,216060,202735,20.10,13.57,23381.65,1029.00000,23400
7158,2026-09-21 10:46:07,65,130,0,794.00,0.00,2026-10-06,22600,121550,111865,66950,24.85,13.06,23381.65,1870.00000,23400
7160,2026-09-21 10:46:07,195,195,0,725.50,0.00,2026-10-06,22700,92625,64740,91585,32.20,12.71,23381.65,475.00000,23400
7162,2026-09-21 10:46:07,2145,2145,0,655.45,10.67,2026-10-06,22800,144625,108225,131040,41.50,12.39,23381.65,67.42420,23400
7164,2026-09-21 10:46:07,2535,2470,650,563.00,10.18,2026-10-06,22900,121810,102570,89960,53.70,12.08,23381.65,48.05130,23400
7166,2026-09-21 10:46:07,41275,40365,20540,483.10,10.48,2026-10-06,23000,391040,324805,342420,70.50,11.77,23381.65,9.47400,23400
7168,2026-09-21 10:46:07,8775,8840,2600,399.05,10.04,2026-10-06,23100,115960,98670,120185,89.25,11.41,23381.65,13.21480,23400
7170,2026-09-21 10:46:07,96915,95810,26195,332.00,10.31,2026-10-06,23200,153140,128765,131820,116.55,11.17,23381.65,1.58010,23400
7172,2026-09-21 10:46:07,211250,186160,201240,267.20,10.27,2026-10-06,23300,252655,225940,184405,147.90,10.89,23381.65,1.19600,23400
7174,2026-09-21 10:46:07,303745,227305,263640,207.00,10.05,2026-10-06,23400,253110,170690,267670,187.00,10.58,23381.65,0.83330,23400
7176,2026-09-21 10:46:07,340990,329225,248625,156.55,9.90,2026-10-06,23500,219830,174460,101400,235.60,10.40,23381.65,0.64470,23400
7178,2026-09-21 10:46:07,144950,129935,133770,113.95,9.70,2026-10-06,23600,38805,33280,35165,291.45,10.21,23381.65,0.26770,23400
7180,2026-09-21 10:46:07,220545,168025,211120,80.00,9.61,2026-10-06,23700,22620,22035,2080,370.65,10.87,23381.65,0.10260,23400
7182,2026-09-21 10:46:07,283140,245635,166985,54.90,9.54,2026-10-06,23800,20215,16250,8710,439.00,10.54,23381.65,0.07140,23400
7184,2026-09-21 10:46:07,200330,173940,122395,37.50,9.58,2026-10-06,23900,2145,2145,130,520.00,10.64,23381.65,0.01070,23400
7186,2026-09-21 10:46:07,1220375,1155570,469560,25.95,9.71,2026-10-06,24000,34320,31785,5200,603.25,10.50,23381.65,0.02810,23400
7188,2026-09-21 10:46:07,244985,218335,144300,17.40,9.83,2026-10-06,24100,1560,1625,0,715.00,12.85,23381.65,0.00640,23400
7190,2026-09-21 10:46:07,206765,161135,129675,12.00,10.04,2026-10-06,24200,195,260,0,938.55,23.39,23381.65,0.00090,23400
7192,2026-09-21 10:46:07,175305,146705,113750,9.20,10.47,2026-10-06,24300,130,130,0,493.95,0.00,23381.65,0.00070,23400
7466,2026-09-21 10:51:07,0,0,0,0.00,0.00,2026-10-06,22300,54535,55250,46085,13.45,14.53,23380.10,,23400
7468,2026-09-21 10:51:07,0,0,0,0.00,0.00,2026-10-06,22400,62270,46410,79755,16.10,13.99,23380.10,,23400
7470,2026-09-21 10:51:07,260,455,0,925.40,0.00,2026-10-06,22500,267605,216060,203775,20.15,13.55,23380.10,1029.25000,23400
7472,2026-09-21 10:51:07,65,130,0,794.00,0.00,2026-10-06,22600,122785,111865,67015,24.85,13.05,23380.10,1889.00000,23400
7474,2026-09-21 10:51:07,195,195,0,725.50,0.00,2026-10-06,22700,97890,64740,103870,32.45,12.76,23380.10,502.00000,23400
7476,2026-09-21 10:51:07,2145,2145,0,655.45,10.70,2026-10-06,22800,146120,108225,132535,42.00,12.42,23380.10,68.12120,23400
7478,2026-09-21 10:51:07,2535,2470,650,563.00,10.21,2026-10-06,22900,122850,102570,91910,54.35,12.07,23380.10,48.46150,23400
7480,2026-09-21 10:51:07,41340,40365,20605,488.10,10.88,2026-10-06,23000,393315,324805,354445,70.20,11.77,23380.10,9.51420,23400
7482,2026-09-21 10:51:07,8775,8840,2600,399.05,10.06,2026-10-06,23100,112905,98670,123955,90.90,11.47,23380.10,12.86670,23400
7484,2026-09-21 10:51:07,96655,95810,28470,332.00,10.33,2026-10-06,23200,151580,128765,139555,116.50,11.19,23380.10,1.56830,23400
7486,2026-09-21 10:51:07,207155,186160,206375,266.10,10.19,2026-10-06,23300,252135,225940,186940,149.00,10.91,23380.10,1.21710,23400
7488,2026-09-21 10:51:07,304135,227305,267150,204.55,9.93,2026-10-06,23400,253240,170690,272935,188.15,10.68,23380.10,0.83270,23400
7490,2026-09-21 10:51:07,340275,329225,251095,154.15,9.80,2026-10-06,23500,220220,174460,102050,239.80,10.62,23380.10,0.64720,23400
7492,2026-09-21 10:51:07,144820,129935,139425,111.95,9.65,2026-10-06,23600,38935,33280,37180,293.60,10.36,23380.10,0.26890,23400
7494,2026-09-21 10:51:07,222040,168025,214500,78.75,9.54,2026-10-06,23700,22620,22035,2080,370.65,10.86,23380.10,0.10190,23400
7496,2026-09-21 10:51:07,283660,245635,172575,54.45,9.52,2026-10-06,23800,20800,16250,9295,438.85,10.51,23380.10,0.07330,23400
7498,2026-09-21 10:51:07,201825,173940,129090,36.70,9.52,2026-10-06,23900,2145,2145,130,520.00,10.61,23380.10,0.01060,23400
7500,2026-09-21 10:51:07,1218815,1155570,479505,25.60,9.70,2026-10-06,24000,34320,31785,5200,603.25,10.47,23380.10,0.02820,23400
7502,2026-09-21 10:51:07,247520,218335,149695,17.15,9.80,2026-10-06,24100,1560,1625,0,715.00,12.83,23380.10,0.00630,23400
7504,2026-09-21 10:51:07,209820,161135,131560,11.85,10.03,2026-10-06,24200,195,260,0,938.55,23.38,23380.10,0.00090,23400
7506,2026-09-21 10:51:07,175825,146705,115310,9.10,10.47,2026-10-06,24300,130,130,0,493.95,0.00,23380.10,0.00070,23400
7780,2026-09-21 10:56:06,0,0,0,0.00,0.00,2026-10-06,22300,54275,55250,47515,13.25,14.47,23380.75,,23400
7782,2026-09-21 10:56:06,0,0,0,0.00,0.00,2026-10-06,22400,61295,46410,83005,15.95,13.93,23380.75,,23400
7784,2026-09-21 10:56:06,260,455,0,925.40,0.00,2026-10-06,22500,267605,216060,209950,19.95,13.49,23380.75,1029.25000,23400
7786,2026-09-21 10:56:06,65,130,0,794.00,0.00,2026-10-06,22600,122525,111865,69030,24.90,13.03,23380.75,1885.00000,23400
7788,2026-09-21 10:56:06,195,195,0,725.50,0.00,2026-10-06,22700,98540,64740,112125,32.10,12.67,23380.75,505.33330,23400
7790,2026-09-21 10:56:06,2145,2145,0,655.45,10.97,2026-10-06,22800,145600,108225,134290,41.25,12.30,23380.75,67.87880,23400
7792,2026-09-21 10:56:06,2535,2470,650,563.00,10.42,2026-10-06,22900,123110,102570,93340,53.85,11.99,23380.75,48.56410,23400
7794,2026-09-21 10:56:06,41275,40365,20670,489.00,11.10,2026-10-06,23000,392925,324805,363740,70.00,11.70,23380.75,9.51970,23400
7796,2026-09-21 10:56:06,8775,8840,2600,399.05,10.19,2026-10-06,23100,114920,98670,128375,89.70,11.34,23380.75,13.09630,23400
7798,2026-09-21 10:56:06,96525,95810,30485,332.40,10.46,2026-10-06,23200,151970,128765,143520,116.40,11.11,23380.75,1.57440,23400
7800,2026-09-21 10:56:06,212095,186160,215150,266.70,10.34,2026-10-06,23300,251225,225940,191815,149.30,10.87,23380.75,1.18450,23400
7802,2026-09-21 10:56:06,304785,227305,277355,205.00,10.03,2026-10-06,23400,252720,170690,279890,188.40,10.59,23380.75,0.82920,23400
7804,2026-09-21 10:56:06,342030,329225,256295,154.35,9.87,2026-10-06,23500,220935,174460,106470,235.65,10.32,23380.75,0.64600,23400
7806,2026-09-21 10:56:06,145340,129935,144755,112.40,9.73,2026-10-06,23600,39390,33280,38155,291.20,10.06,23380.75,0.27100,23400
7808,2026-09-21 10:56:06,222495,168025,221195,79.00,9.60,2026-10-06,23700,22620,22035,2080,370.65,10.75,23380.75,0.10170,23400
7810,2026-09-21 10:56:06,282555,245635,176995,54.55,9.57,2026-10-06,23800,20865,16250,9945,432.05,9.90,23380.75,0.07380,23400
7812,2026-09-21 10:56:06,201305,173940,130585,36.45,9.54,2026-10-06,23900,2145,2145,130,520.00,10.44,23380.75,0.01070,23400
7814,2026-09-21 10:56:06,1225120,1155570,498940,25.60,9.74,2026-10-06,24000,34190,31785,5265,600.00,9.92,23380.75,0.02790,23400
7816,2026-09-21 10:56:06,250315,218335,157300,16.95,9.83,2026-10-06,24100,1560,1625,0,715.00,12.64,23380.75,0.00620,23400
7818,2026-09-21 10:56:06,211770,161135,135135,12.00,10.09,2026-10-06,24200,195,260,0,938.55,23.25,23380.75,0.00090,23400
7820,2026-09-21 10:56:06,176410,146705,117000,9.35,10.53,2026-10-06,24300,130,130,0,493.95,0.00,23380.75,0.00070,23400
8094,2026-09-21 11:01:07,0,0,0,0.00,0.00,2026-10-06,22300,54405,55250,47710,13.35,14.59,23386.85,,23400
8096,2026-09-21 11:01:07,0,0,0,0.00,0.00,2026-10-06,22400,61295,46410,83525,15.75,13.99,23386.85,,23400
8098,2026-09-21 11:01:07,260,455,0,925.40,0.00,2026-10-06,22500,268840,216060,215410,19.70,13.55,23386.85,1034.00000,23400
8100,2026-09-21 11:01:07,65,130,0,794.00,0.00,2026-10-06,22600,122655,111865,70200,24.80,13.12,23386.85,1887.00000,23400
8102,2026-09-21 11:01:07,195,195,0,725.50,0.00,2026-10-06,22700,102895,64740,115700,31.75,12.75,23386.85,527.66670,23400
8104,2026-09-21 11:01:07,2145,2145,0,655.45,9.95,2026-10-06,22800,146380,108225,135330,40.95,12.39,23386.85,68.24240,23400
8106,2026-09-21 11:01:07,2535,2470,650,563.00,9.61,2026-10-06,22900,123760,102570,94705,52.65,12.03,23386.85,48.82050,23400
8108,2026-09-21 11:01:07,41210,40365,20735,488.10,10.47,2026-10-06,23000,392730,324805,372190,69.00,11.77,23386.85,9.53000,23400
8110,2026-09-21 11:01:07,8775,8840,2600,399.05,9.70,2026-10-06,23100,114920,98670,129805,88.80,11.45,23386.85,13.09630,23400
8112,2026-09-21 11:01:07,97110,95810,31525,334.65,10.22,2026-10-06,23200,153140,128765,145730,114.95,11.21,23386.85,1.57700,23400
8114,2026-09-21 11:01:07,208780,186160,222170,266.80,10.03,2026-10-06,23300,252590,225940,195845,147.00,10.95,23386.85,1.20980,23400
8116,2026-09-21 11:01:07,305240,227305,282360,206.20,9.83,2026-10-06,23400,254800,170690,283920,185.55,10.67,23386.85,0.83480,23400
8118,2026-09-21 11:01:07,343265,329225,261040,155.30,9.70,2026-10-06,23500,221130,174460,107900,233.05,10.46,23386.85,0.64420,23400
8120,2026-09-21 11:01:07,145470,129935,151255,112.40,9.54,2026-10-06,23600,39715,33280,38870,289.20,10.28,23386.85,0.27300,23400
8122,2026-09-21 11:01:07,223275,168025,223730,79.00,9.44,2026-10-06,23700,22620,22035,2080,370.65,11.14,23386.85,0.10130,23400
8124,2026-09-21 11:01:07,281255,245635,187200,54.65,9.43,2026-10-06,23800,20605,16250,10205,429.60,10.24,23386.85,0.07330,23400
8126,2026-09-21 11:01:07,202800,173940,135525,37.00,9.46,2026-10-06,23900,2145,2145,130,520.00,11.04,23386.85,0.01060,23400
8128,2026-09-21 11:01:07,1219205,1155570,514020,25.55,9.62,2026-10-06,24000,34255,31785,5330,600.00,10.72,23386.85,0.02810,23400
8130,2026-09-21 11:01:07,251940,218335,159380,17.25,9.76,2026-10-06,24100,1560,1625,0,715.00,13.37,23386.85,0.00620,23400
8132,2026-09-21 11:01:07,216320,161135,143065,12.15,10.01,2026-10-06,24200,195,260,0,938.55,23.70,23386.85,0.00090,23400
8134,2026-09-21 11:01:07,176540,146705,117585,9.20,10.41,2026-10-06,24300,130,130,0,493.95,0.00,23386.85,0.00070,23400
8408,2026-09-21 11:06:07,0,0,0,0.00,0.00,2026-10-06,22300,54535,55250,47970,13.25,14.62,23387.60,,23400
8410,2026-09-21 11:06:07,0,0,0,0.00,0.00,2026-10-06,22400,61295,46410,84370,15.70,14.04,23387.60,,23400
8412,2026-09-21 11:06:07,260,455,0,925.40,0.00,2026-10-06,22500,269620,216060,216970,19.55,13.57,23387.60,1037.00000,23400
8414,2026-09-21 11:06:07,65,130,0,794.00,0.00,2026-10-06,22600,122915,111865,71890,24.30,13.11,23387.60,1891.00000,23400
8416,2026-09-21 11:06:07,195,195,0,725.50,0.00,2026-10-06,22700,102765,64740,116480,31.35,12.76,23387.60,527.00000,23400
8418,2026-09-21 11:06:07,2145,2145,0,655.45,9.34,2026-10-06,22800,147225,108225,138385,40.70,12.43,23387.60,68.63640,23400
8420,2026-09-21 11:06:07,2535,2470,650,563.00,9.16,2026-10-06,22900,124475,102570,96720,52.65,12.10,23387.60,49.10260,23400
8422,2026-09-21 11:06:07,41210,40365,20800,487.10,10.09,2026-10-06,23000,395395,324805,384800,68.25,11.83,23387.60,9.59460,23400
8424,2026-09-21 11:06:07,8775,8840,2600,399.05,9.46,2026-10-06,23100,115245,98670,130780,87.90,11.47,23387.60,13.13330,23400
8426,2026-09-21 11:06:07,97110,95810,31525,334.65,10.03,2026-10-06,23200,153140,128765,147225,113.60,11.22,23387.60,1.57700,23400
8428,2026-09-21 11:06:07,209235,186160,224055,268.70,9.98,2026-10-06,23300,253890,225940,200915,145.80,10.98,23387.60,1.21340,23400
8430,2026-09-21 11:06:07,306345,227305,285155,207.20,9.75,2026-10-06,23400,255320,170690,285870,184.40,10.72,23387.60,0.83340,23400
8432,2026-09-21 11:06:07,343590,329225,264485,155.50,9.61,2026-10-06,23500,221780,174460,109590,231.65,10.52,23387.60,0.64550,23400
8434,2026-09-21 11:06:07,145730,129935,151970,113.25,9.49,2026-10-06,23600,39780,33280,38935,290.45,10.51,23387.60,0.27300,23400
8436,2026-09-21 11:06:07,223925,168025,224575,79.65,9.40,2026-10-06,23700,22620,22035,2145,357.00,10.52,23387.60,0.10100,23400
8438,2026-09-21 11:06:07,279760,245635,189995,54.75,9.37,2026-10-06,23800,20800,16250,10270,432.30,10.66,23387.60,0.07430,23400
8440,2026-09-21 11:06:07,203970,173940,136825,36.75,9.38,2026-10-06,23900,2275,2145,195,501.90,9.91,23387.60,0.01120,23400
8442,2026-09-21 11:06:07,1219335,1155570,519350,25.50,9.56,2026-10-06,24000,34190,31785,5915,598.00,10.90,23387.60,0.02800,23400
8444,2026-09-21 11:06:07,251680,218335,161005,17.15,9.69,2026-10-06,24100,1560,1625,0,715.00,13.70,23387.60,0.00620,23400
8446,2026-09-21 11:06:07,216385,161135,144170,11.95,9.93,2026-10-06,24200,195,260,0,938.55,23.93,23387.60,0.00090,23400
8448,2026-09-21 11:06:07,176735,146705,118105,9.30,10.39,2026-10-06,24300,130,130,0,493.95,0.00,23387.60,0.00070,23400
8722,2026-09-21 11:11:07,0,0,0,0.00,0.00,2026-10-06,22300,55185,55250,49270,13.30,14.59,23395.90,,23400
8724,2026-09-21 11:11:07,0,0,0,0.00,0.00,2026-10-06,22400,61360,46410,85215,15.30,13.98,23395.90,,23400
8726,2026-09-21 11:11:07,260,455,0,925.40,0.00,2026-10-06,22500,272285,216060,231140,19.10,13.53,23395.90,1047.25000,23400
8728,2026-09-21 11:11:07,65,130,0,794.00,0.00,2026-10-06,22600,122785,111865,73320,24.15,13.11,23395.90,1889.00000,23400
8730,2026-09-21 11:11:07,195,195,0,725.50,0.00,2026-10-06,22700,102895,64740,117845,30.75,12.71,23395.90,527.66670,23400
8732,2026-09-21 11:11:07,2145,2145,0,655.45,9.17,2026-10-06,22800,149110,108225,141635,39.25,12.31,23395.90,69.51520,23400
8734,2026-09-21 11:11:07,2665,2470,715,576.00,10.39,2026-10-06,22900,124410,102570,98280,51.50,12.02,23395.90,46.68290,23400
8736,2026-09-21 11:11:07,41340,40365,21060,491.05,10.31,2026-10-06,23000,395005,324805,387920,67.15,11.73,23395.90,9.55500,23400
8738,2026-09-21 11:11:07,8775,8840,2600,399.05,9.38,2026-10-06,23100,115115,98670,132405,85.85,11.42,23395.90,13.11850,23400
8740,2026-09-21 11:11:07,97110,95810,31720,335.80,10.03,2026-10-06,23200,153920,128765,149435,111.00,11.09,23395.90,1.58500,23400
8742,2026-09-21 11:11:07,204230,186160,229840,272.00,10.11,2026-10-06,23300,253890,225940,202800,143.00,10.86,23395.90,1.24320,23400
8744,2026-09-21 11:11:07,306540,227305,292045,210.00,9.81,2026-10-06,23400,257985,170690,293995,180.20,10.64,23395.90,0.84160,23400
8746,2026-09-21 11:11:07,345345,329225,269620,159.00,9.73,2026-10-06,23500,222755,174460,112190,227.25,10.33,23395.90,0.64500,23400
8748,2026-09-21 11:11:07,146640,129935,156975,115.00,9.56,2026-10-06,23600,39780,33280,39780,284.20,10.22,23395.90,0.27130,23400
8750,2026-09-21 11:11:07,223340,168025,227110,80.65,9.44,2026-10-06,23700,22685,22035,2340,352.00,10.28,23395.90,0.10160,23400
8752,2026-09-21 11:11:07,280800,245635,194090,55.60,9.41,2026-10-06,23800,20800,16250,10270,432.30,10.73,23395.90,0.07410,23400
8754,2026-09-21 11:11:07,204360,173940,138515,37.30,9.41,2026-10-06,23900,2275,2145,195,501.90,10.01,23395.90,0.01110,23400
8756,2026-09-21 11:11:07,1219010,1155570,524875,25.65,9.57,2026-10-06,24000,33735,31785,6175,595.00,10.74,23395.90,0.02770,23400
8758,2026-09-21 11:11:07,253370,218335,163670,17.15,9.67,2026-10-06,24100,1560,1625,0,715.00,13.78,23395.90,0.00620,23400
8760,2026-09-21 11:11:07,215995,161135,144950,12.10,9.93,2026-10-06,24200,195,260,0,938.55,23.99,23395.90,0.00090,23400
8762,2026-09-21 11:11:07,176345,146705,119210,9.20,10.36,2026-10-06,24300,130,130,0,493.95,0.00,23395.90,0.00070,23400
9036,2026-09-21 11:16:07,0,0,0,0.00,0.00,2026-10-06,22300,55250,55250,49920,13.00,14.59,23396.05,,23400
9038,2026-09-21 11:16:07,0,0,0,0.00,0.00,2026-10-06,22400,62270,46410,86580,15.25,13.98,23396.05,,23400
9040,2026-09-21 11:16:07,260,455,0,925.40,0.00,2026-10-06,22500,271440,216060,236990,19.00,13.52,23396.05,1044.00000,23400
9042,2026-09-21 11:16:07,65,130,0,794.00,0.00,2026-10-06,22600,125775,111865,78585,23.70,13.06,23396.05,1935.00000,23400
9044,2026-09-21 11:16:07,195,195,0,725.50,0.00,2026-10-06,22700,105365,64740,120640,30.60,12.71,23396.05,540.33330,23400
9046,2026-09-21 11:16:07,2145,2145,65,660.00,9.69,2026-10-06,22800,154310,108225,150280,39.35,12.33,23396.05,71.93940,23400
9048,2026-09-21 11:16:07,2665,2470,715,576.00,10.31,2026-10-06,22900,124605,102570,100425,51.00,11.99,23396.05,46.75610,23400
9050,2026-09-21 11:16:07,41340,40365,21255,494.05,10.48,2026-10-06,23000,398450,324805,403260,66.50,11.70,23396.05,9.63840,23400
9052,2026-09-21 11:16:07,12545,8840,9880,415.25,10.44,2026-10-06,23100,117195,98670,137410,85.90,11.38,23396.05,9.34200,23400
9054,2026-09-21 11:16:07,97175,95810,35035,337.20,10.08,2026-10-06,23200,155220,128765,151905,110.50,11.08,23396.05,1.59730,23400
9056,2026-09-21 11:16:07,203710,186160,232115,272.40,10.11,2026-10-06,23300,253240,225940,206570,142.65,10.86,23396.05,1.24310,23400
9058,2026-09-21 11:16:07,308490,227305,301080,208.90,9.77,2026-10-06,23400,260975,170690,299585,180.55,10.60,23396.05,0.84600,23400
9060,2026-09-21 11:16:07,346970,329225,275470,157.80,9.67,2026-10-06,23500,225290,174460,117000,228.15,10.41,23396.05,0.64930,23400
9062,2026-09-21 11:16:07,147160,129935,160875,115.35,9.57,2026-10-06,23600,39845,33280,39975,281.95,10.13,23396.05,0.27080,23400
9064,2026-09-21 11:16:07,226720,168025,234065,81.05,9.45,2026-10-06,23700,22685,22035,2340,352.00,10.32,23396.05,0.10010,23400
9066,2026-09-21 11:16:07,281710,245635,198640,55.65,9.40,2026-10-06,23800,20800,16250,10270,432.30,10.78,23396.05,0.07380,23400
9068,2026-09-21 11:16:07,204880,173940,140465,37.60,9.42,2026-10-06,23900,2340,2145,260,502.35,10.12,23396.05,0.01140,23400
9070,2026-09-21 11:16:07,1219985,1155570,536510,25.95,9.58,2026-10-06,24000,34125,31785,6630,591.00,10.45,23396.05,0.02800,23400
9072,2026-09-21 11:16:07,253630,218335,166140,17.30,9.69,2026-10-06,24100,1560,1625,0,715.00,13.87,23396.05,0.00620,23400
9074,2026-09-21 11:16:07,216190,161135,146380,12.00,9.92,2026-10-06,24200,195,260,0,938.55,24.05,23396.05,0.00090,23400
9076,2026-09-21 11:16:07,175630,146705,122850,9.30,10.36,2026-10-06,24300,130,130,0,493.95,0.00,23396.05,0.00070,23400
9350,2026-09-21 11:21:06,0,0,0,0.00,0.00,2026-10-06,22300,55510,55250,50115,13.10,14.54,23393.30,,23400
9352,2026-09-21 11:21:06,0,0,0,0.00,0.00,2026-10-06,22400,62205,46410,87035,15.70,14.01,23393.30,,23400
9354,2026-09-21 11:21:06,260,455,0,925.40,0.00,2026-10-06,22500,285220,216060,267280,19.55,13.55,23393.30,1097.00000,23400
9356,2026-09-21 11:21:06,65,130,0,794.00,0.00,2026-10-06,22600,129155,111865,83070,24.20,13.08,23393.30,1987.00000,23400
9358,2026-09-21 11:21:06,195,195,0,725.50,0.00,2026-10-06,22700,103675,64740,126295,31.05,12.70,23393.30,531.66670,23400
9360,2026-09-21 11:21:06,2145,2145,65,660.00,10.33,2026-10-06,22800,153985,108225,156390,39.85,12.31,23393.30,71.78790,23400
9362,2026-09-21 11:21:06,2665,2470,845,573.20,10.48,2026-10-06,22900,124410,102570,101140,51.80,11.99,23393.30,46.68290,23400
9364,2026-09-21 11:21:06,41340,40365,21255,494.05,10.82,2026-10-06,23000,400985,324805,422175,67.75,11.71,23393.30,9.69970,23400
9366,2026-09-21 11:21:06,12545,8840,10140,407.35,10.19,2026-10-06,23100,118560,98670,140400,87.05,11.38,23393.30,9.45080,23400
9368,2026-09-21 11:21:06,97240,95810,35425,333.40,10.07,2026-10-06,23200,155220,128765,154895,112.55,11.10,23393.30,1.59630,23400
9370,2026-09-21 11:21:06,204815,186160,234585,268.75,10.09,2026-10-06,23300,261950,225940,228215,145.15,10.89,23393.30,1.27900,23400
9372,2026-09-21 11:21:06,309595,227305,305110,207.40,9.82,2026-10-06,23400,261820,170690,304070,182.35,10.58,23393.30,0.84570,23400
9374,2026-09-21 11:21:06,349050,329225,280345,155.75,9.69,2026-10-06,23500,227500,174460,121160,230.30,10.37,23393.30,0.65180,23400
9376,2026-09-21 11:21:06,147940,129935,162435,112.50,9.51,2026-10-06,23600,39715,33280,40235,287.05,10.23,23393.30,0.26850,23400
9378,2026-09-21 11:21:06,226785,168025,234845,78.85,9.41,2026-10-06,23700,22620,22035,2470,351.90,10.10,23393.30,0.09970,23400
9380,2026-09-21 11:21:06,280540,245635,203905,54.70,9.41,2026-10-06,23800,20800,16250,10270,432.30,10.51,23393.30,0.07410,23400
9382,2026-09-21 11:21:06,205855,173940,142480,37.00,9.45,2026-10-06,23900,2340,2145,260,502.35,9.76,23393.30,0.01140,23400
9384,2026-09-21 11:21:06,1236235,1155570,563875,25.75,9.63,2026-10-06,24000,34255,31785,7150,602.00,11.05,23393.30,0.02770,23400
9386,2026-09-21 11:21:06,254865,218335,171535,17.25,9.74,2026-10-06,24100,1560,1625,0,715.00,13.50,23393.30,0.00610,23400
9388,2026-09-21 11:21:06,222560,161135,156975,12.05,9.98,2026-10-06,24200,195,260,0,938.55,23.80,23393.30,0.00090,23400
9390,2026-09-21 11:21:06,175240,146705,126425,9.05,10.35,2026-10-06,24300,130,130,0,493.95,0.00,23393.30,0.00070,23400
9664,2026-09-21 11:26:06,0,0,0,0.00,0.00,2026-10-06,22300,55510,55250,50115,13.10,14.59,23393.85,,23400
9666,2026-09-21 11:26:06,0,0,0,0.00,0.00,2026-10-06,22400,62140,46410,89635,15.70,14.04,23393.85,,23400
9668,2026-09-21 11:26:06,260,455,0,925.40,0.00,2026-10-06,22500,296725,216060,292110,19.65,13.61,23393.85,1141.25000,23400
9670,2026-09-21 11:26:06,65,130,0,794.00,0.00,2026-10-06,22600,129285,111865,85800,24.00,13.08,23393.85,1989.00000,23400
9672,2026-09-21 11:26:06,195,195,0,725.50,0.00,2026-10-06,22700,103805,64740,126425,30.70,12.70,23393.85,532.33330,23400
9674,2026-09-21 11:26:06,2145,2145,65,660.00,9.93,2026-10-06,22800,156325,108225,158795,39.35,12.31,23393.85,72.87880,23400
9676,2026-09-21 11:26:06,2665,2470,845,573.20,10.22,2026-10-06,22900,123825,102570,102505,51.35,12.00,23393.85,46.46340,23400
9678,2026-09-21 11:26:06,41275,40365,21320,493.00,10.54,2026-10-06,23000,401245,324805,424970,66.85,11.70,23393.85,9.72130,23400
9680,2026-09-21 11:26:06,12545,8840,10140,407.35,10.01,2026-10-06,23100,118625,98670,141830,85.65,11.34,23393.85,9.45600,23400
9682,2026-09-21 11:26:06,96980,95810,35555,336.00,10.09,2026-10-06,23200,155805,128765,157560,111.10,11.09,23393.85,1.60660,23400
9684,2026-09-21 11:26:06,208195,186160,239395,271.85,10.15,2026-10-06,23300,255060,225940,231140,142.50,10.83,23393.85,1.22510,23400
9686,2026-09-21 11:26:06,310570,227305,310700,209.00,9.84,2026-10-06,23400,263315,170690,309400,180.35,10.53,23393.85,0.84780,23400
9688,2026-09-21 11:26:06,350610,329225,286260,157.70,9.72,2026-10-06,23500,227890,174460,122915,228.25,10.36,23393.85,0.65000,23400
9690,2026-09-21 11:26:06,150800,129935,167570,114.00,9.53,2026-10-06,23600,39715,33280,40365,284.20,10.19,23393.85,0.26340,23400
9692,2026-09-21 11:26:06,226590,168025,236470,81.30,9.50,2026-10-06,23700,22620,22035,2470,351.90,10.24,23393.85,0.09980,23400
9694,2026-09-21 11:26:06,281190,245635,207155,55.55,9.42,2026-10-06,23800,20800,16250,10270,432.30,10.69,23393.85,0.07400,23400
9696,2026-09-21 11:26:06,205595,173940,142935,38.00,9.48,2026-10-06,23900,2340,2145,260,502.35,9.99,23393.85,0.01140,23400
9698,2026-09-21 11:26:06,1237925,1155570,568490,26.05,9.61,2026-10-06,24000,33865,31785,7410,593.00,10.48,23393.85,0.02740,23400
9700,2026-09-21 11:26:06,254020,218335,174135,17.35,9.72,2026-10-06,24100,1560,1625,0,715.00,13.74,23393.85,0.00610,23400
9702,2026-09-21 11:26:06,221845,161135,158210,12.15,9.96,2026-10-06,24200,195,260,0,938.55,23.96,23393.85,0.00090,23400
9704,2026-09-21 11:26:06,175110,146705,127855,9.15,10.36,2026-10-06,24300,130,130,0,493.95,0.00,23393.85,0.00070,23400
9978,2026-09-21 11:31:06,0,0,0,0.00,0.00,2026-10-06,22300,55445,55250,52650,12.85,14.60,23400.40,,23400
9980,2026-09-21 11:31:06,0,0,0,0.00,0.00,2026-10-06,22400,62010,46410,95940,15.40,14.07,23400.40,,23400
9982,2026-09-21 11:31:06,260,455,0,925.40,0.00,2026-10-06,22500,318630,216060,312845,19.40,13.64,23400.40,1225.50000,23400
9984,2026-09-21 11:31:06,65,130,0,794.00,0.00,2026-10-06,22600,129675,111865,88530,23.85,13.14,23400.40,1995.00000,23400
9986,2026-09-21 11:31:06,195,195,0,725.50,0.00,2026-10-06,22700,103545,64740,127010,30.45,12.76,23400.40,531.00000,23400
9988,2026-09-21 11:31:06,2145,2145,65,660.00,9.03,2026-10-06,22800,156325,108225,158925,39.50,12.41,23400.40,72.87880,23400
9990,2026-09-21 11:31:06,2665,2470,845,573.20,9.57,2026-10-06,22900,124150,102570,106210,50.75,12.04,23400.40,46.58540,23400
9992,2026-09-21 11:31:06,41210,40365,21385,494.15,10.18,2026-10-06,23000,402025,324805,430040,65.25,11.69,23400.40,9.75550,23400
9994,2026-09-21 11:31:06,12545,8840,10140,407.35,9.65,2026-10-06,23100,118690,98670,142220,86.00,11.47,23400.40,9.46110,23400
9996,2026-09-21 11:31:06,96980,95810,35620,341.00,10.11,2026-10-06,23200,156130,128765,159055,109.55,11.12,23400.40,1.60990,23400
9998,2026-09-21 11:31:06,204555,186160,247910,275.50,10.11,2026-10-06,23300,254865,225940,232180,141.00,10.88,23400.40,1.24590,23400
10000,2026-09-21 11:31:06,312325,227305,315445,210.00,9.70,2026-10-06,23400,264745,170690,314275,178.95,10.62,23400.40,0.84770,23400
10002,2026-09-21 11:31:06,353860,329225,293540,159.35,9.64,2026-10-06,23500,230425,174460,126555,225.85,10.43,23400.40,0.65120,23400
10004,2026-09-21 11:31:06,150995,129935,169065,116.00,9.51,2026-10-06,23600,39715,33280,40430,281.65,10.42,23400.40,0.26300,23400
10006,2026-09-21 11:31:06,229450,168025,244530,81.50,9.39,2026-10-06,23700,22620,22035,2470,351.90,10.52,23400.40,0.09860,23400
10008,2026-09-21 11:31:06,281385,245635,208455,56.00,9.35,2026-10-06,23800,20865,16250,10335,426.00,10.61,23400.40,0.07420,23400
10010,2026-09-21 11:31:06,203905,173940,148070,38.05,9.39,2026-10-06,23900,2340,2145,260,502.35,10.43,23400.40,0.01150,23400
10012,2026-09-21 11:31:06,1239615,1155570,575380,26.20,9.55,2026-10-06,24000,34060,31785,7995,597.05,11.37,23400.40,0.02750,23400
10014,2026-09-21 11:31:06,253890,218335,178685,17.45,9.66,2026-10-06,24100,1560,1625,0,715.00,14.19,23400.40,0.00610,23400
10016,2026-09-21 11:31:06,222105,161135,164125,12.00,9.87,2026-10-06,24200,195,260,0,938.55,24.28,23400.40,0.00090,23400
10018,2026-09-21 11:31:06,174655,146705,130130,9.20,10.31,2026-10-06,24300,130,130,0,493.95,0.00,23400.40,0.00070,23400
10292,2026-09-21 11:36:07,0,0,0,0.00,0.00,2026-10-06,22300,55445,55250,52650,12.85,14.59,23399.30,,23400
10294,2026-09-21 11:36:07,0,0,0,0.00,0.00,2026-10-06,22400,63830,46410,98150,15.65,14.08,23399.30,,23400
10296,2026-09-21 11:36:07,260,455,0,925.40,0.00,2026-10-06,22500,323180,216060,326625,19.50,13.64,23399.30,1243.00000,23400
10298,2026-09-21 11:36:07,65,130,0,794.00,0.00,2026-10-06,22600,129740,111865,91715,23.80,13.11,23399.30,1996.00000,23400
10300,2026-09-21 11:36:07,195,195,0,725.50,0.00,2026-10-06,22700,101985,64740,130845,30.60,12.74,23399.30,523.00000,23400
10302,2026-09-21 11:36:07,2145,2145,65,660.00,9.37,2026-10-06,22800,157495,108225,162175,39.10,12.34,23399.30,73.42420,23400
10304,2026-09-21 11:36:07,2860,2470,1170,585.00,10.98,2026-10-06,22900,124215,102570,106925,49.95,11.95,23399.30,43.43180,23400
10306,2026-09-21 11:36:07,41210,40365,21580,498.80,10.71,2026-10-06,23000,402090,324805,435045,66.15,11.72,23399.30,9.75710,23400
10308,2026-09-21 11:36:07,12545,8840,10140,407.35,9.79,2026-10-06,23100,118300,98670,144885,85.10,11.38,23399.30,9.43010,23400
10310,2026-09-21 11:36:07,96850,95810,37310,339.15,10.10,2026-10-06,23200,155870,128765,162695,109.85,11.09,23399.30,1.60940,23400
10312,2026-09-21 11:36:07,196040,186160,264225,271.00,9.95,2026-10-06,23300,254670,225940,234780,141.55,10.88,23399.30,1.29910,23400
10314,2026-09-21 11:36:07,312715,227305,321100,209.20,9.73,2026-10-06,23400,264160,170690,318695,179.80,10.60,23399.30,0.84470,23400
10316,2026-09-21 11:36:07,360230,329225,304785,158.30,9.62,2026-10-06,23500,233935,174460,132665,225.30,10.38,23399.30,0.64940,23400
10318,2026-09-21 11:36:07,151580,129935,171340,115.90,9.55,2026-10-06,23600,39585,33280,40625,283.95,10.32,23399.30,0.26110,23400
10320,2026-09-21 11:36:07,230555,168025,248430,81.10,9.41,2026-10-06,23700,22750,22035,2600,346.00,10.07,23399.30,0.09870,23400
10322,2026-09-21 11:36:07,281840,245635,211315,55.85,9.38,2026-10-06,23800,20865,16250,10335,426.00,10.48,23399.30,0.07400,23400
10324,2026-09-21 11:36:07,204295,173940,150215,38.20,9.41,2026-10-06,23900,2340,2145,260,502.35,10.27,23399.30,0.01150,23400
10326,2026-09-21 11:36:07,1253265,1155570,600405,26.45,9.60,2026-10-06,24000,33865,31785,8775,588.00,10.36,23399.30,0.02700,23400
10328,2026-09-21 11:36:07,254475,218335,183690,17.60,9.70,2026-10-06,24100,1560,1625,0,715.00,14.04,23399.30,0.00610,23400
10330,2026-09-21 11:36:07,223145,161135,168025,12.30,9.95,2026-10-06,24200,195,260,0,938.55,24.17,23399.30,0.00090,23400
10332,2026-09-21 11:36:07,173550,146705,131560,9.20,10.33,2026-10-06,24300,130,130,0,493.95,0.00,23399.30,0.00070,23400
10606,2026-09-21 11:41:06,0,0,0,0.00,0.00,2026-10-06,22300,55965,55250,54600,13.15,14.62,23399.45,,23400
10608,2026-09-21 11:41:06,0,0,0,0.00,0.00,2026-10-06,22400,63700,46410,98930,15.60,14.04,23399.45,,23400
10610,2026-09-21 11:41:06,455,455,195,942.00,0.00,2026-10-06,22500,322790,216060,329745,19.50,13.61,23399.45,709.42860,23400
10612,2026-09-21 11:41:06,65,130,0,794.00,0.00,2026-10-06,22600,132990,111865,95160,23.90,13.09,23399.45,2046.00000,23400
10614,2026-09-21 11:41:06,195,195,0,725.50,0.00,2026-10-06,22700,101920,64740,131430,30.45,12.70,23399.45,522.66670,23400
10616,2026-09-21 11:41:06,2145,2145,65,660.00,9.72,2026-10-06,22800,157495,108225,163670,39.30,12.33,23399.45,73.42420,23400
10618,2026-09-21 11:41:06,2860,2470,1170,585.00,11.18,2026-10-06,22900,124800,102570,108615,50.50,11.96,23399.45,43.63640,23400
10620,2026-09-21 11:41:06,41275,40365,21710,491.40,10.30,2026-10-06,23000,403845,324805,446420,66.15,11.68,23399.45,9.78430,23400
10622,2026-09-21 11:41:06,12415,8840,10530,412.90,10.31,2026-10-06,23100,117845,98670,146900,85.95,11.38,23399.45,9.49210,23400
10624,2026-09-21 11:41:06,96395,95810,37440,336.10,10.03,2026-10-06,23200,156065,128765,164775,110.75,11.10,23399.45,1.61900,23400
10626,2026-09-21 11:41:06,198250,186160,268385,270.95,10.04,2026-10-06,23300,255320,225940,237575,142.50,10.86,23399.45,1.28790,23400
10628,2026-09-21 11:41:06,314990,227305,329225,207.55,9.72,2026-10-06,23400,265980,170690,324610,179.95,10.55,23399.45,0.84440,23400
10630,2026-09-21 11:41:06,367315,329225,314665,157.30,9.65,2026-10-06,23500,239200,174460,139685,227.40,10.36,23399.45,0.65120,23400
10632,2026-09-21 11:41:06,151060,129935,173290,113.75,9.49,2026-10-06,23600,39650,33280,40820,282.20,10.14,23399.45,0.26250,23400
10634,2026-09-21 11:41:06,231270,168025,251355,80.40,9.41,2026-10-06,23700,22685,22035,3120,351.40,10.28,23399.45,0.09810,23400
10636,2026-09-21 11:41:06,285220,245635,218530,55.10,9.37,2026-10-06,23800,20930,16250,10465,423.45,10.18,23399.45,0.07340,23400
10638,2026-09-21 11:41:06,204945,173940,151775,37.40,9.41,2026-10-06,23900,2340,2145,260,502.35,10.10,23399.45,0.01140,23400
10640,2026-09-21 11:41:06,1257555,1155570,608010,26.00,9.60,2026-10-06,24000,34125,31785,9360,589.25,10.26,23399.45,0.02710,23400
10642,2026-09-21 11:41:06,254800,218335,185640,17.25,9.69,2026-10-06,24100,1560,1625,0,715.00,13.86,23399.45,0.00610,23400
10644,2026-09-21 11:41:06,223210,161135,168350,11.90,9.90,2026-10-06,24200,195,260,0,938.55,24.05,23399.45,0.00090,23400
10646,2026-09-21 11:41:06,173550,146705,135590,8.95,10.30,2026-10-06,24300,130,130,0,493.95,0.00,23399.45,0.00070,23400
10920,2026-09-21 11:46:06,0,0,0,0.00,0.00,2026-10-06,22300,55835,55250,55055,13.20,14.69,23402.55,,23400
10922,2026-09-21 11:46:06,0,0,0,0.00,0.00,2026-10-06,22400,63635,46410,100425,15.80,14.14,23402.55,,23400
10924,2026-09-21 11:46:06,455,455,195,942.00,0.00,2026-10-06,22500,320190,216060,340405,19.25,13.64,23402.55,703.71430,23400
10926,2026-09-21 11:46:06,65,130,0,794.00,0.00,2026-10-06,22600,132860,111865,97955,23.70,13.14,23402.55,2044.00000,23400
10928,2026-09-21 11:46:06,195,195,0,725.50,0.00,2026-10-06,22700,102635,64740,133705,30.25,12.74,23402.55,526.33330,23400
10930,2026-09-21 11:46:06,2275,2145,390,667.55,10.07,2026-10-06,22800,158145,108225,165880,38.30,12.33,23402.55,69.51430,23400
10932,2026-09-21 11:46:06,2860,2470,1170,585.00,10.75,2026-10-06,22900,125320,102570,112580,49.60,11.96,23402.55,43.81820,23400
10934,2026-09-21 11:46:06,41275,40365,21775,498.10,10.47,2026-10-06,23000,403910,324805,466700,65.65,11.73,23402.55,9.78580,23400
10936,2026-09-21 11:46:06,12870,8840,11700,417.05,10.30,2026-10-06,23100,119015,98670,151060,84.15,11.37,23402.55,9.24750,23400
10938,2026-09-21 11:46:06,96330,95810,37960,341.35,10.11,2026-10-06,23200,157820,128765,168740,108.50,11.07,23402.55,1.63830,23400
10940,2026-09-21 11:46:06,198835,186160,272090,274.00,10.02,2026-10-06,23300,257140,225940,240955,140.20,10.85,23402.55,1.29320,23400
10942,2026-09-21 11:46:06,317135,227305,333125,211.75,9.78,2026-10-06,23400,268970,170690,330135,177.00,10.53,23402.55,0.84810,23400
10944,2026-09-21 11:46:06,370695,329225,320775,160.25,9.68,2026-10-06,23500,242190,174460,143650,224.50,10.37,23402.55,0.65330,23400
10946,2026-09-21 11:46:06,151645,129935,174135,115.80,9.49,2026-10-06,23600,39780,33280,41405,280.50,10.23,23402.55,0.26230,23400
10948,2026-09-21 11:46:06,231270,168025,253695,82.00,9.40,2026-10-06,23700,22685,22035,3120,351.40,10.51,23402.55,0.09810,23400
10950,2026-09-21 11:46:06,286520,245635,220805,56.25,9.37,2026-10-06,23800,20930,16250,11180,420.00,10.23,23402.55,0.07300,23400
10952,2026-09-21 11:46:06,205465,173940,153530,38.20,9.41,2026-10-06,23900,2340,2145,260,502.35,10.46,23402.55,0.01140,23400
10954,2026-09-21 11:46:06,1258465,1155570,621725,27.00,9.61,2026-10-06,24000,34255,31785,9490,589.25,10.71,23402.55,0.02720,23400
10956,2026-09-21 11:46:06,254605,218335,187525,17.65,9.67,2026-10-06,24100,1560,1625,0,715.00,14.24,23402.55,0.00610,23400
10958,2026-09-21 11:46:06,223795,161135,170625,12.20,9.90,2026-10-06,24200,195,260,0,938.55,24.31,23402.55,0.00090,23400
10960,2026-09-21 11:46:06,174265,146705,142220,9.00,10.25,2026-10-06,24300,130,130,0,493.95,0.00,23402.55,0.00070,23400
11234,2026-09-21 11:51:07,0,0,0,0.00,0.00,2026-10-06,22300,55185,55250,56030,13.05,14.65,23400.10,,23400
11236,2026-09-21 11:51:07,0,0,0,0.00,0.00,2026-10-06,22400,64285,46410,100685,15.80,14.13,23400.10,,23400
11238,2026-09-21 11:51:07,455,455,195,942.00,0.00,2026-10-06,22500,319670,216060,344175,19.40,13.64,23400.10,702.57140,23400
11240,2026-09-21 11:51:07,65,130,0,794.00,0.00,2026-10-06,22600,134810,111865,98280,24.10,13.17,23400.10,2074.00000,23400
11242,2026-09-21 11:51:07,195,195,0,725.50,0.00,2026-10-06,22700,103025,64740,134355,30.75,12.78,23400.10,528.33330,23400
11244,2026-09-21 11:51:07,2340,2145,910,659.15,9.02,2026-10-06,22800,158275,108225,167245,38.65,12.32,23400.10,67.63890,23400
11246,2026-09-21 11:51:07,2860,2470,1170,585.00,10.87,2026-10-06,22900,128505,102570,115310,50.25,11.99,23400.10,44.93180,23400
11248,2026-09-21 11:51:07,41145,40365,22100,494.65,10.29,2026-10-06,23000,410410,324805,477165,65.15,11.67,23400.10,9.97470,23400
11250,2026-09-21 11:51:07,12675,8840,11830,414.15,10.19,2026-10-06,23100,119080,98670,151775,84.00,11.33,23400.10,9.39490,23400
11252,2026-09-21 11:51:07,96265,95810,38220,339.95,10.09,2026-10-06,23200,158080,128765,171015,109.20,11.09,23400.10,1.64210,23400
11254,2026-09-21 11:51:07,197470,186160,276900,273.55,10.05,2026-10-06,23300,257465,225940,242580,140.45,10.80,23400.10,1.30380,23400
11256,2026-09-21 11:51:07,317850,227305,334165,211.65,9.82,2026-10-06,23400,269555,170690,332150,177.85,10.54,23400.10,0.84810,23400
11258,2026-09-21 11:51:07,370760,329225,332345,159.45,9.67,2026-10-06,23500,243100,174460,147550,224.25,10.31,23400.10,0.65570,23400
11260,2026-09-21 11:51:07,152425,129935,175955,114.60,9.45,2026-10-06,23600,39715,33280,41600,282.60,10.30,23400.10,0.26060,23400
11262,2026-09-21 11:51:07,231335,168025,254930,81.05,9.38,2026-10-06,23700,22425,22035,3705,345.65,10.11,23400.10,0.09690,23400
11264,2026-09-21 11:51:07,287300,245635,223145,55.80,9.36,2026-10-06,23800,21125,16250,11245,424.05,10.43,23400.10,0.07350,23400
11266,2026-09-21 11:51:07,205790,173940,154505,37.65,9.38,2026-10-06,23900,2340,2145,260,502.35,10.37,23400.10,0.01140,23400
11268,2026-09-21 11:51:07,1270750,1155570,635895,26.10,9.55,2026-10-06,24000,34255,31785,9555,592.00,10.85,23400.10,0.02700,23400
11270,2026-09-21 11:51:07,268970,218335,206115,17.25,9.64,2026-10-06,24100,1560,1625,0,715.00,14.14,23400.10,0.00580,23400
11272,2026-09-21 11:51:07,233610,161135,188760,11.80,9.86,2026-10-06,24200,195,260,0,938.55,24.24,23400.10,0.00080,23400
11274,2026-09-21 11:51:07,176995,146705,149240,8.90,10.25,2026-10-06,24300,130,130,0,493.95,0.00,23400.10,0.00070,23400
11548,2026-09-21 11:56:07,0,0,0,0.00,0.00,2026-10-06,22300,62725,55250,73255,11.95,14.56,23418.50,,23400
11550,2026-09-21 11:56:07,0,0,0,0.00,0.00,2026-10-06,22400,74880,46410,125905,14.20,13.98,23418.50,,23400
11552,2026-09-21 11:56:07,455,455,195,942.00,0.00,2026-10-06,22500,315705,216060,410475,17.65,13.52,23418.50,693.85710,23400
11554,2026-09-21 11:56:07,65,130,0,794.00,0.00,2026-10-06,22600,139620,111865,105625,21.90,13.06,23418.50,2148.00000,23400
11556,2026-09-21 11:56:07,195,195,0,725.50,0.00,2026-10-06,22700,101920,64740,137085,28.35,12.69,23418.50,522.66670,23400
11558,2026-09-21 11:56:07,2275,2145,1105,671.90,8.50,2026-10-06,22800,157105,108225,172835,36.20,12.30,23418.50,69.05710,23400
11560,2026-09-21 11:56:07,2860,2470,2145,547.25,0.00,2026-10-06,22900,130520,102570,118300,46.95,11.93,23418.50,45.63640,23400
11562,2026-09-21 11:56:07,41145,40365,22295,505.00,10.04,2026-10-06,23000,407940,324805,487500,61.30,11.63,23418.50,9.91470,23400
11564,2026-09-21 11:56:07,12870,8840,12285,421.50,9.81,2026-10-06,23100,118885,98670,154895,80.05,11.34,23418.50,9.23740,23400
11566,2026-09-21 11:56:07,96200,95810,39455,348.90,9.93,2026-10-06,23200,161785,128765,177970,102.85,11.04,23418.50,1.68180,23400
11568,2026-09-21 11:56:07,195000,186160,281645,282.85,9.99,2026-10-06,23300,257010,225940,252265,132.65,10.74,23418.50,1.31800,23400
11570,2026-09-21 11:56:07,320385,227305,349180,219.40,9.76,2026-10-06,23400,273845,170690,346905,168.55,10.44,23418.50,0.85470,23400
11572,2026-09-21 11:56:07,368810,329225,342680,166.10,9.62,2026-10-06,23500,248820,174460,159055,213.05,10.19,23418.50,0.67470,23400
11574,2026-09-21 11:56:07,153595,129935,179075,120.95,9.38,2026-10-06,23600,40755,33280,44135,268.55,10.18,23418.50,0.26530,23400
11576,2026-09-21 11:56:07,231790,168025,264095,86.00,9.39,2026-10-06,23700,22230,22035,4875,334.00,10.19,23418.50,0.09590,23400
11578,2026-09-21 11:56:07,288795,245635,231075,59.30,9.35,2026-10-06,23800,21125,16250,11245,424.05,11.22,23418.50,0.07310,23400
11580,2026-09-21 11:56:07,207545,173940,163865,40.10,9.35,2026-10-06,23900,3380,2145,1300,487.85,10.28,23418.50,0.01630,23400
11582,2026-09-21 11:56:07,1277640,1155570,654940,27.80,9.53,2026-10-06,24000,34255,31785,9685,576.70,10.73,23418.50,0.02680,23400
11584,2026-09-21 11:56:07,264485,218335,213005,18.30,9.58,2026-10-06,24100,1560,1625,0,715.00,15.17,23418.50,0.00590,23400
11586,2026-09-21 11:56:07,235690,161135,193570,12.40,9.78,2026-10-06,24200,195,260,0,938.55,24.99,23418.50,0.00080,23400
11588,2026-09-21 11:56:07,180180,146705,164320,9.00,10.10,2026-10-06,24300,130,130,0,493.95,0.00,23418.50,0.00070,23400
11862,2026-09-21 12:01:07,0,0,0,0.00,0.00,2026-10-06,22300,63180,55250,77545,12.15,14.71,23430.95,,23400
11864,2026-09-21 12:01:07,0,0,0,0.00,0.00,2026-10-06,22400,73775,46410,126620,14.55,14.16,23430.95,,23400
11866,2026-09-21 12:01:07,455,455,195,942.00,0.00,2026-10-06,22500,307060,216060,424515,17.80,13.67,23430.95,674.85710,23400
11868,2026-09-21 12:01:07,65,130,0,794.00,0.00,2026-10-06,22600,138905,111865,109655,22.10,13.20,23430.95,2137.00000,23400
11870,2026-09-21 12:01:07,195,195,0,725.50,0.00,2026-10-06,22700,101530,64740,140530,28.55,12.85,23430.95,520.66670,23400
11872,2026-09-21 12:01:07,2275,2145,1105,671.90,0.00,2026-10-06,22800,155350,108225,183820,36.45,12.44,23430.95,68.28570,23400
11874,2026-09-21 12:01:07,2860,2470,2145,547.25,0.00,2026-10-06,22900,127335,102570,127855,47.25,12.09,23430.95,44.52270,23400
11876,2026-09-21 12:01:07,41015,40365,23140,514.00,10.01,2026-10-06,23000,411125,324805,497315,61.25,11.79,23430.95,10.02380,23400
11878,2026-09-21 12:01:07,12740,8840,12415,430.65,9.85,2026-10-06,23100,119470,98670,160355,79.25,11.49,23430.95,9.37760,23400
11880,2026-09-21 12:01:07,95940,95810,40885,356.65,9.93,2026-10-06,23200,162760,128765,192270,102.15,11.17,23430.95,1.69650,23400
11882,2026-09-21 12:01:07,192660,186160,293735,287.00,9.83,2026-10-06,23300,258245,225940,262080,131.80,10.89,23430.95,1.34040,23400
11884,2026-09-21 12:01:07,321555,227305,368225,222.20,9.58,2026-10-06,23400,275990,170690,361530,167.15,10.67,23430.95,0.85830,23400
11886,2026-09-21 12:01:07,377585,329225,361140,169.10,9.51,2026-10-06,23500,261235,174460,175110,210.60,10.36,23430.95,0.69190,23400
11888,2026-09-21 12:01:07,153335,129935,183235,122.20,9.30,2026-10-06,23600,41210,33280,45435,266.50,10.33,23430.95,0.26880,23400
11890,2026-09-21 12:01:07,228800,168025,272220,87.10,9.24,2026-10-06,23700,22230,22035,5135,332.95,10.46,23430.95,0.09720,23400
11892,2026-09-21 12:01:07,292695,245635,244075,60.25,9.22,2026-10-06,23800,21255,16250,12220,403.00,10.39,23430.95,0.07260,23400
11894,2026-09-21 12:01:07,211250,173940,176930,40.40,9.23,2026-10-06,23900,3380,2145,1300,487.85,10.92,23430.95,0.01600,23400
11896,2026-09-21 12:01:07,1210040,1155570,775645,27.70,9.38,2026-10-06,24000,34580,31785,10400,572.85,11.18,23430.95,0.02860,23400
11898,2026-09-21 12:01:07,255255,218335,239005,18.30,9.48,2026-10-06,24100,1560,1625,0,715.00,15.82,23430.95,0.00610,23400
11900,2026-09-21 12:01:07,231920,161135,208455,12.40,9.67,2026-10-06,24200,195,260,0,938.55,25.47,23430.95,0.00080,23400
11902,2026-09-21 12:01:07,185120,146705,185705,9.05,10.01,2026-10-06,24300,130,130,0,493.95,0.00,23430.95,0.00070,23400
12176,2026-09-21 12:06:07,0,0,0,0.00,0.00,2026-10-06,22300,62725,55250,79820,12.20,14.68,23423.65,,23400
12178,2026-09-21 12:06:07,0,0,0,0.00,0.00,2026-10-06,22400,73255,46410,128245,14.65,14.16,23423.65,,23400
12180,2026-09-21 12:06:07,455,455,195,942.00,0.00,2026-10-06,22500,309855,216060,431860,18.30,13.72,23423.65,681.00000,23400
12182,2026-09-21 12:06:07,65,130,0,794.00,0.00,2026-10-06,22600,138970,111865,111150,22.75,13.24,23423.65,2138.00000,23400
12184,2026-09-21 12:06:07,195,195,0,725.50,0.00,2026-10-06,22700,102440,64740,143455,29.05,12.86,23423.65,525.33330,23400
12186,2026-09-21 12:06:07,2275,2145,1105,671.90,6.16,2026-10-06,22800,153270,108225,188370,37.35,12.50,23423.65,67.37140,23400
12188,2026-09-21 12:06:07,2860,2470,2145,547.25,0.00,2026-10-06,22900,121745,102570,136240,48.05,12.13,23423.65,42.56820,23400
12190,2026-09-21 12:06:07,40885,40365,23335,509.90,9.93,2026-10-06,23000,413270,324805,509080,62.80,11.84,23423.65,10.10810,23400
12192,2026-09-21 12:06:07,12610,8840,12805,429.40,9.98,2026-10-06,23100,119990,98670,162565,80.90,11.49,23423.65,9.51550,23400
12194,2026-09-21 12:06:07,96330,95810,41405,353.95,9.93,2026-10-06,23200,161850,128765,205010,104.40,11.23,23423.65,1.68020,23400
12196,2026-09-21 12:06:07,193180,186160,295620,283.10,9.75,2026-10-06,23300,258765,225940,265265,134.00,10.97,23423.65,1.33950,23400
12198,2026-09-21 12:06:07,322465,227305,379470,220.05,9.58,2026-10-06,23400,275860,170690,369525,170.05,10.69,23423.65,0.85550,23400
12200,2026-09-21 12:06:07,381225,329225,370825,166.75,9.48,2026-10-06,23500,266175,174460,182000,214.30,10.45,23423.65,0.69820,23400
12202,2026-09-21 12:06:07,154115,129935,187070,120.80,9.32,2026-10-06,23600,41535,33280,45760,268.90,10.34,23423.65,0.26950,23400
12204,2026-09-21 12:06:07,230165,168025,276250,85.50,9.24,2026-10-06,23700,21840,22035,5785,333.00,10.31,23423.65,0.09490,23400
12206,2026-09-21 12:06:07,288925,245635,254215,59.00,9.22,2026-10-06,23800,21255,16250,12415,406.95,10.46,23423.65,0.07360,23400
12208,2026-09-21 12:06:07,214500,173940,181870,39.80,9.24,2026-10-06,23900,3380,2145,1300,487.85,10.70,23423.65,0.01580,23400
12210,2026-09-21 12:06:07,1217125,1155570,793195,27.60,9.42,2026-10-06,24000,34645,31785,10595,572.00,10.84,23423.65,0.02850,23400
12212,2026-09-21 12:06:07,251615,218335,241930,18.50,9.55,2026-10-06,24100,1560,1625,0,715.00,15.45,23423.65,0.00620,23400
12214,2026-09-21 12:06:07,238550,161135,223470,12.40,9.70,2026-10-06,24200,195,260,0,938.55,25.31,23423.65,0.00080,23400
12216,2026-09-21 12:06:07,183885,146705,187720,9.20,10.09,2026-10-06,24300,130,130,0,493.95,0.00,23423.65,0.00070,23400
12490,2026-09-21 12:11:08,0,0,0,0.00,0.00,2026-10-06,22300,62725,55250,81705,12.55,14.69,23418.05,,23400
12492,2026-09-21 12:11:08,0,0,0,0.00,0.00,2026-10-06,22400,74165,46410,128700,14.75,14.11,23418.05,,23400
12494,2026-09-21 12:11:08,455,455,195,942.00,0.00,2026-10-06,22500,308620,216060,433485,18.35,13.64,23418.05,678.28570,23400
12496,2026-09-21 12:11:08,65,130,0,794.00,0.00,2026-10-06,22600,138645,111865,111475,22.65,13.15,23418.05,2133.00000,23400
12498,2026-09-21 12:11:08,195,195,0,725.50,0.00,2026-10-06,22700,103675,64740,146055,29.15,12.79,23418.05,531.66670,23400
12500,2026-09-21 12:11:08,2275,2145,1105,671.90,9.05,2026-10-06,22800,153530,108225,193440,37.35,12.37,23418.05,67.48570,23400
12502,2026-09-21 12:11:08,2860,2470,2145,547.25,0.00,2026-10-06,22900,121940,102570,138385,48.45,12.06,23418.05,42.63640,23400
12504,2026-09-21 12:11:08,40625,40365,23790,506.00,10.32,2026-10-06,23000,414050,324805,512720,63.00,11.75,23418.05,10.19200,23400
12506,2026-09-21 12:11:08,12610,8840,12935,428.00,10.44,2026-10-06,23100,120380,98670,164840,81.45,11.43,23418.05,9.54640,23400
12508,2026-09-21 12:11:08,94575,95810,45175,350.00,10.04,2026-10-06,23200,156650,128765,219245,104.65,11.09,23418.05,1.65640,23400
12510,2026-09-21 12:11:08,194285,186160,304590,281.00,9.92,2026-10-06,23300,259415,225940,269555,134.70,10.85,23418.05,1.33520,23400
12512,2026-09-21 12:11:08,321620,227305,395070,219.25,9.77,2026-10-06,23400,278785,170690,377520,171.30,10.57,23418.05,0.86680,23400
12514,2026-09-21 12:11:08,380965,329225,374725,164.75,9.57,2026-10-06,23500,267150,174460,184990,216.05,10.32,23418.05,0.70120,23400
12516,2026-09-21 12:11:08,154115,129935,188370,120.00,9.43,2026-10-06,23600,41795,33280,46540,272.95,10.30,23418.05,0.27120,23400
12518,2026-09-21 12:11:08,232180,168025,280865,84.50,9.32,2026-10-06,23700,21905,22035,6370,336.15,10.19,23418.05,0.09430,23400
12520,2026-09-21 12:11:08,289835,245635,255775,58.40,9.30,2026-10-06,23800,21255,16250,12415,406.95,10.08,23418.05,0.07330,23400
12522,2026-09-21 12:11:08,215410,173940,184405,39.30,9.31,2026-10-06,23900,3380,2145,1300,487.85,10.23,23418.05,0.01570,23400
12524,2026-09-21 12:11:08,1216930,1155570,804830,27.10,9.47,2026-10-06,24000,34840,31785,10725,572.00,10.06,23418.05,0.02860,23400
12526,2026-09-21 12:11:08,259610,218335,257075,17.80,9.55,2026-10-06,24100,1560,1625,0,715.00,15.14,23418.05,0.00600,23400
12528,2026-09-21 12:11:08,242190,161135,224575,12.25,9.77,2026-10-06,24200,195,260,0,938.55,24.86,23418.05,0.00080,23400
12530,2026-09-21 12:11:08,186095,146705,198575,9.00,10.13,2026-10-06,24300,130,130,0,493.95,0.00,23418.05,0.00070,23400
12804,2026-09-21 12:16:07,0,0,0,0.00,0.00,2026-10-06,22300,62725,55250,82355,12.45,14.68,23419.65,,23400
12806,2026-09-21 12:16:07,0,0,0,0.00,0.00,2026-10-06,22400,74360,46410,129415,14.75,14.10,23419.65,,23400
12808,2026-09-21 12:16:07,455,455,195,942.00,0.00,2026-10-06,22500,309790,216060,437385,18.30,13.66,23419.65,680.85710,23400
12810,2026-09-21 12:16:07,65,130,0,794.00,0.00,2026-10-06,22600,138515,111865,111735,22.55,13.15,23419.65,2131.00000,23400
12812,2026-09-21 12:16:07,195,195,0,725.50,0.00,2026-10-06,22700,102895,64740,149370,29.10,12.80,23419.65,527.66670,23400
12814,2026-09-21 12:16:07,2275,2145,1105,671.90,8.27,2026-10-06,22800,152555,108225,198055,37.30,12.42,23419.65,67.05710,23400
12816,2026-09-21 12:16:07,2860,2470,2145,547.25,0.00,2026-10-06,22900,122590,102570,139100,48.45,12.08,23419.65,42.86360,23400
12818,2026-09-21 12:16:07,40625,40365,23855,513.45,10.65,2026-10-06,23000,412425,324805,524290,62.55,11.74,23419.65,10.15200,23400
12820,2026-09-21 12:16:07,12610,8840,12935,428.00,10.22,2026-10-06,23100,120510,98670,165490,80.90,11.43,23419.65,9.55670,23400
12822,2026-09-21 12:16:07,94185,95810,45890,352.15,10.09,2026-10-06,23200,151385,128765,229515,104.50,11.13,23419.65,1.60730,23400
12824,2026-09-21 12:16:07,194480,186160,306475,284.55,10.05,2026-10-06,23300,259740,225940,272545,134.70,10.89,23419.65,1.33560,23400
12826,2026-09-21 12:16:07,323440,227305,400595,219.60,9.74,2026-10-06,23400,279370,170690,382915,169.80,10.54,23419.65,0.86370,23400
12828,2026-09-21 12:16:07,383435,329225,379990,165.80,9.58,2026-10-06,23500,269490,174460,188890,213.65,10.25,23419.65,0.70280,23400
12830,2026-09-21 12:16:07,154180,129935,189215,120.80,9.44,2026-10-06,23600,42055,33280,46735,270.25,10.22,23419.65,0.27280,23400
12832,2026-09-21 12:16:07,232245,168025,282880,85.95,9.37,2026-10-06,23700,21840,22035,6565,334.80,10.19,23419.65,0.09400,23400
12834,2026-09-21 12:16:07,290810,245635,257790,58.95,9.31,2026-10-06,23800,21255,16250,12415,406.95,10.18,23419.65,0.07310,23400
12836,2026-09-21 12:16:07,218075,173940,188695,39.50,9.30,2026-10-06,23900,3380,2145,1300,487.85,10.35,23419.65,0.01550,23400
12838,2026-09-21 12:16:07,1216540,1155570,808535,27.20,9.46,2026-10-06,24000,35165,31785,11570,571.60,10.36,23419.65,0.02890,23400
12840,2026-09-21 12:16:07,258570,218335,260260,18.00,9.55,2026-10-06,24100,1560,1625,0,715.00,15.26,23419.65,0.00600,23400
12842,2026-09-21 12:16:07,242515,161135,225485,12.35,9.77,2026-10-06,24200,195,260,0,938.55,25.05,23419.65,0.00080,23400
12844,2026-09-21 12:16:07,187265,146705,198900,9.15,10.15,2026-10-06,24300,130,130,0,493.95,0.00,23419.65,0.00070,23400
13118,2026-09-21 12:21:07,0,0,0,0.00,0.00,2026-10-06,22300,63570,55250,83330,12.50,14.69,23417.80,,23400
13120,2026-09-21 12:21:07,0,0,0,0.00,0.00,2026-10-06,22400,75010,46410,129545,14.75,14.10,23417.80,,23400
13122,2026-09-21 12:21:07,455,455,195,942.00,0.00,2026-10-06,22500,310765,216060,439400,18.40,13.67,23417.80,683.00000,23400
13124,2026-09-21 12:21:07,65,130,0,794.00,0.00,2026-10-06,22600,138515,111865,111865,22.50,13.15,23417.80,2131.00000,23400
13126,2026-09-21 12:21:07,195,195,0,725.50,0.00,2026-10-06,22700,101855,64740,151320,29.10,12.79,23417.80,522.33330,23400
13128,2026-09-21 12:21:07,2275,2145,1105,671.90,8.42,2026-10-06,22800,152620,108225,198705,37.45,12.42,23417.80,67.08570,23400
13130,2026-09-21 12:21:07,2860,2470,2145,547.25,0.00,2026-10-06,22900,122590,102570,139945,48.00,12.04,23417.80,42.86360,23400
13132,2026-09-21 12:21:07,40690,40365,23985,509.80,10.41,2026-10-06,23000,414635,324805,530790,62.55,11.73,23417.80,10.19010,23400
13134,2026-09-21 12:21:07,12610,8840,13065,428.80,10.31,2026-10-06,23100,120510,98670,167830,80.75,11.41,23417.80,9.55670,23400
13136,2026-09-21 12:21:07,93730,95810,46345,352.25,10.13,2026-10-06,23200,152490,128765,231270,104.35,11.11,23417.80,1.62690,23400
13138,2026-09-21 12:21:07,194350,186160,307580,281.60,9.91,2026-10-06,23300,260260,225940,273845,133.45,10.80,23417.80,1.33910,23400
13140,2026-09-21 12:21:07,324805,227305,404755,220.15,9.79,2026-10-06,23400,281515,170690,388245,169.40,10.51,23417.80,0.86670,23400
13142,2026-09-21 12:21:07,384020,329225,385645,167.15,9.64,2026-10-06,23500,273585,174460,194220,214.50,10.28,23417.80,0.71240,23400
13144,2026-09-21 12:21:07,153725,129935,191620,121.65,9.50,2026-10-06,23600,42055,33280,47450,269.00,10.12,23417.80,0.27360,23400
13146,2026-09-21 12:21:07,232505,168025,286065,85.80,9.38,2026-10-06,23700,21840,22035,6565,334.80,10.15,23417.80,0.09390,23400
13148,2026-09-21 12:21:07,291590,245635,261950,59.00,9.32,2026-10-06,23800,21255,16250,12480,405.15,10.02,23417.80,0.07290,23400
13150,2026-09-21 12:21:07,218920,173940,190775,39.60,9.32,2026-10-06,23900,3380,2145,1300,487.85,10.30,23417.80,0.01540,23400
13152,2026-09-21 12:21:07,1217775,1155570,813215,27.20,9.47,2026-10-06,24000,35230,31785,12090,576.60,10.75,23417.80,0.02890,23400
13154,2026-09-21 12:21:07,261625,218335,271050,17.80,9.53,2026-10-06,24100,1560,1625,0,715.00,15.22,23417.80,0.00600,23400
13156,2026-09-21 12:21:07,242515,161135,233220,12.20,9.75,2026-10-06,24200,195,260,0,938.55,25.02,23417.80,0.00080,23400
13158,2026-09-21 12:21:07,188110,146705,202475,8.95,10.10,2026-10-06,24300,130,130,0,493.95,0.00,23417.80,0.00070,23400
13432,2026-09-21 12:26:07,0,0,0,0.00,0.00,2026-10-06,22300,63570,55250,83330,12.50,14.68,23415.85,,23400
13434,2026-09-21 12:26:07,0,0,0,0.00,0.00,2026-10-06,22400,75010,46410,129675,14.90,14.11,23415.85,,23400
13436,2026-09-21 12:26:07,455,455,195,942.00,0.00,2026-10-06,22500,310700,216060,441220,18.50,13.66,23415.85,682.85710,23400
13438,2026-09-21 12:26:07,65,130,0,794.00,0.00,2026-10-06,22600,138645,111865,112580,22.70,13.15,23415.85,2133.00000,23400
13440,2026-09-21 12:26:07,195,195,0,725.50,0.00,2026-10-06,22700,101725,64740,152750,29.30,12.79,23415.85,521.66670,23400
13442,2026-09-21 12:26:07,2275,2145,1105,671.90,8.88,2026-10-06,22800,152750,108225,203255,37.35,12.39,23415.85,67.14290,23400
13444,2026-09-21 12:26:07,2860,2470,2145,547.25,0.00,2026-10-06,22900,122590,102570,140530,48.60,12.06,23415.85,42.86360,23400
13446,2026-09-21 12:26:07,40690,40365,24050,508.00,10.42,2026-10-06,23000,416130,324805,533910,63.25,11.75,23415.85,10.22680,23400
13448,2026-09-21 12:26:07,12610,8840,13065,428.80,10.44,2026-10-06,23100,119795,98670,169325,81.60,11.42,23415.85,9.50000,23400
13450,2026-09-21 12:26:07,93405,95810,47190,352.00,10.22,2026-10-06,23200,153205,128765,234000,105.50,11.14,23415.85,1.64020,23400
13452,2026-09-21 12:26:07,194545,186160,309920,282.10,10.03,2026-10-06,23300,258765,225940,277420,135.00,10.84,23415.85,1.33010,23400
13454,2026-09-21 12:26:07,324935,227305,409500,218.30,9.76,2026-10-06,23400,284180,170690,396045,171.15,10.57,23415.85,0.87460,23400
13456,2026-09-21 12:26:07,388245,329225,399880,164.95,9.64,2026-10-06,23500,275275,174460,204490,216.55,10.32,23415.85,0.70900,23400
13458,2026-09-21 12:26:07,154505,129935,195130,120.00,9.46,2026-10-06,23600,42380,33280,49595,272.60,10.25,23415.85,0.27430,23400
13460,2026-09-21 12:26:07,232570,168025,287040,84.35,9.34,2026-10-06,23700,21840,22035,6565,334.80,10.06,23415.85,0.09390,23400
13462,2026-09-21 12:26:07,291980,245635,265785,57.95,9.29,2026-10-06,23800,21255,16250,12480,405.15,9.90,23415.85,0.07280,23400
13464,2026-09-21 12:26:07,219570,173940,198185,39.05,9.31,2026-10-06,23900,3315,2145,1365,481.70,9.67,23415.85,0.01510,23400
13466,2026-09-21 12:26:07,1218815,1155570,831090,27.00,9.48,2026-10-06,24000,35230,31785,12155,573.65,10.31,23415.85,0.02890,23400
13468,2026-09-21 12:26:07,271505,218335,298220,17.45,9.52,2026-10-06,24100,1560,1625,0,715.00,15.08,23415.85,0.00570,23400
13470,2026-09-21 12:26:07,251745,161135,249600,11.80,9.70,2026-10-06,24200,195,260,0,938.55,24.89,23415.85,0.00080,23400
13472,2026-09-21 12:26:07,192985,146705,210080,8.90,10.12,2026-10-06,24300,130,130,0,493.95,0.00,23415.85,0.00070,23400
13746,2026-09-21 12:31:08,0,0,0,0.00,0.00,2026-10-06,22300,63635,55250,83525,12.40,14.71,23422.40,,23400
13748,2026-09-21 12:31:08,0,0,0,0.00,0.00,2026-10-06,22400,75010,46410,130065,14.75,14.16,23422.40,,23400
13750,2026-09-21 12:31:08,455,455,585,963.85,0.00,2026-10-06,22500,310180,216060,446030,18.30,13.69,23422.40,681.71430,23400
13752,2026-09-21 12:31:08,65,130,0,794.00,0.00,2026-10-06,22600,138840,111865,113685,22.50,13.19,23422.40,2136.00000,23400
13754,2026-09-21 12:31:08,195,195,0,725.50,0.00,2026-10-06,22700,101855,64740,152880,28.60,12.79,23422.40,522.33330,23400
13756,2026-09-21 12:31:08,2275,2145,1105,671.90,7.48,2026-10-06,22800,154895,108225,206830,36.95,12.43,23422.40,68.08570,23400
13758,2026-09-21 12:31:08,2860,2470,2145,547.25,0.00,2026-10-06,22900,124280,102570,143910,47.80,12.08,23422.40,43.45450,23400
13760,2026-09-21 12:31:08,40690,40365,24245,512.00,10.32,2026-10-06,23000,416195,324805,537940,61.80,11.73,23422.40,10.22840,23400
13762,2026-09-21 12:31:08,12610,8840,13195,428.80,10.08,2026-10-06,23100,119925,98670,171015,79.60,11.39,23422.40,9.51030,23400
13764,2026-09-21 12:31:08,93405,95810,47515,352.05,9.95,2026-10-06,23200,154115,128765,235820,103.35,11.13,23422.40,1.65000,23400
13766,2026-09-21 12:31:08,194025,186160,311480,283.00,9.85,2026-10-06,23300,258180,225940,279110,133.15,10.87,23422.40,1.33070,23400
13768,2026-09-21 12:31:08,325000,227305,415350,221.85,9.73,2026-10-06,23400,287170,170690,402090,168.65,10.55,23422.40,0.88360,23400
13770,2026-09-21 12:31:08,389675,329225,409695,168.05,9.57,2026-10-06,23500,277810,174460,209300,213.40,10.35,23422.40,0.71290,23400
13772,2026-09-21 12:31:08,152945,129935,197860,122.05,9.41,2026-10-06,23600,42315,33280,52455,270.00,10.32,23422.40,0.27670,23400
13774,2026-09-21 12:31:08,232570,168025,288080,85.80,9.31,2026-10-06,23700,21840,22035,6630,333.45,10.23,23422.40,0.09390,23400
13776,2026-09-21 12:31:08,292890,245635,267215,59.25,9.28,2026-10-06,23800,21255,16250,12480,405.15,10.23,23422.40,0.07260,23400
13778,2026-09-21 12:31:08,219895,173940,199160,40.00,9.28,2026-10-06,23900,3315,2145,1365,481.70,10.07,23422.40,0.01510,23400
13780,2026-09-21 12:31:08,1226290,1155570,844220,27.50,9.45,2026-10-06,24000,35295,31785,12740,573.30,10.75,23422.40,0.02880,23400
13782,2026-09-21 12:31:08,277095,218335,306150,17.80,9.49,2026-10-06,24100,1560,1625,0,715.00,15.45,23422.40,0.00560,23400
13784,2026-09-21 12:31:08,262470,161135,255190,12.20,9.70,2026-10-06,24200,195,260,0,938.55,25.20,23422.40,0.00070,23400
13786,2026-09-21 12:31:08,194220,146705,212810,8.95,10.07,2026-10-06,24300,130,130,0,493.95,0.00,23422.40,0.00070,23400
14060,2026-09-21 12:36:07,0,0,0,0.00,0.00,2026-10-06,22300,64090,55250,84240,12.55,14.71,23414.45,,23400
14062,2026-09-21 12:36:07,0,0,0,0.00,0.00,2026-10-06,22400,75010,46410,130455,14.65,14.10,23414.45,,23400
14064,2026-09-21 12:36:07,4160,455,5525,958.00,0.00,2026-10-06,22500,310245,216060,452530,18.30,13.67,23414.45,74.57810,23400
14066,2026-09-21 12:36:07,65,130,0,794.00,0.00,2026-10-06,22600,138710,111865,114205,22.80,13.20,23414.45,2134.00000,23400
14068,2026-09-21 12:36:07,195,195,0,725.50,0.00,2026-10-06,22700,101855,64740,153205,29.30,12.83,23414.45,522.33330,23400
14070,2026-09-21 12:36:07,2275,2145,1105,671.90,8.21,2026-10-06,22800,155415,108225,209170,37.60,12.46,23414.45,68.31430,23400
14072,2026-09-21 12:36:07,2860,2470,2145,547.25,0.00,2026-10-06,22900,124605,102570,144560,48.30,12.08,23414.45,43.56820,23400
14074,2026-09-21 12:36:07,40560,40365,24570,509.95,10.35,2026-10-06,23000,415805,324805,542035,62.55,11.76,23414.45,10.25160,23400
14076,2026-09-21 12:36:07,12610,8840,13325,428.80,10.26,2026-10-06,23100,119600,98670,171210,80.80,11.43,23414.45,9.48450,23400
14078,2026-09-21 12:36:07,93275,95810,48165,352.00,10.07,2026-10-06,23200,154050,128765,236405,105.00,11.17,23414.45,1.65160,23400
14080,2026-09-21 12:36:07,194480,186160,315315,280.35,9.81,2026-10-06,23300,258050,225940,280215,135.00,10.91,23414.45,1.32690,23400
14082,2026-09-21 12:36:07,325455,227305,424905,218.95,9.70,2026-10-06,23400,287950,170690,408200,170.80,10.60,23414.45,0.88480,23400
14084,2026-09-21 12:36:07,392535,329225,421005,164.70,9.52,2026-10-06,23500,280475,174460,218985,215.00,10.34,23414.45,0.71450,23400
14086,2026-09-21 12:36:07,152945,129935,200070,120.65,9.42,2026-10-06,23600,41145,33280,53950,270.65,10.25,23414.45,0.26900,23400
14088,2026-09-21 12:36:07,232440,168025,288730,85.00,9.32,2026-10-06,23700,21775,22035,7085,335.80,10.26,23414.45,0.09370,23400
14090,2026-09-21 12:36:07,293215,245635,268775,58.20,9.25,2026-10-06,23800,21320,16250,12545,408.45,10.29,23414.45,0.07270,23400
14092,2026-09-21 12:36:07,220415,173940,199550,39.20,9.27,2026-10-06,23900,3315,2145,1365,481.70,9.90,23414.45,0.01500,23400
14094,2026-09-21 12:36:07,1226940,1155570,847015,27.05,9.45,2026-10-06,24000,36010,31785,13065,573.05,10.51,23414.45,0.02930,23400
14096,2026-09-21 12:36:07,277485,218335,306670,17.60,9.51,2026-10-06,24100,1560,1625,0,715.00,15.28,23414.45,0.00560,23400
14098,2026-09-21 12:36:07,262275,161135,256035,12.25,9.75,2026-10-06,24200,195,260,0,938.55,25.08,23414.45,0.00070,23400
14100,2026-09-21 12:36:07,193765,146705,214175,9.00,10.10,2026-10-06,24300,130,130,0,493.95,0.00,23414.45,0.00070,23400
14374,2026-09-21 12:41:07,0,0,0,0.00,0.00,2026-10-06,22300,64090,55250,84240,12.55,14.68,23412.15,,23400
14376,2026-09-21 12:41:07,0,0,0,0.00,0.00,2026-10-06,22400,75335,46410,130715,14.90,14.10,23412.15,,23400
14378,2026-09-21 12:41:07,4160,455,5525,958.00,0.00,2026-10-06,22500,311025,216060,452985,18.50,13.64,23412.15,74.76560,23400
14380,2026-09-21 12:41:07,65,130,0,794.00,0.00,2026-10-06,22600,138710,111865,114335,22.70,13.14,23412.15,2134.00000,23400
14382,2026-09-21 12:41:07,195,195,0,725.50,0.00,2026-10-06,22700,101465,64740,154960,29.50,12.80,23412.15,520.33330,23400
14384,2026-09-21 12:41:07,2275,2145,1105,671.90,9.16,2026-10-06,22800,155740,108225,209560,37.60,12.39,23412.15,68.45710,23400
14386,2026-09-21 12:41:07,2860,2470,2145,547.25,0.00,2026-10-06,22900,124735,102570,146510,49.15,12.09,23412.15,43.61360,23400
14388,2026-09-21 12:41:07,43420,40365,31265,506.00,10.37,2026-10-06,23000,415740,324805,544830,63.10,11.72,23412.15,9.57490,23400
14390,2026-09-21 12:41:07,12740,8840,13585,427.00,10.41,2026-10-06,23100,119275,98670,172575,81.40,11.39,23412.15,9.36220,23400
14392,2026-09-21 12:41:07,93275,95810,48165,352.00,10.29,2026-10-06,23200,153790,128765,237315,105.60,11.12,23412.15,1.64880,23400
14394,2026-09-21 12:41:07,194090,186160,315380,279.85,9.96,2026-10-06,23300,257595,225940,280800,136.10,10.87,23412.15,1.32720,23400
14396,2026-09-21 12:41:07,325000,227305,431340,218.10,9.80,2026-10-06,23400,289055,170690,411190,172.60,10.58,23412.15,0.88940,23400
14398,2026-09-21 12:41:07,396305,329225,426530,164.15,9.62,2026-10-06,23500,284440,174460,223665,216.50,10.28,23412.15,0.71770,23400
14400,2026-09-21 12:41:07,151970,129935,201565,118.30,9.40,2026-10-06,23600,41795,33280,55445,274.00,10.27,23412.15,0.27500,23400
14402,2026-09-21 12:41:07,232830,168025,289835,83.45,9.32,2026-10-06,23700,21905,22035,7605,336.20,10.09,23412.15,0.09410,23400
14404,2026-09-21 12:41:07,293280,245635,269165,57.65,9.30,2026-10-06,23800,21320,16250,12545,408.45,10.05,23412.15,0.07270,23400
14406,2026-09-21 12:41:07,220350,173940,201305,39.20,9.35,2026-10-06,23900,3315,2145,1365,481.70,9.57,23412.15,0.01500,23400
14408,2026-09-21 12:41:07,1227135,1155570,848445,26.55,9.45,2026-10-06,24000,36010,31785,13065,573.05,10.12,23412.15,0.02930,23400
14410,2026-09-21 12:41:07,277615,218335,307450,17.55,9.55,2026-10-06,24100,1560,1625,0,715.00,14.98,23412.15,0.00560,23400
14412,2026-09-21 12:41:07,262145,161135,257335,12.15,9.80,2026-10-06,24200,195,260,0,938.55,24.86,23412.15,0.00070,23400
14414,2026-09-21 12:41:07,192595,146705,216125,8.95,10.15,2026-10-06,24300,130,130,0,493.95,0.00,23412.15,0.00070,23400
14688,2026-09-21 12:46:07,0,0,0,0.00,0.00,2026-10-06,22300,71370,55250,94640,12.20,14.62,23415.75,,23400
14690,2026-09-21 12:46:07,0,0,0,0.00,0.00,2026-10-06,22400,75205,46410,132665,14.65,14.08,23415.75,,23400
14692,2026-09-21 12:46:07,4160,455,5525,958.00,0.00,2026-10-06,22500,312390,216060,467935,18.30,13.64,23415.75,75.09380,23400
14694,2026-09-21 12:46:07,65,130,0,794.00,0.00,2026-10-06,22600,138320,111865,116285,22.45,13.14,23415.75,2128.00000,23400
14696,2026-09-21 12:46:07,195,195,0,725.50,0.00,2026-10-06,22700,100620,64740,156780,28.75,12.74,23415.75,516.00000,23400
14698,2026-09-21 12:46:07,2275,2145,1105,671.90,8.67,2026-10-06,22800,155350,108225,211965,37.00,12.37,23415.75,68.28570,23400
14700,2026-09-21 12:46:07,2860,2470,2145,547.25,0.00,2026-10-06,22900,124215,102570,150930,47.80,12.01,23415.75,43.43180,23400
14702,2026-09-21 12:46:07,44785,40365,33540,507.30,10.29,2026-10-06,23000,416715,324805,547495,62.90,11.75,23415.75,9.30480,23400
14704,2026-09-21 12:46:07,12740,8840,13585,427.00,10.25,2026-10-06,23100,119080,98670,175305,80.75,11.39,23415.75,9.34690,23400
14706,2026-09-21 12:46:07,93275,95810,48165,352.00,10.17,2026-10-06,23200,153400,128765,238875,104.65,11.12,23415.75,1.64460,23400
14708,2026-09-21 12:46:07,193830,186160,316680,282.70,10.03,2026-10-06,23300,257075,225940,283270,134.00,10.81,23415.75,1.32630,23400
14710,2026-09-21 12:46:07,323245,227305,441350,219.70,9.81,2026-10-06,23400,291850,170690,420355,170.90,10.56,23415.75,0.90290,23400
14712,2026-09-21 12:46:07,403910,329225,442585,166.70,9.69,2026-10-06,23500,290875,174460,238095,214.40,10.25,23415.75,0.72010,23400
14714,2026-09-21 12:46:07,152100,129935,205595,121.00,9.49,2026-10-06,23600,48360,33280,66560,272.00,10.25,23415.75,0.31790,23400
14716,2026-09-21 12:46:07,234065,168025,291785,85.00,9.36,2026-10-06,23700,21905,22035,7605,336.20,10.20,23415.75,0.09360,23400
14718,2026-09-21 12:46:07,293215,245635,270335,58.50,9.31,2026-10-06,23800,21970,16250,13650,408.35,10.18,23415.75,0.07490,23400
14720,2026-09-21 12:46:07,220805,173940,201825,39.70,9.34,2026-10-06,23900,3315,2145,1365,481.70,9.75,23415.75,0.01500,23400
14722,2026-09-21 12:46:07,1229540,1155570,852475,26.95,9.46,2026-10-06,24000,36010,31785,13650,576.25,10.64,23415.75,0.02930,23400
14724,2026-09-21 12:46:07,277550,218335,308360,17.60,9.53,2026-10-06,24100,1560,1625,0,715.00,15.11,23415.75,0.00560,23400
14726,2026-09-21 12:46:07,263120,161135,259350,12.05,9.74,2026-10-06,24200,195,260,0,938.55,24.98,23415.75,0.00070,23400
14728,2026-09-21 12:46:07,191295,146705,218595,8.90,10.12,2026-10-06,24300,130,130,0,493.95,0.00,23415.75,0.00070,23400
15002,2026-09-21 12:51:07,0,0,0,0.00,0.00,2026-10-06,22300,71370,55250,94640,12.20,14.59,23413.00,,23400
15004,2026-09-21 12:51:07,0,0,0,0.00,0.00,2026-10-06,22400,75595,46410,135005,14.75,14.07,23413.00,,23400
15006,2026-09-21 12:51:07,5460,455,5590,957.00,0.00,2026-10-06,22500,320190,216060,470080,18.30,13.60,23413.00,58.64290,23400
15008,2026-09-21 12:51:07,65,130,0,794.00,0.00,2026-10-06,22600,138125,111865,117520,22.65,13.12,23413.00,2125.00000,23400
15010,2026-09-21 12:51:07,195,195,0,725.50,0.00,2026-10-06,22700,99775,64740,158795,29.25,12.77,23413.00,511.66670,23400
15012,2026-09-21 12:51:07,2275,2145,1105,671.90,9.19,2026-10-06,22800,155285,108225,213655,37.50,12.39,23413.00,68.25710,23400
15014,2026-09-21 12:51:07,2860,2470,2145,547.25,0.00,2026-10-06,22900,124215,102570,151580,48.25,12.01,23413.00,43.43180,23400
15016,2026-09-21 12:51:07,46215,40365,34255,506.00,10.38,2026-10-06,23000,416780,324805,550420,62.90,11.70,23413.00,9.01830,23400
15018,2026-09-21 12:51:07,12740,8840,13585,427.00,10.41,2026-10-06,23100,119145,98670,176150,81.60,11.40,23413.00,9.35200,23400
15020,2026-09-21 12:51:07,93405,95810,48425,348.15,10.13,2026-10-06,23200,153400,128765,240370,105.60,11.10,23413.00,1.64230,23400
15022,2026-09-21 12:51:07,193635,186160,318825,279.65,10.01,2026-10-06,23300,256295,225940,288080,135.30,10.80,23413.00,1.32360,23400
15024,2026-09-21 12:51:07,324285,227305,444015,216.95,9.78,2026-10-06,23400,292500,170690,422825,173.05,10.60,23413.00,0.90200,23400
15026,2026-09-21 12:51:07,405405,329225,449735,163.80,9.64,2026-10-06,23500,295555,174460,244595,217.30,10.31,23413.00,0.72900,23400
15028,2026-09-21 12:51:07,152165,129935,206635,119.05,9.45,2026-10-06,23600,49920,33280,67015,273.60,10.20,23413.00,0.32810,23400
15030,2026-09-21 12:51:07,234000,168025,292305,83.90,9.35,2026-10-06,23700,21905,22035,7605,336.20,10.08,23413.00,0.09360,23400
15032,2026-09-21 12:51:07,293865,245635,273455,57.60,9.30,2026-10-06,23800,21970,16250,13650,408.35,9.96,23413.00,0.07480,23400
15034,2026-09-21 12:51:07,221065,173940,202800,39.10,9.36,2026-10-06,23900,3315,2145,1365,481.70,9.45,23413.00,0.01500,23400
15036,2026-09-21 12:51:07,1230450,1155570,856440,26.35,9.46,2026-10-06,24000,36010,31785,13650,576.25,10.41,23413.00,0.02930,23400
15038,2026-09-21 12:51:07,279565,218335,312000,17.35,9.53,2026-10-06,24100,1560,1625,0,715.00,14.97,23413.00,0.00560,23400
15040,2026-09-21 12:51:07,263705,161135,260325,11.95,9.77,2026-10-06,24200,195,260,0,938.55,24.85,23413.00,0.00070,23400
15042,2026-09-21 12:51:07,191100,146705,220220,8.90,10.13,2026-10-06,24300,130,130,0,493.95,0.00,23413.00,0.00070,23400
