ledger_id,date_entry,call_writer_oi,call_wri_oi_prev,call_volume,call_ltp,call_iv,expiry_date,strike_price,put_writer_oi,put_wri_oi_prev,put_volume,put_ltp,put_iv,nifty_spot_price,pcr,rounded_spot_price
83949,2026-09-26 00:30:06,1495,1560,650,1083.75,0.00,2026-09-29,22100,2183155,1104415,17626050,1.85,20.14,23140.50,1460.30430,23100
83951,2026-09-26 00:30:06,4875,7735,13585,988.60,0.00,2026-09-29,22200,4183920,3489720,41734615,2.25,19.04,23140.50,858.24000,23100
83953,2026-09-26 00:30:06,3835,1755,5720,872.60,0.00,2026-09-29,22300,3800615,3258515,39104390,2.35,17.52,23140.50,991.03390,23100
83955,2026-09-26 00:30:06,10010,5785,20215,785.05,0.00,2026-09-29,22400,4228120,3170245,45479135,2.80,16.24,23140.50,422.38960,23100
83957,2026-09-26 00:30:06,557180,658515,899340,692.40,14.77,2026-09-29,22500,10488790,8886930,75891790,3.80,15.01,23140.50,18.82480,23100
83959,2026-09-26 00:30:06,56680,59345,213785,594.25,13.98,2026-09-29,22600,4883060,3429660,59583810,4.90,13.79,23140.50,86.15140,23100
83961,2026-09-26 00:30:06,125970,75530,1035710,496.90,13.03,2026-09-29,22700,6541015,4600440,82520945,6.80,12.73,23140.50,51.92520,23100
83963,2026-09-26 00:30:06,413595,388765,5688670,400.40,11.87,2026-09-29,22800,8919560,7155655,135241795,10.85,11.78,23140.50,21.56590,23100
83965,2026-09-26 00:30:06,457015,376545,16876600,310.80,11.35,2026-09-29,22900,6553950,5638620,170447030,19.10,11.12,23140.50,14.34080,23100
83967,2026-09-26 00:30:06,3355885,3885960,140009220,224.35,10.89,2026-09-29,23000,14607435,11757550,407050150,34.00,10.64,23140.50,4.35280,23100
83969,2026-09-26 00:30:06,9300265,7069660,349838515,150.15,10.46,2026-09-29,23100,11453000,7586020,467405770,58.30,10.04,23140.50,1.23150,23100
83971,2026-09-26 00:30:06,9781590,11949275,307819005,92.00,10.10,2026-09-29,23200,6409455,4852445,160108715,99.10,9.77,23140.50,0.65530,23100
83973,2026-09-26 00:30:06,9901905,11656060,217170525,50.90,10.04,2026-09-29,23300,5154890,5549050,39848965,157.75,9.54,23140.50,0.52060,23100
83975,2026-09-26 00:30:06,10038405,10522265,143289835,26.60,10.10,2026-09-29,23400,3610945,4028505,11821290,233.00,9.54,23140.50,0.35970,23100
83977,2026-09-26 00:30:06,14624220,13572065,137371585,13.30,10.38,2026-09-29,23500,4846140,5450055,8379800,318.75,9.90,23140.50,0.33140,23100
83979,2026-09-26 00:30:06,7742085,8082685,78191620,7.05,10.89,2026-09-29,23600,1157065,1450670,1592955,417.55,9.98,23140.50,0.14950,23100
83981,2026-09-26 00:30:06,7194005,7072650,62717655,4.45,11.78,2026-09-29,23700,683085,774735,657865,508.85,0.00,23140.50,0.09500,23100
83983,2026-09-26 00:30:06,7232355,7100470,63407370,3.10,12.70,2026-09-29,23800,827840,1334905,1026675,608.60,0.00,23140.50,0.11450,23100
83985,2026-09-26 00:30:06,5860465,7667985,55863470,2.50,13.98,2026-09-29,23900,579930,787020,347360,710.25,10.25,23140.50,0.09900,23100
83987,2026-09-26 00:30:06,15844010,19409845,85791420,2.10,15.26,2026-09-29,24000,3188485,4607435,2661295,809.50,0.00,23140.50,0.20120,23100
83989,2026-09-26 00:30:06,5718700,5469295,34133385,1.40,15.99,2026-09-29,24100,391625,446290,116220,909.00,0.00,23140.50,0.06850,23100
84281,2026-09-26 00:35:05,1495,1560,650,1083.75,0.00,2026-09-29,22100,2183155,1104415,17626050,1.85,20.14,23140.50,1460.30430,23100
84283,2026-09-26 00:35:05,4875,7735,13585,988.60,0.00,2026-09-29,22200,4183920,3489720,41734615,2.25,19.04,23140.50,858.24000,23100
84285,2026-09-26 00:35:05,3835,1755,5720,872.60,0.00,2026-09-29,22300,3800615,3258515,39104390,2.35,17.52,23140.50,991.03390,23100
84287,2026-09-26 00:35:05,10010,5785,20215,785.05,0.00,2026-09-29,22400,4228120,3170245,45479135,2.80,16.24,23140.50,422.38960,23100
84289,2026-09-26 00:35:05,557180,658515,899340,692.40,14.77,2026-09-29,22500,10488790,8886930,75891790,3.80,15.01,23140.50,18.82480,23100
84291,2026-09-26 00:35:05,56680,59345,213785,594.25,13.98,2026-09-29,22600,4883060,3429660,59583810,4.90,13.79,23140.50,86.15140,23100
84293,2026-09-26 00:35:05,125970,75530,1035710,496.90,13.03,2026-09-29,22700,6541015,4600440,82520945,6.80,12.73,23140.50,51.92520,23100
84295,2026-09-26 00:35:05,413595,388765,5688670,400.40,11.87,2026-09-29,22800,8919560,7155655,135241795,10.85,11.78,23140.50,21.56590,23100
84297,2026-09-26 00:35:05,457015,376545,16876600,310.80,11.35,2026-09-29,22900,6553950,5638620,170447030,19.10,11.12,23140.50,14.34080,23100
84299,2026-09-26 00:35:05,3355885,3885960,140009220,224.35,10.89,2026-09-29,23000,14607435,11757550,407050150,34.00,10.64,23140.50,4.35280,23100
84301,2026-09-26 00:35:05,9300265,7069660,349838515,150.15,10.46,2026-09-29,23100,11453000,7586020,467405770,58.30,10.04,23140.50,1.23150,23100
84303,2026-09-26 00:35:05,9781590,11949275,307819005,92.00,10.10,2026-09-29,23200,6409455,4852445,160108715,99.10,9.77,23140.50,0.65530,23100
84305,2026-09-26 00:35:05,9901905,11656060,217170525,50.90,10.04,2026-09-29,23300,5154890,5549050,39848965,157.75,9.54,23140.50,0.52060,23100
84307,2026-09-26 00:35:05,10038405,10522265,143289835,26.60,10.10,2026-09-29,23400,3610945,4028505,11821290,233.00,9.54,23140.50,0.35970,23100
84309,2026-09-26 00:35:05,14624220,13572065,137371585,13.30,10.38,2026-09-29,23500,4846140,5450055,8379800,318.75,9.90,23140.50,0.33140,23100
84311,2026-09-26 00:35:05,7742085,8082685,78191620,7.05,10.89,2026-09-29,23600,1157065,1450670,1592955,417.55,9.98,23140.50,0.14950,23100
84313,2026-09-26 00:35:05,7194005,7072650,62717655,4.45,11.78,2026-09-29,23700,683085,774735,657865,508.85,0.00,23140.50,0.09500,23100
84315,2026-09-26 00:35:05,7232355,7100470,63407370,3.10,12.70,2026-09-29,23800,827840,1334905,1026675,608.60,0.00,23140.50,0.11450,23100
84317,2026-09-26 00:35:05,5860465,7667985,55863470,2.50,13.98,2026-09-29,23900,579930,787020,347360,710.25,10.25,23140.50,0.09900,23100
84319,2026-09-26 00:35:05,15844010,19409845,85791420,2.10,15.26,2026-09-29,24000,3188485,4607435,2661295,809.50,0.00,23140.50,0.20120,23100
84321,2026-09-26 00:35:05,5718700,5469295,34133385,1.40,15.99,2026-09-29,24100,391625,446290,116220,909.00,0.00,23140.50,0.06850,23100
84613,2026-09-26 00:40:07,1495,1560,650,1083.75,0.00,2026-09-29,22100,2183155,1104415,17626050,1.85,20.14,23140.50,1460.30430,23100
84615,2026-09-26 00:40:07,4875,7735,13585,988.60,0.00,2026-09-29,22200,4183920,3489720,41734615,2.25,19.04,23140.50,858.24000,23100
84617,2026-09-26 00:40:07,3835,1755,5720,872.60,0.00,2026-09-29,22300,3800615,3258515,39104390,2.35,17.52,23140.50,991.03390,23100
84619,2026-09-26 00:40:07,10010,5785,20215,785.05,0.00,2026-09-29,22400,4228120,3170245,45479135,2.80,16.24,23140.50,422.38960,23100
84621,2026-09-26 00:40:07,557180,658515,899340,692.40,14.77,2026-09-29,22500,10488790,8886930,75891790,3.80,15.01,23140.50,18.82480,23100
84623,2026-09-26 00:40:07,56680,59345,213785,594.25,13.98,2026-09-29,22600,4883060,3429660,59583810,4.90,13.79,23140.50,86.15140,23100
84625,2026-09-26 00:40:07,125970,75530,1035710,496.90,13.03,2026-09-29,22700,6541015,4600440,82520945,6.80,12.73,23140.50,51.92520,23100
84627,2026-09-26 00:40:07,413595,388765,5688670,400.40,11.87,2026-09-29,22800,8919560,7155655,135241795,10.85,11.78,23140.50,21.56590,23100
84629,2026-09-26 00:40:07,457015,376545,16876600,310.80,11.35,2026-09-29,22900,6553950,5638620,170447030,19.10,11.12,23140.50,14.34080,23100
84631,2026-09-26 00:40:07,3355885,3885960,140009220,224.35,10.89,2026-09-29,23000,14607435,11757550,407050150,34.00,10.64,23140.50,4.35280,23100
84633,2026-09-26 00:40:07,9300265,7069660,349838515,150.15,10.46,2026-09-29,23100,11453000,7586020,467405770,58.30,10.04,23140.50,1.23150,23100
84635,2026-09-26 00:40:07,9781590,11949275,307819005,92.00,10.10,2026-09-29,23200,6409455,4852445,160108715,99.10,9.77,23140.50,0.65530,23100
84637,2026-09-26 00:40:07,9901905,11656060,217170525,50.90,10.04,2026-09-29,23300,5154890,5549050,39848965,157.75,9.54,23140.50,0.52060,23100
84639,2026-09-26 00:40:07,10038405,10522265,143289835,26.60,10.10,2026-09-29,23400,3610945,4028505,11821290,233.00,9.54,23140.50,0.35970,23100
84641,2026-09-26 00:40:07,14624220,13572065,137371585,13.30,10.38,2026-09-29,23500,4846140,5450055,8379800,318.75,9.90,23140.50,0.33140,23100
84643,2026-09-26 00:40:07,7742085,8082685,78191620,7.05,10.89,2026-09-29,23600,1157065,1450670,1592955,417.55,9.98,23140.50,0.14950,23100
84645,2026-09-26 00:40:07,7194005,7072650,62717655,4.45,11.78,2026-09-29,23700,683085,774735,657865,508.85,0.00,23140.50,0.09500,23100
84647,2026-09-26 00:40:07,7232355,7100470,63407370,3.10,12.70,2026-09-29,23800,827840,1334905,1026675,608.60,0.00,23140.50,0.11450,23100
84649,2026-09-26 00:40:07,5860465,7667985,55863470,2.50,13.98,2026-09-29,23900,579930,787020,347360,710.25,10.25,23140.50,0.09900,23100
84651,2026-09-26 00:40:07,15844010,19409845,85791420,2.10,15.26,2026-09-29,24000,3188485,4607435,2661295,809.50,0.00,23140.50,0.20120,23100
84653,2026-09-26 00:40:07,5718700,5469295,34133385,1.40,15.99,2026-09-29,24100,391625,446290,116220,909.00,0.00,23140.50,0.06850,23100
84945,2026-09-26 00:45:05,1495,1560,650,1083.75,0.00,2026-09-29,22100,2183155,1104415,17626050,1.85,20.14,23140.50,1460.30430,23100
84947,2026-09-26 00:45:05,4875,7735,13585,988.60,0.00,2026-09-29,22200,4183920,3489720,41734615,2.25,19.04,23140.50,858.24000,23100
84949,2026-09-26 00:45:05,3835,1755,5720,872.60,0.00,2026-09-29,22300,3800615,3258515,39104390,2.35,17.52,23140.50,991.03390,23100
84951,2026-09-26 00:45:05,10010,5785,20215,785.05,0.00,2026-09-29,22400,4228120,3170245,45479135,2.80,16.24,23140.50,422.38960,23100
84953,2026-09-26 00:45:05,557180,658515,899340,692.40,14.77,2026-09-29,22500,10488790,8886930,75891790,3.80,15.01,23140.50,18.82480,23100
84955,2026-09-26 00:45:05,56680,59345,213785,594.25,13.98,2026-09-29,22600,4883060,3429660,59583810,4.90,13.79,23140.50,86.15140,23100
84957,2026-09-26 00:45:05,125970,75530,1035710,496.90,13.03,2026-09-29,22700,6541015,4600440,82520945,6.80,12.73,23140.50,51.92520,23100
84959,2026-09-26 00:45:05,413595,388765,5688670,400.40,11.87,2026-09-29,22800,8919560,7155655,135241795,10.85,11.78,23140.50,21.56590,23100
84961,2026-09-26 00:45:05,457015,376545,16876600,310.80,11.35,2026-09-29,22900,6553950,5638620,170447030,19.10,11.12,23140.50,14.34080,23100
84963,2026-09-26 00:45:05,3355885,3885960,140009220,224.35,10.89,2026-09-29,23000,14607435,11757550,407050150,34.00,10.64,23140.50,4.35280,23100
84965,2026-09-26 00:45:05,9300265,7069660,349838515,150.15,10.46,2026-09-29,23100,11453000,7586020,467405770,58.30,10.04,23140.50,1.23150,23100
84967,2026-09-26 00:45:05,9781590,11949275,307819005,92.00,10.10,2026-09-29,23200,6409455,4852445,160108715,99.10,9.77,23140.50,0.65530,23100
84969,2026-09-26 00:45:05,9901905,11656060,217170525,50.90,10.04,2026-09-29,23300,5154890,5549050,39848965,157.75,9.54,23140.50,0.52060,23100
84971,2026-09-26 00:45:05,10038405,10522265,143289835,26.60,10.10,2026-09-29,23400,3610945,4028505,11821290,233.00,9.54,23140.50,0.35970,23100
84973,2026-09-26 00:45:05,14624220,13572065,137371585,13.30,10.38,2026-09-29,23500,4846140,5450055,8379800,318.75,9.90,23140.50,0.33140,23100
84975,2026-09-26 00:45:05,7742085,8082685,78191620,7.05,10.89,2026-09-29,23600,1157065,1450670,1592955,417.55,9.98,23140.50,0.14950,23100
84977,2026-09-26 00:45:05,7194005,7072650,62717655,4.45,11.78,2026-09-29,23700,683085,774735,657865,508.85,0.00,23140.50,0.09500,23100
84979,2026-09-26 00:45:05,7232355,7100470,63407370,3.10,12.70,2026-09-29,23800,827840,1334905,1026675,608.60,0.00,23140.50,0.11450,23100
84981,2026-09-26 00:45:05,5860465,7667985,55863470,2.50,13.98,2026-09-29,23900,579930,787020,347360,710.25,10.25,23140.50,0.09900,23100
84983,2026-09-26 00:45:05,15844010,19409845,85791420,2.10,15.26,2026-09-29,24000,3188485,4607435,2661295,809.50,0.00,23140.50,0.20120,23100
84985,2026-09-26 00:45:05,5718700,5469295,34133385,1.40,15.99,2026-09-29,24100,391625,446290,116220,909.00,0.00,23140.50,0.06850,23100
85277,2026-09-26 01:10:05,1495,1560,650,1083.75,0.00,2026-09-29,22100,2183155,1104415,17626050,1.85,20.14,23140.50,1460.30430,23100
85279,2026-09-26 01:10:05,4875,7735,13585,988.60,0.00,2026-09-29,22200,4183920,3489720,41734615,2.25,19.04,23140.50,858.24000,23100
85281,2026-09-26 01:10:05,3835,1755,5720,872.60,0.00,2026-09-29,22300,3800615,3258515,39104390,2.35,17.52,23140.50,991.03390,23100
85283,2026-09-26 01:10:05,10010,5785,20215,785.05,0.00,2026-09-29,22400,4228120,3170245,45479135,2.80,16.24,23140.50,422.38960,23100
85285,2026-09-26 01:10:05,557180,658515,899340,692.40,14.77,2026-09-29,22500,10488790,8886930,75891790,3.80,15.01,23140.50,18.82480,23100
85287,2026-09-26 01:10:05,56680,59345,213785,594.25,13.98,2026-09-29,22600,4883060,3429660,59583810,4.90,13.79,23140.50,86.15140,23100
85289,2026-09-26 01:10:05,125970,75530,1035710,496.90,13.03,2026-09-29,22700,6541015,4600440,82520945,6.80,12.73,23140.50,51.92520,23100
85291,2026-09-26 01:10:05,413595,388765,5688670,400.40,11.87,2026-09-29,22800,8919560,7155655,135241795,10.85,11.78,23140.50,21.56590,23100
85293,2026-09-26 01:10:05,457015,376545,16876600,310.80,11.35,2026-09-29,22900,6553950,5638620,170447030,19.10,11.12,23140.50,14.34080,23100
85295,2026-09-26 01:10:05,3355885,3885960,140009220,224.35,10.89,2026-09-29,23000,14607435,11757550,407050150,34.00,10.64,23140.50,4.35280,23100
85297,2026-09-26 01:10:05,9300265,7069660,349838515,150.15,10.46,2026-09-29,23100,11453000,7586020,467405770,58.30,10.04,23140.50,1.23150,23100
85299,2026-09-26 01:10:05,9781590,11949275,307819005,92.00,10.10,2026-09-29,23200,6409455,4852445,160108715,99.10,9.77,23140.50,0.65530,23100
85301,2026-09-26 01:10:05,9901905,11656060,217170525,50.90,10.04,2026-09-29,23300,5154890,5549050,39848965,157.75,9.54,23140.50,0.52060,23100
85303,2026-09-26 01:10:05,10038405,10522265,143289835,26.60,10.10,2026-09-29,23400,3610945,4028505,11821290,233.00,9.54,23140.50,0.35970,23100
85305,2026-09-26 01:10:05,14624220,13572065,137371585,13.30,10.38,2026-09-29,23500,4846140,5450055,8379800,318.75,9.90,23140.50,0.33140,23100
85307,2026-09-26 01:10:05,7742085,8082685,78191620,7.05,10.89,2026-09-29,23600,1157065,1450670,1592955,417.55,9.98,23140.50,0.14950,23100
85309,2026-09-26 01:10:05,7194005,7072650,62717655,4.45,11.78,2026-09-29,23700,683085,774735,657865,508.85,0.00,23140.50,0.09500,23100
85311,2026-09-26 01:10:05,7232355,7100470,63407370,3.10,12.70,2026-09-29,23800,827840,1334905,1026675,608.60,0.00,23140.50,0.11450,23100
85313,2026-09-26 01:10:05,5860465,7667985,55863470,2.50,13.98,2026-09-29,23900,579930,787020,347360,710.25,10.25,23140.50,0.09900,23100
85315,2026-09-26 01:10:05,15844010,19409845,85791420,2.10,15.26,2026-09-29,24000,3188485,4607435,2661295,809.50,0.00,23140.50,0.20120,23100
85317,2026-09-26 01:10:05,5718700,5469295,34133385,1.40,15.99,2026-09-29,24100,391625,446290,116220,909.00,0.00,23140.50,0.06850,23100
85609,2026-09-28 01:10:06,1495,1560,650,1083.75,0.00,2026-09-29,22100,2183155,1104415,17626050,1.85,20.14,23140.50,1460.30430,23100
85611,2026-09-28 01:10:06,4875,7735,13585,988.60,0.00,2026-09-29,22200,4183920,3489720,41734615,2.25,19.04,23140.50,858.24000,23100
85613,2026-09-28 01:10:06,3835,1755,5720,872.60,0.00,2026-09-29,22300,3800615,3258515,39104390,2.35,17.52,23140.50,991.03390,23100
85615,2026-09-28 01:10:06,10010,5785,20215,785.05,0.00,2026-09-29,22400,4228120,3170245,45479135,2.80,16.24,23140.50,422.38960,23100
85617,2026-09-28 01:10:06,557180,658515,899340,692.40,14.77,2026-09-29,22500,10488790,8886930,75891790,3.80,15.01,23140.50,18.82480,23100
85619,2026-09-28 01:10:06,56680,59345,213785,594.25,13.98,2026-09-29,22600,4883060,3429660,59583810,4.90,13.79,23140.50,86.15140,23100
85621,2026-09-28 01:10:06,125970,75530,1035710,496.90,13.03,2026-09-29,22700,6541015,4600440,82520945,6.80,12.73,23140.50,51.92520,23100
85623,2026-09-28 01:10:06,413595,388765,5688670,400.40,11.87,2026-09-29,22800,8919560,7155655,135241795,10.85,11.78,23140.50,21.56590,23100
85625,2026-09-28 01:10:06,457015,376545,16876600,310.80,11.35,2026-09-29,22900,6553950,5638620,170447030,19.10,11.12,23140.50,14.34080,23100
85627,2026-09-28 01:10:06,3355885,3885960,140009220,224.35,10.89,2026-09-29,23000,14607435,11757550,407050150,34.00,10.64,23140.50,4.35280,23100
85629,2026-09-28 01:10:06,9300265,7069660,349838515,150.15,10.46,2026-09-29,23100,11453000,7586020,467405770,58.30,10.04,23140.50,1.23150,23100
85631,2026-09-28 01:10:06,9781590,11949275,307819005,92.00,10.10,2026-09-29,23200,6409455,4852445,160108715,99.10,9.77,23140.50,0.65530,23100
85633,2026-09-28 01:10:06,9901905,11656060,217170525,50.90,10.04,2026-09-29,23300,5154890,5549050,39848965,157.75,9.54,23140.50,0.52060,23100
85635,2026-09-28 01:10:06,10038405,10522265,143289835,26.60,10.10,2026-09-29,23400,3610945,4028505,11821290,233.00,9.54,23140.50,0.35970,23100
85637,2026-09-28 01:10:06,14624220,13572065,137371585,13.30,10.38,2026-09-29,23500,4846140,5450055,8379800,318.75,9.90,23140.50,0.33140,23100
85639,2026-09-28 01:10:06,7742085,8082685,78191620,7.05,10.89,2026-09-29,23600,1157065,1450670,1592955,417.55,9.98,23140.50,0.14950,23100
85641,2026-09-28 01:10:06,7194005,7072650,62717655,4.45,11.78,2026-09-29,23700,683085,774735,657865,508.85,0.00,23140.50,0.09500,23100
85643,2026-09-28 01:10:06,7232355,7100470,63407370,3.10,12.70,2026-09-29,23800,827840,1334905,1026675,608.60,0.00,23140.50,0.11450,23100
85645,2026-09-28 01:10:06,5860465,7667985,55863470,2.50,13.98,2026-09-29,23900,579930,787020,347360,710.25,10.25,23140.50,0.09900,23100
85647,2026-09-28 01:10:06,15844010,19409845,85791420,2.10,15.26,2026-09-29,24000,3188485,4607435,2661295,809.50,0.00,23140.50,0.20120,23100
85649,2026-09-28 01:10:06,5718700,5469295,34133385,1.40,15.99,2026-09-29,24100,391625,446290,116220,909.00,0.00,23140.50,0.06850,23100
85941,2026-09-28 01:25:05,1495,1560,650,1083.75,0.00,2026-09-29,22100,2183155,1104415,17626050,1.85,20.14,23140.50,1460.30430,23100
85943,2026-09-28 01:25:05,4875,7735,13585,988.60,0.00,2026-09-29,22200,4183920,3489720,41734615,2.25,19.04,23140.50,858.24000,23100
85945,2026-09-28 01:25:05,3835,1755,5720,872.60,0.00,2026-09-29,22300,3800615,3258515,39104390,2.35,17.52,23140.50,991.03390,23100
85947,2026-09-28 01:25:05,10010,5785,20215,785.05,0.00,2026-09-29,22400,4228120,3170245,45479135,2.80,16.24,23140.50,422.38960,23100
85949,2026-09-28 01:25:05,557180,658515,899340,692.40,14.77,2026-09-29,22500,10488790,8886930,75891790,3.80,15.01,23140.50,18.82480,23100
85951,2026-09-28 01:25:05,56680,59345,213785,594.25,13.98,2026-09-29,22600,4883060,3429660,59583810,4.90,13.79,23140.50,86.15140,23100
85953,2026-09-28 01:25:05,125970,75530,1035710,496.90,13.03,2026-09-29,22700,6541015,4600440,82520945,6.80,12.73,23140.50,51.92520,23100
85955,2026-09-28 01:25:05,413595,388765,5688670,400.40,11.87,2026-09-29,22800,8919560,7155655,135241795,10.85,11.78,23140.50,21.56590,23100
85957,2026-09-28 01:25:05,457015,376545,16876600,310.80,11.35,2026-09-29,22900,6553950,5638620,170447030,19.10,11.12,23140.50,14.34080,23100
85959,2026-09-28 01:25:05,3355885,3885960,140009220,224.35,10.89,2026-09-29,23000,14607435,11757550,407050150,34.00,10.64,23140.50,4.35280,23100
85961,2026-09-28 01:25:05,9300265,7069660,349838515,150.15,10.46,2026-09-29,23100,11453000,7586020,467405770,58.30,10.04,23140.50,1.23150,23100
85963,2026-09-28 01:25:05,9781590,11949275,307819005,92.00,10.10,2026-09-29,23200,6409455,4852445,160108715,99.10,9.77,23140.50,0.65530,23100
85965,2026-09-28 01:25:05,9901905,11656060,217170525,50.90,10.04,2026-09-29,23300,5154890,5549050,39848965,157.75,9.54,23140.50,0.52060,23100
85967,2026-09-28 01:25:05,10038405,10522265,143289835,26.60,10.10,2026-09-29,23400,3610945,4028505,11821290,233.00,9.54,23140.50,0.35970,23100
85969,2026-09-28 01:25:05,14624220,13572065,137371585,13.30,10.38,2026-09-29,23500,4846140,5450055,8379800,318.75,9.90,23140.50,0.33140,23100
85971,2026-09-28 01:25:05,7742085,8082685,78191620,7.05,10.89,2026-09-29,23600,1157065,1450670,1592955,417.55,9.98,23140.50,0.14950,23100
85973,2026-09-28 01:25:05,7194005,7072650,62717655,4.45,11.78,2026-09-29,23700,683085,774735,657865,508.85,0.00,23140.50,0.09500,23100
85975,2026-09-28 01:25:05,7232355,7100470,63407370,3.10,12.70,2026-09-29,23800,827840,1334905,1026675,608.60,0.00,23140.50,0.11450,23100
85977,2026-09-28 01:25:05,5860465,7667985,55863470,2.50,13.98,2026-09-29,23900,579930,787020,347360,710.25,10.25,23140.50,0.09900,23100
85979,2026-09-28 01:25:05,15844010,19409845,85791420,2.10,15.26,2026-09-29,24000,3188485,4607435,2661295,809.50,0.00,23140.50,0.20120,23100
85981,2026-09-28 01:25:05,5718700,5469295,34133385,1.40,15.99,2026-09-29,24100,391625,446290,116220,909.00,0.00,23140.50,0.06850,23100
86273,2026-09-28 01:30:04,1495,1560,650,1083.75,0.00,2026-09-29,22100,2183155,1104415,17626050,1.85,20.14,23140.50,1460.30430,23100
86275,2026-09-28 01:30:04,4875,7735,13585,988.60,0.00,2026-09-29,22200,4183920,3489720,41734615,2.25,19.04,23140.50,858.24000,23100
86277,2026-09-28 01:30:04,3835,1755,5720,872.60,0.00,2026-09-29,22300,3800615,3258515,39104390,2.35,17.52,23140.50,991.03390,23100
86279,2026-09-28 01:30:04,10010,5785,20215,785.05,0.00,2026-09-29,22400,4228120,3170245,45479135,2.80,16.24,23140.50,422.38960,23100
86281,2026-09-28 01:30:04,557180,658515,899340,692.40,14.77,2026-09-29,22500,10488790,8886930,75891790,3.80,15.01,23140.50,18.82480,23100
86283,2026-09-28 01:30:04,56680,59345,213785,594.25,13.98,2026-09-29,22600,4883060,3429660,59583810,4.90,13.79,23140.50,86.15140,23100
86285,2026-09-28 01:30:04,125970,75530,1035710,496.90,13.03,2026-09-29,22700,6541015,4600440,82520945,6.80,12.73,23140.50,51.92520,23100
86287,2026-09-28 01:30:04,413595,388765,5688670,400.40,11.87,2026-09-29,22800,8919560,7155655,135241795,10.85,11.78,23140.50,21.56590,23100
86289,2026-09-28 01:30:04,457015,376545,16876600,310.80,11.35,2026-09-29,22900,6553950,5638620,170447030,19.10,11.12,23140.50,14.34080,23100
86291,2026-09-28 01:30:04,3355885,3885960,140009220,224.35,10.89,2026-09-29,23000,14607435,11757550,407050150,34.00,10.64,23140.50,4.35280,23100
86293,2026-09-28 01:30:04,9300265,7069660,349838515,150.15,10.46,2026-09-29,23100,11453000,7586020,467405770,58.30,10.04,23140.50,1.23150,23100
86295,2026-09-28 01:30:04,9781590,11949275,307819005,92.00,10.10,2026-09-29,23200,6409455,4852445,160108715,99.10,9.77,23140.50,0.65530,23100
86297,2026-09-28 01:30:04,9901905,11656060,217170525,50.90,10.04,2026-09-29,23300,5154890,5549050,39848965,157.75,9.54,23140.50,0.52060,23100
86299,2026-09-28 01:30:04,10038405,10522265,143289835,26.60,10.10,2026-09-29,23400,3610945,4028505,11821290,233.00,9.54,23140.50,0.35970,23100
86301,2026-09-28 01:30:04,14624220,13572065,137371585,13.30,10.38,2026-09-29,23500,4846140,5450055,8379800,318.75,9.90,23140.50,0.33140,23100
86303,2026-09-28 01:30:04,7742085,8082685,78191620,7.05,10.89,2026-09-29,23600,1157065,1450670,1592955,417.55,9.98,23140.50,0.14950,23100
86305,2026-09-28 01:30:04,7194005,7072650,62717655,4.45,11.78,2026-09-29,23700,683085,774735,657865,508.85,0.00,23140.50,0.09500,23100
86307,2026-09-28 01:30:04,7232355,7100470,63407370,3.10,12.70,2026-09-29,23800,827840,1334905,1026675,608.60,0.00,23140.50,0.11450,23100
86309,2026-09-28 01:30:04,5860465,7667985,55863470,2.50,13.98,2026-09-29,23900,579930,787020,347360,710.25,10.25,23140.50,0.09900,23100
86311,2026-09-28 01:30:04,15844010,19409845,85791420,2.10,15.26,2026-09-29,24000,3188485,4607435,2661295,809.50,0.00,23140.50,0.20120,23100
86313,2026-09-28 01:30:04,5718700,5469295,34133385,1.40,15.99,2026-09-29,24100,391625,446290,116220,909.00,0.00,23140.50,0.06850,23100
86605,2026-09-28 09:41:06,2145,1560,1690,817.20,36.68,2026-09-29,22100,2095470,2125760,6630585,2.70,29.79,22867.15,976.90910,22900
86607,2026-09-28 09:41:06,4550,4940,4160,713.20,0.00,2026-09-29,22200,4809610,4161495,11314160,3.40,27.59,22867.15,1057.05710,22900
86609,2026-09-28 09:41:06,11245,3900,9165,598.10,0.00,2026-09-29,22300,3785405,3800745,20608640,4.25,25.27,22867.15,336.63010,22900
86611,2026-09-28 09:41:06,13520,9945,13065,512.60,0.00,2026-09-29,22400,4024280,4157400,21613995,6.20,23.38,22867.15,297.65380,22900
86613,2026-09-28 09:41:06,924235,551915,758875,415.00,17.82,2026-09-29,22500,11512020,10457200,41422160,9.60,21.70,22867.15,12.45570,22900
86615,2026-09-28 09:41:06,222105,58175,414050,322.95,17.61,2026-09-29,22600,6496815,4898725,32911385,15.90,20.26,22867.15,29.25110,22900
86617,2026-09-28 09:41:06,783055,125710,1590745,235.50,17.49,2026-09-29,22700,8892585,6573255,41947295,28.85,19.26,22867.15,11.35630,22900
86619,2026-09-28 09:41:06,3353675,414375,8077225,158.70,17.27,2026-09-29,22800,12783680,8978255,69622930,51.90,18.66,22867.15,3.81180,22900
86621,2026-09-28 09:41:06,11644490,453180,34278270,97.40,17.12,2026-09-29,22900,11657945,6487455,105747070,90.70,18.40,22867.15,1.00120,22900
86623,2026-09-28 09:41:06,24386570,3278665,74966905,54.45,17.24,2026-09-29,23000,12470145,14434665,90873445,147.40,18.62,22867.15,0.51140,22900
86625,2026-09-28 09:41:06,17309695,9081020,52908375,28.65,17.70,2026-09-29,23100,7555340,10946390,34360755,221.35,19.45,22867.15,0.43650,22900
86627,2026-09-28 09:41:06,14227655,9387040,41402465,14.95,18.55,2026-09-29,23200,4548180,6103500,10134150,308.55,20.57,22867.15,0.31970,22900
86629,2026-09-28 09:41:06,13855985,9673105,37226410,8.45,19.81,2026-09-29,23300,5005130,5132465,3237845,401.35,22.16,22867.15,0.36120,22900
86631,2026-09-28 09:41:06,12165075,9820980,28747550,5.55,21.67,2026-09-29,23400,3510715,3602560,711685,498.55,25.60,22867.15,0.28860,22900
86633,2026-09-28 09:41:06,15276495,14143480,32782555,4.00,23.68,2026-09-29,23500,4449055,4632485,673985,596.00,27.28,22867.15,0.29120,22900
86635,2026-09-28 09:41:06,9296690,7514195,28432105,3.20,25.88,2026-09-29,23600,858910,950105,181805,698.95,32.10,22867.15,0.09240,22900
86637,2026-09-28 09:41:06,9313200,7209150,25893530,2.80,28.32,2026-09-29,23700,644670,685490,158145,798.45,39.61,22867.15,0.06920,22900
86639,2026-09-28 09:41:06,10174190,7114185,23017345,2.35,30.52,2026-09-29,23800,787280,822510,94705,895.70,36.38,22867.15,0.07740,22900
86641,2026-09-28 09:41:06,5203705,5832255,17332250,2.10,32.71,2026-09-29,23900,564200,574015,22295,1000.00,41.26,22867.15,0.10840,22900
86643,2026-09-28 09:41:06,17534010,15609815,29133260,1.90,35.16,2026-09-29,24000,3141815,3155140,149500,1095.00,41.50,22867.15,0.17920,22900
86645,2026-09-28 09:41:06,5274035,5602480,14540760,1.55,37.11,2026-09-29,24100,375115,386815,19630,1194.25,48.71,22867.15,0.07110,22900
86937,2026-09-28 09:46:05,2080,1560,2015,807.35,0.00,2026-09-29,22100,2299440,2125760,7707895,2.95,30.40,22866.80,1105.50000,22900
86939,2026-09-28 09:46:05,4810,4940,4420,702.50,0.00,2026-09-29,22200,5149950,4161495,13098345,3.75,28.20,22866.80,1070.67570,22900
86941,2026-09-28 09:46:05,11245,3900,10010,605.40,0.00,2026-09-29,22300,4436900,3800745,23114780,4.85,25.88,22866.80,394.56650,22900
86943,2026-09-28 09:46:05,14625,9945,15210,511.00,0.00,2026-09-29,22400,3852680,4157400,25319190,6.80,23.93,22866.80,263.43110,22900
86945,2026-09-28 09:46:05,901225,551915,851500,414.70,10.74,2026-09-29,22500,11718785,10457200,48031750,10.50,22.22,22866.80,13.00320,22900
86947,2026-09-28 09:46:05,247910,58175,561015,322.15,16.30,2026-09-29,22600,7268235,4898725,37623170,17.15,20.72,22866.80,29.31800,22900
86949,2026-09-28 09:46:05,849550,125710,2054780,234.50,16.72,2026-09-29,22700,8872630,6573255,47978385,30.05,19.65,22866.80,10.44390,22900
86951,2026-09-28 09:46:05,3951285,414375,10074545,158.35,17.03,2026-09-29,22800,13529815,8978255,79921855,53.55,18.97,22866.80,3.42420,22900
86953,2026-09-28 09:46:05,13367250,453180,41063360,97.00,16.86,2026-09-29,22900,11989770,6487455,116749490,92.60,18.74,22866.80,0.89700,22900
86955,2026-09-28 09:46:05,25602265,3278665,82768595,54.45,17.03,2026-09-29,23000,11813060,14434665,95672005,149.45,19.03,22866.80,0.46140,22900
86957,2026-09-28 09:46:05,17172545,9081020,57168215,28.60,17.46,2026-09-29,23100,7356245,10946390,35734205,224.10,19.93,22866.80,0.42840,22900
86959,2026-09-28 09:46:05,14509560,9387040,46065240,14.90,18.31,2026-09-29,23200,4470830,6103500,10649340,310.45,21.55,22866.80,0.30810,22900
86961,2026-09-28 09:46:05,14314495,9673105,41138305,8.40,19.59,2026-09-29,23300,4993300,5132465,3387930,402.85,23.50,22866.80,0.34880,22900
86963,2026-09-28 09:46:05,11893440,9820980,32515145,5.40,21.30,2026-09-29,23400,3499860,3602560,752050,500.45,26.73,22866.80,0.29430,22900
86965,2026-09-28 09:46:05,15666170,14143480,36818535,3.85,23.25,2026-09-29,23500,4427150,4632485,734370,597.05,28.75,22866.80,0.28260,22900
86967,2026-09-28 09:46:05,9293635,7514195,31079555,3.00,25.39,2026-09-29,23600,853450,950105,193505,697.00,33.08,22866.80,0.09180,22900
86969,2026-09-28 09:46:05,10451805,7209150,29645720,2.55,27.71,2026-09-29,23700,641290,685490,163475,795.85,35.40,22866.80,0.06140,22900
86971,2026-09-28 09:46:05,9911005,7114185,27102595,2.10,29.79,2026-09-29,23800,781235,822510,119340,899.85,42.11,22866.80,0.07880,22900
86973,2026-09-28 09:46:05,5113550,5832255,18780320,1.90,32.23,2026-09-29,23900,560690,574015,23660,997.00,43.76,22866.80,0.10960,22900
86975,2026-09-28 09:46:05,17689360,15609815,32325540,1.70,34.42,2026-09-29,24000,3135185,3155140,163215,1095.95,46.26,22866.80,0.17720,22900
86977,2026-09-28 09:46:05,5325385,5602480,15850965,1.45,36.38,2026-09-29,24100,368225,386815,27300,1191.20,45.04,22866.80,0.06910,22900
87269,2026-09-28 09:51:06,1950,1560,2210,810.95,0.00,2026-09-29,22100,2425735,2125760,8654360,2.95,30.76,22874.65,1243.96670,22900
87271,2026-09-28 09:51:06,5200,4940,5135,718.45,0.00,2026-09-29,22200,5237700,4161495,14183065,3.65,28.32,22874.65,1007.25000,22900
87273,2026-09-28 09:51:06,11440,3900,11375,614.85,0.00,2026-09-29,22300,4492800,3800745,24253970,4.55,26.00,22874.65,392.72730,22900
87275,2026-09-28 09:51:06,16185,9945,19305,516.95,0.00,2026-09-29,22400,4100655,4157400,27025505,6.30,23.93,22874.65,253.36140,22900
87277,2026-09-28 09:51:06,898755,551915,968630,423.45,0.00,2026-09-29,22500,11549785,10457200,51243075,9.55,22.13,22874.65,12.85090,22900
87279,2026-09-28 09:51:06,214955,58175,657540,329.75,15.14,2026-09-29,22600,7623070,4898725,40348620,15.30,20.60,22874.65,35.46360,22900
87281,2026-09-28 09:51:06,758875,125710,2413580,242.20,16.42,2026-09-29,22700,9491625,6573255,52195195,27.05,19.50,22874.65,12.50750,22900
87283,2026-09-28 09:51:06,4227275,414375,12200110,163.90,16.56,2026-09-29,22800,14141465,8978255,87514375,48.80,18.77,22874.65,3.34530,22900
87285,2026-09-28 09:51:06,14562015,453180,48593350,100.40,16.36,2026-09-29,22900,12834055,6487455,125840260,85.90,18.42,22874.65,0.88130,22900
87287,2026-09-28 09:51:06,26364845,3278665,89913980,56.50,16.66,2026-09-29,23000,11485460,14434665,99249540,141.25,18.80,22874.65,0.43560,22900
87289,2026-09-28 09:51:06,17393805,9081020,60564660,29.50,17.15,2026-09-29,23100,7122635,10946390,37043825,213.90,19.81,22874.65,0.40950,22900
87291,2026-09-28 09:51:06,15099370,9387040,49354305,15.40,18.04,2026-09-29,23200,4334200,6103500,11201645,299.50,21.33,22874.65,0.28700,22900
87293,2026-09-28 09:51:06,14416480,9673105,43444960,8.85,19.41,2026-09-29,23300,4977765,5132465,3635255,393.60,23.50,22874.65,0.34530,22900
87295,2026-09-28 09:51:06,11934065,9820980,34060325,5.75,21.24,2026-09-29,23400,3486535,3602560,790530,490.95,26.06,22874.65,0.29210,22900
87297,2026-09-28 09:51:06,16073785,14143480,38793430,4.05,23.19,2026-09-29,23500,4404270,4632485,806845,588.00,30.27,22874.65,0.27400,22900
87299,2026-09-28 09:51:06,9355255,7514195,32080750,3.25,25.51,2026-09-29,23600,851955,950105,202475,690.95,32.84,22874.65,0.09110,22900
87301,2026-09-28 09:51:06,10938850,7209150,31660330,2.75,27.71,2026-09-29,23700,637390,685490,170040,789.25,37.23,22874.65,0.05830,22900
87303,2026-09-28 09:51:06,9820265,7114185,29489395,2.30,30.03,2026-09-29,23800,777400,822510,137280,883.80,36.93,22874.65,0.07920,22900
87305,2026-09-28 09:51:06,5152160,5832255,20072000,2.05,32.23,2026-09-29,23900,559260,574015,24830,988.00,41.26,22874.65,0.10850,22900
87307,2026-09-28 09:51:06,17885010,15609815,33938840,1.85,34.67,2026-09-29,24000,3129400,3155140,184015,1082.55,38.45,22874.65,0.17500,22900
87309,2026-09-28 09:51:06,5346965,5602480,16303365,1.55,36.62,2026-09-29,24100,366405,386815,29640,1180.30,42.60,22874.65,0.06850,22900
87601,2026-09-28 09:56:06,1950,1560,2210,810.95,0.00,2026-09-29,22100,2538120,2125760,9133150,2.90,30.27,22872.65,1301.60000,22900
87603,2026-09-28 09:56:06,5265,4940,5395,719.35,31.25,2026-09-29,22200,5337345,4161495,14805050,3.60,27.95,22872.65,1013.74070,22900
87605,2026-09-28 09:56:06,11310,3900,11765,627.10,32.53,2026-09-29,22300,4598230,3800745,25271415,4.50,25.63,22872.65,406.56320,22900
87607,2026-09-28 09:56:06,18980,9945,23010,517.85,22.71,2026-09-29,22400,4261270,4157400,28360345,6.30,23.56,22872.65,224.51370,22900
87609,2026-09-28 09:56:06,896025,551915,1052935,419.50,20.63,2026-09-29,22500,11673480,10457200,53241695,9.70,21.85,22872.65,13.02810,22900
87611,2026-09-28 09:56:06,198900,58175,742885,328.05,19.38,2026-09-29,22600,7806760,4898725,42184805,15.55,20.20,22872.65,39.24970,22900
87613,2026-09-28 09:56:06,755170,125710,2580695,240.00,18.43,2026-09-29,22700,9602255,6573255,55982485,27.40,19.07,22872.65,12.71540,22900
87615,2026-09-28 09:56:06,4261855,414375,13771355,161.75,17.73,2026-09-29,22800,14754350,8978255,93170675,49.45,18.22,22872.65,3.46200,22900
87617,2026-09-28 09:56:06,15396615,453180,54043015,98.50,17.17,2026-09-29,22900,13652730,6487455,132486380,86.55,17.79,22872.65,0.88670,22900
87619,2026-09-28 09:56:06,26701805,3278665,95136925,54.75,17.18,2026-09-29,23000,11433850,14434665,102068395,141.90,17.73,22872.65,0.42820,22900
87621,2026-09-28 09:56:06,17450940,9081020,63292320,28.10,17.49,2026-09-29,23100,7158840,10946390,37933415,216.45,18.11,22872.65,0.41020,22900
87623,2026-09-28 09:56:06,15176785,9387040,51406030,14.45,18.28,2026-09-29,23200,4299685,6103500,11455925,301.85,19.17,22872.65,0.28330,22900
87625,2026-09-28 09:56:06,14571180,9673105,45204380,8.10,19.59,2026-09-29,23300,5024500,5132465,3796780,393.75,19.96,22872.65,0.34480,22900
87627,2026-09-28 09:56:06,12244310,9820980,35295975,5.30,21.36,2026-09-29,23400,3485300,3602560,808600,494.60,21.79,22872.65,0.28460,22900
87629,2026-09-28 09:56:06,16157310,14143480,40125410,3.80,23.44,2026-09-29,23500,4459455,4632485,933075,589.50,21.24,22872.65,0.27600,22900
87631,2026-09-28 09:56:06,9526010,7514195,33124520,3.00,25.63,2026-09-29,23600,850005,950105,206505,688.00,20.51,22872.65,0.08920,22900
87633,2026-09-28 09:56:06,10727210,7209150,32396650,2.60,27.95,2026-09-29,23700,636480,685490,171275,791.00,29.42,22872.65,0.05930,22900
87635,2026-09-28 09:56:06,10042825,7114185,30261660,2.15,30.03,2026-09-29,23800,767065,822510,148720,888.15,31.25,22872.65,0.07640,22900
87637,2026-09-28 09:56:06,5173740,5832255,20474805,1.95,32.71,2026-09-29,23900,557115,574015,29640,990.00,37.23,22872.65,0.10770,22900
87639,2026-09-28 09:56:06,18523635,15609815,35952410,1.80,34.91,2026-09-29,24000,3120105,3155140,207350,1090.95,28.32,22872.65,0.16840,22900
87641,2026-09-28 09:56:06,5374785,5602480,16705390,1.55,37.11,2026-09-29,24100,365755,386815,31265,1182.10,0.00,22872.65,0.06810,22900
87933,2026-09-28 10:01:05,1950,1560,2275,810.95,0.00,2026-09-29,22100,2677415,2125760,9555585,2.95,30.52,22866.40,1373.03330,22900
87935,2026-09-28 10:01:05,5265,4940,5590,724.05,33.20,2026-09-29,22200,5315310,4161495,15351245,3.65,28.08,22866.40,1009.55560,22900
87937,2026-09-28 10:01:05,11310,3900,11765,627.10,31.31,2026-09-29,22300,4656730,3800745,26269555,4.60,25.63,22866.40,411.73560,22900
87939,2026-09-28 10:01:05,19695,9945,24440,518.40,21.12,2026-09-29,22400,4325880,4157400,29510260,6.35,23.62,22866.40,219.64360,22900
87941,2026-09-28 10:01:05,892710,551915,1108770,419.35,19.65,2026-09-29,22500,11712610,10457200,55601325,9.75,21.85,22866.40,13.12030,22900
87943,2026-09-28 10:01:05,213720,58175,822965,327.25,18.86,2026-09-29,22600,7967115,4898725,44092620,15.70,20.20,22866.40,37.27830,22900
87945,2026-09-28 10:01:05,765440,125710,2927405,238.20,18.22,2026-09-29,22700,9627800,6573255,59401745,28.00,19.07,22866.40,12.57810,22900
87947,2026-09-28 10:01:05,4212715,414375,15402595,159.10,17.41,2026-09-29,22800,15098980,8978255,99442395,50.65,18.22,22866.40,3.58410,22900
87949,2026-09-28 10:01:05,15874625,453180,60310705,96.95,16.91,2026-09-29,22900,14205750,6487455,140642450,87.65,17.79,22866.40,0.89490,22900
87951,2026-09-28 10:01:05,27186250,3278665,100264060,53.80,16.98,2026-09-29,23000,11609935,14434665,105187745,144.30,17.88,22866.40,0.42710,22900
87953,2026-09-28 10:01:05,17385095,9081020,66023685,27.80,17.33,2026-09-29,23100,7154030,10946390,38959505,218.10,18.52,22866.40,0.41150,22900
87955,2026-09-28 10:01:05,15378155,9387040,53400035,14.30,18.16,2026-09-29,23200,4273685,6103500,11700130,304.95,19.41,22866.40,0.27790,22900
87957,2026-09-28 10:01:05,15040935,9673105,47224450,8.10,19.47,2026-09-29,23300,5039190,5132465,3914040,396.45,21.18,22866.40,0.33500,22900
87959,2026-09-28 10:01:05,12364430,9820980,36313225,5.30,21.24,2026-09-29,23400,3484390,3602560,829075,494.50,22.58,22866.40,0.28180,22900
87961,2026-09-28 10:01:05,16201835,14143480,41154750,3.75,23.19,2026-09-29,23500,4543695,4632485,1054170,591.90,24.66,22866.40,0.28040,22900
87963,2026-09-28 10:01:05,9548825,7514195,33912775,2.95,25.39,2026-09-29,23600,847860,950105,218400,692.50,29.97,22866.40,0.08880,22900
87965,2026-09-28 10:01:05,10666305,7209150,33127835,2.50,27.59,2026-09-29,23700,634660,685490,178880,788.30,29.05,22866.40,0.05950,22900
87967,2026-09-28 10:01:05,10026120,7114185,31155540,2.10,29.79,2026-09-29,23800,762840,822510,151970,888.85,31.49,22866.40,0.07610,22900
87969,2026-09-28 10:01:05,5151120,5832255,20891195,1.95,32.23,2026-09-29,23900,553345,574015,35100,990.90,38.33,22866.40,0.10740,22900
87971,2026-09-28 10:01:05,18219175,15609815,37157835,1.75,34.42,2026-09-29,24000,3118025,3155140,220545,1088.40,40.89,22866.40,0.17110,22900
87973,2026-09-28 10:01:05,5401435,5602480,17082650,1.55,36.62,2026-09-29,24100,364260,386815,32890,1185.50,32.23,22866.40,0.06740,22900
88265,2026-09-28 10:06:06,1755,1560,3120,812.00,26.12,2026-09-29,22100,2737865,2125760,10167235,2.75,30.03,22864.85,1560.03700,22900
88267,2026-09-28 10:06:06,5265,4940,5590,724.05,33.94,2026-09-29,22200,5315310,4161495,15914210,3.30,27.71,22864.85,1009.55560,22900
88269,2026-09-28 10:06:06,11375,3900,12415,623.20,31.25,2026-09-29,22300,4958330,3800745,27462695,4.20,25.27,22864.85,435.89710,22900
88271,2026-09-28 10:06:06,18850,9945,26975,522.05,24.84,2026-09-29,22400,4488120,4157400,30582890,6.00,23.25,22864.85,238.09660,22900
88273,2026-09-28 10:06:06,885950,551915,1184690,418.00,20.75,2026-09-29,22500,11884405,10457200,57761795,9.40,21.58,22864.85,13.41430,22900
88275,2026-09-28 10:06:06,211445,58175,866970,324.00,18.31,2026-09-29,22600,8029320,4898725,45437405,15.50,20.11,22864.85,37.97360,22900
88277,2026-09-28 10:06:06,786175,125710,3081585,236.50,17.73,2026-09-29,22700,9858875,6573255,61642295,28.05,19.07,22864.85,12.54030,22900
88279,2026-09-28 10:06:06,4406480,414375,16854110,159.30,17.33,2026-09-29,22800,15665455,8978255,103855245,50.65,18.34,22864.85,3.55510,22900
88281,2026-09-28 10:06:06,16082820,453180,64444250,96.80,17.24,2026-09-29,22900,14784705,6487455,146224910,88.90,17.79,22864.85,0.91930,22900
88283,2026-09-28 10:06:06,28530255,3278665,104905515,54.20,17.14,2026-09-29,23000,11673765,14434665,107328975,145.65,18.10,22864.85,0.40920,22900
88285,2026-09-28 10:06:06,17292340,9081020,67761590,28.10,17.67,2026-09-29,23100,7187180,10946390,39782210,220.00,18.22,22864.85,0.41560,22900
88287,2026-09-28 10:06:06,15431585,9387040,54861430,14.65,18.46,2026-09-29,23200,4275960,6103500,11859770,306.00,19.10,22864.85,0.27710,22900
88289,2026-09-28 10:06:06,15201030,9673105,48397310,8.25,19.65,2026-09-29,23300,5027295,5132465,4035395,397.25,21.12,22864.85,0.33070,22900
88291,2026-09-28 10:06:06,12500215,9820980,37565190,5.40,21.61,2026-09-29,23400,3476135,3602560,846365,495.00,21.97,22864.85,0.27810,22900
88293,2026-09-28 10:06:06,16346525,14143480,42499405,3.85,23.44,2026-09-29,23500,4533035,4632485,1100970,592.75,22.09,22864.85,0.27730,22900
88295,2026-09-28 10:06:06,9668035,7514195,34850140,2.95,25.63,2026-09-29,23600,846105,950105,221260,691.45,28.32,22864.85,0.08750,22900
88297,2026-09-28 10:06:06,10615930,7209150,34305440,2.45,27.83,2026-09-29,23700,631345,685490,185250,789.30,21.48,22864.85,0.05950,22900
88299,2026-09-28 10:06:06,10030865,7114185,32011655,2.05,30.03,2026-09-29,23800,761215,822510,156000,888.85,0.00,22864.85,0.07590,22900
88301,2026-09-28 10:06:06,5093920,5832255,21545745,1.90,32.47,2026-09-29,23900,552435,574015,36855,994.15,39.61,22864.85,0.10840,22900
88303,2026-09-28 10:06:06,18041140,15609815,38789595,1.65,34.67,2026-09-29,24000,3112825,3155140,231140,1089.25,42.36,22864.85,0.17250,22900
88305,2026-09-28 10:06:06,5427825,5602480,17499430,1.45,36.87,2026-09-29,24100,363220,386815,34580,1192.00,40.41,22864.85,0.06690,22900
88597,2026-09-28 10:11:06,1755,1560,3120,812.00,38.33,2026-09-29,22100,2818595,2125760,10581155,2.80,29.79,22855.50,1606.03700,22900
88599,2026-09-28 10:11:06,5265,4940,5915,706.35,30.15,2026-09-29,22200,5188625,4161495,16513380,3.40,27.47,22855.50,985.49380,22900
88601,2026-09-28 10:11:06,11180,3900,13260,606.00,22.95,2026-09-29,22300,5049590,3800745,28465320,4.35,25.15,22855.50,451.66280,22900
88603,2026-09-28 10:11:06,20020,9945,31655,501.95,18.07,2026-09-29,22400,4555395,4157400,32129175,6.15,23.07,22855.50,227.54220,22900
88605,2026-09-28 10:11:06,884390,551915,1231100,411.50,21.03,2026-09-29,22500,11967670,10457200,60511555,9.75,21.48,22855.50,13.53210,22900
88607,2026-09-28 10:11:06,223080,58175,966550,317.90,19.65,2026-09-29,22600,8105760,4898725,47713965,16.25,19.96,22855.50,36.33570,22900
88609,2026-09-28 10:11:06,862745,125710,3389035,231.00,18.88,2026-09-29,22700,9905935,6573255,65999115,29.30,18.98,22855.50,11.48190,22900
88611,2026-09-28 10:11:06,4733430,414375,19635265,154.70,17.90,2026-09-29,22800,15989220,8978255,113117225,53.15,18.28,22855.50,3.37790,22900
88613,2026-09-28 10:11:06,16191760,453180,70906225,94.10,17.61,2026-09-29,22900,14472120,6487455,157650090,92.70,17.93,22855.50,0.89380,22900
88615,2026-09-28 10:11:06,28790710,3278665,110234800,52.80,17.73,2026-09-29,23000,11426145,14434665,111591025,151.10,17.87,22855.50,0.39690,22900
88617,2026-09-28 10:11:06,17493840,9081020,70619640,27.45,18.04,2026-09-29,23100,6974890,10946390,41300415,226.30,18.36,22855.50,0.39870,22900
88619,2026-09-28 10:11:06,15586090,9387040,57074810,14.20,18.77,2026-09-29,23200,4246450,6103500,12261730,313.25,19.20,22855.50,0.27250,22900
88621,2026-09-28 10:11:06,15336880,9673105,50000730,8.05,20.08,2026-09-29,23300,4887350,5132465,4207580,406.05,20.14,22855.50,0.31870,22900
88623,2026-09-28 10:11:06,12512305,9820980,39466765,5.35,21.97,2026-09-29,23400,3474185,3602560,872495,505.65,22.58,22855.50,0.27770,22900
88625,2026-09-28 10:11:06,16523975,14143480,43835805,3.80,23.93,2026-09-29,23500,4527445,4632485,1158885,601.85,23.93,22855.50,0.27400,22900
88627,2026-09-28 10:11:06,9740510,7514195,35838595,3.05,26.00,2026-09-29,23600,844805,950105,227435,705.90,29.66,22855.50,0.08670,22900
88629,2026-09-28 10:11:06,10560030,7209150,35430590,2.50,28.32,2026-09-29,23700,631215,685490,188695,802.00,28.32,22855.50,0.05980,22900
88631,2026-09-28 10:11:06,10061285,7114185,33058025,2.15,30.52,2026-09-29,23800,760630,822510,174655,905.65,36.01,22855.50,0.07560,22900
88633,2026-09-28 10:11:06,5089630,5832255,21889855,1.90,32.96,2026-09-29,23900,551070,574015,38805,1002.00,38.45,22855.50,0.10830,22900
88635,2026-09-28 10:11:06,17933695,15609815,39670280,1.80,35.40,2026-09-29,24000,3104505,3155140,254605,1100.00,38.33,22855.50,0.17310,22900
88637,2026-09-28 10:11:06,5359770,5602480,18087615,1.60,37.60,2026-09-29,24100,362635,386815,36075,1200.00,44.19,22855.50,0.06770,22900
88929,2026-09-28 10:16:06,1755,1560,3120,812.00,39.06,2026-09-29,22100,2842125,2125760,10804820,2.75,29.79,22859.30,1619.44440,22900
88931,2026-09-28 10:16:06,5265,4940,5915,706.35,31.01,2026-09-29,22200,5163080,4161495,17004000,3.40,27.47,22859.30,980.64200,22900
88933,2026-09-28 10:16:06,11505,3900,13715,608.05,28.56,2026-09-29,22300,5068440,3800745,29018990,4.30,25.02,22859.30,440.54240,22900
88935,2026-09-28 10:16:06,20865,9945,32240,509.65,25.70,2026-09-29,22400,4582500,4157400,32851520,6.15,23.01,22859.30,219.62620,22900
88937,2026-09-28 10:16:06,880945,551915,1288105,410.75,22.16,2026-09-29,22500,11946870,10457200,62423595,9.75,21.36,22859.30,13.56140,22900
88939,2026-09-28 10:16:06,232375,58175,1032330,316.60,19.96,2026-09-29,22600,8115250,4898725,49472540,16.30,19.84,22859.30,34.92310,22900
88941,2026-09-28 10:16:06,882245,125710,3637075,229.95,19.20,2026-09-29,22700,10073180,6573255,68838445,29.50,18.78,22859.30,11.41770,22900
88943,2026-09-28 10:16:06,4983745,414375,21251165,153.50,18.19,2026-09-29,22800,16176615,8978255,119320240,53.40,18.05,22859.30,3.24590,22900
88945,2026-09-28 10:16:06,17207125,453180,75568610,93.10,17.70,2026-09-29,22900,14343355,6487455,165213555,93.35,17.68,22859.30,0.83360,22900
88947,2026-09-28 10:16:06,29489850,3278665,114320570,52.25,17.81,2026-09-29,23000,11404110,14434665,114315305,152.00,17.61,22859.30,0.38670,22900
88949,2026-09-28 10:16:06,17718675,9081020,72383025,27.35,18.16,2026-09-29,23100,6919510,10946390,42201250,226.90,17.91,22859.30,0.39050,22900
88951,2026-09-28 10:16:06,15803190,9387040,58137820,14.30,18.95,2026-09-29,23200,4225130,6103500,12446655,313.60,18.71,22859.30,0.26740,22900
88953,2026-09-28 10:16:06,15507895,9673105,51286625,8.25,20.20,2026-09-29,23300,4892485,5132465,4258280,405.60,18.74,22859.30,0.31550,22900
88955,2026-09-28 10:16:06,12488905,9820980,40799135,5.50,22.09,2026-09-29,23400,3466125,3602560,891345,504.35,21.06,22859.30,0.27750,22900
88957,2026-09-28 10:16:06,16711435,14143480,44972850,3.95,24.05,2026-09-29,23500,4507360,4632485,1197560,600.90,15.63,22859.30,0.26970,22900
88959,2026-09-28 10:16:06,9893260,7514195,36775830,3.10,26.25,2026-09-29,23600,842075,950105,241085,703.00,25.39,22859.30,0.08510,22900
88961,2026-09-28 10:16:06,10489050,7209150,36251930,2.60,28.56,2026-09-29,23700,630175,685490,190840,802.70,27.95,22859.30,0.06010,22900
88963,2026-09-28 10:16:06,9991475,7114185,33653880,2.10,30.52,2026-09-29,23800,748605,822510,178620,902.50,33.94,22859.30,0.07490,22900
88965,2026-09-28 10:16:06,5070195,5832255,22344660,2.00,33.20,2026-09-29,23900,549965,574015,40040,1001.90,35.40,22859.30,0.10850,22900
88967,2026-09-28 10:16:06,17819880,15609815,40306370,1.80,35.40,2026-09-29,24000,3081755,3155140,281385,1101.30,35.16,22859.30,0.17290,22900
88969,2026-09-28 10:16:06,5448690,5602480,18548660,1.50,37.60,2026-09-29,24100,361010,386815,37830,1200.00,0.00,22859.30,0.06630,22900
89261,2026-09-28 10:21:05,1820,1560,3185,787.70,0.00,2026-09-29,22100,2733055,2125760,11610690,2.70,29.66,22857.40,1501.67860,22900
89263,2026-09-28 10:21:05,5005,4940,6240,699.75,24.90,2026-09-29,22200,4937335,4161495,18289310,3.30,27.34,22857.40,986.48050,22900
89265,2026-09-28 10:21:05,9815,3900,16510,601.15,23.80,2026-09-29,22300,4939935,3800745,30697095,4.30,25.02,22857.40,503.30460,22900
89267,2026-09-28 10:21:05,22685,9945,39260,503.00,22.09,2026-09-29,22400,4767230,4157400,34634600,6.15,23.01,22857.40,210.14900,22900
89269,2026-09-28 10:21:05,883610,551915,1393340,404.40,19.04,2026-09-29,22500,12051780,10457200,66562990,9.80,21.36,22857.40,13.63930,22900
89271,2026-09-28 10:21:05,235300,58175,1183065,310.55,17.88,2026-09-29,22600,8284900,4898725,52507130,16.35,19.87,22857.40,35.20990,22900
89273,2026-09-28 10:21:05,969800,125710,4235140,223.90,17.46,2026-09-29,22700,10270130,6573255,75501270,29.65,18.83,22857.40,10.58990,22900
89275,2026-09-28 10:21:05,5151120,414375,24751090,148.30,17.33,2026-09-29,22800,15974985,8978255,132868515,54.10,18.13,22857.40,3.10130,22900
89277,2026-09-28 10:21:05,17723290,453180,85241455,88.95,17.03,2026-09-29,22900,13480285,6487455,179192650,95.25,17.99,22857.40,0.76060,22900
89279,2026-09-28 10:21:05,29241160,3278665,123912620,49.65,17.33,2026-09-29,23000,10887555,14434665,119965235,155.55,18.28,22857.40,0.37230,22900
89281,2026-09-28 10:21:05,17263870,9081020,76876475,26.20,17.91,2026-09-29,23100,6782880,10946390,43653805,232.40,19.10,22857.40,0.39290,22900
89283,2026-09-28 10:21:05,15773485,9387040,61393020,14.05,18.89,2026-09-29,23200,4170660,6103500,12864150,319.30,20.45,22857.40,0.26440,22900
89285,2026-09-28 10:21:05,15392975,9673105,53265745,8.25,20.32,2026-09-29,23300,4887350,5132465,4379440,412.20,22.22,22857.40,0.31750,22900
89287,2026-09-28 10:21:05,12533170,9820980,42124095,5.55,22.22,2026-09-29,23400,3456765,3602560,934635,510.70,24.41,22857.40,0.27580,22900
89289,2026-09-28 10:21:05,16716440,14143480,47133190,3.95,24.17,2026-09-29,23500,4490720,4632485,1259375,609.20,28.02,22857.40,0.26860,22900
89291,2026-09-28 10:21:05,10122710,7514195,38043330,3.05,26.37,2026-09-29,23600,839150,950105,246220,710.85,31.80,22857.40,0.08290,22900
89293,2026-09-28 10:21:05,10347090,7209150,37608155,2.60,28.56,2026-09-29,23700,628940,685490,193505,810.10,34.67,22857.40,0.06080,22900
89295,2026-09-28 10:21:05,9899630,7114185,34694400,2.10,30.64,2026-09-29,23800,743860,822510,190905,910.15,38.09,22857.40,0.07510,22900
89297,2026-09-28 10:21:05,4927260,5832255,22957480,1.90,32.96,2026-09-29,23900,547040,574015,42965,1009.80,41.14,22857.40,0.11100,22900
89299,2026-09-28 10:21:05,18012800,15609815,41312570,1.75,35.40,2026-09-29,24000,3070185,3155140,328575,1106.10,39.92,22857.40,0.17040,22900
89301,2026-09-28 10:21:05,5328830,5602480,18957055,1.55,37.60,2026-09-29,24100,359710,386815,39845,1213.30,50.84,22857.40,0.06750,22900
89593,2026-09-28 10:26:06,1820,1560,3185,787.70,37.41,2026-09-29,22100,2676505,2125760,12107355,3.00,29.54,22838.65,1470.60710,22800
89595,2026-09-28 10:26:06,6825,4940,12805,682.00,29.05,2026-09-29,22200,4924010,4161495,18795270,3.65,27.10,22838.65,721.46670,22800
89597,2026-09-28 10:26:06,10075,3900,17550,583.75,26.86,2026-09-29,22300,5051995,3800745,31545150,4.75,24.84,22838.65,501.43870,22800
89599,2026-09-28 10:26:06,24960,9945,42835,485.15,23.99,2026-09-29,22400,4787705,4157400,35639760,6.80,22.83,22838.65,191.81510,22800
89601,2026-09-28 10:26:06,901615,551915,1449500,390.00,21.24,2026-09-29,22500,12338365,10457200,68928015,10.80,21.12,22838.65,13.68470,22800
89603,2026-09-28 10:26:06,260195,58175,1290575,296.70,19.62,2026-09-29,22600,8569535,4898725,54750605,17.80,19.65,22838.65,32.93500,22800
89605,2026-09-28 10:26:06,1097655,125710,4630795,215.10,18.86,2026-09-29,22700,10539750,6573255,79494090,32.90,18.54,22838.65,9.60210,22800
89607,2026-09-28 10:26:06,5449990,414375,26657410,140.00,18.10,2026-09-29,22800,16906565,8978255,141781185,59.35,17.82,22838.65,3.10210,22800
89609,2026-09-28 10:26:06,18442905,453180,90000755,83.45,17.62,2026-09-29,22900,13672750,6487455,187128890,102.00,17.53,22838.65,0.74140,22800
89611,2026-09-28 10:26:06,29888495,3278665,128654695,46.80,17.94,2026-09-29,23000,10994155,14434665,123021015,163.85,17.73,22838.65,0.36780,22800
89613,2026-09-28 10:26:06,17424680,9081020,79220050,24.60,18.52,2026-09-29,23100,6675305,10946390,44953025,242.60,18.19,22838.65,0.38310,22800
89615,2026-09-28 10:26:06,15813655,9387040,63425505,13.45,19.56,2026-09-29,23200,4156035,6103500,13102245,333.00,18.55,22838.65,0.26280,22800
89617,2026-09-28 10:26:06,15529800,9673105,54583165,8.10,21.06,2026-09-29,23300,4892940,5132465,4447495,424.20,19.41,22838.65,0.31510,22800
89619,2026-09-28 10:26:06,12519585,9820980,43410315,5.55,22.95,2026-09-29,23400,3451565,3602560,960830,523.90,22.95,22838.65,0.27570,22800
89621,2026-09-28 10:26:06,16572140,14143480,47912020,3.95,25.02,2026-09-29,23500,4481230,4632485,1287195,622.50,21.48,22838.65,0.27040,22800
89623,2026-09-28 10:26:06,10206950,7514195,38728820,3.15,27.10,2026-09-29,23600,837395,950105,249535,721.00,27.71,22838.65,0.08200,22800
89625,2026-09-28 10:26:06,10322065,7209150,38218570,2.65,29.54,2026-09-29,23700,628550,685490,195000,820.00,28.44,22838.65,0.06090,22800
89627,2026-09-28 10:26:06,9952800,7114185,35367150,2.20,31.49,2026-09-29,23800,740155,822510,197275,925.25,30.03,22838.65,0.07440,22800
89629,2026-09-28 10:26:06,4849260,5832255,23284950,2.00,33.94,2026-09-29,23900,546715,574015,49335,1020.00,0.00,22838.65,0.11270,22800
89631,2026-09-28 10:26:06,18128045,15609815,42189680,1.75,36.13,2026-09-29,24000,3064725,3155140,337610,1120.00,0.00,22838.65,0.16910,22800
89633,2026-09-28 10:26:06,5096910,5602480,19471530,1.55,38.33,2026-09-29,24100,358215,386815,41340,1221.00,0.00,22838.65,0.07030,22800
89925,2026-09-28 10:31:05,1820,1560,3185,787.70,0.00,2026-09-29,22100,2668120,2125760,12353705,2.65,29.54,22847.40,1466.00000,22800
89927,2026-09-28 10:31:05,7085,4940,13585,684.00,0.00,2026-09-29,22200,4903730,4161495,19182215,3.35,27.22,22847.40,692.12840,22800
89929,2026-09-28 10:31:05,10205,3900,18265,582.90,0.00,2026-09-29,22300,5301075,3800745,32574750,4.30,24.90,22847.40,519.45860,22800
89931,2026-09-28 10:31:05,25935,9945,46540,494.90,19.90,2026-09-29,22400,4723615,4157400,36804040,6.20,22.95,22847.40,182.13280,22800
89933,2026-09-28 10:31:05,905840,551915,1500980,397.75,18.98,2026-09-29,22500,12132835,10457200,71586515,9.90,21.24,22847.40,13.39400,22800
89935,2026-09-28 10:31:05,269880,58175,1380470,304.20,18.34,2026-09-29,22600,8700120,4898725,56843540,16.65,19.71,22847.40,32.23700,22800
89937,2026-09-28 10:31:05,1169610,125710,4969900,217.40,17.82,2026-09-29,22700,10680150,6573255,83653765,30.60,18.65,22847.40,9.13140,22800
89939,2026-09-28 10:31:05,5913895,414375,28687815,142.80,17.17,2026-09-29,22800,16454230,8978255,150891650,56.25,18.10,22847.40,2.78230,22800
89941,2026-09-28 10:31:05,19475105,453180,94853590,85.00,17.00,2026-09-29,22900,12905425,6487455,193747775,98.60,17.85,22847.40,0.66270,22800
89943,2026-09-28 10:31:05,30814745,3278665,132677545,47.50,17.43,2026-09-29,23000,10785050,14434665,125452925,160.30,18.28,22847.40,0.35000,22800
89945,2026-09-28 10:31:05,17630860,9081020,81276715,25.15,18.10,2026-09-29,23100,6573450,10946390,45538935,238.00,19.04,22847.40,0.37280,22800
89947,2026-09-28 10:31:05,16176485,9387040,65276250,13.75,19.17,2026-09-29,23200,4134585,6103500,13275405,326.40,20.51,22847.40,0.25560,22800
89949,2026-09-28 10:31:05,15485145,9673105,55761940,8.25,20.69,2026-09-29,23300,4882540,5132465,4505865,420.00,22.09,22847.40,0.31530,22800
89951,2026-09-28 10:31:05,12540515,9820980,44383300,5.60,22.58,2026-09-29,23400,3445000,3602560,977275,516.00,24.29,22847.40,0.27470,22800
89953,2026-09-28 10:31:05,16547505,14143480,48909770,4.10,24.60,2026-09-29,23500,4474600,4632485,1307020,615.00,27.16,22847.40,0.27040,22800
89955,2026-09-28 10:31:05,10498085,7514195,39655005,3.25,26.73,2026-09-29,23600,836290,950105,252655,714.85,30.52,22847.40,0.07970,22800
89957,2026-09-28 10:31:05,10366850,7209150,39291980,2.70,29.05,2026-09-29,23700,626145,685490,198445,811.85,30.76,22847.40,0.06040,22800
89959,2026-09-28 10:31:05,10000185,7114185,36351055,2.25,31.25,2026-09-29,23800,738270,822510,202280,915.00,37.35,22847.40,0.07380,22800
89961,2026-09-28 10:31:05,4881240,5832255,23657010,2.05,33.69,2026-09-29,23900,544635,574015,52390,1015.80,39.12,22847.40,0.11160,22800
89963,2026-09-28 10:31:05,18390905,15609815,43087330,1.85,35.89,2026-09-29,24000,3053805,3155140,362895,1111.20,42.60,22847.40,0.16600,22800
89965,2026-09-28 10:31:05,5098210,5602480,19658080,1.55,38.09,2026-09-29,24100,356265,386815,44005,1214.00,45.90,22847.40,0.06990,22800
90257,2026-09-28 10:36:06,1820,1560,3185,787.70,32.10,2026-09-29,22100,2661425,2125760,12559300,2.80,29.54,22842.65,1462.32140,22800
90259,2026-09-28 10:36:06,7085,4940,13585,684.00,22.71,2026-09-29,22200,4962425,4161495,19429800,3.45,27.22,22842.65,700.41280,22800
90261,2026-09-28 10:36:06,10335,3900,18525,589.85,26.86,2026-09-29,22300,5316610,3800745,33106255,4.40,24.78,22842.65,514.42770,22800
90263,2026-09-28 10:36:06,26260,9945,48490,486.35,20.14,2026-09-29,22400,4723420,4157400,37564670,6.30,22.77,22842.65,179.87130,22800
90265,2026-09-28 10:36:06,908310,551915,1525875,392.40,20.26,2026-09-29,22500,12133030,10457200,73305895,10.00,21.12,22842.65,13.35780,22800
90267,2026-09-28 10:36:06,275795,58175,1426230,299.40,18.49,2026-09-29,22600,8934510,4898725,58588595,16.75,19.47,22842.65,32.39550,22800
90269,2026-09-28 10:36:06,1162525,125710,5166070,213.75,17.97,2026-09-29,22700,10808785,6573255,86619325,30.70,18.45,22842.65,9.29770,22800
90271,2026-09-28 10:36:06,6076200,414375,29947645,138.60,17.30,2026-09-29,22800,17330950,8978255,156815815,56.60,17.82,22842.65,2.85230,22800
90273,2026-09-28 10:36:06,19814015,453180,98075120,81.85,17.07,2026-09-29,22900,13525655,6487455,197931955,99.95,17.56,22842.65,0.68260,22800
90275,2026-09-28 10:36:06,31184660,3278665,135931640,45.20,17.53,2026-09-29,23000,10925190,14434665,127014485,163.40,17.97,22842.65,0.35030,22800
90277,2026-09-28 10:36:06,17738825,9081020,83350150,23.95,18.16,2026-09-29,23100,6567405,10946390,45856980,242.30,18.98,22842.65,0.37020,22800
90279,2026-09-28 10:36:06,16317080,9387040,66874860,13.30,19.35,2026-09-29,23200,4138745,6103500,13376090,330.65,20.02,22842.65,0.25360,22800
90281,2026-09-28 10:36:06,15595385,9673105,56855500,8.10,20.94,2026-09-29,23300,4879225,5132465,4570540,425.00,21.48,22842.65,0.31290,22800
90283,2026-09-28 10:36:06,12585625,9820980,45382155,5.60,23.01,2026-09-29,23400,3442855,3602560,987675,521.90,23.68,22842.65,0.27360,22800
90285,2026-09-28 10:36:06,16294200,14143480,50768900,4.15,25.15,2026-09-29,23500,4470895,4632485,1333085,621.30,25.15,22842.65,0.27440,22800
90287,2026-09-28 10:36:06,10640565,7514195,41040350,3.35,27.22,2026-09-29,23600,824070,950105,265655,720.00,26.86,22842.65,0.07740,22800
90289,2026-09-28 10:36:06,10421970,7209150,40931540,2.80,29.66,2026-09-29,23700,624455,685490,200395,820.00,29.79,22842.65,0.05990,22800
90291,2026-09-28 10:36:06,9948705,7114185,37082890,2.35,31.74,2026-09-29,23800,734630,822510,210470,920.10,32.96,22842.65,0.07380,22800
90293,2026-09-28 10:36:06,4883450,5832255,24452870,2.10,34.18,2026-09-29,23900,540930,574015,57980,1021.75,39.06,22842.65,0.11080,22800
90295,2026-09-28 10:36:06,19180135,15609815,45902155,2.00,36.62,2026-09-29,24000,3041390,3155140,395525,1116.20,39.31,22842.65,0.15860,22800
90297,2026-09-28 10:36:06,5198765,5602480,20295015,1.65,38.57,2026-09-29,24100,355225,386815,47450,1216.00,0.00,22842.65,0.06830,22800
90589,2026-09-28 10:41:06,1820,1560,3185,787.70,35.16,2026-09-29,22100,2698735,2125760,12975560,3.05,29.79,22832.70,1482.82140,22800
90591,2026-09-28 10:41:06,7085,4940,13585,684.00,27.95,2026-09-29,22200,4915690,4161495,19741735,3.65,27.34,22832.70,693.81650,22800
90593,2026-09-28 10:41:06,10465,3900,19370,582.50,25.70,2026-09-29,22300,5304910,3800745,33916675,4.75,24.90,22832.70,506.91930,22800
90595,2026-09-28 10:41:06,28535,9945,52000,484.00,22.58,2026-09-29,22400,4716855,4157400,38265305,6.70,22.89,22832.70,165.30070,22800
90597,2026-09-28 10:41:06,909935,551915,1573975,388.10,20.20,2026-09-29,22500,12046645,10457200,75034635,10.65,21.18,22832.70,13.23900,22800
90599,2026-09-28 10:41:06,274820,58175,1524055,294.70,18.95,2026-09-29,22600,9003280,4898725,60673340,17.90,19.62,22832.70,32.76060,22800
90601,2026-09-28 10:41:06,1230970,125710,5502835,209.25,18.10,2026-09-29,22700,11079770,6573255,90558650,32.50,18.52,22832.70,9.00080,22800
90603,2026-09-28 10:41:06,6244745,414375,32038175,135.80,17.52,2026-09-29,22800,18022680,8978255,165578725,59.65,17.94,22832.70,2.88610,22800
90605,2026-09-28 10:41:06,19964295,453180,102931010,79.60,17.14,2026-09-29,22900,13457730,6487455,204115730,104.00,17.76,22832.70,0.67410,22800
90607,2026-09-28 10:41:06,31589870,3278665,140221185,44.05,17.61,2026-09-29,23000,10896395,14434665,129635090,167.75,18.10,22832.70,0.34490,22800
90609,2026-09-28 10:41:06,17766515,9081020,85567495,23.25,18.22,2026-09-29,23100,6515665,10946390,46360470,247.15,19.01,22832.70,0.36670,22800
90611,2026-09-28 10:41:06,16307265,9387040,68851640,12.95,19.41,2026-09-29,23200,4125810,6103500,13541905,337.00,20.32,22832.70,0.25300,22800
90613,2026-09-28 10:41:06,15626065,9673105,58145815,7.90,21.00,2026-09-29,23300,4876430,5132465,4631705,429.55,21.48,22832.70,0.31210,22800
90615,2026-09-28 10:41:06,12492675,9820980,46562100,5.55,22.95,2026-09-29,23400,3436745,3602560,1002170,527.65,23.62,22832.70,0.27510,22800
90617,2026-09-28 10:41:06,16255460,14143480,52189020,4.15,25.15,2026-09-29,23500,4465695,4632485,1350440,626.00,24.78,22832.70,0.27470,22800
90619,2026-09-28 10:41:06,10696530,7514195,42276000,3.30,27.34,2026-09-29,23600,823355,950105,268255,724.00,27.95,22832.70,0.07700,22800
90621,2026-09-28 10:41:06,10393045,7209150,41870010,2.75,29.54,2026-09-29,23700,622115,685490,203320,820.40,21.48,22832.70,0.05990,22800
90623,2026-09-28 10:41:06,10005840,7114185,37938615,2.40,31.86,2026-09-29,23800,732485,822510,213850,925.00,35.52,22832.70,0.07320,22800
90625,2026-09-28 10:41:06,4957095,5832255,25286235,2.10,34.18,2026-09-29,23900,540150,574015,62400,1030.10,43.82,22832.70,0.10900,22800
90627,2026-09-28 10:41:06,20203365,15609815,48623315,1.95,36.62,2026-09-29,24000,3034630,3155140,452270,1120.05,0.00,22832.70,0.15020,22800
90629,2026-09-28 10:41:06,5216380,5602480,21136505,1.60,38.57,2026-09-29,24100,354120,386815,48035,1220.00,0.00,22832.70,0.06790,22800
90921,2026-09-28 10:46:05,1820,1560,3185,787.70,35.16,2026-09-29,22100,2656875,2125760,13882505,2.90,29.66,22830.25,1459.82140,22800
90923,2026-09-28 10:46:05,6955,4940,14170,679.55,0.00,2026-09-29,22200,4947865,4161495,20153900,3.60,27.34,22830.25,711.41120,22800
90925,2026-09-28 10:46:05,11115,3900,21450,576.70,0.00,2026-09-29,22300,5375695,3800745,35465300,4.60,24.90,22830.25,483.64330,22800
90927,2026-09-28 10:46:05,30810,9945,56030,481.00,20.51,2026-09-29,22400,4763850,4157400,39587405,6.65,22.95,22830.25,154.62030,22800
90929,2026-09-28 10:46:05,911690,551915,1671280,386.20,18.68,2026-09-29,22500,12313275,10457200,78343200,10.50,21.18,22830.25,13.50600,22800
90931,2026-09-28 10:46:05,321230,58175,1708655,293.00,17.73,2026-09-29,22600,9159150,4898725,64318150,17.65,19.65,22830.25,28.51270,22800
90933,2026-09-28 10:46:05,1374880,125710,5995405,208.05,17.30,2026-09-29,22700,11276330,6573255,96168735,32.25,18.62,22830.25,8.20170,22800
90935,2026-09-28 10:46:05,6844370,414375,35446190,135.00,17.12,2026-09-29,22800,17478955,8978255,179849215,59.15,18.04,22830.25,2.55380,22800
90937,2026-09-28 10:46:05,20568275,453180,108602650,79.20,16.94,2026-09-29,22900,12547405,6487455,212398680,104.05,17.99,22830.25,0.61000,22800
90939,2026-09-28 10:46:05,31603780,3278665,146457740,44.10,17.52,2026-09-29,23000,10649590,14434665,133276000,168.45,18.65,22830.25,0.33700,22800
90941,2026-09-28 10:46:05,17744090,9081020,88878920,23.55,18.25,2026-09-29,23100,6349005,10946390,47451430,247.30,19.81,22830.25,0.35780,22800
90943,2026-09-28 10:46:05,16100890,9387040,72065370,13.30,19.53,2026-09-29,23200,4108520,6103500,13721175,337.45,21.18,22830.25,0.25520,22800
90945,2026-09-28 10:46:05,15606305,9673105,60063900,8.15,21.12,2026-09-29,23300,4879745,5132465,4740515,431.60,23.38,22830.25,0.31270,22800
90947,2026-09-28 10:46:05,12378990,9820980,47796060,5.75,23.19,2026-09-29,23400,3420235,3602560,1042405,529.60,26.79,22830.25,0.27630,22800
90949,2026-09-28 10:46:05,16186950,14143480,53679795,4.25,25.27,2026-09-29,23500,4455555,4632485,1383980,626.60,27.34,22830.25,0.27530,22800
90951,2026-09-28 10:46:05,10751000,7514195,43929990,3.45,27.47,2026-09-29,23600,820430,950105,277225,732.05,34.79,22830.25,0.07630,22800
90953,2026-09-28 10:46:05,10360805,7209150,43236765,2.85,29.79,2026-09-29,23700,620620,685490,207155,824.50,31.98,22830.25,0.05990,22800
90955,2026-09-28 10:46:05,10006555,7114185,39411840,2.45,32.10,2026-09-29,23800,732160,822510,216450,933.65,43.15,22830.25,0.07320,22800
90957,2026-09-28 10:46:05,4838600,5832255,25910300,2.15,34.18,2026-09-29,23900,538720,574015,66300,1027.55,46.63,22830.25,0.11130,22800
90959,2026-09-28 10:46:05,20221435,15609815,49868130,1.95,36.62,2026-09-29,24000,3019485,3155140,496600,1126.75,44.07,22830.25,0.14930,22800
90961,2026-09-28 10:46:05,5178745,5602480,22210370,1.65,38.57,2026-09-29,24100,352300,386815,50700,1226.00,47.97,22830.25,0.06800,22800
91253,2026-09-28 10:51:06,1755,1560,3250,772.00,29.05,2026-09-29,22100,2642640,2125760,14152580,2.95,29.54,22822.80,1505.77780,22800
91255,2026-09-28 10:51:06,7085,4940,14300,674.45,28.56,2026-09-29,22200,5010200,4161495,20595510,3.70,27.10,22822.80,707.15600,22800
91257,2026-09-28 10:51:06,11700,3900,23140,571.25,21.36,2026-09-29,22300,5397860,3800745,36257910,4.80,24.78,22822.80,461.35560,22800
91259,2026-09-28 10:51:06,30875,9945,56290,474.80,24.99,2026-09-29,22400,4728100,4157400,40389180,6.90,22.77,22822.80,153.13680,22800
91261,2026-09-28 10:51:06,949520,551915,1805440,378.75,19.41,2026-09-29,22500,12429430,10457200,79899625,11.05,21.03,22822.80,13.09020,22800
91263,2026-09-28 10:51:06,323180,58175,1753895,286.65,18.86,2026-09-29,22600,9252230,4898725,66090960,18.60,19.53,22822.80,28.62870,22800
91265,2026-09-28 10:51:06,1394380,125710,6263595,202.45,18.05,2026-09-29,22700,11479390,6573255,99173880,34.00,18.46,22822.80,8.23260,22800
91267,2026-09-28 10:51:06,7101445,414375,37335220,130.20,17.44,2026-09-29,22800,18031390,8978255,187472220,62.55,17.97,22822.80,2.53910,22800
91269,2026-09-28 10:51:06,21246745,453180,112262995,75.85,17.26,2026-09-29,22900,12654850,6487455,216574475,108.75,17.82,22822.80,0.59560,22800
91271,2026-09-28 10:51:06,31779605,3278665,149736925,42.45,17.82,2026-09-29,23000,10622680,14434665,135195320,174.10,18.28,22822.80,0.33430,22800
91273,2026-09-28 10:51:06,17748705,9081020,90038910,22.85,18.65,2026-09-29,23100,6327815,10946390,47773440,254.60,19.38,22822.80,0.35650,22800
91275,2026-09-28 10:51:06,16166930,9387040,73367905,13.10,19.96,2026-09-29,23200,3752190,6103500,14380665,344.60,20.81,22822.80,0.23210,22800
91277,2026-09-28 10:51:06,15680730,9673105,60852480,8.20,21.61,2026-09-29,23300,4877470,5132465,4783740,439.10,21.73,22822.80,0.31100,22800
91279,2026-09-28 10:51:06,12807925,9820980,49201750,5.80,23.62,2026-09-29,23400,3416855,3602560,1055015,537.25,24.23,22822.80,0.26680,22800
91281,2026-09-28 10:51:06,16303560,14143480,54540005,4.25,25.63,2026-09-29,23500,4450745,4632485,1412580,635.05,25.76,22822.80,0.27300,22800
91283,2026-09-28 10:51:06,10961210,7514195,45173050,3.45,27.95,2026-09-29,23600,819325,950105,278915,735.10,29.11,22822.80,0.07470,22800
91285,2026-09-28 10:51:06,10203635,7209150,44518435,2.85,30.15,2026-09-29,23700,620035,685490,207935,834.25,31.25,22822.80,0.06080,22800
91287,2026-09-28 10:51:06,9945000,7114185,40872520,2.50,32.47,2026-09-29,23800,730665,822510,220220,933.15,32.47,22822.80,0.07350,22800
91289,2026-09-28 10:51:06,4802590,5832255,26537550,2.15,34.67,2026-09-29,23900,538590,574015,67145,1034.85,39.67,22822.80,0.11210,22800
91291,2026-09-28 10:51:06,20004400,15609815,51084475,1.95,37.11,2026-09-29,24000,3007850,3155140,530205,1134.70,37.84,22822.80,0.15040,22800
91293,2026-09-28 10:51:06,5195320,5602480,22476025,1.65,39.06,2026-09-29,24100,351000,386815,52325,1235.20,44.80,22822.80,0.06760,22800
91585,2026-09-28 10:56:06,1755,1560,3250,772.00,0.00,2026-09-29,22100,2661295,2125760,14512875,2.65,29.30,22834.40,1516.40740,22800
91587,2026-09-28 10:56:06,7085,4940,14365,678.95,19.53,2026-09-29,22200,5033730,4161495,20985315,3.40,27.10,22834.40,710.47710,22800
91589,2026-09-28 10:56:06,11830,3900,23725,581.40,22.71,2026-09-29,22300,5419245,3800745,37469575,4.30,24.66,22834.40,458.09340,22800
91591,2026-09-28 10:56:06,31070,9945,57200,482.65,20.75,2026-09-29,22400,4776525,4157400,41267395,6.25,22.64,22834.40,153.73430,22800
91593,2026-09-28 10:56:06,945620,551915,1871545,388.05,19.65,2026-09-29,22500,12518610,10457200,82070625,10.05,20.97,22834.40,13.23850,22800
91595,2026-09-28 10:56:06,338975,58175,1870180,295.00,18.65,2026-09-29,22600,9358115,4898725,67866175,16.95,19.44,22834.40,27.60710,22800
91597,2026-09-28 10:56:06,1436175,125710,6646185,210.15,18.10,2026-09-29,22700,11312470,6573255,102177790,31.20,18.40,22834.40,7.87680,22800
91599,2026-09-28 10:56:06,7731360,414375,39781235,135.80,17.43,2026-09-29,22800,17708080,8978255,195578695,58.00,17.79,22834.40,2.29040,22800
91601,2026-09-28 10:56:06,22013485,453180,116127830,79.80,17.18,2026-09-29,22900,12078235,6487455,221241085,101.85,17.70,22834.40,0.54870,22800
91603,2026-09-28 10:56:06,32114160,3278665,153172110,44.60,17.70,2026-09-29,23000,10496645,14434665,137130565,166.15,18.04,22834.40,0.32690,22800
91605,2026-09-28 10:56:06,17688970,9081020,91608140,23.80,18.40,2026-09-29,23100,6215625,10946390,48241960,245.65,19.01,22834.40,0.35140,22800
91607,2026-09-28 10:56:06,16033225,9387040,74767355,13.55,19.74,2026-09-29,23200,3712020,6103500,14515150,335.55,20.26,22834.40,0.23150,22800
91609,2026-09-28 10:56:06,15670330,9673105,61777365,8.30,21.36,2026-09-29,23300,4752865,5132465,4837625,429.80,22.03,22834.40,0.30330,22800
91611,2026-09-28 10:56:06,13259090,9820980,50374675,5.80,23.38,2026-09-29,23400,3413475,3602560,1062100,527.85,21.48,22834.40,0.25740,22800
91613,2026-09-28 10:56:06,16254160,14143480,55370055,4.20,25.39,2026-09-29,23500,4441515,4632485,1439685,623.90,23.32,22834.40,0.27330,22800
91615,2026-09-28 10:56:06,11228880,7514195,46156630,3.45,27.71,2026-09-29,23600,811590,950105,287560,725.95,29.11,22834.40,0.07230,22800
91617,2026-09-28 10:56:06,10008180,7209150,45733350,2.85,29.91,2026-09-29,23700,619970,685490,210275,824.00,32.84,22834.40,0.06190,22800
91619,2026-09-28 10:56:06,10072790,7114185,41684760,2.50,32.35,2026-09-29,23800,728325,822510,226005,924.25,33.08,22834.40,0.07230,22800
91621,2026-09-28 10:56:06,4770675,5832255,26936845,2.10,34.42,2026-09-29,23900,538005,574015,71500,1025.50,38.09,22834.40,0.11280,22800
91623,2026-09-28 10:56:06,20191145,15609815,52283920,1.95,36.62,2026-09-29,24000,3001675,3155140,558090,1123.90,0.00,22834.40,0.14870,22800
91625,2026-09-28 10:56:06,5164250,5602480,23009480,1.70,39.06,2026-09-29,24100,349960,386815,55640,1225.70,44.43,22834.40,0.06780,22800
91917,2026-09-28 11:01:05,1755,1560,3250,772.00,25.15,2026-09-29,22100,2629900,2125760,14869790,2.85,29.42,22832.45,1498.51850,22800
91919,2026-09-28 11:01:05,7020,4940,14495,684.55,35.03,2026-09-29,22200,5159245,4161495,21556340,3.55,27.10,22832.45,734.93520,22800
91921,2026-09-28 11:01:05,11700,3900,24570,579.70,27.95,2026-09-29,22300,5439720,3800745,38041380,4.45,24.54,22832.45,464.93330,22800
91923,2026-09-28 11:01:05,30810,9945,58305,481.60,25.09,2026-09-29,22400,4755660,4157400,42265730,6.55,22.58,22832.45,154.35440,22800
91925,2026-09-28 11:01:05,876070,551915,2042755,381.80,21.00,2026-09-29,22500,12475710,10457200,84495970,10.30,20.81,22832.45,14.24050,22800
91927,2026-09-28 11:01:05,323570,58175,1959100,290.70,19.50,2026-09-29,22600,9423765,4898725,69692610,17.60,19.26,22832.45,29.12430,22800
91929,2026-09-28 11:01:05,1399320,125710,7346300,205.00,18.52,2026-09-29,22700,11413805,6573255,105440075,32.35,18.17,22832.45,8.15670,22800
91931,2026-09-28 11:01:05,7746570,414375,42900325,131.95,17.67,2026-09-29,22800,18361005,8978255,203483280,60.05,17.55,22832.45,2.37020,22800
91933,2026-09-28 11:01:05,22633520,453180,120681080,76.65,17.36,2026-09-29,22900,12312690,6487455,225530630,105.45,17.30,22832.45,0.54400,22800
91935,2026-09-28 11:01:05,32385795,3278665,157526265,43.00,17.90,2026-09-29,23000,10568210,14434665,138832720,170.80,17.67,22832.45,0.32630,22800
91937,2026-09-28 11:01:05,17630210,9081020,93391285,23.20,18.71,2026-09-29,23100,6232655,10946390,48571445,250.70,18.31,22832.45,0.35350,22800
91939,2026-09-28 11:01:05,16132025,9387040,76021855,13.35,20.02,2026-09-29,23200,3699410,6103500,14610180,340.65,19.47,22832.45,0.22930,22800
91941,2026-09-28 11:01:05,15704260,9673105,62703940,8.30,21.67,2026-09-29,23300,4755985,5132465,4905355,434.90,19.41,22832.45,0.30280,22800
91943,2026-09-28 11:01:05,13279175,9820980,50986780,5.85,23.68,2026-09-29,23400,3413410,3602560,1074710,532.75,21.36,22832.45,0.25700,22800
91945,2026-09-28 11:01:05,16287830,14143480,56276350,4.30,25.76,2026-09-29,23500,4438395,4632485,1448590,631.55,23.80,22832.45,0.27250,22800
91947,2026-09-28 11:01:05,11355890,7514195,47270925,3.50,27.95,2026-09-29,23600,809120,950105,293735,729.65,0.00,22832.45,0.07130,22800
91949,2026-09-28 11:01:05,10130445,7209150,46526610,2.90,30.40,2026-09-29,23700,619450,685490,211185,823.60,0.00,22832.45,0.06110,22800
91951,2026-09-28 11:01:05,10131485,7114185,42244540,2.55,32.71,2026-09-29,23800,725725,822510,229255,931.15,33.81,22832.45,0.07160,22800
91953,2026-09-28 11:01:05,4757935,5832255,27398670,2.15,34.79,2026-09-29,23900,536640,574015,71825,1026.50,0.00,22832.45,0.11280,22800
91955,2026-09-28 11:01:05,20387770,15609815,53226940,1.95,37.11,2026-09-29,24000,2991600,3155140,594295,1129.50,32.23,22832.45,0.14670,22800
91957,2026-09-28 11:01:05,5297370,5602480,23576930,1.65,39.06,2026-09-29,24100,349440,386815,56290,1230.15,37.60,22832.45,0.06600,22800
92249,2026-09-28 11:06:06,1755,1560,3250,772.00,0.00,2026-09-29,22100,2617680,2125760,15014285,2.95,29.79,22822.90,1491.55560,22800
92251,2026-09-28 11:06:06,7020,4940,14755,677.15,0.00,2026-09-29,22200,5209100,4161495,21808540,3.65,27.47,22822.90,742.03700,22800
92253,2026-09-28 11:06:06,12675,3900,26130,575.50,0.00,2026-09-29,22300,5454605,3800745,38683970,4.50,25.02,22822.90,430.34360,22800
92255,2026-09-28 11:06:06,31655,9945,61100,477.65,0.00,2026-09-29,22400,4800055,4157400,42894215,6.60,22.95,22822.90,151.63660,22800
92257,2026-09-28 11:06:06,861315,551915,2095600,381.95,14.28,2026-09-29,22500,12569960,10457200,86209110,10.45,21.24,22822.90,14.59390,22800
92259,2026-09-28 11:06:06,367575,58175,2029235,289.70,16.66,2026-09-29,22600,9567675,4898725,71077370,17.60,19.74,22822.90,26.02920,22800
92261,2026-09-28 11:06:06,1419860,125710,7570875,204.25,16.66,2026-09-29,22700,11623105,6573255,107508375,32.55,18.77,22822.90,8.18610,22800
92263,2026-09-28 11:06:06,7904910,414375,44526690,131.50,16.53,2026-09-29,22800,19234605,8978255,209700075,60.20,18.31,22822.90,2.43320,22800
92265,2026-09-28 11:06:06,22684090,453180,123085170,76.70,16.56,2026-09-29,22900,12496120,6487455,228758010,105.85,18.34,22822.90,0.55090,22800
92267,2026-09-28 11:06:06,32452745,3278665,159793595,42.85,17.35,2026-09-29,23000,10532200,14434665,140344750,171.30,19.23,22822.90,0.32450,22800
92269,2026-09-28 11:06:06,17466865,9081020,94574805,22.95,18.19,2026-09-29,23100,6291220,10946390,49271040,251.05,20.63,22822.90,0.36020,22800
92271,2026-09-28 11:06:06,16203395,9387040,76619595,13.10,19.56,2026-09-29,23200,3705130,6103500,14703780,342.00,22.67,22822.90,0.22870,22800
92273,2026-09-28 11:06:06,15840240,9673105,63166480,8.05,21.18,2026-09-29,23300,4718285,5132465,4977440,435.90,25.02,22822.90,0.29790,22800
92275,2026-09-28 11:06:06,13342810,9820980,51451205,5.70,23.32,2026-09-29,23400,3408210,3602560,1084655,533.90,28.69,22822.90,0.25540,22800
92277,2026-09-28 11:06:06,16265275,14143480,56566315,4.25,25.39,2026-09-29,23500,4437485,4632485,1453660,630.60,30.82,22822.90,0.27280,22800
92279,2026-09-28 11:06:06,11366485,7514195,47612370,3.50,27.71,2026-09-29,23600,804830,950105,299260,731.10,34.30,22822.90,0.07080,22800
92281,2026-09-28 11:06:06,10150075,7209150,46858370,2.90,30.03,2026-09-29,23700,618865,685490,212745,829.40,36.68,22822.90,0.06100,22800
92283,2026-09-28 11:06:06,10100350,7114185,42559985,2.55,32.47,2026-09-29,23800,722085,822510,233675,929.20,40.04,22822.90,0.07150,22800
92285,2026-09-28 11:06:06,4728685,5832255,27587495,2.15,34.67,2026-09-29,23900,536185,574015,72410,1028.80,43.03,22822.90,0.11340,22800
92287,2026-09-28 11:06:06,20500610,15609815,53693510,2.00,37.11,2026-09-29,24000,2967745,3155140,668525,1131.00,43.82,22822.90,0.14480,22800
92289,2026-09-28 11:06:06,5292495,5602480,23883730,1.60,38.57,2026-09-29,24100,342875,386815,67730,1229.20,50.05,22822.90,0.06480,22800
92581,2026-09-28 11:11:05,1755,1560,3250,772.00,0.00,2026-09-29,22100,2615080,2125760,15138500,3.00,29.91,22822.95,1490.07410,22800
92583,2026-09-28 11:11:05,7150,4940,14820,675.10,0.00,2026-09-29,22200,5382000,4161495,22158240,3.70,27.47,22822.95,752.72730,22800
92585,2026-09-28 11:11:05,11505,3900,27625,578.60,23.44,2026-09-29,22300,5475080,3800745,39288535,4.70,25.02,22822.95,475.88700,22800
92587,2026-09-28 11:11:05,32890,9945,63245,477.10,17.94,2026-09-29,22400,4806165,4157400,43389255,6.75,22.95,22822.95,146.12850,22800
92589,2026-09-28 11:11:05,863525,551915,2122770,378.45,18.62,2026-09-29,22500,12622090,10457200,87415770,10.70,21.15,22822.95,14.61690,22800
92591,2026-09-28 11:11:05,387465,58175,2072590,286.30,17.15,2026-09-29,22600,9665760,4898725,72189520,17.85,19.62,22822.95,24.94610,22800
92593,2026-09-28 11:11:05,1456325,125710,7743060,201.55,17.06,2026-09-29,22700,11645140,6573255,109408455,33.20,18.65,22822.95,7.99630,22800
92595,2026-09-28 11:11:05,8162115,414375,46166705,129.55,16.75,2026-09-29,22800,19490900,8978255,214684340,61.35,18.16,22822.95,2.38800,22800
92597,2026-09-28 11:11:05,22855495,453180,125191170,75.25,16.82,2026-09-29,22900,12381915,6487455,231303865,107.70,18.19,22822.95,0.54170,22800
92599,2026-09-28 11:11:05,32708455,3278665,161705115,42.05,17.55,2026-09-29,23000,10511400,14434665,141420500,173.45,18.95,22822.95,0.32140,22800
92601,2026-09-28 11:11:05,17527445,9081020,95881305,22.70,18.46,2026-09-29,23100,6294015,10946390,49491780,254.45,20.32,22822.95,0.35910,22800
92603,2026-09-28 11:11:05,16340285,9387040,77790310,13.05,19.81,2026-09-29,23200,3708055,6103500,14784575,344.00,22.22,22822.95,0.22690,22800
92605,2026-09-28 11:11:05,15940145,9673105,64340315,8.15,21.48,2026-09-29,23300,4713670,5132465,4993755,437.80,24.11,22822.95,0.29570,22800
92607,2026-09-28 11:11:05,13292890,9820980,52888030,5.90,23.68,2026-09-29,23400,3407235,3602560,1088230,536.95,26.67,22822.95,0.25630,22800
92609,2026-09-28 11:11:05,16224715,14143480,58481410,4.40,25.76,2026-09-29,23500,4435080,4632485,1463800,633.00,29.17,22822.95,0.27340,22800
92611,2026-09-28 11:11:05,11477245,7514195,49829130,3.65,28.20,2026-09-29,23600,802425,950105,304265,731.65,31.62,22822.95,0.06990,22800
92613,2026-09-28 11:11:05,10194470,7209150,48240725,3.10,30.52,2026-09-29,23700,615550,685490,217035,835.50,37.90,22822.95,0.06040,22800
92615,2026-09-28 11:11:05,10178350,7114185,43674670,2.65,32.96,2026-09-29,23800,711295,822510,239135,934.40,39.79,22822.95,0.06990,22800
92617,2026-09-28 11:11:05,4869280,5832255,28772055,2.35,35.16,2026-09-29,23900,535990,574015,72605,1025.60,31.49,22822.95,0.11010,22800
92619,2026-09-28 11:11:05,20682545,15609815,55268330,2.15,37.48,2026-09-29,24000,2957410,3155140,708630,1133.15,45.04,22822.95,0.14300,22800
92621,2026-09-28 11:11:05,5375825,5602480,25246780,1.70,39.31,2026-09-29,24100,336830,386815,70525,1234.95,51.51,22822.95,0.06270,22800
92913,2026-09-28 11:16:06,1755,1560,3250,772.00,0.00,2026-09-29,22100,2630485,2125760,15300350,3.10,30.03,22818.55,1498.85190,22800
92915,2026-09-28 11:16:06,7215,4940,15210,667.40,0.00,2026-09-29,22200,5358730,4161495,22409270,3.80,27.59,22818.55,742.72070,22800
92917,2026-09-28 11:16:06,11635,3900,28145,566.85,0.00,2026-09-29,22300,5454475,3800745,39701610,4.65,25.02,22818.55,468.79890,22800
92919,2026-09-28 11:16:06,33280,9945,65455,477.15,19.17,2026-09-29,22400,4890860,4157400,44204030,6.75,22.95,22818.55,146.96090,22800
92921,2026-09-28 11:16:06,861380,551915,2176200,376.20,11.96,2026-09-29,22500,12607205,10457200,88783890,10.80,21.27,22818.55,14.63610,22800
92923,2026-09-28 11:16:06,413855,58175,2191865,282.00,15.87,2026-09-29,22600,9662705,4898725,73760310,18.25,19.74,22818.55,23.34800,22800
92925,2026-09-28 11:16:06,1558050,125710,8294845,198.35,16.24,2026-09-29,22700,11731135,6573255,112505640,33.60,18.80,22818.55,7.52940,22800
92927,2026-09-28 11:16:06,8548215,414375,49720255,125.75,16.17,2026-09-29,22800,19408220,8978255,222996215,62.45,18.36,22818.55,2.27040,22800
92929,2026-09-28 11:16:06,23054850,453180,129528100,72.75,16.37,2026-09-29,22900,12092535,6487455,235722305,109.45,18.48,22818.55,0.52450,22800
92931,2026-09-28 11:16:06,32429280,3278665,166828935,40.45,17.24,2026-09-29,23000,10359950,14434665,142981800,176.50,19.47,22818.55,0.31950,22800
92933,2026-09-28 11:16:06,17320290,9081020,97644495,21.85,18.22,2026-09-29,23100,6198660,10946390,49815870,257.90,21.15,22818.55,0.35790,22800
92935,2026-09-28 11:16:06,16431545,9387040,78999245,12.70,19.65,2026-09-29,23200,3695380,6103500,14925040,347.75,23.65,22818.55,0.22490,22800
92937,2026-09-28 11:16:06,16067675,9673105,65279630,7.95,21.42,2026-09-29,23300,4706195,5132465,5025865,442.00,25.97,22818.55,0.29290,22800
92939,2026-09-28 11:16:06,13256490,9820980,53497210,5.75,23.56,2026-09-29,23400,3406325,3602560,1093495,538.60,28.93,22818.55,0.25700,22800
92941,2026-09-28 11:16:06,16277950,14143480,59457775,4.30,25.76,2026-09-29,23500,4424095,4632485,1481090,639.60,29.48,22818.55,0.27180,22800
92943,2026-09-28 11:16:06,11511175,7514195,50691680,3.60,28.20,2026-09-29,23600,801190,950105,305955,735.50,34.06,22818.55,0.06960,22800
92945,2026-09-28 11:16:06,10210785,7209150,49031125,3.05,30.52,2026-09-29,23700,613210,685490,217750,834.60,36.99,22818.55,0.06010,22800
92947,2026-09-28 11:16:06,10476895,7114185,44967260,2.65,32.84,2026-09-29,23800,709540,822510,243945,937.75,42.91,22818.55,0.06770,22800
92949,2026-09-28 11:16:06,5030740,5832255,29609645,2.35,35.16,2026-09-29,23900,532740,574015,73645,1038.95,47.36,22818.55,0.10590,22800
92951,2026-09-28 11:16:06,20672600,15609815,56364035,2.10,37.60,2026-09-29,24000,2953055,3155140,740090,1137.30,47.85,22818.55,0.14280,22800
92953,2026-09-28 11:16:06,5399810,5602480,26310635,1.65,39.06,2026-09-29,24100,336245,386815,72085,1231.55,47.24,22818.55,0.06230,22800
93245,2026-09-28 11:21:06,1755,1560,3705,769.50,0.00,2026-09-29,22100,2660905,2125760,15753595,2.95,29.91,22817.50,1516.18520,22800
93247,2026-09-28 11:21:06,7215,4940,15600,671.50,0.00,2026-09-29,22200,5239715,4161495,22930830,3.70,27.59,22817.50,726.22520,22800
93249,2026-09-28 11:21:06,12285,3900,30095,574.75,0.00,2026-09-29,22300,5503810,3800745,40423500,4.55,24.90,22817.50,448.01060,22800
93251,2026-09-28 11:21:06,33865,9945,71695,476.00,16.60,2026-09-29,22400,4967430,4157400,45006715,6.60,22.95,22817.50,146.68330,22800
93253,2026-09-28 11:21:06,859300,551915,2255305,376.65,16.11,2026-09-29,22500,12755470,10457200,91424385,10.55,21.18,22817.50,14.84400,22800
93255,2026-09-28 11:21:06,437970,58175,2358590,284.20,16.17,2026-09-29,22600,9758775,4898725,76367135,18.10,19.68,22817.50,22.28180,22800
93257,2026-09-28 11:21:06,1666470,125710,9008480,199.35,16.27,2026-09-29,22700,11826685,6573255,117160030,33.35,18.80,22817.50,7.09680,22800
93259,2026-09-28 11:21:06,9081735,414375,54483455,127.15,16.27,2026-09-29,22800,19446635,8978255,235884740,61.90,18.40,22817.50,2.14130,22800
93261,2026-09-28 11:21:06,23325315,453180,135754060,73.90,16.45,2026-09-29,22900,11720475,6487455,242746205,108.50,18.60,22817.50,0.50250,22800
93263,2026-09-28 11:21:06,32289855,3278665,172751605,41.10,17.30,2026-09-29,23000,10150455,14434665,145506790,175.30,19.56,22817.50,0.31440,22800
93265,2026-09-28 11:21:06,17193930,9081020,99882965,22.30,18.31,2026-09-29,23100,6085885,10946390,50566295,256.30,21.18,22817.50,0.35400,22800
93267,2026-09-28 11:21:06,16377010,9387040,80693015,12.90,19.81,2026-09-29,23200,3617770,6103500,15247635,347.40,23.56,22817.50,0.22090,22800
93269,2026-09-28 11:21:06,16093740,9673105,66482585,8.15,21.55,2026-09-29,23300,4703075,5132465,5093010,440.90,25.42,22817.50,0.29220,22800
93271,2026-09-28 11:21:06,13348270,9820980,54122770,5.90,23.74,2026-09-29,23400,3390660,3602560,1120600,539.05,28.75,22817.50,0.25400,22800
93273,2026-09-28 11:21:06,16282175,14143480,60305830,4.40,25.88,2026-09-29,23500,4420650,4632485,1498965,635.15,30.46,22817.50,0.27150,22800
93275,2026-09-28 11:21:06,11616540,7514195,51218635,3.65,28.32,2026-09-29,23600,800280,950105,310765,734.00,33.33,22817.50,0.06890,22800
93277,2026-09-28 11:21:06,10309325,7209150,49451480,3.05,30.52,2026-09-29,23700,611520,685490,220935,832.90,35.95,22817.50,0.05930,22800
93279,2026-09-28 11:21:06,10528570,7114185,45591845,2.65,32.96,2026-09-29,23800,707200,822510,251225,935.20,38.45,22817.50,0.06720,22800
93281,2026-09-28 11:21:06,5061810,5832255,29823495,2.35,35.40,2026-09-29,23900,531700,574015,78260,1032.90,42.72,22817.50,0.10500,22800
93283,2026-09-28 11:21:06,20697365,15609815,57076825,2.05,37.35,2026-09-29,24000,2955785,3155140,776945,1135.45,48.83,22817.50,0.14280,22800
93285,2026-09-28 11:21:06,5396885,5602480,26955045,1.60,39.06,2026-09-29,24100,335075,386815,73775,1234.60,51.03,22817.50,0.06210,22800
93577,2026-09-28 11:26:06,1755,1560,3705,769.50,0.00,2026-09-29,22100,2643355,2125760,15909790,3.10,30.03,22815.15,1506.18520,22800
93579,2026-09-28 11:26:06,7085,4940,15665,668.30,0.00,2026-09-29,22200,5222750,4161495,23105940,3.85,27.59,22815.15,737.15600,22800
93581,2026-09-28 11:26:06,12350,3900,31265,569.25,0.00,2026-09-29,22300,5495620,3800745,40899365,4.80,25.02,22815.15,444.98950,22800
93583,2026-09-28 11:26:06,34255,9945,73255,470.45,15.14,2026-09-29,22400,4947540,4157400,45559800,6.80,22.89,22815.15,144.43260,22800
93585,2026-09-28 11:26:06,865930,551915,2287675,376.00,18.49,2026-09-29,22500,12861940,10457200,92879800,10.75,21.18,22815.15,14.85330,22800
93587,2026-09-28 11:26:06,448500,58175,2411630,283.10,17.67,2026-09-29,22600,9852895,4898725,77789140,18.35,19.65,22815.15,21.96860,22800
93589,2026-09-28 11:26:06,1748565,125710,9252490,198.50,17.06,2026-09-29,22700,11866010,6573255,119583100,33.85,18.62,22815.15,6.78610,22800
93591,2026-09-28 11:26:06,9408815,414375,56329325,126.35,16.82,2026-09-29,22800,19733935,8978255,241953595,62.50,18.16,22815.15,2.09740,22800
93593,2026-09-28 11:26:06,23692565,453180,138133580,73.50,16.91,2026-09-29,22900,11707800,6487455,245483485,109.45,18.16,22815.15,0.49420,22800
93595,2026-09-28 11:26:06,32611085,3278665,174987995,41.10,17.70,2026-09-29,23000,10100405,14434665,146551860,176.30,19.00,22815.15,0.30970,22800
93597,2026-09-28 11:26:06,17105790,9081020,100822670,22.20,18.62,2026-09-29,23100,5991960,10946390,50915215,258.10,20.39,22815.15,0.35030,22800
93599,2026-09-28 11:26:06,16510910,9387040,81706170,12.95,20.08,2026-09-29,23200,3593655,6103500,15330835,348.15,22.19,22815.15,0.21770,22800
93601,2026-09-28 11:26:06,16207490,9673105,67257060,8.15,21.82,2026-09-29,23300,4687930,5132465,5146440,442.10,23.93,22815.15,0.28920,22800
93603,2026-09-28 11:26:06,13193310,9820980,54787850,5.85,23.99,2026-09-29,23400,3394365,3602560,1135550,540.00,26.79,22815.15,0.25730,22800
93605,2026-09-28 11:26:06,16167320,14143480,61206340,4.35,26.12,2026-09-29,23500,4414020,4632485,1524380,638.00,29.17,22815.15,0.27300,22800
93607,2026-09-28 11:26:06,11740820,7514195,52159835,3.65,28.44,2026-09-29,23600,798720,950105,314925,742.00,35.64,22815.15,0.06800,22800
93609,2026-09-28 11:26:06,10245495,7209150,49906090,3.05,30.88,2026-09-29,23700,611975,685490,221715,838.05,36.32,22815.15,0.05970,22800
93611,2026-09-28 11:26:06,10636535,7114185,46503600,2.65,33.20,2026-09-29,23800,704535,822510,256425,939.70,41.14,22815.15,0.06620,22800
93613,2026-09-28 11:26:06,5087680,5832255,30177810,2.30,35.52,2026-09-29,23900,531570,574015,79495,1039.90,44.80,22815.15,0.10450,22800
93615,2026-09-28 11:26:06,20488585,15609815,58208800,2.05,37.60,2026-09-29,24000,2934270,3155140,807560,1137.75,45.53,22815.15,0.14320,22800
93617,2026-09-28 11:26:06,5360810,5602480,27734135,1.70,39.55,2026-09-29,24100,333385,386815,75075,1237.00,48.58,22815.15,0.06220,22800
93909,2026-09-28 11:31:06,1755,1560,3705,769.50,0.00,2026-09-29,22100,2665195,2125760,16115580,2.80,30.03,22832.40,1518.62960,22800
93911,2026-09-28 11:31:06,7150,4940,15990,686.80,0.00,2026-09-29,22200,5208905,4161495,23417745,3.40,27.71,22832.40,728.51820,22800
93913,2026-09-28 11:31:06,11960,3900,33995,585.00,0.00,2026-09-29,22300,5507775,3800745,41462265,4.25,25.15,22832.40,460.51630,22800
93915,2026-09-28 11:31:06,34255,9945,75725,487.10,0.00,2026-09-29,22400,4997525,4157400,46346820,6.00,23.07,22832.40,145.89180,22800
93917,2026-09-28 11:31:06,863720,551915,2349750,390.00,13.43,2026-09-29,22500,12533105,10457200,95430140,9.50,21.30,22832.40,14.51060,22800
93919,2026-09-28 11:31:06,434590,58175,2532595,297.10,16.11,2026-09-29,22600,9943505,4898725,79871805,16.20,19.84,22832.40,22.88020,22800
93921,2026-09-28 11:31:06,1630720,125710,9837750,211.70,16.45,2026-09-29,22700,11878750,6573255,122996055,29.90,18.80,22832.40,7.28440,22800
93923,2026-09-28 11:31:06,9542975,414375,60443370,137.15,16.42,2026-09-29,22800,19502795,8978255,250942315,55.95,18.31,22832.40,2.04370,22800
93925,2026-09-28 11:31:06,23566140,453180,143616980,80.15,16.51,2026-09-29,22900,11404510,6487455,250275545,99.20,18.30,22832.40,0.48390,22800
93927,2026-09-28 11:31:06,32377540,3278665,179887110,44.85,17.24,2026-09-29,23000,10028385,14434665,148375110,162.80,19.17,22832.40,0.30970,22800
93929,2026-09-28 11:31:06,17152655,9081020,102683295,23.80,18.10,2026-09-29,23100,5944510,10946390,51309505,242.85,20.54,22832.40,0.34660,22800
93931,2026-09-28 11:31:06,17059120,9387040,84348485,13.25,19.35,2026-09-29,23200,3554395,6103500,15466100,332.15,22.71,22832.40,0.20840,22800
93933,2026-09-28 11:31:06,16257475,9673105,68006965,8.15,21.06,2026-09-29,23300,4668495,5132465,5207930,426.10,25.05,22832.40,0.28720,22800
93935,2026-09-28 11:31:06,13189345,9820980,55665350,5.80,23.19,2026-09-29,23400,3377660,3602560,1163500,522.55,28.75,22832.40,0.25610,22800
93937,2026-09-28 11:31:06,16015935,14143480,62108540,4.35,25.39,2026-09-29,23500,4403360,4632485,1540890,622.00,31.80,22832.40,0.27490,22800
93939,2026-09-28 11:31:06,11732175,7514195,52880360,3.60,27.83,2026-09-29,23600,794950,950105,322270,720.80,33.33,22832.40,0.06780,22800
93941,2026-09-28 11:31:06,10269870,7209150,50323910,3.00,30.03,2026-09-29,23700,609635,685490,226785,819.00,35.46,22832.40,0.05940,22800
93943,2026-09-28 11:31:06,10687495,7114185,46904845,2.60,32.47,2026-09-29,23800,703170,822510,261950,920.95,40.59,22832.40,0.06580,22800
93945,2026-09-28 11:31:06,4997265,5832255,30572880,2.30,34.91,2026-09-29,23900,529035,574015,82160,1024.35,46.75,22832.40,0.10590,22800
93947,2026-09-28 11:31:06,20445685,15609815,60264620,2.05,37.11,2026-09-29,24000,2915160,3155140,835250,1117.55,48.83,22832.40,0.14260,22800
93949,2026-09-28 11:31:06,5364580,5602480,28145910,1.70,38.82,2026-09-29,24100,332410,386815,76700,1214.70,42.97,22832.40,0.06200,22800
94241,2026-09-28 11:36:06,1755,1560,3900,786.45,38.94,2026-09-29,22100,2669290,2125760,16507140,2.95,30.27,22824.75,1520.96300,22800
94243,2026-09-28 11:36:06,7020,4940,18200,682.10,0.00,2026-09-29,22200,5215860,4161495,23671830,3.60,27.83,22824.75,743.00000,22800
94245,2026-09-28 11:36:06,11440,3900,36400,574.25,0.00,2026-09-29,22300,5526950,3800745,42021265,4.50,25.27,22824.75,483.12500,22800
94247,2026-09-28 11:36:06,35230,9945,79300,482.75,24.41,2026-09-29,22400,4976010,4157400,47041995,6.40,23.19,22824.75,141.24350,22800
94249,2026-09-28 11:36:06,861380,551915,2388100,384.00,10.74,2026-09-29,22500,12532260,10457200,97256120,10.15,21.36,22824.75,14.54900,22800
94251,2026-09-28 11:36:06,408200,58175,2671695,290.90,19.01,2026-09-29,22600,9925760,4898725,82444375,17.15,19.87,22824.75,24.31590,22800
94253,2026-09-28 11:36:06,1591850,125710,10481770,205.40,16.48,2026-09-29,22700,11816220,6573255,127624250,31.60,18.86,22824.75,7.42290,22800
94255,2026-09-28 11:36:06,9205105,414375,64746565,132.25,16.34,2026-09-29,22800,20679555,8978255,261686100,58.95,18.40,22824.75,2.24650,22800
94257,2026-09-28 11:36:06,23555285,453180,149859450,76.95,16.51,2026-09-29,22900,11798475,6487455,256245990,103.70,18.40,22824.75,0.50090,22800
94259,2026-09-28 11:36:06,32104150,3278665,185316040,42.70,17.29,2026-09-29,23000,10030985,14434665,150613970,169.00,19.32,22824.75,0.31250,22800
94261,2026-09-28 11:36:06,17302870,9081020,105108575,23.00,18.20,2026-09-29,23100,5925790,10946390,51689560,248.75,20.84,22824.75,0.34250,22800
94263,2026-09-28 11:36:06,17256590,9387040,86209890,12.90,19.53,2026-09-29,23200,3553680,6103500,15630875,339.00,23.25,22824.75,0.20590,22800
94265,2026-09-28 11:36:06,16226925,9673105,68988985,7.90,21.18,2026-09-29,23300,4674410,5132465,5255640,431.95,25.85,22824.75,0.28810,22800
94267,2026-09-28 11:36:06,13154440,9820980,56336735,5.70,23.38,2026-09-29,23400,3371420,3602560,1179555,532.70,29.30,22824.75,0.25630,22800
94269,2026-09-28 11:36:06,16020810,14143480,62525645,4.25,25.51,2026-09-29,23500,4403945,4632485,1552655,631.15,32.59,22824.75,0.27490,22800
94271,2026-09-28 11:36:06,11658790,7514195,53326455,3.50,28.08,2026-09-29,23600,792545,950105,329030,732.00,31.01,22824.75,0.06800,22800
94273,2026-09-28 11:36:06,10272860,7209150,50566295,2.95,30.64,2026-09-29,23700,607165,685490,228150,831.00,40.16,22824.75,0.05910,22800
94275,2026-09-28 11:36:06,10707385,7114185,47223800,2.65,32.71,2026-09-29,23800,702260,822510,264355,931.75,37.48,22824.75,0.06560,22800
94277,2026-09-28 11:36:06,5004610,5832255,30792840,2.30,35.16,2026-09-29,23900,527930,574015,84630,1026.05,43.64,22824.75,0.10550,22800
94279,2026-09-28 11:36:06,20456085,15609815,61017190,2.05,37.60,2026-09-29,24000,2916460,3155140,863005,1125.10,46.08,22824.75,0.14260,22800
94281,2026-09-28 11:36:06,5387655,5602480,28383225,1.70,39.31,2026-09-29,24100,329810,386815,79365,1228.10,40.53,22824.75,0.06120,22800
94573,2026-09-28 11:41:05,1755,1560,3900,786.45,0.00,2026-09-29,22100,2726360,2125760,16795350,2.75,30.40,22840.75,1553.48150,22800
94575,2026-09-28 11:41:05,6825,4940,18395,696.40,24.54,2026-09-29,22200,5182515,4161495,23911030,3.35,27.95,22840.75,759.34290,22800
94577,2026-09-28 11:41:05,11765,3900,37050,597.35,23.07,2026-09-29,22300,5571735,3800745,42397810,4.10,25.27,22840.75,473.58560,22800
94579,2026-09-28 11:41:05,35295,9945,83460,498.00,18.31,2026-09-29,22400,5001750,4157400,47509345,5.75,23.07,22840.75,141.71270,22800
94581,2026-09-28 11:41:05,857545,551915,2418195,398.30,19.65,2026-09-29,22500,12620400,10457200,98624565,8.95,21.18,22840.75,14.71690,22800
94583,2026-09-28 11:41:05,428025,58175,2761590,304.60,18.77,2026-09-29,22600,9928815,4898725,84453980,15.15,19.56,22840.75,23.19680,22800
94585,2026-09-28 11:41:05,1523990,125710,11048375,218.00,17.61,2026-09-29,22700,11748685,6573255,130293345,27.80,18.40,22840.75,7.70920,22800
94587,2026-09-28 11:41:05,9510020,414375,68167580,142.25,17.12,2026-09-29,22800,20163520,8978255,269203935,52.50,17.73,22840.75,2.12020,22800
94589,2026-09-28 11:41:05,24000730,453180,155175930,83.55,16.91,2026-09-29,22900,11825710,6487455,260182325,94.50,17.49,22840.75,0.49270,22800
94591,2026-09-28 11:41:05,32295770,3278665,189372690,46.35,17.40,2026-09-29,23000,10067580,14434665,152111310,156.40,17.94,22840.75,0.31170,22800
94593,2026-09-28 11:41:05,17205760,9081020,106809885,24.65,18.16,2026-09-29,23100,5949775,10946390,51987195,235.15,18.94,22840.75,0.34580,22800
94595,2026-09-28 11:41:05,17445350,9387040,87392435,13.55,19.35,2026-09-29,23200,3476135,6103500,15748785,323.40,20.39,22840.75,0.19930,22800
94597,2026-09-28 11:41:05,16323710,9673105,69520750,8.10,20.94,2026-09-29,23300,4670185,5132465,5280990,417.15,21.97,22840.75,0.28610,22800
94599,2026-09-28 11:41:05,13221130,9820980,56801680,5.65,23.01,2026-09-29,23400,3362580,3602560,1192555,514.10,24.23,22840.75,0.25430,22800
94601,2026-09-28 11:41:05,15960685,14143480,62841220,4.20,25.02,2026-09-29,23500,4395950,4632485,1564940,612.40,26.12,22840.75,0.27540,22800
94603,2026-09-28 11:41:05,11623430,7514195,53657695,3.45,27.47,2026-09-29,23600,790140,950105,332280,710.55,29.91,22840.75,0.06800,22800
94605,2026-09-28 11:41:05,10289435,7209150,50675950,2.95,29.91,2026-09-29,23700,605345,685490,230815,810.95,32.59,22840.75,0.05880,22800
94607,2026-09-28 11:41:05,10667995,7114185,47428875,2.55,32.47,2026-09-29,23800,701870,822510,266370,912.45,41.08,22840.75,0.06580,22800
94609,2026-09-28 11:41:05,4995120,5832255,30877730,2.30,34.67,2026-09-29,23900,521625,574015,91000,1011.10,40.41,22840.75,0.10440,22800
94611,2026-09-28 11:41:05,20281885,15609815,61300980,2.10,37.11,2026-09-29,24000,2663545,3155140,884390,1111.50,41.38,22840.75,0.13130,22800
94613,2026-09-28 11:41:05,5386355,5602480,28450565,1.70,39.06,2026-09-29,24100,329160,386815,80210,1210.20,45.65,22840.75,0.06110,22800
94905,2026-09-28 11:46:05,1755,1560,3900,786.45,0.00,2026-09-29,22100,2800070,2125760,17185805,2.85,30.76,22845.85,1595.48150,22800
94907,2026-09-28 11:46:05,6825,4940,20930,696.80,0.00,2026-09-29,22200,5226455,4161495,24109020,3.45,28.20,22845.85,765.78100,22800
94909,2026-09-28 11:46:05,11050,3900,38545,597.50,0.00,2026-09-29,22300,5587660,3800745,42815760,4.15,25.51,22845.85,505.67060,22800
94911,2026-09-28 11:46:05,35165,9945,90610,495.45,0.00,2026-09-29,22400,5000190,4157400,47986900,5.75,23.25,22845.85,142.19220,22800
94913,2026-09-28 11:46:05,830960,551915,2487290,398.80,13.92,2026-09-29,22500,12662195,10457200,100115340,8.90,21.48,22845.85,15.23800,22800
94915,2026-09-28 11:46:05,430820,58175,2866695,305.15,16.24,2026-09-29,22600,9967750,4898725,86435635,14.95,19.84,22845.85,23.13670,22800
94917,2026-09-28 11:46:05,1454180,125710,11507730,218.10,16.60,2026-09-29,22700,11862760,6573255,132961205,27.45,18.71,22845.85,8.15770,22800
94919,2026-09-28 11:46:05,9310470,414375,71715150,142.70,16.45,2026-09-29,22800,20782450,8978255,275997800,51.80,18.05,22845.85,2.23220,22800
94921,2026-09-28 11:46:05,23581415,453180,161457205,83.75,16.36,2026-09-29,22900,12271935,6487455,264480580,92.95,17.91,22845.85,0.52040,22800
94923,2026-09-28 11:46:05,32319885,3278665,195236405,46.15,17.06,2026-09-29,23000,10237425,14434665,153706865,155.20,18.65,22845.85,0.31680,22800
94925,2026-09-28 11:46:05,17332770,9081020,109144490,24.40,17.82,2026-09-29,23100,5978115,10946390,52337480,233.50,19.84,22845.85,0.34490,22800
94927,2026-09-28 11:46:05,17415450,9387040,89026990,13.35,19.10,2026-09-29,23200,3476070,6103500,15832765,322.75,21.97,22845.85,0.19960,22800
94929,2026-09-28 11:46:05,16394950,9673105,70284565,8.00,20.63,2026-09-29,23300,4681820,5132465,5344170,416.30,24.17,22845.85,0.28560,22800
94931,2026-09-28 11:46:05,13221455,9820980,57234255,5.55,22.83,2026-09-29,23400,3350295,3602560,1218815,516.00,27.95,22845.85,0.25340,22800
94933,2026-09-28 11:46:05,15970370,14143480,63288940,4.05,24.90,2026-09-29,23500,4391010,4632485,1578005,613.65,30.27,22845.85,0.27490,22800
94935,2026-09-28 11:46:05,11627395,7514195,54173795,3.40,27.34,2026-09-29,23600,790010,950105,334165,710.85,32.59,22845.85,0.06790,22800
94937,2026-09-28 11:46:05,10282155,7209150,50823175,2.85,29.79,2026-09-29,23700,604695,685490,231530,809.00,34.55,22845.85,0.05880,22800
94939,2026-09-28 11:46:05,10719800,7114185,47645585,2.55,32.23,2026-09-29,23800,700960,822510,267215,912.65,41.14,22845.85,0.06540,22800
94941,2026-09-28 11:46:05,5053555,5832255,31009550,2.25,34.67,2026-09-29,23900,512265,574015,100945,1010.10,42.48,22845.85,0.10140,22800
94943,2026-09-28 11:46:05,20334405,15609815,62004345,2.05,36.87,2026-09-29,24000,2682785,3155140,908375,1108.25,46.51,22845.85,0.13190,22800
94945,2026-09-28 11:46:05,5384340,5602480,28475525,1.65,39.06,2026-09-29,24100,327470,386815,81835,1216.00,54.32,22845.85,0.06080,22800
95237,2026-09-28 11:51:06,1755,1560,3900,786.45,25.88,2026-09-29,22100,2865525,2125760,17426500,3.00,30.52,22837.80,1632.77780,22800
95239,2026-09-28 11:51:06,6890,4940,21125,697.55,35.16,2026-09-29,22200,5249010,4161495,24213670,3.60,27.95,22837.80,761.83020,22800
95241,2026-09-28 11:51:06,10920,3900,39390,584.45,0.00,2026-09-29,22300,5576025,3800745,43068480,4.40,25.39,22837.80,510.62500,22800
95243,2026-09-28 11:51:06,35100,9945,91195,493.40,24.35,2026-09-29,22400,5005195,4157400,48443330,6.15,23.25,22837.80,142.59810,22800
95245,2026-09-28 11:51:06,810745,551915,2541565,390.00,18.01,2026-09-29,22500,12715950,10457200,101384855,9.60,21.39,22837.80,15.68430,22800
95247,2026-09-28 11:51:06,387595,58175,2961660,295.85,17.64,2026-09-29,22600,10080655,4898725,88035090,16.35,19.78,22837.80,26.00820,22800
95249,2026-09-28 11:51:06,1438125,125710,11858145,209.55,17.21,2026-09-29,22700,11785540,6573255,135395585,29.90,18.65,22837.80,8.19510,22800
95251,2026-09-28 11:51:06,9132825,414375,74169680,135.40,16.80,2026-09-29,22800,20961915,8978255,282804730,55.60,17.99,22837.80,2.29520,22800
95253,2026-09-28 11:51:06,23258560,453180,165804080,78.30,16.71,2026-09-29,22900,12676235,6487455,268288995,99.00,17.87,22837.80,0.54500,22800
95255,2026-09-28 11:51:06,32449690,3278665,198879395,42.95,17.30,2026-09-29,23000,10248020,14434665,155190230,163.10,18.51,22837.80,0.31580,22800
95257,2026-09-28 11:51:06,17258670,9081020,110908850,22.55,18.07,2026-09-29,23100,5998135,10946390,52777530,242.55,19.47,22837.80,0.34750,22800
95259,2026-09-28 11:51:06,17435210,9387040,90379250,12.45,19.32,2026-09-29,23200,3483935,6103500,15951845,333.00,21.61,22837.80,0.19980,22800
95261,2026-09-28 11:51:06,16411785,9673105,71136325,7.50,20.87,2026-09-29,23300,4673240,5132465,5401955,425.50,22.92,22837.80,0.28470,22800
95263,2026-09-28 11:51:06,13267605,9820980,57777525,5.35,23.13,2026-09-29,23400,3347955,3602560,1227655,525.80,25.94,22837.80,0.25230,22800
95265,2026-09-28 11:51:06,15959385,14143480,63619270,3.95,25.27,2026-09-29,23500,4388475,4632485,1584050,621.65,28.26,22837.80,0.27500,22800
95267,2026-09-28 11:51:06,11514815,7514195,54649075,3.25,27.71,2026-09-29,23600,789360,950105,341575,721.10,31.37,22837.80,0.06860,22800
95269,2026-09-28 11:51:06,10278580,7209150,50995035,2.80,30.03,2026-09-29,23700,604435,685490,232375,823.00,36.50,22837.80,0.05880,22800
95271,2026-09-28 11:51:06,10690810,7114185,47860540,2.45,32.47,2026-09-29,23800,699270,822510,270530,920.10,37.11,22837.80,0.06540,22800
95273,2026-09-28 11:51:06,5056805,5832255,31073185,2.25,34.91,2026-09-29,23900,506675,574015,106535,1023.50,41.87,22837.80,0.10020,22800
95275,2026-09-28 11:51:06,20338760,15609815,62323950,2.00,37.35,2026-09-29,24000,2646385,3155140,976755,1120.90,44.56,22837.80,0.13010,22800
95277,2026-09-28 11:51:06,5386355,5602480,28507570,1.65,39.31,2026-09-29,24100,327080,386815,82875,1219.15,45.41,22837.80,0.06070,22800
95569,2026-09-28 11:56:05,1755,1560,3900,786.45,38.88,2026-09-29,22100,2881060,2125760,17740515,3.10,30.27,22824.10,1641.62960,22800
95571,2026-09-28 11:56:05,6890,4940,21125,697.55,40.77,2026-09-29,22200,5254730,4161495,24363625,3.75,27.83,22824.10,762.66040,22800
95573,2026-09-28 11:56:05,10920,3900,40235,577.00,22.71,2026-09-29,22300,5586165,3800745,43598295,4.75,25.33,22824.10,511.55360,22800
95575,2026-09-28 11:56:05,35230,9945,93860,476.05,17.94,2026-09-29,22400,5073770,4157400,49259340,6.75,23.19,22824.10,144.01850,22800
95577,2026-09-28 11:56:05,796640,551915,2597140,378.20,16.97,2026-09-29,22500,12740650,10457200,103207260,10.60,21.36,22824.10,15.99300,22800
95579,2026-09-28 11:56:05,387855,58175,3075345,285.75,17.40,2026-09-29,22600,10085725,4898725,90097150,17.95,19.84,22824.10,26.00390,22800
95581,2026-09-28 11:56:05,1448980,125710,12276420,199.25,16.91,2026-09-29,22700,12240735,6573255,139366955,32.75,18.74,22824.10,8.44780,22800
95583,2026-09-28 11:56:05,8944130,414375,77192310,127.05,16.69,2026-09-29,22800,21003840,8978255,293358845,60.65,18.19,22824.10,2.34830,22800
95585,2026-09-28 11:56:05,22860890,453180,170384695,72.80,16.69,2026-09-29,22900,12563265,6487455,273667095,106.55,18.04,22824.10,0.54960,22800
95587,2026-09-28 11:56:05,32568770,3278665,203347950,39.60,17.33,2026-09-29,23000,10108465,14434665,157304030,172.35,18.77,22824.10,0.31040,22800
95589,2026-09-28 11:56:05,17465695,9081020,113296885,20.75,18.13,2026-09-29,23100,6028880,10946390,53430065,253.55,19.84,22824.10,0.34520,22800
95591,2026-09-28 11:56:05,17222270,9387040,92643330,11.40,19.41,2026-09-29,23200,3481660,6103500,16090425,344.00,22.09,22824.10,0.20220,22800
95593,2026-09-28 11:56:05,16382015,9673105,72571265,6.90,21.00,2026-09-29,23300,4645095,5132465,5478265,437.85,23.56,22824.10,0.28350,22800
95595,2026-09-28 11:56:05,13332085,9820980,58938750,5.00,23.25,2026-09-29,23400,3337555,3602560,1248065,537.05,27.13,22824.10,0.25030,22800
95597,2026-09-28 11:56:05,15847195,14143480,64288900,3.75,25.39,2026-09-29,23500,4387305,4632485,1594905,636.95,30.58,22824.10,0.27690,22800
95599,2026-09-28 11:56:05,11530740,7514195,55112135,3.10,27.83,2026-09-29,23600,788125,950105,343785,735.00,31.98,22824.10,0.06830,22800
95601,2026-09-28 11:56:05,10263565,7209150,51380810,2.65,30.27,2026-09-29,23700,601900,685490,239850,837.20,38.15,22824.10,0.05860,22800
95603,2026-09-28 11:56:05,10600655,7114185,48226425,2.40,32.71,2026-09-29,23800,698880,822510,271375,936.00,0.00,22824.10,0.06590,22800
95605,2026-09-28 11:56:05,5057325,5832255,31248620,2.10,35.16,2026-09-29,23900,502515,574015,111150,1035.00,44.68,22824.10,0.09940,22800
95607,2026-09-28 11:56:05,20370350,15609815,62746905,1.95,37.60,2026-09-29,24000,2593085,3155140,1069575,1131.90,43.95,22824.10,0.12730,22800
95609,2026-09-28 11:56:05,5393440,5602480,28661815,1.60,39.55,2026-09-29,24100,326495,386815,83135,1230.50,46.26,22824.10,0.06050,22800
95901,2026-09-28 12:01:05,1820,1560,4030,766.00,0.00,2026-09-29,22100,2793180,2125760,18107505,2.95,30.03,22828.30,1534.71430,22800
95903,2026-09-28 12:01:05,6760,4940,21450,662.70,0.00,2026-09-29,22200,5261815,4161495,24701170,3.60,27.71,22828.30,778.37500,22800
95905,2026-09-28 12:01:05,12090,3900,42770,570.50,25.63,2026-09-29,22300,5603780,3800745,44279820,4.35,24.78,22828.30,463.50540,22800
95907,2026-09-28 12:01:05,34515,9945,101855,475.00,0.00,2026-09-29,22400,5092490,4157400,50228685,6.10,22.95,22828.30,147.54430,22800
95909,2026-09-28 12:01:05,800475,551915,2683980,379.35,16.36,2026-09-29,22500,12867790,10457200,105677325,9.70,20.75,22828.30,16.07520,22800
95911,2026-09-28 12:01:05,442585,58175,3242785,286.60,16.97,2026-09-29,22600,10043540,4898725,93193425,16.60,19.53,22828.30,22.69290,22800
95913,2026-09-28 12:01:05,1504425,125710,12828530,200.40,16.82,2026-09-29,22700,11925550,6573255,145084485,31.00,17.97,22828.30,7.92700,22800
95915,2026-09-28 12:01:05,9586785,414375,81078530,127.85,16.54,2026-09-29,22800,20041190,8978255,305848465,58.35,17.97,22828.30,2.09050,22800
95917,2026-09-28 12:01:05,23291060,453180,175768840,73.35,17.32,2026-09-29,22900,11525930,6487455,280302750,104.25,17.07,22828.30,0.49490,22800
95919,2026-09-28 12:01:05,33026240,3278665,208166205,40.10,17.90,2026-09-29,23000,9986720,14434665,159857165,170.75,17.36,22828.30,0.30240,22800
95921,2026-09-28 12:01:05,17224805,9081020,115629345,21.15,18.19,2026-09-29,23100,5814900,10946390,53960270,251.20,20.05,22828.30,0.33760,22800
95923,2026-09-28 12:01:05,17195880,9387040,94407105,11.85,19.96,2026-09-29,23200,3471390,6103500,16232385,342.00,22.25,22828.30,0.20190,22800
95925,2026-09-28 12:01:05,16345160,9673105,73485100,7.30,21.30,2026-09-29,23300,4643535,5132465,5525845,436.05,20.45,22828.30,0.28410,22800
95927,2026-09-28 12:01:05,13473980,9820980,59583875,5.25,23.80,2026-09-29,23400,3323580,3602560,1275820,536.75,28.20,22828.30,0.24670,22800
95929,2026-09-28 12:01:05,15829515,14143480,64816115,3.95,25.63,2026-09-29,23500,4361695,4632485,1641055,635.20,27.28,22828.30,0.27550,22800
95931,2026-09-28 12:01:05,11500840,7514195,55588520,3.30,28.20,2026-09-29,23600,787605,950105,346645,739.15,37.17,22828.30,0.06850,22800
95933,2026-09-28 12:01:05,10251085,7209150,51709970,2.85,30.64,2026-09-29,23700,597610,685490,245115,835.00,32.23,22828.30,0.05830,22800
95935,2026-09-28 12:01:05,10777260,7114185,49265710,2.60,33.57,2026-09-29,23800,698490,822510,272155,935.00,25.39,22828.30,0.06480,22800
95937,2026-09-28 12:01:05,5065710,5832255,31469165,2.25,35.64,2026-09-29,23900,500305,574015,113750,1038.00,37.60,22828.30,0.09880,22800
95939,2026-09-28 12:01:05,20401875,15609815,63353485,2.00,37.84,2026-09-29,24000,2555255,3155140,1165970,1128.35,42.72,22828.30,0.12520,22800
95941,2026-09-28 12:01:05,5471245,5602480,29174470,1.65,40.04,2026-09-29,24100,326365,386815,83720,1235.00,31.25,22828.30,0.05970,22800
96233,2026-09-28 12:06:06,1820,1560,4030,766.00,0.00,2026-09-29,22100,2796235,2125760,18313425,2.90,30.40,22836.65,1536.39290,22800
96235,2026-09-28 12:06:06,6760,4940,21645,667.20,0.00,2026-09-29,22200,5284435,4161495,24871470,3.50,27.83,22836.65,781.72120,22800
96237,2026-09-28 12:06:06,11570,3900,44135,570.30,0.00,2026-09-29,22300,5643365,3800745,44744245,4.20,25.15,22836.65,487.75840,22800
96239,2026-09-28 12:06:06,34450,9945,104000,480.00,0.00,2026-09-29,22400,5118880,4157400,50901435,5.90,22.95,22836.65,148.58870,22800
96241,2026-09-28 12:06:06,799175,551915,2715830,385.75,16.60,2026-09-29,22500,13033800,10457200,107271255,9.35,21.12,22836.65,16.30910,22800
96243,2026-09-28 12:06:06,434590,58175,3319485,292.30,17.15,2026-09-29,22600,10003435,4898725,95332510,15.70,19.50,22836.65,23.01810,22800
96245,2026-09-28 12:06:06,1485055,125710,13185315,205.55,16.75,2026-09-29,22700,11885640,6573255,148242575,29.25,18.40,22836.65,8.00350,22800
96247,2026-09-28 12:06:06,9721985,414375,84013670,131.75,16.56,2026-09-29,22800,20336485,8978255,313719770,55.30,17.82,22836.65,2.09180,22800
96249,2026-09-28 12:06:06,23499970,453180,179767120,75.75,16.54,2026-09-29,22900,11560250,6487455,284094135,99.55,17.76,22836.65,0.49190,22800
96251,2026-09-28 12:06:06,33059260,3278665,211598660,41.40,17.27,2026-09-29,23000,10128420,14434665,161344040,164.80,18.49,22836.65,0.30640,22800
96253,2026-09-28 12:06:06,17141475,9081020,117117975,21.75,18.13,2026-09-29,23100,5745935,10946390,54303860,245.40,19.73,22836.65,0.33520,22800
96255,2026-09-28 12:06:06,17327570,9387040,95840745,12.25,19.50,2026-09-29,23200,3471975,6103500,16347435,336.00,22.13,22836.65,0.20040,22800
96257,2026-09-28 12:06:06,16452735,9673105,74273160,7.45,21.18,2026-09-29,23300,4640545,5132465,5560165,432.00,24.11,22836.65,0.28210,22800
96259,2026-09-28 12:06:06,13416910,9820980,60108555,5.40,23.44,2026-09-29,23400,3311230,3602560,1292460,528.85,27.10,22836.65,0.24680,22800
96261,2026-09-28 12:06:06,15842385,14143480,65100360,4.10,25.70,2026-09-29,23500,4349735,4632485,1653015,630.15,31.13,22836.65,0.27460,22800
96263,2026-09-28 12:06:06,11519170,7514195,56007965,3.45,28.32,2026-09-29,23600,779090,950105,356590,728.00,37.23,22836.65,0.06760,22800
96265,2026-09-28 12:06:06,10278125,7209150,51951640,3.00,30.76,2026-09-29,23700,596635,685490,247520,828.00,37.78,22836.65,0.05800,22800
96267,2026-09-28 12:06:06,10815025,7114185,49631465,2.65,33.20,2026-09-29,23800,698035,822510,274560,930.00,42.11,22836.65,0.06450,22800
96269,2026-09-28 12:06:06,5085925,5832255,31666180,2.35,35.64,2026-09-29,23900,494975,574015,124280,1028.35,45.72,22836.65,0.09730,22800
96271,2026-09-28 12:06:06,20624890,15609815,64011870,2.15,37.84,2026-09-29,24000,2527565,3155140,1251575,1125.00,44.56,22836.65,0.12250,22800
96273,2026-09-28 12:06:06,5447715,5602480,29330015,1.70,39.55,2026-09-29,24100,322855,386815,87360,1230.00,52.61,22836.65,0.05930,22800
96565,2026-09-28 12:11:06,1820,1560,4030,766.00,0.00,2026-09-29,22100,2800590,2125760,18367570,2.95,30.40,22831.70,1538.78570,22800
96567,2026-09-28 12:11:06,6760,4940,21710,677.50,0.00,2026-09-29,22200,5240105,4161495,24981970,3.55,27.83,22831.70,775.16350,22800
96569,2026-09-28 12:11:06,11700,3900,44265,577.70,0.00,2026-09-29,22300,5655000,3800745,44906355,4.25,25.15,22831.70,483.33330,22800
96571,2026-09-28 12:11:06,34840,9945,104455,480.30,17.70,2026-09-29,22400,5367375,4157400,51514190,6.00,22.95,22831.70,154.05780,22800
96573,2026-09-28 12:11:06,803725,551915,2735395,381.00,15.50,2026-09-29,22500,13057785,10457200,108060940,9.55,21.12,22831.70,16.24660,22800
96575,2026-09-28 12:11:06,434720,58175,3345030,288.70,17.27,2026-09-29,22600,10042110,4898725,96270265,16.20,19.53,22831.70,23.10020,22800
96577,2026-09-28 12:11:06,1495455,125710,13361595,201.50,16.57,2026-09-29,22700,12052495,6573255,149953830,30.20,18.46,22831.70,8.05940,22800
96579,2026-09-28 12:11:06,9880130,414375,85548645,128.65,16.45,2026-09-29,22800,20881705,8978255,317753670,57.10,17.82,22831.70,2.11350,22800
96581,2026-09-28 12:11:06,23616255,453180,182140725,73.45,16.46,2026-09-29,22900,11693955,6487455,286121875,102.70,17.88,22831.70,0.49520,22800
96583,2026-09-28 12:11:06,33251140,3278665,213602285,40.40,17.24,2026-09-29,23000,10120230,14434665,162054295,168.15,18.71,22831.70,0.30440,22800
96585,2026-09-28 12:11:06,17213170,9081020,117951860,21.30,18.13,2026-09-29,23100,5755425,10946390,54473315,250.00,19.96,22831.70,0.33440,22800
96587,2026-09-28 12:11:06,17394065,9387040,96531500,12.00,19.53,2026-09-29,23200,3470025,6103500,16429270,340.85,22.19,22831.70,0.19950,22800
96589,2026-09-28 12:11:06,16717870,9673105,75106915,7.25,21.18,2026-09-29,23300,4639375,5132465,5585580,434.05,24.26,22831.70,0.27750,22800
96591,2026-09-28 12:11:06,13479375,9820980,60359780,5.35,23.44,2026-09-29,23400,3308110,3602560,1299155,533.35,28.14,22831.70,0.24540,22800
96593,2026-09-28 12:11:06,15854150,14143480,65426205,4.05,25.63,2026-09-29,23500,4348305,4632485,1656980,632.10,31.25,22831.70,0.27430,22800
96595,2026-09-28 12:11:06,11534705,7514195,56247425,3.40,28.20,2026-09-29,23600,778180,950105,357760,733.10,35.83,22831.70,0.06750,22800
96597,2026-09-28 12:11:06,10302435,7209150,52053430,2.90,30.76,2026-09-29,23700,596440,685490,249145,831.55,38.45,22831.70,0.05790,22800
96599,2026-09-28 12:11:06,10762245,7114185,49879375,2.55,33.20,2026-09-29,23800,696930,822510,278460,933.00,43.21,22831.70,0.06480,22800
96601,2026-09-28 12:11:06,5088135,5832255,31813665,2.35,35.64,2026-09-29,23900,492570,574015,126555,1034.70,48.10,22831.70,0.09680,22800
96603,2026-09-28 12:11:06,20572175,15609815,64273495,2.05,38.09,2026-09-29,24000,2533285,3155140,1281150,1130.00,47.06,22831.70,0.12310,22800
96605,2026-09-28 12:11:06,5448755,5602480,29390400,1.65,39.79,2026-09-29,24100,322530,386815,87750,1228.50,49.44,22831.70,0.05920,22800
96897,2026-09-28 12:16:06,1820,1560,4030,766.00,0.00,2026-09-29,22100,2810730,2125760,18425225,2.90,30.27,22825.70,1544.35710,22800
96899,2026-09-28 12:16:06,6760,4940,21710,677.50,0.00,2026-09-29,22200,5263895,4161495,25062960,3.50,27.83,22825.70,778.68270,22800
96901,2026-09-28 12:16:06,11700,3900,44590,572.65,0.00,2026-09-29,22300,5683210,3800745,45097520,4.25,25.15,22825.70,485.74440,22800
96903,2026-09-28 12:16:06,34970,9945,104780,478.75,7.81,2026-09-29,22400,5436210,4157400,52216125,6.05,23.07,22825.70,155.45350,22800
96905,2026-09-28 12:16:06,805155,551915,2746965,378.40,7.81,2026-09-29,22500,12975885,10457200,109207865,9.75,21.24,22825.70,16.11600,22800
96907,2026-09-28 12:16:06,442845,58175,3379025,284.10,15.56,2026-09-29,22600,10041915,4898725,97359080,16.70,19.68,22825.70,22.67590,22800
96909,2026-09-28 12:16:06,1515735,125710,13512785,198.30,15.87,2026-09-29,22700,11962210,6573255,151790730,31.00,18.65,22825.70,7.89200,22800
96911,2026-09-28 12:16:06,9912565,414375,87016670,125.75,15.93,2026-09-29,22800,20980375,8978255,321716590,58.70,18.19,22825.70,2.11650,22800
96913,2026-09-28 12:16:06,23693670,453180,184391545,71.70,16.20,2026-09-29,22900,11708320,6487455,288189525,104.75,18.26,22825.70,0.49420,22800
96915,2026-09-28 12:16:06,33469150,3278665,215580365,39.30,17.03,2026-09-29,23000,10119970,14434665,162786910,171.10,19.32,22825.70,0.30240,22800
96917,2026-09-28 12:16:06,17119635,9081020,118766050,20.65,18.01,2026-09-29,23100,5732805,10946390,54646800,252.65,20.87,22825.70,0.33490,22800
96919,2026-09-28 12:16:06,17389385,9387040,97073795,11.55,19.41,2026-09-29,23200,3460470,6103500,16475225,344.10,23.13,22825.70,0.19900,22800
96921,2026-09-28 12:16:06,16937960,9673105,75683270,7.00,21.06,2026-09-29,23300,4584645,5132465,5615870,438.00,25.39,22825.70,0.27070,22800
96923,2026-09-28 12:16:06,13650520,9820980,60791055,5.15,23.38,2026-09-29,23400,3305965,3602560,1303965,535.35,28.87,22825.70,0.24220,22800
96925,2026-09-28 12:16:06,15876965,14143480,65680615,3.90,25.63,2026-09-29,23500,4337840,4632485,1674205,634.00,32.35,22825.70,0.27320,22800
96927,2026-09-28 12:16:06,11541660,7514195,56463485,3.25,28.08,2026-09-29,23600,773435,950105,364585,735.50,37.17,22825.70,0.06700,22800
96929,2026-09-28 12:16:06,10289240,7209150,52244920,2.80,30.64,2026-09-29,23700,595075,685490,252200,834.00,40.04,22825.70,0.05780,22800
96931,2026-09-28 12:16:06,10797800,7114185,50152960,2.40,33.08,2026-09-29,23800,694785,822510,279435,927.85,38.57,22825.70,0.06430,22800
96933,2026-09-28 12:16:06,5089175,5832255,31974150,2.25,35.64,2026-09-29,23900,490165,574015,129415,1032.05,45.90,22825.70,0.09630,22800
96935,2026-09-28 12:16:06,20558460,15609815,64622610,2.00,37.84,2026-09-29,24000,2545635,3155140,1304420,1130.30,46.51,22825.70,0.12380,22800
96937,2026-09-28 12:16:06,5437380,5602480,29551925,1.65,39.55,2026-09-29,24100,322140,386815,88140,1226.00,45.90,22825.70,0.05920,22800
97229,2026-09-28 12:21:05,1820,1560,4030,766.00,0.00,2026-09-29,22100,2814630,2125760,18462600,2.75,30.40,22834.20,1546.50000,22800
97231,2026-09-28 12:21:05,6760,4940,21710,677.50,0.00,2026-09-29,22200,5237570,4161495,25217075,3.35,27.95,22834.20,774.78850,22800
97233,2026-09-28 12:21:05,11700,3900,44655,578.35,0.00,2026-09-29,22300,5726695,3800745,45562660,4.15,25.27,22834.20,489.46110,22800
97235,2026-09-28 12:21:05,34970,9945,104845,478.75,0.00,2026-09-29,22400,5488275,4157400,52650325,5.75,23.07,22834.20,156.94240,22800
97237,2026-09-28 12:21:05,800475,551915,2762695,384.00,0.00,2026-09-29,22500,13140595,10457200,110271330,9.25,21.30,22834.20,16.41600,22800
97239,2026-09-28 12:21:05,439075,58175,3433040,290.00,13.98,2026-09-29,22600,10111205,4898725,98649135,15.85,19.71,22834.20,23.02840,22800
97241,2026-09-28 12:21:05,1542905,125710,13724035,203.50,15.63,2026-09-29,22700,11957140,6573255,153891790,29.55,18.65,22834.20,7.74980,22800
97243,2026-09-28 12:21:05,10149295,414375,88865660,129.30,15.72,2026-09-29,22800,20870915,8978255,326286935,56.30,18.20,22834.20,2.05640,22800
97245,2026-09-28 12:21:05,23980710,453180,186948710,74.25,15.99,2026-09-29,22900,11886290,6487455,290974580,101.30,18.31,22834.20,0.49570,22800
97247,2026-09-28 12:21:05,33611565,3278665,217927580,40.60,16.91,2026-09-29,23000,10067060,14434665,163557485,167.00,19.36,22834.20,0.29950,22800
97249,2026-09-28 12:21:05,17216355,9081020,119636855,21.45,17.88,2026-09-29,23100,5727345,10946390,54788760,247.10,21.18,22834.20,0.33270,22800
97251,2026-09-28 12:21:05,17464720,9387040,97813690,11.95,19.29,2026-09-29,23200,3455400,6103500,16527680,338.00,23.50,22834.20,0.19790,22800
97253,2026-09-28 12:21:05,16994445,9673105,76036090,7.15,20.94,2026-09-29,23300,4580420,5132465,5652335,432.55,25.85,22834.20,0.26950,22800
97255,2026-09-28 12:21:05,13611650,9820980,60997170,5.15,23.19,2026-09-29,23400,3300830,3602560,1311050,530.95,27.47,22834.20,0.24250,22800
97257,2026-09-28 12:21:05,15876120,14143480,65983580,3.95,25.39,2026-09-29,23500,4331145,4632485,1681940,627.95,32.29,22834.20,0.27280,22800
97259,2026-09-28 12:21:05,11718200,7514195,56869605,3.30,27.95,2026-09-29,23600,770055,950105,370435,727.30,35.83,22834.20,0.06570,22800
97261,2026-09-28 12:21:05,10289630,7209150,52381485,2.80,30.27,2026-09-29,23700,592995,685490,256815,826.55,39.06,22834.20,0.05760,22800
97263,2026-09-28 12:21:05,10740210,7114185,50401910,2.40,32.71,2026-09-29,23800,693550,822510,283075,923.55,40.28,22834.20,0.06460,22800
97265,2026-09-28 12:21:05,5066035,5832255,32288880,2.10,35.16,2026-09-29,23900,489190,574015,137930,1023.00,43.21,22834.20,0.09660,22800
97267,2026-09-28 12:21:05,20552935,15609815,64787450,1.95,37.60,2026-09-29,24000,2551225,3155140,1318005,1125.20,48.71,22834.20,0.12410,22800
97269,2026-09-28 12:21:05,5436275,5602480,29689660,1.55,39.55,2026-09-29,24100,321750,386815,88855,1224.00,51.03,22834.20,0.05920,22800
97561,2026-09-28 12:26:05,1820,1560,4030,766.00,0.00,2026-09-29,22100,2826070,2125760,18665205,2.60,30.52,22846.75,1552.78570,22800
97563,2026-09-28 12:26:05,6760,4940,22230,695.15,19.53,2026-09-29,22200,5231070,4161495,25363585,3.05,27.95,22846.75,773.82690,22800
97565,2026-09-28 12:26:05,11570,3900,44915,591.00,0.00,2026-09-29,22300,5669105,3800745,45962605,3.70,25.27,22846.75,489.98310,22800
97567,2026-09-28 12:26:05,34775,9945,105430,488.55,0.00,2026-09-29,22400,5429840,4157400,53309035,5.15,23.01,22846.75,156.14210,22800
97569,2026-09-28 12:26:05,793325,551915,2819765,396.00,16.11,2026-09-29,22500,13005460,10457200,112168160,8.10,21.12,22846.75,16.39360,22800
97571,2026-09-28 12:26:05,432510,58175,3508375,302.60,16.78,2026-09-29,22600,10374455,4898725,100861540,13.80,19.41,22846.75,23.98660,22800
97573,2026-09-28 12:26:05,1519180,125710,14066195,214.40,16.42,2026-09-29,22700,12063610,6573255,156902070,25.95,18.34,22846.75,7.94090,22800
97575,2026-09-28 12:26:05,10216895,414375,92174095,138.75,16.36,2026-09-29,22800,21135855,8978255,332986485,50.40,17.75,22846.75,2.06870,22800
97577,2026-09-28 12:26:05,23764715,453180,191394320,80.40,16.37,2026-09-29,22900,12024870,6487455,295041630,92.50,17.64,22846.75,0.50600,22800
97579,2026-09-28 12:26:05,33379060,3278665,222177150,44.35,17.04,2026-09-29,23000,9891235,14434665,165158695,156.20,18.40,22846.75,0.29630,22800
97581,2026-09-28 12:26:05,17251650,9081020,121280055,23.30,17.94,2026-09-29,23100,5616715,10946390,55224325,234.70,19.78,22846.75,0.32560,22800
97583,2026-09-28 12:26:05,17465500,9387040,99046675,12.95,19.26,2026-09-29,23200,3451500,6103500,16592290,325.40,21.91,22846.75,0.19760,22800
97585,2026-09-28 12:26:05,16910855,9673105,77014860,7.75,20.94,2026-09-29,23300,4573530,5132465,5686460,418.00,23.71,22846.75,0.27040,22800
97587,2026-09-28 12:26:05,13631475,9820980,61424155,5.65,23.19,2026-09-29,23400,3294395,3602560,1325610,517.00,27.40,22846.75,0.24170,22800
97589,2026-09-28 12:26:05,15971605,14143480,66446315,4.25,25.45,2026-09-29,23500,4327570,4632485,1693640,612.95,28.75,22846.75,0.27100,22800
97591,2026-09-28 12:26:05,11748490,7514195,57284305,3.55,28.08,2026-09-29,23600,769080,950105,375050,713.90,35.58,22846.75,0.06550,22800
97593,2026-09-28 12:26:05,10326485,7209150,52770055,3.05,30.52,2026-09-29,23700,591955,685490,258830,815.00,37.60,22846.75,0.05730,22800
97595,2026-09-28 12:26:05,10735465,7114185,51081550,2.65,32.96,2026-09-29,23800,690105,822510,295880,915.00,41.26,22846.75,0.06430,22800
97597,2026-09-28 12:26:05,5002855,5832255,32818045,2.40,35.40,2026-09-29,23900,477295,574015,153595,1013.10,43.09,22846.75,0.09540,22800
97599,2026-09-28 12:26:05,20550205,15609815,65422565,2.20,37.84,2026-09-29,24000,2561105,3155140,1332435,1110.35,44.68,22846.75,0.12460,22800
97601,2026-09-28 12:26:05,5429320,5602480,30102345,1.80,39.55,2026-09-29,24100,321620,386815,89570,1218.55,54.75,22846.75,0.05920,22800
97893,2026-09-28 12:31:05,1820,1560,4030,766.00,0.00,2026-09-29,22100,2804880,2125760,18937100,2.55,30.64,22849.60,1541.14290,22800
97895,2026-09-28 12:31:05,6500,4940,22425,697.90,0.00,2026-09-29,22200,5246995,4161495,25694955,3.05,28.08,22849.60,807.23000,22800
97897,2026-09-28 12:31:05,11375,3900,45370,598.00,0.00,2026-09-29,22300,5617885,3800745,46652580,3.60,25.27,22849.60,493.88000,22800
97899,2026-09-28 12:31:05,32370,9945,112775,499.30,0.00,2026-09-29,22400,5343455,4157400,54159755,5.00,23.07,22849.60,165.07430,22800
97901,2026-09-28 12:31:05,785785,551915,2897115,401.05,0.00,2026-09-29,22500,13014495,10457200,114575435,7.75,21.12,22849.60,16.56240,22800
97903,2026-09-28 12:31:05,427765,58175,3644745,306.05,15.99,2026-09-29,22600,10429770,4898725,104109070,13.10,19.41,22849.60,24.38200,22800
97905,2026-09-28 12:31:05,1422005,125710,14592760,218.00,16.05,2026-09-29,22700,11916710,6573255,162189365,24.55,18.28,22849.60,8.38020,22800
97907,2026-09-28 12:31:05,9679475,414375,97297655,140.75,15.87,2026-09-29,22800,21335210,8978255,343364060,47.90,17.64,22849.60,2.20420,22800
97909,2026-09-28 12:31:05,23708945,453180,198706755,81.25,16.02,2026-09-29,22900,12695670,6487455,301445755,88.75,17.49,22849.60,0.53550,22800
97911,2026-09-28 12:31:05,33724210,3278665,228764185,44.30,16.71,2026-09-29,23000,9975410,14434665,167370775,151.20,18.23,22849.60,0.29580,22800
97913,2026-09-28 12:31:05,17516200,9081020,124052045,22.90,17.61,2026-09-29,23100,5641870,10946390,55611985,230.45,19.71,22849.60,0.32210,22800
97915,2026-09-28 12:31:05,17472650,9387040,100833330,12.45,18.89,2026-09-29,23200,3437915,6103500,16721445,319.50,21.73,22849.60,0.19680,22800
97917,2026-09-28 12:31:05,16877185,9673105,78194025,7.30,20.51,2026-09-29,23300,4569695,5132465,5734300,414.10,23.80,22849.60,0.27080,22800
97919,2026-09-28 12:31:05,13595660,9820980,62156965,5.20,22.71,2026-09-29,23400,3281460,3602560,1349920,511.95,27.10,22849.60,0.24140,22800
97921,2026-09-28 12:31:05,15982395,14143480,66995500,4.00,25.15,2026-09-29,23500,4323540,4632485,1707030,608.20,29.48,22849.60,0.27050,22800
97923,2026-09-28 12:31:05,11706240,7514195,57772975,3.35,27.59,2026-09-29,23600,767325,950105,380445,711.45,34.79,22849.60,0.06550,22800
97925,2026-09-28 12:31:05,10351445,7209150,53059890,2.75,30.03,2026-09-29,23700,590590,685490,263445,810.75,38.02,22849.60,0.05710,22800
97927,2026-09-28 12:31:05,10848565,7114185,51379835,2.40,32.47,2026-09-29,23800,684515,822510,305890,911.15,41.99,22849.60,0.06310,22800
97929,2026-09-28 12:31:05,5048420,5832255,33033975,2.20,34.91,2026-09-29,23900,468065,574015,161395,1004.75,39.18,22849.60,0.09270,22800
97931,2026-09-28 12:31:05,20685275,15609815,66039155,1.95,37.35,2026-09-29,24000,2561885,3155140,1349790,1109.90,48.10,22849.60,0.12390,22800
97933,2026-09-28 12:31:05,5465460,5602480,30356300,1.65,39.31,2026-09-29,24100,319475,386815,91455,1210.00,51.64,22849.60,0.05850,22800
98225,2026-09-28 12:36:06,1820,1560,4030,766.00,0.00,2026-09-29,22100,2890940,2125760,19373705,2.85,30.88,22838.85,1588.42860,22800
98227,2026-09-28 12:36:06,6695,4940,22815,695.40,30.64,2026-09-29,22200,5201365,4161495,25979005,3.40,28.20,22838.85,776.90290,22800
98229,2026-09-28 12:36:06,11180,3900,46150,584.75,0.00,2026-09-29,22300,5621005,3800745,47124740,4.05,25.51,22838.85,502.77330,22800
98231,2026-09-28 12:36:06,30485,9945,116740,486.75,0.00,2026-09-29,22400,5303025,4157400,54904330,5.60,23.19,22838.85,173.95520,22800
98233,2026-09-28 12:36:06,776555,551915,2929290,389.65,0.00,2026-09-29,22500,13065975,10457200,116373465,8.65,21.24,22838.85,16.82560,22800
98235,2026-09-28 12:36:06,435500,58175,3709875,295.65,14.83,2026-09-29,22600,10505560,4898725,106440230,14.65,19.59,22838.85,24.12300,22800
98237,2026-09-28 12:36:06,1446510,125710,15027285,207.55,15.87,2026-09-29,22700,12125945,6573255,166033010,27.65,18.52,22838.85,8.38290,22800
98239,2026-09-28 12:36:06,9267765,414375,100565660,132.85,15.95,2026-09-29,22800,22242415,8978255,352603160,53.35,18.04,22838.85,2.40000,22800
98241,2026-09-28 12:36:06,23510435,453180,204715810,76.15,16.14,2026-09-29,22900,12936820,6487455,307309665,96.50,17.90,22838.85,0.55030,22800
98243,2026-09-28 12:36:06,33505420,3278665,233842180,41.30,16.83,2026-09-29,23000,9929455,14434665,169381420,161.45,18.98,22838.85,0.29640,22800
98245,2026-09-28 12:36:06,17405245,9081020,126536215,21.55,17.79,2026-09-29,23100,5655455,10946390,56038255,241.55,20.36,22838.85,0.32490,22800
98247,2026-09-28 12:36:06,17568330,9387040,102804910,11.80,19.13,2026-09-29,23200,3448055,6103500,16835260,332.55,22.37,22838.85,0.19630,22800
98249,2026-09-28 12:36:06,16797365,9673105,79447745,7.10,20.81,2026-09-29,23300,4568135,5132465,5766150,424.00,24.48,22838.85,0.27200,22800
98251,2026-09-28 12:36:06,13571545,9820980,62803650,5.10,23.07,2026-09-29,23400,3264820,3602560,1391455,521.05,27.16,22838.85,0.24060,22800
98253,2026-09-28 12:36:06,16014765,14143480,67522845,3.85,25.39,2026-09-29,23500,4322565,4632485,1715675,621.25,31.25,22838.85,0.26990,22800
98255,2026-09-28 12:36:06,11716965,7514195,58009120,3.30,27.95,2026-09-29,23600,764530,950105,387725,722.25,35.77,22838.85,0.06520,22800
98257,2026-09-28 12:36:06,10367825,7209150,53239290,2.75,30.27,2026-09-29,23700,588835,685490,265265,822.00,39.37,22838.85,0.05680,22800
98259,2026-09-28 12:36:06,10868000,7114185,51523875,2.45,32.84,2026-09-29,23800,679445,822510,306670,919.80,40.28,22838.85,0.06250,22800
98261,2026-09-28 12:36:06,5017935,5832255,33141030,2.20,35.40,2026-09-29,23900,467285,574015,163215,1024.35,48.46,22838.85,0.09310,22800
98263,2026-09-28 12:36:06,20627620,15609815,66677975,2.05,37.84,2026-09-29,24000,2559610,3155140,1354470,1117.35,46.02,22838.85,0.12410,22800
98265,2026-09-28 12:36:06,5453110,5602480,30419675,1.65,39.55,2026-09-29,24100,319345,386815,91845,1226.00,57.01,22838.85,0.05860,22800
98557,2026-09-28 12:41:06,1820,1560,4030,766.00,0.00,2026-09-29,22100,2938390,2125760,19521905,2.75,30.88,22839.50,1614.50000,22800
98559,2026-09-28 12:41:06,6695,4940,23010,688.65,0.00,2026-09-29,22200,5176730,4161495,26124865,3.15,28.20,22839.50,773.22330,22800
98561,2026-09-28 12:41:06,11180,3900,46150,584.75,0.00,2026-09-29,22300,5621655,3800745,47324420,3.80,25.39,22839.50,502.83140,22800
98563,2026-09-28 12:41:06,29705,9945,119665,490.85,0.00,2026-09-29,22400,5273125,4157400,55347045,5.25,23.13,22839.50,177.51640,22800
98565,2026-09-28 12:41:06,774020,551915,2951975,391.90,0.00,2026-09-29,22500,13070525,10457200,117392405,8.20,21.18,22839.50,16.88650,22800
98567,2026-09-28 12:41:06,420160,58175,3752580,296.45,14.59,2026-09-29,22600,10599420,4898725,107473080,13.90,19.50,22839.50,25.22710,22800
98569,2026-09-28 12:41:06,1450280,125710,15217735,209.90,15.63,2026-09-29,22700,12218310,6573255,168127635,26.30,18.37,22839.50,8.42480,22800
98571,2026-09-28 12:41:06,9342905,414375,101895170,134.45,15.73,2026-09-29,22800,22511125,8978255,357440395,51.25,17.91,22839.50,2.40940,22800
98573,2026-09-28 12:41:06,23672675,453180,207113595,77.10,15.90,2026-09-29,22900,13025220,6487455,309686910,94.05,17.97,22839.50,0.55020,22800
98575,2026-09-28 12:41:06,33586995,3278665,236183025,42.10,16.77,2026-09-29,23000,10004205,14434665,170185600,158.85,18.92,22839.50,0.29790,22800
98577,2026-09-28 12:41:06,17429165,9081020,127427105,21.90,17.73,2026-09-29,23100,5613075,10946390,56296695,239.00,20.69,22839.50,0.32210,22800
98579,2026-09-28 12:41:06,17669795,9387040,103485850,12.10,19.10,2026-09-29,23200,3454165,6103500,16913910,329.00,22.83,22839.50,0.19550,22800
98581,2026-09-28 12:41:06,16766425,9673105,80105610,7.30,20.87,2026-09-29,23300,4566120,5132465,5773885,423.50,25.76,22839.50,0.27230,22800
98583,2026-09-28 12:41:06,13544375,9820980,63199565,5.20,23.13,2026-09-29,23400,3251820,3602560,1416350,520.35,28.93,22839.50,0.24010,22800
98585,2026-09-28 12:41:06,16010865,14143480,67782650,4.00,25.39,2026-09-29,23500,4319445,4632485,1726075,617.95,29.17,22839.50,0.26980,22800
98587,2026-09-28 12:41:06,11660285,7514195,58185985,3.30,27.95,2026-09-29,23600,759265,950105,391625,716.50,33.81,22839.50,0.06510,22800
98589,2026-09-28 12:41:06,10370620,7209150,53689935,2.80,30.27,2026-09-29,23700,587470,685490,267150,821.95,41.26,22839.50,0.05660,22800
98591,2026-09-28 12:41:06,10872290,7114185,51612925,2.45,32.71,2026-09-29,23800,677560,822510,308945,916.60,41.75,22839.50,0.06230,22800
98593,2026-09-28 12:41:06,5022095,5832255,33208045,2.15,35.16,2026-09-29,23900,466895,574015,164125,1020.85,46.39,22839.50,0.09300,22800
98595,2026-09-28 12:41:06,20810985,15609815,67268955,1.95,37.60,2026-09-29,24000,2554605,3155140,1360125,1115.40,47.73,22839.50,0.12280,22800
98597,2026-09-28 12:41:06,5414955,5602480,30570865,1.65,39.55,2026-09-29,24100,319020,386815,91910,1220.15,54.75,22839.50,0.05890,22800
98889,2026-09-28 12:46:06,1820,1560,4030,766.00,0.00,2026-09-29,22100,2937740,2125760,19719895,2.80,30.76,22838.75,1614.14290,22800
98891,2026-09-28 12:46:06,6695,4940,23010,688.65,0.00,2026-09-29,22200,5181540,4161495,26268515,3.25,28.20,22838.75,773.94170,22800
98893,2026-09-28 12:46:06,11050,3900,46540,582.00,0.00,2026-09-29,22300,5615740,3800745,47671260,3.85,25.27,22838.75,508.21180,22800
98895,2026-09-28 12:46:06,29835,9945,119730,490.85,17.82,2026-09-29,22400,5256875,4157400,55870165,5.40,23.07,22838.75,176.19830,22800
98897,2026-09-28 12:46:06,771420,551915,2968745,388.30,0.00,2026-09-29,22500,13161980,10457200,118767415,8.35,21.12,22838.75,17.06200,22800
98899,2026-09-28 12:46:06,418210,58175,3792945,295.45,15.01,2026-09-29,22600,10627890,4898725,108864600,14.30,19.53,22838.75,25.41280,22800
98901,2026-09-28 12:46:06,1449500,125710,15519205,208.00,15.81,2026-09-29,22700,12098450,6573255,171075775,26.90,18.37,22838.75,8.34660,22800
98903,2026-09-28 12:46:06,9372090,414375,104023075,132.95,15.88,2026-09-29,22800,22978605,8978255,363873185,52.10,17.85,22838.75,2.45180,22800
98905,2026-09-28 12:46:06,23646805,453180,210530190,75.95,15.99,2026-09-29,22900,12815790,6487455,312924040,95.10,17.79,22838.75,0.54200,22800
98907,2026-09-28 12:46:06,33797790,3278665,239310175,41.15,16.83,2026-09-29,23000,10011810,14434665,171356185,160.35,18.86,22838.75,0.29620,22800
98909,2026-09-28 12:46:06,17424810,9081020,128731590,21.45,17.73,2026-09-29,23100,5609305,10946390,56699305,240.30,20.51,22838.75,0.32190,22800
98911,2026-09-28 12:46:06,17699760,9387040,104764985,11.80,19.17,2026-09-29,23200,3444870,6103500,17002310,330.95,22.64,22838.75,0.19460,22800
98913,2026-09-28 12:46:06,16339570,9673105,81146455,7.10,20.87,2026-09-29,23300,4563260,5132465,5793060,425.00,24.90,22838.75,0.27930,22800
98915,2026-09-28 12:46:06,13557245,9820980,63449750,5.10,23.19,2026-09-29,23400,3238495,3602560,1435200,525.00,28.05,22838.75,0.23890,22800
98917,2026-09-28 12:46:06,16030560,14143480,68132545,3.90,25.39,2026-09-29,23500,4318925,4632485,1733225,626.25,34.00,22838.75,0.26940,22800
98919,2026-09-28 12:46:06,11611340,7514195,58446115,3.20,27.95,2026-09-29,23600,758680,950105,393770,724.70,35.83,22838.75,0.06530,22800
98921,2026-09-28 12:46:06,10377380,7209150,53782040,2.80,30.52,2026-09-29,23700,583830,685490,270855,823.65,38.88,22838.75,0.05630,22800
98923,2026-09-28 12:46:06,10883275,7114185,51729665,2.40,32.96,2026-09-29,23800,677235,822510,311740,923.65,44.19,22838.75,0.06220,22800
98925,2026-09-28 12:46:06,5006040,5832255,33293520,2.10,35.16,2026-09-29,23900,463645,574015,168350,1026.50,49.93,22838.75,0.09260,22800
98927,2026-09-28 12:46:06,20526610,15609815,67537795,1.95,37.84,2026-09-29,24000,2551355,3155140,1364220,1120.80,47.73,22838.75,0.12430,22800
98929,2026-09-28 12:46:06,5412030,5602480,30636840,1.60,39.55,2026-09-29,24100,318825,386815,92755,1222.90,54.50,22838.75,0.05890,22800
99221,2026-09-28 12:51:06,1820,1560,4030,766.00,0.00,2026-09-29,22100,2971995,2125760,19955195,2.85,31.01,22835.80,1632.96430,22800
99223,2026-09-28 12:51:06,6695,4940,23010,688.65,22.46,2026-09-29,22200,5184855,4161495,26374790,3.25,28.08,22835.80,774.43690,22800
99225,2026-09-28 12:51:06,11050,3900,46540,582.00,0.00,2026-09-29,22300,5609045,3800745,47817445,3.85,25.39,22835.80,507.60590,22800
99227,2026-09-28 12:51:06,29770,9945,120770,488.95,17.33,2026-09-29,22400,5275595,4157400,56162470,5.30,23.01,22835.80,177.21180,22800
99229,2026-09-28 12:51:06,776035,551915,2978235,389.80,15.75,2026-09-29,22500,13256620,10457200,119609165,8.25,21.12,22835.80,17.08250,22800
99231,2026-09-28 12:51:06,422110,58175,3823495,295.60,16.42,2026-09-29,22600,10627890,4898725,109755425,14.15,19.44,22835.80,25.17800,22800
99233,2026-09-28 12:51:06,1429610,125710,15640430,206.95,16.27,2026-09-29,22700,12219935,6573255,172634930,26.85,18.25,22835.80,8.54770,22800
99235,2026-09-28 12:51:06,9394970,414375,105179425,132.30,16.14,2026-09-29,22800,23470395,8978255,368998305,52.20,17.73,22835.80,2.49820,22800
99237,2026-09-28 12:51:06,23655970,453180,212485130,75.85,16.25,2026-09-29,22900,13075270,6487455,314947295,95.90,17.72,22835.80,0.55270,22800
99239,2026-09-28 12:51:06,34025290,3278665,241468435,41.35,17.06,2026-09-29,23000,10124325,14434665,172142750,161.00,18.66,22835.80,0.29760,22800
99241,2026-09-28 12:51:06,17502225,9081020,129541425,21.60,18.01,2026-09-29,23100,5694390,10946390,57006820,241.05,20.08,22835.80,0.32540,22800
99243,2026-09-28 12:51:06,17728100,9387040,105500070,12.05,19.38,2026-09-29,23200,3435705,6103500,17056195,331.85,22.34,22835.80,0.19380,22800
99245,2026-09-28 12:51:06,16216135,9673105,81616535,7.35,21.12,2026-09-29,23300,4561635,5132465,5801640,425.95,24.41,22835.80,0.28130,22800
99247,2026-09-28 12:51:06,13694460,9820980,63910535,5.30,23.44,2026-09-29,23400,3235635,3602560,1441700,524.50,28.17,22835.80,0.23630,22800
99249,2026-09-28 12:51:06,16022630,14143480,68414125,4.00,25.76,2026-09-29,23500,4134390,4632485,1745055,623.15,30.21,22835.80,0.25800,22800
99251,2026-09-28 12:51:06,11703640,7514195,58723210,3.35,28.20,2026-09-29,23600,756340,950105,396565,720.50,36.19,22835.80,0.06460,22800
99253,2026-09-28 12:51:06,10425545,7209150,54017145,2.90,30.76,2026-09-29,23700,583570,685490,273715,823.60,39.37,22835.80,0.05600,22800
99255,2026-09-28 12:51:06,10906220,7114185,51890670,2.50,33.20,2026-09-29,23800,675415,822510,313040,921.70,41.56,22835.80,0.06190,22800
99257,2026-09-28 12:51:06,5019040,5832255,33441590,2.15,35.64,2026-09-29,23900,460005,574015,171405,1023.55,46.69,22835.80,0.09170,22800
99259,2026-09-28 12:51:06,20490730,15609815,67868775,2.00,38.09,2026-09-29,24000,2546935,3155140,1370980,1120.15,47.73,22835.80,0.12430,22800
99261,2026-09-28 12:51:06,5417360,5602480,30763720,1.65,39.79,2026-09-29,24100,318175,386815,93015,1221.35,51.76,22835.80,0.05870,22800
99553,2026-09-28 12:56:05,1820,1560,4030,766.00,0.00,2026-09-29,22100,2987985,2125760,20266870,2.85,30.88,22831.70,1641.75000,22800
99555,2026-09-28 12:56:05,6695,4940,23010,688.65,31.13,2026-09-29,22200,5191550,4161495,26505895,3.35,28.08,22831.70,775.43690,22800
99557,2026-09-28 12:56:05,11310,3900,46800,575.00,0.00,2026-09-29,22300,5598905,3800745,48205040,4.00,25.39,22831.70,495.04020,22800
99559,2026-09-28 12:56:05,30225,9945,121615,478.35,0.00,2026-09-29,22400,5290870,4157400,56791345,5.50,23.07,22831.70,175.04950,22800
99561,2026-09-28 12:56:05,772070,551915,3003845,387.90,17.58,2026-09-29,22500,13098865,10457200,121755530,8.65,21.24,22831.70,16.96590,22800
99563,2026-09-28 12:56:05,429975,58175,3911765,293.70,17.15,2026-09-29,22600,10623600,4898725,111590765,14.70,19.47,22831.70,24.70750,22800
99565,2026-09-28 12:56:05,1425255,125710,15982525,206.40,16.75,2026-09-29,22700,13017485,6573255,177223995,27.60,18.31,22831.70,9.13340,22800
99567,2026-09-28 12:56:05,9318790,414375,107785600,131.25,16.54,2026-09-29,22800,22886110,8978255,377855400,53.25,17.72,22831.70,2.45590,22800
99569,2026-09-28 12:56:05,23831600,453180,216956220,75.00,16.48,2026-09-29,22900,13063115,6487455,319574905,96.65,17.56,22831.70,0.54810,22800
99571,2026-09-28 12:56:05,33903545,3278665,245531065,40.65,17.21,2026-09-29,23000,9990165,14434665,174088265,162.00,18.31,22831.70,0.29470,22800
99573,2026-09-28 12:56:05,17588155,9081020,131438255,21.10,18.10,2026-09-29,23100,5765240,10946390,57599490,242.15,19.71,22831.70,0.32780,22800
99575,2026-09-28 12:56:05,17672135,9387040,106531295,11.65,19.47,2026-09-29,23200,3415945,6103500,17173845,334.00,21.88,22831.70,0.19330,22800
99577,2026-09-28 12:56:05,16157375,9673105,82340635,7.15,21.24,2026-09-29,23300,4557670,5132465,5835700,428.00,24.35,22831.70,0.28210,22800
99579,2026-09-28 12:56:05,13596375,9820980,64373985,5.05,23.38,2026-09-29,23400,3227575,3602560,1466205,528.10,28.38,22831.70,0.23740,22800
99581,2026-09-28 12:56:05,15986100,14143480,68740880,3.80,25.63,2026-09-29,23500,4130685,4632485,1755520,625.00,32.23,22831.70,0.25840,22800
99583,2026-09-28 12:56:05,11672375,7514195,59131865,3.10,28.08,2026-09-29,23600,752050,950105,403130,725.00,34.67,22831.70,0.06440,22800
99585,2026-09-28 12:56:05,10393630,7209150,54250170,2.75,30.76,2026-09-29,23700,585780,685490,278655,828.50,39.37,22831.70,0.05640,22800
99587,2026-09-28 12:56:05,10935210,7114185,52145860,2.35,33.20,2026-09-29,23800,675090,822510,313495,924.45,39.55,22831.70,0.06170,22800
99589,2026-09-28 12:56:05,5006560,5832255,33510555,2.10,35.64,2026-09-29,23900,455715,574015,179855,1028.45,46.63,22831.70,0.09100,22800
99591,2026-09-28 12:56:05,20704385,15609815,68290235,1.90,38.09,2026-09-29,24000,2542905,3155140,1378650,1123.00,46.26,22831.70,0.12280,22800
99593,2026-09-28 12:56:05,5403190,5602480,30856020,1.55,39.79,2026-09-29,24100,318175,386815,93275,1224.85,50.05,22831.70,0.05890,22800
99885,2026-09-28 13:01:05,1820,1560,4030,766.00,0.00,2026-09-29,22100,3006380,2125760,20467005,2.75,30.76,22828.90,1651.85710,22800
99887,2026-09-28 13:01:05,6760,4940,23075,681.05,0.00,2026-09-29,22200,5168865,4161495,26590460,3.25,28.08,22828.90,764.62500,22800
99889,2026-09-28 13:01:05,11570,3900,47125,575.50,0.00,2026-09-29,22300,5616715,3800745,48393995,3.90,25.27,22828.90,485.45510,22800
99891,2026-09-28 13:01:05,30160,9945,122785,479.00,0.00,2026-09-29,22400,5295095,4157400,57239065,5.45,22.95,22828.90,175.56680,22800
99893,2026-09-28 13:01:05,771420,551915,3023085,382.15,13.43,2026-09-29,22500,13087035,10457200,123299475,8.55,21.06,22828.90,16.96490,22800
99895,2026-09-28 13:01:05,421460,58175,4015895,289.05,16.17,2026-09-29,22600,10624770,4898725,113394775,14.80,19.41,22828.90,25.20940,22800
99897,2026-09-28 13:01:05,1476215,125710,16292120,201.50,16.17,2026-09-29,22700,12660700,6573255,180461255,27.90,18.31,22828.90,8.57650,22800
99899,2026-09-28 13:01:05,9562280,414375,110113185,128.05,16.05,2026-09-29,22800,22813960,8978255,385951605,54.15,17.84,22828.90,2.38580,22800
99901,2026-09-28 13:01:05,24021920,453180,220270960,72.60,16.16,2026-09-29,22900,12897430,6487455,323393590,98.80,17.88,22828.90,0.53690,22800
99903,2026-09-28 13:01:05,33935915,3278665,248579240,39.30,17.03,2026-09-29,23000,9906965,14434665,175474585,164.95,18.86,22828.90,0.29190,22800
99905,2026-09-28 13:01:05,17583215,9081020,133032835,20.60,18.01,2026-09-29,23100,5697770,10946390,57842915,246.00,20.48,22828.90,0.32400,22800
99907,2026-09-28 13:01:05,17719325,9387040,107642795,11.60,19.53,2026-09-29,23200,3419975,6103500,17262375,337.00,22.31,22828.90,0.19300,22800
99909,2026-09-28 13:01:05,15686580,9673105,83656820,7.20,21.36,2026-09-29,23300,4555395,5132465,5863000,432.40,25.02,22828.90,0.29040,22800
99911,2026-09-28 13:01:05,13615160,9820980,64893465,5.20,23.62,2026-09-29,23400,3224065,3602560,1473940,529.25,27.53,22828.90,0.23680,22800
99913,2026-09-28 13:01:05,15927210,14143480,69223180,3.95,25.94,2026-09-29,23500,4125095,4632485,1767740,626.80,31.07,22828.90,0.25900,22800
99915,2026-09-28 13:01:05,11656710,7514195,59519850,3.20,28.32,2026-09-29,23600,749385,950105,406185,730.95,34.48,22828.90,0.06430,22800
99917,2026-09-28 13:01:05,10422685,7209150,54615275,2.90,31.01,2026-09-29,23700,589030,685490,287950,823.65,34.06,22828.90,0.05650,22800
99919,2026-09-28 13:01:05,10914150,7114185,52361855,2.50,33.45,2026-09-29,23800,673920,822510,314860,926.95,40.89,22828.90,0.06170,22800
99921,2026-09-28 13:01:05,5046470,5832255,33711145,2.20,35.89,2026-09-29,23900,451685,574015,184275,1027.15,44.56,22828.90,0.08950,22800
99923,2026-09-28 13:01:05,20501325,15609815,68959020,1.95,38.33,2026-09-29,24000,2537510,3155140,1390740,1125.50,46.26,22828.90,0.12380,22800
99925,2026-09-28 13:01:05,5404165,5602480,31157360,1.60,40.04,2026-09-29,24100,318110,386815,94640,1227.00,51.27,22828.90,0.05890,22800
100217,2026-09-28 13:06:06,1820,1560,4030,766.00,0.00,2026-09-29,22100,3005210,2125760,20529665,2.80,30.52,22821.80,1651.21430,22800
100219,2026-09-28 13:06:06,6760,4940,23205,668.50,0.00,2026-09-29,22200,5171140,4161495,26666055,3.30,27.83,22821.80,764.96150,22800
100221,2026-09-28 13:06:06,11700,3900,47255,574.40,23.44,2026-09-29,22300,5614440,3800745,48564490,4.00,25.02,22821.80,479.86670,22800
100223,2026-09-28 13:06:06,30160,9945,122785,479.00,24.05,2026-09-29,22400,5278130,4157400,57566145,5.55,22.83,22821.80,175.00430,22800
100225,2026-09-28 13:06:06,776750,551915,3048305,379.55,17.21,2026-09-29,22500,13222950,10457200,124440160,8.75,20.87,22821.80,17.02340,22800
100227,2026-09-28 13:06:06,443495,58175,4077125,286.00,18.01,2026-09-29,22600,10574525,4898725,114778625,15.15,19.29,22821.80,23.84360,22800
100229,2026-09-28 13:06:06,1518855,125710,16530085,200.00,17.40,2026-09-29,22700,12760410,6573255,182585130,28.55,18.10,22821.80,8.40130,22800
100231,2026-09-28 13:06:06,9747335,414375,112092695,126.00,16.82,2026-09-29,22800,23127845,8978255,391748695,55.00,17.50,22821.80,2.37270,22800
100233,2026-09-28 13:06:06,24473995,453180,223543840,71.15,16.66,2026-09-29,22900,12869415,6487455,326611805,100.35,17.46,22821.80,0.52580,22800
100235,2026-09-28 13:06:06,33944690,3278665,251372745,38.55,17.46,2026-09-29,23000,9974825,14434665,176796295,167.00,18.20,22821.80,0.29390,22800
100237,2026-09-28 13:06:06,17339010,9081020,134221945,20.15,18.40,2026-09-29,23100,5526105,10946390,58112665,248.85,19.29,22821.80,0.31870,22800
100239,2026-09-28 13:06:06,17732000,9387040,108392310,11.40,19.90,2026-09-29,23200,3410095,6103500,17346420,339.95,21.00,22821.80,0.19230,22800
100241,2026-09-28 13:06:06,15725255,9673105,84045585,7.05,21.67,2026-09-29,23300,4550325,5132465,5884450,435.90,22.52,22821.80,0.28940,22800
100243,2026-09-28 13:06:06,13515190,9820980,65289965,5.10,23.93,2026-09-29,23400,3206060,3602560,1499355,536.15,26.12,22821.80,0.23720,22800
100245,2026-09-28 13:06:06,15874820,14143480,69503980,3.85,26.12,2026-09-29,23500,4123210,4632485,1777880,632.00,28.69,22821.80,0.25970,22800
100247,2026-09-28 13:06:06,11634545,7514195,59967050,3.15,28.56,2026-09-29,23600,748020,950105,408850,736.05,33.51,22821.80,0.06430,22800
100249,2026-09-28 13:06:06,10436725,7209150,54778490,2.85,31.37,2026-09-29,23700,595400,685490,298675,832.70,33.57,22821.80,0.05700,22800
100251,2026-09-28 13:06:06,10886135,7114185,52658450,2.45,33.69,2026-09-29,23800,672295,822510,316875,932.00,42.36,22821.80,0.06180,22800
100253,2026-09-28 13:06:06,5041400,5832255,33827365,2.20,36.13,2026-09-29,23900,449865,574015,186680,1033.20,42.72,22821.80,0.08920,22800
100255,2026-09-28 13:06:06,20514520,15609815,69211870,2.00,38.57,2026-09-29,24000,2532960,3155140,1401790,1130.00,44.31,22821.80,0.12350,22800
100257,2026-09-28 13:06:06,5393310,5602480,31280210,1.55,40.28,2026-09-29,24100,317460,386815,95875,1235.00,49.56,22821.80,0.05890,22800
100549,2026-09-28 13:11:05,1820,1560,4095,766.00,0.00,2026-09-29,22100,2961855,2125760,20718425,2.70,30.52,22833.10,1627.39290,22800
100551,2026-09-28 13:11:05,6695,4940,23270,666.00,0.00,2026-09-29,22200,5180630,4161495,26857610,3.10,27.59,22833.10,773.80580,22800
100553,2026-09-28 13:11:05,12415,3900,49530,575.10,21.00,2026-09-29,22300,5618210,3800745,49041070,3.75,24.90,22833.10,452.53400,22800
100555,2026-09-28 13:11:05,30290,9945,124605,480.20,22.89,2026-09-29,22400,5245565,4157400,58253195,5.25,22.58,22833.10,173.17810,22800
100557,2026-09-28 13:11:05,787280,551915,3111875,383.15,21.73,2026-09-29,22500,13140790,10457200,126977695,8.30,20.63,22833.10,16.69140,22800
100559,2026-09-28 13:11:05,450840,58175,4329585,288.95,19.59,2026-09-29,22600,10589800,4898725,117473005,14.55,19.01,22833.10,23.48900,22800
100561,2026-09-28 13:11:05,1497535,125710,17329585,202.30,18.04,2026-09-29,22700,12839255,6573255,187684900,27.60,17.76,22833.10,8.57360,22800
100563,2026-09-28 13:11:05,10350340,414375,117215280,127.15,17.17,2026-09-29,22800,22605375,8978255,405326415,53.55,17.11,22833.10,2.18400,22800
100565,2026-09-28 13:11:05,24611405,453180,230428120,72.30,16.86,2026-09-29,22900,12204790,6487455,333178690,97.90,16.88,22833.10,0.49590,22800
100567,2026-09-28 13:11:05,33191535,3278665,258279515,38.90,17.50,2026-09-29,23000,9742060,14434665,179483005,164.50,17.36,22833.10,0.29350,22800
100569,2026-09-28 13:11:05,17347265,9081020,137128420,20.40,18.40,2026-09-29,23100,5419700,10946390,58860230,244.95,18.28,22833.10,0.31240,22800
100571,2026-09-28 13:11:05,17495725,9387040,110217185,11.50,19.93,2026-09-29,23200,3409705,6103500,17514380,336.05,18.98,22833.10,0.19490,22800
100573,2026-09-28 13:11:05,15741830,9673105,85019805,7.15,21.73,2026-09-29,23300,4549220,5132465,5910580,432.20,20.75,22833.10,0.28900,22800
100575,2026-09-28 13:11:05,13593970,9820980,65783055,5.10,23.93,2026-09-29,23400,3187210,3602560,1535690,528.50,21.12,22833.10,0.23450,22800
100577,2026-09-28 13:11:05,15877615,14143480,69912635,3.85,26.25,2026-09-29,23500,4122950,4632485,1796340,630.00,26.37,22833.10,0.25970,22800
100579,2026-09-28 13:11:05,11625445,7514195,60405800,3.15,28.56,2026-09-29,23600,746525,950105,409825,743.85,40.10,22833.10,0.06420,22800
100581,2026-09-28 13:11:05,10498735,7209150,55358485,2.80,31.25,2026-09-29,23700,616070,685490,318760,827.35,28.32,22833.10,0.05870,22800
100583,2026-09-28 13:11:05,11020360,7114185,53156350,2.40,33.45,2026-09-29,23800,670085,822510,320905,930.00,36.25,22833.10,0.06080,22800
100585,2026-09-28 13:11:05,5068700,5832255,34170045,2.05,35.64,2026-09-29,23900,449085,574015,188305,1028.00,35.64,22833.10,0.08860,22800
100587,2026-09-28 13:11:05,19937840,15609815,70942950,1.75,38.09,2026-09-29,24000,2523665,3155140,1414660,1125.00,0.00,22833.10,0.12660,22800
100589,2026-09-28 13:11:05,5395455,5602480,31798260,1.50,40.04,2026-09-29,24100,316225,386815,98020,1230.00,45.78,22833.10,0.05860,22800
100881,2026-09-28 13:16:06,1820,1560,4095,766.00,0.00,2026-09-29,22100,2957500,2125760,20948135,2.85,30.76,22821.00,1625.00000,22800
100883,2026-09-28 13:16:06,6695,4940,23270,666.00,0.00,2026-09-29,22200,5224960,4161495,27067105,3.40,27.95,22821.00,780.42720,22800
100885,2026-09-28 13:16:06,11700,3900,49920,570.55,19.04,2026-09-29,22300,5614375,3800745,49364445,4.10,25.15,22821.00,479.86110,22800
100887,2026-09-28 13:16:06,30095,9945,125775,466.00,0.00,2026-09-29,22400,5319730,4157400,58821880,5.70,22.95,22821.00,176.76460,22800
100889,2026-09-28 13:16:06,787995,551915,3154125,371.00,13.43,2026-09-29,22500,13081705,10457200,128899225,9.15,21.12,22821.00,16.60130,22800
100891,2026-09-28 13:16:06,474760,58175,4431180,279.60,15.87,2026-09-29,22600,10603190,4898725,119647645,15.90,19.50,22821.00,22.33380,22800
100893,2026-09-28 13:16:06,1537250,125710,17806880,193.45,15.96,2026-09-29,22700,13072540,6573255,191631700,29.80,18.40,22821.00,8.50380,22800
100895,2026-09-28 13:16:06,10599095,414375,120832400,120.65,15.84,2026-09-29,22800,22781005,8978255,414452545,57.75,17.94,22821.00,2.14930,22800
100897,2026-09-28 13:16:06,24831040,453180,235646970,67.45,16.10,2026-09-29,22900,12170145,6487455,337595245,104.05,18.04,22821.00,0.49010,22800
100899,2026-09-28 13:16:06,33232225,3278665,263129945,36.10,17.00,2026-09-29,23000,9792435,14434665,181230530,172.80,19.17,22821.00,0.29470,22800
100901,2026-09-28 13:16:06,17371185,9081020,138890960,18.75,18.07,2026-09-29,23100,5474560,10946390,59251270,254.95,20.87,22821.00,0.31520,22800
100903,2026-09-28 13:16:06,17522375,9387040,111589985,10.70,19.65,2026-09-29,23200,3399695,6103500,17600570,347.00,23.53,22821.00,0.19400,22800
100905,2026-09-28 13:16:06,15559245,9673105,85977970,6.80,21.67,2026-09-29,23300,4545320,5132465,5932290,442.35,26.06,22821.00,0.29210,22800
100907,2026-09-28 13:16:06,13608465,9820980,66462175,4.95,23.93,2026-09-29,23400,3180840,3602560,1545570,544.00,29.97,22821.00,0.23370,22800
100909,2026-09-28 13:16:06,15967575,14143480,70469165,3.75,26.25,2026-09-29,23500,4112680,4632485,1819610,640.95,32.90,22821.00,0.25760,22800
100911,2026-09-28 13:16:06,11635325,7514195,60950890,3.10,28.69,2026-09-29,23600,746200,950105,412230,741.60,36.56,22821.00,0.06410,22800
100913,2026-09-28 13:16:06,10337145,7209150,56262570,2.65,31.25,2026-09-29,23700,617630,685490,324220,835.70,35.28,22821.00,0.05970,22800
100915,2026-09-28 13:16:06,10842195,7114185,54473250,2.20,33.45,2026-09-29,23800,667095,822510,324740,936.55,39.06,22821.00,0.06150,22800
100917,2026-09-28 13:16:06,5130060,5832255,34591960,2.00,35.89,2026-09-29,23900,446745,574015,193440,1036.00,42.36,22821.00,0.08710,22800
100919,2026-09-28 13:16:06,19715215,15609815,72079475,1.75,38.09,2026-09-29,24000,2517685,3155140,1422135,1134.05,42.97,22821.00,0.12770,22800
100921,2026-09-28 13:16:06,5366205,5602480,32479460,1.45,40.04,2026-09-29,24100,315705,386815,98345,1240.25,53.71,22821.00,0.05880,22800
101213,2026-09-28 13:21:05,1820,1560,4095,766.00,0.00,2026-09-29,22100,3016195,2125760,21042970,2.95,30.88,22827.20,1657.25000,22800
101215,2026-09-28 13:21:05,6695,4940,23335,666.10,0.00,2026-09-29,22200,5207150,4161495,27196650,3.40,28.08,22827.20,777.76700,22800
101217,2026-09-28 13:21:05,11830,3900,50050,574.15,23.44,2026-09-29,22300,5611320,3800745,49653045,4.05,25.39,22827.20,474.32970,22800
101219,2026-09-28 13:21:05,30160,9945,126750,474.00,0.00,2026-09-29,22400,5358275,4157400,59191275,5.55,22.95,22827.20,177.66160,22800
101221,2026-09-28 13:21:05,785265,551915,3184415,378.80,19.47,2026-09-29,22500,13136110,10457200,129950275,8.80,21.06,22827.20,16.72830,22800
101223,2026-09-28 13:21:05,485160,58175,4487535,284.80,17.06,2026-09-29,22600,10574070,4898725,121153435,15.20,19.35,22827.20,21.79500,22800
101225,2026-09-28 13:21:05,1557010,125710,18053815,198.45,16.91,2026-09-29,22700,13103155,6573255,194024740,28.60,18.16,22827.20,8.41560,22800
101227,2026-09-28 13:21:05,10893480,414375,122839275,124.15,16.37,2026-09-29,22800,23302175,8978255,420119115,55.15,17.55,22827.20,2.13910,22800
101229,2026-09-28 13:21:05,25053730,453180,238453020,69.60,16.39,2026-09-29,22900,12286235,6487455,340085720,100.60,17.50,22827.20,0.49040,22800
101231,2026-09-28 13:21:05,33366840,3278665,265615805,37.45,17.40,2026-09-29,23000,9766305,14434665,182082095,168.00,18.07,22827.20,0.29270,22800
101233,2026-09-28 13:21:05,17395430,9081020,139934535,19.65,18.40,2026-09-29,23100,5500040,10946390,59434050,250.05,19.13,22827.20,0.31620,22800
101235,2026-09-28 13:21:05,17465565,9387040,112297640,11.15,19.78,2026-09-29,23200,3391570,6103500,17672590,342.25,21.12,22827.20,0.19420,22800
101237,2026-09-28 13:21:05,15584010,9673105,86228675,7.10,21.79,2026-09-29,23300,4544085,5132465,5945680,437.40,24.72,22827.20,0.29160,22800
101239,2026-09-28 13:21:05,13627055,9820980,66730040,5.10,24.05,2026-09-29,23400,3164655,3602560,1564550,535.35,24.90,22827.20,0.23220,22800
101241,2026-09-28 13:21:05,15996110,14143480,70866575,3.90,26.37,2026-09-29,23500,4046185,4632485,1895530,634.00,28.08,22827.20,0.25290,22800
101243,2026-09-28 13:21:05,11660545,7514195,61320870,3.15,28.81,2026-09-29,23600,744900,950105,413595,734.75,29.30,22827.20,0.06390,22800
101245,2026-09-28 13:21:05,10321285,7209150,56500015,2.70,31.13,2026-09-29,23700,618085,685490,330915,834.20,35.28,22827.20,0.05990,22800
101247,2026-09-28 13:21:05,10828220,7114185,54716090,2.30,33.69,2026-09-29,23800,661960,822510,333385,931.05,34.18,22827.20,0.06110,22800
101249,2026-09-28 13:21:05,4976140,5832255,34951800,2.05,36.13,2026-09-29,23900,445120,574015,194480,1035.85,43.95,22827.20,0.08950,22800
101251,2026-09-28 13:21:05,19736860,15609815,72480655,1.80,38.33,2026-09-29,24000,2514240,3155140,1429090,1132.00,43.46,22827.20,0.12740,22800
101253,2026-09-28 13:21:05,5251285,5602480,32939010,1.55,40.53,2026-09-29,24100,312195,386815,102375,1233.85,52.12,22827.20,0.05950,22800
101545,2026-09-28 13:26:06,1820,1560,4095,766.00,0.00,2026-09-29,22100,2993705,2125760,21148335,2.70,31.13,22845.35,1644.89290,22800
101547,2026-09-28 13:26:06,6760,4940,23400,679.00,0.00,2026-09-29,22200,5147090,4161495,27448850,3.10,28.32,22845.35,761.40380,22800
101549,2026-09-28 13:26:06,11830,3900,50115,586.30,0.00,2026-09-29,22300,5613855,3800745,49963550,3.60,25.39,22845.35,474.54400,22800
101551,2026-09-28 13:26:06,30030,9945,127855,490.95,17.82,2026-09-29,22400,5384470,4157400,59718230,4.85,22.95,22845.35,179.30300,22800
101553,2026-09-28 13:26:06,778765,551915,3223935,394.90,18.31,2026-09-29,22500,13002535,10457200,131534065,7.60,21.00,22845.35,16.69640,22800
101555,2026-09-28 13:26:06,478010,58175,4593160,300.15,18.01,2026-09-29,22600,10548395,4898725,123073080,12.90,19.23,22845.35,22.06730,22800
101557,2026-09-28 13:26:06,1528800,125710,18531305,212.00,17.15,2026-09-29,22700,13168805,6573255,197554110,24.35,17.88,22845.35,8.61380,22800
101559,2026-09-28 13:26:06,10900825,414375,126029020,134.70,16.45,2026-09-29,22800,22698130,8978255,427735880,48.00,17.21,22845.35,2.08220,22800
101561,2026-09-28 13:26:06,25046320,453180,243185475,76.65,16.34,2026-09-29,22900,12119185,6487455,343850845,89.80,17.01,22845.35,0.48390,22800
101563,2026-09-28 13:26:06,33283965,3278665,269574110,41.50,17.06,2026-09-29,23000,9769360,14434665,183402375,153.80,17.73,22845.35,0.29350,22800
101565,2026-09-28 13:26:06,17486755,9081020,141666915,21.60,18.07,2026-09-29,23100,5455320,10946390,59889635,234.45,18.98,22845.35,0.31200,22800
101567,2026-09-28 13:26:06,17354610,9387040,113484930,12.20,19.59,2026-09-29,23200,3390400,6103500,17793360,324.45,21.12,22845.35,0.19540,22800
101569,2026-09-28 13:26:06,15499380,9673105,86910460,7.60,21.48,2026-09-29,23300,4542460,5132465,5966610,419.95,23.44,22845.35,0.29310,22800
101571,2026-09-28 13:26:06,13663130,9820980,67303080,5.35,23.68,2026-09-29,23400,3126110,3602560,1628055,518.60,25.33,22845.35,0.22880,22800
101573,2026-09-28 13:26:06,16023215,14143480,71174870,4.00,25.88,2026-09-29,23500,3968965,4632485,1978535,616.70,27.83,22845.35,0.24770,22800
101575,2026-09-28 13:26:06,11675885,7514195,61538620,3.25,28.32,2026-09-29,23600,739830,950105,420095,718.00,32.47,22845.35,0.06340,22800
101577,2026-09-28 13:26:06,10382710,7209150,56875195,2.70,30.76,2026-09-29,23700,621530,685490,336505,815.00,34.67,22845.35,0.05990,22800
101579,2026-09-28 13:26:06,10792600,7114185,55036930,2.35,33.33,2026-09-29,23800,661505,822510,336050,916.70,38.09,22845.35,0.06130,22800
101581,2026-09-28 13:26:06,4932070,5832255,35196070,2.10,35.64,2026-09-29,23900,442065,574015,200330,1022.60,47.24,22845.35,0.08960,22800
101583,2026-09-28 13:26:06,19770790,15609815,73483865,1.80,37.84,2026-09-29,24000,2509690,3155140,1435460,1114.35,42.36,22845.35,0.12690,22800
101585,2026-09-28 13:26:06,5232565,5602480,33325695,1.50,39.79,2026-09-29,24100,310050,386815,104715,1220.00,51.88,22845.35,0.05930,22800
101877,2026-09-28 13:31:06,1820,1560,4095,766.00,0.00,2026-09-29,22100,3093610,2125760,21428810,2.65,31.01,22842.15,1699.78570,22800
101879,2026-09-28 13:31:06,6825,4940,23465,689.35,25.15,2026-09-29,22200,5195905,4161495,27647490,3.05,28.20,22842.15,761.30480,22800
101881,2026-09-28 13:31:06,11765,3900,50375,586.00,0.00,2026-09-29,22300,5576935,3800745,50291475,3.50,25.27,22842.15,474.02760,22800
101883,2026-09-28 13:31:06,32630,9945,132795,489.25,18.31,2026-09-29,22400,5756140,4157400,61081215,4.80,22.83,22842.15,176.40640,22800
101885,2026-09-28 13:31:06,779545,551915,3316495,391.55,17.46,2026-09-29,22500,12994930,10457200,133963635,7.70,21.00,22842.15,16.66990,22800
101887,2026-09-28 13:31:06,460265,58175,4679935,297.50,17.27,2026-09-29,22600,10424245,4898725,125355620,13.25,19.23,22842.15,22.64840,22800
101889,2026-09-28 13:31:06,1462175,125710,19014905,209.00,16.66,2026-09-29,22700,12860120,6573255,202373210,24.85,17.94,22842.15,8.79520,22800
101891,2026-09-28 13:31:06,10483460,414375,130080145,132.55,16.24,2026-09-29,22800,23500945,8978255,435152900,49.05,17.27,22842.15,2.24170,22800
101893,2026-09-28 13:31:06,24458005,453180,249246985,74.75,16.24,2026-09-29,22900,12773865,6487455,348390835,91.45,17.14,22842.15,0.52230,22800
101895,2026-09-28 13:31:06,33003360,3278665,274442480,39.80,16.89,2026-09-29,23000,9894095,14434665,185065855,156.30,17.85,22842.15,0.29980,22800
101897,2026-09-28 13:31:06,17659330,9081020,143860990,20.60,17.88,2026-09-29,23100,5417295,10946390,60155940,237.40,19.23,22842.15,0.30680,22800
101899,2026-09-28 13:31:06,17358250,9387040,115083085,11.45,19.35,2026-09-29,23200,3376425,6103500,17882605,328.30,21.18,22842.15,0.19450,22800
101901,2026-09-28 13:31:06,15392780,9673105,88141625,7.10,21.24,2026-09-29,23300,4541875,5132465,6010485,422.15,24.41,22842.15,0.29510,22800
101903,2026-09-28 13:31:06,13634790,9820980,67694315,5.05,23.50,2026-09-29,23400,3115775,3602560,1641575,520.90,26.37,22842.15,0.22850,22800
101905,2026-09-28 13:31:06,16070275,14143480,71554080,3.85,25.88,2026-09-29,23500,3937375,4632485,2010645,618.75,28.63,22842.15,0.24500,22800
101907,2026-09-28 13:31:06,11738285,7514195,61809865,3.15,28.32,2026-09-29,23600,735410,950105,427635,720.00,33.39,22842.15,0.06270,22800
101909,2026-09-28 13:31:06,10344815,7209150,57065515,2.65,30.76,2026-09-29,23700,576745,685490,339430,812.90,30.27,22842.15,0.05580,22800
101911,2026-09-28 13:31:06,10793965,7114185,55319615,2.25,33.08,2026-09-29,23800,659750,822510,342355,915.55,35.40,22842.15,0.06110,22800
101913,2026-09-28 13:31:06,4946110,5832255,35308390,2.05,35.40,2026-09-29,23900,433940,574015,201110,1018.40,42.36,22842.15,0.08770,22800
101915,2026-09-28 13:31:06,19587035,15609815,73785075,1.75,37.84,2026-09-29,24000,2290055,3155140,1442155,1115.80,44.07,22842.15,0.11690,22800
101917,2026-09-28 13:31:06,5161130,5602480,33486375,1.45,39.79,2026-09-29,24100,308100,386815,106015,1216.00,47.85,22842.15,0.05970,22800
102209,2026-09-28 13:36:06,1755,1560,4290,776.45,0.00,2026-09-29,22100,3208595,2125760,21895185,2.85,31.25,22832.80,1828.25930,22800
102211,2026-09-28 13:36:06,6890,4940,23920,677.85,0.00,2026-09-29,22200,5249855,4161495,28119390,3.25,28.44,22832.80,761.95280,22800
102213,2026-09-28 13:36:06,11830,3900,50960,573.15,0.00,2026-09-29,22300,5627050,3800745,50852295,3.80,25.39,22832.80,475.65930,22800
102215,2026-09-28 13:36:06,32825,9945,134875,477.00,0.00,2026-09-29,22400,5931705,4157400,61978670,5.15,23.01,22832.80,180.70690,22800
102217,2026-09-28 13:36:06,765115,551915,3343470,381.20,0.00,2026-09-29,22500,12957100,10457200,135672160,8.10,21.00,22832.80,16.93480,22800
102219,2026-09-28 13:36:06,449670,58175,4752735,287.70,14.89,2026-09-29,22600,10592660,4898725,127302175,13.95,19.44,22832.80,23.55650,22800
102221,2026-09-28 13:36:06,1426490,125710,19387745,200.50,15.23,2026-09-29,22700,13114140,6573255,206396320,26.40,18.16,22832.80,9.19330,22800
102223,2026-09-28 13:36:06,10028460,414375,133129555,125.40,15.53,2026-09-29,22800,24043630,8978255,445357575,52.05,17.64,22832.80,2.39750,22800
102225,2026-09-28 13:36:06,23917985,453180,254185035,69.95,15.75,2026-09-29,22900,13017030,6487455,353478905,96.60,17.64,22832.80,0.54420,22800
102227,2026-09-28 13:36:06,32596330,3278665,278694650,37.10,16.66,2026-09-29,23000,9876155,14434665,187107180,162.90,18.77,22832.80,0.30300,22800
102229,2026-09-28 13:36:06,17384900,9081020,146252730,19.30,17.73,2026-09-29,23100,5434390,10946390,60566025,244.80,20.69,22832.80,0.31260,22800
102231,2026-09-28 13:36:06,17098835,9387040,117555815,10.80,19.35,2026-09-29,23200,3357510,6103500,18003115,337.15,23.38,22832.80,0.19640,22800
102233,2026-09-28 13:36:06,15172040,9673105,89136580,6.90,21.36,2026-09-29,23300,4527835,5132465,6077045,433.20,25.79,22832.80,0.29840,22800
102235,2026-09-28 13:36:06,13692965,9820980,68206580,4.90,23.56,2026-09-29,23400,3113045,3602560,1658735,530.90,28.56,22832.80,0.22730,22800
102237,2026-09-28 13:36:06,16017950,14143480,71898645,3.70,26.00,2026-09-29,23500,3917485,4632485,2042495,628.00,31.98,22832.80,0.24460,22800
102239,2026-09-28 13:36:06,11699935,7514195,62180300,2.95,28.32,2026-09-29,23600,733460,950105,430950,731.70,37.54,22832.80,0.06270,22800
102241,2026-09-28 13:36:06,10217545,7209150,57909280,2.55,30.76,2026-09-29,23700,575510,685490,341120,829.40,39.92,22832.80,0.05630,22800
102243,2026-09-28 13:36:06,10768550,7114185,55625570,2.20,33.20,2026-09-29,23800,651105,822510,350610,928.85,43.21,22832.80,0.06050,22800
102245,2026-09-28 13:36:06,4953650,5832255,35540115,1.95,35.64,2026-09-29,23900,429390,574015,208325,1027.95,46.02,22832.80,0.08670,22800
102247,2026-09-28 13:36:06,19594315,15609815,74115405,1.80,38.09,2026-09-29,24000,2283490,3155140,1451710,1128.00,49.68,22832.80,0.11650,22800
102249,2026-09-28 13:36:06,5155605,5602480,33545655,1.45,40.04,2026-09-29,24100,305175,386815,107055,1228.95,54.08,22832.80,0.05920,22800
102541,2026-09-28 13:41:06,1755,1560,4290,776.45,0.00,2026-09-29,22100,3207490,2125760,22018425,2.70,31.25,22844.15,1827.62960,22800
102543,2026-09-28 13:41:06,6890,4940,23920,677.85,0.00,2026-09-29,22200,5224050,4161495,28276755,3.10,28.44,22844.15,758.20750,22800
102545,2026-09-28 13:41:06,11895,3900,51090,577.95,0.00,2026-09-29,22300,5609370,3800745,51116715,3.55,25.39,22844.15,471.57380,22800
102547,2026-09-28 13:41:06,31915,9945,135980,488.55,0.00,2026-09-29,22400,5963815,4157400,62479950,4.70,22.95,22844.15,186.86560,22800
102549,2026-09-28 13:41:06,766025,551915,3359135,391.45,19.53,2026-09-29,22500,12954825,10457200,137229950,7.50,20.94,22844.15,16.91180,22800
102551,2026-09-28 13:41:06,470925,58175,4825340,297.35,16.78,2026-09-29,22600,10461295,4898725,128608155,12.65,19.17,22844.15,22.21440,22800
102553,2026-09-28 13:41:06,1470625,125710,19680895,208.75,16.54,2026-09-29,22700,13097435,6573255,209189370,24.10,17.88,22844.15,8.90600,22800
102555,2026-09-28 13:41:06,10190375,414375,135171335,132.15,16.11,2026-09-29,22800,23966410,8978255,451942335,48.15,17.26,22844.15,2.35190,22800
102557,2026-09-28 13:41:06,23943855,453180,257725455,74.75,16.08,2026-09-29,22900,12857650,6487455,357460155,90.85,17.20,22844.15,0.53700,22800
102559,2026-09-28 13:41:06,33047105,3278665,281807435,39.95,16.94,2026-09-29,23000,9876870,14434665,188299670,155.50,17.96,22844.15,0.29890,22800
102561,2026-09-28 13:41:06,17431830,9081020,147663685,20.95,17.94,2026-09-29,23100,5426005,10946390,60890505,236.15,19.35,22844.15,0.31130,22800
102563,2026-09-28 13:41:06,17125680,9387040,118718145,11.85,19.53,2026-09-29,23200,3354975,6103500,18092295,326.95,21.27,22844.15,0.19590,22800
102565,2026-09-28 13:41:06,15101060,9673105,89766365,7.35,21.42,2026-09-29,23300,4464135,5132465,6169020,421.45,23.56,22844.15,0.29560,22800
102567,2026-09-28 13:41:06,13739765,9820980,68704285,5.20,23.68,2026-09-29,23400,3110250,3602560,1665950,521.90,28.02,22844.15,0.22640,22800
102569,2026-09-28 13:41:06,16055455,14143480,72263945,3.90,25.88,2026-09-29,23500,3905330,4632485,2060565,620.10,30.88,22844.15,0.24320,22800
102571,2026-09-28 13:41:06,11665875,7514195,62444200,3.05,28.20,2026-09-29,23600,731835,950105,435175,718.00,34.00,22844.15,0.06270,22800
102573,2026-09-28 13:41:06,10176855,7209150,58060925,2.65,30.76,2026-09-29,23700,573755,685490,344240,820.00,38.45,22844.15,0.05640,22800
102575,2026-09-28 13:41:06,10703745,7114185,56040595,2.25,33.20,2026-09-29,23800,648505,822510,355030,919.60,45.17,22844.15,0.06060,22800
102577,2026-09-28 13:41:06,4934280,5832255,35643790,1.95,35.40,2026-09-29,23900,417365,574015,239655,1015.00,40.28,22844.15,0.08460,22800
102579,2026-09-28 13:41:06,19598475,15609815,74297860,1.80,37.84,2026-09-29,24000,2277120,3155140,1462500,1116.00,44.80,22844.15,0.11620,22800
102581,2026-09-28 13:41:06,5144555,5602480,33583420,1.45,39.79,2026-09-29,24100,303745,386815,108615,1223.85,56.15,22844.15,0.05900,22800
102873,2026-09-28 13:46:05,1755,1560,4290,776.45,0.00,2026-09-29,22100,3240640,2125760,22351940,2.90,31.62,22838.70,1846.51850,22800
102875,2026-09-28 13:46:05,6695,4940,24440,682.05,0.00,2026-09-29,22200,5254470,4161495,28453555,3.30,28.69,22838.70,784.83500,22800
102877,2026-09-28 13:46:05,11635,3900,51545,580.00,0.00,2026-09-29,22300,5620615,3800745,51293905,3.75,25.76,22838.70,483.07820,22800
102879,2026-09-28 13:46:05,33085,9945,137735,487.45,0.00,2026-09-29,22400,5958225,4157400,62841415,5.00,23.19,22838.70,180.08840,22800
102881,2026-09-28 13:46:05,765375,551915,3396055,388.75,0.00,2026-09-29,22500,12974000,10457200,138099585,7.85,21.24,22838.70,16.95120,22800
102883,2026-09-28 13:46:05,469040,58175,4902820,295.00,14.95,2026-09-29,22600,10469485,4898725,129674545,13.25,19.47,22838.70,22.32110,22800
102885,2026-09-28 13:46:05,1475240,125710,20072650,206.80,15.78,2026-09-29,22700,13261170,6573255,211585075,24.85,18.22,22838.70,8.98920,22800
102887,2026-09-28 13:46:05,10120565,414375,137682285,130.40,15.66,2026-09-29,22800,24453000,8978255,458140735,49.15,17.59,22838.70,2.41620,22800
102889,2026-09-28 13:46:05,23976095,453180,261430845,73.45,15.84,2026-09-29,22900,13256360,6487455,361268765,91.80,17.53,22838.70,0.55290,22800
102891,2026-09-28 13:46:05,33297355,3278665,285810590,39.10,16.66,2026-09-29,23000,9920225,14434665,189555535,157.00,18.57,22838.70,0.29790,22800
102893,2026-09-28 13:46:05,17304170,9081020,149488690,20.30,17.70,2026-09-29,23100,5380960,10946390,61151480,238.20,20.11,22838.70,0.31100,22800
102895,2026-09-28 13:46:05,17216485,9387040,120409380,11.45,19.32,2026-09-29,23200,3340480,6103500,18187195,329.95,22.55,22838.70,0.19400,22800
102897,2026-09-28 13:46:05,15130050,9673105,90285195,7.10,21.24,2026-09-29,23300,4461600,5132465,6186895,424.00,25.24,22838.70,0.29490,22800
102899,2026-09-28 13:46:05,13727480,9820980,69478630,5.10,23.56,2026-09-29,23400,3107000,3602560,1671345,521.50,28.26,22838.70,0.22630,22800
102901,2026-09-28 13:46:05,15964650,14143480,72883720,3.90,25.88,2026-09-29,23500,3900780,4632485,2083055,620.20,31.56,22838.70,0.24430,22800
102903,2026-09-28 13:46:05,11690250,7514195,62995660,3.10,28.32,2026-09-29,23600,728390,950105,441415,719.20,34.79,22838.70,0.06230,22800
102905,2026-09-28 13:46:05,10047895,7209150,58852430,2.65,30.76,2026-09-29,23700,572000,685490,349700,819.80,39.00,22838.70,0.05690,22800
102907,2026-09-28 13:46:05,10724285,7114185,56545775,2.40,33.45,2026-09-29,23800,646555,822510,359580,918.20,40.53,22838.70,0.06030,22800
102909,2026-09-28 13:46:05,4966715,5832255,36108215,2.10,35.64,2026-09-29,23900,414180,574015,247325,1019.25,45.90,22838.70,0.08340,22800
102911,2026-09-28 13:46:05,19491420,15609815,74879610,1.80,38.09,2026-09-29,24000,2266915,3155140,1474460,1120.35,50.42,22838.70,0.11630,22800
102913,2026-09-28 13:46:05,5103540,5602480,34247330,1.55,40.04,2026-09-29,24100,303160,386815,109265,1220.00,53.65,22838.70,0.05940,22800
103205,2026-09-28 13:51:05,1690,1560,4355,779.10,0.00,2026-09-29,22100,3280095,2125760,22469850,2.90,31.62,22836.25,1940.88460,22800
103207,2026-09-28 13:51:05,6695,4940,24765,680.30,0.00,2026-09-29,22200,5293535,4161495,28674100,3.35,28.81,22836.25,790.66990,22800
103209,2026-09-28 13:51:05,11700,3900,51740,579.00,0.00,2026-09-29,22300,5655845,3800745,51632360,3.85,25.88,22836.25,483.40560,22800
103211,2026-09-28 13:51:05,32825,9945,138385,487.90,0.00,2026-09-29,22400,5971030,4157400,63266320,5.05,23.32,22836.25,181.90500,22800
103213,2026-09-28 13:51:05,764335,551915,3417960,387.95,0.00,2026-09-29,22500,12845885,10457200,138875685,7.90,21.30,22836.25,16.80660,22800
103215,2026-09-28 13:51:05,467935,58175,4960605,292.95,14.47,2026-09-29,22600,10540400,4898725,130841165,13.45,19.53,22836.25,22.52540,22800
103217,2026-09-28 13:51:05,1472250,125710,20318285,205.25,15.41,2026-09-29,22700,13402610,6573255,213769465,25.20,18.19,22836.25,9.10350,22800
103219,2026-09-28 13:51:05,9998950,414375,139775870,129.00,15.44,2026-09-29,22800,24646245,8978255,463506225,49.70,17.70,22836.25,2.46490,22800
103221,2026-09-28 13:51:05,23845055,453180,265008575,72.55,15.75,2026-09-29,22900,13324220,6487455,364733785,92.90,17.67,22836.25,0.55880,22800
103223,2026-09-28 13:51:05,33262385,3278665,288989285,38.45,16.57,2026-09-29,23000,9900010,14434665,190776105,158.50,18.86,22836.25,0.29760,22800
103225,2026-09-28 13:51:05,17202640,9081020,151141900,19.80,17.67,2026-09-29,23100,5338320,10946390,61363705,240.40,20.63,22836.25,0.31030,22800
103227,2026-09-28 13:51:05,17290260,9387040,121298905,11.15,19.29,2026-09-29,23200,3327155,6103500,18256225,330.65,22.92,22836.25,0.19240,22800
103229,2026-09-28 13:51:05,15210780,9673105,91108810,6.95,21.24,2026-09-29,23300,4454385,5132465,6217965,427.30,26.18,22836.25,0.29280,22800
103231,2026-09-28 13:51:05,13693810,9820980,70130775,5.00,23.56,2026-09-29,23400,3102255,3602560,1678885,524.70,29.30,22836.25,0.22650,22800
103233,2026-09-28 13:51:05,15934295,14143480,73216975,3.75,25.88,2026-09-29,23500,3894735,4632485,2108795,622.10,31.86,22836.25,0.24440,22800
103235,2026-09-28 13:51:05,11690900,7514195,63235250,2.95,28.20,2026-09-29,23600,726180,950105,444015,729.45,40.28,22836.25,0.06210,22800
103237,2026-09-28 13:51:05,9883250,7209150,59495865,2.45,30.64,2026-09-29,23700,571480,685490,350805,823.80,40.95,22836.25,0.05780,22800
103239,2026-09-28 13:51:05,10797800,7114185,56871880,2.20,33.20,2026-09-29,23800,642265,822510,362765,924.85,45.53,22836.25,0.05950,22800
103241,2026-09-28 13:51:05,4920825,5832255,36890100,1.95,35.40,2026-09-29,23900,410085,574015,256490,1024.60,49.13,22836.25,0.08330,22800
103243,2026-09-28 13:51:05,19496945,15609815,75371920,1.75,38.09,2026-09-29,24000,2263665,3155140,1478035,1122.35,47.97,22836.25,0.11610,22800
103245,2026-09-28 13:51:05,5079425,5602480,34735480,1.45,40.04,2026-09-29,24100,301990,386815,110305,1220.00,52.37,22836.25,0.05950,22800
103537,2026-09-28 13:56:06,1690,1560,4355,779.10,0.00,2026-09-29,22100,3274570,2125760,22684025,2.90,31.62,22834.90,1937.61540,22800
103539,2026-09-28 13:56:06,6695,4940,24765,680.30,0.00,2026-09-29,22200,5385965,4161495,28918825,3.35,28.81,22834.90,804.47570,22800
103541,2026-09-28 13:56:06,11765,3900,52130,584.00,0.00,2026-09-29,22300,5641805,3800745,51910625,3.95,25.88,22834.90,479.54140,22800
103543,2026-09-28 13:56:06,33085,9945,138580,480.00,0.00,2026-09-29,22400,5982665,4157400,63562265,5.20,23.32,22834.90,180.82710,22800
103545,2026-09-28 13:56:06,763100,551915,3435705,387.95,15.01,2026-09-29,22500,12817025,10457200,139592245,8.05,21.30,22834.90,16.79600,22800
103547,2026-09-28 13:56:06,476060,58175,5003635,293.05,16.42,2026-09-29,22600,10405330,4898725,131912495,13.40,19.44,22834.90,21.85720,22800
103549,2026-09-28 13:56:06,1466855,125710,20541170,204.65,16.08,2026-09-29,22700,13309595,6573255,215699055,25.20,18.13,22834.90,9.07360,22800
103551,2026-09-28 13:56:06,10079940,414375,141583390,128.60,15.88,2026-09-29,22800,24808875,8978255,469298505,49.45,17.43,22834.90,2.46120,22800
103553,2026-09-28 13:56:06,23905050,453180,267981090,71.70,15.93,2026-09-29,22900,13034645,6487455,368121845,93.00,17.43,22834.90,0.54530,22800
103555,2026-09-28 13:56:06,33497490,3278665,291506020,38.00,16.78,2026-09-29,23000,9964555,14434665,191902880,158.50,18.30,22834.90,0.29750,22800
103557,2026-09-28 13:56:06,17276805,9081020,152497735,19.65,17.88,2026-09-29,23100,5327595,10946390,61623250,239.90,19.78,22834.90,0.30840,22800
103559,2026-09-28 13:56:06,17253145,9387040,122152160,11.20,19.50,2026-09-29,23200,3321305,6103500,18315115,331.00,21.79,22834.90,0.19250,22800
103561,2026-09-28 13:56:06,15160730,9673105,91474370,7.05,21.48,2026-09-29,23300,4450160,5132465,6247475,428.65,25.60,22834.90,0.29350,22800
103563,2026-09-28 13:56:06,13710515,9820980,70500495,5.05,23.80,2026-09-29,23400,3101345,3602560,1680965,529.95,31.37,22834.90,0.22620,22800
103565,2026-09-28 13:56:06,15895230,14143480,73440380,3.80,26.12,2026-09-29,23500,3892070,4632485,2113995,624.20,33.94,22834.90,0.24490,22800
103567,2026-09-28 13:56:06,11670165,7514195,63356280,3.10,28.56,2026-09-29,23600,725075,950105,445965,729.95,39.98,22834.90,0.06210,22800
103569,2026-09-28 13:56:06,9843405,7209150,59707765,2.55,31.01,2026-09-29,23700,571285,685490,353600,823.05,40.28,22834.90,0.05800,22800
103571,2026-09-28 13:56:06,10792860,7114185,57014100,2.30,33.45,2026-09-29,23800,641160,822510,364130,922.00,47.12,22834.90,0.05940,22800
103573,2026-09-28 13:56:06,4948515,5832255,36979605,2.00,35.89,2026-09-29,23900,406965,574015,259675,1027.10,50.17,22834.90,0.08220,22800
103575,2026-09-28 13:56:06,19534970,15609815,75594675,1.85,38.57,2026-09-29,24000,2261845,3155140,1480375,1122.90,48.95,22834.90,0.11580,22800
103577,2026-09-28 13:56:06,5069935,5602480,34886020,1.55,40.53,2026-09-29,24100,300560,386815,112580,1220.10,52.00,22834.90,0.05930,22800
103869,2026-09-28 14:01:06,1690,1560,4355,779.10,0.00,2026-09-29,22100,3308955,2125760,22924330,2.75,31.74,22842.10,1957.96150,22800
103871,2026-09-28 14:01:06,6695,4940,24830,688.15,0.00,2026-09-29,22200,5411250,4161495,29041025,3.20,28.81,22842.10,808.25240,22800
103873,2026-09-28 14:01:06,11765,3900,52260,589.05,0.00,2026-09-29,22300,5650125,3800745,52116545,3.75,25.88,22842.10,480.24860,22800
103875,2026-09-28 14:01:06,33085,9945,139295,490.00,7.81,2026-09-29,22400,5961150,4157400,63954865,4.90,23.32,22842.10,180.17680,22800
103877,2026-09-28 14:01:06,765245,551915,3460990,390.85,7.81,2026-09-29,22500,12842180,10457200,140272730,7.70,21.30,22842.10,16.78180,22800
103879,2026-09-28 14:01:06,471380,58175,5047835,296.05,15.14,2026-09-29,22600,10376600,4898725,132842385,12.90,19.47,22842.10,22.01320,22800
103881,2026-09-28 14:01:06,1481935,125710,20871890,208.25,15.90,2026-09-29,22700,13180050,6573255,217691240,24.35,18.19,22842.10,8.89380,22800
103883,2026-09-28 14:01:06,10183485,414375,143973180,131.35,15.76,2026-09-29,22800,24799060,8978255,474161740,48.15,17.55,22842.10,2.43520,22800
103885,2026-09-28 14:01:06,23984610,453180,271149320,73.75,15.82,2026-09-29,22900,13171730,6487455,371378540,90.75,17.55,22842.10,0.54920,22800
103887,2026-09-28 14:01:06,33524595,3278665,294619910,39.30,16.75,2026-09-29,23000,9981650,14434665,192881780,155.95,18.49,22842.10,0.29770,22800
103889,2026-09-28 14:01:06,17336605,9081020,153793510,20.50,17.85,2026-09-29,23100,5340725,10946390,61857705,237.25,20.02,22842.10,0.30810,22800
103891,2026-09-28 14:01:06,17284865,9387040,123015945,11.60,19.50,2026-09-29,23200,3307915,6103500,18402410,328.60,22.67,22842.10,0.19140,22800
103893,2026-09-28 14:01:06,15101645,9673105,92003405,7.35,21.48,2026-09-29,23300,4444635,5132465,6261970,422.90,25.82,22842.10,0.29430,22800
103895,2026-09-28 14:01:06,13821275,9820980,70926635,5.20,23.80,2026-09-29,23400,3099655,3602560,1685450,521.85,27.53,22842.10,0.22430,22800
103897,2026-09-28 14:01:06,15897895,14143480,73719295,4.00,26.25,2026-09-29,23500,3889470,4632485,2118610,620.00,29.97,22842.10,0.24470,22800
103899,2026-09-28 14:01:06,11642410,7514195,63583260,3.20,28.56,2026-09-29,23600,724490,950105,446485,721.80,36.44,22842.10,0.06220,22800
103901,2026-09-28 14:01:06,9911590,7209150,59908485,2.70,31.01,2026-09-29,23700,569400,685490,366405,819.45,39.73,22842.10,0.05740,22800
103903,2026-09-28 14:01:06,10810085,7114185,57196880,2.45,33.69,2026-09-29,23800,639795,822510,365690,915.05,37.72,22842.10,0.05920,22800
103905,2026-09-28 14:01:06,4934995,5832255,37091600,2.10,36.13,2026-09-29,23900,401115,574015,295750,1015.35,41.50,22842.10,0.08130,22800
103907,2026-09-28 14:01:06,19534255,15609815,75719800,1.85,38.33,2026-09-29,24000,2256710,3155140,1487850,1118.75,41.02,22842.10,0.11550,22800
103909,2026-09-28 14:01:06,5060900,5602480,34940815,1.60,40.53,2026-09-29,24100,297765,386815,115830,1221.00,54.44,22842.10,0.05880,22800
104201,2026-09-28 14:06:06,1690,1560,4355,779.10,0.00,2026-09-29,22100,3277690,2125760,22992775,2.75,31.25,22830.95,1939.46150,22800
104203,2026-09-28 14:06:06,6695,4940,24960,675.25,0.00,2026-09-29,22200,5422365,4161495,29133650,3.25,28.56,22830.95,809.91260,22800
104205,2026-09-28 14:06:06,11830,3900,52715,573.10,0.00,2026-09-29,22300,5655260,3800745,52298935,3.80,25.63,22830.95,478.04400,22800
104207,2026-09-28 14:06:06,33280,9945,141115,475.00,0.00,2026-09-29,22400,6041750,4157400,64350910,5.10,23.13,22830.95,181.54300,22800
104209,2026-09-28 14:06:06,761475,551915,3487120,378.45,0.00,2026-09-29,22500,12906530,10457200,141337820,8.20,21.24,22830.95,16.94940,22800
104211,2026-09-28 14:06:06,474500,58175,5115175,285.00,14.89,2026-09-29,22600,10436790,4898725,134217135,14.05,19.50,22830.95,21.99530,22800
104213,2026-09-28 14:06:06,1450345,125710,21307780,197.80,15.26,2026-09-29,22700,13129155,6573255,220513865,26.55,18.25,22830.95,9.05240,22800
104215,2026-09-28 14:06:06,10175165,414375,146797170,122.55,15.38,2026-09-29,22800,24690770,8978255,480916410,52.35,17.73,22830.95,2.42660,22800
104217,2026-09-28 14:06:06,23955360,453180,275464995,67.80,15.67,2026-09-29,22900,13041795,6487455,375487125,97.60,17.82,22830.95,0.54440,22800
104219,2026-09-28 14:06:06,33595120,3278665,298725895,36.00,16.63,2026-09-29,23000,9837935,14434665,194616695,165.00,19.07,22830.95,0.29280,22800
104221,2026-09-28 14:06:06,17278040,9081020,155554295,18.60,17.82,2026-09-29,23100,5286125,10946390,62221380,247.00,20.84,22830.95,0.30590,22800
104223,2026-09-28 14:06:06,17253925,9387040,124031570,10.70,19.53,2026-09-29,23200,3298880,6103500,18500560,338.75,23.32,22830.95,0.19120,22800
104225,2026-09-28 14:06:06,15267200,9673105,92881100,6.85,21.55,2026-09-29,23300,4437355,5132465,6287905,435.00,26.06,22830.95,0.29060,22800
104227,2026-09-28 14:06:06,13674960,9820980,71537700,5.00,23.99,2026-09-29,23400,3088475,3602560,1706965,532.65,30.33,22830.95,0.22580,22800
104229,2026-09-28 14:06:06,15832375,14143480,74239880,3.85,26.49,2026-09-29,23500,3875105,4632485,2148055,630.55,32.53,22830.95,0.24480,22800
104231,2026-09-28 14:06:06,11720475,7514195,64133615,3.15,28.81,2026-09-29,23600,722280,950105,451100,730.10,36.38,22830.95,0.06160,22800
104233,2026-09-28 14:06:06,9898135,7209150,60462350,2.75,31.49,2026-09-29,23700,564525,685490,371085,830.95,40.89,22830.95,0.05700,22800
104235,2026-09-28 14:06:06,10915645,7114185,57674175,2.45,34.18,2026-09-29,23800,638495,822510,370305,934.75,47.36,22830.95,0.05850,22800
104237,2026-09-28 14:06:06,4923880,5832255,37253645,2.15,36.62,2026-09-29,23900,400075,574015,298805,1032.85,49.87,22830.95,0.08130,22800
104239,2026-09-28 14:06:06,19501625,15609815,76135930,1.95,39.06,2026-09-29,24000,2251510,3155140,1496300,1125.05,46.14,22830.95,0.11550,22800
104241,2026-09-28 14:06:06,5030480,5602480,35189440,1.65,41.02,2026-09-29,24100,296790,386815,116935,1228.15,53.34,22830.95,0.05900,22800
104533,2026-09-28 14:11:06,1690,1560,4355,779.10,21.48,2026-09-29,22100,3267355,2125760,23160085,2.65,31.13,22833.70,1933.34620,22800
104535,2026-09-28 14:11:06,6695,4940,24960,675.25,0.00,2026-09-29,22200,5433675,4161495,29301025,3.05,28.32,22833.70,811.60190,22800
104537,2026-09-28 14:11:06,12090,3900,53495,567.65,0.00,2026-09-29,22300,5673265,3800745,52561535,3.65,25.39,22833.70,469.25270,22800
104539,2026-09-28 14:11:06,32435,9945,143390,472.95,0.00,2026-09-29,22400,6056570,4157400,64696450,4.95,22.95,22833.70,186.72950,22800
104541,2026-09-28 14:11:06,762710,551915,3508375,379.50,14.16,2026-09-29,22500,12966915,10457200,142671360,7.90,21.00,22833.70,17.00110,22800
104543,2026-09-28 14:11:06,470535,58175,5183035,285.45,16.11,2026-09-29,22600,10397270,4898725,136507800,13.75,19.35,22833.70,22.09670,22800
104545,2026-09-28 14:11:06,1474200,125710,21651630,197.75,15.87,2026-09-29,22700,13077935,6573255,224304990,25.90,17.97,22833.70,8.87120,22800
104547,2026-09-28 14:11:06,10368670,414375,149424925,122.80,15.84,2026-09-29,22800,24429990,8978255,490823060,51.85,17.33,22833.70,2.35610,22800
104549,2026-09-28 14:11:06,23992345,453180,279710275,68.40,15.90,2026-09-29,22900,12820470,6487455,380510520,96.80,17.47,22833.70,0.53440,22800
104551,2026-09-28 14:11:06,33614555,3278665,302494660,36.25,16.91,2026-09-29,23000,9872840,14434665,196559285,164.65,18.43,22833.70,0.29370,22800
104553,2026-09-28 14:11:06,17201535,9081020,157476995,18.90,18.04,2026-09-29,23100,5274750,10946390,62683270,246.40,20.11,22833.70,0.30660,22800
104555,2026-09-28 14:11:06,17206735,9387040,125529170,10.85,19.74,2026-09-29,23200,3303755,6103500,18699590,338.15,22.19,22833.70,0.19200,22800
104557,2026-09-28 14:11:06,15241525,9673105,93806375,6.95,21.73,2026-09-29,23300,4428775,5132465,6318780,433.65,25.09,22833.70,0.29060,22800
104559,2026-09-28 14:11:06,13629460,9820980,72414940,5.00,24.17,2026-09-29,23400,3080415,3602560,1721525,532.00,28.50,22833.70,0.22600,22800
104561,2026-09-28 14:11:06,15734875,14143480,75137140,3.85,26.61,2026-09-29,23500,3834220,4632485,2215785,630.00,31.13,22833.70,0.24370,22800
104563,2026-09-28 14:11:06,11768055,7514195,64892750,3.20,29.17,2026-09-29,23600,719745,950105,454155,736.30,39.18,22833.70,0.06120,22800
104565,2026-09-28 14:11:06,9932260,7209150,61102405,2.85,31.74,2026-09-29,23700,561275,685490,374465,830.00,38.70,22833.70,0.05650,22800
104567,2026-09-28 14:11:06,11116365,7114185,58531980,2.55,34.42,2026-09-29,23800,634400,822510,375765,932.20,44.25,22833.70,0.05710,22800
104569,2026-09-28 14:11:06,4900610,5832255,37718330,2.25,36.87,2026-09-29,23900,398645,574015,304135,1030.95,46.88,22833.70,0.08130,22800
104571,2026-09-28 14:11:06,19483685,15609815,76850735,2.00,39.06,2026-09-29,24000,2245205,3155140,1506830,1129.90,51.64,22833.70,0.11520,22800
104573,2026-09-28 14:11:06,5055765,5602480,35494420,1.65,41.26,2026-09-29,24100,296790,386815,119275,1230.10,53.10,22833.70,0.05870,22800
104865,2026-09-28 14:16:06,1690,1560,4420,762.65,35.95,2026-09-29,22100,3138135,2125760,23544950,2.70,30.52,22814.45,1856.88460,22800
104867,2026-09-28 14:16:06,6825,4940,25415,663.90,33.02,2026-09-29,22200,5392660,4161495,29600090,3.25,27.83,22814.45,790.13330,22800
104869,2026-09-28 14:16:06,11765,3900,56355,555.30,0.00,2026-09-29,22300,5639140,3800745,53414010,4.10,25.02,22814.45,479.31490,22800
104871,2026-09-28 14:16:06,29965,9945,149695,456.75,19.04,2026-09-29,22400,6035705,4157400,65790595,5.70,22.71,22814.45,201.42520,22800
104873,2026-09-28 14:16:06,773500,551915,3560895,360.20,17.76,2026-09-29,22500,12973025,10457200,145144480,9.45,20.87,22814.45,16.77180,22800
104875,2026-09-28 14:16:06,490490,58175,5310760,268.00,17.58,2026-09-29,22600,10353655,4898725,139405435,16.70,19.29,22814.45,21.10880,22800
104877,2026-09-28 14:16:06,1519375,125710,22301240,182.45,16.63,2026-09-29,22700,13039260,6573255,229113365,31.20,18.04,22814.45,8.58200,22800
104879,2026-09-28 14:16:06,10470980,414375,154062285,110.80,16.25,2026-09-29,22800,23850970,8978255,503133215,60.45,17.47,22814.45,2.27780,22800
104881,2026-09-28 14:16:06,24058060,453180,286549380,59.90,16.36,2026-09-29,22900,12353705,6487455,386722505,109.80,17.55,22814.45,0.51350,22800
104883,2026-09-28 14:16:06,33624955,3278665,308499490,31.70,17.24,2026-09-29,23000,9591065,14434665,199026750,181.30,18.68,22814.45,0.28520,22800
104885,2026-09-28 14:16:06,17151940,9081020,160247685,16.70,18.49,2026-09-29,23100,5242640,10946390,63151140,265.25,20.39,22814.45,0.30570,22800
104887,2026-09-28 14:16:06,16924505,9387040,127427755,9.90,20.29,2026-09-29,23200,3294200,6103500,18895630,359.10,22.46,22814.45,0.19460,22800
104889,2026-09-28 14:16:06,15179970,9673105,94852355,6.55,22.46,2026-09-29,23300,4414085,5132465,6375135,454.90,25.57,22814.45,0.29080,22800
104891,2026-09-28 14:16:06,13685035,9820980,73049665,4.90,24.90,2026-09-29,23400,3064620,3602560,1758120,553.90,26.98,22814.45,0.22390,22800
104893,2026-09-28 14:16:06,15805010,14143480,75688600,3.80,27.34,2026-09-29,23500,3802045,4632485,2284880,650.05,29.17,22814.45,0.24060,22800
104895,2026-09-28 14:16:06,11680890,7514195,65296595,3.20,29.79,2026-09-29,23600,718380,950105,457405,752.25,34.91,22814.45,0.06150,22800
104897,2026-09-28 14:16:06,9935380,7209150,61576645,2.80,32.47,2026-09-29,23700,560300,685490,374985,848.95,35.03,22814.45,0.05640,22800
104899,2026-09-28 14:16:06,11144640,7114185,59001475,2.45,35.03,2026-09-29,23800,632905,822510,383825,950.00,39.67,22814.45,0.05680,22800
104901,2026-09-28 14:16:06,4915235,5832255,37943425,2.20,37.35,2026-09-29,23900,398320,574015,305110,1051.00,45.17,22814.45,0.08100,22800
104903,2026-09-28 14:16:06,19534775,15609815,77136540,1.90,39.79,2026-09-29,24000,2243125,3155140,1510795,1151.05,47.24,22814.45,0.11480,22800
104905,2026-09-28 14:16:06,5060250,5602480,35937525,1.60,41.75,2026-09-29,24100,293670,386815,124475,1254.85,55.36,22814.45,0.05800,22800
105197,2026-09-28 14:21:06,1690,1560,4420,762.65,46.57,2026-09-29,22100,2855515,2125760,25815270,2.55,29.66,22803.40,1689.65380,22800
105199,2026-09-28 14:21:06,6760,4940,25480,615.30,0.00,2026-09-29,22200,5535660,4161495,31261880,3.25,27.22,22803.40,818.88460,22800
105201,2026-09-28 14:21:06,12675,3900,59995,533.00,0.00,2026-09-29,22300,5692115,3800745,58363890,4.10,24.66,22803.40,449.08210,22800
105203,2026-09-28 14:21:06,35945,9945,169975,433.20,0.00,2026-09-29,22400,5860595,4157400,71606860,6.45,22.64,22803.40,163.04340,22800
105205,2026-09-28 14:21:06,828945,551915,3927430,340.05,0.00,2026-09-29,22500,12772825,10457200,156218400,10.95,21.18,22803.40,15.40850,22800
105207,2026-09-28 14:21:06,717665,58175,6025435,248.70,16.05,2026-09-29,22600,10350665,4898725,151378825,20.20,19.78,22803.40,14.42270,22800
105209,2026-09-28 14:21:06,1781975,125710,23976550,166.40,16.36,2026-09-29,22700,12522510,6573255,247027755,38.40,18.77,22803.40,7.02730,22800
105211,2026-09-28 14:21:06,12840425,414375,167109150,100.30,16.42,2026-09-29,22800,19179875,8978255,539705530,72.35,18.55,22803.40,1.49370,22800
105213,2026-09-28 14:21:06,23054525,453180,299532350,55.00,16.92,2026-09-29,22900,9408425,6487455,401272820,127.55,18.98,22803.40,0.40810,22800
105215,2026-09-28 14:21:06,31624320,3278665,321787440,30.05,18.05,2026-09-29,23000,8693595,14434665,204495395,200.50,20.36,22803.40,0.27490,22800
105217,2026-09-28 14:21:06,16728400,9081020,166536760,16.50,19.41,2026-09-29,23100,5080400,10946390,64341290,287.10,22.64,22803.40,0.30370,22800
105219,2026-09-28 14:21:06,16933670,9387040,132409875,10.05,21.24,2026-09-29,23200,3164395,6103500,19413875,380.00,25.48,22803.40,0.18690,22800
105221,2026-09-28 14:21:06,14979835,9673105,97545760,6.75,23.38,2026-09-29,23300,4396080,5132465,6621745,476.75,28.87,22803.40,0.29350,22800
105223,2026-09-28 14:21:06,13758745,9820980,75203180,5.10,25.88,2026-09-29,23400,3032575,3602560,1801345,576.10,32.04,22803.40,0.22040,22800
105225,2026-09-28 14:21:06,16363425,14143480,78328120,4.00,28.20,2026-09-29,23500,3789955,4632485,2419170,672.75,34.30,22803.40,0.23160,22800
105227,2026-09-28 14:21:06,11629085,7514195,66913210,3.20,30.52,2026-09-29,23600,713570,950105,465400,775.50,39.98,22803.40,0.06140,22800
105229,2026-09-28 14:21:06,9770150,7209150,63321765,2.70,33.20,2026-09-29,23700,537225,685490,408200,878.50,43.58,22803.40,0.05500,22800
105231,2026-09-28 14:21:06,11435125,7114185,61165910,2.45,35.89,2026-09-29,23800,631475,822510,396045,973.25,45.96,22803.40,0.05520,22800
105233,2026-09-28 14:21:06,4895865,5832255,38777050,2.15,38.09,2026-09-29,23900,395980,574015,309855,1077.20,52.86,22803.40,0.08090,22800
105235,2026-09-28 14:21:06,19421220,15609815,78457470,1.90,40.53,2026-09-29,24000,2238315,3155140,1517230,1172.80,52.98,22803.40,0.11530,22800
105237,2026-09-28 14:21:06,5077735,5602480,36782265,1.65,42.72,2026-09-29,24100,290355,386815,127465,1274.00,57.68,22803.40,0.05720,22800
105529,2026-09-28 14:26:05,1690,1560,4420,762.65,47.97,2026-09-29,22100,2889250,2125760,26241865,2.75,30.03,22802.30,1709.61540,22800
105531,2026-09-28 14:26:05,6760,4940,25675,627.85,0.00,2026-09-29,22200,5658835,4161495,32146985,3.55,27.59,22802.30,837.10580,22800
105533,2026-09-28 14:26:05,12350,3900,61815,531.60,0.00,2026-09-29,22300,5600400,3800745,59757230,4.45,24.84,22802.30,453.47370,22800
105535,2026-09-28 14:26:05,35945,9945,174395,433.20,0.00,2026-09-29,22400,5882565,4157400,73392085,6.70,22.71,22802.30,163.65460,22800
105537,2026-09-28 14:26:05,821925,551915,3987945,338.90,16.54,2026-09-29,22500,12748450,10457200,160499300,11.30,21.06,22802.30,15.51050,22800
105539,2026-09-28 14:26:05,794105,58175,6231615,246.70,16.54,2026-09-29,22600,10646675,4898725,155747865,20.30,19.59,22802.30,13.40710,22800
105541,2026-09-28 14:26:05,1948960,125710,24864970,165.00,16.69,2026-09-29,22700,12681045,6573255,254000500,38.15,18.49,22802.30,6.50660,22800
105543,2026-09-28 14:26:05,13778310,414375,172406455,98.80,16.49,2026-09-29,22800,20168850,8978255,553207005,72.15,18.16,22802.30,1.46380,22800
105545,2026-09-28 14:26:05,23570690,453180,305220955,53.80,16.88,2026-09-29,22900,9813050,6487455,405383160,127.45,18.60,22802.30,0.41630,22800
105547,2026-09-28 14:26:05,31152745,3278665,327074150,29.00,18.05,2026-09-29,23000,8737665,14434665,206023675,201.55,19.94,22802.30,0.28050,22800
105549,2026-09-28 14:26:05,16269175,9081020,170203800,15.90,19.41,2026-09-29,23100,5066100,10946390,64629110,287.85,22.00,22802.30,0.31140,22800
105551,2026-09-28 14:26:05,17054765,9387040,135889780,9.65,21.24,2026-09-29,23200,3164785,6103500,19512025,381.00,24.32,22802.30,0.18560,22800
105553,2026-09-28 14:26:05,14786590,9673105,100221745,6.50,23.44,2026-09-29,23300,4392180,5132465,6643520,479.60,28.17,22802.30,0.29700,22800
105555,2026-09-28 14:26:05,13950690,9820980,78049595,4.85,25.76,2026-09-29,23400,2987270,3602560,1862575,578.10,30.64,22802.30,0.21410,22800
105557,2026-09-28 14:26:05,16767400,14143480,81784560,3.70,28.08,2026-09-29,23500,3781960,4632485,2441595,675.80,34.42,22802.30,0.22560,22800
105559,2026-09-28 14:26:05,11390665,7514195,70876910,2.85,30.27,2026-09-29,23600,709995,950105,471380,775.85,38.33,22802.30,0.06230,22800
105561,2026-09-28 14:26:05,9098310,7209150,67207790,2.40,32.59,2026-09-29,23700,530465,685490,419575,875.85,41.87,22802.30,0.05830,22800
105563,2026-09-28 14:26:05,11305905,7114185,64004005,2.20,35.40,2026-09-29,23800,626405,822510,404755,974.70,43.70,22802.30,0.05540,22800
105565,2026-09-28 14:26:05,4770220,5832255,40479205,1.85,37.60,2026-09-29,23900,393835,574015,313885,1075.80,49.56,22802.30,0.08260,22800
105567,2026-09-28 14:26:05,19075160,15609815,81677050,1.65,39.79,2026-09-29,24000,2227915,3155140,1530490,1174.00,51.27,22802.30,0.11680,22800
105569,2026-09-28 14:26:05,5024240,5602480,38550395,1.40,41.99,2026-09-29,24100,289965,386815,128960,1271.85,52.37,22802.30,0.05770,22800
105861,2026-09-28 14:31:06,1885,1560,4940,735.00,0.00,2026-09-29,22100,2893475,2125760,26641550,2.70,30.15,22804.15,1535.00000,22800
105863,2026-09-28 14:31:06,6825,4940,26455,629.00,0.00,2026-09-29,22200,5809765,4161495,32979375,3.40,27.59,22804.15,851.24760,22800
105865,2026-09-28 14:31:06,11830,3900,63310,537.40,0.00,2026-09-29,22300,5665075,3800745,61161165,4.25,24.78,22804.15,478.87360,22800
105867,2026-09-28 14:31:06,32825,9945,184080,441.35,0.00,2026-09-29,22400,5267210,4157400,75247575,6.30,22.71,22804.15,160.46340,22800
105869,2026-09-28 14:31:06,870805,551915,4147650,345.40,17.58,2026-09-29,22500,12945205,10457200,164282885,10.65,20.94,22804.15,14.86580,22800
105871,2026-09-28 14:31:06,763685,58175,6432725,254.00,17.21,2026-09-29,22600,10605075,4898725,160152005,18.90,19.35,22804.15,13.88670,22800
105873,2026-09-28 14:31:06,2044640,125710,25822355,170.30,16.69,2026-09-29,22700,12883585,6573255,260827775,35.15,18.25,22804.15,6.30120,22800
105875,2026-09-28 14:31:06,14469325,414375,178558640,102.10,16.56,2026-09-29,22800,20049120,8978255,565358430,68.15,17.72,22804.15,1.38560,22800
105877,2026-09-28 14:31:06,23914085,453180,310667110,55.80,16.86,2026-09-29,22900,9447555,6487455,410101770,122.00,18.22,22804.15,0.39510,22800
105879,2026-09-28 14:31:06,30868760,3278665,332961265,30.45,18.07,2026-09-29,23000,8625045,14434665,207760670,195.05,19.35,22804.15,0.27940,22800
105881,2026-09-28 14:31:06,16225950,9081020,172670810,16.70,19.41,2026-09-29,23100,5005715,10946390,65014430,281.70,21.33,22804.15,0.30850,22800
105883,2026-09-28 14:31:06,16697395,9387040,138685430,10.10,21.24,2026-09-29,23200,3281785,6103500,19849895,374.65,23.62,22804.15,0.19650,22800
105885,2026-09-28 14:31:06,14613755,9673105,102182340,6.70,23.32,2026-09-29,23300,4385095,5132465,6673095,470.80,27.59,22804.15,0.30010,22800
105887,2026-09-28 14:31:06,14190540,9820980,80521870,4.90,25.63,2026-09-29,23400,2947685,3602560,1908335,568.80,28.81,22804.15,0.20770,22800
105889,2026-09-28 14:31:06,16973255,14143480,84145880,3.75,27.95,2026-09-29,23500,3764605,4632485,2488915,668.10,33.26,22804.15,0.22180,22800
105891,2026-09-28 14:31:06,11190725,7514195,73897265,2.90,30.15,2026-09-29,23600,702390,950105,480870,769.75,37.35,22804.15,0.06280,22800
105893,2026-09-28 14:31:06,8826285,7209150,69507360,2.40,32.47,2026-09-29,23700,525915,685490,423475,867.95,39.55,22804.15,0.05960,22800
105895,2026-09-28 14:31:06,11283935,7114185,65514410,2.30,35.40,2026-09-29,23800,619645,822510,421265,967.65,43.33,22804.15,0.05490,22800
105897,2026-09-28 14:31:06,4731155,5832255,41549560,1.90,37.60,2026-09-29,23900,389675,574015,333645,1066.50,48.22,22804.15,0.08240,22800
105899,2026-09-28 14:31:06,18967975,15609815,83855525,1.75,40.04,2026-09-29,24000,2216345,3155140,1547585,1162.90,49.44,22804.15,0.11680,22800
105901,2026-09-28 14:31:06,5028985,5602480,39556075,1.45,41.75,2026-09-29,24100,288795,386815,130520,1270.20,56.03,22804.15,0.05740,22800
106193,2026-09-28 14:36:07,1885,1560,5005,733.20,42.11,2026-09-29,22100,2912975,2125760,27116570,3.05,29.91,22782.70,1545.34480,22800
106195,2026-09-28 14:36:07,6955,4940,27040,615.05,0.00,2026-09-29,22200,5772195,4161495,33752680,3.90,27.34,22782.70,829.93460,22800
106197,2026-09-28 14:36:07,12415,3900,65455,517.15,21.97,2026-09-29,22300,5686005,3800745,62816845,5.00,24.66,22782.70,457.99480,22800
106199,2026-09-28 14:36:07,35425,9945,190970,420.65,20.87,2026-09-29,22400,5346445,4157400,77405640,7.45,22.52,22782.70,150.92290,22800
106201,2026-09-28 14:36:07,893035,551915,4250155,325.95,19.13,2026-09-29,22500,13078065,10457200,168425725,12.40,20.75,22782.70,14.64450,22800
106203,2026-09-28 14:36:07,805740,58175,6664190,235.45,18.19,2026-09-29,22600,10424700,4898725,164735935,21.80,19.20,22782.70,12.93800,22800
106205,2026-09-28 14:36:07,2163330,125710,27088685,154.15,17.33,2026-09-29,22700,13159120,6573255,268574410,41.15,18.01,22782.70,6.08280,22800
106207,2026-09-28 14:36:07,14904630,414375,186554615,89.75,16.78,2026-09-29,22800,20641660,8978255,580756280,77.15,17.52,22782.70,1.38490,22800
106209,2026-09-28 14:36:07,23652395,453180,318241625,47.70,17.06,2026-09-29,22900,9033180,6487455,415876500,134.55,17.85,22782.70,0.38190,22800
106211,2026-09-28 14:36:07,30235595,3278665,340219750,25.95,18.49,2026-09-29,23000,8718710,14434665,210223455,212.85,19.07,22782.70,0.28840,22800
106213,2026-09-28 14:36:07,16304015,9081020,175491160,14.65,19.87,2026-09-29,23100,4974190,10946390,65415675,301.50,20.84,22782.70,0.30510,22800
106215,2026-09-28 14:36:07,16190655,9387040,142187955,9.30,21.91,2026-09-29,23200,3257670,6103500,20012915,396.05,22.83,22782.70,0.20120,22800
106217,2026-09-28 14:36:07,14546935,9673105,103962820,6.50,24.17,2026-09-29,23300,4347005,5132465,6796270,492.55,25.39,22782.70,0.29880,22800
106219,2026-09-28 14:36:07,14131195,9820980,83619835,5.05,26.67,2026-09-29,23400,2937805,3602560,1932905,590.25,28.63,22782.70,0.20790,22800
106221,2026-09-28 14:36:07,17032535,14143480,87503845,4.00,29.17,2026-09-29,23500,3744260,4632485,2568735,688.00,29.54,22782.70,0.21980,22800
106223,2026-09-28 14:36:07,11418290,7514195,77925770,3.20,31.49,2026-09-29,23600,698880,950105,485875,791.15,28.32,22782.70,0.06120,22800
106225,2026-09-28 14:36:07,8455005,7209150,72774325,2.65,33.81,2026-09-29,23700,524355,685490,427635,892.25,36.62,22782.70,0.06200,22800
106227,2026-09-28 14:36:07,11248640,7114185,67961010,2.40,36.50,2026-09-29,23800,612235,822510,432250,990.00,41.38,22782.70,0.05440,22800
106229,2026-09-28 14:36:07,4699175,5832255,43124510,2.00,38.57,2026-09-29,23900,381940,574015,341705,1088.00,41.75,22782.70,0.08130,22800
106231,2026-09-28 14:36:07,19178900,15609815,86720790,1.80,41.02,2026-09-29,24000,2208220,3155140,1557855,1188.10,47.00,22782.70,0.11510,22800
106233,2026-09-28 14:36:07,4831450,5602480,41334150,1.50,42.97,2026-09-29,24100,288015,386815,132015,1292.25,54.44,22782.70,0.05960,22800
106525,2026-09-28 14:40:05,1885,1560,5005,733.20,49.01,2026-09-29,22100,2919800,2125760,27872260,3.60,30.15,22767.45,1548.96550,22800
106527,2026-09-28 14:40:05,6760,4940,27885,597.25,0.00,2026-09-29,22200,5675540,4161495,34795735,4.55,27.59,22767.45,839.57690,22800
106529,2026-09-28 14:40:05,15925,3900,70200,499.75,0.00,2026-09-29,22300,5565495,3800745,65470340,5.95,24.96,22767.45,349.48160,22800
106531,2026-09-28 14:40:05,33150,9945,206700,401.85,16.24,2026-09-29,22400,5386615,4157400,80320500,8.95,22.83,22767.45,162.49220,22800
106533,2026-09-28 14:40:05,927160,551915,4549025,308.35,17.94,2026-09-29,22500,12726870,10457200,174127525,15.00,21.18,22767.45,13.72670,22800
106535,2026-09-28 14:40:05,919165,58175,7068490,220.60,18.10,2026-09-29,22600,10073830,4898725,172103945,26.55,19.68,22767.45,10.95980,22800
106537,2026-09-28 14:40:05,2570490,125710,29028805,142.25,17.15,2026-09-29,22700,12259390,6573255,283000250,49.60,18.74,22767.45,4.76930,22800
106539,2026-09-28 14:40:05,16087890,414375,196941030,82.20,17.07,2026-09-29,22800,17801745,8978255,604473675,90.25,18.46,22767.45,1.10650,22800
106541,2026-09-28 14:40:05,22398025,453180,327315560,44.35,17.59,2026-09-29,22900,7770880,6487455,423212530,151.85,19.18,22767.45,0.34690,22800
106543,2026-09-28 14:40:05,29727490,3278665,347548110,25.10,19.10,2026-09-29,23000,8334040,14434665,212770545,231.95,20.75,22767.45,0.28030,22800
106545,2026-09-28 14:40:05,16013075,9081020,178360000,14.45,20.69,2026-09-29,23100,4856670,10946390,66150435,320.20,22.89,22767.45,0.30330,22800
106547,2026-09-28 14:40:05,15815085,9387040,144532830,9.40,22.71,2026-09-29,23200,3196700,6103500,20245095,415.05,25.15,22767.45,0.20210,22800
106549,2026-09-28 14:40:05,14461265,9673105,106149485,6.50,24.84,2026-09-29,23300,4294290,5132465,6982885,511.60,28.38,22767.45,0.29700,22800
106551,2026-09-28 14:40:05,14092910,9820980,85872215,5.05,27.40,2026-09-29,23400,2916940,3602560,1966380,609.90,31.49,22767.45,0.20700,22800
106553,2026-09-28 14:40:05,16854825,14143480,89302720,4.05,29.91,2026-09-29,23500,3721510,4632485,2625350,709.00,33.94,22767.45,0.22080,22800
106555,2026-09-28 14:40:05,11378445,7514195,78997750,3.35,32.23,2026-09-29,23600,694915,950105,490685,811.45,40.34,22767.45,0.06110,22800
106557,2026-09-28 14:40:05,8306545,7209150,74771255,2.80,34.79,2026-09-29,23700,498160,685490,436215,910.00,39.31,22767.45,0.06000,22800
106559,2026-09-28 14:40:05,11212890,7114185,69276740,2.50,37.35,2026-09-29,23800,602095,822510,440245,1008.40,42.85,22767.45,0.05370,22800
106561,2026-09-28 14:40:05,4744480,5832255,44266755,2.15,39.55,2026-09-29,23900,379340,574015,342615,1111.00,51.33,22767.45,0.08000,22800
106563,2026-09-28 14:40:05,19282705,15609815,89150620,2.00,41.99,2026-09-29,24000,2086865,3155140,1687205,1209.80,53.83,22767.45,0.10820,22800
106565,2026-09-28 14:40:05,4783220,5602480,42265730,1.60,43.95,2026-09-29,24100,287235,386815,133120,1309.00,51.39,22767.45,0.06010,22800
106857,2026-09-28 14:46:06,1885,1560,5005,733.20,42.48,2026-09-29,22100,3041935,2125760,28592850,3.55,30.64,22778.35,1613.75860,22800
106859,2026-09-28 14:46:06,6955,4940,30095,609.55,0.00,2026-09-29,22200,5621590,4161495,35704695,4.25,27.83,22778.35,808.28040,22800
106861,2026-09-28 14:46:06,15795,3900,73385,512.85,0.00,2026-09-29,22300,5430750,3800745,67567890,5.30,25.02,22778.35,343.82720,22800
106863,2026-09-28 14:46:06,36335,9945,219570,415.15,12.70,2026-09-29,22400,5559060,4157400,82790565,7.50,22.52,22778.35,152.99460,22800
106865,2026-09-28 14:46:06,942760,551915,4686890,317.10,15.81,2026-09-29,22500,12498655,10457200,179579660,12.50,20.72,22778.35,13.25750,22800
106867,2026-09-28 14:46:06,902785,58175,7406100,227.55,16.45,2026-09-29,22600,10165675,4898725,178767745,22.40,19.23,22778.35,11.26030,22800
106869,2026-09-28 14:46:06,2597595,125710,30561765,147.55,16.24,2026-09-29,22700,12899640,6573255,293547865,42.20,18.16,22778.35,4.96600,22800
106871,2026-09-28 14:46:06,17465760,414375,205475920,84.75,16.11,2026-09-29,22800,17478630,8978255,620034090,80.20,18.02,22778.35,1.00070,22800
106873,2026-09-28 14:46:06,22515610,453180,334040200,45.45,16.83,2026-09-29,22900,7786935,6487455,427984375,140.55,18.77,22778.35,0.34580,22800
106875,2026-09-28 14:46:06,29950050,3278665,353581345,25.25,18.37,2026-09-29,23000,8221655,14434665,214368050,219.40,20.42,22778.35,0.27450,22800
106877,2026-09-28 14:46:06,16119350,9081020,181184380,14.15,19.90,2026-09-29,23100,4791215,10946390,66643785,307.90,22.58,22778.35,0.29720,22800
106879,2026-09-28 14:46:06,16015610,9387040,147162210,9.00,21.97,2026-09-29,23200,3167840,6103500,20416565,402.65,25.51,22778.35,0.19780,22800
106881,2026-09-28 14:46:06,14184690,9673105,107993795,6.35,24.29,2026-09-29,23300,4136860,5132465,7260760,499.95,28.38,22778.35,0.29160,22800
106883,2026-09-28 14:46:06,13873665,9820980,87669530,5.00,26.86,2026-09-29,23400,2819050,3602560,2087475,600.45,33.20,22778.35,0.20320,22800
106885,2026-09-28 14:46:06,16849495,14143480,91063245,4.00,29.42,2026-09-29,23500,3648710,4632485,2715440,696.50,35.40,22778.35,0.21650,22800
106887,2026-09-28 14:46:06,11375975,7514195,80329535,3.40,31.98,2026-09-29,23600,687375,950105,505310,797.85,40.83,22778.35,0.06040,22800
106889,2026-09-28 14:46:06,8374145,7209150,76445395,2.95,34.42,2026-09-29,23700,493545,685490,438880,902.05,47.61,22778.35,0.05890,22800
106891,2026-09-28 14:46:06,11272495,7114185,71093750,2.65,37.11,2026-09-29,23800,600405,822510,448045,996.00,44.56,22778.35,0.05330,22800
106893,2026-09-28 14:46:06,4690335,5832255,45325345,2.20,39.31,2026-09-29,23900,376155,574015,346775,1095.90,50.78,22778.35,0.08020,22800
106895,2026-09-28 14:46:06,19839625,15609815,92755715,2.00,41.75,2026-09-29,24000,2067625,3155140,1739075,1193.60,52.12,22778.35,0.10420,22800
106897,2026-09-28 14:46:06,4800705,5602480,43143425,1.70,43.95,2026-09-29,24100,286520,386815,134095,1296.30,58.35,22778.35,0.05970,22800
107189,2026-09-28 14:51:06,1885,1560,5005,733.20,31.49,2026-09-29,22100,2881710,2125760,29400085,2.85,30.27,22801.45,1528.75860,22800
107191,2026-09-28 14:51:06,7085,4940,30745,622.80,0.00,2026-09-29,22200,5713955,4161495,36312315,3.50,27.59,22801.45,806.48620,22800
107193,2026-09-28 14:51:06,13650,3900,78325,531.25,21.24,2026-09-29,22300,5424900,3800745,69072120,4.15,24.48,22801.45,397.42860,22800
107195,2026-09-28 14:51:06,35295,9945,232505,430.15,0.00,2026-09-29,22400,5552495,4157400,84824415,5.90,22.03,22801.45,157.31680,22800
107197,2026-09-28 14:51:06,918840,551915,4817020,333.40,17.64,2026-09-29,22500,12363845,10457200,184209935,9.90,20.20,22801.45,13.45590,22800
107199,2026-09-28 14:51:06,854165,58175,7717190,242.90,17.06,2026-09-29,22600,10220990,4898725,184654860,18.00,18.55,22801.45,11.96610,22800
107201,2026-09-28 14:51:06,2258295,125710,32475105,159.90,16.60,2026-09-29,22700,13097955,6573255,302267745,34.80,17.30,22801.45,5.79990,22800
107203,2026-09-28 14:51:06,18126420,414375,216044530,92.90,15.99,2026-09-29,22800,18695105,8978255,637048425,68.90,17.03,22801.45,1.03140,22800
107205,2026-09-28 14:51:06,22382685,453180,340514590,49.95,16.69,2026-09-29,22900,8029190,6487455,431725580,125.70,17.38,22801.45,0.35870,22800
107207,2026-09-28 14:51:06,30160715,3278665,359526700,27.15,18.01,2026-09-29,23000,8186490,14434665,216002215,202.25,18.71,22801.45,0.27140,22800
107209,2026-09-28 14:51:06,16140085,9081020,183416155,14.95,19.47,2026-09-29,23100,4776525,10946390,67045940,289.95,20.78,22801.45,0.29590,22800
107211,2026-09-28 14:51:06,16091010,9387040,148931965,9.20,21.42,2026-09-29,23200,3144635,6103500,20590050,383.25,22.34,22801.45,0.19540,22800
107213,2026-09-28 14:51:06,14202890,9673105,109371340,6.30,23.62,2026-09-29,23300,4074980,5132465,7393750,480.45,25.39,22801.45,0.28690,22800
107215,2026-09-28 14:51:06,13674960,9820980,89320530,4.85,26.25,2026-09-29,23400,2750150,3602560,2184455,581.15,28.63,22801.45,0.20110,22800
107217,2026-09-28 14:51:06,16866005,14143480,92686815,4.00,28.81,2026-09-29,23500,3598140,4632485,2791165,678.00,32.53,22801.45,0.21330,22800
107219,2026-09-28 14:51:06,11444095,7514195,81092245,3.30,31.25,2026-09-29,23600,686985,950105,511355,777.70,34.30,22801.45,0.06000,22800
107221,2026-09-28 14:51:06,8897915,7209150,78824330,2.95,34.06,2026-09-29,23700,483860,685490,444470,880.00,41.63,22801.45,0.05440,22800
107223,2026-09-28 14:51:06,11294075,7114185,72032545,2.50,36.62,2026-09-29,23800,596505,822510,457340,975.00,39.79,22801.45,0.05280,22800
107225,2026-09-28 14:51:06,4692025,5832255,46337915,2.10,38.57,2026-09-29,23900,374205,574015,357890,1075.00,43.09,22801.45,0.07980,22800
107227,2026-09-28 14:51:06,19553365,15609815,96368415,1.90,41.02,2026-09-29,24000,2017770,3155140,1844895,1172.25,47.36,22801.45,0.10320,22800
107229,2026-09-28 14:51:06,4703595,5602480,44024240,1.65,43.21,2026-09-29,24100,283855,386815,137930,1280.00,56.15,22801.45,0.06030,22800
107521,2026-09-28 14:56:06,1885,1560,5005,733.20,26.86,2026-09-29,22100,2888925,2125760,29832140,3.00,30.52,22800.10,1532.58620,22800
107523,2026-09-28 14:56:06,7020,4940,30875,627.00,0.00,2026-09-29,22200,5691790,4161495,36768615,3.65,27.71,22800.10,810.79630,22800
107525,2026-09-28 14:56:06,14040,3900,80015,526.80,0.00,2026-09-29,22300,5318430,3800745,70187000,4.25,24.72,22800.10,378.80560,22800
107527,2026-09-28 14:56:06,35165,9945,234715,430.00,0.00,2026-09-29,22400,5513495,4157400,86219575,6.00,22.28,22800.10,156.78930,22800
107529,2026-09-28 14:56:06,929370,551915,4904900,330.90,14.04,2026-09-29,22500,12445355,10457200,186552730,10.20,20.51,22800.10,13.39120,22800
107531,2026-09-28 14:56:06,825630,58175,7880275,240.05,15.50,2026-09-29,22600,10236980,4898725,187950360,18.65,18.92,22800.10,12.39900,22800
107533,2026-09-28 14:56:06,2241655,125710,33337135,157.75,15.55,2026-09-29,22700,13299130,6573255,307649940,35.80,17.81,22800.10,5.93270,22800
107535,2026-09-28 14:56:06,18100940,414375,223198690,91.00,15.47,2026-09-29,22800,19579430,8978255,647033790,70.00,17.49,22800.10,1.08170,22800
107537,2026-09-28 14:56:06,22307090,453180,346283600,48.60,16.17,2026-09-29,22900,8190325,6487455,434144750,127.30,18.16,22800.10,0.36720,22800
107539,2026-09-28 14:56:06,29621735,3278665,364240955,26.20,17.64,2026-09-29,23000,8149440,14434665,217037925,204.65,19.84,22800.10,0.27510,22800
107541,2026-09-28 14:56:06,15944435,9081020,185570060,14.35,19.17,2026-09-29,23100,4754425,10946390,67299700,291.60,22.28,22800.10,0.29820,22800
107543,2026-09-28 14:56:06,16146910,9387040,150499505,8.95,21.18,2026-09-29,23200,3118570,6103500,20731750,385.80,25.21,22800.10,0.19310,22800
107545,2026-09-28 14:56:06,13954135,9673105,110806540,6.30,23.62,2026-09-29,23300,3890315,5132465,7642245,483.25,28.11,22800.10,0.27880,22800
107547,2026-09-28 14:56:06,13461500,9820980,90506780,4.95,26.25,2026-09-29,23400,2702310,3602560,2282475,583.55,31.74,22800.10,0.20070,22800
107549,2026-09-28 14:56:06,16821415,14143480,93911415,4.05,28.81,2026-09-29,23500,3543020,4632485,2880085,681.00,34.61,22800.10,0.21060,22800
107551,2026-09-28 14:56:06,11437270,7514195,81652090,3.35,31.37,2026-09-29,23600,681200,950105,521560,780.35,41.99,22800.10,0.05960,22800
107553,2026-09-28 14:56:06,8948095,7209150,79821040,2.90,33.94,2026-09-29,23700,482105,685490,447915,879.25,44.92,22800.10,0.05390,22800
107555,2026-09-28 14:56:06,11172720,7114185,73114925,2.55,36.50,2026-09-29,23800,596115,822510,467870,978.95,44.80,22800.10,0.05340,22800
107557,2026-09-28 14:56:06,4614285,5832255,47093475,2.15,38.82,2026-09-29,23900,374205,574015,360750,1078.10,46.39,22800.10,0.08110,22800
107559,2026-09-28 14:56:06,19814145,15609815,98002580,2.10,41.50,2026-09-29,24000,2008735,3155140,1851070,1176.20,51.27,22800.10,0.10140,22800
107561,2026-09-28 14:56:06,4742465,5602480,44912985,1.70,43.46,2026-09-29,24100,282880,386815,140205,1280.00,58.59,22800.10,0.05960,22800
107853,2026-09-28 15:01:05,1885,1560,5005,733.20,37.90,2026-09-29,22100,2930850,2125760,30144075,3.15,30.52,22793.25,1554.82760,22800
107855,2026-09-28 15:01:05,7020,4940,31135,618.50,0.00,2026-09-29,22200,5582720,4161495,37338145,3.80,27.71,22793.25,795.25930,22800
107857,2026-09-28 15:01:05,14235,3900,80600,514.80,15.63,2026-09-29,22300,5168410,3800745,71080945,4.65,24.72,22793.25,363.07760,22800
107859,2026-09-28 15:01:05,34840,9945,235625,418.75,0.00,2026-09-29,22400,5478070,4157400,87414600,6.60,22.40,22793.25,157.23510,22800
107861,2026-09-28 15:01:05,923455,551915,4947280,320.00,11.23,2026-09-29,22500,12497420,10457200,188480435,11.30,20.57,22793.25,13.53330,22800
107863,2026-09-28 15:01:05,836290,58175,8026200,228.85,15.29,2026-09-29,22600,10669945,4898725,190951735,20.45,18.92,22793.25,12.75870,22800
107865,2026-09-28 15:01:05,2185560,125710,34186425,147.85,15.20,2026-09-29,22700,13455975,6573255,312493350,38.90,17.79,22793.25,6.15680,22800
107867,2026-09-28 15:01:05,17933175,414375,230249630,83.15,15.11,2026-09-29,22800,20402395,8978255,657056400,74.35,17.40,22793.25,1.13770,22800
107869,2026-09-28 15:01:05,21864895,453180,351704015,42.50,15.75,2026-09-29,22900,8084895,6487455,436742605,133.95,18.20,22793.25,0.36980,22800
107871,2026-09-28 15:01:05,29081390,3278665,370209190,22.40,17.24,2026-09-29,23000,8050380,14434665,218198500,212.65,19.90,22793.25,0.27680,22800
107873,2026-09-28 15:01:05,15515370,9081020,188619080,12.20,18.77,2026-09-29,23100,4745260,10946390,67564640,301.50,22.25,22793.25,0.30580,22800
107875,2026-09-28 15:01:05,15733575,9387040,153721555,7.90,21.00,2026-09-29,23200,3120260,6103500,20911215,396.30,25.60,22793.25,0.19830,22800
107877,2026-09-28 15:01:05,13448240,9673105,113552465,5.95,23.68,2026-09-29,23300,3715660,5132465,7881835,494.90,30.21,22793.25,0.27630,22800
107879,2026-09-28 15:01:05,13383890,9820980,93377635,4.85,26.49,2026-09-29,23400,2684760,3602560,2341885,593.55,32.59,22793.25,0.20060,22800
107881,2026-09-28 15:01:05,16602105,14143480,96415865,4.10,29.17,2026-09-29,23500,3485495,4632485,2981030,692.00,35.64,22793.25,0.20990,22800
107883,2026-09-28 15:01:05,11370775,7514195,82715100,3.35,31.74,2026-09-29,23600,675285,950105,530920,792.00,40.04,22793.25,0.05940,22800
107885,2026-09-28 15:01:05,8850140,7209150,82161300,2.95,34.18,2026-09-29,23700,462605,685490,470145,891.65,43.64,22793.25,0.05230,22800
107887,2026-09-28 15:01:05,11133070,7114185,74630855,2.60,37.11,2026-09-29,23800,591630,822510,477815,991.05,46.51,22793.25,0.05310,22800
107889,2026-09-28 15:01:05,4570540,5832255,48635470,2.25,39.55,2026-09-29,23900,371280,574015,366860,1088.90,49.80,22793.25,0.08120,22800
107891,2026-09-28 15:01:05,21204365,15609815,103211680,2.20,41.99,2026-09-29,24000,1996385,3155140,1875575,1189.25,52.61,22793.25,0.09410,22800
107893,2026-09-28 15:01:05,4774575,5602480,46209800,1.85,44.19,2026-09-29,24100,281905,386815,142220,1286.00,55.91,22793.25,0.05900,22800
84083,2026-09-26 00:30:06,195,195,0,1031.80,0.00,2026-10-06,22100,399295,199810,1235780,9.60,15.72,23140.50,2047.66670,23100
84085,2026-09-26 00:30:06,0,0,0,0.00,0.00,2026-10-06,22200,1289340,413985,2838745,11.50,14.94,23140.50,,23100
84087,2026-09-26 00:30:06,910,325,1820,909.70,16.16,2026-10-06,22300,432900,306735,2013895,13.20,14.10,23140.50,475.71430,23100
84089,2026-09-26 00:30:06,260,0,390,811.50,15.01,2026-10-06,22400,1214005,557310,2801045,15.80,13.34,23140.50,4669.25000,23100
84091,2026-09-26 00:30:06,97175,31590,136240,709.00,13.18,2026-10-06,22500,1821495,1457885,4354805,20.40,12.71,23140.50,18.74450,23100
84093,2026-09-26 00:30:06,63505,20280,62205,613.00,12.27,2026-10-06,22600,1070810,995410,3314350,26.75,12.15,23140.50,16.86180,23100
84095,2026-09-26 00:30:06,118885,23140,229385,532.70,12.86,2026-10-06,22700,1234155,629005,4410575,35.60,11.69,23140.50,10.38110,23100
84097,2026-09-26 00:30:06,169390,142155,261105,443.40,12.05,2026-10-06,22800,1175655,902720,4526730,50.25,11.23,23140.50,6.94050,23100
84099,2026-09-26 00:30:06,308945,264290,654615,368.30,12.08,2026-10-06,22900,709345,532220,3233230,67.00,10.93,23140.50,2.29600,23100
84101,2026-09-26 00:30:06,863135,585585,5088785,285.25,11.08,2026-10-06,23000,2122315,1451840,9129055,91.55,10.60,23140.50,2.45880,23100
84103,2026-09-26 00:30:06,1970085,822380,8880885,220.35,10.86,2026-10-06,23100,2367755,874575,10208900,123.05,10.35,23140.50,1.20190,23100
84105,2026-09-26 00:30:06,2191865,1463670,8279700,164.90,10.70,2026-10-06,23200,1790620,1149135,4715750,166.85,10.02,23140.50,0.81690,23100
84107,2026-09-26 00:30:06,2604420,1817205,6476665,118.00,10.51,2026-10-06,23300,1962350,1312740,2907710,224.70,9.98,23140.50,0.75350,23100
84109,2026-09-26 00:30:06,2020005,1631305,6297525,81.00,10.28,2026-10-06,23400,860470,784030,770575,282.20,9.45,23140.50,0.42600,23100
84111,2026-09-26 00:30:06,2765035,1654510,9051250,51.60,10.15,2026-10-06,23500,828230,788060,821015,357.65,9.37,23140.50,0.29950,23100
84113,2026-09-26 00:30:06,1138605,1160575,4438655,32.55,10.06,2026-10-06,23600,119990,122395,138515,437.50,8.98,23140.50,0.10540,23100
84115,2026-09-26 00:30:06,1353365,902070,4171765,20.00,10.01,2026-10-06,23700,140530,78975,99450,524.40,8.45,23140.50,0.10380,23100
84117,2026-09-26 00:30:06,1111045,912340,3792750,12.80,10.24,2026-10-06,23800,120185,87490,58045,612.50,0.00,23140.50,0.10820,23100
84119,2026-09-26 00:30:06,920530,569790,2745665,9.30,10.68,2026-10-06,23900,64805,50505,21970,714.60,6.71,23140.50,0.07040,23100
84121,2026-09-26 00:30:06,2266420,1777035,4798950,7.00,11.17,2026-10-06,24000,181480,129545,87295,806.15,0.00,23140.50,0.08010,23100
84123,2026-09-26 00:30:06,654030,859235,1634165,5.35,11.75,2026-10-06,24100,15795,5005,12415,910.00,0.00,23140.50,0.02420,23100
84415,2026-09-26 00:35:06,195,195,0,1031.80,0.00,2026-10-06,22100,399295,199810,1235780,9.60,15.72,23140.50,2047.66670,23100
84417,2026-09-26 00:35:06,0,0,0,0.00,0.00,2026-10-06,22200,1289340,413985,2838745,11.50,14.94,23140.50,,23100
84419,2026-09-26 00:35:06,910,325,1820,909.70,16.16,2026-10-06,22300,432900,306735,2013895,13.20,14.10,23140.50,475.71430,23100
84421,2026-09-26 00:35:06,260,0,390,811.50,15.01,2026-10-06,22400,1214005,557310,2801045,15.80,13.34,23140.50,4669.25000,23100
84423,2026-09-26 00:35:06,97175,31590,136240,709.00,13.18,2026-10-06,22500,1821495,1457885,4354805,20.40,12.71,23140.50,18.74450,23100
84425,2026-09-26 00:35:06,63505,20280,62205,613.00,12.27,2026-10-06,22600,1070810,995410,3314350,26.75,12.15,23140.50,16.86180,23100
84427,2026-09-26 00:35:06,118885,23140,229385,532.70,12.86,2026-10-06,22700,1234155,629005,4410575,35.60,11.69,23140.50,10.38110,23100
84429,2026-09-26 00:35:06,169390,142155,261105,443.40,12.05,2026-10-06,22800,1175655,902720,4526730,50.25,11.23,23140.50,6.94050,23100
84431,2026-09-26 00:35:06,308945,264290,654615,368.30,12.08,2026-10-06,22900,709345,532220,3233230,67.00,10.93,23140.50,2.29600,23100
84433,2026-09-26 00:35:06,863135,585585,5088785,285.25,11.08,2026-10-06,23000,2122315,1451840,9129055,91.55,10.60,23140.50,2.45880,23100
84435,2026-09-26 00:35:06,1970085,822380,8880885,220.35,10.86,2026-10-06,23100,2367755,874575,10208900,123.05,10.35,23140.50,1.20190,23100
84437,2026-09-26 00:35:06,2191865,1463670,8279700,164.90,10.70,2026-10-06,23200,1790620,1149135,4715750,166.85,10.02,23140.50,0.81690,23100
84439,2026-09-26 00:35:06,2604420,1817205,6476665,118.00,10.51,2026-10-06,23300,1962350,1312740,2907710,224.70,9.98,23140.50,0.75350,23100
84441,2026-09-26 00:35:06,2020005,1631305,6297525,81.00,10.28,2026-10-06,23400,860470,784030,770575,282.20,9.45,23140.50,0.42600,23100
84443,2026-09-26 00:35:06,2765035,1654510,9051250,51.60,10.15,2026-10-06,23500,828230,788060,821015,357.65,9.37,23140.50,0.29950,23100
84445,2026-09-26 00:35:06,1138605,1160575,4438655,32.55,10.06,2026-10-06,23600,119990,122395,138515,437.50,8.98,23140.50,0.10540,23100
84447,2026-09-26 00:35:06,1353365,902070,4171765,20.00,10.01,2026-10-06,23700,140530,78975,99450,524.40,8.45,23140.50,0.10380,23100
84449,2026-09-26 00:35:06,1111045,912340,3792750,12.80,10.24,2026-10-06,23800,120185,87490,58045,612.50,0.00,23140.50,0.10820,23100
84451,2026-09-26 00:35:06,920530,569790,2745665,9.30,10.68,2026-10-06,23900,64805,50505,21970,714.60,6.71,23140.50,0.07040,23100
84453,2026-09-26 00:35:06,2266420,1777035,4798950,7.00,11.17,2026-10-06,24000,181480,129545,87295,806.15,0.00,23140.50,0.08010,23100
84455,2026-09-26 00:35:06,654030,859235,1634165,5.35,11.75,2026-10-06,24100,15795,5005,12415,910.00,0.00,23140.50,0.02420,23100
84747,2026-09-26 00:40:07,195,195,0,1031.80,0.00,2026-10-06,22100,399295,199810,1235780,9.60,15.72,23140.50,2047.66670,23100
84749,2026-09-26 00:40:07,0,0,0,0.00,0.00,2026-10-06,22200,1289340,413985,2838745,11.50,14.94,23140.50,,23100
84751,2026-09-26 00:40:07,910,325,1820,909.70,16.16,2026-10-06,22300,432900,306735,2013895,13.20,14.10,23140.50,475.71430,23100
84753,2026-09-26 00:40:07,260,0,390,811.50,15.01,2026-10-06,22400,1214005,557310,2801045,15.80,13.34,23140.50,4669.25000,23100
84755,2026-09-26 00:40:07,97175,31590,136240,709.00,13.18,2026-10-06,22500,1821495,1457885,4354805,20.40,12.71,23140.50,18.74450,23100
84757,2026-09-26 00:40:07,63505,20280,62205,613.00,12.27,2026-10-06,22600,1070810,995410,3314350,26.75,12.15,23140.50,16.86180,23100
84759,2026-09-26 00:40:07,118885,23140,229385,532.70,12.86,2026-10-06,22700,1234155,629005,4410575,35.60,11.69,23140.50,10.38110,23100
84761,2026-09-26 00:40:07,169390,142155,261105,443.40,12.05,2026-10-06,22800,1175655,902720,4526730,50.25,11.23,23140.50,6.94050,23100
84763,2026-09-26 00:40:07,308945,264290,654615,368.30,12.08,2026-10-06,22900,709345,532220,3233230,67.00,10.93,23140.50,2.29600,23100
84765,2026-09-26 00:40:07,863135,585585,5088785,285.25,11.08,2026-10-06,23000,2122315,1451840,9129055,91.55,10.60,23140.50,2.45880,23100
84767,2026-09-26 00:40:07,1970085,822380,8880885,220.35,10.86,2026-10-06,23100,2367755,874575,10208900,123.05,10.35,23140.50,1.20190,23100
84769,2026-09-26 00:40:07,2191865,1463670,8279700,164.90,10.70,2026-10-06,23200,1790620,1149135,4715750,166.85,10.02,23140.50,0.81690,23100
84771,2026-09-26 00:40:07,2604420,1817205,6476665,118.00,10.51,2026-10-06,23300,1962350,1312740,2907710,224.70,9.98,23140.50,0.75350,23100
84773,2026-09-26 00:40:07,2020005,1631305,6297525,81.00,10.28,2026-10-06,23400,860470,784030,770575,282.20,9.45,23140.50,0.42600,23100
84775,2026-09-26 00:40:07,2765035,1654510,9051250,51.60,10.15,2026-10-06,23500,828230,788060,821015,357.65,9.37,23140.50,0.29950,23100
84777,2026-09-26 00:40:07,1138605,1160575,4438655,32.55,10.06,2026-10-06,23600,119990,122395,138515,437.50,8.98,23140.50,0.10540,23100
84779,2026-09-26 00:40:07,1353365,902070,4171765,20.00,10.01,2026-10-06,23700,140530,78975,99450,524.40,8.45,23140.50,0.10380,23100
84781,2026-09-26 00:40:07,1111045,912340,3792750,12.80,10.24,2026-10-06,23800,120185,87490,58045,612.50,0.00,23140.50,0.10820,23100
84783,2026-09-26 00:40:07,920530,569790,2745665,9.30,10.68,2026-10-06,23900,64805,50505,21970,714.60,6.71,23140.50,0.07040,23100
84785,2026-09-26 00:40:07,2266420,1777035,4798950,7.00,11.17,2026-10-06,24000,181480,129545,87295,806.15,0.00,23140.50,0.08010,23100
84787,2026-09-26 00:40:07,654030,859235,1634165,5.35,11.75,2026-10-06,24100,15795,5005,12415,910.00,0.00,23140.50,0.02420,23100
85079,2026-09-26 00:45:06,195,195,0,1031.80,0.00,2026-10-06,22100,399295,199810,1235780,9.60,15.72,23140.50,2047.66670,23100
85081,2026-09-26 00:45:06,0,0,0,0.00,0.00,2026-10-06,22200,1289340,413985,2838745,11.50,14.94,23140.50,,23100
85083,2026-09-26 00:45:06,910,325,1820,909.70,16.16,2026-10-06,22300,432900,306735,2013895,13.20,14.10,23140.50,475.71430,23100
85085,2026-09-26 00:45:06,260,0,390,811.50,15.01,2026-10-06,22400,1214005,557310,2801045,15.80,13.34,23140.50,4669.25000,23100
85087,2026-09-26 00:45:06,97175,31590,136240,709.00,13.18,2026-10-06,22500,1821495,1457885,4354805,20.40,12.71,23140.50,18.74450,23100
85089,2026-09-26 00:45:06,63505,20280,62205,613.00,12.27,2026-10-06,22600,1070810,995410,3314350,26.75,12.15,23140.50,16.86180,23100
85091,2026-09-26 00:45:06,118885,23140,229385,532.70,12.86,2026-10-06,22700,1234155,629005,4410575,35.60,11.69,23140.50,10.38110,23100
85093,2026-09-26 00:45:06,169390,142155,261105,443.40,12.05,2026-10-06,22800,1175655,902720,4526730,50.25,11.23,23140.50,6.94050,23100
85095,2026-09-26 00:45:06,308945,264290,654615,368.30,12.08,2026-10-06,22900,709345,532220,3233230,67.00,10.93,23140.50,2.29600,23100
85097,2026-09-26 00:45:06,863135,585585,5088785,285.25,11.08,2026-10-06,23000,2122315,1451840,9129055,91.55,10.60,23140.50,2.45880,23100
85099,2026-09-26 00:45:06,1970085,822380,8880885,220.35,10.86,2026-10-06,23100,2367755,874575,10208900,123.05,10.35,23140.50,1.20190,23100
85101,2026-09-26 00:45:06,2191865,1463670,8279700,164.90,10.70,2026-10-06,23200,1790620,1149135,4715750,166.85,10.02,23140.50,0.81690,23100
85103,2026-09-26 00:45:06,2604420,1817205,6476665,118.00,10.51,2026-10-06,23300,1962350,1312740,2907710,224.70,9.98,23140.50,0.75350,23100
85105,2026-09-26 00:45:06,2020005,1631305,6297525,81.00,10.28,2026-10-06,23400,860470,784030,770575,282.20,9.45,23140.50,0.42600,23100
85107,2026-09-26 00:45:06,2765035,1654510,9051250,51.60,10.15,2026-10-06,23500,828230,788060,821015,357.65,9.37,23140.50,0.29950,23100
85109,2026-09-26 00:45:06,1138605,1160575,4438655,32.55,10.06,2026-10-06,23600,119990,122395,138515,437.50,8.98,23140.50,0.10540,23100
85111,2026-09-26 00:45:06,1353365,902070,4171765,20.00,10.01,2026-10-06,23700,140530,78975,99450,524.40,8.45,23140.50,0.10380,23100
85113,2026-09-26 00:45:06,1111045,912340,3792750,12.80,10.24,2026-10-06,23800,120185,87490,58045,612.50,0.00,23140.50,0.10820,23100
85115,2026-09-26 00:45:06,920530,569790,2745665,9.30,10.68,2026-10-06,23900,64805,50505,21970,714.60,6.71,23140.50,0.07040,23100
85117,2026-09-26 00:45:06,2266420,1777035,4798950,7.00,11.17,2026-10-06,24000,181480,129545,87295,806.15,0.00,23140.50,0.08010,23100
85119,2026-09-26 00:45:06,654030,859235,1634165,5.35,11.75,2026-10-06,24100,15795,5005,12415,910.00,0.00,23140.50,0.02420,23100
85411,2026-09-26 01:10:05,195,195,0,1031.80,0.00,2026-10-06,22100,399295,199810,1235780,9.60,15.72,23140.50,2047.66670,23100
85413,2026-09-26 01:10:05,0,0,0,0.00,0.00,2026-10-06,22200,1289340,413985,2838745,11.50,14.94,23140.50,,23100
85415,2026-09-26 01:10:05,910,325,1820,909.70,16.16,2026-10-06,22300,432900,306735,2013895,13.20,14.10,23140.50,475.71430,23100
85417,2026-09-26 01:10:05,260,0,390,811.50,15.01,2026-10-06,22400,1214005,557310,2801045,15.80,13.34,23140.50,4669.25000,23100
85419,2026-09-26 01:10:05,97175,31590,136240,709.00,13.18,2026-10-06,22500,1821495,1457885,4354805,20.40,12.71,23140.50,18.74450,23100
85421,2026-09-26 01:10:05,63505,20280,62205,613.00,12.27,2026-10-06,22600,1070810,995410,3314350,26.75,12.15,23140.50,16.86180,23100
85423,2026-09-26 01:10:05,118885,23140,229385,532.70,12.86,2026-10-06,22700,1234155,629005,4410575,35.60,11.69,23140.50,10.38110,23100
85425,2026-09-26 01:10:05,169390,142155,261105,443.40,12.05,2026-10-06,22800,1175655,902720,4526730,50.25,11.23,23140.50,6.94050,23100
85427,2026-09-26 01:10:05,308945,264290,654615,368.30,12.08,2026-10-06,22900,709345,532220,3233230,67.00,10.93,23140.50,2.29600,23100
85429,2026-09-26 01:10:05,863135,585585,5088785,285.25,11.08,2026-10-06,23000,2122315,1451840,9129055,91.55,10.60,23140.50,2.45880,23100
85431,2026-09-26 01:10:05,1970085,822380,8880885,220.35,10.86,2026-10-06,23100,2367755,874575,10208900,123.05,10.35,23140.50,1.20190,23100
85433,2026-09-26 01:10:05,2191865,1463670,8279700,164.90,10.70,2026-10-06,23200,1790620,1149135,4715750,166.85,10.02,23140.50,0.81690,23100
85435,2026-09-26 01:10:05,2604420,1817205,6476665,118.00,10.51,2026-10-06,23300,1962350,1312740,2907710,224.70,9.98,23140.50,0.75350,23100
85437,2026-09-26 01:10:05,2020005,1631305,6297525,81.00,10.28,2026-10-06,23400,860470,784030,770575,282.20,9.45,23140.50,0.42600,23100
85439,2026-09-26 01:10:05,2765035,1654510,9051250,51.60,10.15,2026-10-06,23500,828230,788060,821015,357.65,9.37,23140.50,0.29950,23100
85441,2026-09-26 01:10:05,1138605,1160575,4438655,32.55,10.06,2026-10-06,23600,119990,122395,138515,437.50,8.98,23140.50,0.10540,23100
85443,2026-09-26 01:10:05,1353365,902070,4171765,20.00,10.01,2026-10-06,23700,140530,78975,99450,524.40,8.45,23140.50,0.10380,23100
85445,2026-09-26 01:10:05,1111045,912340,3792750,12.80,10.24,2026-10-06,23800,120185,87490,58045,612.50,0.00,23140.50,0.10820,23100
85447,2026-09-26 01:10:05,920530,569790,2745665,9.30,10.68,2026-10-06,23900,64805,50505,21970,714.60,6.71,23140.50,0.07040,23100
85449,2026-09-26 01:10:05,2266420,1777035,4798950,7.00,11.17,2026-10-06,24000,181480,129545,87295,806.15,0.00,23140.50,0.08010,23100
85451,2026-09-26 01:10:05,654030,859235,1634165,5.35,11.75,2026-10-06,24100,15795,5005,12415,910.00,0.00,23140.50,0.02420,23100
85743,2026-09-28 01:10:06,195,195,0,1031.80,0.00,2026-10-06,22100,399295,199810,1235780,9.60,15.72,23140.50,2047.66670,23100
85745,2026-09-28 01:10:06,0,0,0,0.00,0.00,2026-10-06,22200,1289340,413985,2838745,11.50,14.94,23140.50,,23100
85747,2026-09-28 01:10:06,910,325,1820,909.70,16.16,2026-10-06,22300,432900,306735,2013895,13.20,14.10,23140.50,475.71430,23100
85749,2026-09-28 01:10:06,260,0,390,811.50,15.01,2026-10-06,22400,1214005,557310,2801045,15.80,13.34,23140.50,4669.25000,23100
85751,2026-09-28 01:10:06,97175,31590,136240,709.00,13.18,2026-10-06,22500,1821495,1457885,4354805,20.40,12.71,23140.50,18.74450,23100
85753,2026-09-28 01:10:06,63505,20280,62205,613.00,12.27,2026-10-06,22600,1070810,995410,3314350,26.75,12.15,23140.50,16.86180,23100
85755,2026-09-28 01:10:06,118885,23140,229385,532.70,12.86,2026-10-06,22700,1234155,629005,4410575,35.60,11.69,23140.50,10.38110,23100
85757,2026-09-28 01:10:06,169390,142155,261105,443.40,12.05,2026-10-06,22800,1175655,902720,4526730,50.25,11.23,23140.50,6.94050,23100
85759,2026-09-28 01:10:06,308945,264290,654615,368.30,12.08,2026-10-06,22900,709345,532220,3233230,67.00,10.93,23140.50,2.29600,23100
85761,2026-09-28 01:10:06,863135,585585,5088785,285.25,11.08,2026-10-06,23000,2122315,1451840,9129055,91.55,10.60,23140.50,2.45880,23100
85763,2026-09-28 01:10:06,1970085,822380,8880885,220.35,10.86,2026-10-06,23100,2367755,874575,10208900,123.05,10.35,23140.50,1.20190,23100
85765,2026-09-28 01:10:06,2191865,1463670,8279700,164.90,10.70,2026-10-06,23200,1790620,1149135,4715750,166.85,10.02,23140.50,0.81690,23100
85767,2026-09-28 01:10:06,2604420,1817205,6476665,118.00,10.51,2026-10-06,23300,1962350,1312740,2907710,224.70,9.98,23140.50,0.75350,23100
85769,2026-09-28 01:10:06,2020005,1631305,6297525,81.00,10.28,2026-10-06,23400,860470,784030,770575,282.20,9.45,23140.50,0.42600,23100
85771,2026-09-28 01:10:06,2765035,1654510,9051250,51.60,10.15,2026-10-06,23500,828230,788060,821015,357.65,9.37,23140.50,0.29950,23100
85773,2026-09-28 01:10:06,1138605,1160575,4438655,32.55,10.06,2026-10-06,23600,119990,122395,138515,437.50,8.98,23140.50,0.10540,23100
85775,2026-09-28 01:10:06,1353365,902070,4171765,20.00,10.01,2026-10-06,23700,140530,78975,99450,524.40,8.45,23140.50,0.10380,23100
85777,2026-09-28 01:10:06,1111045,912340,3792750,12.80,10.24,2026-10-06,23800,120185,87490,58045,612.50,0.00,23140.50,0.10820,23100
85779,2026-09-28 01:10:06,920530,569790,2745665,9.30,10.68,2026-10-06,23900,64805,50505,21970,714.60,6.71,23140.50,0.07040,23100
85781,2026-09-28 01:10:06,2266420,1777035,4798950,7.00,11.17,2026-10-06,24000,181480,129545,87295,806.15,0.00,23140.50,0.08010,23100
85783,2026-09-28 01:10:06,654030,859235,1634165,5.35,11.75,2026-10-06,24100,15795,5005,12415,910.00,0.00,23140.50,0.02420,23100
86075,2026-09-28 01:25:05,195,195,0,1031.80,0.00,2026-10-06,22100,399295,199810,1235780,9.60,15.72,23140.50,2047.66670,23100
86077,2026-09-28 01:25:05,0,0,0,0.00,0.00,2026-10-06,22200,1289340,413985,2838745,11.50,14.94,23140.50,,23100
86079,2026-09-28 01:25:05,910,325,1820,909.70,16.16,2026-10-06,22300,432900,306735,2013895,13.20,14.10,23140.50,475.71430,23100
86081,2026-09-28 01:25:05,260,0,390,811.50,15.01,2026-10-06,22400,1214005,557310,2801045,15.80,13.34,23140.50,4669.25000,23100
86083,2026-09-28 01:25:05,97175,31590,136240,709.00,13.18,2026-10-06,22500,1821495,1457885,4354805,20.40,12.71,23140.50,18.74450,23100
86085,2026-09-28 01:25:05,63505,20280,62205,613.00,12.27,2026-10-06,22600,1070810,995410,3314350,26.75,12.15,23140.50,16.86180,23100
86087,2026-09-28 01:25:05,118885,23140,229385,532.70,12.86,2026-10-06,22700,1234155,629005,4410575,35.60,11.69,23140.50,10.38110,23100
86089,2026-09-28 01:25:05,169390,142155,261105,443.40,12.05,2026-10-06,22800,1175655,902720,4526730,50.25,11.23,23140.50,6.94050,23100
86091,2026-09-28 01:25:05,308945,264290,654615,368.30,12.08,2026-10-06,22900,709345,532220,3233230,67.00,10.93,23140.50,2.29600,23100
86093,2026-09-28 01:25:05,863135,585585,5088785,285.25,11.08,2026-10-06,23000,2122315,1451840,9129055,91.55,10.60,23140.50,2.45880,23100
86095,2026-09-28 01:25:05,1970085,822380,8880885,220.35,10.86,2026-10-06,23100,2367755,874575,10208900,123.05,10.35,23140.50,1.20190,23100
86097,2026-09-28 01:25:05,2191865,1463670,8279700,164.90,10.70,2026-10-06,23200,1790620,1149135,4715750,166.85,10.02,23140.50,0.81690,23100
86099,2026-09-28 01:25:05,2604420,1817205,6476665,118.00,10.51,2026-10-06,23300,1962350,1312740,2907710,224.70,9.98,23140.50,0.75350,23100
86101,2026-09-28 01:25:05,2020005,1631305,6297525,81.00,10.28,2026-10-06,23400,860470,784030,770575,282.20,9.45,23140.50,0.42600,23100
86103,2026-09-28 01:25:05,2765035,1654510,9051250,51.60,10.15,2026-10-06,23500,828230,788060,821015,357.65,9.37,23140.50,0.29950,23100
86105,2026-09-28 01:25:05,1138605,1160575,4438655,32.55,10.06,2026-10-06,23600,119990,122395,138515,437.50,8.98,23140.50,0.10540,23100
86107,2026-09-28 01:25:05,1353365,902070,4171765,20.00,10.01,2026-10-06,23700,140530,78975,99450,524.40,8.45,23140.50,0.10380,23100
86109,2026-09-28 01:25:05,1111045,912340,3792750,12.80,10.24,2026-10-06,23800,120185,87490,58045,612.50,0.00,23140.50,0.10820,23100
86111,2026-09-28 01:25:05,920530,569790,2745665,9.30,10.68,2026-10-06,23900,64805,50505,21970,714.60,6.71,23140.50,0.07040,23100
86113,2026-09-28 01:25:05,2266420,1777035,4798950,7.00,11.17,2026-10-06,24000,181480,129545,87295,806.15,0.00,23140.50,0.08010,23100
86115,2026-09-28 01:25:05,654030,859235,1634165,5.35,11.75,2026-10-06,24100,15795,5005,12415,910.00,0.00,23140.50,0.02420,23100
86407,2026-09-28 01:30:05,195,195,0,1031.80,0.00,2026-10-06,22100,399295,199810,1235780,9.60,15.72,23140.50,2047.66670,23100
86409,2026-09-28 01:30:05,0,0,0,0.00,0.00,2026-10-06,22200,1289340,413985,2838745,11.50,14.94,23140.50,,23100
86411,2026-09-28 01:30:05,910,325,1820,909.70,16.16,2026-10-06,22300,432900,306735,2013895,13.20,14.10,23140.50,475.71430,23100
86413,2026-09-28 01:30:05,260,0,390,811.50,15.01,2026-10-06,22400,1214005,557310,2801045,15.80,13.34,23140.50,4669.25000,23100
86415,2026-09-28 01:30:05,97175,31590,136240,709.00,13.18,2026-10-06,22500,1821495,1457885,4354805,20.40,12.71,23140.50,18.74450,23100
86417,2026-09-28 01:30:05,63505,20280,62205,613.00,12.27,2026-10-06,22600,1070810,995410,3314350,26.75,12.15,23140.50,16.86180,23100
86419,2026-09-28 01:30:05,118885,23140,229385,532.70,12.86,2026-10-06,22700,1234155,629005,4410575,35.60,11.69,23140.50,10.38110,23100
86421,2026-09-28 01:30:05,169390,142155,261105,443.40,12.05,2026-10-06,22800,1175655,902720,4526730,50.25,11.23,23140.50,6.94050,23100
86423,2026-09-28 01:30:05,308945,264290,654615,368.30,12.08,2026-10-06,22900,709345,532220,3233230,67.00,10.93,23140.50,2.29600,23100
86425,2026-09-28 01:30:05,863135,585585,5088785,285.25,11.08,2026-10-06,23000,2122315,1451840,9129055,91.55,10.60,23140.50,2.45880,23100
86427,2026-09-28 01:30:05,1970085,822380,8880885,220.35,10.86,2026-10-06,23100,2367755,874575,10208900,123.05,10.35,23140.50,1.20190,23100
86429,2026-09-28 01:30:05,2191865,1463670,8279700,164.90,10.70,2026-10-06,23200,1790620,1149135,4715750,166.85,10.02,23140.50,0.81690,23100
86431,2026-09-28 01:30:05,2604420,1817205,6476665,118.00,10.51,2026-10-06,23300,1962350,1312740,2907710,224.70,9.98,23140.50,0.75350,23100
86433,2026-09-28 01:30:05,2020005,1631305,6297525,81.00,10.28,2026-10-06,23400,860470,784030,770575,282.20,9.45,23140.50,0.42600,23100
86435,2026-09-28 01:30:05,2765035,1654510,9051250,51.60,10.15,2026-10-06,23500,828230,788060,821015,357.65,9.37,23140.50,0.29950,23100
86437,2026-09-28 01:30:05,1138605,1160575,4438655,32.55,10.06,2026-10-06,23600,119990,122395,138515,437.50,8.98,23140.50,0.10540,23100
86439,2026-09-28 01:30:05,1353365,902070,4171765,20.00,10.01,2026-10-06,23700,140530,78975,99450,524.40,8.45,23140.50,0.10380,23100
86441,2026-09-28 01:30:05,1111045,912340,3792750,12.80,10.24,2026-10-06,23800,120185,87490,58045,612.50,0.00,23140.50,0.10820,23100
86443,2026-09-28 01:30:05,920530,569790,2745665,9.30,10.68,2026-10-06,23900,64805,50505,21970,714.60,6.71,23140.50,0.07040,23100
86445,2026-09-28 01:30:05,2266420,1777035,4798950,7.00,11.17,2026-10-06,24000,181480,129545,87295,806.15,0.00,23140.50,0.08010,23100
86447,2026-09-28 01:30:05,654030,859235,1634165,5.35,11.75,2026-10-06,24100,15795,5005,12415,910.00,0.00,23140.50,0.02420,23100
86739,2026-09-28 09:41:07,195,195,0,1031.80,40.05,2026-10-06,22100,403000,397930,482625,22.65,17.27,22866.85,2066.66670,22900
86741,2026-09-28 09:41:07,0,0,715,740.00,18.26,2026-10-06,22200,1316250,1289795,945230,28.85,16.66,22866.85,,22900
86743,2026-09-28 09:41:07,975,910,195,641.75,16.62,2026-10-06,22300,539500,435045,874055,37.10,16.08,22866.85,553.33330,22900
86745,2026-09-28 09:41:07,2340,195,2665,562.40,17.03,2026-10-06,22400,1203280,1214720,1126060,48.10,15.52,22866.85,514.22220,22900
86747,2026-09-28 09:41:07,116220,97110,72865,481.55,16.47,2026-10-06,22500,2226900,1825395,2880410,63.50,15.05,22866.85,19.16110,22900
86749,2026-09-28 09:41:07,72540,63505,37830,402.10,16.11,2026-10-06,22600,1553045,1076075,2731625,84.15,14.72,22866.85,21.40950,22900
86751,2026-09-28 09:41:07,184795,118950,116545,328.35,15.76,2026-10-06,22700,1068535,1235520,2069275,110.15,14.28,22866.85,5.78230,22900
86753,2026-09-28 09:41:07,345540,169325,403195,262.15,15.21,2026-10-06,22800,1120860,1157195,2406625,142.35,13.81,22866.85,3.24380,22900
86755,2026-09-28 09:41:07,831545,309140,1196390,202.70,14.74,2026-10-06,22900,902135,693355,2484495,183.80,13.44,22866.85,1.08490,22900
86757,2026-09-28 09:41:07,2081495,853775,3165175,152.15,14.42,2026-10-06,23000,2008630,2106260,3294265,233.15,13.12,22866.85,0.96500,22900
86759,2026-09-28 09:41:07,2290730,1955915,2279160,111.30,14.14,2026-10-06,23100,1952925,2353260,1976520,293.05,12.82,22866.85,0.85250,22900
86761,2026-09-28 09:41:07,2611960,2129335,2251795,77.90,13.87,2026-10-06,23200,1545050,1734720,746850,360.00,12.27,22866.85,0.59150,22900
86763,2026-09-28 09:41:07,3009955,2588300,3120000,53.60,13.75,2026-10-06,23300,1915030,1957345,531050,436.20,12.12,22866.85,0.63620,22900
86765,2026-09-28 09:41:07,2075385,2019095,2872480,36.60,13.76,2026-10-06,23400,845910,859040,133900,519.70,11.58,22866.85,0.40760,22900
86767,2026-09-28 09:41:07,2803060,2760225,3873545,24.50,13.81,2026-10-06,23500,820365,826995,157885,606.50,11.11,22866.85,0.29270,22900
86769,2026-09-28 09:41:07,1159860,1140555,1347320,16.85,14.01,2026-10-06,23600,115050,120055,25480,694.05,0.00,22866.85,0.09920,22900
86771,2026-09-28 09:41:07,1421810,1372345,1861860,11.50,14.25,2026-10-06,23700,140855,140530,15795,790.00,0.00,22866.85,0.09910,22900
86773,2026-09-28 09:41:07,1155635,1106560,1151995,8.65,14.77,2026-10-06,23800,120510,120315,6110,887.00,0.00,22866.85,0.10430,22900
86775,2026-09-28 09:41:07,735540,910975,912860,6.70,15.35,2026-10-06,23900,66365,65455,1755,999.90,7.81,22866.85,0.09020,22900
86777,2026-09-28 09:41:07,2565160,2261545,1540695,5.80,16.17,2026-10-06,24000,185705,181480,19630,1085.15,0.00,22866.85,0.07240,22900
86779,2026-09-28 09:41:07,692835,642200,559975,4.70,16.78,2026-10-06,24100,16120,15860,390,1190.00,0.00,22866.85,0.02330,22900
87071,2026-09-28 09:46:06,195,195,0,1031.80,39.99,2026-10-06,22100,400335,397930,541515,23.25,17.36,22866.60,2053.00000,22900
87073,2026-09-28 09:46:06,715,0,1365,739.85,18.11,2026-10-06,22200,1332435,1289795,1135420,29.40,16.72,22866.60,1863.54550,22900
87075,2026-09-28 09:46:06,1105,910,390,650.95,17.67,2026-10-06,22300,536900,435045,969735,37.45,16.09,22866.60,485.88240,22900
87077,2026-09-28 09:46:06,2405,195,3120,560.80,16.77,2026-10-06,22400,1207830,1214720,1274455,48.50,15.53,22866.60,502.21620,22900
87079,2026-09-28 09:46:06,117910,97110,81705,482.15,16.72,2026-10-06,22500,2227875,1825395,3154580,63.15,14.98,22866.60,18.89470,22900
87081,2026-09-28 09:46:06,73840,63505,45175,400.90,15.99,2026-10-06,22600,1564615,1076075,2939235,83.50,14.59,22866.60,21.18930,22900
87083,2026-09-28 09:46:06,194285,118950,137670,328.60,15.59,2026-10-06,22700,1082900,1235520,2220725,108.40,14.11,22866.60,5.57380,22900
87085,2026-09-28 09:46:06,379405,169325,478400,260.60,15.05,2026-10-06,22800,1257035,1157195,2834325,140.45,13.68,22866.60,3.31320,22900
87087,2026-09-28 09:46:06,912600,309140,1443390,200.40,14.58,2026-10-06,22900,959855,693355,2897570,181.60,13.25,22866.60,1.05180,22900
87089,2026-09-28 09:46:06,2129985,853775,3599570,150.15,14.21,2026-10-06,23000,2009150,2106260,3573700,231.00,12.94,22866.60,0.94330,22900
87091,2026-09-28 09:46:06,2325050,1955915,2503930,109.45,13.95,2026-10-06,23100,1926015,2353260,2144870,289.90,12.61,22866.60,0.82840,22900
87093,2026-09-28 09:46:06,2633540,2129335,2419755,76.50,13.75,2026-10-06,23200,1526200,1734720,849095,357.15,12.16,22866.60,0.57950,22900
87095,2026-09-28 09:46:06,3018210,2588300,3311750,53.10,13.66,2026-10-06,23300,1908205,1957345,575185,434.55,11.82,22866.60,0.63220,22900
87097,2026-09-28 09:46:06,2075775,2019095,3138850,36.25,13.67,2026-10-06,23400,832195,859040,165750,516.80,10.93,22866.60,0.40090,22900
87099,2026-09-28 09:46:06,2832570,2760225,4089605,24.25,13.75,2026-10-06,23500,814450,826995,180115,603.00,9.34,22866.60,0.28750,22900
87101,2026-09-28 09:46:06,1207570,1140555,1555320,16.80,13.99,2026-10-06,23600,123110,120055,37570,693.00,0.00,22866.60,0.10190,22900
87103,2026-09-28 09:46:06,1434875,1372345,1990170,11.75,14.31,2026-10-06,23700,140010,140530,17030,795.00,0.00,22866.60,0.09760,22900
87105,2026-09-28 09:46:06,1173380,1106560,1219790,8.85,14.80,2026-10-06,23800,119860,120315,6695,890.50,0.00,22866.60,0.10210,22900
87107,2026-09-28 09:46:06,737100,910975,1009840,6.95,15.41,2026-10-06,23900,66560,65455,2145,995.30,0.00,22866.60,0.09030,22900
87109,2026-09-28 09:46:06,2618655,2261545,1801735,5.85,16.17,2026-10-06,24000,185055,181480,21710,1080.75,0.00,22866.60,0.07070,22900
87111,2026-09-28 09:46:06,677495,642200,638235,4.70,16.78,2026-10-06,24100,15990,15860,455,1186.50,0.00,22866.60,0.02360,22900
87403,2026-09-28 09:51:06,195,195,0,1031.80,39.43,2026-10-06,22100,548730,397930,808860,19.75,16.82,22873.65,2814.00000,22900
87405,2026-09-28 09:51:06,715,0,1365,739.85,17.29,2026-10-06,22200,1365000,1289795,1336985,25.60,16.30,22873.65,1909.09090,22900
87407,2026-09-28 09:51:06,1300,910,845,657.10,17.52,2026-10-06,22300,538785,435045,1051180,33.10,15.64,22873.65,414.45000,22900
87409,2026-09-28 09:51:06,2275,195,3380,570.00,17.00,2026-10-06,22400,1217710,1214720,1357915,43.75,15.14,22873.65,535.25710,22900
87411,2026-09-28 09:51:06,119275,97110,94705,487.50,16.53,2026-10-06,22500,2235675,1825395,3433560,57.80,14.72,22873.65,18.74390,22900
87413,2026-09-28 09:51:06,76570,63505,52910,407.45,16.02,2026-10-06,22600,1587040,1076075,3174275,77.35,14.24,22873.65,20.72670,22900
87415,2026-09-28 09:51:06,201695,118950,172120,331.40,15.47,2026-10-06,22700,1089530,1235520,2373995,101.45,13.86,22873.65,5.40190,22900
87417,2026-09-28 09:51:06,419185,169325,578175,263.05,14.95,2026-10-06,22800,1287585,1157195,3075215,133.10,13.37,22873.65,3.07160,22900
87419,2026-09-28 09:51:06,1027325,309140,1671150,204.25,14.44,2026-10-06,22900,1052935,693355,3171285,172.75,12.99,22873.65,1.02490,22900
87421,2026-09-28 09:51:06,2162875,853775,3868215,152.55,14.08,2026-10-06,23000,2060110,2106260,3873025,221.45,12.67,22873.65,0.95250,22900
87423,2026-09-28 09:51:06,2369380,1955915,2686255,110.75,13.82,2026-10-06,23100,1900665,2353260,2266420,279.95,12.25,22873.65,0.80220,22900
87425,2026-09-28 09:51:06,2655640,2129335,2574715,77.25,13.63,2026-10-06,23200,1501370,1734720,910910,347.65,11.88,22873.65,0.56540,22900
87427,2026-09-28 09:51:06,3065335,2588300,3536585,53.15,13.50,2026-10-06,23300,1893125,1957345,615485,423.70,11.41,22873.65,0.61760,22900
87429,2026-09-28 09:51:06,2064985,2019095,3296085,35.90,13.52,2026-10-06,23400,824265,859040,180245,510.10,10.96,22873.65,0.39920,22900
87431,2026-09-28 09:51:06,2860975,2760225,4322045,24.15,13.60,2026-10-06,23500,795470,826995,197015,597.90,9.70,22873.65,0.27800,22900
87433,2026-09-28 09:51:06,1227200,1140555,1693120,16.85,13.90,2026-10-06,23600,124475,120055,38610,688.35,0.00,22873.65,0.10140,22900
87435,2026-09-28 09:51:06,1449760,1372345,2132585,11.80,14.19,2026-10-06,23700,139555,140530,18070,775.10,0.00,22873.65,0.09630,22900
87437,2026-09-28 09:51:06,1194115,1106560,1359800,9.00,14.74,2026-10-06,23800,119730,120315,7735,875.10,0.00,22873.65,0.10030,22900
87439,2026-09-28 09:51:06,744250,910975,1050855,7.00,15.32,2026-10-06,23900,66560,65455,2145,995.30,13.31,22873.65,0.08940,22900
87441,2026-09-28 09:51:06,2643420,2261545,1972620,5.95,16.14,2026-10-06,24000,185835,181480,23075,1072.20,0.00,22873.65,0.07030,22900
87443,2026-09-28 09:51:06,706095,642200,709150,4.80,16.72,2026-10-06,24100,15925,15860,520,1174.00,0.00,22873.65,0.02260,22900
87735,2026-09-28 09:56:06,195,195,0,1031.80,39.71,2026-10-06,22100,565110,397930,870155,20.80,17.03,22872.20,2898.00000,22900
87737,2026-09-28 09:56:06,715,0,1430,755.35,19.70,2026-10-06,22200,1368900,1289795,1389830,27.00,16.46,22872.20,1914.54550,22900
87739,2026-09-28 09:56:06,1300,910,845,657.10,17.96,2026-10-06,22300,554515,435045,1110720,34.60,15.87,22872.20,426.55000,22900
87741,2026-09-28 09:56:06,2275,195,3575,571.05,17.49,2026-10-06,22400,1239355,1214720,1418235,45.65,15.34,22872.20,544.77140,22900
87743,2026-09-28 09:56:06,120315,97110,98735,483.60,16.54,2026-10-06,22500,2244125,1825395,3621865,59.50,14.85,22872.20,18.65210,22900
87745,2026-09-28 09:56:06,73580,63505,60970,403.00,15.90,2026-10-06,22600,1590355,1076075,3283605,79.20,14.48,22872.20,21.61400,22900
87747,2026-09-28 09:56:06,199485,118950,194480,331.95,15.48,2026-10-06,22700,1078675,1235520,2464735,104.10,14.03,22872.20,5.40730,22900
87749,2026-09-28 09:56:06,453050,169325,677950,263.20,15.08,2026-10-06,22800,1328210,1157195,3275545,135.80,13.58,22872.20,2.93170,22900
87751,2026-09-28 09:56:06,1048515,309140,1806350,203.00,14.55,2026-10-06,22900,1074320,693355,3336190,175.00,13.17,22872.20,1.02460,22900
87753,2026-09-28 09:56:06,2162745,853775,4018755,152.15,14.21,2026-10-06,23000,2047110,2106260,4023500,225.00,12.89,22872.20,0.94650,22900
87755,2026-09-28 09:56:06,2391350,1955915,2842580,110.80,13.95,2026-10-06,23100,1913080,2353260,2330185,282.60,12.46,22872.20,0.80000,22900
87757,2026-09-28 09:56:06,2669550,2129335,2640300,77.45,13.69,2026-10-06,23200,1507545,1734720,931320,353.10,12.02,22872.20,0.56470,22900
87759,2026-09-28 09:56:06,3085355,2588300,3680755,53.50,13.63,2026-10-06,23300,1894750,1957345,634335,427.85,11.66,22872.20,0.61410,22900
87761,2026-09-28 09:56:06,2059070,2019095,3419715,36.45,13.61,2026-10-06,23400,822965,859040,187915,510.00,10.99,22872.20,0.39970,22900
87763,2026-09-28 09:56:06,2841670,2760225,4498000,24.45,13.70,2026-10-06,23500,794690,826995,200265,597.70,8.91,22872.20,0.27970,22900
87765,2026-09-28 09:56:06,1230775,1140555,1779310,16.90,13.95,2026-10-06,23600,124540,120055,39260,685.00,0.00,22872.20,0.10120,22900
87767,2026-09-28 09:56:06,1453790,1372345,2251600,11.95,14.28,2026-10-06,23700,139815,140530,18590,780.10,0.00,22872.20,0.09620,22900
87769,2026-09-28 09:56:06,1203475,1106560,1467180,9.30,14.89,2026-10-06,23800,119925,120315,10205,877.65,0.00,22872.20,0.09960,22900
87771,2026-09-28 09:56:06,743925,910975,1123265,7.25,15.50,2026-10-06,23900,66625,65455,2210,980.35,0.00,22872.20,0.08960,22900
87773,2026-09-28 09:56:06,2649270,2261545,2121405,6.15,16.24,2026-10-06,24000,186485,181480,23855,1075.00,0.00,22872.20,0.07040,22900
87775,2026-09-28 09:56:06,699595,642200,768300,4.90,16.85,2026-10-06,24100,15860,15860,585,1159.00,0.00,22872.20,0.02270,22900
88067,2026-09-28 10:01:06,195,195,0,1031.80,39.92,2026-10-06,22100,570115,397930,890500,21.20,16.98,22866.20,2923.66670,22900
88069,2026-09-28 10:01:06,715,0,1430,755.35,19.84,2026-10-06,22200,1395355,1289795,1518595,27.20,16.43,22866.20,1951.54550,22900
88071,2026-09-28 10:01:06,1430,910,910,657.10,18.26,2026-10-06,22300,560950,435045,1201720,35.30,15.84,22866.20,392.27270,22900
88073,2026-09-28 10:01:06,2730,195,4875,573.00,17.94,2026-10-06,22400,1223040,1214720,1481415,46.00,15.28,22866.20,448.00000,22900
88075,2026-09-28 10:01:06,120835,97110,101920,483.00,16.70,2026-10-06,22500,2243540,1825395,3785730,60.90,14.82,22866.20,18.56700,22900
88077,2026-09-28 10:01:06,72215,63505,68250,403.60,16.14,2026-10-06,22600,1610505,1076075,3403010,80.90,14.39,22866.20,22.30150,22900
88079,2026-09-28 10:01:06,194350,118950,212290,328.85,15.54,2026-10-06,22700,1086670,1235520,2564835,106.00,13.94,22866.20,5.59130,22900
88081,2026-09-28 10:01:06,483015,169325,740415,261.55,15.03,2026-10-06,22800,1332760,1157195,3400800,137.50,13.50,22866.20,2.75930,22900
88083,2026-09-28 10:01:06,1117870,309140,1955915,201.10,14.56,2026-10-06,22900,1152125,693355,3520790,177.40,13.09,22866.20,1.03060,22900
88085,2026-09-28 10:01:06,2199925,853775,4214275,149.95,14.16,2026-10-06,23000,2053805,2106260,4152135,227.75,12.73,22866.20,0.93360,22900
88087,2026-09-28 10:01:06,2415205,1955915,2950870,109.00,13.92,2026-10-06,23100,1912950,2353260,2384330,286.55,12.34,22866.20,0.79200,22900
88089,2026-09-28 10:01:06,2691845,2129335,2781740,76.30,13.66,2026-10-06,23200,1509625,1734720,950300,353.15,11.82,22866.20,0.56080,22900
88091,2026-09-28 10:01:06,3103165,2588300,3792685,52.60,13.61,2026-10-06,23300,1891760,1957345,655460,432.70,11.73,22866.20,0.60960,22900
88093,2026-09-28 10:01:06,2061800,2019095,3534115,35.65,13.60,2026-10-06,23400,822965,859040,193375,514.15,10.91,22866.20,0.39910,22900
88095,2026-09-28 10:01:06,2837445,2760225,4604730,24.00,13.70,2026-10-06,23500,795210,826995,206375,600.00,8.67,22866.20,0.28030,22900
88097,2026-09-28 10:01:06,1220505,1140555,1865825,16.70,13.95,2026-10-06,23600,119015,120055,50245,692.00,0.00,22866.20,0.09750,22900
88099,2026-09-28 10:01:06,1456260,1372345,2338700,11.80,14.31,2026-10-06,23700,140140,140530,19110,774.00,0.00,22866.20,0.09620,22900
88101,2026-09-28 10:01:06,1221090,1106560,1536860,9.10,14.89,2026-10-06,23800,122135,120315,10530,879.20,0.00,22866.20,0.10000,22900
88103,2026-09-28 10:01:06,737750,910975,1177280,7.15,15.50,2026-10-06,23900,66755,65455,2470,977.40,0.00,22866.20,0.09050,22900
88105,2026-09-28 10:01:06,2666820,2261545,2249065,5.95,16.24,2026-10-06,24000,186745,181480,24180,1064.35,0.00,22866.20,0.07000,22900
88107,2026-09-28 10:01:06,697645,642200,815360,4.75,16.82,2026-10-06,24100,15925,15860,650,1175.00,0.00,22866.20,0.02280,22900
88399,2026-09-28 10:06:06,195,195,0,1031.80,40.02,2026-10-06,22100,575835,397930,914615,20.75,16.89,22864.15,2953.00000,22900
88401,2026-09-28 10:06:06,715,0,1430,755.35,20.20,2026-10-06,22200,1363570,1289795,1622335,26.90,16.33,22864.15,1907.09090,22900
88403,2026-09-28 10:06:06,1430,910,1040,661.70,18.95,2026-10-06,22300,567710,435045,1249365,34.60,15.70,22864.15,397.00000,22900
88405,2026-09-28 10:06:06,2275,195,5005,568.00,17.56,2026-10-06,22400,1243710,1214720,1572155,45.00,15.12,22864.15,546.68570,22900
88407,2026-09-28 10:06:06,122070,97110,107120,480.00,16.62,2026-10-06,22500,2265120,1825395,3904225,59.65,14.62,22864.15,18.55590,22900
88409,2026-09-28 10:06:06,72670,63505,70720,404.00,16.30,2026-10-06,22600,1627795,1076075,3466385,79.40,14.23,22864.15,22.39980,22900
88411,2026-09-28 10:06:06,198380,118950,224185,326.40,15.48,2026-10-06,22700,1091480,1235520,2681835,104.45,13.76,22864.15,5.50200,22900
88413,2026-09-28 10:06:06,502905,169325,790270,258.50,14.93,2026-10-06,22800,1349920,1157195,3548545,135.85,13.32,22864.15,2.68420,22900
88415,2026-09-28 10:06:06,1188330,309140,2103205,199.10,14.44,2026-10-06,22900,1201330,693355,3673280,175.80,12.85,22864.15,1.01090,22900
88417,2026-09-28 10:06:06,2261415,853775,4408560,147.20,14.00,2026-10-06,23000,2064855,2106260,4261010,226.15,12.53,22864.15,0.91310,22900
88419,2026-09-28 10:06:06,2431520,1955915,3085745,106.95,13.81,2026-10-06,23100,1911910,2353260,2438800,285.75,12.17,22864.15,0.78630,22900
88421,2026-09-28 10:06:06,2704195,2129335,2882360,74.30,13.55,2026-10-06,23200,1508715,1734720,961155,352.60,11.75,22864.15,0.55790,22900
88423,2026-09-28 10:06:06,3126825,2588300,3924895,51.30,13.53,2026-10-06,23300,1888120,1957345,672620,429.50,11.18,22864.15,0.60380,22900
88425,2026-09-28 10:06:06,2063945,2019095,3603730,34.90,13.53,2026-10-06,23400,823160,859040,204555,512.00,10.27,22864.15,0.39880,22900
88427,2026-09-28 10:06:06,2838810,2760225,4709965,23.50,13.64,2026-10-06,23500,795730,826995,209950,599.50,0.00,22864.15,0.28030,22900
88429,2026-09-28 10:06:06,1223300,1140555,1907945,16.30,13.93,2026-10-06,23600,118820,120055,51350,685.00,0.00,22864.15,0.09710,22900
88431,2026-09-28 10:06:06,1456000,1372345,2385695,11.70,14.31,2026-10-06,23700,140270,140530,19500,780.00,0.00,22864.15,0.09630,22900
88433,2026-09-28 10:06:06,1231750,1106560,1592630,9.05,14.89,2026-10-06,23800,122395,120315,11050,878.90,0.00,22864.15,0.09940,22900
88435,2026-09-28 10:06:06,738075,910975,1207895,7.05,15.47,2026-10-06,23900,66755,65455,2470,977.40,0.00,22864.15,0.09040,22900
88437,2026-09-28 10:06:06,2670980,2261545,2357355,5.85,16.17,2026-10-06,24000,187135,181480,25480,1079.90,0.00,22864.15,0.07010,22900
88439,2026-09-28 10:06:06,685425,642200,867620,4.75,16.82,2026-10-06,24100,15925,15860,780,1175.00,0.00,22864.15,0.02320,22900
88731,2026-09-28 10:11:06,195,195,0,1031.80,40.75,2026-10-06,22100,576550,397930,949650,21.80,17.00,22856.00,2956.66670,22900
88733,2026-09-28 10:11:06,715,0,1430,755.35,21.33,2026-10-06,22200,1368770,1289795,1656265,28.65,16.43,22856.00,1914.36360,22900
88735,2026-09-28 10:11:06,1430,910,1235,648.55,18.51,2026-10-06,22300,580645,435045,1304745,36.50,15.82,22856.00,406.04550,22900
88737,2026-09-28 10:11:06,3055,195,6435,560.00,17.65,2026-10-06,22400,1250535,1214720,1652690,47.55,15.24,22856.00,409.34040,22900
88739,2026-09-28 10:11:06,123110,97110,111085,470.85,16.47,2026-10-06,22500,2289495,1825395,4062240,62.40,14.75,22856.00,18.59710,22900
88741,2026-09-28 10:11:06,78910,63505,82875,391.05,15.84,2026-10-06,22600,1638455,1076075,3564535,82.65,14.29,22856.00,20.76360,22900
88743,2026-09-28 10:11:06,199160,118950,248300,320.00,15.40,2026-10-06,22700,1098890,1235520,2790060,107.55,13.83,22856.00,5.51760,22900
88745,2026-09-28 10:11:06,510445,169325,868660,253.55,14.93,2026-10-06,22800,1343420,1157195,3750370,140.10,13.38,22856.00,2.63190,22900
88747,2026-09-28 10:11:06,1233245,309140,2306265,194.05,14.41,2026-10-06,22900,1228630,693355,3921970,180.65,12.88,22856.00,0.99630,22900
88749,2026-09-28 10:11:06,2283190,853775,4695405,144.00,14.07,2026-10-06,23000,2032615,2106260,4504825,231.00,12.54,22856.00,0.89030,22900
88751,2026-09-28 10:11:06,2446275,1955915,3246295,104.00,13.83,2026-10-06,23100,1922245,2353260,2509845,291.95,12.18,22856.00,0.78580,22900
88753,2026-09-28 10:11:06,2717975,2129335,3011905,72.25,13.63,2026-10-06,23200,1504880,1734720,984425,360.50,11.60,22856.00,0.55370,22900
88755,2026-09-28 10:11:06,3137095,2588300,4054115,49.80,13.55,2026-10-06,23300,1883570,1957345,690300,437.50,11.32,22856.00,0.60040,22900
88757,2026-09-28 10:11:06,2026700,2019095,3759275,33.60,13.58,2026-10-06,23400,820430,859040,218465,520.60,10.35,22856.00,0.40480,22900
88759,2026-09-28 10:11:06,2837120,2760225,4854135,22.70,13.70,2026-10-06,23500,795665,826995,225420,610.00,7.69,22856.00,0.28040,22900
88761,2026-09-28 10:11:06,1272765,1140555,2003560,15.85,13.99,2026-10-06,23600,118820,120055,51610,702.55,0.00,22856.00,0.09340,22900
88763,2026-09-28 10:11:06,1534455,1372345,2558400,11.25,14.31,2026-10-06,23700,140270,140530,19565,798.00,0.00,22856.00,0.09140,22900
88765,2026-09-28 10:11:06,1227460,1106560,1651715,8.85,14.98,2026-10-06,23800,122460,120315,11180,888.95,0.00,22856.00,0.09980,22900
88767,2026-09-28 10:11:06,742300,910975,1291680,7.00,15.59,2026-10-06,23900,66755,65455,3055,990.05,0.00,22856.00,0.08990,22900
88769,2026-09-28 10:11:06,2680340,2261545,2602860,6.00,16.36,2026-10-06,24000,188695,181480,27885,1090.00,0.00,22856.00,0.07040,22900
88771,2026-09-28 10:11:06,674635,642200,883090,4.75,16.97,2026-10-06,24100,15925,15860,780,1175.00,0.00,22856.00,0.02360,22900
89063,2026-09-28 10:16:06,195,195,0,1031.80,40.45,2026-10-06,22100,583570,397930,969865,22.10,17.04,22859.35,2992.66670,22900
89065,2026-09-28 10:16:06,780,0,1690,741.00,19.06,2026-10-06,22200,1378000,1289795,1683955,28.40,16.48,22859.35,1766.66670,22900
89067,2026-09-28 10:16:06,1430,910,1235,648.55,18.05,2026-10-06,22300,584285,435045,1325220,36.35,15.84,22859.35,408.59090,22900
89069,2026-09-28 10:16:06,3250,195,6760,556.95,16.94,2026-10-06,22400,1261845,1214720,1689285,47.25,15.24,22859.35,388.26000,22900
89071,2026-09-28 10:16:06,125060,97110,118430,473.45,16.38,2026-10-06,22500,2299050,1825395,4167995,61.85,14.74,22859.35,18.38360,22900
89073,2026-09-28 10:16:06,81640,63505,86125,393.50,15.77,2026-10-06,22600,1657565,1076075,3619590,82.25,14.31,22859.35,20.30330,22900
89075,2026-09-28 10:16:06,199160,118950,261300,320.50,15.27,2026-10-06,22700,1101750,1235520,2849015,107.30,13.85,22859.35,5.53200,22900
89077,2026-09-28 10:16:06,528840,169325,922090,252.05,14.76,2026-10-06,22800,1353105,1157195,3874455,139.85,13.43,22859.35,2.55860,22900
89079,2026-09-28 10:16:06,1337700,309140,2512835,193.60,14.31,2026-10-06,22900,1253590,693355,4073940,181.55,13.02,22859.35,0.93710,22900
89081,2026-09-28 10:16:06,2333370,853775,4847310,143.20,13.95,2026-10-06,23000,2044575,2106260,4609020,231.65,12.62,22859.35,0.87620,22900
89083,2026-09-28 10:16:06,2457715,1955915,3374085,103.30,13.69,2026-10-06,23100,1890135,2353260,2597400,291.65,12.35,22859.35,0.76910,22900
89085,2026-09-28 10:16:06,2736630,2129335,3080220,71.95,13.53,2026-10-06,23200,1501825,1734720,1001260,360.00,11.90,22859.35,0.54880,22900
89087,2026-09-28 10:16:06,3144765,2588300,4124835,49.50,13.46,2026-10-06,23300,1879540,1957345,707395,438.00,11.57,22859.35,0.59770,22900
89089,2026-09-28 10:16:06,2021500,2019095,3829865,33.70,13.52,2026-10-06,23400,817960,859040,229775,522.45,11.11,22859.35,0.40460,22900
89091,2026-09-28 10:16:06,2855515,2760225,4972305,22.80,13.64,2026-10-06,23500,798135,826995,229970,610.00,9.64,22859.35,0.27950,22900
89093,2026-09-28 10:16:06,1275105,1140555,2050945,16.10,13.98,2026-10-06,23600,118950,120055,52390,690.10,0.00,22859.35,0.09330,22900
89095,2026-09-28 10:16:06,1531595,1372345,2706210,11.60,14.40,2026-10-06,23700,140270,140530,19565,798.00,0.00,22859.35,0.09160,22900
89097,2026-09-28 10:16:06,1262105,1106560,1724385,9.00,14.98,2026-10-06,23800,122655,120315,12155,890.80,0.00,22859.35,0.09720,22900
89099,2026-09-28 10:16:06,746395,910975,1321645,7.25,15.63,2026-10-06,23900,66820,65455,3250,977.85,0.00,22859.35,0.08950,22900
89101,2026-09-28 10:16:06,2713685,2261545,2725385,6.10,16.39,2026-10-06,24000,189085,181480,28600,1082.00,0.00,22859.35,0.06970,22900
89103,2026-09-28 10:16:06,678470,642200,912340,4.95,17.03,2026-10-06,24100,16055,15860,1170,1185.00,0.00,22859.35,0.02370,22900
89395,2026-09-28 10:21:06,195,195,0,1031.80,40.82,2026-10-06,22100,582595,397930,1028300,21.95,16.95,22857.30,2987.66670,22900
89397,2026-09-28 10:21:06,780,0,1690,741.00,19.69,2026-10-06,22200,1381640,1289795,1773590,27.90,16.30,22857.30,1771.33330,22900
89399,2026-09-28 10:21:06,1430,910,1495,633.20,16.76,2026-10-06,22300,593645,435045,1377090,35.60,15.64,22857.30,415.13640,22900
89401,2026-09-28 10:21:06,3965,195,7930,555.00,17.21,2026-10-06,22400,1486810,1214720,2116660,46.00,15.01,22857.30,374.98360,22900
89403,2026-09-28 10:21:06,130130,97110,128115,467.95,16.27,2026-10-06,22500,2082795,1825395,4653155,61.40,14.59,22857.30,16.00550,22900
89405,2026-09-28 10:21:06,89505,63505,104780,389.00,15.73,2026-10-06,22600,1456585,1076075,4008615,80.90,14.08,22857.30,16.27380,22900
89407,2026-09-28 10:21:06,215735,118950,288210,314.80,15.09,2026-10-06,22700,1102075,1235520,3005990,106.60,13.66,22857.30,5.10850,22900
89409,2026-09-28 10:21:06,596440,169325,1071915,248.15,14.60,2026-10-06,22800,1365585,1157195,4130425,139.70,13.23,22857.30,2.28960,22900
89411,2026-09-28 10:21:06,1374685,309140,2724410,189.15,14.21,2026-10-06,22900,1259180,693355,4378725,181.20,12.82,22857.30,0.91600,22900
89413,2026-09-28 10:21:06,2361190,853775,5110170,139.30,13.82,2026-10-06,23000,2065635,2106260,4789915,232.55,12.47,22857.30,0.87480,22900
89415,2026-09-28 10:21:06,2466035,1955915,3566160,100.10,13.58,2026-10-06,23100,1890070,2353260,2668250,293.30,12.08,22857.30,0.76640,22900
89417,2026-09-28 10:21:06,2878980,2129335,3502265,69.20,13.39,2026-10-06,23200,1490385,1734720,1028235,362.15,11.65,22857.30,0.51770,22900
89419,2026-09-28 10:21:06,3133910,2588300,4277715,48.15,13.42,2026-10-06,23300,1871480,1957345,730015,438.35,11.02,22857.30,0.59720,22900
89421,2026-09-28 10:21:06,2021370,2019095,3917875,32.50,13.49,2026-10-06,23400,816725,859040,232635,524.05,10.47,22857.30,0.40400,22900
89423,2026-09-28 10:21:06,2850770,2760225,5092880,22.10,13.61,2026-10-06,23500,798785,826995,234390,610.20,0.00,22857.30,0.28020,22900
89425,2026-09-28 10:21:06,1290055,1140555,2127580,15.50,13.95,2026-10-06,23600,118430,120055,54015,707.10,0.00,22857.30,0.09180,22900
89427,2026-09-28 10:21:06,1515670,1372345,2831920,11.25,14.37,2026-10-06,23700,140205,140530,19630,807.95,0.00,22857.30,0.09250,22900
89429,2026-09-28 10:21:06,1299675,1106560,1779505,8.65,14.95,2026-10-06,23800,123500,120315,12805,902.60,0.00,22857.30,0.09500,22900
89431,2026-09-28 10:21:06,778440,910975,1381900,6.95,15.59,2026-10-06,23900,66820,65455,3510,992.25,0.00,22857.30,0.08580,22900
89433,2026-09-28 10:21:06,2713425,2261545,2808065,5.90,16.36,2026-10-06,24000,189930,181480,29640,1092.00,0.00,22857.30,0.07000,22900
89435,2026-09-28 10:21:06,670150,642200,941330,4.80,17.00,2026-10-06,24100,16055,15860,1170,1185.00,0.00,22857.30,0.02400,22900
89727,2026-09-28 10:26:06,195,195,0,1031.80,41.92,2026-10-06,22100,586235,397930,1049685,23.25,16.95,22838.95,3006.33330,22800
89729,2026-09-28 10:26:06,975,0,1755,729.40,20.07,2026-10-06,22200,1406405,1289795,1826370,29.80,16.34,22838.95,1442.46670,22800
89731,2026-09-28 10:26:06,1430,910,1495,633.20,18.48,2026-10-06,22300,594490,435045,1420835,37.65,15.67,22838.95,415.72730,22800
89733,2026-09-28 10:26:06,4290,195,8255,543.45,17.44,2026-10-06,22400,1658345,1214720,2334410,49.05,15.06,22838.95,386.56060,22800
89735,2026-09-28 10:26:06,133185,97110,133640,455.75,16.35,2026-10-06,22500,1942590,1825395,4945070,65.00,14.64,22838.95,14.58570,22800
89737,2026-09-28 10:26:06,91325,63505,110240,378.35,15.85,2026-10-06,22600,1439555,1076075,4111055,85.00,14.17,22838.95,15.76300,22800
89739,2026-09-28 10:26:06,221975,118950,303615,305.35,15.28,2026-10-06,22700,1100645,1235520,3068000,110.95,13.60,22838.95,4.95840,22800
89741,2026-09-28 10:26:06,664755,169325,1198470,240.95,14.74,2026-10-06,22800,1379950,1157195,4331990,146.00,13.23,22838.95,2.07590,22800
89743,2026-09-28 10:26:06,1425320,309140,2860845,184.45,14.37,2026-10-06,22900,1289210,693355,4539405,187.60,12.86,22838.95,0.90450,22800
89745,2026-09-28 10:26:06,2409160,853775,5252325,135.60,14.00,2026-10-06,23000,2065700,2106260,4882735,241.00,12.49,22838.95,0.85740,22800
89747,2026-09-28 10:26:06,2496065,1955915,3695510,98.00,13.75,2026-10-06,23100,1887990,2353260,2686255,305.55,12.17,22838.95,0.75640,22800
89749,2026-09-28 10:26:06,3162705,2129335,3852225,68.35,13.60,2026-10-06,23200,1488825,1734720,1039675,372.00,11.69,22838.95,0.47070,22800
89751,2026-09-28 10:26:06,3159975,2588300,4396210,47.35,13.69,2026-10-06,23300,1867710,1957345,746525,456.00,11.40,22838.95,0.59110,22800
89753,2026-09-28 10:26:06,2035215,2019095,3995745,32.50,13.73,2026-10-06,23400,815750,859040,237055,540.80,10.65,22838.95,0.40080,22800
89755,2026-09-28 10:26:06,2817880,2760225,5235490,22.10,13.89,2026-10-06,23500,796315,826995,243555,628.05,7.32,22838.95,0.28260,22800
89757,2026-09-28 10:26:06,1288235,1140555,2204800,15.70,14.22,2026-10-06,23600,118755,120055,55120,718.00,0.00,22838.95,0.09220,22800
89759,2026-09-28 10:26:06,1552915,1372345,2896140,11.25,14.59,2026-10-06,23700,140140,140530,19955,810.75,0.00,22838.95,0.09020,22800
89761,2026-09-28 10:26:06,1339325,1106560,1876680,8.65,15.17,2026-10-06,23800,123500,120315,12805,902.60,0.00,22838.95,0.09220,22800
89763,2026-09-28 10:26:06,786825,910975,1437995,7.05,15.87,2026-10-06,23900,66820,65455,3835,1005.65,0.00,22838.95,0.08490,22800
89765,2026-09-28 10:26:06,2743975,2261545,2897375,5.90,16.60,2026-10-06,24000,189085,181480,31395,1107.00,0.00,22838.95,0.06890,22800
89767,2026-09-28 10:26:06,677365,642200,959400,4.80,17.21,2026-10-06,24100,17030,15860,1885,1204.00,0.00,22838.95,0.02510,22800
90059,2026-09-28 10:31:06,195,195,0,1031.80,41.18,2026-10-06,22100,501410,397930,1205620,22.45,16.97,22847.45,2571.33330,22800
90061,2026-09-28 10:31:06,975,0,1755,729.40,18.80,2026-10-06,22200,1411540,1289795,1865695,28.60,16.33,22847.45,1447.73330,22800
90063,2026-09-28 10:31:06,1560,910,1690,635.10,17.57,2026-10-06,22300,598650,435045,1462760,36.10,15.63,22847.45,383.75000,22800
90065,2026-09-28 10:31:06,4485,195,9425,545.15,16.65,2026-10-06,22400,1686880,1214720,2422875,46.90,14.98,22847.45,376.11590,22800
90067,2026-09-28 10:31:06,135395,97110,137215,462.45,16.15,2026-10-06,22500,1891045,1825395,5111990,62.15,14.53,22847.45,13.96690,22800
90069,2026-09-28 10:31:06,92495,63505,112515,383.50,15.59,2026-10-06,22600,1425320,1076075,4178460,82.45,14.08,22847.45,15.40970,22800
90071,2026-09-28 10:31:06,224705,118950,315250,310.50,15.13,2026-10-06,22700,1107340,1235520,3133910,108.50,13.62,22847.45,4.92800,22800
90073,2026-09-28 10:31:06,671905,169325,1317550,244.30,14.61,2026-10-06,22800,1381640,1157195,4475315,142.45,13.23,22847.45,2.05630,22800
90075,2026-09-28 10:31:06,1453140,309140,2978625,185.60,14.14,2026-10-06,22900,1294410,693355,4686695,184.90,12.89,22847.45,0.89080,22800
90077,2026-09-28 10:31:06,2441595,853775,5389345,137.60,13.85,2026-10-06,23000,2054780,2106260,4988685,236.70,12.50,22847.45,0.84160,22800
90079,2026-09-28 10:31:06,2555280,1955915,3847480,99.05,13.66,2026-10-06,23100,1879475,2353260,2712775,296.30,12.08,22847.45,0.73550,22800
90081,2026-09-28 10:31:06,3176940,2129335,4024735,69.00,13.50,2026-10-06,23200,1486810,1734720,1066195,367.00,11.75,22847.45,0.46800,22800
90083,2026-09-28 10:31:06,3170310,2588300,4450810,48.15,13.53,2026-10-06,23300,1864070,1957345,760890,448.30,11.51,22847.45,0.58800,22800
90085,2026-09-28 10:31:06,2028585,2019095,4076020,32.90,13.63,2026-10-06,23400,812110,859040,248235,532.40,10.67,22847.45,0.40030,22800
90087,2026-09-28 10:31:06,2812225,2760225,5370430,22.55,13.81,2026-10-06,23500,796575,826995,246415,619.00,8.88,22847.45,0.28330,22800
90089,2026-09-28 10:31:06,1315275,1140555,2283385,16.10,14.16,2026-10-06,23600,118365,120055,56095,712.00,0.00,22847.45,0.09000,22800
90091,2026-09-28 10:31:06,1549925,1372345,2945670,11.50,14.53,2026-10-06,23700,140465,140530,20020,808.35,0.00,22847.45,0.09060,22800
90093,2026-09-28 10:31:06,1348100,1106560,1933100,8.75,15.08,2026-10-06,23800,123825,120315,13390,901.20,0.00,22847.45,0.09190,22800
90095,2026-09-28 10:31:06,788710,910975,1458860,7.10,15.75,2026-10-06,23900,66950,65455,3900,1000.00,0.00,22847.45,0.08490,22800
90097,2026-09-28 10:31:06,2755090,2261545,2965755,5.90,16.45,2026-10-06,24000,188110,181480,34450,1098.15,0.00,22847.45,0.06830,22800
90099,2026-09-28 10:31:06,670540,642200,972595,4.75,17.03,2026-10-06,24100,17095,15860,2470,1201.05,0.00,22847.45,0.02550,22800
90391,2026-09-28 10:36:06,195,195,0,1031.80,41.73,2026-10-06,22100,494520,397930,1274780,22.15,16.80,22842.75,2536.00000,22800
90393,2026-09-28 10:36:06,975,0,1820,725.00,19.18,2026-10-06,22200,1411150,1289795,1887665,28.55,16.19,22842.75,1447.33330,22800
90395,2026-09-28 10:36:06,1495,910,1885,635.00,18.38,2026-10-06,22300,607620,435045,1523275,36.30,15.49,22842.75,406.43480,22800
90397,2026-09-28 10:36:06,6825,195,13065,544.20,17.26,2026-10-06,22400,1698450,1214720,2481505,47.15,14.92,22842.75,248.85710,22800
90399,2026-09-28 10:36:06,137215,97110,141310,459.45,16.47,2026-10-06,22500,1913925,1825395,5230940,63.00,14.50,22842.75,13.94840,22800
90401,2026-09-28 10:36:06,96655,63505,119015,382.25,15.99,2026-10-06,22600,1415570,1076075,4239560,83.35,14.02,22842.75,14.64560,22800
90403,2026-09-28 10:36:06,227890,118950,323700,308.00,15.27,2026-10-06,22700,1111305,1235520,3208140,109.60,13.57,22842.75,4.87650,22800
90405,2026-09-28 10:36:06,693160,169325,1362920,241.40,14.76,2026-10-06,22800,1399060,1157195,4565860,144.10,13.17,22842.75,2.01840,22800
90407,2026-09-28 10:36:06,1468025,309140,3075150,183.90,14.32,2026-10-06,22900,1296165,693355,4767295,186.75,12.76,22842.75,0.88290,22800
90409,2026-09-28 10:36:06,2464020,853775,5506540,136.70,14.01,2026-10-06,23000,2047760,2106260,5057260,239.10,12.42,22842.75,0.83110,22800
90411,2026-09-28 10:36:06,2597855,1955915,4007380,98.50,13.80,2026-10-06,23100,1874470,2353260,2722655,301.40,12.04,22842.75,0.72150,22800
90413,2026-09-28 10:36:06,3179995,2129335,4101500,68.50,13.66,2026-10-06,23200,1481545,1734720,1083355,372.00,11.67,22842.75,0.46590,22800
90415,2026-09-28 10:36:06,3177980,2588300,4510415,47.75,13.64,2026-10-06,23300,1862900,1957345,772265,452.70,11.34,22842.75,0.58620,22800
90417,2026-09-28 10:36:06,2026700,2019095,4145440,32.80,13.76,2026-10-06,23400,807495,859040,256100,535.30,10.50,22842.75,0.39840,22800
90419,2026-09-28 10:36:06,2815605,2760225,5428735,22.50,13.93,2026-10-06,23500,797680,826995,250900,622.05,0.00,22842.75,0.28330,22800
90421,2026-09-28 10:36:06,1336790,1140555,2360995,16.05,14.28,2026-10-06,23600,120705,120055,59995,716.60,0.00,22842.75,0.09030,22800
90423,2026-09-28 10:36:06,1558245,1372345,2974205,11.50,14.65,2026-10-06,23700,140465,140530,20475,809.95,0.00,22842.75,0.09010,22800
90425,2026-09-28 10:36:06,1365260,1106560,1978275,8.85,15.20,2026-10-06,23800,124150,120315,13780,904.55,0.00,22842.75,0.09090,22800
90427,2026-09-28 10:36:06,783640,910975,1512550,7.05,15.87,2026-10-06,23900,67015,65455,4550,999.80,0.00,22842.75,0.08550,22800
90429,2026-09-28 10:36:06,2793700,2261545,3069755,6.00,16.60,2026-10-06,24000,189605,181480,35555,1101.00,0.00,22842.75,0.06790,22800
90431,2026-09-28 10:36:06,656890,642200,1008150,4.90,17.21,2026-10-06,24100,17680,15860,2730,1200.00,0.00,22842.75,0.02690,22800
90723,2026-09-28 10:41:06,195,195,0,1031.80,42.08,2026-10-06,22100,498160,397930,1288430,22.70,16.80,22833.00,2554.66670,22800
90725,2026-09-28 10:41:06,975,0,1820,725.00,19.78,2026-10-06,22200,1417065,1289795,1910935,29.15,16.17,22833.00,1453.40000,22800
90727,2026-09-28 10:41:06,1690,910,2080,630.00,18.34,2026-10-06,22300,639210,435045,1582490,37.25,15.55,22833.00,378.23080,22800
90729,2026-09-28 10:41:06,7085,195,13780,540.00,17.28,2026-10-06,22400,1701895,1214720,2536560,48.10,14.89,22833.00,240.21100,22800
90731,2026-09-28 10:41:06,140205,97110,147810,455.00,16.45,2026-10-06,22500,1921595,1825395,5345600,64.75,14.47,22833.00,13.70560,22800
90733,2026-09-28 10:41:06,96915,63505,124735,377.80,15.95,2026-10-06,22600,1411865,1076075,4283695,85.75,14.02,22833.00,14.56810,22800
90735,2026-09-28 10:41:06,234845,118950,339625,305.00,15.37,2026-10-06,22700,1093365,1235520,3289130,112.45,13.58,22833.00,4.65570,22800
90737,2026-09-28 10:41:06,724685,169325,1442935,239.65,14.86,2026-10-06,22800,1404585,1157195,4733560,147.30,13.16,22833.00,1.93820,22800
90739,2026-09-28 10:41:06,1491555,309140,3190005,182.30,14.40,2026-10-06,22900,1305395,693355,4883450,190.95,12.74,22833.00,0.87520,22800
90741,2026-09-28 10:41:06,2509130,853775,5639595,135.00,14.11,2026-10-06,23000,2066480,2106260,5175950,244.00,12.43,22833.00,0.82360,22800
90743,2026-09-28 10:41:06,2661035,1955915,4146610,97.50,13.89,2026-10-06,23100,1862445,2353260,2770950,306.00,12.08,22833.00,0.69990,22800
90745,2026-09-28 10:41:06,3177135,2129335,4184310,68.00,13.72,2026-10-06,23200,1469000,1734720,1117870,376.00,11.56,22833.00,0.46240,22800
90747,2026-09-28 10:41:06,3201250,2588300,4582305,47.15,13.73,2026-10-06,23300,1858610,1957345,785005,457.00,11.28,22833.00,0.58060,22800
90749,2026-09-28 10:41:06,2024035,2019095,4213625,32.50,13.82,2026-10-06,23400,806650,859040,258050,540.00,10.04,22833.00,0.39850,22800
90751,2026-09-28 10:41:06,2833285,2760225,5508360,22.30,13.98,2026-10-06,23500,801190,826995,261105,628.50,0.00,22833.00,0.28280,22800
90753,2026-09-28 10:41:06,1336465,1140555,2440815,16.00,14.34,2026-10-06,23600,120640,120055,60255,719.05,0.00,22833.00,0.09030,22800
90755,2026-09-28 10:41:06,1539005,1372345,3019575,11.60,14.74,2026-10-06,23700,141180,140530,20995,815.00,0.00,22833.00,0.09170,22800
90757,2026-09-28 10:41:06,1370720,1106560,2046005,8.95,15.32,2026-10-06,23800,124150,120315,13845,892.90,0.00,22833.00,0.09060,22800
90759,2026-09-28 10:41:06,780975,910975,1575795,7.10,15.93,2026-10-06,23900,67665,65455,4615,1002.55,0.00,22833.00,0.08660,22800
90761,2026-09-28 10:41:06,2776930,2261545,3175510,6.05,16.72,2026-10-06,24000,190710,181480,37440,1106.55,0.00,22833.00,0.06870,22800
90763,2026-09-28 10:41:06,649220,642200,1050660,4.90,17.30,2026-10-06,24100,17680,15860,2730,1200.00,0.00,22833.00,0.02720,22800
91055,2026-09-28 10:46:06,195,195,0,1031.80,42.27,2026-10-06,22100,497965,397930,1317290,22.55,16.74,22830.85,2553.66670,22800
91057,2026-09-28 10:46:06,1040,0,1885,712.00,18.44,2026-10-06,22200,1440075,1289795,1973270,28.85,16.10,22830.85,1384.68750,22800
91059,2026-09-28 10:46:06,1950,910,2340,625.30,18.08,2026-10-06,22300,644020,435045,1619605,36.90,15.46,22830.85,330.26670,22800
91061,2026-09-28 10:46:06,8840,195,16705,533.00,16.80,2026-10-06,22400,1710540,1214720,2602795,47.80,14.85,22830.85,193.50000,22800
91063,2026-09-28 10:46:06,145795,97110,168350,453.25,16.49,2026-10-06,22500,1933100,1825395,5505305,63.45,14.34,22830.85,13.25900,22800
91065,2026-09-28 10:46:06,100035,63505,130650,373.00,15.72,2026-10-06,22600,1398280,1076075,4426110,84.65,13.92,22830.85,13.97790,22800
91067,2026-09-28 10:46:06,248625,118950,370370,304.00,15.43,2026-10-06,22700,1104870,1235520,3413020,111.40,13.47,22830.85,4.44390,22800
91069,2026-09-28 10:46:06,759265,169325,1546740,239.00,14.94,2026-10-06,22800,1415765,1157195,4932330,146.70,13.06,22830.85,1.86470,22800
91071,2026-09-28 10:46:06,1535690,309140,3326700,181.50,14.43,2026-10-06,22900,1237860,693355,5219110,189.85,12.66,22830.85,0.80610,22800
91073,2026-09-28 10:46:06,2570945,853775,5886205,134.70,14.15,2026-10-06,23000,2069340,2106260,5296395,243.30,12.26,22830.85,0.80490,22800
91075,2026-09-28 10:46:06,2768610,1955915,4406220,97.70,13.98,2026-10-06,23100,1853605,2353260,2841540,305.45,11.95,22830.85,0.66950,22800
91077,2026-09-28 10:46:06,3180905,2129335,4406805,68.20,13.79,2026-10-06,23200,1462500,1734720,1159080,377.00,11.43,22830.85,0.45980,22800
91079,2026-09-28 10:46:06,3191955,2588300,4740320,47.45,13.80,2026-10-06,23300,1859520,1957345,803530,458.20,11.11,22830.85,0.58260,22800
91081,2026-09-28 10:46:06,2046980,2019095,4281225,32.75,13.89,2026-10-06,23400,806845,859040,264485,545.25,10.59,22830.85,0.39420,22800
91083,2026-09-28 10:46:06,2875990,2760225,5642585,22.50,14.07,2026-10-06,23500,803595,826995,269425,630.15,0.00,22830.85,0.27940,22800
91085,2026-09-28 10:46:06,1327040,1140555,2499640,16.00,14.40,2026-10-06,23600,122590,120055,64480,719.65,0.00,22830.85,0.09240,22800
91087,2026-09-28 10:46:06,1518335,1372345,3094520,11.65,14.77,2026-10-06,23700,141180,140530,24310,820.50,0.00,22830.85,0.09300,22800
91089,2026-09-28 10:46:06,1380730,1106560,2119585,9.00,15.35,2026-10-06,23800,124150,120315,14040,915.30,0.00,22830.85,0.08990,22800
91091,2026-09-28 10:46:06,778245,910975,1633125,7.05,15.96,2026-10-06,23900,67665,65455,4615,1002.55,0.00,22830.85,0.08690,22800
91093,2026-09-28 10:46:06,2758795,2261545,3254810,6.00,16.72,2026-10-06,24000,188890,181480,43485,1106.35,0.00,22830.85,0.06850,22800
91095,2026-09-28 10:46:06,613145,642200,1112540,4.85,17.33,2026-10-06,24100,17940,15860,2795,1210.05,0.00,22830.85,0.02930,22800
91387,2026-09-28 10:51:06,195,195,130,821.15,22.32,2026-10-06,22100,477360,397930,1371240,22.85,16.71,22822.90,2448.00000,22800
91389,2026-09-28 10:51:06,1040,0,1885,712.00,19.23,2026-10-06,22200,1440530,1289795,2012140,29.65,16.10,22822.90,1385.12500,22800
91391,2026-09-28 10:51:06,1885,910,2405,625.55,18.77,2026-10-06,22300,639145,435045,1646515,37.15,15.36,22822.90,339.06900,22800
91393,2026-09-28 10:51:06,8970,195,18460,532.20,17.29,2026-10-06,22400,1708590,1214720,2651870,48.55,14.77,22822.90,190.47830,22800
91395,2026-09-28 10:51:06,150865,97110,179725,448.50,16.56,2026-10-06,22500,1932450,1825395,5634135,64.55,14.27,22822.90,12.80910,22800
91397,2026-09-28 10:51:06,100815,63505,132925,370.85,15.96,2026-10-06,22600,1340170,1076075,4554615,85.10,13.79,22822.90,13.29340,22800
91399,2026-09-28 10:51:06,288080,118950,417235,300.35,15.50,2026-10-06,22700,1125410,1235520,3507855,112.80,13.36,22822.90,3.90660,22800
91401,2026-09-28 10:51:06,815620,169325,1648985,235.10,14.98,2026-10-06,22800,1437150,1157195,5073575,147.65,12.89,22822.90,1.76200,22800
91403,2026-09-28 10:51:06,1597440,309140,3477305,178.35,14.47,2026-10-06,22900,1244035,693355,5386680,191.60,12.48,22822.90,0.77880,22800
91405,2026-09-28 10:51:06,2616120,853775,6086145,131.75,14.14,2026-10-06,23000,2087475,2106260,5553730,244.85,12.05,22822.90,0.79790,22800
91407,2026-09-28 10:51:06,2822950,1955915,4655820,95.10,13.96,2026-10-06,23100,1858480,2353260,2887170,309.00,11.75,22822.90,0.65830,22800
91409,2026-09-28 10:51:06,2993705,2129335,4671030,66.80,13.85,2026-10-06,23200,1448265,1734720,1205685,381.10,11.25,22822.90,0.48380,22800
91411,2026-09-28 10:51:06,3306290,2588300,5016115,46.70,13.89,2026-10-06,23300,1860170,1957345,822380,462.00,10.76,22822.90,0.56260,22800
91413,2026-09-28 10:51:06,2053220,2019095,4335760,32.20,13.98,2026-10-06,23400,804960,859040,269555,546.75,9.31,22822.90,0.39200,22800
91415,2026-09-28 10:51:06,2881970,2760225,5751525,22.30,14.18,2026-10-06,23500,803595,826995,284050,636.10,0.00,22822.90,0.27880,22800
91417,2026-09-28 10:51:06,1312740,1140555,2617030,16.00,14.51,2026-10-06,23600,125060,120055,67405,727.70,0.00,22822.90,0.09530,22800
91419,2026-09-28 10:51:06,1514955,1372345,3120520,11.65,14.94,2026-10-06,23700,141180,140530,24830,818.70,0.00,22822.90,0.09320,22800
91421,2026-09-28 10:51:06,1394900,1106560,2203110,9.20,15.53,2026-10-06,23800,124280,120315,14885,917.05,0.00,22822.90,0.08910,22800
91423,2026-09-28 10:51:06,777205,910975,1643980,7.25,16.11,2026-10-06,23900,67730,65455,4680,1014.15,0.00,22822.90,0.08710,22800
91425,2026-09-28 10:51:06,2794610,2261545,3344640,6.15,16.91,2026-10-06,24000,189150,181480,44135,1114.80,0.00,22822.90,0.06770,22800
91427,2026-09-28 10:51:06,609765,642200,1136330,5.00,17.49,2026-10-06,24100,18005,15860,2860,1210.00,0.00,22822.90,0.02950,22800
91719,2026-09-28 10:56:06,195,195,130,821.15,21.12,2026-10-06,22100,453895,397930,1453595,22.50,16.80,22834.65,2327.66670,22800
91721,2026-09-28 10:56:06,1040,0,1885,712.00,17.97,2026-10-06,22200,1443325,1289795,2050230,28.45,16.13,22834.65,1387.81250,22800
91723,2026-09-28 10:56:06,1820,910,3705,623.55,17.50,2026-10-06,22300,631995,435045,1690130,36.45,15.43,22834.65,347.25000,22800
91725,2026-09-28 10:56:06,10335,195,19175,537.20,16.91,2026-10-06,22400,1703260,1214720,2707510,47.00,14.83,22834.65,164.80500,22800
91727,2026-09-28 10:56:06,158730,97110,190125,457.15,16.58,2026-10-06,22500,1927640,1825395,5742490,62.45,14.34,22834.65,12.14410,22800
91729,2026-09-28 10:56:06,99970,63505,136695,377.00,15.82,2026-10-06,22600,1343615,1076075,4614090,82.40,13.87,22834.65,13.44020,22800
91731,2026-09-28 10:56:06,288600,118950,434655,305.25,15.34,2026-10-06,22700,1101035,1235520,3618225,109.00,13.40,22834.65,3.81510,22800
91733,2026-09-28 10:56:06,843050,169325,1756170,239.35,14.81,2026-10-06,22800,1457365,1157195,5257265,143.75,12.95,22834.65,1.72870,22800
91735,2026-09-28 10:56:06,1619410,309140,3635645,181.55,14.32,2026-10-06,22900,1241370,693355,5542615,186.20,12.59,22834.65,0.76660,22800
91737,2026-09-28 10:56:06,3043885,853775,6873360,133.20,13.92,2026-10-06,23000,2353000,2106260,5954520,238.50,12.05,22834.65,0.77300,22800
91739,2026-09-28 10:56:06,2849730,1955915,4799990,96.55,13.79,2026-10-06,23100,1865695,2353260,2958215,302.00,11.82,22834.65,0.65470,22800
91741,2026-09-28 10:56:06,2983240,2129335,4778215,67.60,13.66,2026-10-06,23200,1445925,1734720,1229410,374.50,11.51,22834.65,0.48470,22800
91743,2026-09-28 10:56:06,3336255,2588300,5117125,47.10,13.73,2026-10-06,23300,1862185,1957345,831675,454.65,11.09,22834.65,0.55820,22800
91745,2026-09-28 10:56:06,2067260,2019095,4431375,32.70,13.81,2026-10-06,23400,804245,859040,271895,536.65,10.16,22834.65,0.38900,22800
91747,2026-09-28 10:56:06,2879565,2760225,5824130,22.55,14.01,2026-10-06,23500,805870,826995,294970,626.90,0.00,22834.65,0.27990,22800
91749,2026-09-28 10:56:06,1338675,1140555,2688335,16.20,14.37,2026-10-06,23600,124995,120055,69030,718.00,0.00,22834.65,0.09340,22800
91751,2026-09-28 10:56:06,1517360,1372345,3151915,11.70,14.77,2026-10-06,23700,141895,140530,26065,811.00,0.00,22834.65,0.09350,22800
91753,2026-09-28 10:56:06,1403610,1106560,2246855,9.10,15.35,2026-10-06,23800,125450,120315,16055,909.30,0.00,22834.65,0.08940,22800
91755,2026-09-28 10:56:06,773760,910975,1652105,7.25,15.99,2026-10-06,23900,67795,65455,4875,999.50,0.00,22834.65,0.08760,22800
91757,2026-09-28 10:56:06,2807805,2261545,3420755,6.10,16.72,2026-10-06,24000,190060,181480,45240,1104.35,0.00,22834.65,0.06770,22800
91759,2026-09-28 10:56:06,606320,642200,1143805,4.95,17.33,2026-10-06,24100,18070,15860,2925,1216.00,0.00,22834.65,0.02980,22800
92051,2026-09-28 11:01:06,195,195,130,821.15,21.42,2026-10-06,22100,457340,397930,1479205,22.70,16.78,22832.70,2345.33330,22800
92053,2026-09-28 11:01:06,1040,0,1950,718.35,19.12,2026-10-06,22200,1445470,1289795,2067780,28.90,16.11,22832.70,1389.87500,22800
92055,2026-09-28 11:01:06,2925,910,5070,628.00,18.26,2026-10-06,22300,655720,435045,1747070,36.60,15.43,22832.70,224.17780,22800
92057,2026-09-28 11:01:06,10790,195,19760,538.00,17.21,2026-10-06,22400,1705275,1214720,2732730,47.75,14.80,22832.70,158.04220,22800
92059,2026-09-28 11:01:06,159770,97110,192855,450.00,16.11,2026-10-06,22500,1931930,1825395,5832385,63.45,14.34,22832.70,12.09190,22800
92061,2026-09-28 11:01:06,97370,63505,141440,373.70,15.71,2026-10-06,22600,1331460,1076075,4653545,84.35,13.88,22832.70,13.67420,22800
92063,2026-09-28 11:01:06,293800,118950,452335,300.55,15.11,2026-10-06,22700,1096940,1235520,3661125,110.55,13.40,22832.70,3.73360,22800
92065,2026-09-28 11:01:06,854165,169325,1832285,235.80,14.72,2026-10-06,22800,1496365,1157195,5395130,145.70,13.05,22832.70,1.75180,22800
92067,2026-09-28 11:01:06,1640405,309140,3753880,178.95,14.25,2026-10-06,22900,1243905,693355,5637645,189.55,12.65,22832.70,0.75830,22800
92069,2026-09-28 11:01:06,3044665,853775,7057700,131.25,13.88,2026-10-06,23000,2362230,2106260,6046625,242.30,12.24,22832.70,0.77590,22800
92071,2026-09-28 11:01:06,2855385,1955915,4871750,95.15,13.73,2026-10-06,23100,1871740,2353260,2999750,305.90,11.96,22832.70,0.65550,22800
92073,2026-09-28 11:01:06,2992340,2129335,4843020,67.05,13.67,2026-10-06,23200,1445730,1734720,1239745,378.10,11.60,22832.70,0.48310,22800
92075,2026-09-28 11:01:06,3342755,2588300,5173740,46.80,13.72,2026-10-06,23300,1858285,1957345,841490,457.85,11.23,22832.70,0.55590,22800
92077,2026-09-28 11:01:06,2075385,2019095,4496505,32.20,13.83,2026-10-06,23400,803790,859040,274040,544.00,9.70,22832.70,0.38730,22800
92079,2026-09-28 11:01:06,2926560,2760225,5952050,22.30,14.02,2026-10-06,23500,807495,826995,299000,633.30,8.30,22832.70,0.27590,22800
92081,2026-09-28 11:01:06,1431430,1140555,2825225,16.05,14.40,2026-10-06,23600,125190,120055,69810,715.00,0.00,22832.70,0.08750,22800
92083,2026-09-28 11:01:06,1508650,1372345,3224585,11.75,14.80,2026-10-06,23700,141375,140530,26390,807.00,0.00,22832.70,0.09370,22800
92085,2026-09-28 11:01:06,1407120,1106560,2297035,9.05,15.38,2026-10-06,23800,126035,120315,16770,909.10,0.00,22832.70,0.08960,22800
92087,2026-09-28 11:01:06,769990,910975,1670045,7.20,15.99,2026-10-06,23900,67795,65455,4875,999.50,0.00,22832.70,0.08800,22800
92089,2026-09-28 11:01:06,2815085,2261545,3458000,6.05,16.72,2026-10-06,24000,191620,181480,47580,1110.35,0.00,22832.70,0.06810,22800
92091,2026-09-28 11:01:06,601250,642200,1161095,4.95,17.40,2026-10-06,24100,18070,15860,2925,1216.00,0.00,22832.70,0.03010,22800
92383,2026-09-28 11:06:07,195,195,130,821.15,22.34,2026-10-06,22100,459940,397930,1488240,23.20,16.75,22822.80,2358.66670,22800
92385,2026-09-28 11:06:07,1040,0,1950,718.35,20.00,2026-10-06,22200,1446640,1289795,2077140,29.35,16.07,22822.80,1391.00000,22800
92387,2026-09-28 11:06:07,4095,910,5265,626.50,18.87,2026-10-06,22300,655655,435045,1757275,37.60,15.41,22822.80,160.11110,22800
92389,2026-09-28 11:06:07,10790,195,19760,538.00,17.88,2026-10-06,22400,1711060,1214720,2748525,48.70,14.83,22822.80,158.57830,22800
92391,2026-09-28 11:06:07,161330,97110,195715,450.05,16.64,2026-10-06,22500,1937065,1825395,5882695,64.65,14.27,22822.80,12.00680,22800
92393,2026-09-28 11:06:07,97110,63505,147615,375.00,16.22,2026-10-06,22600,1343095,1076075,4688775,85.05,13.76,22822.80,13.83070,22800
92395,2026-09-28 11:06:07,295815,118950,458120,301.60,15.59,2026-10-06,22700,1110395,1235520,3719495,112.75,13.30,22822.80,3.75370,22800
92397,2026-09-28 11:06:07,862420,169325,1860170,237.05,15.16,2026-10-06,22800,1502735,1157195,5474495,147.60,12.88,22822.80,1.74250,22800
92399,2026-09-28 11:06:07,1647425,309140,3786120,179.95,14.60,2026-10-06,22900,1244165,693355,5702515,191.30,12.44,22822.80,0.75520,22800
92401,2026-09-28 11:06:07,3026855,853775,7156305,132.60,14.23,2026-10-06,23000,2357030,2106260,6078930,243.55,11.92,22822.80,0.77870,22800
92403,2026-09-28 11:06:07,2855060,1955915,4899440,96.00,14.05,2026-10-06,23100,1873625,2353260,3015155,307.50,11.60,22822.80,0.65620,22800
92405,2026-09-28 11:06:07,2993250,2129335,4888195,67.40,13.92,2026-10-06,23200,1443910,1734720,1248260,379.10,11.12,22822.80,0.48240,22800
92407,2026-09-28 11:06:07,3339180,2588300,5220605,47.20,13.95,2026-10-06,23300,1859650,1957345,845455,459.40,10.41,22822.80,0.55690,22800
92409,2026-09-28 11:06:07,2076490,2019095,4533490,32.55,13.98,2026-10-06,23400,803465,859040,275015,543.45,8.54,22822.80,0.38690,22800
92411,2026-09-28 11:06:07,2917460,2760225,5992675,22.55,14.21,2026-10-06,23500,807300,826995,299780,634.05,0.00,22822.80,0.27670,22800
92413,2026-09-28 11:06:07,1430130,1140555,2864030,16.15,14.54,2026-10-06,23600,125125,120055,70200,721.00,0.00,22822.80,0.08750,22800
92415,2026-09-28 11:06:07,1509560,1372345,3231930,11.75,14.95,2026-10-06,23700,141310,140530,26650,818.20,0.00,22822.80,0.09360,22800
92417,2026-09-28 11:06:07,1410890,1106560,2316145,9.20,15.56,2026-10-06,23800,126295,120315,16965,913.00,0.00,22822.80,0.08950,22800
92419,2026-09-28 11:06:07,769275,910975,1672840,7.20,16.11,2026-10-06,23900,67795,65455,5005,1007.00,0.00,22822.80,0.08810,22800
92421,2026-09-28 11:06:07,2819570,2261545,3505060,6.10,16.88,2026-10-06,24000,192465,181480,47775,1112.00,0.00,22822.80,0.06830,22800
92423,2026-09-28 11:06:07,609960,642200,1177215,4.90,17.46,2026-10-06,24100,18070,15860,2925,1216.00,0.00,22822.80,0.02960,22800
92715,2026-09-28 11:11:06,195,195,130,821.15,22.39,2026-10-06,22100,466635,397930,1509235,23.65,16.83,22823.00,2393.00000,22800
92717,2026-09-28 11:11:06,1040,0,1950,718.35,20.05,2026-10-06,22200,1451385,1289795,2092155,30.00,16.16,22823.00,1395.56250,22800
92719,2026-09-28 11:11:06,4160,910,5460,625.25,18.78,2026-10-06,22300,648440,435045,1785550,38.00,15.46,22823.00,155.87500,22800
92721,2026-09-28 11:11:06,11180,195,20280,537.00,17.82,2026-10-06,22400,1735500,1214720,2789605,49.25,14.85,22823.00,155.23260,22800
92723,2026-09-28 11:11:06,163475,97110,201825,449.50,16.67,2026-10-06,22500,1938560,1825395,5930405,65.50,14.37,22823.00,11.85840,22800
92725,2026-09-28 11:11:06,97565,63505,151450,376.15,16.42,2026-10-06,22600,1347190,1076075,4712760,86.50,13.89,22823.00,13.80810,22800
92727,2026-09-28 11:11:06,298675,118950,464750,301.00,15.61,2026-10-06,22700,1101685,1235520,3751085,114.00,13.44,22823.00,3.68860,22800
92729,2026-09-28 11:11:06,876525,169325,1894945,236.55,15.06,2026-10-06,22800,1501955,1157195,5534880,149.50,13.00,22823.00,1.71350,22800
92731,2026-09-28 11:11:06,1660100,309140,3836950,179.30,14.56,2026-10-06,22900,1245790,693355,5772000,192.90,12.63,22823.00,0.75040,22800
92733,2026-09-28 11:11:06,3031210,853775,7234695,132.70,14.24,2026-10-06,23000,2349945,2106260,6120140,245.90,12.14,22823.00,0.77520,22800
92735,2026-09-28 11:11:06,2853890,1955915,4923360,96.25,14.07,2026-10-06,23100,1859650,2353260,3041220,309.85,11.80,22823.00,0.65160,22800
92737,2026-09-28 11:11:06,3008590,2129335,4970680,67.50,13.93,2026-10-06,23200,1440660,1734720,1256515,382.45,11.14,22823.00,0.47880,22800
92739,2026-09-28 11:11:06,3346850,2588300,5273190,47.50,14.01,2026-10-06,23300,1859000,1957345,847600,461.45,10.44,22823.00,0.55540,22800
92741,2026-09-28 11:11:06,2087605,2019095,4567420,32.90,14.07,2026-10-06,23400,803205,859040,278135,544.00,8.30,22823.00,0.38470,22800
92743,2026-09-28 11:11:06,2897895,2760225,6046625,22.80,14.27,2026-10-06,23500,807950,826995,312195,633.30,0.00,22823.00,0.27880,22800
92745,2026-09-28 11:11:06,1419340,1140555,2905435,16.45,14.62,2026-10-06,23600,125580,120055,71305,724.00,0.00,22823.00,0.08850,22800
92747,2026-09-28 11:11:06,1508585,1372345,3261895,12.00,15.01,2026-10-06,23700,141570,140530,28015,817.00,0.00,22823.00,0.09380,22800
92749,2026-09-28 11:11:06,1407315,1106560,2336750,9.35,15.59,2026-10-06,23800,126295,120315,16965,913.00,0.00,22823.00,0.08970,22800
92751,2026-09-28 11:11:06,770380,910975,1689285,7.30,16.14,2026-10-06,23900,67795,65455,5135,1015.00,0.00,22823.00,0.08800,22800
92753,2026-09-28 11:11:06,2837900,2261545,3568305,6.20,16.91,2026-10-06,24000,192660,181480,47905,1111.00,0.00,22823.00,0.06790,22800
92755,2026-09-28 11:11:06,608205,642200,1185535,4.95,17.46,2026-10-06,24100,18135,15860,3055,1210.00,0.00,22823.00,0.02980,22800
93047,2026-09-28 11:16:06,195,195,130,821.15,22.73,2026-10-06,22100,468195,397930,1524575,23.65,16.78,22818.45,2401.00000,22800
93049,2026-09-28 11:16:06,1040,0,1950,718.35,20.37,2026-10-06,22200,1456195,1289795,2123550,30.15,16.13,22818.45,1400.18750,22800
93051,2026-09-28 11:16:06,4290,910,5590,622.00,18.71,2026-10-06,22300,654160,435045,1805765,38.30,15.44,22818.45,152.48480,22800
93053,2026-09-28 11:16:06,11180,195,20345,531.00,17.47,2026-10-06,22400,1733420,1214720,2815800,49.65,14.85,22818.45,155.04650,22800
93055,2026-09-28 11:16:06,164060,97110,206180,450.10,16.94,2026-10-06,22500,1949480,1825395,5999305,65.85,14.36,22818.45,11.88270,22800
93057,2026-09-28 11:16:06,97760,63505,157560,370.00,16.10,2026-10-06,22600,1355055,1076075,4749485,87.20,13.87,22818.45,13.86100,22800
93059,2026-09-28 11:16:06,315900,118950,493090,298.10,15.52,2026-10-06,22700,1112215,1235520,3800940,115.50,13.44,22818.45,3.52080,22800
93061,2026-09-28 11:16:06,897585,169325,1970670,234.20,15.01,2026-10-06,22800,1501955,1157195,5665660,150.55,13.01,22818.45,1.67330,22800
93063,2026-09-28 11:16:06,1667510,309140,3914950,177.80,14.59,2026-10-06,22900,1241370,693355,5884840,195.30,12.62,22818.45,0.74440,22800
93065,2026-09-28 11:16:06,3055195,853775,7364045,131.10,14.24,2026-10-06,23000,2346890,2106260,6178120,247.30,12.09,22818.45,0.76820,22800
93067,2026-09-28 11:16:06,2859545,1955915,4975425,95.35,14.08,2026-10-06,23100,1856465,2353260,3057795,311.00,11.70,22818.45,0.64920,22800
93069,2026-09-28 11:16:06,3019120,2129335,5041270,67.05,13.94,2026-10-06,23200,1435980,1734720,1268930,384.50,11.38,22818.45,0.47560,22800
93071,2026-09-28 11:16:06,3353415,2588300,5310110,47.10,14.01,2026-10-06,23300,1858415,1957345,850460,465.70,10.86,22818.45,0.55420,22800
93073,2026-09-28 11:16:06,2091765,2019095,4594850,32.60,14.11,2026-10-06,23400,799500,859040,281190,550.85,9.58,22818.45,0.38220,22800
93075,2026-09-28 11:16:06,2878980,2760225,6218615,22.95,14.34,2026-10-06,23500,807235,826995,317525,640.95,0.00,22818.45,0.28040,22800
93077,2026-09-28 11:16:06,1413750,1140555,2920645,16.45,14.68,2026-10-06,23600,125645,120055,71825,728.40,0.00,22818.45,0.08890,22800
93079,2026-09-28 11:16:06,1498835,1372345,3281330,11.95,15.06,2026-10-06,23700,141570,140530,29055,827.75,0.00,22818.45,0.09450,22800
93081,2026-09-28 11:16:06,1396915,1106560,2381080,9.25,15.63,2026-10-06,23800,126360,120315,17030,918.10,0.00,22818.45,0.09050,22800
93083,2026-09-28 11:16:06,785850,910975,1741935,7.25,16.17,2026-10-06,23900,67925,65455,5265,1018.70,0.00,22818.45,0.08640,22800
93085,2026-09-28 11:16:06,2845180,2261545,3616405,6.15,16.97,2026-10-06,24000,192725,181480,48100,1120.00,0.00,22818.45,0.06770,22800
93087,2026-09-28 11:16:06,604175,642200,1202305,4.95,17.52,2026-10-06,24100,18590,15860,3510,1213.90,0.00,22818.45,0.03080,22800
93379,2026-09-28 11:21:06,195,195,130,821.15,22.88,2026-10-06,22100,465595,397930,1549145,23.30,16.69,22817.45,2387.66670,22800
93381,2026-09-28 11:21:06,1040,0,1950,718.35,20.55,2026-10-06,22200,1454830,1289795,2177760,29.70,16.01,22817.45,1398.87500,22800
93383,2026-09-28 11:21:06,4615,910,6045,620.10,18.67,2026-10-06,22300,652730,435045,1838850,38.10,15.37,22817.45,141.43660,22800
93385,2026-09-28 11:21:06,11375,195,21255,530.40,17.53,2026-10-06,22400,1731470,1214720,2879110,49.60,14.79,22817.45,152.21710,22800
93387,2026-09-28 11:21:06,165165,97110,210080,448.00,16.88,2026-10-06,22500,1941940,1825395,6089590,65.55,14.31,22817.45,11.75760,22800
93389,2026-09-28 11:21:06,100360,63505,167700,370.00,16.20,2026-10-06,22600,1342575,1076075,4825275,87.05,13.82,22817.45,13.37760,22800
93391,2026-09-28 11:21:06,333060,118950,530140,300.00,15.72,2026-10-06,22700,1170715,1235520,4000945,115.45,13.41,22817.45,3.51500,22800
93393,2026-09-28 11:21:06,951795,169325,2132715,234.60,15.14,2026-10-06,22800,1512680,1157195,5873205,150.65,12.92,22817.45,1.58930,22800
93395,2026-09-28 11:21:06,1710670,309140,4071015,177.55,14.62,2026-10-06,22900,1238250,693355,6086405,195.10,12.52,22817.45,0.72380,22800
93397,2026-09-28 11:21:06,3042585,853775,7566390,131.30,14.27,2026-10-06,23000,2346500,2106260,6308705,247.45,12.03,22817.45,0.77120,22800
93399,2026-09-28 11:21:06,2877290,1955915,5084820,95.30,14.14,2026-10-06,23100,1854060,2353260,3110445,312.05,11.65,22817.45,0.64440,22800
93401,2026-09-28 11:21:06,3034135,2129335,5145205,67.55,14.05,2026-10-06,23200,1433640,1734720,1284725,379.80,10.68,22817.45,0.47250,22800
93403,2026-09-28 11:21:06,3361410,2588300,5368610,47.35,14.06,2026-10-06,23300,1856660,1957345,861835,466.00,10.67,22817.45,0.55230,22800
93405,2026-09-28 11:21:06,2099045,2019095,4651920,33.00,14.18,2026-10-06,23400,794105,859040,298675,551.25,9.19,22817.45,0.37830,22800
93407,2026-09-28 11:21:06,2890030,2760225,6355115,23.20,14.43,2026-10-06,23500,806065,826995,321620,638.35,0.00,22817.45,0.27890,22800
93409,2026-09-28 11:21:06,1418365,1140555,2974595,16.65,14.74,2026-10-06,23600,125580,120055,74750,728.00,0.00,22817.45,0.08850,22800
93411,2026-09-28 11:21:06,1499615,1372345,3297450,12.20,15.17,2026-10-06,23700,141440,140530,29575,824.60,0.00,22817.45,0.09430,22800
93413,2026-09-28 11:21:06,1401920,1106560,2428855,9.55,15.75,2026-10-06,23800,126490,120315,17485,920.25,0.00,22817.45,0.09020,22800
93415,2026-09-28 11:21:06,780845,910975,1768650,7.40,16.27,2026-10-06,23900,67990,65455,5590,1013.75,0.00,22817.45,0.08710,22800
93417,2026-09-28 11:21:06,2877420,2261545,3694145,6.25,17.03,2026-10-06,24000,192985,181480,48945,1116.80,0.00,22817.45,0.06710,22800
93419,2026-09-28 11:21:06,596245,642200,1221675,5.00,17.58,2026-10-06,24100,18590,15860,3510,1213.90,0.00,22817.45,0.03120,22800
93711,2026-09-28 11:26:06,195,195,130,821.15,23.04,2026-10-06,22100,465595,397930,1558180,23.80,16.77,22815.65,2387.66670,22800
93713,2026-09-28 11:26:06,1040,0,1950,718.35,20.66,2026-10-06,22200,1455545,1289795,2197260,30.00,16.07,22815.65,1399.56250,22800
93715,2026-09-28 11:26:06,4615,910,6305,616.30,18.36,2026-10-06,22300,653315,435045,1875250,38.40,15.41,22815.65,141.56340,22800
93717,2026-09-28 11:26:06,11570,195,21905,527.60,17.38,2026-10-06,22400,1735500,1214720,2911285,50.20,14.83,22815.65,150.00000,22800
93719,2026-09-28 11:26:06,166595,97110,213525,446.20,16.80,2026-10-06,22500,1948830,1825395,6158945,66.35,14.34,22815.65,11.69800,22800
93721,2026-09-28 11:26:06,101010,63505,172380,368.65,16.16,2026-10-06,22600,1350180,1076075,4871555,87.75,13.87,22815.65,13.36680,22800
93723,2026-09-28 11:26:06,335140,118950,540280,298.95,15.72,2026-10-06,22700,1150695,1235520,4119375,115.80,13.40,22815.65,3.43350,22800
93725,2026-09-28 11:26:06,987350,169325,2200315,234.15,15.12,2026-10-06,22800,1550510,1157195,6019065,150.85,12.92,22815.65,1.57040,22800
93727,2026-09-28 11:26:06,1726465,309140,4123795,177.25,14.66,2026-10-06,22900,1243125,693355,6176950,195.10,12.50,22815.65,0.72000,22800
93729,2026-09-28 11:26:06,3036540,853775,7662460,130.65,14.37,2026-10-06,23000,2351310,2106260,6360965,248.15,11.96,22815.65,0.77430,22800
93731,2026-09-28 11:26:06,2991040,1955915,5263895,94.65,14.12,2026-10-06,23100,1860820,2353260,3132805,313.85,11.76,22815.65,0.62210,22800
93733,2026-09-28 11:26:06,3088605,2129335,5346250,67.40,14.07,2026-10-06,23200,1435070,1734720,1289145,385.20,10.99,22815.65,0.46460,22800
93735,2026-09-28 11:26:06,3366350,2588300,5396365,47.30,14.10,2026-10-06,23300,1858805,1957345,865150,465.15,10.39,22815.65,0.55220,22800
93737,2026-09-28 11:26:06,2105480,2019095,4678050,32.85,14.21,2026-10-06,23400,791050,859040,306215,549.55,8.09,22815.65,0.37570,22800
93739,2026-09-28 11:26:06,2896660,2760225,6448455,22.85,14.39,2026-10-06,23500,803465,826995,335335,640.75,0.00,22815.65,0.27740,22800
93741,2026-09-28 11:26:06,1417065,1140555,2988505,16.45,14.74,2026-10-06,23600,125580,120055,75985,735.00,0.00,22815.65,0.08860,22800
93743,2026-09-28 11:26:06,1500330,1372345,3307395,11.95,15.17,2026-10-06,23700,141505,140530,29835,828.20,0.00,22815.65,0.09430,22800
93745,2026-09-28 11:26:06,1393080,1106560,2516020,9.15,15.66,2026-10-06,23800,126685,120315,18070,921.10,0.00,22815.65,0.09090,22800
93747,2026-09-28 11:26:06,782405,910975,1787500,7.25,16.27,2026-10-06,23900,67990,65455,5590,1013.75,0.00,22815.65,0.08690,22800
93749,2026-09-28 11:26:06,2875925,2261545,3725085,6.15,17.00,2026-10-06,24000,193180,181480,49400,1116.55,0.00,22815.65,0.06720,22800
93751,2026-09-28 11:26:06,594295,642200,1234740,4.95,17.58,2026-10-06,24100,18590,15860,3510,1213.90,0.00,22815.65,0.03130,22800
94043,2026-09-28 11:31:06,195,195,130,821.15,21.36,2026-10-06,22100,455390,397930,1597505,21.90,16.68,22832.00,2335.33330,22800
94045,2026-09-28 11:31:06,1105,0,2015,721.85,19.50,2026-10-06,22200,1453465,1289795,2218905,27.90,16.02,22832.00,1315.35290,22800
94047,2026-09-28 11:31:06,4810,910,6565,632.00,18.02,2026-10-06,22300,645320,435045,1921725,35.85,15.37,22832.00,134.16220,22800
94049,2026-09-28 11:31:06,11700,195,23010,541.20,17.50,2026-10-06,22400,1743885,1214720,2970305,46.40,14.76,22832.00,149.05000,22800
94051,2026-09-28 11:31:06,167765,97110,218855,457.20,16.78,2026-10-06,22500,1949675,1825395,6291740,61.70,14.24,22832.00,11.62150,22800
94053,2026-09-28 11:31:06,100360,63505,177775,378.65,16.10,2026-10-06,22600,1352390,1076075,4912440,83.00,13.80,22832.00,13.47540,22800
94055,2026-09-28 11:31:06,332865,118950,563225,306.00,15.51,2026-10-06,22700,1143090,1235520,4214730,109.50,13.40,22832.00,3.43410,22800
94057,2026-09-28 11:31:06,985660,169325,2324725,241.50,14.98,2026-10-06,22800,1626690,1157195,6258265,143.00,12.92,22832.00,1.65040,22800
94059,2026-09-28 11:31:06,1735435,309140,4220190,183.55,14.55,2026-10-06,22900,1263925,693355,6307210,186.80,12.53,22832.00,0.72830,22800
94061,2026-09-28 11:31:06,3119740,853775,7933380,136.00,14.21,2026-10-06,23000,2345915,2106260,6419660,238.25,12.04,22832.00,0.75200,22800
94063,2026-09-28 11:31:06,2992470,1955915,5333900,98.65,14.01,2026-10-06,23100,1856985,2353260,3165565,302.00,11.73,22832.00,0.62060,22800
94065,2026-09-28 11:31:06,3084250,2129335,5421065,70.00,13.95,2026-10-06,23200,1436500,1734720,1296295,372.50,11.15,22832.00,0.46580,22800
94067,2026-09-28 11:31:06,3368430,2588300,5462340,48.90,13.95,2026-10-06,23300,1859195,1957345,868335,450.00,10.22,22832.00,0.55190,22800
94069,2026-09-28 11:31:06,2105935,2019095,4707885,34.05,14.06,2026-10-06,23400,791375,859040,307905,536.40,8.91,22832.00,0.37580,22800
94071,2026-09-28 11:31:06,2908100,2760225,6515600,23.85,14.28,2026-10-06,23500,803465,826995,347750,626.05,0.00,22832.00,0.27630,22800
94073,2026-09-28 11:31:06,1415570,1140555,3013530,17.00,14.59,2026-10-06,23600,126685,120055,78000,715.35,0.00,22832.00,0.08950,22800
94075,2026-09-28 11:31:06,1492985,1372345,3332290,12.35,14.98,2026-10-06,23700,140270,140530,32110,809.00,0.00,22832.00,0.09400,22800
94077,2026-09-28 11:31:06,1386255,1106560,2587130,9.55,15.56,2026-10-06,23800,126685,120315,18330,905.00,0.00,22832.00,0.09140,22800
94079,2026-09-28 11:31:06,784420,910975,1802970,7.40,16.11,2026-10-06,23900,67990,65455,5655,1003.60,0.00,22832.00,0.08670,22800
94081,2026-09-28 11:31:06,2885805,2261545,3759470,6.20,16.85,2026-10-06,24000,193830,181480,50245,1104.85,0.00,22832.00,0.06720,22800
94083,2026-09-28 11:31:06,589485,642200,1258140,5.00,17.40,2026-10-06,24100,18590,15860,3510,1213.90,0.00,22832.00,0.03150,22800
94375,2026-09-28 11:36:06,195,195,130,821.15,22.23,2026-10-06,22100,487565,397930,1662245,22.80,16.72,22824.60,2500.33330,22800
94377,2026-09-28 11:36:06,1105,0,2015,721.85,20.34,2026-10-06,22200,1456585,1289795,2248415,29.20,16.08,22824.60,1318.17650,22800
94379,2026-09-28 11:36:06,4810,910,6565,632.00,19.37,2026-10-06,22300,634465,435045,1959425,37.45,15.44,22824.60,131.90540,22800
94381,2026-09-28 11:36:06,12025,195,23985,531.30,17.13,2026-10-06,22400,1744080,1214720,3009565,48.55,14.82,22824.60,145.03780,22800
94383,2026-09-28 11:36:06,169065,97110,227630,450.85,16.69,2026-10-06,22500,1948375,1825395,6388070,64.60,14.32,22824.60,11.52440,22800
94385,2026-09-28 11:36:06,100490,63505,183820,371.80,15.98,2026-10-06,22600,1355705,1076075,4959175,85.65,13.88,22824.60,13.49090,22800
94387,2026-09-28 11:36:06,326560,118950,595790,300.80,15.49,2026-10-06,22700,1144130,1235520,4285450,113.10,13.43,22824.60,3.50360,22800
94389,2026-09-28 11:36:06,981305,169325,2432170,236.40,14.99,2026-10-06,22800,1657825,1157195,6467240,148.20,12.98,22824.60,1.68940,22800
94391,2026-09-28 11:36:06,1756105,309140,4347980,180.35,14.60,2026-10-06,22900,1271075,693355,6398470,191.55,12.56,22824.60,0.72380,22800
94393,2026-09-28 11:36:06,3110185,853775,8099325,133.55,14.27,2026-10-06,23000,2341950,2106260,6513520,243.15,12.02,22824.60,0.75300,22800
94395,2026-09-28 11:36:06,2991950,1955915,5406180,96.65,14.06,2026-10-06,23100,1854320,2353260,3199105,307.15,11.74,22824.60,0.61980,22800
94397,2026-09-28 11:36:06,3074240,2129335,5523895,68.35,13.99,2026-10-06,23200,1437280,1734720,1302925,381.40,11.44,22824.60,0.46750,22800
94399,2026-09-28 11:36:06,3377205,2588300,5529420,47.95,14.01,2026-10-06,23300,1860235,1957345,874965,460.00,11.00,22824.60,0.55080,22800
94401,2026-09-28 11:36:06,2106715,2019095,4741555,33.25,14.11,2026-10-06,23400,789490,859040,318045,542.95,8.58,22824.60,0.37470,22800
94403,2026-09-28 11:36:06,2916355,2760225,6562075,23.25,14.33,2026-10-06,23500,805805,826995,354510,633.75,0.00,22824.60,0.27630,22800
94405,2026-09-28 11:36:06,1414465,1140555,3050060,16.40,14.62,2026-10-06,23600,126750,120055,79950,724.70,0.00,22824.60,0.08960,22800
94407,2026-09-28 11:36:06,1494415,1372345,3347305,11.95,15.00,2026-10-06,23700,140140,140530,32240,808.00,0.00,22824.60,0.09380,22800
94409,2026-09-28 11:36:06,1387880,1106560,2617225,9.20,15.56,2026-10-06,23800,126945,120315,18850,916.95,0.00,22824.60,0.09150,22800
94411,2026-09-28 11:36:06,782535,910975,1814410,7.25,16.14,2026-10-06,23900,68120,65455,6110,1011.30,0.00,22824.60,0.08710,22800
94413,2026-09-28 11:36:06,2891395,2261545,3782610,6.10,16.88,2026-10-06,24000,193700,181480,50310,1102.00,0.00,22824.60,0.06700,22800
94415,2026-09-28 11:36:06,584740,642200,1277250,4.95,17.46,2026-10-06,24100,18980,15860,4095,1208.00,0.00,22824.60,0.03250,22800
94707,2026-09-28 11:41:06,195,195,130,821.15,20.22,2026-10-06,22100,493220,397930,1672775,21.50,16.75,22841.50,2529.33330,22800
94709,2026-09-28 11:41:06,1105,0,2080,717.65,17.85,2026-10-06,22200,1463605,1289795,2272985,26.95,16.02,22841.50,1324.52940,22800
94711,2026-09-28 11:41:06,4745,910,7410,636.90,18.33,2026-10-06,22300,633360,435045,1981005,34.70,15.38,22841.50,133.47950,22800
94713,2026-09-28 11:41:06,12220,195,26065,548.00,17.42,2026-10-06,22400,1746940,1214720,3038490,45.25,14.75,22841.50,142.95740,22800
94715,2026-09-28 11:41:06,169455,97110,229905,462.55,16.57,2026-10-06,22500,1945580,1825395,6433375,59.60,14.20,22841.50,11.48140,22800
94717,2026-09-28 11:41:06,100685,63505,185380,383.95,15.98,2026-10-06,22600,1359085,1076075,4981730,80.00,13.76,22841.50,13.49840,22800
94719,2026-09-28 11:41:06,287690,118950,665600,309.35,15.37,2026-10-06,22700,1154010,1235520,4343300,106.40,13.28,22841.50,4.01130,22800
94721,2026-09-28 11:41:06,947830,169325,2532530,243.70,14.90,2026-10-06,22800,1663025,1157195,6599060,139.90,12.83,22841.50,1.75460,22800
94723,2026-09-28 11:41:06,1770015,309140,4466540,185.90,14.40,2026-10-06,22900,1289730,693355,6501235,181.75,12.37,22841.50,0.72870,22800
94725,2026-09-28 11:41:06,3113175,853775,8207355,136.55,14.02,2026-10-06,23000,2341820,2106260,6575140,232.95,11.89,22841.50,0.75220,22800
94727,2026-09-28 11:41:06,2981160,1955915,5458050,98.75,13.85,2026-10-06,23100,1848210,2353260,3216135,294.90,11.54,22841.50,0.62000,22800
94729,2026-09-28 11:41:06,3063385,2129335,5610605,70.00,13.76,2026-10-06,23200,1437280,1734720,1307280,363.10,10.99,22841.50,0.46920,22800
94731,2026-09-28 11:41:06,3399305,2588300,5607745,48.75,13.78,2026-10-06,23300,1859455,1957345,900315,445.45,10.53,22841.50,0.54700,22800
94733,2026-09-28 11:41:06,2105285,2019095,4754165,33.75,13.87,2026-10-06,23400,789555,859040,319475,530.00,8.88,22841.50,0.37500,22800
94735,2026-09-28 11:41:06,2916225,2760225,6604065,23.30,14.10,2026-10-06,23500,805415,826995,359385,617.25,0.00,22841.50,0.27620,22800
94737,2026-09-28 11:41:06,1420055,1140555,3061435,16.60,14.37,2026-10-06,23600,126620,120055,80470,707.60,0.00,22841.50,0.08920,22800
94739,2026-09-28 11:41:06,1496170,1372345,3359070,12.00,14.77,2026-10-06,23700,140075,140530,32630,809.00,0.00,22841.50,0.09360,22800
94741,2026-09-28 11:41:06,1389180,1106560,2633150,9.30,15.35,2026-10-06,23800,126945,120315,18980,900.00,0.00,22841.50,0.09140,22800
94743,2026-09-28 11:41:06,782405,910975,1818310,7.20,15.90,2026-10-06,23900,68120,65455,6370,1011.30,0.00,22841.50,0.08710,22800
94745,2026-09-28 11:41:06,2923960,2261545,3821285,6.20,16.72,2026-10-06,24000,194090,181480,50700,1094.55,0.00,22841.50,0.06640,22800
94747,2026-09-28 11:41:06,586495,642200,1288105,4.95,17.27,2026-10-06,24100,18980,15860,4095,1208.00,0.00,22841.50,0.03240,22800
95039,2026-09-28 11:46:06,195,195,130,821.15,19.81,2026-10-06,22100,492180,397930,1688700,21.45,16.82,22846.15,2524.00000,22800
95041,2026-09-28 11:46:06,1170,0,2210,734.95,19.78,2026-10-06,22200,1470950,1289795,2394470,27.35,16.14,22846.15,1257.22220,22800
95043,2026-09-28 11:46:06,4810,910,8190,636.00,17.91,2026-10-06,22300,640120,435045,2079155,34.25,15.38,22846.15,133.08110,22800
95045,2026-09-28 11:46:06,14170,195,26780,546.70,17.02,2026-10-06,22400,1745770,1214720,3078660,44.85,14.80,22846.15,123.20180,22800
95047,2026-09-28 11:46:06,169195,97110,234260,458.75,15.99,2026-10-06,22500,1930175,1825395,6538740,59.65,14.31,22846.15,11.40800,22800
95049,2026-09-28 11:46:06,100945,63505,188435,382.15,15.64,2026-10-06,22600,1359475,1076075,5018390,79.55,13.82,22846.15,13.46750,22800
95051,2026-09-28 11:46:06,286455,118950,695760,308.30,15.06,2026-10-06,22700,1184820,1235520,4535895,104.95,13.37,22846.15,4.13610,22800
95053,2026-09-28 11:46:06,944645,169325,2615730,243.10,14.62,2026-10-06,22800,1672385,1157195,6705725,138.90,12.99,22846.15,1.77040,22800
95055,2026-09-28 11:46:06,1809015,309140,4591275,183.80,14.12,2026-10-06,22900,1322620,693355,6619015,180.30,12.57,22846.15,0.73110,22800
95057,2026-09-28 11:46:06,3115580,853775,8300110,136.15,13.83,2026-10-06,23000,2341430,2106260,6624410,232.15,12.15,22846.15,0.75150,22800
95059,2026-09-28 11:46:06,2973490,1955915,5499130,98.40,13.68,2026-10-06,23100,1849315,2353260,3227055,295.20,11.92,22846.15,0.62190,22800
95061,2026-09-28 11:46:06,3073850,2129335,5688280,69.10,13.58,2026-10-06,23200,1436370,1734720,1311765,363.40,11.28,22846.15,0.46730,22800
95063,2026-09-28 11:46:06,3427060,2588300,5713500,48.30,13.63,2026-10-06,23300,1855945,1957345,908375,448.00,11.50,22846.15,0.54160,22800
95065,2026-09-28 11:46:06,2126280,2019095,4831320,33.30,13.73,2026-10-06,23400,789035,859040,327405,527.65,9.83,22846.15,0.37110,22800
95067,2026-09-28 11:46:06,2913950,2760225,6663735,23.15,13.96,2026-10-06,23500,803075,826995,366340,621.65,9.34,22846.15,0.27560,22800
95069,2026-09-28 11:46:06,1424670,1140555,3088865,16.40,14.27,2026-10-06,23600,126815,120055,80795,710.40,0.00,22846.15,0.08900,22800
95071,2026-09-28 11:46:06,1496625,1372345,3398460,11.90,14.69,2026-10-06,23700,140465,140530,32955,800.00,0.00,22846.15,0.09390,22800
95073,2026-09-28 11:46:06,1379430,1106560,2661035,9.25,15.29,2026-10-06,23800,126945,120315,19045,897.60,0.00,22846.15,0.09200,22800
95075,2026-09-28 11:46:06,780715,910975,1821430,7.25,15.87,2026-10-06,23900,68705,65455,6435,993.60,0.00,22846.15,0.08800,22800
95077,2026-09-28 11:46:06,2928770,2261545,3846635,6.15,16.66,2026-10-06,24000,194155,181480,51415,1100.00,0.00,22846.15,0.06630,22800
95079,2026-09-28 11:46:06,585715,642200,1308385,4.90,17.21,2026-10-06,24100,18980,15860,4095,1208.00,0.00,22846.15,0.03240,22800
95371,2026-09-28 11:51:06,195,195,130,821.15,20.98,2026-10-06,22100,492505,397930,1695850,22.95,16.95,22837.85,2525.66670,22800
95373,2026-09-28 11:51:06,1170,0,2210,734.95,20.73,2026-10-06,22200,1479270,1289795,2426905,29.35,16.33,22837.85,1264.33330,22800
95375,2026-09-28 11:51:06,4810,910,8710,634.00,18.57,2026-10-06,22300,699010,435045,2103660,37.00,15.62,22837.85,145.32430,22800
95377,2026-09-28 11:51:06,14170,195,26910,542.90,17.39,2026-10-06,22400,1745900,1214720,3107195,48.15,14.99,22837.85,123.21100,22800
95379,2026-09-28 11:51:06,169260,97110,236275,456.00,16.39,2026-10-06,22500,1881490,1825395,6731855,63.50,14.51,22837.85,11.11600,22800
95381,2026-09-28 11:51:06,100100,63505,190710,377.00,15.75,2026-10-06,22600,1350570,1076075,5085535,83.40,14.01,22837.85,13.49220,22800
95383,2026-09-28 11:51:06,286845,118950,705965,304.20,15.20,2026-10-06,22700,1177215,1235520,4673630,110.00,13.54,22837.85,4.10400,22800
95385,2026-09-28 11:51:06,954135,169325,2684045,238.95,14.71,2026-10-06,22800,1647100,1157195,6956690,144.60,13.11,22837.85,1.72630,22800
95387,2026-09-28 11:51:06,1830725,309140,4693910,181.10,14.21,2026-10-06,22900,1353235,693355,6737965,186.65,12.69,22837.85,0.73920,22800
95389,2026-09-28 11:51:06,3127605,853775,8400340,133.20,13.93,2026-10-06,23000,2348970,2106260,6668090,239.05,12.27,22837.85,0.75100,22800
95391,2026-09-28 11:51:06,2976675,1955915,5552950,95.80,13.73,2026-10-06,23100,1843855,2353260,3252340,301.60,11.92,22837.85,0.61940,22800
95393,2026-09-28 11:51:06,3071900,2129335,5760560,67.45,13.64,2026-10-06,23200,1437475,1734720,1315535,371.80,11.41,22837.85,0.46790,22800
95395,2026-09-28 11:51:06,3425305,2588300,5752955,46.70,13.66,2026-10-06,23300,1856010,1957345,912730,452.80,11.06,22837.85,0.54190,22800
95397,2026-09-28 11:51:06,2160665,2019095,4906655,32.20,13.78,2026-10-06,23400,788970,859040,330460,537.80,10.19,22837.85,0.36520,22800
95399,2026-09-28 11:51:06,2908165,2760225,6724770,22.50,14.02,2026-10-06,23500,802880,826995,371280,627.65,6.84,22837.85,0.27610,22800
95401,2026-09-28 11:51:06,1436370,1140555,3119805,16.05,14.36,2026-10-06,23600,127400,120055,82355,717.85,0.00,22837.85,0.08870,22800
95403,2026-09-28 11:51:06,1486875,1372345,3433495,11.60,14.77,2026-10-06,23700,139815,140530,33735,813.05,0.00,22837.85,0.09400,22800
95405,2026-09-28 11:51:06,1378000,1106560,2690805,9.05,15.35,2026-10-06,23800,126945,120315,19110,907.80,0.00,22837.85,0.09210,22800
95407,2026-09-28 11:51:06,779805,910975,1824810,7.10,15.93,2026-10-06,23900,68770,65455,6500,997.65,0.00,22837.85,0.08820,22800
95409,2026-09-28 11:51:06,2940860,2261545,3864575,6.10,16.72,2026-10-06,24000,195455,181480,54600,1108.00,0.00,22837.85,0.06650,22800
95411,2026-09-28 11:51:06,582335,642200,1314755,4.90,17.33,2026-10-06,24100,19240,15860,4745,1191.05,0.00,22837.85,0.03300,22800
95703,2026-09-28 11:56:06,195,195,130,821.15,22.34,2026-10-06,22100,491530,397930,1712100,24.15,16.97,22823.20,2520.66670,22800
95705,2026-09-28 11:56:06,1170,0,2210,734.95,21.91,2026-10-06,22200,1484080,1289795,2520115,30.65,16.30,22823.20,1268.44440,22800
95707,2026-09-28 11:56:06,4810,910,8710,634.00,19.68,2026-10-06,22300,702000,435045,2124915,39.05,15.64,22823.20,145.94590,22800
95709,2026-09-28 11:56:06,14235,195,26975,531.30,18.36,2026-10-06,22400,1754155,1214720,3150030,50.70,15.05,22823.20,123.22830,22800
95711,2026-09-28 11:56:06,170300,97110,239135,448.45,16.58,2026-10-06,22500,1801865,1825395,7034170,67.00,14.56,22823.20,10.58050,22800
95713,2026-09-28 11:56:06,98995,63505,195325,370.00,15.89,2026-10-06,22600,1348230,1076075,5135000,87.75,14.07,22823.20,13.61920,22800
95715,2026-09-28 11:56:06,287950,118950,747305,296.30,15.25,2026-10-06,22700,1164540,1235520,4769050,115.30,13.59,22823.20,4.04420,22800
95717,2026-09-28 11:56:06,987935,169325,2802020,232.20,14.73,2026-10-06,22800,1638910,1157195,7128225,150.65,13.16,22823.20,1.65890,22800
95719,2026-09-28 11:56:06,1886235,309140,4819815,174.95,14.29,2026-10-06,22900,1380210,693355,6912100,193.90,12.68,22823.20,0.73170,22800
95721,2026-09-28 11:56:06,3162705,853775,8559720,128.65,13.95,2026-10-06,23000,2362360,2106260,6751745,247.10,12.27,22823.20,0.74690,22800
95723,2026-09-28 11:56:06,2988635,1955915,5610345,92.50,13.79,2026-10-06,23100,1848535,2353260,3269305,311.85,11.93,22823.20,0.61850,22800
95725,2026-09-28 11:56:06,3073980,2129335,5810545,65.00,13.70,2026-10-06,23200,1437865,1734720,1319240,383.00,11.54,22823.20,0.46780,22800
95727,2026-09-28 11:56:06,3423290,2588300,5791695,45.30,13.76,2026-10-06,23300,1855295,1957345,918645,463.00,11.02,22823.20,0.54200,22800
95729,2026-09-28 11:56:06,2164760,2019095,4939090,31.20,13.87,2026-10-06,23400,786890,859040,333970,547.95,9.86,22823.20,0.36350,22800
95731,2026-09-28 11:56:06,2909140,2760225,6794385,21.90,14.13,2026-10-06,23500,804310,826995,388440,638.00,0.00,22823.20,0.27650,22800
95733,2026-09-28 11:56:06,1436045,1140555,3137485,15.50,14.43,2026-10-06,23600,128115,120055,84045,730.00,0.00,22823.20,0.08920,22800
95735,2026-09-28 11:56:06,1488695,1372345,3459040,11.35,14.86,2026-10-06,23700,140075,140530,34125,814.20,0.00,22823.20,0.09410,22800
95737,2026-09-28 11:56:06,1381640,1106560,2731560,8.90,15.47,2026-10-06,23800,126945,120315,19175,920.00,0.00,22823.20,0.09190,22800
95739,2026-09-28 11:56:06,778505,910975,1840800,7.00,16.05,2026-10-06,23900,68770,65455,6500,997.65,0.00,22823.20,0.08830,22800
95741,2026-09-28 11:56:06,2943265,2261545,3898830,5.95,16.85,2026-10-06,24000,195195,181480,56680,1109.35,0.00,22823.20,0.06630,22800
95743,2026-09-28 11:56:06,605670,642200,1382355,4.80,17.40,2026-10-06,24100,19240,15860,4745,1191.05,0.00,22823.20,0.03180,22800
96035,2026-09-28 12:01:05,195,195,130,821.15,22.35,2026-10-06,22100,489125,397930,1735435,23.55,16.94,22827.95,2508.33330,22800
96037,2026-09-28 12:01:05,1170,0,2210,734.95,21.93,2026-10-06,22200,1489345,1289795,2563470,30.15,16.25,22827.95,1272.94440,22800
96039,2026-09-28 12:01:05,4810,910,8710,634.00,19.68,2026-10-06,22300,709540,435045,2153840,38.30,15.55,22827.95,147.51350,22800
96041,2026-09-28 12:01:05,14560,195,28730,525.00,16.57,2026-10-06,22400,1755130,1214720,3187470,49.70,15.01,22827.95,120.54460,22800
96043,2026-09-28 12:01:05,172380,97110,244400,440.65,15.84,2026-10-06,22500,1797380,1825395,7175805,65.80,14.45,22827.95,10.42680,22800
96045,2026-09-28 12:01:05,101335,63505,199355,364.85,15.47,2026-10-06,22600,1343355,1076075,5193045,86.95,13.99,22827.95,13.25660,22800
96047,2026-09-28 12:01:05,306150,118950,783380,297.00,15.23,2026-10-06,22700,1179880,1235520,4876170,114.25,13.53,22827.95,3.85390,22800
96049,2026-09-28 12:01:05,1056445,169325,3068520,230.85,14.69,2026-10-06,22800,1594450,1157195,7529145,150.00,13.11,22827.95,1.50930,22800
96051,2026-09-28 12:01:05,1925300,309140,4999605,175.60,14.26,2026-10-06,22900,1384630,693355,7107555,193.40,12.65,22827.95,0.71920,22800
96053,2026-09-28 12:01:05,3235635,853775,8859045,129.00,13.94,2026-10-06,23000,2360150,2106260,6882720,246.95,12.28,22827.95,0.72940,22800
96055,2026-09-28 12:01:05,3012620,1955915,5724420,92.70,13.82,2026-10-06,23100,1846390,2353260,3299920,311.15,11.94,22827.95,0.61290,22800
96057,2026-09-28 12:01:05,3063385,2129335,5907395,65.00,13.70,2026-10-06,23200,1435005,1734720,1326520,381.70,12.10,22827.95,0.46840,22800
96059,2026-09-28 12:01:05,3433235,2588300,5868070,45.50,13.75,2026-10-06,23300,1851525,1957345,925145,468.40,11.75,22827.95,0.53930,22800
96061,2026-09-28 12:01:05,2175225,2019095,5022745,31.40,13.89,2026-10-06,23400,782665,859040,343655,549.70,10.25,22827.95,0.35980,22800
96063,2026-09-28 12:01:05,2914990,2760225,6854120,22.00,14.14,2026-10-06,23500,807755,826995,391430,643.75,9.80,22827.95,0.27710,22800
96065,2026-09-28 12:01:05,1439555,1140555,3186755,15.80,14.50,2026-10-06,23600,128635,120055,84565,737.10,0.00,22827.95,0.08940,22800
96067,2026-09-28 12:01:05,1491815,1372345,3479450,11.45,14.89,2026-10-06,23700,140140,140530,34710,832.00,0.00,22827.95,0.09390,22800
96069,2026-09-28 12:01:05,1379105,1106560,2743455,9.05,15.53,2026-10-06,23800,126945,120315,19305,926.70,0.00,22827.95,0.09200,22800
96071,2026-09-28 12:01:05,776425,910975,1864655,7.15,16.11,2026-10-06,23900,68965,65455,6760,1029.10,0.00,22827.95,0.08880,22800
96073,2026-09-28 12:01:05,2953925,2261545,3961620,6.05,16.88,2026-10-06,24000,195390,181480,57005,1124.80,0.00,22827.95,0.06610,22800
96075,2026-09-28 12:01:05,621985,642200,1415960,4.80,17.46,2026-10-06,24100,19240,15860,4745,1191.05,0.00,22827.95,0.03090,22800
96367,2026-09-28 12:06:06,195,195,130,821.15,21.42,2026-10-06,22100,488540,397930,1747785,22.90,16.91,22836.20,2505.33330,22800
96369,2026-09-28 12:06:06,1170,0,2210,734.95,21.13,2026-10-06,22200,1492725,1289795,2578875,28.95,16.20,22836.20,1275.83330,22800
96371,2026-09-28 12:06:06,4810,910,8710,634.00,18.94,2026-10-06,22300,711165,435045,2167035,37.00,15.53,22836.20,147.85140,22800
96373,2026-09-28 12:06:06,14560,195,28730,525.00,15.85,2026-10-06,22400,1756885,1214720,3214445,47.75,14.90,22836.20,120.66520,22800
96375,2026-09-28 12:06:06,172640,97110,247325,450.00,15.66,2026-10-06,22500,1790620,1825395,7254845,63.30,14.43,22836.20,10.37200,22800
96377,2026-09-28 12:06:06,101660,63505,200525,370.25,15.43,2026-10-06,22600,1360060,1076075,5286775,83.85,13.95,22836.20,13.37850,22800
96379,2026-09-28 12:06:06,310505,118950,798265,299.00,15.00,2026-10-06,22700,1188720,1235520,4937725,110.95,13.49,22836.20,3.82830,22800
96381,2026-09-28 12:06:06,1065610,169325,3182660,233.65,14.47,2026-10-06,22800,1589250,1157195,7682285,146.25,13.12,22836.20,1.49140,22800
96383,2026-09-28 12:06:06,1933360,309140,5059275,177.25,14.06,2026-10-06,22900,1403870,693355,7171970,188.25,12.65,22836.20,0.72610,22800
96385,2026-09-28 12:06:06,3225300,853775,9006985,130.30,13.79,2026-10-06,23000,2362555,2106260,6941935,241.60,12.26,22836.20,0.73250,22800
96387,2026-09-28 12:06:06,3025425,1955915,5770245,93.75,13.66,2026-10-06,23100,1844050,2353260,3319485,305.40,12.10,22836.20,0.60950,22800
96389,2026-09-28 12:06:06,3078725,2129335,5975320,66.00,13.61,2026-10-06,23200,1434615,1734720,1329965,380.00,11.93,22836.20,0.46600,22800
96391,2026-09-28 12:06:06,3445000,2588300,5911100,46.05,13.67,2026-10-06,23300,1851265,1957345,927745,457.10,11.35,22836.20,0.53740,22800
96393,2026-09-28 12:06:06,2179970,2019095,5059535,31.80,13.81,2026-10-06,23400,781495,859040,349375,541.75,10.53,22836.20,0.35850,22800
96395,2026-09-28 12:06:06,2920580,2760225,6903845,22.30,14.05,2026-10-06,23500,807885,826995,407420,635.00,9.61,22836.20,0.27660,22800
96397,2026-09-28 12:06:06,1441310,1140555,3200925,16.00,14.42,2026-10-06,23600,135395,120055,94380,728.80,0.00,22836.20,0.09390,22800
96399,2026-09-28 12:06:06,1487135,1372345,3495635,11.65,14.83,2026-10-06,23700,141115,140530,38285,823.40,0.00,22836.20,0.09490,22800
96401,2026-09-28 12:06:06,1383070,1106560,2763150,9.25,15.47,2026-10-06,23800,126945,120315,19305,926.70,0.00,22836.20,0.09180,22800
96403,2026-09-28 12:06:06,776815,910975,1884025,7.30,16.08,2026-10-06,23900,69095,65455,6825,1019.45,0.00,22836.20,0.08890,22800
96405,2026-09-28 12:06:06,2979145,2261545,4067180,6.25,16.85,2026-10-06,24000,196430,181480,58240,1117.00,0.00,22836.20,0.06590,22800
96407,2026-09-28 12:06:06,623610,642200,1434485,5.00,17.46,2026-10-06,24100,19890,15860,4810,1208.40,0.00,22836.20,0.03190,22800
96699,2026-09-28 12:11:06,195,195,130,821.15,21.78,2026-10-06,22100,489255,397930,1757665,22.85,16.83,22831.80,2509.00000,22800
96701,2026-09-28 12:11:06,1235,0,2275,709.50,18.33,2026-10-06,22200,1493765,1289795,2595710,29.05,16.16,22831.80,1209.52630,22800
96703,2026-09-28 12:11:06,4810,910,8710,634.00,19.23,2026-10-06,22300,709800,435045,2183350,37.25,15.52,22831.80,147.56760,22800
96705,2026-09-28 12:11:06,14690,195,29250,534.00,17.17,2026-10-06,22400,1758965,1214720,3251300,48.20,14.88,22831.80,119.73890,22800
96707,2026-09-28 12:11:06,172705,97110,248690,446.60,16.02,2026-10-06,22500,1796340,1825395,7306455,64.50,14.45,22831.80,10.40120,22800
96709,2026-09-28 12:11:06,102635,63505,203190,368.00,15.43,2026-10-06,22600,1357915,1076075,5308420,84.95,13.91,22831.80,13.23050,22800
96711,2026-09-28 12:11:06,312910,118950,811005,297.30,15.03,2026-10-06,22700,1202305,1235520,4976010,112.15,13.47,22831.80,3.84230,22800
96713,2026-09-28 12:11:06,1073865,169325,3240835,232.65,14.53,2026-10-06,22800,1596205,1157195,7774065,147.05,13.09,22831.80,1.48640,22800
96715,2026-09-28 12:11:06,1946035,309140,5106595,175.00,14.05,2026-10-06,22900,1422655,693355,7225010,190.25,12.68,22831.80,0.73110,22800
96717,2026-09-28 12:11:06,3238950,853775,9081995,128.50,13.76,2026-10-06,23000,2363270,2106260,6974240,243.00,12.25,22831.80,0.72960,22800
96719,2026-09-28 12:11:06,3039465,1955915,5815290,92.25,13.63,2026-10-06,23100,1847300,2353260,3332030,306.90,11.95,22831.80,0.60780,22800
96721,2026-09-28 12:11:06,3071510,2129335,6022510,64.80,13.57,2026-10-06,23200,1433965,1734720,1331915,379.60,11.63,22831.80,0.46690,22800
96723,2026-09-28 12:11:06,3451175,2588300,5939765,45.15,13.64,2026-10-06,23300,1849705,1957345,930800,460.40,11.29,22831.80,0.53600,22800
96725,2026-09-28 12:11:06,2178670,2019095,5110625,31.10,13.78,2026-10-06,23400,779805,859040,351390,546.05,10.56,22831.80,0.35790,22800
96727,2026-09-28 12:11:06,2914990,2760225,6969495,21.60,13.99,2026-10-06,23500,808015,826995,410150,634.35,0.00,22831.80,0.27720,22800
96729,2026-09-28 12:11:06,1457365,1140555,3252990,15.45,14.37,2026-10-06,23600,135460,120055,94965,728.00,0.00,22831.80,0.09290,22800
96731,2026-09-28 12:11:06,1496560,1372345,3546595,11.30,14.79,2026-10-06,23700,141440,140530,39975,820.95,0.00,22831.80,0.09450,22800
96733,2026-09-28 12:11:06,1384435,1106560,2776800,8.85,15.41,2026-10-06,23800,127010,120315,19825,920.20,0.00,22831.80,0.09170,22800
96735,2026-09-28 12:11:06,780845,910975,1898715,7.05,16.05,2026-10-06,23900,70070,65455,7930,1020.00,0.00,22831.80,0.08970,22800
96737,2026-09-28 12:11:06,2990910,2261545,4113070,6.00,16.78,2026-10-06,24000,197340,181480,58825,1118.00,0.00,22831.80,0.06600,22800
96739,2026-09-28 12:11:06,630175,642200,1441635,4.85,17.40,2026-10-06,24100,19890,15860,4810,1208.40,0.00,22831.80,0.03160,22800
97031,2026-09-28 12:16:06,195,195,130,821.15,22.28,2026-10-06,22100,489125,397930,1764165,23.45,16.83,22825.15,2508.33330,22800
97033,2026-09-28 12:16:06,1235,0,2275,709.50,18.83,2026-10-06,22200,1495455,1289795,2601430,29.75,16.20,22825.15,1210.89470,22800
97035,2026-09-28 12:16:06,4810,910,8775,623.25,18.46,2026-10-06,22300,711555,435045,2192190,37.75,15.50,22825.15,147.93240,22800
97037,2026-09-28 12:16:06,14690,195,29250,534.00,17.44,2026-10-06,22400,1758510,1214720,3260400,49.35,14.92,22825.15,119.70800,22800
97039,2026-09-28 12:16:06,173095,97110,249860,446.00,16.34,2026-10-06,22500,1789255,1825395,7372170,65.60,14.45,22825.15,10.33680,22800
97041,2026-09-28 12:16:06,102635,63505,205140,366.60,15.60,2026-10-06,22600,1358695,1076075,5328245,86.35,13.95,22825.15,13.23810,22800
97043,2026-09-28 12:16:06,312065,118950,814515,295.95,15.14,2026-10-06,22700,1221870,1235520,5013905,114.00,13.48,22825.15,3.91540,22800
97045,2026-09-28 12:16:06,1068925,169325,3295305,230.95,14.65,2026-10-06,22800,1594905,1157195,7830420,149.00,13.05,22825.15,1.49210,22800
97047,2026-09-28 12:16:06,1954875,309140,5156515,173.50,14.14,2026-10-06,22900,1430520,693355,7283965,192.95,12.65,22825.15,0.73180,22800
97049,2026-09-28 12:16:06,3245190,853775,9118590,127.80,13.87,2026-10-06,23000,2357550,2106260,7000045,246.70,12.25,22825.15,0.72650,22800
97051,2026-09-28 12:16:06,3045640,1955915,5837260,91.80,13.73,2026-10-06,23100,1845740,2353260,3340480,310.25,11.96,22825.15,0.60600,22800
97053,2026-09-28 12:16:06,3076190,2129335,6044350,64.55,13.65,2026-10-06,23200,1434355,1734720,1332955,382.35,11.54,22825.15,0.46630,22800
97055,2026-09-28 12:16:06,3459365,2588300,5956990,44.90,13.74,2026-10-06,23300,1850160,1957345,933595,462.10,10.99,22825.15,0.53480,22800
97057,2026-09-28 12:16:06,2195440,2019095,5126680,31.15,13.85,2026-10-06,23400,779350,859040,351975,541.30,7.81,22825.15,0.35500,22800
97059,2026-09-28 12:16:06,2913040,2760225,6989645,21.70,14.08,2026-10-06,23500,810615,826995,421655,638.00,0.00,22825.15,0.27830,22800
97061,2026-09-28 12:16:06,1451450,1140555,3271645,15.40,14.43,2026-10-06,23600,135525,120055,95615,729.45,0.00,22825.15,0.09340,22800
97063,2026-09-28 12:16:06,1504425,1372345,3556280,11.30,14.86,2026-10-06,23700,141310,140530,42250,819.60,0.00,22825.15,0.09390,22800
97065,2026-09-28 12:16:06,1385150,1106560,2794870,8.80,15.44,2026-10-06,23800,127010,120315,19825,920.20,0.00,22825.15,0.09170,22800
97067,2026-09-28 12:16:06,783120,910975,1912950,7.05,16.08,2026-10-06,23900,70200,65455,8450,1015.00,0.00,22825.15,0.08960,22800
97069,2026-09-28 12:16:06,3028155,2261545,4207905,6.05,16.91,2026-10-06,24000,197600,181480,59540,1115.90,0.00,22825.15,0.06530,22800
97071,2026-09-28 12:16:06,632450,642200,1444560,4.85,17.46,2026-10-06,24100,19890,15860,4810,1208.40,0.00,22825.15,0.03140,22800
97363,2026-09-28 12:21:06,195,195,130,821.15,21.49,2026-10-06,22100,488345,397930,1768910,22.60,16.83,22834.35,2504.33330,22800
97365,2026-09-28 12:21:06,1235,0,2275,709.50,18.02,2026-10-06,22200,1499940,1289795,2625480,28.70,16.19,22834.35,1214.52630,22800
97367,2026-09-28 12:21:06,4810,910,8775,623.25,17.78,2026-10-06,22300,711620,435045,2203890,36.90,15.52,22834.35,147.94590,22800
97369,2026-09-28 12:21:06,14690,195,29315,535.95,17.06,2026-10-06,22400,1761370,1214720,3278860,47.80,14.91,22834.35,119.90270,22800
97371,2026-09-28 12:21:06,173290,97110,250900,451.00,16.25,2026-10-06,22500,1787110,1825395,7414355,63.70,14.39,22834.35,10.31280,22800
97373,2026-09-28 12:21:06,103220,63505,206115,371.65,15.59,2026-10-06,22600,1355445,1076075,5346900,83.45,13.88,22834.35,13.13160,22800
97375,2026-09-28 12:21:06,311090,118950,820495,299.25,15.05,2026-10-06,22700,1212575,1235520,5077280,110.70,13.44,22834.35,3.89780,22800
97377,2026-09-28 12:21:06,1069185,169325,3329885,234.00,14.51,2026-10-06,22800,1586065,1157195,7884240,145.10,13.01,22834.35,1.48340,22800
97379,2026-09-28 12:21:06,1954940,309140,5191940,176.35,14.08,2026-10-06,22900,1428115,693355,7323355,188.00,12.55,22834.35,0.73050,22800
97381,2026-09-28 12:21:06,3254615,853775,9158305,129.30,13.79,2026-10-06,23000,2358590,2106260,7031505,240.95,12.25,22834.35,0.72470,22800
97383,2026-09-28 12:21:06,3051945,1955915,5901155,93.05,13.63,2026-10-06,23100,1852045,2353260,3355820,305.45,11.90,22834.35,0.60680,22800
97385,2026-09-28 12:21:06,3082885,2129335,6082245,65.25,13.56,2026-10-06,23200,1435330,1734720,1335165,377.00,11.59,22834.35,0.46560,22800
97387,2026-09-28 12:21:06,3462290,2588300,5990660,45.30,13.61,2026-10-06,23300,1850550,1957345,937755,454.25,10.77,22834.35,0.53450,22800
97389,2026-09-28 12:21:06,2199470,2019095,5148390,31.35,13.76,2026-10-06,23400,777855,859040,354900,537.55,9.06,22834.35,0.35370,22800
97391,2026-09-28 12:21:06,2914665,2760225,7031050,21.80,13.99,2026-10-06,23500,813345,826995,422305,631.50,0.00,22834.35,0.27910,22800
97393,2026-09-28 12:21:06,1445340,1140555,3277365,15.45,14.31,2026-10-06,23600,136695,120055,97760,724.90,0.00,22834.35,0.09460,22800
97395,2026-09-28 12:21:06,1506180,1372345,3568240,11.35,14.74,2026-10-06,23700,141375,140530,42315,819.60,0.00,22834.35,0.09390,22800
97397,2026-09-28 12:21:06,1381510,1106560,2807740,8.75,15.35,2026-10-06,23800,127270,120315,20540,917.00,0.00,22834.35,0.09210,22800
97399,2026-09-28 12:21:06,787735,910975,1924975,6.95,15.96,2026-10-06,23900,72735,65455,29835,1009.00,0.00,22834.35,0.09230,22800
97401,2026-09-28 12:21:06,3035890,2261545,4288375,5.85,16.72,2026-10-06,24000,197860,181480,61165,1111.00,0.00,22834.35,0.06520,22800
97403,2026-09-28 12:21:06,636610,642200,1471145,4.75,17.33,2026-10-06,24100,19955,15860,4875,1211.85,0.00,22834.35,0.03130,22800
97695,2026-09-28 12:26:06,195,195,130,821.15,20.08,2026-10-06,22100,485875,397930,1778270,21.60,16.83,22847.05,2491.66670,22800
97697,2026-09-28 12:26:06,1235,0,2275,709.50,16.51,2026-10-06,22200,1487005,1289795,2669030,27.20,16.11,22847.05,1204.05260,22800
97699,2026-09-28 12:26:06,4810,910,8775,623.25,16.59,2026-10-06,22300,711750,435045,2214875,34.75,15.44,22847.05,147.97300,22800
97701,2026-09-28 12:26:06,14885,195,29835,543.35,16.86,2026-10-06,22400,1762995,1214720,3303950,45.25,14.83,22847.05,118.44100,22800
97703,2026-09-28 12:26:06,174330,97110,253045,460.00,16.27,2026-10-06,22500,1776450,1825395,7479290,60.20,14.31,22847.05,10.19020,22800
97705,2026-09-28 12:26:06,103220,63505,210080,380.00,15.60,2026-10-06,22600,1354015,1076075,5385575,79.35,13.82,22847.05,13.11780,22800
97707,2026-09-28 12:26:06,308815,118950,837980,307.50,15.08,2026-10-06,22700,1212055,1235520,5113420,105.15,13.34,22847.05,3.92490,22800
97709,2026-09-28 12:26:06,1075945,169325,3401580,240.20,14.60,2026-10-06,22800,1575015,1157195,7960940,139.05,12.95,22847.05,1.46380,22800
97711,2026-09-28 12:26:06,1957345,309140,5241990,182.00,14.08,2026-10-06,22900,1432795,693355,7434765,180.30,12.50,22847.05,0.73200,22800
97713,2026-09-28 12:26:06,3267680,853775,9248460,133.80,13.79,2026-10-06,23000,2355340,2106260,7077265,232.55,12.07,22847.05,0.72080,22800
97715,2026-09-28 12:26:06,3041610,1955915,5956925,96.40,13.59,2026-10-06,23100,1853020,2353260,3392155,294.45,11.79,22847.05,0.60920,22800
97717,2026-09-28 12:26:06,3085095,2129335,6134115,68.10,13.56,2026-10-06,23200,1437670,1734720,1344070,365.00,11.31,22847.05,0.46600,22800
97719,2026-09-28 12:26:06,3477435,2588300,6042530,47.20,13.58,2026-10-06,23300,1850940,1957345,946790,446.70,10.89,22847.05,0.53230,22800
97721,2026-09-28 12:26:06,2199210,2019095,5170815,32.55,13.70,2026-10-06,23400,777270,859040,357175,531.15,10.24,22847.05,0.35340,22800
97723,2026-09-28 12:26:06,2926105,2760225,7067840,22.70,13.95,2026-10-06,23500,813150,826995,424320,621.70,8.30,22847.05,0.27790,22800
97725,2026-09-28 12:26:06,1446055,1140555,3289130,16.10,14.28,2026-10-06,23600,137085,120055,98670,709.65,10.13,22847.05,0.09480,22800
97727,2026-09-28 12:26:06,1505855,1372345,3578250,11.60,14.68,2026-10-06,23700,141375,140530,42770,808.00,0.00,22847.05,0.09390,22800
97729,2026-09-28 12:26:06,1383590,1106560,2821130,8.95,15.26,2026-10-06,23800,127595,120315,20800,908.70,0.00,22847.05,0.09220,22800
97731,2026-09-28 12:26:06,799500,910975,1952015,7.05,15.84,2026-10-06,23900,71955,65455,33150,999.00,0.00,22847.05,0.09000,22800
97733,2026-09-28 12:26:06,3038425,2261545,4318925,6.00,16.63,2026-10-06,24000,199420,181480,61490,1109.10,0.00,22847.05,0.06560,22800
97735,2026-09-28 12:26:06,635830,642200,1493245,4.85,17.21,2026-10-06,24100,20085,15860,5005,1202.40,0.00,22847.05,0.03160,22800
98027,2026-09-28 12:31:05,195,195,130,821.15,19.70,2026-10-06,22100,485680,397930,1791920,20.95,16.75,22849.10,2490.66670,22800
98029,2026-09-28 12:31:05,1235,0,2340,732.50,19.39,2026-10-06,22200,1503385,1289795,2683915,26.65,16.07,22849.10,1217.31580,22800
98031,2026-09-28 12:31:05,4810,910,8775,623.25,16.25,2026-10-06,22300,712140,435045,2260635,33.90,15.38,22849.10,148.05410,22800
98033,2026-09-28 12:31:05,14495,195,30160,550.00,17.30,2026-10-06,22400,1762605,1214720,3344250,44.10,14.76,22849.10,121.60090,22800
98035,2026-09-28 12:31:05,174460,97110,256295,460.50,16.11,2026-10-06,22500,1777295,1825395,7566585,58.70,14.24,22849.10,10.18740,22800
98037,2026-09-28 12:31:05,101465,63505,212550,380.10,15.43,2026-10-06,22600,1370785,1076075,5434585,77.75,13.75,22849.10,13.50990,22800
98039,2026-09-28 12:31:05,299130,118950,856830,305.70,14.95,2026-10-06,22700,1214590,1235520,5170035,102.70,13.26,22849.10,4.06040,22800
98041,2026-09-28 12:31:05,1059500,169325,3522480,239.10,14.37,2026-10-06,22800,1582880,1157195,8116875,136.45,12.89,22849.10,1.49400,22800
98043,2026-09-28 12:31:05,1934075,309140,5371990,180.95,13.91,2026-10-06,22900,1445210,693355,7555470,177.75,12.39,22849.10,0.74720,22800
98045,2026-09-28 12:31:05,3279835,853775,9385480,132.55,13.60,2026-10-06,23000,2358785,2106260,7168720,229.15,12.01,22849.10,0.71920,22800
98047,2026-09-28 12:31:05,3000270,1955915,6185335,94.55,13.40,2026-10-06,23100,1848080,2353260,3432845,290.70,11.63,22849.10,0.61600,22800
98049,2026-09-28 12:31:05,3099395,2129335,6235190,66.30,13.32,2026-10-06,23200,1438515,1734720,1348685,360.75,11.12,22849.10,0.46410,22800
98051,2026-09-28 12:31:05,3478930,2588300,6094985,46.00,13.41,2026-10-06,23300,1851200,1957345,955240,443.10,11.00,22849.10,0.53210,22800
98053,2026-09-28 12:31:05,2207985,2019095,5213065,31.65,13.53,2026-10-06,23400,776555,859040,360490,520.00,7.84,22849.10,0.35170,22800
98055,2026-09-28 12:31:05,2904200,2760225,7153900,22.00,13.79,2026-10-06,23500,815425,826995,432770,615.70,0.00,22849.10,0.28080,22800
98057,2026-09-28 12:31:05,1446965,1140555,3317925,15.50,14.11,2026-10-06,23600,137605,120055,100230,703.50,0.00,22849.10,0.09510,22800
98059,2026-09-28 12:31:05,1507025,1372345,3601455,11.40,14.59,2026-10-06,23700,141375,140530,42965,797.00,0.00,22849.10,0.09380,22800
98061,2026-09-28 12:31:05,1382420,1106560,2836600,8.85,15.17,2026-10-06,23800,127465,120315,21320,898.00,0.00,22849.10,0.09220,22800
98063,2026-09-28 12:31:05,802490,910975,1966120,7.00,15.81,2026-10-06,23900,77675,65455,40300,995.00,0.00,22849.10,0.09680,22800
98065,2026-09-28 12:31:05,3042780,2261545,4359420,6.00,16.60,2026-10-06,24000,200460,181480,62920,1093.25,0.00,22849.10,0.06590,22800
98067,2026-09-28 12:31:05,631345,642200,1518140,4.85,17.21,2026-10-06,24100,20085,15860,5655,1185.00,0.00,22849.10,0.03180,22800
98359,2026-09-28 12:36:07,195,195,130,821.15,20.89,2026-10-06,22100,489125,397930,1802125,22.20,16.85,22838.65,2508.33330,22800
98361,2026-09-28 12:36:07,1235,0,2405,725.00,19.47,2026-10-06,22200,1505010,1289795,2720705,28.60,16.24,22838.65,1218.63160,22800
98363,2026-09-28 12:36:07,4810,910,8905,630.00,18.07,2026-10-06,22300,714480,435045,2285205,36.40,15.56,22838.65,148.54050,22800
98365,2026-09-28 12:36:07,14495,195,30290,540.10,17.06,2026-10-06,22400,1769235,1214720,3383835,47.50,14.94,22838.65,122.05830,22800
98367,2026-09-28 12:36:07,174785,97110,257790,453.00,15.93,2026-10-06,22500,1788345,1825395,7641075,62.60,14.43,22838.65,10.23170,22800
98369,2026-09-28 12:36:07,101400,63505,215800,374.80,15.55,2026-10-06,22600,1371240,1076075,5478005,82.70,13.95,22838.65,13.52310,22800
98371,2026-09-28 12:36:07,306215,118950,879125,301.30,14.96,2026-10-06,22700,1229540,1235520,5266950,109.90,13.53,22838.65,4.01530,22800
98373,2026-09-28 12:36:07,1054820,169325,3655730,234.70,14.44,2026-10-06,22800,1587625,1157195,8249085,144.20,13.11,22838.65,1.50510,22800
98375,2026-09-28 12:36:07,1922115,309140,5463185,177.60,14.02,2026-10-06,22900,1455285,693355,7681635,186.55,12.70,22838.65,0.75710,22800
98377,2026-09-28 12:36:07,3279250,853775,9496370,130.20,13.71,2026-10-06,23000,2360280,2106260,7248410,239.40,12.33,22838.65,0.71980,22800
98379,2026-09-28 12:36:07,2972385,1955915,6250790,93.00,13.49,2026-10-06,23100,1842620,2353260,3459430,302.70,12.03,22838.65,0.61990,22800
98381,2026-09-28 12:36:07,3098420,2129335,6288360,65.20,13.46,2026-10-06,23200,1440205,1734720,1356745,374.00,11.54,22838.65,0.46480,22800
98383,2026-09-28 12:36:07,3487055,2588300,6159985,45.20,13.50,2026-10-06,23300,1851720,1957345,958685,454.65,11.46,22838.65,0.53100,22800
98385,2026-09-28 12:36:07,2206425,2019095,5248685,31.15,13.69,2026-10-06,23400,771745,859040,370890,538.00,10.44,22838.65,0.34980,22800
98387,2026-09-28 12:36:07,2917005,2760225,7298590,21.75,13.89,2026-10-06,23500,813280,826995,436735,629.00,8.97,22838.65,0.27880,22800
98389,2026-09-28 12:36:07,1454960,1140555,3352570,15.50,14.25,2026-10-06,23600,138385,120055,102635,719.00,0.00,22838.65,0.09510,22800
98391,2026-09-28 12:36:07,1510405,1372345,3627195,11.30,14.68,2026-10-06,23700,143780,140530,45695,816.60,0.00,22838.65,0.09520,22800
98393,2026-09-28 12:36:07,1379885,1106560,2853825,8.90,15.32,2026-10-06,23800,127595,120315,21515,904.00,0.00,22838.65,0.09250,22800
98395,2026-09-28 12:36:07,804375,910975,1976260,7.00,15.93,2026-10-06,23900,82030,65455,40430,999.00,0.00,22838.65,0.10200,22800
98397,2026-09-28 12:36:07,3049215,2261545,4418765,6.00,16.72,2026-10-06,24000,202215,181480,65325,1109.00,0.00,22838.65,0.06630,22800
98399,2026-09-28 12:36:07,635180,642200,1534520,4.85,17.33,2026-10-06,24100,20085,15860,5655,1185.00,0.00,22838.65,0.03160,22800
98691,2026-09-28 12:41:07,195,195,130,821.15,20.74,2026-10-06,22100,489450,397930,1809730,21.85,16.82,22839.70,2510.00000,22800
98693,2026-09-28 12:41:07,1235,0,2405,725.00,19.44,2026-10-06,22200,1506830,1289795,2775435,28.05,16.17,22839.70,1220.10530,22800
98695,2026-09-28 12:41:07,4810,910,8905,630.00,17.94,2026-10-06,22300,714935,435045,2296970,35.65,15.49,22839.70,148.63510,22800
98697,2026-09-28 12:41:07,14365,195,30420,540.10,17.04,2026-10-06,22400,1770340,1214720,3391570,46.45,14.86,22839.70,123.23980,22800
98699,2026-09-28 12:41:07,174525,97110,261235,455.55,16.24,2026-10-06,22500,1789580,1825395,7666035,61.70,14.37,22839.70,10.25400,22800
98701,2026-09-28 12:41:07,101855,63505,216840,376.20,15.60,2026-10-06,22600,1360840,1076075,5510050,81.35,13.87,22839.70,13.36060,22800
98703,2026-09-28 12:41:07,307645,118950,894400,303.80,15.04,2026-10-06,22700,1232010,1235520,5286580,107.80,13.42,22839.70,4.00460,22800
98705,2026-09-28 12:41:07,1060085,169325,3685045,236.70,14.54,2026-10-06,22800,1593150,1157195,8287110,141.85,12.95,22839.70,1.50290,22800
98707,2026-09-28 12:41:07,1922245,309140,5514405,178.60,14.06,2026-10-06,22900,1459705,693355,7799415,184.10,12.54,22839.70,0.75940,22800
98709,2026-09-28 12:41:07,3293875,853775,9552790,131.00,13.72,2026-10-06,23000,2366260,2106260,7284940,235.55,12.08,22839.70,0.71840,22800
98711,2026-09-28 12:41:07,2973425,1955915,6272175,93.65,13.52,2026-10-06,23100,1841320,2353260,3472820,298.40,11.80,22839.70,0.61930,22800
98713,2026-09-28 12:41:07,3110770,2129335,6320730,65.75,13.49,2026-10-06,23200,1439945,1734720,1358435,370.00,11.34,22839.70,0.46290,22800
98715,2026-09-28 12:41:07,3485560,2588300,6188325,45.55,13.52,2026-10-06,23300,1851915,1957345,961415,450.50,10.85,22839.70,0.53130,22800
98717,2026-09-28 12:41:07,2208180,2019095,5268445,31.45,13.69,2026-10-06,23400,768105,859040,379535,531.25,9.06,22839.70,0.34780,22800
98719,2026-09-28 12:41:07,2928900,2760225,7342465,21.95,13.92,2026-10-06,23500,812695,826995,439920,621.45,0.00,22839.70,0.27750,22800
98721,2026-09-28 12:41:07,1454960,1140555,3362645,15.55,14.25,2026-10-06,23600,142805,120055,106015,715.15,0.00,22839.70,0.09820,22800
98723,2026-09-28 12:41:07,1511250,1372345,3636490,11.25,14.65,2026-10-06,23700,143845,140530,46280,812.85,0.00,22839.70,0.09520,22800
98725,2026-09-28 12:41:07,1379690,1106560,2859870,8.80,15.29,2026-10-06,23800,127985,120315,23140,907.00,0.00,22839.70,0.09280,22800
98727,2026-09-28 12:41:07,829270,910975,2008045,6.90,15.87,2026-10-06,23900,82030,65455,40430,999.00,0.00,22839.70,0.09890,22800
98729,2026-09-28 12:41:07,3058510,2261545,4481945,5.90,16.66,2026-10-06,24000,202735,181480,65455,1104.05,0.00,22839.70,0.06630,22800
98731,2026-09-28 12:41:07,635180,642200,1546350,4.75,17.27,2026-10-06,24100,20085,15860,5655,1185.00,0.00,22839.70,0.03160,22800
99023,2026-09-28 12:46:07,195,195,130,821.15,20.95,2026-10-06,22100,490815,397930,1821560,22.00,16.75,22838.95,2517.00000,22800
99025,2026-09-28 12:46:07,1235,0,2405,725.00,19.61,2026-10-06,22200,1507090,1289795,2806895,28.10,16.16,22838.95,1220.31580,22800
99027,2026-09-28 12:46:07,4810,910,8905,630.00,18.19,2026-10-06,22300,716495,435045,2303145,35.90,15.47,22838.95,148.95950,22800
99029,2026-09-28 12:46:07,14300,195,31005,541.15,17.21,2026-10-06,22400,1770340,1214720,3407885,46.85,14.90,22838.95,123.80000,22800
99031,2026-09-28 12:46:07,175370,97110,263315,452.85,16.16,2026-10-06,22500,1791465,1825395,7708415,61.75,14.38,22838.95,10.21530,22800
99033,2026-09-28 12:46:07,102765,63505,218465,372.55,15.40,2026-10-06,22600,1362075,1076075,5540340,81.40,13.83,22838.95,13.25430,22800
99035,2026-09-28 12:46:07,300950,118950,914030,301.40,15.04,2026-10-06,22700,1236495,1235520,5315700,107.60,13.39,22838.95,4.10860,22800
99037,2026-09-28 12:46:07,1096225,169325,3752645,236.35,14.53,2026-10-06,22800,1597570,1157195,8333065,141.50,12.93,22838.95,1.45730,22800
99039,2026-09-28 12:46:07,1925105,309140,5560815,178.80,14.10,2026-10-06,22900,1463280,693355,7880860,183.70,12.48,22838.95,0.76010,22800
99041,2026-09-28 12:46:07,3299855,853775,9620520,131.00,13.76,2026-10-06,23000,2371590,2106260,7316530,235.95,12.08,22838.95,0.71870,22800
99043,2026-09-28 12:46:07,2978300,1955915,6301425,93.70,13.58,2026-10-06,23100,1842230,2353260,3479905,298.60,11.67,22838.95,0.61860,22800
99045,2026-09-28 12:46:07,3126175,2129335,6359925,65.30,13.47,2026-10-06,23200,1439880,1734720,1362335,369.95,11.21,22838.95,0.46060,22800
99047,2026-09-28 12:46:07,3492710,2588300,6213675,45.40,13.53,2026-10-06,23300,1853345,1957345,967980,451.50,10.99,22838.95,0.53060,22800
99049,2026-09-28 12:46:07,2205580,2019095,5299645,31.35,13.69,2026-10-06,23400,764270,859040,386685,536.65,10.04,22838.95,0.34650,22800
99051,2026-09-28 12:46:07,2952235,2760225,7392645,21.95,13.95,2026-10-06,23500,813605,826995,443560,626.45,0.00,22838.95,0.27560,22800
99053,2026-09-28 12:46:07,1456455,1140555,3372395,15.35,14.24,2026-10-06,23600,143195,120055,107185,718.70,0.00,22838.95,0.09830,22800
99055,2026-09-28 12:46:07,1506895,1372345,3649425,11.25,14.71,2026-10-06,23700,144365,140530,46410,807.40,0.00,22838.95,0.09580,22800
99057,2026-09-28 12:46:07,1378260,1106560,2866760,8.80,15.29,2026-10-06,23800,129480,120315,23725,902.00,0.00,22838.95,0.09390,22800
99059,2026-09-28 12:46:07,833040,910975,2020070,6.90,15.90,2026-10-06,23900,82160,65455,40495,1004.40,0.00,22838.95,0.09860,22800
99061,2026-09-28 12:46:07,3068585,2261545,4503135,5.95,16.72,2026-10-06,24000,202735,181480,65650,1098.60,0.00,22838.95,0.06610,22800
99063,2026-09-28 12:46:07,635635,642200,1554410,4.75,17.27,2026-10-06,24100,20735,15860,5980,1200.00,0.00,22838.95,0.03260,22800
99355,2026-09-28 12:51:06,195,195,130,821.15,21.16,2026-10-06,22100,499005,397930,1848405,22.00,16.78,22834.50,2559.00000,22800
99357,2026-09-28 12:51:06,1235,0,2405,725.00,19.71,2026-10-06,22200,1512030,1289795,2821715,28.45,16.19,22834.50,1224.31580,22800
99359,2026-09-28 12:51:06,4875,910,9100,631.10,18.41,2026-10-06,22300,719615,435045,2314325,35.80,15.46,22834.50,147.61330,22800
99361,2026-09-28 12:51:06,15080,195,31915,537.95,17.03,2026-10-06,22400,1772615,1214720,3432845,46.80,14.87,22834.50,117.54740,22800
99363,2026-09-28 12:51:06,179855,97110,272935,451.40,16.09,2026-10-06,22500,1801150,1825395,7746960,62.05,14.35,22834.50,10.01450,22800
99365,2026-09-28 12:51:06,102570,63505,218985,376.00,15.79,2026-10-06,22600,1367925,1076075,5585775,81.55,13.81,22834.50,13.33650,22800
99367,2026-09-28 12:51:06,291850,118950,933270,301.45,15.09,2026-10-06,22700,1230645,1235520,5336825,108.20,13.35,22834.50,4.21670,22800
99369,2026-09-28 12:51:06,1097525,169325,3778515,236.15,14.60,2026-10-06,22800,1607905,1157195,8386885,142.95,12.96,22834.50,1.46500,22800
99371,2026-09-28 12:51:06,1929655,309140,5586555,178.10,14.11,2026-10-06,22900,1460355,693355,7917975,184.95,12.44,22834.50,0.75680,22800
99373,2026-09-28 12:51:06,3304535,853775,9674990,130.75,13.79,2026-10-06,23000,2374515,2106260,7370545,237.10,12.04,22834.50,0.71860,22800
99375,2026-09-28 12:51:06,2974855,1955915,6325085,93.45,13.60,2026-10-06,23100,1839695,2353260,3492970,298.90,11.66,22834.50,0.61840,22800
99377,2026-09-28 12:51:06,3123705,2129335,6389825,65.35,13.51,2026-10-06,23200,1440010,1734720,1363310,371.20,11.26,22834.50,0.46100,22800
99379,2026-09-28 12:51:06,3492060,2588300,6234670,45.40,13.57,2026-10-06,23300,1854710,1957345,969345,450.40,10.62,22834.50,0.53110,22800
99381,2026-09-28 12:51:06,2196220,2019095,5372380,31.40,13.73,2026-10-06,23400,762255,859040,391040,535.00,9.22,22834.50,0.34710,22800
99383,2026-09-28 12:51:06,2951260,2760225,7417085,21.85,13.95,2026-10-06,23500,814255,826995,445055,627.00,0.00,22834.50,0.27590,22800
99385,2026-09-28 12:51:06,1461265,1140555,3380975,15.45,14.28,2026-10-06,23600,143585,120055,108550,714.85,0.00,22834.50,0.09830,22800
99387,2026-09-28 12:51:06,1517230,1372345,3665610,11.25,14.71,2026-10-06,23700,144495,140530,47580,812.00,0.00,22834.50,0.09520,22800
99389,2026-09-28 12:51:06,1378520,1106560,2875730,8.85,15.32,2026-10-06,23800,130520,120315,25025,909.00,0.00,22834.50,0.09470,22800
99391,2026-09-28 12:51:06,838175,910975,2029755,7.00,15.93,2026-10-06,23900,82160,65455,40495,1004.40,0.00,22834.50,0.09800,22800
99393,2026-09-28 12:51:06,3068845,2261545,4527965,5.95,16.72,2026-10-06,24000,203905,181480,66820,1103.80,0.00,22834.50,0.06640,22800
99395,2026-09-28 12:51:06,636285,642200,1557985,4.75,17.33,2026-10-06,24100,20735,15860,5980,1200.00,0.00,22834.50,0.03260,22800
99687,2026-09-28 12:56:06,195,195,130,821.15,21.62,2026-10-06,22100,499265,397930,1855230,22.85,16.89,22831.80,2560.33330,22800
99689,2026-09-28 12:56:06,1235,0,2470,710.00,18.43,2026-10-06,22200,1510730,1289795,2856035,28.90,16.19,22831.80,1223.26320,22800
99691,2026-09-28 12:56:06,4615,910,9555,619.20,17.43,2026-10-06,22300,730080,435045,2328690,36.75,15.48,22831.80,158.19720,22800
99693,2026-09-28 12:56:06,15470,195,32435,532.00,16.75,2026-10-06,22400,1778530,1214720,3458000,47.60,14.88,22831.80,114.96640,22800
99695,2026-09-28 12:56:06,184080,97110,274105,451.60,16.53,2026-10-06,22500,1812070,1825395,7846865,62.90,14.36,22831.80,9.84390,22800
99697,2026-09-28 12:56:06,102310,63505,220740,373.00,15.80,2026-10-06,22600,1356030,1076075,5660525,83.00,13.82,22831.80,13.25410,22800
99699,2026-09-28 12:56:06,298415,118950,960310,300.60,15.16,2026-10-06,22700,1245920,1235520,5425940,109.25,13.34,22831.80,4.17510,22800
99701,2026-09-28 12:56:06,1093235,169325,3843125,235.05,14.72,2026-10-06,22800,1632345,1157195,8525400,143.65,12.90,22831.80,1.49310,22800
99703,2026-09-28 12:56:06,1938950,309140,5664165,177.55,14.21,2026-10-06,22900,1468805,693355,7989410,186.05,12.45,22831.80,0.75750,22800
99705,2026-09-28 12:56:06,3329235,853775,9781915,130.00,13.86,2026-10-06,23000,2381015,2106260,7440160,238.00,11.96,22831.80,0.71520,22800
99707,2026-09-28 12:56:06,2966665,1955915,6372145,92.70,13.64,2026-10-06,23100,1835860,2353260,3502460,301.80,11.64,22831.80,0.61880,22800
99709,2026-09-28 12:56:06,3131375,2129335,6423690,65.10,13.58,2026-10-06,23200,1439685,1734720,1369745,373.25,11.28,22831.80,0.45980,22800
99711,2026-09-28 12:56:06,3500770,2588300,6273215,45.00,13.61,2026-10-06,23300,1854645,1957345,970385,455.45,10.85,22831.80,0.52980,22800
99713,2026-09-28 12:56:06,2191670,2019095,5450640,31.25,13.78,2026-10-06,23400,757185,859040,494845,537.35,8.67,22831.80,0.34550,22800
99715,2026-09-28 12:56:06,2955485,2760225,7449845,21.80,14.02,2026-10-06,23500,815230,826995,447720,630.00,0.00,22831.80,0.27580,22800
99717,2026-09-28 12:56:06,1463930,1140555,3392285,15.40,14.34,2026-10-06,23600,145405,120055,111670,723.00,0.00,22831.80,0.09930,22800
99719,2026-09-28 12:56:06,1519050,1372345,3686540,11.15,14.77,2026-10-06,23700,144950,140530,49205,826.60,0.00,22831.80,0.09540,22800
99721,2026-09-28 12:56:06,1377220,1106560,2900560,8.80,15.38,2026-10-06,23800,132015,120315,26585,919.10,0.00,22831.80,0.09590,22800
99723,2026-09-28 12:56:06,833625,910975,2038140,6.90,15.99,2026-10-06,23900,82225,65455,40560,1013.60,0.00,22831.80,0.09860,22800
99725,2026-09-28 12:56:06,3070665,2261545,4562220,5.95,16.82,2026-10-06,24000,205140,181480,68705,1108.50,0.00,22831.80,0.06680,22800
99727,2026-09-28 12:56:06,637520,642200,1562015,4.75,17.33,2026-10-06,24100,20735,15860,5980,1200.00,0.00,22831.80,0.03250,22800
100019,2026-09-28 13:01:05,195,195,130,821.15,22.00,2026-10-06,22100,499330,397930,1870375,22.75,16.82,22828.80,2560.66670,22800
100021,2026-09-28 13:01:05,1235,0,2470,710.00,18.60,2026-10-06,22200,1515865,1289795,2875925,28.80,16.16,22828.80,1227.42110,22800
100023,2026-09-28 13:01:05,4615,910,9555,619.20,17.75,2026-10-06,22300,734110,435045,2347215,36.60,15.43,22828.80,159.07040,22800
100025,2026-09-28 13:01:05,15665,195,32630,534.20,17.26,2026-10-06,22400,1782170,1214720,3472625,47.80,14.84,22828.80,113.76760,22800
100027,2026-09-28 13:01:05,184015,97110,274755,453.90,16.84,2026-10-06,22500,1822275,1825395,7899580,63.20,14.31,22828.80,9.90290,22800
100029,2026-09-28 13:01:05,102310,63505,221390,369.85,15.71,2026-10-06,22600,1352650,1076075,5704920,83.05,13.76,22828.80,13.22110,22800
100031,2026-09-28 13:01:05,307645,118950,986180,300.00,15.35,2026-10-06,22700,1244555,1235520,5468060,109.85,13.30,22828.80,4.04540,22800
100033,2026-09-28 13:01:05,1109160,169325,3909425,233.60,14.74,2026-10-06,22800,1646190,1157195,8610420,144.50,12.86,22828.80,1.48420,22800
100035,2026-09-28 13:01:05,1940770,309140,5704270,176.40,14.24,2026-10-06,22900,1469520,693355,8051940,186.75,12.39,22828.80,0.75720,22800
100037,2026-09-28 13:01:05,3340220,853775,9882860,129.45,13.89,2026-10-06,23000,2382185,2106260,7507435,239.60,11.93,22828.80,0.71320,22800
100039,2026-09-28 13:01:05,2974335,1955915,6420440,92.00,13.67,2026-10-06,23100,1832155,2353260,3516435,303.00,11.54,22828.80,0.61600,22800
100041,2026-09-28 13:01:05,3134430,2129335,6452485,64.45,13.60,2026-10-06,23200,1439165,1734720,1375530,375.75,11.12,22828.80,0.45910,22800
100043,2026-09-28 13:01:05,3507075,2588300,6295965,44.75,13.66,2026-10-06,23300,1854125,1957345,973375,458.45,10.86,22828.80,0.52870,22800
100045,2026-09-28 13:01:05,2189330,2019095,5481645,30.85,13.79,2026-10-06,23400,756860,859040,506220,540.95,8.85,22828.80,0.34570,22800
100047,2026-09-28 13:01:05,2961010,2760225,7489560,21.60,14.04,2026-10-06,23500,816270,826995,450905,630.25,0.00,22828.80,0.27570,22800
100049,2026-09-28 13:01:05,1465750,1140555,3402490,15.35,14.39,2026-10-06,23600,146380,120055,112840,723.55,0.00,22828.80,0.09990,22800
100051,2026-09-28 13:01:05,1517880,1372345,3696160,11.20,14.80,2026-10-06,23700,145925,140530,50245,813.15,0.00,22828.80,0.09610,22800
100053,2026-09-28 13:01:05,1378000,1106560,2912260,8.70,15.41,2026-10-06,23800,131950,120315,27235,915.00,0.00,22828.80,0.09580,22800
100055,2026-09-28 13:01:05,838825,910975,2054260,6.90,15.99,2026-10-06,23900,82225,65455,40625,1016.20,0.00,22828.80,0.09800,22800
100057,2026-09-28 13:01:05,3067545,2261545,4595045,5.95,16.78,2026-10-06,24000,205530,181480,69420,1110.00,0.00,22828.80,0.06700,22800
100059,2026-09-28 13:01:05,639210,642200,1570920,4.75,17.40,2026-10-06,24100,20735,15860,5980,1200.00,0.00,22828.80,0.03240,22800
100351,2026-09-28 13:06:06,195,195,130,821.15,22.82,2026-10-06,22100,502385,397930,1876940,23.40,16.82,22823.35,2576.33330,22800
100353,2026-09-28 13:06:06,1235,0,2470,710.00,19.44,2026-10-06,22200,1512420,1289795,2890680,29.70,16.14,22823.35,1224.63160,22800
100355,2026-09-28 13:06:06,4615,910,9555,619.20,18.48,2026-10-06,22300,736580,435045,2357615,37.35,15.41,22823.35,159.60560,22800
100357,2026-09-28 13:06:06,15665,195,32695,533.55,17.80,2026-10-06,22400,1784640,1214720,3487770,48.50,14.80,22823.35,113.92530,22800
100359,2026-09-28 13:06:06,184080,97110,275145,444.70,16.53,2026-10-06,22500,1820455,1825395,7937540,64.15,14.28,22823.35,9.88950,22800
100361,2026-09-28 13:06:06,103350,63505,223600,366.85,15.91,2026-10-06,22600,1342575,1076075,5743075,84.90,13.76,22823.35,12.99060,22800
100363,2026-09-28 13:06:06,308750,118950,1004835,295.90,15.40,2026-10-06,22700,1227980,1235520,5522010,111.35,13.20,22823.35,3.97730,22800
100365,2026-09-28 13:06:06,1105845,169325,3958565,230.95,14.82,2026-10-06,22800,1651390,1157195,8671845,145.70,12.79,22823.35,1.49330,22800
100367,2026-09-28 13:06:06,1954355,309140,5765630,174.20,14.34,2026-10-06,22900,1470560,693355,8106410,189.25,12.29,22823.35,0.75250,22800
100369,2026-09-28 13:06:06,3352440,853775,9975095,128.00,13.98,2026-10-06,23000,2379390,2106260,7564245,242.00,11.83,22823.35,0.70970,22800
100371,2026-09-28 13:06:06,2972905,1955915,6455020,91.00,13.76,2026-10-06,23100,1829230,2353260,3535740,306.55,11.37,22823.35,0.61530,22800
100373,2026-09-28 13:06:06,3140670,2129335,6482320,63.30,13.66,2026-10-06,23200,1437865,1734720,1380600,381.05,11.02,22823.35,0.45780,22800
100375,2026-09-28 13:06:06,3511820,2588300,6315920,44.45,13.73,2026-10-06,23300,1853540,1957345,975715,460.00,10.27,22823.35,0.52780,22800
100377,2026-09-28 13:06:06,2187510,2019095,5494125,30.65,13.90,2026-10-06,23400,755235,859040,510055,546.70,8.21,22823.35,0.34520,22800
100379,2026-09-28 13:06:06,2961335,2760225,7517965,21.60,14.16,2026-10-06,23500,817895,826995,452530,634.30,0.00,22823.35,0.27620,22800
100381,2026-09-28 13:06:06,1463995,1140555,3431935,15.20,14.48,2026-10-06,23600,147225,120055,115440,728.45,0.00,22823.35,0.10060,22800
100383,2026-09-28 13:06:06,1521260,1372345,3714685,11.20,14.92,2026-10-06,23700,146185,140530,51090,824.00,0.00,22823.35,0.09610,22800
100385,2026-09-28 13:06:06,1376050,1106560,2926235,8.80,15.53,2026-10-06,23800,132210,120315,27495,922.65,0.00,22823.35,0.09610,22800
100387,2026-09-28 13:06:06,839735,910975,2069665,6.90,16.11,2026-10-06,23900,82290,65455,41535,1020.15,0.00,22823.35,0.09800,22800
100389,2026-09-28 13:06:06,3101150,2261545,4895345,5.90,16.91,2026-10-06,24000,206440,181480,70070,1120.00,0.00,22823.35,0.06660,22800
100391,2026-09-28 13:06:06,640055,642200,1584765,4.75,17.52,2026-10-06,24100,20735,15860,5980,1200.00,0.00,22823.35,0.03240,22800
100683,2026-09-28 13:11:06,195,195,130,821.15,21.80,2026-10-06,22100,509145,397930,1928225,22.35,16.80,22832.80,2611.00000,22800
100685,2026-09-28 13:11:06,1235,0,2470,710.00,18.40,2026-10-06,22200,1525875,1289795,3006445,28.60,16.14,22832.80,1235.52630,22800
100687,2026-09-28 13:11:06,4615,910,9815,615.00,17.07,2026-10-06,22300,739570,435045,2395315,37.00,15.52,22832.80,160.25350,22800
100689,2026-09-28 13:11:06,15730,195,33150,530.00,16.68,2026-10-06,22400,1788475,1214720,3504280,47.85,14.94,22832.80,113.69830,22800
100691,2026-09-28 13:11:06,185055,97110,283075,447.00,16.08,2026-10-06,22500,1811615,1825395,8032635,63.80,14.43,22832.80,9.78960,22800
100693,2026-09-28 13:11:06,113230,63505,254280,369.00,15.54,2026-10-06,22600,1634750,1076075,6133465,84.30,13.95,22832.80,14.43740,22800
100695,2026-09-28 13:11:06,313495,118950,1052480,299.35,15.20,2026-10-06,22700,1229150,1235520,5575245,110.85,13.42,22832.80,3.92080,22800
100697,2026-09-28 13:11:06,1120210,169325,4074915,233.00,14.66,2026-10-06,22800,1650480,1157195,8847475,145.25,12.99,22832.80,1.47340,22800
100699,2026-09-28 13:11:06,1959035,309140,5888090,176.20,14.16,2026-10-06,22900,1462565,693355,8201895,187.20,12.56,22832.80,0.74660,22800
100701,2026-09-28 13:11:06,3369340,853775,10163985,128.75,13.84,2026-10-06,23000,2348645,2106260,7665125,240.65,12.10,22832.80,0.69710,22800
100703,2026-09-28 13:11:06,2979535,1955915,6545760,91.95,13.63,2026-10-06,23100,1834625,2353260,3564080,303.35,11.69,22832.80,0.61570,22800
100705,2026-09-28 13:11:06,3128970,2129335,6571500,64.60,13.57,2026-10-06,23200,1434680,1734720,1391585,376.20,11.33,22832.80,0.45850,22800
100707,2026-09-28 13:11:06,3513510,2588300,6344195,44.75,13.63,2026-10-06,23300,1849250,1957345,983060,456.00,10.74,22832.80,0.52630,22800
100709,2026-09-28 13:11:06,2166580,2019095,5571930,30.90,13.76,2026-10-06,23400,754000,859040,512525,545.40,10.50,22832.80,0.34800,22800
100711,2026-09-28 13:11:06,2949310,2760225,7631520,21.60,14.02,2026-10-06,23500,821665,826995,458770,629.05,0.00,22832.80,0.27860,22800
100713,2026-09-28 13:11:06,1458860,1140555,3484715,15.55,14.40,2026-10-06,23600,147875,120055,117065,727.60,0.00,22832.80,0.10140,22800
100715,2026-09-28 13:11:06,1525875,1372345,3752515,11.45,14.86,2026-10-06,23700,146250,140530,51935,836.10,10.93,22832.80,0.09580,22800
100717,2026-09-28 13:11:06,1381835,1106560,2949635,8.90,15.44,2026-10-06,23800,132860,120315,28795,928.00,0.00,22832.80,0.09610,22800
100719,2026-09-28 13:11:06,810355,910975,2116335,7.10,16.08,2026-10-06,23900,83200,65455,41925,1030.00,0.00,22832.80,0.10270,22800
100721,2026-09-28 13:11:06,3180255,2261545,4996875,6.05,16.85,2026-10-06,24000,207155,181480,70980,1119.50,0.00,22832.80,0.06510,22800
100723,2026-09-28 13:11:06,641420,642200,1589770,4.85,17.46,2026-10-06,24100,20735,15860,5980,1200.00,0.00,22832.80,0.03230,22800
101015,2026-09-28 13:16:06,195,195,130,821.15,23.30,2026-10-06,22100,512005,397930,1938365,23.50,16.77,22820.90,2625.66670,22800
101017,2026-09-28 13:16:06,1235,0,2535,702.55,19.01,2026-10-06,22200,1510275,1289795,3042780,30.20,16.14,22820.90,1222.89470,22800
101019,2026-09-28 13:16:06,4615,910,9815,615.00,18.43,2026-10-06,22300,738010,435045,2403765,38.55,15.47,22820.90,159.91550,22800
101021,2026-09-28 13:16:06,15015,195,35815,528.00,17.62,2026-10-06,22400,1784315,1214720,3536650,49.85,14.87,22820.90,118.83550,22800
101023,2026-09-28 13:16:06,192530,97110,300755,442.25,16.49,2026-10-06,22500,1818180,1825395,8099260,66.00,14.37,22820.90,9.44360,22800
101025,2026-09-28 13:16:06,109655,63505,256750,361.20,15.71,2026-10-06,22600,1638650,1076075,6159140,87.15,13.85,22820.90,14.94370,22800
101027,2026-09-28 13:16:06,309270,118950,1092520,290.70,15.18,2026-10-06,22700,1226420,1235520,5603260,114.00,13.32,22820.90,3.96550,22800
101029,2026-09-28 13:16:06,1157975,169325,4174430,226.95,14.74,2026-10-06,22800,1662375,1157195,8933405,149.55,12.87,22820.90,1.43560,22800
101031,2026-09-28 13:16:06,1968070,309140,5951205,171.05,14.25,2026-10-06,22900,1466855,693355,8279830,193.15,12.37,22820.90,0.74530,22800
101033,2026-09-28 13:16:06,3383250,853775,10307505,125.00,13.91,2026-10-06,23000,2352610,2106260,7728565,247.90,11.98,22820.90,0.69540,22800
101035,2026-09-28 13:16:06,2979860,1955915,6602895,89.05,13.66,2026-10-06,23100,1837225,2353260,3575325,311.00,11.34,22820.90,0.61650,22800
101037,2026-09-28 13:16:06,3113305,2129335,6634225,62.05,13.63,2026-10-06,23200,1432665,1734720,1402180,386.50,11.21,22820.90,0.46020,22800
101039,2026-09-28 13:16:06,3506295,2588300,6387420,43.10,13.69,2026-10-06,23300,1848340,1957345,989365,467.20,10.54,22820.90,0.52710,22800
101041,2026-09-28 13:16:06,2168140,2019095,5596890,29.80,13.87,2026-10-06,23400,753480,859040,515190,548.20,0.00,22820.90,0.34750,22800
101043,2026-09-28 13:16:06,2957370,2760225,7695480,20.90,14.14,2026-10-06,23500,819520,826995,475085,639.45,0.00,22820.90,0.27710,22800
101045,2026-09-28 13:16:06,1451580,1140555,3509935,15.00,14.53,2026-10-06,23600,147810,120055,117455,729.70,0.00,22820.90,0.10180,22800
101047,2026-09-28 13:16:06,1524055,1372345,3782805,11.05,14.95,2026-10-06,23700,146575,140530,52715,822.00,0.00,22820.90,0.09620,22800
101049,2026-09-28 13:16:06,1388270,1106560,2990910,8.70,15.59,2026-10-06,23800,133185,120315,29445,925.00,0.00,22820.90,0.09590,22800
101051,2026-09-28 13:16:06,811915,910975,2123225,6.90,16.17,2026-10-06,23900,83135,65455,42055,1025.00,0.00,22820.90,0.10240,22800
101053,2026-09-28 13:16:06,3199690,2261545,5031780,5.90,17.00,2026-10-06,24000,211380,181480,76895,1122.75,0.00,22820.90,0.06610,22800
101055,2026-09-28 13:16:06,643695,642200,1599325,4.70,17.52,2026-10-06,24100,21060,15860,6045,1205.70,0.00,22820.90,0.03270,22800
101347,2026-09-28 13:21:06,195,195,130,821.15,22.58,2026-10-06,22100,507715,397930,1943110,23.00,16.80,22826.20,2603.66670,22800
101349,2026-09-28 13:21:06,1235,0,2535,702.55,18.23,2026-10-06,22200,1513135,1289795,3083275,29.20,16.11,22826.20,1225.21050,22800
101351,2026-09-28 13:21:06,4810,910,9880,617.25,18.04,2026-10-06,22300,737815,435045,2411890,37.40,15.47,22826.20,153.39190,22800
101353,2026-09-28 13:21:06,15015,195,36010,533.00,17.57,2026-10-06,22400,1786980,1214720,3547375,48.65,14.85,22826.20,119.01300,22800
101355,2026-09-28 13:21:06,195975,97110,302575,445.50,16.45,2026-10-06,22500,1830140,1825395,8140990,64.50,14.34,22826.20,9.33860,22800
101357,2026-09-28 13:21:06,109850,63505,257920,368.50,15.91,2026-10-06,22600,1644435,1076075,6191575,85.40,13.88,22826.20,14.96980,22800
101359,2026-09-28 13:21:06,305825,118950,1100385,294.70,15.21,2026-10-06,22700,1228370,1235520,5621720,112.00,13.33,22826.20,4.01660,22800
101361,2026-09-28 13:21:06,1169090,169325,4226040,230.80,14.76,2026-10-06,22800,1671995,1157195,8983910,146.35,12.88,22826.20,1.43020,22800
101363,2026-09-28 13:21:06,1971710,309140,5990530,173.15,14.19,2026-10-06,22900,1474070,693355,8308820,189.25,12.41,22826.20,0.74760,22800
101365,2026-09-28 13:21:06,3394820,853775,10383750,126.80,13.86,2026-10-06,23000,2363465,2106260,7794865,242.55,11.95,22826.20,0.69620,22800
101367,2026-09-28 13:21:06,2982200,1955915,6647420,90.10,13.66,2026-10-06,23100,1837420,2353260,3582800,306.05,11.53,22826.20,0.61610,22800
101369,2026-09-28 13:21:06,3116620,2129335,6661980,63.05,13.60,2026-10-06,23200,1435590,1734720,1414205,379.85,11.11,22826.20,0.46060,22800
101371,2026-09-28 13:21:06,3509545,2588300,6417515,43.55,13.64,2026-10-06,23300,1848405,1957345,993005,461.00,10.56,22826.20,0.52670,22800
101373,2026-09-28 13:21:06,2163460,2019095,5625230,30.20,13.81,2026-10-06,23400,747760,859040,526045,543.55,8.18,22826.20,0.34560,22800
101375,2026-09-28 13:21:06,2961855,2760225,7714135,21.20,14.07,2026-10-06,23500,818220,826995,476710,634.40,0.00,22826.20,0.27630,22800
101377,2026-09-28 13:21:06,1456520,1140555,3527875,15.20,14.45,2026-10-06,23600,148070,120055,117975,728.80,0.00,22826.20,0.10170,22800
101379,2026-09-28 13:21:06,1525095,1372345,3787615,11.20,14.89,2026-10-06,23700,146575,140530,52715,822.00,0.00,22826.20,0.09610,22800
101381,2026-09-28 13:21:06,1390025,1106560,3003650,8.80,15.53,2026-10-06,23800,133965,120315,30030,921.50,0.00,22826.20,0.09640,22800
101383,2026-09-28 13:21:06,812175,910975,2127905,7.00,16.14,2026-10-06,23900,83135,65455,42055,1025.00,0.00,22826.20,0.10240,22800
101385,2026-09-28 13:21:06,3202030,2261545,5052515,5.95,16.91,2026-10-06,24000,211575,181480,77090,1117.00,0.00,22826.20,0.06610,22800
101387,2026-09-28 13:21:06,642980,642200,1613105,4.75,17.46,2026-10-06,24100,21060,15860,6045,1205.70,0.00,22826.20,0.03280,22800
101679,2026-09-28 13:26:06,195,195,195,801.85,17.46,2026-10-06,22100,505960,397930,1961960,21.45,16.80,22846.05,2594.66670,22800
101681,2026-09-28 13:26:06,1235,0,2600,717.45,18.11,2026-10-06,22200,1505790,1289795,3110900,27.25,16.11,22846.05,1219.26320,22800
101683,2026-09-28 13:26:06,4810,910,9945,624.90,17.15,2026-10-06,22300,738790,435045,2446145,34.60,15.41,22846.05,153.59460,22800
101685,2026-09-28 13:26:06,14885,195,36985,539.95,16.80,2026-10-06,22400,1790295,1214720,3579680,45.00,14.77,22846.05,120.27510,22800
101687,2026-09-28 13:26:06,197015,97110,306020,460.00,16.53,2026-10-06,22500,1827085,1825395,8200660,59.65,14.26,22846.05,9.27380,22800
101689,2026-09-28 13:26:06,109850,63505,259805,378.45,15.69,2026-10-06,22600,1644175,1076075,6229665,79.00,13.74,22846.05,14.96750,22800
101691,2026-09-28 13:26:06,300040,118950,1121575,306.25,15.12,2026-10-06,22700,1225900,1235520,5664295,104.25,13.20,22846.05,4.08580,22800
101693,2026-09-28 13:26:06,1172210,169325,4322305,238.90,14.58,2026-10-06,22800,1706575,1157195,9100195,137.40,12.74,22846.05,1.45590,22800
101695,2026-09-28 13:26:06,1981655,309140,6072300,180.05,14.08,2026-10-06,22900,1486940,693355,8451430,178.00,12.23,22846.05,0.75040,22800
101697,2026-09-28 13:26:06,3405350,853775,10473320,132.00,13.73,2026-10-06,23000,2367235,2106260,7874295,230.30,11.76,22846.05,0.69520,22800
101699,2026-09-28 13:26:06,2980380,1955915,6687980,93.95,13.52,2026-10-06,23100,1830920,2353260,3608605,291.65,11.38,22846.05,0.61430,22800
101701,2026-09-28 13:26:06,3115190,2129335,6710470,66.00,13.46,2026-10-06,23200,1431560,1734720,1426620,363.30,10.93,22846.05,0.45950,22800
101703,2026-09-28 13:26:06,3560440,2588300,6526065,45.60,13.50,2026-10-06,23300,1849250,1957345,999245,443.50,10.35,22846.05,0.51940,22800
101705,2026-09-28 13:26:06,2158845,2019095,5680740,31.45,13.66,2026-10-06,23400,743210,859040,541580,527.70,8.61,22846.05,0.34430,22800
101707,2026-09-28 13:26:06,2974855,2760225,7751120,21.80,13.89,2026-10-06,23500,818350,826995,478530,617.85,0.00,22846.05,0.27510,22800
101709,2026-09-28 13:26:06,1458015,1140555,3541525,15.65,14.24,2026-10-06,23600,150085,120055,120510,715.50,0.00,22846.05,0.10290,22800
101711,2026-09-28 13:26:06,1525680,1372345,3797885,11.35,14.68,2026-10-06,23700,146900,140530,53560,815.75,0.00,22846.05,0.09630,22800
101713,2026-09-28 13:26:06,1390935,1106560,3014180,9.00,15.35,2026-10-06,23800,134225,120315,30875,910.00,0.00,22846.05,0.09650,22800
101715,2026-09-28 13:26:06,812240,910975,2129270,7.10,15.93,2026-10-06,23900,83135,65455,42055,1025.00,13.06,22846.05,0.10240,22800
101717,2026-09-28 13:26:06,3203005,2261545,5071430,6.00,16.66,2026-10-06,24000,212615,181480,79105,1106.00,0.00,22846.05,0.06640,22800
101719,2026-09-28 13:26:06,643565,642200,1621815,4.75,17.27,2026-10-06,24100,21125,15860,6175,1207.15,0.00,22846.05,0.03280,22800
102011,2026-09-28 13:31:06,195,195,195,801.85,17.46,2026-10-06,22100,505440,397930,1977170,21.60,16.82,22842.05,2592.00000,22800
102013,2026-09-28 13:31:06,1235,0,2600,717.45,18.11,2026-10-06,22200,1506700,1289795,3120000,27.60,16.17,22842.05,1220.00000,22800
102015,2026-09-28 13:31:06,4810,910,9945,624.90,17.30,2026-10-06,22300,742690,435045,2471690,35.60,15.52,22842.05,154.40540,22800
102017,2026-09-28 13:31:06,14885,195,37050,546.60,17.61,2026-10-06,22400,1788865,1214720,3598530,45.70,14.88,22842.05,120.17900,22800
102019,2026-09-28 13:31:06,199030,97110,312000,458.80,16.71,2026-10-06,22500,1821040,1825395,8280220,61.10,14.40,22842.05,9.14960,22800
102021,2026-09-28 13:31:06,110760,63505,264095,376.40,15.52,2026-10-06,22600,1646320,1076075,6255405,80.55,13.85,22842.05,14.86380,22800
102023,2026-09-28 13:31:06,298220,118950,1142960,304.05,15.04,2026-10-06,22700,1225965,1235520,5704205,105.85,13.36,22842.05,4.11090,22800
102025,2026-09-28 13:31:06,1141920,169325,4423250,237.00,14.48,2026-10-06,22800,1707095,1157195,9194705,139.00,12.92,22842.05,1.49490,22800
102027,2026-09-28 13:31:06,1952730,309140,6153160,178.45,14.06,2026-10-06,22900,1493960,693355,8570900,180.10,12.43,22842.05,0.76510,22800
102029,2026-09-28 13:31:06,3396770,853775,10637705,130.70,13.60,2026-10-06,23000,2372955,2106260,7931105,232.00,11.98,22842.05,0.69860,22800
102031,2026-09-28 13:31:06,2962505,1955915,6752070,92.45,13.39,2026-10-06,23100,1814540,2353260,3638050,294.65,11.64,22842.05,0.61250,22800
102033,2026-09-28 13:31:06,3114930,2129335,6777355,64.45,13.33,2026-10-06,23200,1428765,1734720,1444365,365.55,11.16,22842.05,0.45870,22800
102035,2026-09-28 13:31:06,3577795,2588300,6589180,44.70,13.40,2026-10-06,23300,1847950,1957345,1015950,445.10,10.59,22842.05,0.51650,22800
102037,2026-09-28 13:31:06,2151955,2019095,5730790,30.70,13.55,2026-10-06,23400,743080,859040,548080,530.75,9.52,22842.05,0.34530,22800
102039,2026-09-28 13:31:06,2981940,2760225,7802860,21.35,13.81,2026-10-06,23500,814970,826995,485095,619.15,0.00,22842.05,0.27330,22800
102041,2026-09-28 13:31:06,1458860,1140555,3554135,15.25,14.19,2026-10-06,23600,152620,120055,124475,714.85,0.00,22842.05,0.10460,22800
102043,2026-09-28 13:31:06,1525680,1372345,3803800,11.25,14.65,2026-10-06,23700,146510,140530,54405,807.10,0.00,22842.05,0.09600,22800
102045,2026-09-28 13:31:06,1393340,1106560,3026075,8.90,15.32,2026-10-06,23800,134290,120315,33735,900.90,0.00,22842.05,0.09640,22800
102047,2026-09-28 13:31:06,811330,910975,2136810,7.10,15.93,2026-10-06,23900,83785,65455,42770,995.20,0.00,22842.05,0.10330,22800
102049,2026-09-28 13:31:06,3210935,2261545,5092230,6.00,16.72,2026-10-06,24000,214760,181480,81185,1099.65,0.00,22842.05,0.06690,22800
102051,2026-09-28 13:31:06,644345,642200,1626235,4.85,17.33,2026-10-06,24100,21125,15860,6175,1207.15,0.00,22842.05,0.03280,22800
102343,2026-09-28 13:36:06,195,195,195,801.85,19.00,2026-10-06,22100,506285,397930,1985035,22.60,16.86,22833.75,2596.33330,22800
102345,2026-09-28 13:36:06,1235,0,2600,717.45,19.26,2026-10-06,22200,1508000,1289795,3130595,28.75,16.20,22833.75,1221.05260,22800
102347,2026-09-28 13:36:06,4875,910,10075,630.10,18.74,2026-10-06,22300,743990,435045,2483195,36.75,15.53,22833.75,152.61330,22800
102349,2026-09-28 13:36:06,15210,195,38025,537.10,17.33,2026-10-06,22400,1792245,1214720,3632525,47.70,14.89,22833.75,117.83330,22800
102351,2026-09-28 13:36:06,199550,97110,319735,450.95,16.39,2026-10-06,22500,1846585,1825395,8358155,63.00,14.37,22833.75,9.25370,22800
102353,2026-09-28 13:36:06,112255,63505,267800,370.70,15.63,2026-10-06,22600,1648725,1076075,6299800,83.05,13.85,22833.75,14.68730,22800
102355,2026-09-28 13:36:06,306280,118950,1170975,297.85,15.05,2026-10-06,22700,1239030,1235520,5752305,109.50,13.37,22833.75,4.04540,22800
102357,2026-09-28 13:36:06,1164280,169325,4505605,233.00,14.60,2026-10-06,22800,1719510,1157195,9328020,143.25,12.89,22833.75,1.47690,22800
102359,2026-09-28 13:36:06,1958255,309140,6229470,175.10,14.04,2026-10-06,22900,1491620,693355,8684455,184.60,12.34,22833.75,0.76170,22800
102361,2026-09-28 13:36:06,3390530,853775,10756005,127.40,13.70,2026-10-06,23000,2386280,2106260,8000525,237.15,11.90,22833.75,0.70380,22800
102363,2026-09-28 13:36:06,2944695,1955915,6816940,90.40,13.48,2026-10-06,23100,1809535,2353260,3693040,300.15,11.50,22833.75,0.61450,22800
102365,2026-09-28 13:36:06,3115320,2129335,6848855,62.65,13.38,2026-10-06,23200,1420900,1734720,1466660,373.85,11.12,22833.75,0.45610,22800
102367,2026-09-28 13:36:06,3570840,2588300,6658210,43.10,13.43,2026-10-06,23300,1849120,1957345,1025115,455.40,10.82,22833.75,0.51780,22800
102369,2026-09-28 13:36:06,2151760,2019095,5746455,29.55,13.61,2026-10-06,23400,743925,859040,551590,540.60,9.63,22833.75,0.34570,22800
102371,2026-09-28 13:36:06,2980250,2760225,7864740,20.75,13.89,2026-10-06,23500,815230,826995,488540,628.75,0.00,22833.75,0.27350,22800
102373,2026-09-28 13:36:06,1468740,1140555,3582150,14.95,14.28,2026-10-06,23600,152685,120055,125580,723.10,0.00,22833.75,0.10400,22800
102375,2026-09-28 13:36:06,1529125,1372345,3816735,11.00,14.74,2026-10-06,23700,147355,140530,55315,817.00,0.00,22833.75,0.09640,22800
102377,2026-09-28 13:36:06,1393925,1106560,3045835,8.70,15.38,2026-10-06,23800,134940,120315,34450,911.50,0.00,22833.75,0.09680,22800
102379,2026-09-28 13:36:06,812695,910975,2144415,6.95,16.02,2026-10-06,23900,83980,65455,42965,1012.20,0.00,22833.75,0.10330,22800
102381,2026-09-28 13:36:06,3215355,2261545,5128175,5.85,16.78,2026-10-06,24000,216255,181480,82420,1117.40,0.00,22833.75,0.06730,22800
102383,2026-09-28 13:36:06,647205,642200,1639300,4.70,17.33,2026-10-06,24100,21125,15860,6175,1207.15,0.00,22833.75,0.03260,22800
102675,2026-09-28 13:41:06,195,195,195,801.85,17.27,2026-10-06,22100,507715,397930,1990625,21.75,16.89,22844.20,2603.66670,22800
102677,2026-09-28 13:41:06,1235,0,2665,717.00,17.91,2026-10-06,22200,1508780,1289795,3134300,27.60,16.20,22844.20,1221.68420,22800
102679,2026-09-28 13:41:06,4875,910,10075,630.10,17.73,2026-10-06,22300,744315,435045,2489240,35.30,15.53,22844.20,152.68000,22800
102681,2026-09-28 13:41:06,15275,195,38220,535.15,16.19,2026-10-06,22400,1792635,1214720,3652480,45.30,14.89,22844.20,117.35740,22800
102683,2026-09-28 13:41:06,200850,97110,322530,458.00,16.27,2026-10-06,22500,1834950,1825395,8425625,60.05,14.34,22844.20,9.13590,22800
102685,2026-09-28 13:41:06,112320,63505,268060,376.80,15.53,2026-10-06,22600,1655290,1076075,6372210,79.60,13.83,22844.20,14.73730,22800
102687,2026-09-28 13:41:06,303745,118950,1184430,303.40,14.97,2026-10-06,22700,1230320,1235520,5788250,105.00,13.31,22844.20,4.05050,22800
102689,2026-09-28 13:41:06,1178580,169325,4571840,238.05,14.54,2026-10-06,22800,1742130,1157195,9385025,138.10,12.87,22844.20,1.47820,22800
102691,2026-09-28 13:41:06,1960920,309140,6277570,179.80,14.01,2026-10-06,22900,1473810,693355,8771035,178.85,12.36,22844.20,0.75160,22800
102693,2026-09-28 13:41:06,3386305,853775,10827310,131.00,13.63,2026-10-06,23000,2385110,2106260,8039785,230.60,11.93,22844.20,0.70430,22800
102695,2026-09-28 13:41:06,2957435,1955915,6858215,93.25,13.44,2026-10-06,23100,1804595,2353260,3720015,293.20,11.59,22844.20,0.61020,22800
102697,2026-09-28 13:41:06,3120065,2129335,6883435,64.80,13.34,2026-10-06,23200,1419210,1734720,1483105,367.30,11.39,22844.20,0.45490,22800
102699,2026-09-28 13:41:06,3577275,2588300,6692660,44.60,13.38,2026-10-06,23300,1846390,1957345,1029210,444.25,10.54,22844.20,0.51610,22800
102701,2026-09-28 13:41:06,2151045,2019095,5763290,30.55,13.55,2026-10-06,23400,743990,859040,552175,530.35,9.55,22844.20,0.34590,22800
102703,2026-09-28 13:41:06,2987530,2760225,7892235,21.40,13.79,2026-10-06,23500,818415,826995,500435,622.75,6.59,22844.20,0.27390,22800
102705,2026-09-28 13:41:06,1470430,1140555,3592810,15.15,14.16,2026-10-06,23600,152815,120055,126295,711.80,0.00,22844.20,0.10390,22800
102707,2026-09-28 13:41:06,1530425,1372345,3825835,11.15,14.59,2026-10-06,23700,146770,140530,55900,808.00,0.00,22844.20,0.09590,22800
102709,2026-09-28 13:41:06,1398930,1106560,3066375,8.70,15.23,2026-10-06,23800,134940,120315,34840,907.00,0.00,22844.20,0.09650,22800
102711,2026-09-28 13:41:06,813670,910975,2152475,6.90,15.87,2026-10-06,23900,84045,65455,43485,1013.00,0.00,22844.20,0.10330,22800
102713,2026-09-28 13:41:06,3224585,2261545,5177185,5.80,16.60,2026-10-06,24000,221390,181480,93340,1100.30,0.00,22844.20,0.06870,22800
102715,2026-09-28 13:41:06,647855,642200,1647490,4.75,17.27,2026-10-06,24100,21125,15860,6175,1207.15,0.00,22844.20,0.03260,22800
103007,2026-09-28 13:46:06,195,195,195,801.85,18.02,2026-10-06,22100,507975,397930,1993875,21.70,16.82,22838.50,2605.00000,22800
103009,2026-09-28 13:46:06,1235,0,2665,717.00,18.48,2026-10-06,22200,1510535,1289795,3139175,27.90,16.17,22838.50,1223.10530,22800
103011,2026-09-28 13:46:06,4875,910,10335,636.80,18.91,2026-10-06,22300,750100,435045,2513160,35.50,15.49,22838.50,153.86670,22800
103013,2026-09-28 13:46:06,15015,195,38675,539.20,17.03,2026-10-06,22400,1792830,1214720,3671460,45.80,14.85,22838.50,119.40260,22800
103015,2026-09-28 13:46:06,201825,97110,328575,457.65,16.56,2026-10-06,22500,1837680,1825395,8456240,60.95,14.33,22838.50,9.10530,22800
103017,2026-09-28 13:46:06,113425,63505,270855,377.75,15.85,2026-10-06,22600,1656655,1076075,6398210,80.75,13.82,22838.50,14.60570,22800
103019,2026-09-28 13:46:06,306410,118950,1199770,302.90,15.14,2026-10-06,22700,1236170,1235520,5822830,105.75,13.26,22838.50,4.03440,22800
103021,2026-09-28 13:46:06,1197755,169325,4625855,238.00,14.63,2026-10-06,22800,1755585,1157195,9456850,138.75,12.83,22838.50,1.46570,22800
103023,2026-09-28 13:46:06,1958645,309140,6318910,179.35,14.11,2026-10-06,22900,1480830,693355,8822580,180.35,12.29,22838.50,0.75600,22800
103025,2026-09-28 13:46:06,3394495,853775,10911420,130.45,13.71,2026-10-06,23000,2381990,2106260,8089770,230.70,11.78,22838.50,0.70170,22800
103027,2026-09-28 13:46:06,2953470,1955915,6882005,92.55,13.48,2026-10-06,23100,1803750,2353260,3732040,293.20,11.31,22838.50,0.61070,22800
103029,2026-09-28 13:46:06,3110575,2129335,6926205,64.55,13.37,2026-10-06,23200,1415700,1734720,1510405,365.00,11.11,22838.50,0.45510,22800
103031,2026-09-28 13:46:06,3577860,2588300,6729255,44.70,13.44,2026-10-06,23300,1844960,1957345,1036815,444.65,10.38,22838.50,0.51570,22800
103033,2026-09-28 13:46:06,2153450,2019095,5785195,30.50,13.60,2026-10-06,23400,743925,859040,552630,528.75,7.63,22838.50,0.34550,22800
103035,2026-09-28 13:46:06,2992730,2760225,7927660,21.25,13.85,2026-10-06,23500,831415,826995,534040,621.50,0.00,22838.50,0.27780,22800
103037,2026-09-28 13:46:06,1472445,1140555,3602430,15.15,14.22,2026-10-06,23600,152750,120055,126685,717.00,0.00,22838.50,0.10370,22800
103039,2026-09-28 13:46:06,1532830,1372345,3842410,11.05,14.68,2026-10-06,23700,146445,140530,56095,805.00,0.00,22838.50,0.09550,22800
103041,2026-09-28 13:46:06,1393925,1106560,3096145,8.75,15.32,2026-10-06,23800,136045,120315,36270,909.50,0.00,22838.50,0.09760,22800
103043,2026-09-28 13:46:06,814385,910975,2155270,6.90,15.93,2026-10-06,23900,83720,65455,43745,1010.00,0.00,22838.50,0.10280,22800
103045,2026-09-28 13:46:06,3232515,2261545,5230615,5.85,16.66,2026-10-06,24000,252785,181480,122070,1098.75,0.00,22838.50,0.07820,22800
103047,2026-09-28 13:46:06,638885,642200,1653340,4.70,17.27,2026-10-06,24100,21125,15860,6175,1207.15,0.00,22838.50,0.03310,22800
103339,2026-09-28 13:51:06,195,195,195,801.85,18.63,2026-10-06,22100,508235,397930,1997385,22.00,16.80,22836.05,2606.33330,22800
103341,2026-09-28 13:51:06,1235,0,2665,717.00,18.95,2026-10-06,22200,1507415,1289795,3152955,28.05,16.14,22836.05,1220.57890,22800
103343,2026-09-28 13:51:06,4875,910,10335,636.80,19.27,2026-10-06,22300,751790,435045,2532595,35.70,15.44,22836.05,154.21330,22800
103345,2026-09-28 13:51:06,14755,195,39000,539.00,17.34,2026-10-06,22400,1793285,1214720,3694340,46.45,14.83,22836.05,121.53740,22800
103347,2026-09-28 13:51:06,202475,97110,329875,455.85,16.65,2026-10-06,22500,1844700,1825395,8512985,61.35,14.28,22836.05,9.11080,22800
103349,2026-09-28 13:51:06,113490,63505,274300,378.05,16.11,2026-10-06,22600,1653015,1076075,6420050,80.65,13.72,22836.05,14.56530,22800
103351,2026-09-28 13:51:06,307385,118950,1212640,300.65,15.16,2026-10-06,22700,1264120,1235520,5957510,106.45,13.24,22836.05,4.11250,22800
103353,2026-09-28 13:51:06,1196910,169325,4669795,236.35,14.71,2026-10-06,22800,1773590,1157195,9570015,140.85,12.79,22836.05,1.48180,22800
103355,2026-09-28 13:51:06,1960595,309140,6378645,177.50,14.16,2026-10-06,22900,1482260,693355,8868210,181.80,12.25,22836.05,0.75600,22800
103357,2026-09-28 13:51:06,3409575,853775,11005215,129.45,13.79,2026-10-06,23000,2388165,2106260,8167965,233.75,11.76,22836.05,0.70040,22800
103359,2026-09-28 13:51:06,2952690,1955915,6922045,91.40,13.51,2026-10-06,23100,1802450,2353260,3745040,294.90,11.20,22836.05,0.61040,22800
103361,2026-09-28 13:51:06,3113240,2129335,6995495,63.80,13.47,2026-10-06,23200,1410305,1734720,1524770,366.65,10.64,22836.05,0.45300,22800
103363,2026-09-28 13:51:06,3587805,2588300,6791460,44.10,13.53,2026-10-06,23300,1844115,1957345,1048450,448.60,10.13,22836.05,0.51400,22800
103365,2026-09-28 13:51:06,2161315,2019095,5805540,30.25,13.64,2026-10-06,23400,742885,859040,556660,533.00,7.78,22836.05,0.34370,22800
103367,2026-09-28 13:51:06,3010540,2760225,7986940,21.15,13.92,2026-10-06,23500,832975,826995,538200,622.85,0.00,22836.05,0.27670,22800
103369,2026-09-28 13:51:06,1478555,1140555,3621865,15.25,14.31,2026-10-06,23600,153855,120055,135070,716.25,0.00,22836.05,0.10410,22800
103371,2026-09-28 13:51:06,1534325,1372345,3848390,11.05,14.72,2026-10-06,23700,146315,140530,56615,810.40,0.00,22836.05,0.09540,22800
103373,2026-09-28 13:51:06,1388205,1106560,3119220,8.65,15.35,2026-10-06,23800,136240,120315,37050,906.50,0.00,22836.05,0.09810,22800
103375,2026-09-28 13:51:06,822315,910975,2170025,6.80,15.93,2026-10-06,23900,83850,65455,43875,1004.05,0.00,22836.05,0.10200,22800
103377,2026-09-28 13:51:06,3203655,2261545,5282550,5.80,16.72,2026-10-06,24000,257660,181480,125125,1103.75,0.00,22836.05,0.08040,22800
103379,2026-09-28 13:51:06,640055,642200,1661465,4.70,17.33,2026-10-06,24100,29445,15860,15730,1201.85,0.00,22836.05,0.04600,22800
103671,2026-09-28 13:56:07,195,195,195,801.85,18.49,2026-10-06,22100,507910,397930,2001610,22.55,17.00,22834.25,2604.66670,22800
103673,2026-09-28 13:56:07,1235,0,2665,717.00,18.84,2026-10-06,22200,1508130,1289795,3169010,28.95,16.31,22834.25,1221.15790,22800
103675,2026-09-28 13:56:07,5005,910,10465,630.90,18.52,2026-10-06,22300,762580,435045,2600585,36.60,15.58,22834.25,152.36360,22800
103677,2026-09-28 13:56:07,14950,195,39650,542.00,17.57,2026-10-06,22400,1794260,1214720,3712150,46.95,14.92,22834.25,120.01740,22800
103679,2026-09-28 13:56:07,204685,97110,336830,451.05,16.17,2026-10-06,22500,1849250,1825395,8554715,61.95,14.38,22834.25,9.03460,22800
103681,2026-09-28 13:56:07,114335,63505,278525,374.50,15.55,2026-10-06,22600,1642485,1076075,6441500,81.55,13.82,22834.25,14.36550,22800
103683,2026-09-28 13:56:07,310180,118950,1224210,300.00,15.07,2026-10-06,22700,1275625,1235520,6001580,106.90,13.34,22834.25,4.11250,22800
103685,2026-09-28 13:56:07,1214330,169325,4735120,235.65,14.66,2026-10-06,22800,1759095,1157195,9715290,141.05,12.84,22834.25,1.44860,22800
103687,2026-09-28 13:56:07,1960660,309140,6420895,177.50,14.14,2026-10-06,22900,1493180,693355,8915725,181.80,12.34,22834.25,0.76160,22800
103689,2026-09-28 13:56:07,3365895,853775,11130795,129.70,13.79,2026-10-06,23000,2388815,2106260,8204300,233.65,11.83,22834.25,0.70970,22800
103691,2026-09-28 13:56:07,2948270,1955915,6967285,92.05,13.53,2026-10-06,23100,1805310,2353260,3760965,298.85,11.61,22834.25,0.61230,22800
103693,2026-09-28 13:56:07,3111420,2129335,7065630,64.15,13.45,2026-10-06,23200,1401335,1734720,1555645,368.50,10.93,22834.25,0.45040,22800
103695,2026-09-28 13:56:07,3580460,2588300,6832280,44.35,13.51,2026-10-06,23300,1842035,1957345,1057355,450.20,10.51,22834.25,0.51450,22800
103697,2026-09-28 13:56:07,2163525,2019095,5813340,30.40,13.64,2026-10-06,23400,742885,859040,557570,536.00,9.28,22834.25,0.34340,22800
103699,2026-09-28 13:56:07,3013790,2760225,8005985,21.20,13.92,2026-10-06,23500,832780,826995,539045,623.30,0.00,22834.25,0.27630,22800
103701,2026-09-28 13:56:07,1484015,1140555,3634215,15.05,14.27,2026-10-06,23600,153530,120055,138515,717.00,0.00,22834.25,0.10350,22800
103703,2026-09-28 13:56:07,1536340,1372345,3854240,11.05,14.71,2026-10-06,23700,146445,140530,56810,808.00,0.00,22834.25,0.09530,22800
103705,2026-09-28 13:56:07,1389895,1106560,3125070,8.65,15.32,2026-10-06,23800,137995,120315,38415,911.25,0.00,22834.25,0.09930,22800
103707,2026-09-28 13:56:07,823290,910975,2174770,6.85,15.96,2026-10-06,23900,83915,65455,44135,1001.50,0.00,22834.25,0.10190,22800
103709,2026-09-28 13:56:07,3198780,2261545,5297955,5.80,16.72,2026-10-06,24000,257725,181480,125255,1102.45,0.00,22834.25,0.08060,22800
103711,2026-09-28 13:56:07,641485,642200,1663675,4.65,17.30,2026-10-06,24100,31785,15860,18395,1205.05,0.00,22834.25,0.04950,22800
104003,2026-09-28 14:01:06,195,195,195,801.85,17.56,2026-10-06,22100,507910,397930,2003170,22.05,16.94,22842.30,2604.66670,22800
104005,2026-09-28 14:01:06,1235,0,2665,717.00,18.14,2026-10-06,22200,1509300,1289795,3174925,28.20,16.30,22842.30,1222.10530,22800
104007,2026-09-28 14:01:06,5005,910,10465,630.90,17.96,2026-10-06,22300,762190,435045,2625155,36.00,15.61,22842.30,152.28570,22800
104009,2026-09-28 14:01:06,15470,195,39715,541.70,17.05,2026-10-06,22400,1794325,1214720,3719885,45.70,14.88,22842.30,115.98740,22800
104011,2026-09-28 14:01:06,207740,97110,341965,457.35,16.34,2026-10-06,22500,1861665,1825395,8592155,61.35,14.43,22842.30,8.96150,22800
104013,2026-09-28 14:01:06,114205,63505,279760,376.85,15.61,2026-10-06,22600,1645995,1076075,6491940,80.90,13.93,22842.30,14.41260,22800
104015,2026-09-28 14:01:06,307060,118950,1239095,303.35,15.03,2026-10-06,22700,1285505,1235520,6044025,105.95,13.37,22842.30,4.18650,22800
104017,2026-09-28 14:01:06,1183390,169325,4825990,237.70,14.57,2026-10-06,22800,1756560,1157195,9808630,139.75,12.96,22842.30,1.48430,22800
104019,2026-09-28 14:01:06,1955850,309140,6465875,179.30,14.02,2026-10-06,22900,1500590,693355,8951085,181.25,12.46,22842.30,0.76720,22800
104021,2026-09-28 14:01:06,3365310,853775,11189620,131.15,13.67,2026-10-06,23000,2389075,2106260,8226465,232.25,12.07,22842.30,0.70990,22800
104023,2026-09-28 14:01:06,2943330,1955915,7003295,93.15,13.46,2026-10-06,23100,1802775,2353260,3782220,294.10,11.57,22842.30,0.61250,22800
104025,2026-09-28 14:01:06,3079245,2129335,7127510,64.80,13.35,2026-10-06,23200,1395290,1734720,1568645,367.00,11.28,22842.30,0.45310,22800
104027,2026-09-28 14:01:06,3583905,2588300,6860165,44.80,13.43,2026-10-06,23300,1841450,1957345,1060345,447.55,10.88,22842.30,0.51380,22800
104029,2026-09-28 14:01:06,2167945,2019095,5826730,30.50,13.55,2026-10-06,23400,742820,859040,558935,531.00,9.46,22842.30,0.34260,22800
104031,2026-09-28 14:01:06,3022825,2760225,8034260,21.25,13.82,2026-10-06,23500,832065,826995,544115,621.05,0.00,22842.30,0.27530,22800
104033,2026-09-28 14:01:06,1471990,1140555,3669185,15.00,14.16,2026-10-06,23600,155285,120055,143975,715.00,0.00,22842.30,0.10550,22800
104035,2026-09-28 14:01:06,1535755,1372345,3864120,10.95,14.62,2026-10-06,23700,147875,140530,58695,808.00,0.00,22842.30,0.09630,22800
104037,2026-09-28 14:01:06,1399060,1106560,3156400,8.40,15.17,2026-10-06,23800,140140,120315,65325,908.00,0.00,22842.30,0.10020,22800
104039,2026-09-28 14:01:06,828100,910975,2192060,6.75,15.84,2026-10-06,23900,83915,65455,44135,1001.50,0.00,22842.30,0.10130,22800
104041,2026-09-28 14:01:06,3165305,2261545,5373290,5.70,16.60,2026-10-06,24000,260390,181480,127920,1102.00,0.00,22842.30,0.08230,22800
104043,2026-09-28 14:01:06,647660,642200,1672450,4.60,17.21,2026-10-06,24100,34320,15860,20865,1198.40,0.00,22842.30,0.05300,22800
104335,2026-09-28 14:06:06,195,195,195,801.85,19.17,2026-10-06,22100,508690,397930,2009540,22.95,16.94,22830.95,2608.66670,22800
104337,2026-09-28 14:06:06,1235,0,2665,717.00,19.36,2026-10-06,22200,1510080,1289795,3194685,29.15,16.27,22830.95,1222.73680,22800
104339,2026-09-28 14:06:06,5005,910,10465,630.90,18.97,2026-10-06,22300,761150,435045,2653755,37.30,15.59,22830.95,152.07790,22800
104341,2026-09-28 14:06:06,15470,195,39780,537.05,17.46,2026-10-06,22400,1795105,1214720,3739970,47.70,14.94,22830.95,116.03780,22800
104343,2026-09-28 14:06:06,212550,97110,348855,448.90,16.30,2026-10-06,22500,1864200,1825395,8647730,63.15,14.40,22830.95,8.77060,22800
104345,2026-09-28 14:06:06,114205,63505,280735,372.10,15.85,2026-10-06,22600,1642030,1076075,6547840,83.70,13.92,22830.95,14.37790,22800
104347,2026-09-28 14:06:06,311090,118950,1252875,296.20,15.01,2026-10-06,22700,1289210,1235520,6077760,109.15,13.37,22830.95,4.14420,22800
104349,2026-09-28 14:06:06,1225965,169325,4902560,231.00,14.55,2026-10-06,22800,1735240,1157195,9895470,143.85,12.92,22830.95,1.41540,22800
104351,2026-09-28 14:06:06,1970475,309140,6527300,173.50,14.06,2026-10-06,22900,1497665,693355,9012315,186.50,12.43,22830.95,0.76010,22800
104353,2026-09-28 14:06:06,3370835,853775,11267425,126.45,13.69,2026-10-06,23000,2386150,2106260,8279375,238.45,11.96,22830.95,0.70790,22800
104355,2026-09-28 14:06:06,2949635,1955915,7045935,89.75,13.47,2026-10-06,23100,1802645,2353260,3807310,301.50,11.60,22830.95,0.61110,22800
104357,2026-09-28 14:06:06,3071575,2129335,7196865,62.40,13.40,2026-10-06,23200,1391195,1734720,1591200,374.40,11.15,22830.95,0.45290,22800
104359,2026-09-28 14:06:06,3587285,2588300,6916520,43.10,13.49,2026-10-06,23300,1841710,1957345,1070420,456.70,10.59,22830.95,0.51340,22800
104361,2026-09-28 14:06:06,2173990,2019095,5848765,29.60,13.63,2026-10-06,23400,742885,859040,560170,539.00,8.79,22830.95,0.34170,22800
104363,2026-09-28 14:06:06,3023865,2760225,8097505,20.45,13.87,2026-10-06,23500,830830,826995,561730,632.10,0.00,22830.95,0.27480,22800
104365,2026-09-28 14:06:06,1443195,1140555,3835195,14.65,14.25,2026-10-06,23600,156455,120055,146510,724.00,0.00,22830.95,0.10840,22800
104367,2026-09-28 14:06:06,1536145,1372345,3888755,10.60,14.66,2026-10-06,23700,147940,140530,58955,818.70,0.00,22830.95,0.09630,22800
104369,2026-09-28 14:06:06,1371565,1106560,3301285,8.15,15.23,2026-10-06,23800,140855,120315,70720,916.45,0.00,22830.95,0.10270,22800
104371,2026-09-28 14:06:06,823810,910975,2207205,6.45,15.87,2026-10-06,23900,83915,65455,44135,1001.50,0.00,22830.95,0.10190,22800
104373,2026-09-28 14:06:06,3144310,2261545,5458635,5.50,16.66,2026-10-06,24000,261430,181480,130715,1109.00,0.00,22830.95,0.08310,22800
104375,2026-09-28 14:06:06,647595,642200,1706705,4.50,17.33,2026-10-06,24100,34580,15860,23335,1203.50,0.00,22830.95,0.05340,22800
104667,2026-09-28 14:11:06,195,195,195,801.85,19.06,2026-10-06,22100,506350,397930,2025335,22.80,16.94,22833.60,2596.66670,22800
104669,2026-09-28 14:11:06,1235,0,2665,717.00,19.29,2026-10-06,22200,1512745,1289795,3225625,29.00,16.25,22833.60,1224.89470,22800
104671,2026-09-28 14:11:06,5070,910,10595,622.85,17.99,2026-10-06,22300,867360,435045,2847130,36.70,15.52,22833.60,171.07690,22800
104673,2026-09-28 14:11:06,15535,195,40105,533.10,16.98,2026-10-06,22400,1685840,1214720,3923140,48.00,14.95,22833.60,108.51880,22800
104675,2026-09-28 14:11:06,235235,97110,373945,450.05,16.37,2026-10-06,22500,1882465,1825395,8716500,62.95,14.36,22833.60,8.00250,22800
104677,2026-09-28 14:11:06,115245,63505,281970,368.00,15.46,2026-10-06,22600,1635595,1076075,6590415,83.05,13.87,22833.60,14.19230,22800
104679,2026-09-28 14:11:06,313885,118950,1267565,298.00,15.11,2026-10-06,22700,1288105,1235520,6120010,108.85,13.30,22833.60,4.10370,22800
104681,2026-09-28 14:11:06,1213290,169325,5007860,232.40,14.59,2026-10-06,22800,1683760,1157195,10047830,143.15,12.86,22833.60,1.38780,22800
104683,2026-09-28 14:11:06,1978210,309140,6594250,174.45,14.10,2026-10-06,22900,1491555,693355,9135165,185.20,12.34,22833.60,0.75400,22800
104685,2026-09-28 14:11:06,3403010,853775,11374805,127.20,13.75,2026-10-06,23000,2386150,2106260,8337420,238.50,11.92,22833.60,0.70120,22800
104687,2026-09-28 14:11:06,2950935,1955915,7093775,90.45,13.50,2026-10-06,23100,1804595,2353260,3824080,300.65,11.64,22833.60,0.61150,22800
104689,2026-09-28 14:11:06,3075215,2129335,7287475,62.85,13.44,2026-10-06,23200,1386320,1734720,1621945,376.95,11.49,22833.60,0.45080,22800
104691,2026-09-28 14:11:06,3587870,2588300,6991010,43.70,13.52,2026-10-06,23300,1842490,1957345,1079195,455.25,10.74,22833.60,0.51350,22800
104693,2026-09-28 14:11:06,2182505,2019095,5910515,30.10,13.69,2026-10-06,23400,743405,859040,561275,544.80,10.53,22833.60,0.34060,22800
104695,2026-09-28 14:11:06,3031405,2760225,8348210,20.85,13.92,2026-10-06,23500,838435,826995,600990,631.50,0.00,22833.60,0.27660,22800
104697,2026-09-28 14:11:06,1516320,1140555,4012060,15.00,14.33,2026-10-06,23600,157430,120055,154700,726.10,0.00,22833.60,0.10380,22800
104699,2026-09-28 14:11:06,1537900,1372345,3920605,10.90,14.74,2026-10-06,23700,147875,140530,59605,818.00,0.00,22833.60,0.09620,22800
104701,2026-09-28 14:11:06,1376895,1106560,3353740,8.25,15.26,2026-10-06,23800,141505,120315,71045,916.45,0.00,22833.60,0.10280,22800
104703,2026-09-28 14:11:06,824395,910975,2220465,6.65,15.90,2026-10-06,23900,84175,65455,45305,1021.00,0.00,22833.60,0.10210,22800
104705,2026-09-28 14:11:06,3159715,2261545,5493475,5.65,16.72,2026-10-06,24000,263250,181480,133900,1119.80,0.00,22833.60,0.08330,22800
104707,2026-09-28 14:11:06,639145,642200,1728480,4.55,17.33,2026-10-06,24100,39065,15860,28340,1209.70,0.00,22833.60,0.06110,22800
104999,2026-09-28 14:16:06,195,195,195,801.85,21.36,2026-10-06,22100,511225,397930,2044445,24.15,16.88,22814.30,2621.66670,22800
105001,2026-09-28 14:16:06,1170,0,2730,705.00,19.76,2026-10-06,22200,1510080,1289795,3271970,31.10,16.25,22814.30,1290.66670,22800
105003,2026-09-28 14:16:06,5070,910,10725,604.15,17.61,2026-10-06,22300,1001845,435045,2972190,39.10,15.50,22814.30,197.60260,22800
105005,2026-09-28 14:16:06,15535,195,40885,518.95,17.05,2026-10-06,22400,1571180,1214720,4078815,51.45,14.94,22814.30,101.13810,22800
105007,2026-09-28 14:16:06,237640,97110,383825,434.45,16.21,2026-10-06,22500,1881685,1825395,8794890,67.75,14.39,22814.30,7.91820,22800
105009,2026-09-28 14:16:06,117650,63505,288665,355.00,15.45,2026-10-06,22600,1633320,1076075,6674330,88.65,13.90,22814.30,13.88290,22800
105011,2026-09-28 14:16:06,317655,118950,1293825,282.70,14.83,2026-10-06,22700,1283035,1235520,6199050,116.20,13.32,22814.30,4.03910,22800
105013,2026-09-28 14:16:06,1218880,169325,5145985,220.55,14.45,2026-10-06,22800,1683630,1157195,10251670,152.60,12.86,22814.30,1.38130,22800
105015,2026-09-28 14:16:06,1984580,309140,6700070,164.00,14.00,2026-10-06,22900,1483365,693355,9247160,196.65,12.37,22814.30,0.74740,22800
105017,2026-09-28 14:16:06,3408015,853775,11551475,119.00,13.68,2026-10-06,23000,2384785,2106260,8418410,250.90,11.97,22814.30,0.69980,22800
105019,2026-09-28 14:16:06,2952170,1955915,7171255,83.90,13.44,2026-10-06,23100,1805635,2353260,3839940,315.95,11.67,22814.30,0.61160,22800
105021,2026-09-28 14:16:06,3087305,2129335,7408570,58.35,13.43,2026-10-06,23200,1386515,1734720,1634100,390.70,11.31,22814.30,0.44910,22800
105023,2026-09-28 14:16:06,3609645,2588300,7072715,40.45,13.53,2026-10-06,23300,1842880,1957345,1089985,472.35,10.85,22814.30,0.51050,22800
105025,2026-09-28 14:16:06,2193880,2019095,5949125,27.95,13.72,2026-10-06,23400,743405,859040,562185,555.70,8.61,22814.30,0.33890,22800
105027,2026-09-28 14:16:06,3070730,2760225,8491600,19.30,13.98,2026-10-06,23500,845455,826995,639145,650.60,0.00,22814.30,0.27530,22800
105029,2026-09-28 14:16:06,1529840,1140555,4070430,14.05,14.40,2026-10-06,23600,157495,120055,155805,741.45,0.00,22814.30,0.10290,22800
105031,2026-09-28 14:16:06,1560975,1372345,3990805,10.15,14.80,2026-10-06,23700,147875,140530,59995,834.60,0.00,22814.30,0.09470,22800
105033,2026-09-28 14:16:06,1361815,1106560,3389035,7.95,15.41,2026-10-06,23800,141700,120315,72020,933.10,0.00,22814.30,0.10410,22800
105035,2026-09-28 14:16:06,820430,910975,2240875,6.35,16.05,2026-10-06,23900,84565,65455,45630,1032.85,0.00,22814.30,0.10310,22800
105037,2026-09-28 14:16:06,3166085,2261545,5534555,5.45,16.85,2026-10-06,24000,264160,181480,135200,1120.00,0.00,22814.30,0.08340,22800
105039,2026-09-28 14:16:06,642135,642200,1738360,4.45,17.46,2026-10-06,24100,43940,15860,31135,1225.55,0.00,22814.30,0.06840,22800
105331,2026-09-28 14:21:06,195,195,195,801.85,22.81,2026-10-06,22100,542620,397930,2154360,28.50,17.40,22803.35,2782.66670,22800
105333,2026-09-28 14:21:06,1235,0,3445,664.10,15.85,2026-10-06,22200,1537640,1289795,3635645,35.45,16.68,22803.35,1245.05260,22800
105335,2026-09-28 14:21:06,5200,910,11830,582.10,16.37,2026-10-06,22300,1141790,435045,3281070,44.30,15.90,22803.35,219.57500,22800
105337,2026-09-28 14:21:06,15535,195,41730,498.55,16.08,2026-10-06,22400,1461850,1214720,4441970,57.40,15.31,22803.35,94.10040,22800
105339,2026-09-28 14:21:06,241605,97110,413335,420.65,15.88,2026-10-06,22500,1905410,1825395,9163505,73.75,14.72,22803.35,7.88650,22800
105341,2026-09-28 14:21:06,128440,63505,326235,343.30,15.32,2026-10-06,22600,1644825,1076075,6874140,96.50,14.24,22803.35,12.80620,22800
105343,2026-09-28 14:21:06,330070,118950,1362595,273.45,14.77,2026-10-06,22700,1279915,1235520,6488820,125.25,13.69,22803.35,3.87770,22800
105345,2026-09-28 14:21:06,1280500,169325,5501665,211.60,14.35,2026-10-06,22800,1616550,1157195,10828610,163.20,13.34,22803.35,1.26240,22800
105347,2026-09-28 14:21:06,2035800,309140,7044895,157.05,13.97,2026-10-06,22900,1393340,693355,9668165,208.60,12.83,22803.35,0.68440,22800
105349,2026-09-28 14:21:06,3424980,853775,11937380,114.50,13.71,2026-10-06,23000,2341755,2106260,8668140,265.05,12.52,22803.35,0.68370,22800
105351,2026-09-28 14:21:06,2925455,1955915,7482410,80.75,13.54,2026-10-06,23100,1743495,2353260,4013035,332.70,12.22,22803.35,0.59600,22800
105353,2026-09-28 14:21:06,2876965,2129335,7985835,57.30,13.57,2026-10-06,23200,1382940,1734720,1665105,409.75,12.22,22803.35,0.48070,22800
105355,2026-09-28 14:21:06,3609385,2588300,7308405,39.90,13.75,2026-10-06,23300,1831570,1957345,1126515,491.10,12.12,22803.35,0.50740,22800
105357,2026-09-28 14:21:06,2187250,2019095,6099600,27.75,13.93,2026-10-06,23400,742105,859040,572000,578.60,11.35,22803.35,0.33930,22800
105359,2026-09-28 14:21:06,3096925,2760225,8835775,19.65,14.22,2026-10-06,23500,890760,826995,754975,673.00,11.38,22803.35,0.28760,22800
105361,2026-09-28 14:21:06,1545440,1140555,4186585,14.35,14.68,2026-10-06,23600,157690,120055,157040,760.50,0.00,22803.35,0.10200,22800
105363,2026-09-28 14:21:06,1566175,1372345,4060940,10.55,15.11,2026-10-06,23700,148005,140530,60385,857.75,0.00,22803.35,0.09450,22800
105365,2026-09-28 14:21:06,1375790,1106560,3442595,8.25,15.72,2026-10-06,23800,142025,120315,73125,955.55,0.00,22803.35,0.10320,22800
105367,2026-09-28 14:21:06,817830,910975,2276885,6.70,16.36,2026-10-06,23900,84955,65455,46410,1062.75,0.00,22803.35,0.10390,22800
105369,2026-09-28 14:21:06,3158090,2261545,5674695,5.75,17.18,2026-10-06,24000,266110,181480,138125,1152.80,0.00,22803.35,0.08430,22800
105371,2026-09-28 14:21:06,609505,642200,1824485,4.65,17.82,2026-10-06,24100,44135,15860,31460,1229.40,0.00,22803.35,0.07240,22800
105663,2026-09-28 14:26:06,195,195,260,768.50,18.55,2026-10-06,22100,545415,397930,2199795,28.65,17.41,22802.35,2797.00000,22800
105665,2026-09-28 14:26:06,1235,0,3510,672.65,17.29,2026-10-06,22200,1608750,1289795,3816605,35.70,16.69,22802.35,1302.63160,22800
105667,2026-09-28 14:26:06,5330,910,12155,587.85,17.20,2026-10-06,22300,1191190,435045,3395275,44.45,15.95,22802.35,223.48780,22800
105669,2026-09-28 14:26:06,15405,195,42575,497.80,16.17,2026-10-06,22400,1392690,1214720,4578795,57.35,15.34,22802.35,90.40510,22800
105671,2026-09-28 14:26:06,245440,97110,423085,415.05,15.46,2026-10-06,22500,1941875,1825395,9355450,74.55,14.71,22802.35,7.91180,22800
105673,2026-09-28 14:26:06,139750,63505,350545,339.00,15.08,2026-10-06,22600,1651260,1076075,6970730,97.05,14.24,22802.35,11.81580,22800
105675,2026-09-28 14:26:06,334295,118950,1395615,268.50,14.46,2026-10-06,22700,1291355,1235520,6690255,125.55,13.74,22802.35,3.86290,22800
105677,2026-09-28 14:26:06,1306760,169325,5855980,206.00,13.98,2026-10-06,22800,1650155,1157195,11156535,163.75,13.34,22802.35,1.26280,22800
105679,2026-09-28 14:26:06,1914185,309140,7564375,152.40,13.67,2026-10-06,22900,1401530,693355,9847760,210.15,12.87,22802.35,0.73220,22800
105681,2026-09-28 14:26:06,3446755,853775,12512240,109.75,13.37,2026-10-06,23000,2364895,2106260,8780655,266.20,12.47,22802.35,0.68610,22800
105683,2026-09-28 14:26:06,2864875,1955915,7839130,77.20,13.24,2026-10-06,23100,1739270,2353260,4050215,334.45,12.40,22802.35,0.60710,22800
105685,2026-09-28 14:26:06,2835040,2129335,8261760,53.95,13.34,2026-10-06,23200,1383980,1734720,1680120,410.50,12.20,22802.35,0.48820,22800
105687,2026-09-28 14:26:06,3621735,2588300,7437755,37.75,13.53,2026-10-06,23300,1824290,1957345,1145170,494.60,12.19,22802.35,0.50370,22800
105689,2026-09-28 14:26:06,2218060,2019095,6180005,26.15,13.75,2026-10-06,23400,743275,859040,580255,580.00,11.87,22802.35,0.33510,22800
105691,2026-09-28 14:26:06,3092895,2760225,9074000,18.60,14.07,2026-10-06,23500,879320,826995,794430,677.15,11.75,22802.35,0.28430,22800
105693,2026-09-28 14:26:06,1541605,1140555,4254380,13.60,14.54,2026-10-06,23600,157690,120055,157365,767.80,0.00,22802.35,0.10230,22800
105695,2026-09-28 14:26:06,1561430,1372345,4135820,9.90,14.95,2026-10-06,23700,148265,140530,62530,865.10,9.52,22802.35,0.09500,22800
105697,2026-09-28 14:26:06,1370200,1106560,3587805,7.55,15.50,2026-10-06,23800,141700,120315,74815,962.90,0.00,22802.35,0.10340,22800
105699,2026-09-28 14:26:06,820495,910975,2323815,6.25,16.24,2026-10-06,23900,85020,65455,47385,1060.00,0.00,22802.35,0.10360,22800
105701,2026-09-28 14:26:06,3200015,2261545,5801575,5.40,17.03,2026-10-06,24000,266110,181480,138840,1162.80,0.00,22802.35,0.08320,22800
105703,2026-09-28 14:26:06,610870,642200,1870115,4.40,17.70,2026-10-06,24100,44330,15860,31655,1255.20,0.00,22802.35,0.07260,22800
105995,2026-09-28 14:31:07,260,195,390,776.20,19.06,2026-10-06,22100,563290,397930,2252315,27.50,17.27,22803.70,2166.50000,22800
105997,2026-09-28 14:31:07,1365,0,4940,680.00,17.70,2026-10-06,22200,1590485,1289795,4056260,34.20,16.56,22803.70,1165.19050,22800
105999,2026-09-28 14:31:07,5330,910,12220,589.25,16.88,2026-10-06,22300,1192100,435045,3504085,42.85,15.84,22803.70,223.65850,22800
106001,2026-09-28 14:31:07,16315,195,45500,506.85,16.65,2026-10-06,22400,1380275,1214720,4690075,55.25,15.21,22803.70,84.60160,22800
106003,2026-09-28 14:31:07,248625,97110,439790,421.75,15.79,2026-10-06,22500,1955005,1825395,9599265,72.00,14.60,22803.70,7.86330,22800
106005,2026-09-28 14:31:07,137345,63505,370435,343.70,15.13,2026-10-06,22600,1648790,1076075,7067840,93.95,14.10,22803.70,12.00470,22800
106007,2026-09-28 14:31:07,341185,118950,1421160,273.50,14.60,2026-10-06,22700,1263795,1235520,6817460,122.20,13.54,22803.70,3.70410,22800
106009,2026-09-28 14:31:07,1348165,169325,6051565,210.40,14.16,2026-10-06,22800,1669850,1157195,11377275,159.10,13.14,22803.70,1.23860,22800
106011,2026-09-28 14:31:07,1900080,309140,7826845,156.55,13.77,2026-10-06,22900,1399775,693355,10018385,204.50,12.68,22803.70,0.73670,22800
106013,2026-09-28 14:31:07,3423225,853775,12733305,112.75,13.46,2026-10-06,23000,2358200,2106260,8870680,261.20,12.32,22803.70,0.68890,22800
106015,2026-09-28 14:31:07,2877420,1955915,7992660,79.45,13.37,2026-10-06,23100,1740505,2353260,4076605,328.00,12.07,22803.70,0.60490,22800
106017,2026-09-28 14:31:07,2820415,2129335,8485490,55.95,13.40,2026-10-06,23200,1363310,1734720,1711905,404.00,11.87,22803.70,0.48340,22800
106019,2026-09-28 14:31:07,3625700,2588300,7531810,38.95,13.57,2026-10-06,23300,1799135,1957345,1182350,486.95,11.66,22803.70,0.49620,22800
106021,2026-09-28 14:31:07,2227940,2019095,6274125,27.00,13.79,2026-10-06,23400,745160,859040,593970,574.40,11.03,22803.70,0.33450,22800
106023,2026-09-28 14:31:07,3081845,2760225,9251450,19.05,14.10,2026-10-06,23500,892970,826995,822315,668.05,11.47,22803.70,0.28980,22800
106025,2026-09-28 14:31:07,1555385,1140555,4317950,14.00,14.53,2026-10-06,23600,157365,120055,158795,763.00,8.79,22803.70,0.10120,22800
106027,2026-09-28 14:31:07,1560325,1372345,4175600,10.30,14.98,2026-10-06,23700,127790,140530,85670,857.80,0.00,22803.70,0.08190,22800
106029,2026-09-28 14:31:07,1362075,1106560,3677310,8.00,15.59,2026-10-06,23800,116935,120315,102505,956.45,0.00,22803.70,0.08590,22800
106031,2026-09-28 14:31:07,811135,910975,2366520,6.55,16.30,2026-10-06,23900,86255,65455,48750,1061.05,0.00,22803.70,0.10630,22800
106033,2026-09-28 14:31:07,3232190,2261545,5926115,5.55,17.03,2026-10-06,24000,271570,181480,147160,1148.30,0.00,22803.70,0.08400,22800
106035,2026-09-28 14:31:07,615355,642200,1883635,4.60,17.70,2026-10-06,24100,44330,15860,31655,1255.20,0.00,22803.70,0.07200,22800
106327,2026-09-28 14:36:08,260,195,390,776.20,21.85,2026-10-06,22100,562120,397930,2305355,29.50,17.24,22783.10,2162.00000,22800
106329,2026-09-28 14:36:08,2275,0,5330,665.00,18.45,2026-10-06,22200,1620515,1289795,4238455,36.90,16.53,22783.10,712.31430,22800
106331,2026-09-28 14:36:08,5720,910,12805,580.80,18.17,2026-10-06,22300,1216605,435045,3643900,46.50,15.79,22783.10,212.69320,22800
106333,2026-09-28 14:36:08,16445,195,46995,493.40,17.20,2026-10-06,22400,1361750,1214720,4781660,59.95,15.17,22783.10,82.80630,22800
106335,2026-09-28 14:36:08,253045,97110,452465,407.00,16.04,2026-10-06,22500,1945515,1825395,9764430,77.05,14.59,22783.10,7.68840,22800
106337,2026-09-28 14:36:08,146770,63505,386945,332.00,15.50,2026-10-06,22600,1652560,1076075,7160530,100.65,14.04,22783.10,11.25950,22800
106339,2026-09-28 14:36:08,346320,118950,1446705,263.25,14.95,2026-10-06,22700,1277705,1235520,6964230,130.80,13.50,22783.10,3.68940,22800
106341,2026-09-28 14:36:08,1455415,169325,6316180,202.70,14.43,2026-10-06,22800,1703455,1157195,11581895,169.65,13.04,22783.10,1.17040,22800
106343,2026-09-28 14:36:08,1926210,309140,8000460,149.20,13.97,2026-10-06,22900,1388270,693355,10157550,216.50,12.57,22783.10,0.72070,22800
106345,2026-09-28 14:36:08,3436550,853775,12943710,106.80,13.66,2026-10-06,23000,2367755,2106260,8992685,273.65,12.15,22783.10,0.68900,22800
106347,2026-09-28 14:36:08,2942420,1955915,8148400,74.95,13.55,2026-10-06,23100,1727310,2353260,4122820,342.35,11.73,22783.10,0.58700,22800
106349,2026-09-28 14:36:08,2816450,2129335,8680100,52.65,13.58,2026-10-06,23200,1349790,1734720,1744015,420.75,11.52,22783.10,0.47930,22800
106351,2026-09-28 14:36:08,3638115,2588300,7627490,36.45,13.75,2026-10-06,23300,1704560,1957345,1303900,503.65,10.97,22783.10,0.46850,22800
106353,2026-09-28 14:36:08,2226510,2019095,6337630,25.60,13.96,2026-10-06,23400,742170,859040,598260,592.05,9.70,22783.10,0.33330,22800
106355,2026-09-28 14:36:08,3127800,2760225,9479470,18.10,14.33,2026-10-06,23500,932815,826995,880165,687.20,9.95,22783.10,0.29820,22800
106357,2026-09-28 14:36:08,1527305,1140555,4373915,13.40,14.77,2026-10-06,23600,157495,120055,159510,771.40,0.00,22783.10,0.10310,22800
106359,2026-09-28 14:36:08,1562340,1372345,4201145,9.95,15.23,2026-10-06,23700,114660,140530,99645,870.50,0.00,22783.10,0.07340,22800
106361,2026-09-28 14:36:08,1358110,1106560,3744130,7.80,15.87,2026-10-06,23800,106080,120315,114920,973.30,0.00,22783.10,0.07810,22800
106363,2026-09-28 14:36:08,817765,910975,2407470,6.40,16.54,2026-10-06,23900,88205,65455,51675,1063.00,0.00,22783.10,0.10790,22800
106365,2026-09-28 14:36:08,3264235,2261545,6113640,5.50,17.33,2026-10-06,24000,273325,181480,148720,1166.10,0.00,22783.10,0.08370,22800
106367,2026-09-28 14:36:08,609700,642200,1934920,4.50,17.94,2026-10-06,24100,44395,15860,31850,1263.10,0.00,22783.10,0.07280,22800
106659,2026-09-28 14:40:06,260,195,390,776.20,23.33,2026-10-06,22100,565630,397930,2352090,31.80,17.30,22766.80,2175.50000,22800
106661,2026-09-28 14:40:06,2535,0,5590,648.20,17.97,2026-10-06,22200,1636895,1289795,4340700,39.75,16.63,22766.80,645.71790,22800
106663,2026-09-28 14:40:06,5915,910,13455,561.05,17.03,2026-10-06,22300,1227590,435045,3751735,49.90,15.89,22766.80,207.53850,22800
106665,2026-09-28 14:40:06,21840,195,55965,476.10,16.55,2026-10-06,22400,1346345,1214720,4913285,64.35,15.31,22766.80,61.64580,22800
106667,2026-09-28 14:40:06,265590,97110,475995,395.05,15.95,2026-10-06,22500,1934985,1825395,9964955,82.90,14.75,22766.80,7.28560,22800
106669,2026-09-28 14:40:06,147810,63505,407030,321.65,15.47,2026-10-06,22600,1657825,1076075,7307365,108.45,14.23,22766.80,11.21590,22800
106671,2026-09-28 14:40:06,362440,118950,1513200,254.55,14.99,2026-10-06,22700,1265550,1235520,7155720,139.80,13.73,22766.80,3.49180,22800
106673,2026-09-28 14:40:06,1479985,169325,6599060,195.55,14.55,2026-10-06,22800,1666795,1157195,11954605,180.00,13.35,22766.80,1.12620,22800
106675,2026-09-28 14:40:06,1908855,309140,8215805,143.80,14.14,2026-10-06,22900,1338155,693355,10375495,229.50,12.86,22766.80,0.70100,22800
106677,2026-09-28 14:40:06,3470870,853775,13299715,103.40,13.87,2026-10-06,23000,2338245,2106260,9142835,289.05,12.50,22766.80,0.67370,22800
106679,2026-09-28 14:40:06,2973945,1955915,8298940,73.50,13.76,2026-10-06,23100,1717495,2353260,4172090,358.90,12.21,22766.80,0.57750,22800
106681,2026-09-28 14:40:06,2755220,2129335,8923590,51.75,13.85,2026-10-06,23200,1328470,1734720,1799850,438.70,12.15,22766.80,0.48220,22800
106683,2026-09-28 14:40:06,3643835,2588300,7718750,36.70,14.03,2026-10-06,23300,1702545,1957345,1309815,522.40,11.72,22766.80,0.46720,22800
106685,2026-09-28 14:40:06,2215395,2019095,6417385,25.75,14.25,2026-10-06,23400,740610,859040,601965,611.85,11.25,22766.80,0.33430,22800
106687,2026-09-28 14:40:06,3179410,2760225,9653020,18.50,14.62,2026-10-06,23500,946205,826995,908830,705.95,10.68,22766.80,0.29760,22800
106689,2026-09-28 14:40:06,1531140,1140555,4434430,13.70,15.05,2026-10-06,23600,157755,120055,160160,798.50,0.00,22766.80,0.10300,22800
106691,2026-09-28 14:40:06,1586130,1372345,4278495,10.10,15.50,2026-10-06,23700,114790,140530,100425,892.25,0.00,22766.80,0.07240,22800
106693,2026-09-28 14:40:06,1348685,1106560,3819140,8.00,16.11,2026-10-06,23800,102635,120315,117065,987.60,0.00,22766.80,0.07610,22800
106695,2026-09-28 14:40:06,813215,910975,2425345,6.55,16.82,2026-10-06,23900,94510,65455,58435,1088.00,0.00,22766.80,0.11620,22800
106697,2026-09-28 14:40:06,3267615,2261545,6170970,5.70,17.58,2026-10-06,24000,273390,181480,150020,1185.00,0.00,22766.80,0.08370,22800
106699,2026-09-28 14:40:06,613405,642200,1960595,4.60,18.19,2026-10-06,24100,44200,15860,31915,1261.70,0.00,22766.80,0.07210,22800
106991,2026-09-28 14:46:06,260,195,390,776.20,22.30,2026-10-06,22100,562315,397930,2404220,29.15,17.11,22778.30,2162.75000,22800
106993,2026-09-28 14:46:06,2600,0,5720,660.00,18.31,2026-10-06,22200,1653210,1289795,4414930,36.65,16.39,22778.30,635.85000,22800
106995,2026-09-28 14:46:06,6955,910,15470,570.15,17.41,2026-10-06,22300,1235455,435045,3822845,45.95,15.65,22778.30,177.63550,22800
106997,2026-09-28 14:46:06,23205,195,57980,483.55,16.59,2026-10-06,22400,1353950,1214720,5003180,59.50,15.04,22778.30,58.34730,22800
106999,2026-09-28 14:46:06,274560,97110,495560,404.00,16.07,2026-10-06,22500,1968005,1825395,10167170,77.50,14.47,22778.30,7.16790,22800
107001,2026-09-28 14:46:06,161395,63505,433160,328.75,15.47,2026-10-06,22600,1673165,1076075,7425730,101.25,13.96,22778.30,10.36690,22800
107003,2026-09-28 14:46:06,371215,118950,1564745,258.20,14.77,2026-10-06,22700,1239875,1235520,7377695,132.00,13.43,22778.30,3.34000,22800
107005,2026-09-28 14:46:06,1522495,169325,6811220,197.45,14.32,2026-10-06,22800,1617200,1157195,12224485,171.60,13.06,22778.30,1.06220,22800
107007,2026-09-28 14:46:06,1906515,309140,8377265,145.85,13.94,2026-10-06,22900,1313650,693355,10549175,219.45,12.54,22778.30,0.68900,22800
107009,2026-09-28 14:46:06,3496090,853775,13563290,105.05,13.69,2026-10-06,23000,2333110,2106260,9271535,278.60,12.18,22778.30,0.66730,22800
107011,2026-09-28 14:46:06,3000920,1955915,8506095,74.20,13.57,2026-10-06,23100,1702805,2353260,4234750,348.40,11.93,22778.30,0.56740,22800
107013,2026-09-28 14:46:06,2735980,2129335,9114105,52.30,13.70,2026-10-06,23200,1314040,1734720,1840930,426.00,11.60,22778.30,0.48030,22800
107015,2026-09-28 14:46:06,3663010,2588300,7851870,36.85,13.87,2026-10-06,23300,1698515,1957345,1322425,510.25,11.35,22778.30,0.46370,22800
107017,2026-09-28 14:46:06,2202785,2019095,6535230,26.05,14.14,2026-10-06,23400,739180,859040,607035,596.00,9.61,22778.30,0.33560,22800
107019,2026-09-28 14:46:06,3195530,2760225,9783995,18.70,14.50,2026-10-06,23500,946400,826995,932815,692.00,8.30,22778.30,0.29620,22800
107021,2026-09-28 14:46:06,1533285,1140555,4506060,13.75,14.92,2026-10-06,23600,157625,120055,160940,781.50,0.00,22778.30,0.10280,22800
107023,2026-09-28 14:46:06,1596335,1372345,4349800,10.20,15.38,2026-10-06,23700,114920,140530,100815,880.00,0.00,22778.30,0.07200,22800
107025,2026-09-28 14:46:06,1343745,1106560,3915795,8.05,15.99,2026-10-06,23800,102505,120315,117845,980.40,0.00,22778.30,0.07630,22800
107027,2026-09-28 14:46:06,818675,910975,2497560,6.45,16.63,2026-10-06,23900,99125,65455,61880,1072.20,0.00,22778.30,0.12110,22800
107029,2026-09-28 14:46:06,3266315,2261545,6290635,5.60,17.46,2026-10-06,24000,273390,181480,150670,1169.25,0.00,22778.30,0.08370,22800
107031,2026-09-28 14:46:06,610155,642200,1977820,4.55,18.07,2026-10-06,24100,44330,15860,32240,1263.90,0.00,22778.30,0.07270,22800
107323,2026-09-28 14:51:06,260,195,390,776.20,19.74,2026-10-06,22100,654290,397930,2557555,26.70,17.06,22801.35,2516.50000,22800
107325,2026-09-28 14:51:06,2665,0,5785,668.00,16.69,2026-10-06,22200,1635725,1289795,4504695,33.00,16.25,22801.35,613.78050,22800
107327,2026-09-28 14:51:06,8710,910,17420,586.75,17.12,2026-10-06,22300,1236885,435045,3873480,41.15,15.50,22801.35,142.00750,22800
107329,2026-09-28 14:51:06,23465,195,59800,498.65,16.34,2026-10-06,22400,1441895,1214720,5288010,53.30,14.86,22801.35,61.44880,22800
107331,2026-09-28 14:51:06,277550,97110,508560,416.75,15.69,2026-10-06,22500,2023125,1825395,10400195,69.65,14.27,22801.35,7.28920,22800
107333,2026-09-28 14:51:06,148980,63505,466050,339.00,15.41,2026-10-06,22600,1681420,1076075,7550660,92.20,13.77,22801.35,11.28620,22800
107335,2026-09-28 14:51:06,355810,118950,1618955,267.60,14.52,2026-10-06,22700,1229995,1235520,7554105,121.15,13.26,22801.35,3.45690,22800
107337,2026-09-28 14:51:06,1506180,169325,7057570,206.70,14.11,2026-10-06,22800,1628835,1157195,12459915,159.00,12.89,22801.35,1.08140,22800
107339,2026-09-28 14:51:06,1850550,309140,8577205,152.70,13.71,2026-10-06,22900,1317550,693355,10655255,204.35,12.44,22801.35,0.71200,22800
107341,2026-09-28 14:51:06,3519360,853775,13919555,109.65,13.42,2026-10-06,23000,2340845,2106260,9469785,262.70,12.12,22801.35,0.66510,22800
107343,2026-09-28 14:51:06,2993640,1955915,8645780,77.65,13.36,2026-10-06,23100,1704365,2353260,4268030,330.00,11.74,22801.35,0.56930,22800
107345,2026-09-28 14:51:06,2728570,2129335,9238450,54.80,13.41,2026-10-06,23200,1314235,1734720,1863160,405.90,11.55,22801.35,0.48170,22800
107347,2026-09-28 14:51:06,3660345,2588300,7949890,38.45,13.61,2026-10-06,23300,1689090,1957345,1339195,490.10,11.34,22801.35,0.46150,22800
107349,2026-09-28 14:51:06,2208895,2019095,6611215,26.90,13.87,2026-10-06,23400,735800,859040,612495,575.00,10.07,22801.35,0.33310,22800
107351,2026-09-28 14:51:06,3202290,2760225,9869535,19.25,14.21,2026-10-06,23500,946465,826995,953485,670.20,8.79,22801.35,0.29560,22800
107353,2026-09-28 14:51:06,1523080,1140555,4548440,14.15,14.65,2026-10-06,23600,157755,120055,161330,758.20,0.00,22801.35,0.10360,22800
107355,2026-09-28 14:51:06,1596985,1372345,4395235,10.30,15.08,2026-10-06,23700,115700,140530,109655,861.70,0.00,22801.35,0.07240,22800
107357,2026-09-28 14:51:06,1344200,1106560,3956745,8.20,15.75,2026-10-06,23800,102765,120315,119665,960.00,0.00,22801.35,0.07650,22800
107359,2026-09-28 14:51:06,840515,910975,2511925,6.60,16.36,2026-10-06,23900,99255,65455,62010,1065.35,0.00,22801.35,0.11810,22800
107361,2026-09-28 14:51:06,3260075,2261545,6471985,5.65,17.15,2026-10-06,24000,277420,181480,157950,1152.85,0.00,22801.35,0.08510,22800
107363,2026-09-28 14:51:06,606515,642200,1995500,4.60,17.76,2026-10-06,24100,45630,15860,33475,1244.15,0.00,22801.35,0.07520,22800
107655,2026-09-28 14:56:06,260,195,390,776.20,19.87,2026-10-06,22100,702130,397930,2634125,26.15,16.97,22800.10,2700.50000,22800
107657,2026-09-28 14:56:06,2665,0,5785,668.00,16.83,2026-10-06,22200,1632735,1289795,4541745,32.55,16.19,22800.10,612.65850,22800
107659,2026-09-28 14:56:06,8710,910,17420,586.75,17.21,2026-10-06,22300,1236950,435045,3913325,40.65,15.43,22800.10,142.01490,22800
107661,2026-09-28 14:56:06,23985,195,62855,502.95,16.78,2026-10-06,22400,1478425,1214720,5402735,52.80,14.78,22800.10,61.63960,22800
107663,2026-09-28 14:56:06,278850,97110,516360,416.45,15.72,2026-10-06,22500,2030210,1825395,10564060,69.25,14.22,22800.10,7.28070,22800
107665,2026-09-28 14:56:06,157040,63505,476190,339.05,15.14,2026-10-06,22600,1685515,1076075,7617740,91.05,13.72,22800.10,10.73300,22800
107667,2026-09-28 14:56:06,354705,118950,1640080,267.70,14.57,2026-10-06,22700,1237275,1235520,7665905,120.00,13.17,22800.10,3.48820,22800
107669,2026-09-28 14:56:06,1516255,169325,7277140,205.60,14.04,2026-10-06,22800,1666210,1157195,12641590,157.85,12.80,22800.10,1.09890,22800
107671,2026-09-28 14:56:06,1840800,309140,8685040,152.15,13.63,2026-10-06,22900,1307670,693355,10730785,202.90,12.31,22800.10,0.71040,22800
107673,2026-09-28 14:56:06,3525990,853775,14170065,109.00,13.36,2026-10-06,23000,2340780,2106260,9637225,260.85,11.98,22800.10,0.66390,22800
107675,2026-09-28 14:56:06,2989545,1955915,8714290,76.80,13.29,2026-10-06,23100,1698255,2353260,4303065,328.00,11.59,22800.10,0.56810,22800
107677,2026-09-28 14:56:06,2727790,2129335,9302930,54.15,13.38,2026-10-06,23200,1308060,1734720,1884285,405.85,11.34,22800.10,0.47950,22800
107679,2026-09-28 14:56:06,3655925,2588300,8017750,37.65,13.53,2026-10-06,23300,1683305,1957345,1354080,487.50,10.82,22800.10,0.46040,22800
107681,2026-09-28 14:56:06,2214420,2019095,6654830,26.40,13.81,2026-10-06,23400,736060,859040,618215,573.40,9.28,22800.10,0.33240,22800
107683,2026-09-28 14:56:06,3200600,2760225,9936615,18.70,14.16,2026-10-06,23500,947635,826995,964015,670.70,9.16,22800.10,0.29610,22800
107685,2026-09-28 14:56:06,1529320,1140555,4585685,13.70,14.59,2026-10-06,23600,157820,120055,161395,761.00,0.00,22800.10,0.10320,22800
107687,2026-09-28 14:56:06,1595100,1372345,4417335,10.15,15.05,2026-10-06,23700,115310,140530,111540,859.50,0.00,22800.10,0.07230,22800
107689,2026-09-28 14:56:06,1344460,1106560,3981250,8.00,15.69,2026-10-06,23800,102765,120315,122330,953.70,0.00,22800.10,0.07640,22800
107691,2026-09-28 14:56:06,840580,910975,2519595,6.45,16.36,2026-10-06,23900,99255,65455,62920,1049.60,0.00,22800.10,0.11810,22800
107693,2026-09-28 14:56:06,3263780,2261545,6518200,5.55,17.15,2026-10-06,24000,277615,181480,160355,1150.00,0.00,22800.10,0.08510,22800
107695,2026-09-28 14:56:06,623805,642200,2033590,4.55,17.76,2026-10-06,24100,46345,15860,35035,1231.75,0.00,22800.10,0.07430,22800
107987,2026-09-28 15:01:06,260,195,390,776.20,20.65,2026-10-06,22100,712465,397930,2678780,26.20,16.85,22792.90,2740.25000,22800
107989,2026-09-28 15:01:06,2665,0,5980,679.00,19.01,2026-10-06,22200,1652625,1289795,4608630,32.70,16.07,22792.90,620.12200,22800
107991,2026-09-28 15:01:06,8645,910,17550,583.70,17.50,2026-10-06,22300,1240070,435045,3968965,40.75,15.29,22792.90,143.44360,22800
107993,2026-09-28 15:01:06,24635,195,63700,493.50,17.25,2026-10-06,22400,1494675,1214720,5486390,52.50,14.64,22792.90,60.67280,22800
107995,2026-09-28 15:01:06,279500,97110,522210,410.00,15.58,2026-10-06,22500,2057900,1825395,10732865,69.95,14.11,22792.90,7.36280,22800
107997,2026-09-28 15:01:06,145080,63505,494130,337.00,15.30,2026-10-06,22600,1687140,1076075,7699380,92.65,13.62,22792.90,11.62900,22800
107999,2026-09-28 15:01:06,352365,118950,1655160,261.20,14.43,2026-10-06,22700,1226095,1235520,7781540,121.85,13.10,22792.90,3.47960,22800
108001,2026-09-28 15:01:06,1509170,169325,7432555,200.05,13.92,2026-10-06,22800,1692015,1157195,12844260,160.25,12.70,22792.90,1.12120,22800
108003,2026-09-28 15:01:06,1814410,309140,8821150,147.05,13.56,2026-10-06,22900,1297530,693355,10858380,207.00,12.20,22792.90,0.71510,22800
108005,2026-09-28 15:01:06,3548090,853775,14469975,105.40,13.28,2026-10-06,23000,2339675,2106260,9854520,265.30,11.94,22792.90,0.65940,22800
108007,2026-09-28 15:01:06,2986165,1955915,8788390,73.85,13.21,2026-10-06,23100,1689740,2353260,4334460,333.60,11.66,22792.90,0.56590,22800
108009,2026-09-28 15:01:06,2728310,2129335,9412260,51.90,13.34,2026-10-06,23200,1293565,1734720,1914315,410.00,11.22,22792.90,0.47410,22800
108011,2026-09-28 15:01:06,3647345,2588300,8132345,36.20,13.50,2026-10-06,23300,1660360,1957345,1392170,491.95,10.67,22792.90,0.45520,22800
108013,2026-09-28 15:01:06,2212600,2019095,6700590,25.35,13.76,2026-10-06,23400,732225,859040,621400,582.30,7.81,22792.90,0.33090,22800
108015,2026-09-28 15:01:06,3211975,2760225,10037105,18.05,14.13,2026-10-06,23500,947570,826995,977015,677.40,0.00,22792.90,0.29500,22800
108017,2026-09-28 15:01:06,1536015,1140555,4625790,13.30,14.62,2026-10-06,23600,158990,120055,164385,766.00,0.00,22792.90,0.10350,22800
108019,2026-09-28 15:01:06,1587495,1372345,4448340,9.80,15.08,2026-10-06,23700,116415,140530,114400,860.90,0.00,22792.90,0.07330,22800
108021,2026-09-28 15:01:06,1354145,1106560,4016610,7.70,15.69,2026-10-06,23800,102960,120315,122655,952.55,0.00,22792.90,0.07600,22800
108023,2026-09-28 15:01:06,841035,910975,2548585,6.30,16.36,2026-10-06,23900,99775,65455,63310,1045.00,0.00,22792.90,0.11860,22800
108025,2026-09-28 15:01:06,3276585,2261545,6635135,5.45,17.18,2026-10-06,24000,282880,181480,175435,1153.00,0.00,22792.90,0.08630,22800
108027,2026-09-28 15:01:06,632125,642200,2065440,4.40,17.76,2026-10-06,24100,47385,15860,35230,1250.00,0.00,22792.90,0.07500,22800
84184,2026-09-26 00:30:07,0,0,0,0.00,0.00,2026-10-13,22100,39845,31785,112580,21.55,14.72,23140.50,,23100
84186,2026-09-26 00:30:07,0,0,0,0.00,0.00,2026-10-13,22200,97435,67795,224250,25.00,14.28,23140.50,,23100
84188,2026-09-26 00:30:07,0,0,0,0.00,0.00,2026-10-13,22300,74425,54145,207025,31.05,13.78,23140.50,,23100
84190,2026-09-26 00:30:07,130,130,130,837.00,11.73,2026-10-13,22400,79365,53300,138515,38.30,13.42,23140.50,610.50000,23100
84192,2026-09-26 00:30:07,3120,1625,5655,754.55,12.45,2026-10-13,22500,259805,324610,718705,45.30,12.86,23140.50,83.27080,23100
84194,2026-09-26 00:30:07,0,0,0,0.00,0.00,2026-10-13,22600,105690,95615,243750,57.80,12.60,23140.50,,23100
84196,2026-09-26 00:30:07,2405,1495,4810,581.90,12.25,2026-10-13,22700,283270,211250,509210,71.35,12.20,23140.50,117.78380,23100
84198,2026-09-26 00:30:07,6045,6175,9620,501.40,11.77,2026-10-13,22800,158600,136175,487305,89.55,11.87,23140.50,26.23660,23100
84200,2026-09-26 00:30:07,9295,6045,20345,425.60,11.57,2026-10-13,22900,74295,50960,283855,112.55,11.61,23140.50,7.99300,23100
84202,2026-09-26 00:30:07,98995,65195,304460,359.65,11.61,2026-10-13,23000,267475,209495,541840,138.30,11.19,23140.50,2.70190,23100
84204,2026-09-26 00:30:07,164645,38675,398320,288.70,11.38,2026-10-13,23100,193310,90870,473265,173.35,11.00,23140.50,1.17410,23100
84206,2026-09-26 00:30:07,227565,112060,487890,233.40,11.02,2026-10-13,23200,258635,113620,529555,211.20,10.71,23140.50,1.13650,23100
84208,2026-09-26 00:30:07,258050,217815,367380,181.55,10.78,2026-10-13,23300,128830,91715,142935,262.35,10.51,23140.50,0.49920,23100
84210,2026-09-26 00:30:07,334100,236080,773240,137.50,10.57,2026-10-13,23400,128310,116350,73255,319.05,10.32,23140.50,0.38400,23100
84212,2026-09-26 00:30:07,418015,322855,899600,101.75,10.46,2026-10-13,23500,172900,161720,92235,383.00,10.12,23140.50,0.41360,23100
84214,2026-09-26 00:30:07,180440,127335,451620,73.00,10.25,2026-10-13,23600,38415,37115,10400,450.65,9.70,23140.50,0.21290,23100
84216,2026-09-26 00:30:07,213720,179790,518115,53.00,10.28,2026-10-13,23700,11765,9230,7670,536.10,10.05,23140.50,0.05500,23100
84218,2026-09-26 00:30:07,245115,233805,461045,37.55,10.30,2026-10-13,23800,8515,8710,4095,617.30,9.70,23140.50,0.03470,23100
84220,2026-09-26 00:30:07,1365,0,2145,27.40,10.51,2026-10-13,23900,1560,1495,130,719.85,10.65,23140.50,1.14290,23100
84222,2026-09-26 00:30:07,543400,418405,1159860,19.50,10.57,2026-10-13,24000,6825,6695,2535,792.00,8.21,23140.50,0.01260,23100
84224,2026-09-26 00:30:07,18330,0,31980,14.45,10.86,2026-10-13,24100,6630,6565,130,1020.65,20.92,23140.50,0.36170,23100
84516,2026-09-26 00:35:06,0,0,0,0.00,0.00,2026-10-13,22100,39845,31785,112580,21.55,14.72,23140.50,,23100
84518,2026-09-26 00:35:06,0,0,0,0.00,0.00,2026-10-13,22200,97435,67795,224250,25.00,14.28,23140.50,,23100
84520,2026-09-26 00:35:06,0,0,0,0.00,0.00,2026-10-13,22300,74425,54145,207025,31.05,13.78,23140.50,,23100
84522,2026-09-26 00:35:06,130,130,130,837.00,11.73,2026-10-13,22400,79365,53300,138515,38.30,13.42,23140.50,610.50000,23100
84524,2026-09-26 00:35:06,3120,1625,5655,754.55,12.45,2026-10-13,22500,259805,324610,718705,45.30,12.86,23140.50,83.27080,23100
84526,2026-09-26 00:35:06,0,0,0,0.00,0.00,2026-10-13,22600,105690,95615,243750,57.80,12.60,23140.50,,23100
84528,2026-09-26 00:35:06,2405,1495,4810,581.90,12.25,2026-10-13,22700,283270,211250,509210,71.35,12.20,23140.50,117.78380,23100
84530,2026-09-26 00:35:06,6045,6175,9620,501.40,11.77,2026-10-13,22800,158600,136175,487305,89.55,11.87,23140.50,26.23660,23100
84532,2026-09-26 00:35:06,9295,6045,20345,425.60,11.57,2026-10-13,22900,74295,50960,283855,112.55,11.61,23140.50,7.99300,23100
84534,2026-09-26 00:35:06,98995,65195,304460,359.65,11.61,2026-10-13,23000,267475,209495,541840,138.30,11.19,23140.50,2.70190,23100
84536,2026-09-26 00:35:06,164645,38675,398320,288.70,11.38,2026-10-13,23100,193310,90870,473265,173.35,11.00,23140.50,1.17410,23100
84538,2026-09-26 00:35:06,227565,112060,487890,233.40,11.02,2026-10-13,23200,258635,113620,529555,211.20,10.71,23140.50,1.13650,23100
84540,2026-09-26 00:35:06,258050,217815,367380,181.55,10.78,2026-10-13,23300,128830,91715,142935,262.35,10.51,23140.50,0.49920,23100
84542,2026-09-26 00:35:06,334100,236080,773240,137.50,10.57,2026-10-13,23400,128310,116350,73255,319.05,10.32,23140.50,0.38400,23100
84544,2026-09-26 00:35:06,418015,322855,899600,101.75,10.46,2026-10-13,23500,172900,161720,92235,383.00,10.12,23140.50,0.41360,23100
84546,2026-09-26 00:35:06,180440,127335,451620,73.00,10.25,2026-10-13,23600,38415,37115,10400,450.65,9.70,23140.50,0.21290,23100
84548,2026-09-26 00:35:06,213720,179790,518115,53.00,10.28,2026-10-13,23700,11765,9230,7670,536.10,10.05,23140.50,0.05500,23100
84550,2026-09-26 00:35:06,245115,233805,461045,37.55,10.30,2026-10-13,23800,8515,8710,4095,617.30,9.70,23140.50,0.03470,23100
84552,2026-09-26 00:35:06,1365,0,2145,27.40,10.51,2026-10-13,23900,1560,1495,130,719.85,10.65,23140.50,1.14290,23100
84554,2026-09-26 00:35:06,543400,418405,1159860,19.50,10.57,2026-10-13,24000,6825,6695,2535,792.00,8.21,23140.50,0.01260,23100
84556,2026-09-26 00:35:06,18330,0,31980,14.45,10.86,2026-10-13,24100,6630,6565,130,1020.65,20.92,23140.50,0.36170,23100
84848,2026-09-26 00:40:08,0,0,0,0.00,0.00,2026-10-13,22100,39845,31785,112580,21.55,14.72,23140.50,,23100
84850,2026-09-26 00:40:08,0,0,0,0.00,0.00,2026-10-13,22200,97435,67795,224250,25.00,14.28,23140.50,,23100
84852,2026-09-26 00:40:08,0,0,0,0.00,0.00,2026-10-13,22300,74425,54145,207025,31.05,13.78,23140.50,,23100
84854,2026-09-26 00:40:08,130,130,130,837.00,11.73,2026-10-13,22400,79365,53300,138515,38.30,13.42,23140.50,610.50000,23100
84856,2026-09-26 00:40:08,3120,1625,5655,754.55,12.45,2026-10-13,22500,259805,324610,718705,45.30,12.86,23140.50,83.27080,23100
84858,2026-09-26 00:40:08,0,0,0,0.00,0.00,2026-10-13,22600,105690,95615,243750,57.80,12.60,23140.50,,23100
84860,2026-09-26 00:40:08,2405,1495,4810,581.90,12.25,2026-10-13,22700,283270,211250,509210,71.35,12.20,23140.50,117.78380,23100
84862,2026-09-26 00:40:08,6045,6175,9620,501.40,11.77,2026-10-13,22800,158600,136175,487305,89.55,11.87,23140.50,26.23660,23100
84864,2026-09-26 00:40:08,9295,6045,20345,425.60,11.57,2026-10-13,22900,74295,50960,283855,112.55,11.61,23140.50,7.99300,23100
84866,2026-09-26 00:40:08,98995,65195,304460,359.65,11.61,2026-10-13,23000,267475,209495,541840,138.30,11.19,23140.50,2.70190,23100
84868,2026-09-26 00:40:08,164645,38675,398320,288.70,11.38,2026-10-13,23100,193310,90870,473265,173.35,11.00,23140.50,1.17410,23100
84870,2026-09-26 00:40:08,227565,112060,487890,233.40,11.02,2026-10-13,23200,258635,113620,529555,211.20,10.71,23140.50,1.13650,23100
84872,2026-09-26 00:40:08,258050,217815,367380,181.55,10.78,2026-10-13,23300,128830,91715,142935,262.35,10.51,23140.50,0.49920,23100
84874,2026-09-26 00:40:08,334100,236080,773240,137.50,10.57,2026-10-13,23400,128310,116350,73255,319.05,10.32,23140.50,0.38400,23100
84876,2026-09-26 00:40:08,418015,322855,899600,101.75,10.46,2026-10-13,23500,172900,161720,92235,383.00,10.12,23140.50,0.41360,23100
84878,2026-09-26 00:40:08,180440,127335,451620,73.00,10.25,2026-10-13,23600,38415,37115,10400,450.65,9.70,23140.50,0.21290,23100
84880,2026-09-26 00:40:08,213720,179790,518115,53.00,10.28,2026-10-13,23700,11765,9230,7670,536.10,10.05,23140.50,0.05500,23100
84882,2026-09-26 00:40:08,245115,233805,461045,37.55,10.30,2026-10-13,23800,8515,8710,4095,617.30,9.70,23140.50,0.03470,23100
84884,2026-09-26 00:40:08,1365,0,2145,27.40,10.51,2026-10-13,23900,1560,1495,130,719.85,10.65,23140.50,1.14290,23100
84886,2026-09-26 00:40:08,543400,418405,1159860,19.50,10.57,2026-10-13,24000,6825,6695,2535,792.00,8.21,23140.50,0.01260,23100
84888,2026-09-26 00:40:08,18330,0,31980,14.45,10.86,2026-10-13,24100,6630,6565,130,1020.65,20.92,23140.50,0.36170,23100
85180,2026-09-26 00:45:06,0,0,0,0.00,0.00,2026-10-13,22100,39845,31785,112580,21.55,14.72,23140.50,,23100
85182,2026-09-26 00:45:06,0,0,0,0.00,0.00,2026-10-13,22200,97435,67795,224250,25.00,14.28,23140.50,,23100
85184,2026-09-26 00:45:06,0,0,0,0.00,0.00,2026-10-13,22300,74425,54145,207025,31.05,13.78,23140.50,,23100
85186,2026-09-26 00:45:06,130,130,130,837.00,11.73,2026-10-13,22400,79365,53300,138515,38.30,13.42,23140.50,610.50000,23100
85188,2026-09-26 00:45:06,3120,1625,5655,754.55,12.45,2026-10-13,22500,259805,324610,718705,45.30,12.86,23140.50,83.27080,23100
85190,2026-09-26 00:45:06,0,0,0,0.00,0.00,2026-10-13,22600,105690,95615,243750,57.80,12.60,23140.50,,23100
85192,2026-09-26 00:45:06,2405,1495,4810,581.90,12.25,2026-10-13,22700,283270,211250,509210,71.35,12.20,23140.50,117.78380,23100
85194,2026-09-26 00:45:06,6045,6175,9620,501.40,11.77,2026-10-13,22800,158600,136175,487305,89.55,11.87,23140.50,26.23660,23100
85196,2026-09-26 00:45:06,9295,6045,20345,425.60,11.57,2026-10-13,22900,74295,50960,283855,112.55,11.61,23140.50,7.99300,23100
85198,2026-09-26 00:45:06,98995,65195,304460,359.65,11.61,2026-10-13,23000,267475,209495,541840,138.30,11.19,23140.50,2.70190,23100
85200,2026-09-26 00:45:06,164645,38675,398320,288.70,11.38,2026-10-13,23100,193310,90870,473265,173.35,11.00,23140.50,1.17410,23100
85202,2026-09-26 00:45:06,227565,112060,487890,233.40,11.02,2026-10-13,23200,258635,113620,529555,211.20,10.71,23140.50,1.13650,23100
85204,2026-09-26 00:45:06,258050,217815,367380,181.55,10.78,2026-10-13,23300,128830,91715,142935,262.35,10.51,23140.50,0.49920,23100
85206,2026-09-26 00:45:06,334100,236080,773240,137.50,10.57,2026-10-13,23400,128310,116350,73255,319.05,10.32,23140.50,0.38400,23100
85208,2026-09-26 00:45:06,418015,322855,899600,101.75,10.46,2026-10-13,23500,172900,161720,92235,383.00,10.12,23140.50,0.41360,23100
85210,2026-09-26 00:45:06,180440,127335,451620,73.00,10.25,2026-10-13,23600,38415,37115,10400,450.65,9.70,23140.50,0.21290,23100
85212,2026-09-26 00:45:06,213720,179790,518115,53.00,10.28,2026-10-13,23700,11765,9230,7670,536.10,10.05,23140.50,0.05500,23100
85214,2026-09-26 00:45:06,245115,233805,461045,37.55,10.30,2026-10-13,23800,8515,8710,4095,617.30,9.70,23140.50,0.03470,23100
85216,2026-09-26 00:45:06,1365,0,2145,27.40,10.51,2026-10-13,23900,1560,1495,130,719.85,10.65,23140.50,1.14290,23100
85218,2026-09-26 00:45:06,543400,418405,1159860,19.50,10.57,2026-10-13,24000,6825,6695,2535,792.00,8.21,23140.50,0.01260,23100
85220,2026-09-26 00:45:06,18330,0,31980,14.45,10.86,2026-10-13,24100,6630,6565,130,1020.65,20.92,23140.50,0.36170,23100
85512,2026-09-26 01:10:06,0,0,0,0.00,0.00,2026-10-13,22100,39845,31785,112580,21.55,14.72,23140.50,,23100
85514,2026-09-26 01:10:06,0,0,0,0.00,0.00,2026-10-13,22200,97435,67795,224250,25.00,14.28,23140.50,,23100
85516,2026-09-26 01:10:06,0,0,0,0.00,0.00,2026-10-13,22300,74425,54145,207025,31.05,13.78,23140.50,,23100
85518,2026-09-26 01:10:06,130,130,130,837.00,11.73,2026-10-13,22400,79365,53300,138515,38.30,13.42,23140.50,610.50000,23100
85520,2026-09-26 01:10:06,3120,1625,5655,754.55,12.45,2026-10-13,22500,259805,324610,718705,45.30,12.86,23140.50,83.27080,23100
85522,2026-09-26 01:10:06,0,0,0,0.00,0.00,2026-10-13,22600,105690,95615,243750,57.80,12.60,23140.50,,23100
85524,2026-09-26 01:10:06,2405,1495,4810,581.90,12.25,2026-10-13,22700,283270,211250,509210,71.35,12.20,23140.50,117.78380,23100
85526,2026-09-26 01:10:06,6045,6175,9620,501.40,11.77,2026-10-13,22800,158600,136175,487305,89.55,11.87,23140.50,26.23660,23100
85528,2026-09-26 01:10:06,9295,6045,20345,425.60,11.57,2026-10-13,22900,74295,50960,283855,112.55,11.61,23140.50,7.99300,23100
85530,2026-09-26 01:10:06,98995,65195,304460,359.65,11.61,2026-10-13,23000,267475,209495,541840,138.30,11.19,23140.50,2.70190,23100
85532,2026-09-26 01:10:06,164645,38675,398320,288.70,11.38,2026-10-13,23100,193310,90870,473265,173.35,11.00,23140.50,1.17410,23100
85534,2026-09-26 01:10:06,227565,112060,487890,233.40,11.02,2026-10-13,23200,258635,113620,529555,211.20,10.71,23140.50,1.13650,23100
85536,2026-09-26 01:10:06,258050,217815,367380,181.55,10.78,2026-10-13,23300,128830,91715,142935,262.35,10.51,23140.50,0.49920,23100
85538,2026-09-26 01:10:06,334100,236080,773240,137.50,10.57,2026-10-13,23400,128310,116350,73255,319.05,10.32,23140.50,0.38400,23100
85540,2026-09-26 01:10:06,418015,322855,899600,101.75,10.46,2026-10-13,23500,172900,161720,92235,383.00,10.12,23140.50,0.41360,23100
85542,2026-09-26 01:10:06,180440,127335,451620,73.00,10.25,2026-10-13,23600,38415,37115,10400,450.65,9.70,23140.50,0.21290,23100
85544,2026-09-26 01:10:06,213720,179790,518115,53.00,10.28,2026-10-13,23700,11765,9230,7670,536.10,10.05,23140.50,0.05500,23100
85546,2026-09-26 01:10:06,245115,233805,461045,37.55,10.30,2026-10-13,23800,8515,8710,4095,617.30,9.70,23140.50,0.03470,23100
85548,2026-09-26 01:10:06,1365,0,2145,27.40,10.51,2026-10-13,23900,1560,1495,130,719.85,10.65,23140.50,1.14290,23100
85550,2026-09-26 01:10:06,543400,418405,1159860,19.50,10.57,2026-10-13,24000,6825,6695,2535,792.00,8.21,23140.50,0.01260,23100
85552,2026-09-26 01:10:06,18330,0,31980,14.45,10.86,2026-10-13,24100,6630,6565,130,1020.65,20.92,23140.50,0.36170,23100
85844,2026-09-28 01:10:07,0,0,0,0.00,0.00,2026-10-13,22100,39845,31785,112580,21.55,14.72,23140.50,,23100
85846,2026-09-28 01:10:07,0,0,0,0.00,0.00,2026-10-13,22200,97435,67795,224250,25.00,14.28,23140.50,,23100
85848,2026-09-28 01:10:07,0,0,0,0.00,0.00,2026-10-13,22300,74425,54145,207025,31.05,13.78,23140.50,,23100
85850,2026-09-28 01:10:07,130,130,130,837.00,11.73,2026-10-13,22400,79365,53300,138515,38.30,13.42,23140.50,610.50000,23100
85852,2026-09-28 01:10:07,3120,1625,5655,754.55,12.45,2026-10-13,22500,259805,324610,718705,45.30,12.86,23140.50,83.27080,23100
85854,2026-09-28 01:10:07,0,0,0,0.00,0.00,2026-10-13,22600,105690,95615,243750,57.80,12.60,23140.50,,23100
85856,2026-09-28 01:10:07,2405,1495,4810,581.90,12.25,2026-10-13,22700,283270,211250,509210,71.35,12.20,23140.50,117.78380,23100
85858,2026-09-28 01:10:07,6045,6175,9620,501.40,11.77,2026-10-13,22800,158600,136175,487305,89.55,11.87,23140.50,26.23660,23100
85860,2026-09-28 01:10:07,9295,6045,20345,425.60,11.57,2026-10-13,22900,74295,50960,283855,112.55,11.61,23140.50,7.99300,23100
85862,2026-09-28 01:10:07,98995,65195,304460,359.65,11.61,2026-10-13,23000,267475,209495,541840,138.30,11.19,23140.50,2.70190,23100
85864,2026-09-28 01:10:07,164645,38675,398320,288.70,11.38,2026-10-13,23100,193310,90870,473265,173.35,11.00,23140.50,1.17410,23100
85866,2026-09-28 01:10:07,227565,112060,487890,233.40,11.02,2026-10-13,23200,258635,113620,529555,211.20,10.71,23140.50,1.13650,23100
85868,2026-09-28 01:10:07,258050,217815,367380,181.55,10.78,2026-10-13,23300,128830,91715,142935,262.35,10.51,23140.50,0.49920,23100
85870,2026-09-28 01:10:07,334100,236080,773240,137.50,10.57,2026-10-13,23400,128310,116350,73255,319.05,10.32,23140.50,0.38400,23100
85872,2026-09-28 01:10:07,418015,322855,899600,101.75,10.46,2026-10-13,23500,172900,161720,92235,383.00,10.12,23140.50,0.41360,23100
85874,2026-09-28 01:10:07,180440,127335,451620,73.00,10.25,2026-10-13,23600,38415,37115,10400,450.65,9.70,23140.50,0.21290,23100
85876,2026-09-28 01:10:07,213720,179790,518115,53.00,10.28,2026-10-13,23700,11765,9230,7670,536.10,10.05,23140.50,0.05500,23100
85878,2026-09-28 01:10:07,245115,233805,461045,37.55,10.30,2026-10-13,23800,8515,8710,4095,617.30,9.70,23140.50,0.03470,23100
85880,2026-09-28 01:10:07,1365,0,2145,27.40,10.51,2026-10-13,23900,1560,1495,130,719.85,10.65,23140.50,1.14290,23100
85882,2026-09-28 01:10:07,543400,418405,1159860,19.50,10.57,2026-10-13,24000,6825,6695,2535,792.00,8.21,23140.50,0.01260,23100
85884,2026-09-28 01:10:07,18330,0,31980,14.45,10.86,2026-10-13,24100,6630,6565,130,1020.65,20.92,23140.50,0.36170,23100
86176,2026-09-28 01:25:06,0,0,0,0.00,0.00,2026-10-13,22100,39845,31785,112580,21.55,14.72,23140.50,,23100
86178,2026-09-28 01:25:06,0,0,0,0.00,0.00,2026-10-13,22200,97435,67795,224250,25.00,14.28,23140.50,,23100
86180,2026-09-28 01:25:06,0,0,0,0.00,0.00,2026-10-13,22300,74425,54145,207025,31.05,13.78,23140.50,,23100
86182,2026-09-28 01:25:06,130,130,130,837.00,11.73,2026-10-13,22400,79365,53300,138515,38.30,13.42,23140.50,610.50000,23100
86184,2026-09-28 01:25:06,3120,1625,5655,754.55,12.45,2026-10-13,22500,259805,324610,718705,45.30,12.86,23140.50,83.27080,23100
86186,2026-09-28 01:25:06,0,0,0,0.00,0.00,2026-10-13,22600,105690,95615,243750,57.80,12.60,23140.50,,23100
86188,2026-09-28 01:25:06,2405,1495,4810,581.90,12.25,2026-10-13,22700,283270,211250,509210,71.35,12.20,23140.50,117.78380,23100
86190,2026-09-28 01:25:06,6045,6175,9620,501.40,11.77,2026-10-13,22800,158600,136175,487305,89.55,11.87,23140.50,26.23660,23100
86192,2026-09-28 01:25:06,9295,6045,20345,425.60,11.57,2026-10-13,22900,74295,50960,283855,112.55,11.61,23140.50,7.99300,23100
86194,2026-09-28 01:25:06,98995,65195,304460,359.65,11.61,2026-10-13,23000,267475,209495,541840,138.30,11.19,23140.50,2.70190,23100
86196,2026-09-28 01:25:06,164645,38675,398320,288.70,11.38,2026-10-13,23100,193310,90870,473265,173.35,11.00,23140.50,1.17410,23100
86198,2026-09-28 01:25:06,227565,112060,487890,233.40,11.02,2026-10-13,23200,258635,113620,529555,211.20,10.71,23140.50,1.13650,23100
86200,2026-09-28 01:25:06,258050,217815,367380,181.55,10.78,2026-10-13,23300,128830,91715,142935,262.35,10.51,23140.50,0.49920,23100
86202,2026-09-28 01:25:06,334100,236080,773240,137.50,10.57,2026-10-13,23400,128310,116350,73255,319.05,10.32,23140.50,0.38400,23100
86204,2026-09-28 01:25:06,418015,322855,899600,101.75,10.46,2026-10-13,23500,172900,161720,92235,383.00,10.12,23140.50,0.41360,23100
86206,2026-09-28 01:25:06,180440,127335,451620,73.00,10.25,2026-10-13,23600,38415,37115,10400,450.65,9.70,23140.50,0.21290,23100
86208,2026-09-28 01:25:06,213720,179790,518115,53.00,10.28,2026-10-13,23700,11765,9230,7670,536.10,10.05,23140.50,0.05500,23100
86210,2026-09-28 01:25:06,245115,233805,461045,37.55,10.30,2026-10-13,23800,8515,8710,4095,617.30,9.70,23140.50,0.03470,23100
86212,2026-09-28 01:25:06,1365,0,2145,27.40,10.51,2026-10-13,23900,1560,1495,130,719.85,10.65,23140.50,1.14290,23100
86214,2026-09-28 01:25:06,543400,418405,1159860,19.50,10.57,2026-10-13,24000,6825,6695,2535,792.00,8.21,23140.50,0.01260,23100
86216,2026-09-28 01:25:06,18330,0,31980,14.45,10.86,2026-10-13,24100,6630,6565,130,1020.65,20.92,23140.50,0.36170,23100
86508,2026-09-28 01:30:05,0,0,0,0.00,0.00,2026-10-13,22100,39845,31785,112580,21.55,14.72,23140.50,,23100
86510,2026-09-28 01:30:05,0,0,0,0.00,0.00,2026-10-13,22200,97435,67795,224250,25.00,14.28,23140.50,,23100
86512,2026-09-28 01:30:05,0,0,0,0.00,0.00,2026-10-13,22300,74425,54145,207025,31.05,13.78,23140.50,,23100
86514,2026-09-28 01:30:05,130,130,130,837.00,11.73,2026-10-13,22400,79365,53300,138515,38.30,13.42,23140.50,610.50000,23100
86516,2026-09-28 01:30:05,3120,1625,5655,754.55,12.45,2026-10-13,22500,259805,324610,718705,45.30,12.86,23140.50,83.27080,23100
86518,2026-09-28 01:30:05,0,0,0,0.00,0.00,2026-10-13,22600,105690,95615,243750,57.80,12.60,23140.50,,23100
86520,2026-09-28 01:30:05,2405,1495,4810,581.90,12.25,2026-10-13,22700,283270,211250,509210,71.35,12.20,23140.50,117.78380,23100
86522,2026-09-28 01:30:05,6045,6175,9620,501.40,11.77,2026-10-13,22800,158600,136175,487305,89.55,11.87,23140.50,26.23660,23100
86524,2026-09-28 01:30:05,9295,6045,20345,425.60,11.57,2026-10-13,22900,74295,50960,283855,112.55,11.61,23140.50,7.99300,23100
86526,2026-09-28 01:30:05,98995,65195,304460,359.65,11.61,2026-10-13,23000,267475,209495,541840,138.30,11.19,23140.50,2.70190,23100
86528,2026-09-28 01:30:05,164645,38675,398320,288.70,11.38,2026-10-13,23100,193310,90870,473265,173.35,11.00,23140.50,1.17410,23100
86530,2026-09-28 01:30:05,227565,112060,487890,233.40,11.02,2026-10-13,23200,258635,113620,529555,211.20,10.71,23140.50,1.13650,23100
86532,2026-09-28 01:30:05,258050,217815,367380,181.55,10.78,2026-10-13,23300,128830,91715,142935,262.35,10.51,23140.50,0.49920,23100
86534,2026-09-28 01:30:05,334100,236080,773240,137.50,10.57,2026-10-13,23400,128310,116350,73255,319.05,10.32,23140.50,0.38400,23100
86536,2026-09-28 01:30:05,418015,322855,899600,101.75,10.46,2026-10-13,23500,172900,161720,92235,383.00,10.12,23140.50,0.41360,23100
86538,2026-09-28 01:30:05,180440,127335,451620,73.00,10.25,2026-10-13,23600,38415,37115,10400,450.65,9.70,23140.50,0.21290,23100
86540,2026-09-28 01:30:05,213720,179790,518115,53.00,10.28,2026-10-13,23700,11765,9230,7670,536.10,10.05,23140.50,0.05500,23100
86542,2026-09-28 01:30:05,245115,233805,461045,37.55,10.30,2026-10-13,23800,8515,8710,4095,617.30,9.70,23140.50,0.03470,23100
86544,2026-09-28 01:30:05,1365,0,2145,27.40,10.51,2026-10-13,23900,1560,1495,130,719.85,10.65,23140.50,1.14290,23100
86546,2026-09-28 01:30:05,543400,418405,1159860,19.50,10.57,2026-10-13,24000,6825,6695,2535,792.00,8.21,23140.50,0.01260,23100
86548,2026-09-28 01:30:05,18330,0,31980,14.45,10.86,2026-10-13,24100,6630,6565,130,1020.65,20.92,23140.50,0.36170,23100
86840,2026-09-28 09:41:08,0,0,0,0.00,0.00,2026-10-13,22100,30745,38870,65260,48.70,16.08,22867.50,,22900
86842,2026-09-28 09:41:08,0,0,0,0.00,0.00,2026-10-13,22200,92430,97305,118755,59.25,15.70,22867.50,,22900
86844,2026-09-28 09:41:08,0,0,0,0.00,0.00,2026-10-13,22300,106665,72345,111150,74.55,15.45,22867.50,,22900
86846,2026-09-28 09:41:08,130,65,0,837.00,28.82,2026-10-13,22400,74555,79300,76115,89.00,14.95,22867.50,573.50000,22900
86848,2026-09-28 09:41:08,10140,3120,11635,545.00,15.18,2026-10-13,22500,267930,252850,207805,108.90,14.56,22867.50,26.42310,22900
86850,2026-09-28 09:41:08,0,0,0,0.00,0.00,2026-10-13,22600,129610,102635,149565,132.10,14.31,22867.50,,22900
86852,2026-09-28 09:41:08,4355,2340,4355,405.00,14.87,2026-10-13,22700,259350,281905,207415,161.20,14.05,22867.50,59.55220,22900
86854,2026-09-28 09:41:08,28925,5980,34710,339.70,14.62,2026-10-13,22800,182910,156130,189215,195.80,13.73,22867.50,6.32360,22900
86856,2026-09-28 09:41:08,39390,9230,78260,281.00,14.24,2026-10-13,22900,84045,74165,173745,235.15,13.39,22867.50,2.13370,22900
86858,2026-09-28 09:41:08,186680,93535,248560,227.95,13.95,2026-10-13,23000,282750,265395,301535,283.20,13.09,22867.50,1.51460,22900
86860,2026-09-28 09:41:08,198055,165165,162500,178.60,13.63,2026-10-13,23100,180960,187980,107185,334.00,12.73,22867.50,0.91370,22900
86862,2026-09-28 09:41:08,257595,221715,160420,139.95,13.46,2026-10-13,23200,246155,255515,81380,398.40,12.64,22867.50,0.95560,22900
86864,2026-09-28 09:41:08,279045,255255,139295,107.25,13.31,2026-10-13,23300,124995,128180,22230,469.25,12.63,22867.50,0.44790,22900
86866,2026-09-28 09:41:08,359450,323505,168285,80.70,13.18,2026-10-13,23400,117650,128310,37830,531.70,11.59,22867.50,0.32730,22900
86868,2026-09-28 09:41:08,471445,416000,326040,59.65,13.10,2026-10-13,23500,166075,173485,20475,620.00,12.04,22867.50,0.35230,22900
86870,2026-09-28 09:41:08,161200,178555,154830,44.40,13.08,2026-10-13,23600,38480,38415,2405,698.55,11.17,22867.50,0.23870,22900
86872,2026-09-28 09:41:08,199680,214760,130715,32.90,13.16,2026-10-13,23700,13195,11375,3055,792.00,11.46,22867.50,0.06610,22900
86874,2026-09-28 09:41:08,236860,243945,192530,24.95,13.32,2026-10-13,23800,8515,8515,0,617.30,0.00,22867.50,0.03590,22900
86876,2026-09-28 09:41:08,57460,2080,141375,18.70,13.47,2026-10-13,23900,1625,1625,390,923.45,0.00,22867.50,0.02830,22900
86878,2026-09-28 09:41:08,555035,546325,230035,14.75,13.82,2026-10-13,24000,7085,6890,650,1069.80,0.00,22867.50,0.01280,22900
86880,2026-09-28 09:41:08,20150,18395,7670,11.40,14.10,2026-10-13,24100,6565,6565,715,1165.00,0.00,22867.50,0.32580,22900
87172,2026-09-28 09:46:06,0,0,0,0.00,0.00,2026-10-13,22100,33020,38870,78195,48.20,16.02,22866.50,,22900
87174,2026-09-28 09:46:06,0,0,0,0.00,0.00,2026-10-13,22200,98020,97305,134550,58.40,15.64,22866.50,,22900
87176,2026-09-28 09:46:06,0,0,0,0.00,0.00,2026-10-13,22300,108030,72345,119665,71.85,15.26,22866.50,,22900
87178,2026-09-28 09:46:06,130,65,0,837.00,28.78,2026-10-13,22400,74360,79300,88725,87.45,14.85,22866.50,572.00000,22900
87180,2026-09-28 09:46:06,10270,3120,13585,546.00,15.17,2026-10-13,22500,273845,252850,238290,107.15,14.53,22866.50,26.66460,22900
87182,2026-09-28 09:46:06,0,0,0,0.00,0.00,2026-10-13,22600,130130,102635,174785,130.30,14.14,22866.50,,22900
87184,2026-09-28 09:46:06,6825,2340,7150,402.50,14.70,2026-10-13,22700,257985,281905,215670,159.95,13.90,22866.50,37.80000,22900
87186,2026-09-28 09:46:06,31655,5980,44590,337.95,14.42,2026-10-13,22800,181350,156130,204750,193.45,13.57,22866.50,5.72900,22900
87188,2026-09-28 09:46:06,41730,9230,88920,277.95,14.09,2026-10-13,22900,79820,74165,197600,233.65,13.28,22866.50,1.91280,22900
87190,2026-09-28 09:46:06,203255,93535,289705,224.45,13.80,2026-10-13,23000,283855,265395,328445,279.25,12.94,22866.50,1.39650,22900
87192,2026-09-28 09:46:06,198705,165165,174265,176.50,13.50,2026-10-13,23100,176540,187980,116025,338.25,12.94,22866.50,0.88850,22900
87194,2026-09-28 09:46:06,271505,221715,184730,137.15,13.30,2026-10-13,23200,244335,255515,88855,391.05,12.24,22866.50,0.89990,22900
87196,2026-09-28 09:46:06,282295,255255,148785,105.45,13.16,2026-10-13,23300,124085,128180,24895,461.50,12.17,22866.50,0.43960,22900
87198,2026-09-28 09:46:06,353080,323505,186355,78.75,13.01,2026-10-13,23400,105235,128310,49920,530.90,11.86,22866.50,0.29800,22900
87200,2026-09-28 09:46:06,479245,416000,361010,58.75,12.97,2026-10-13,23500,165620,173485,23335,614.05,11.65,22866.50,0.34560,22900
87202,2026-09-28 09:46:06,156975,178555,167505,43.45,12.99,2026-10-13,23600,38480,38415,2405,698.55,11.26,22866.50,0.24510,22900
87204,2026-09-28 09:46:06,204945,214760,147420,32.75,13.14,2026-10-13,23700,12415,11375,3510,780.00,9.52,22866.50,0.06060,22900
87206,2026-09-28 09:46:06,236340,243945,206050,24.65,13.29,2026-10-13,23800,8515,8515,0,617.30,0.00,22866.50,0.03600,22900
87208,2026-09-28 09:46:06,58825,2080,156715,19.05,13.55,2026-10-13,23900,1625,1625,390,923.45,0.00,22866.50,0.02760,22900
87210,2026-09-28 09:46:06,559390,546325,256490,14.90,13.85,2026-10-13,24000,7150,6890,715,1061.60,0.00,22866.50,0.01280,22900
87212,2026-09-28 09:46:06,20150,18395,11830,11.65,14.13,2026-10-13,24100,6565,6565,1495,1165.00,0.00,22866.50,0.32580,22900
87504,2026-09-28 09:51:07,0,0,0,0.00,0.00,2026-10-13,22100,33540,38870,80535,44.20,15.75,22874.40,,22900
87506,2026-09-28 09:51:07,0,0,0,0.00,0.00,2026-10-13,22200,107315,97305,155220,54.05,15.35,22874.40,,22900
87508,2026-09-28 09:51:07,0,0,0,0.00,0.00,2026-10-13,22300,111280,72345,132795,66.85,14.99,22874.40,,22900
87510,2026-09-28 09:51:07,130,65,0,837.00,28.42,2026-10-13,22400,76505,79300,103935,80.80,14.55,22874.40,588.50000,22900
87512,2026-09-28 09:51:07,10595,3120,13715,551.95,15.04,2026-10-13,22500,274040,252850,273585,100.00,14.22,22874.40,25.86500,22900
87514,2026-09-28 09:51:07,0,0,0,0.00,0.00,2026-10-13,22600,128050,102635,195390,123.40,13.94,22874.40,,22900
87516,2026-09-28 09:51:07,7345,2340,8060,405.90,14.56,2026-10-13,22700,225745,281905,318955,151.60,13.64,22874.40,30.73450,22900
87518,2026-09-28 09:51:07,33930,5980,51285,340.75,14.21,2026-10-13,22800,183430,156130,220935,185.00,13.37,22874.40,5.40610,22900
87520,2026-09-28 09:51:07,48295,9230,104130,280.75,13.80,2026-10-13,22900,81900,74165,213720,225.00,13.08,22874.40,1.69580,22900
87522,2026-09-28 09:51:07,213070,93535,320125,225.15,13.57,2026-10-13,23000,286195,265395,358475,269.90,12.82,22874.40,1.34320,22900
87524,2026-09-28 09:51:07,199225,165165,194350,178.85,13.37,2026-10-13,23100,171535,187980,124930,323.85,12.49,22874.40,0.86100,22900
87526,2026-09-28 09:51:07,286845,221715,205790,136.80,13.09,2026-10-13,23200,243815,255515,92755,380.20,11.97,22874.40,0.85000,22900
87528,2026-09-28 09:51:07,286260,255255,160680,105.60,12.98,2026-10-13,23300,123370,128180,26390,450.00,11.98,22874.40,0.43100,22900
87530,2026-09-28 09:51:07,355420,323505,200720,78.60,12.83,2026-10-13,23400,99645,128310,62400,520.80,11.38,22874.40,0.28040,22900
87532,2026-09-28 09:51:07,486915,416000,409825,58.50,12.80,2026-10-13,23500,172770,173485,35945,598.05,11.02,22874.40,0.35480,22900
87534,2026-09-28 09:51:07,153725,178555,183430,42.90,12.79,2026-10-13,23600,38415,38415,2990,687.50,10.94,22874.40,0.24990,22900
87536,2026-09-28 09:51:07,205725,214760,153920,32.10,12.95,2026-10-13,23700,12870,11375,3575,785.20,11.83,22874.40,0.06260,22900
87538,2026-09-28 09:51:07,237120,243945,227825,24.20,13.09,2026-10-13,23800,8515,8515,195,854.85,0.00,22874.40,0.03590,22900
87540,2026-09-28 09:51:07,63895,2080,166010,18.50,13.37,2026-10-13,23900,1820,1625,455,951.15,0.00,22874.40,0.02850,22900
87542,2026-09-28 09:51:07,562900,546325,272350,14.90,13.70,2026-10-13,24000,7150,6890,715,1061.60,9.52,22874.40,0.01270,22900
87544,2026-09-28 09:51:07,20280,18395,12935,11.90,14.10,2026-10-13,24100,6565,6565,1495,1165.00,10.99,22874.40,0.32370,22900
87836,2026-09-28 09:56:07,0,0,0,0.00,0.00,2026-10-13,22100,41795,38870,96070,46.10,15.86,22872.35,,22900
87838,2026-09-28 09:56:07,0,0,0,0.00,0.00,2026-10-13,22200,108485,97305,159835,56.05,15.46,22872.35,,22900
87840,2026-09-28 09:56:07,0,0,0,0.00,0.00,2026-10-13,22300,114790,72345,138580,68.70,15.05,22872.35,,22900
87842,2026-09-28 09:56:07,130,65,0,837.00,28.44,2026-10-13,22400,78390,79300,112775,83.20,14.63,22872.35,603.00000,22900
87844,2026-09-28 09:56:07,10660,3120,13975,550.00,15.20,2026-10-13,22500,275925,252850,285090,103.10,14.35,22872.35,25.88410,22900
87846,2026-09-28 09:56:07,0,0,0,0.00,0.00,2026-10-13,22600,128895,102635,200590,125.65,13.95,22872.35,,22900
87848,2026-09-28 09:56:07,7410,2340,8645,405.95,14.69,2026-10-13,22700,223275,281905,327665,153.65,13.64,22872.35,30.13160,22900
87850,2026-09-28 09:56:07,34970,5980,54860,340.40,14.31,2026-10-13,22800,187525,156130,235040,188.60,13.45,22872.35,5.36250,22900
87852,2026-09-28 09:56:07,51090,9230,112515,279.00,14.01,2026-10-13,22900,84630,74165,221195,227.15,13.05,22872.35,1.65650,22900
87854,2026-09-28 09:56:07,216060,93535,328055,224.15,13.67,2026-10-13,23000,283855,265395,369135,273.70,12.87,22872.35,1.31380,22900
87856,2026-09-28 09:56:07,200265,165165,203710,178.00,13.45,2026-10-13,23100,172705,187980,134615,326.90,12.50,22872.35,0.86240,22900
87858,2026-09-28 09:56:07,293215,221715,218595,137.50,13.15,2026-10-13,23200,243945,255515,93275,383.90,12.05,22872.35,0.83200,22900
87860,2026-09-28 09:56:07,287885,255255,171860,105.20,13.07,2026-10-13,23300,123370,128180,27105,450.00,11.69,22872.35,0.42850,22900
87862,2026-09-28 09:56:07,355420,323505,208975,78.95,12.95,2026-10-13,23400,98085,128310,71240,524.90,11.47,22872.35,0.27600,22900
87864,2026-09-28 09:56:07,490685,416000,431015,58.20,12.86,2026-10-13,23500,172705,173485,36920,600.60,10.77,22872.35,0.35200,22900
87866,2026-09-28 09:56:07,155675,178555,194090,42.90,12.87,2026-10-13,23600,38415,38415,2990,687.50,10.54,22872.35,0.24680,22900
87868,2026-09-28 09:56:07,210015,214760,177775,32.00,12.97,2026-10-13,23700,12805,11375,4095,770.00,8.30,22872.35,0.06100,22900
87870,2026-09-28 09:56:07,240500,243945,251745,24.00,13.14,2026-10-13,23800,8515,8515,260,860.05,0.00,22872.35,0.03540,22900
87872,2026-09-28 09:56:07,71695,2080,178100,18.40,13.40,2026-10-13,23900,1755,1625,650,955.00,0.00,22872.35,0.02450,22900
87874,2026-09-28 09:56:07,566280,546325,292825,14.75,13.76,2026-10-13,24000,7150,6890,975,1057.00,0.00,22872.35,0.01260,22900
87876,2026-09-28 09:56:07,20280,18395,13650,11.90,14.10,2026-10-13,24100,6565,6565,1495,1165.00,10.68,22872.35,0.32370,22900
88168,2026-09-28 10:01:06,0,0,0,0.00,0.00,2026-10-13,22100,46735,38870,107770,47.35,15.95,22866.50,,22900
88170,2026-09-28 10:01:06,0,0,0,0.00,0.00,2026-10-13,22200,107640,97305,168025,58.00,15.61,22866.50,,22900
88172,2026-09-28 10:01:06,0,0,0,0.00,0.00,2026-10-13,22300,113295,72345,148720,70.55,15.21,22866.50,,22900
88174,2026-09-28 10:01:06,130,65,0,837.00,28.57,2026-10-13,22400,75855,79300,127140,87.00,14.89,22866.50,583.50000,22900
88176,2026-09-28 10:01:06,10790,3120,14170,550.55,15.32,2026-10-13,22500,278135,252850,376675,106.70,14.56,22866.50,25.77710,22900
88178,2026-09-28 10:01:06,0,0,0,0.00,0.00,2026-10-13,22600,129545,102635,212290,129.45,14.17,22866.50,,22900
88180,2026-09-28 10:01:06,7930,2340,9490,408.95,14.92,2026-10-13,22700,223665,281905,340015,157.85,13.81,22866.50,28.20490,22900
88182,2026-09-28 10:01:06,38025,5980,59540,338.15,14.32,2026-10-13,22800,189605,156130,244985,191.70,13.54,22866.50,4.98630,22900
88184,2026-09-28 10:01:06,54860,9230,122005,279.10,14.06,2026-10-13,22900,85150,74165,239915,231.00,13.21,22866.50,1.55210,22900
88186,2026-09-28 10:01:06,228150,93535,355875,224.20,13.71,2026-10-13,23000,281320,265395,387010,277.00,12.91,22866.50,1.23300,22900
88188,2026-09-28 10:01:06,201240,165165,209755,177.55,13.47,2026-10-13,23100,172250,187980,136695,330.00,12.62,22866.50,0.85590,22900
88190,2026-09-28 10:01:06,295945,221715,228150,137.75,13.25,2026-10-13,23200,243555,255515,93990,390.00,12.28,22866.50,0.82300,22900
88192,2026-09-28 10:01:06,289120,255255,181025,105.95,13.15,2026-10-13,23300,123240,128180,28015,457.80,12.12,22866.50,0.42630,22900
88194,2026-09-28 10:01:06,355940,323505,215930,78.85,12.97,2026-10-13,23400,92755,128310,75010,530.05,11.76,22866.50,0.26060,22900
88196,2026-09-28 10:01:06,501215,416000,462150,58.55,12.92,2026-10-13,23500,172315,173485,57655,612.05,11.71,22866.50,0.34380,22900
88198,2026-09-28 10:01:06,159900,178555,203710,43.00,12.90,2026-10-13,23600,38415,38415,2990,687.50,10.35,22866.50,0.24020,22900
88200,2026-09-28 10:01:06,211835,214760,182780,32.10,13.02,2026-10-13,23700,12805,11375,4095,770.00,7.63,22866.50,0.06040,22900
88202,2026-09-28 10:01:06,250250,243945,266890,24.45,13.20,2026-10-13,23800,8515,8515,260,860.05,0.00,22866.50,0.03400,22900
88204,2026-09-28 10:01:06,72280,2080,181610,18.60,13.43,2026-10-13,23900,1755,1625,650,955.00,0.00,22866.50,0.02430,22900
88206,2026-09-28 10:01:06,567645,546325,300105,14.70,13.76,2026-10-13,24000,7085,6890,1105,1050.65,0.00,22866.50,0.01250,22900
88208,2026-09-28 10:01:06,20280,18395,14235,11.55,14.07,2026-10-13,24100,6565,6565,1495,1165.00,0.00,22866.50,0.32370,22900
88500,2026-09-28 10:06:07,0,0,0,0.00,0.00,2026-10-13,22100,47645,38870,109525,47.10,15.95,22864.35,,22900
88502,2026-09-28 10:06:07,0,0,0,0.00,0.00,2026-10-13,22200,108290,97305,174655,57.60,15.56,22864.35,,22900
88504,2026-09-28 10:06:07,0,0,0,0.00,0.00,2026-10-13,22300,112060,72345,158600,70.30,15.17,22864.35,,22900
88506,2026-09-28 10:06:07,130,65,0,837.00,28.59,2026-10-13,22400,77675,79300,133445,85.85,14.79,22864.35,597.50000,22900
88508,2026-09-28 10:06:07,10920,3120,14300,553.95,15.60,2026-10-13,22500,307840,252850,406835,105.85,14.48,22864.35,28.19050,22900
88510,2026-09-28 10:06:07,0,0,65,470.55,14.76,2026-10-13,22600,129545,102635,215280,127.80,14.04,22864.35,,22900
88512,2026-09-28 10:06:07,8255,2340,10075,405.10,14.76,2026-10-13,22700,226135,281905,351390,156.65,13.76,22864.35,27.39370,22900
88514,2026-09-28 10:06:07,39910,5980,62270,335.30,14.22,2026-10-13,22800,189670,156130,254150,190.95,13.47,22864.35,4.75240,22900
88516,2026-09-28 10:06:07,62465,9230,141440,276.35,13.89,2026-10-13,22900,83070,74165,254800,230.05,13.14,22864.35,1.32990,22900
88518,2026-09-28 10:06:07,242580,93535,380120,221.10,13.60,2026-10-13,23000,289445,265395,425620,277.35,12.86,22864.35,1.19320,22900
88520,2026-09-28 10:06:07,202410,165165,213850,174.95,13.36,2026-10-13,23100,172185,187980,137735,329.65,12.50,22864.35,0.85070,22900
88522,2026-09-28 10:06:07,298155,221715,235430,135.40,13.14,2026-10-13,23200,242255,255515,99060,386.25,12.07,22864.35,0.81250,22900
88524,2026-09-28 10:06:07,292760,255255,193570,102.75,12.96,2026-10-13,23300,123175,128180,28925,450.65,11.59,22864.35,0.42070,22900
88526,2026-09-28 10:06:07,355745,323505,221585,77.00,12.87,2026-10-13,23400,92105,128310,75530,524.90,11.26,22864.35,0.25890,22900
88528,2026-09-28 10:06:07,510965,416000,486005,57.35,12.83,2026-10-13,23500,172250,173485,58240,613.55,11.71,22864.35,0.33710,22900
88530,2026-09-28 10:06:07,157625,178555,208845,42.05,12.83,2026-10-13,23600,38415,38415,3055,684.35,9.67,22864.35,0.24370,22900
88532,2026-09-28 10:06:07,213720,214760,199615,31.30,12.96,2026-10-13,23700,13325,11375,4225,775.00,8.94,22864.35,0.06230,22900
88534,2026-09-28 10:06:07,251940,243945,278590,23.75,13.15,2026-10-13,23800,8515,8515,260,860.05,0.00,22864.35,0.03380,22900
88536,2026-09-28 10:06:07,73775,2080,185835,18.45,13.43,2026-10-13,23900,1755,1625,650,955.00,0.00,22864.35,0.02380,22900
88538,2026-09-28 10:06:07,572195,546325,314275,14.70,13.79,2026-10-13,24000,7085,6890,1105,1050.65,0.00,22864.35,0.01240,22900
88540,2026-09-28 10:06:07,20410,18395,14430,11.85,14.16,2026-10-13,24100,6565,6565,1495,1165.00,0.00,22864.35,0.32170,22900
88832,2026-09-28 10:11:07,0,0,0,0.00,0.00,2026-10-13,22100,49010,38870,113165,48.25,15.91,22856.10,,22900
88834,2026-09-28 10:11:07,0,0,0,0.00,0.00,2026-10-13,22200,111800,97305,190320,58.15,15.54,22856.10,,22900
88836,2026-09-28 10:11:07,0,0,0,0.00,0.00,2026-10-13,22300,116480,72345,174005,72.30,15.15,22856.10,,22900
88838,2026-09-28 10:11:07,130,65,0,837.00,29.28,2026-10-13,22400,79235,79300,140400,87.35,14.70,22856.10,609.50000,22900
88840,2026-09-28 10:11:07,11115,3120,14820,540.00,15.28,2026-10-13,22500,311870,252850,428155,106.85,14.43,22856.10,28.05850,22900
88842,2026-09-28 10:11:07,65,0,195,463.55,14.85,2026-10-13,22600,129675,102635,226070,130.40,14.00,22856.10,1995.00000,22900
88844,2026-09-28 10:11:07,9425,2340,11635,393.25,14.53,2026-10-13,22700,225745,281905,355745,160.65,13.76,22856.10,23.95170,22900
88846,2026-09-28 10:11:07,41730,5980,65455,329.10,14.18,2026-10-13,22800,189670,156130,259415,195.40,13.44,22856.10,4.54520,22900
88848,2026-09-28 10:11:07,64480,9230,146055,269.85,13.95,2026-10-13,22900,86710,74165,263770,237.00,13.19,22856.10,1.34480,22900
88850,2026-09-28 10:11:07,247130,93535,399490,216.95,13.65,2026-10-13,23000,284440,265395,467610,282.60,12.82,22856.10,1.15100,22900
88852,2026-09-28 10:11:07,202865,165165,219115,170.95,13.40,2026-10-13,23100,172250,187980,140855,335.00,12.53,22856.10,0.84910,22900
88854,2026-09-28 10:11:07,301340,221715,247585,131.95,13.18,2026-10-13,23200,240045,255515,104975,398.00,12.27,22856.10,0.79660,22900
88856,2026-09-28 10:11:07,292435,255255,202865,101.55,13.11,2026-10-13,23300,123760,128180,29705,466.50,12.04,22856.10,0.42320,22900
88858,2026-09-28 10:11:07,356525,323505,233740,75.20,12.93,2026-10-13,23400,91975,128310,75920,528.40,10.77,22856.10,0.25800,22900
88860,2026-09-28 10:11:07,508040,416000,532480,56.00,12.87,2026-10-13,23500,171600,173485,59995,623.35,11.70,22856.10,0.33780,22900
88862,2026-09-28 10:11:07,155740,178555,213915,41.00,12.89,2026-10-13,23600,38415,38415,3055,684.35,7.23,22856.10,0.24670,22900
88864,2026-09-28 10:11:07,221520,214760,212810,30.85,13.05,2026-10-13,23700,12870,11375,4875,785.00,10.68,22856.10,0.05810,22900
88866,2026-09-28 10:11:07,252915,243945,297310,23.55,13.26,2026-10-13,23800,8710,8515,650,882.75,8.06,22856.10,0.03440,22900
88868,2026-09-28 10:11:07,77220,2080,191620,18.15,13.52,2026-10-13,23900,1950,1625,715,968.00,0.00,22856.10,0.02530,22900
88870,2026-09-28 10:11:07,578695,546325,331825,14.45,13.87,2026-10-13,24000,7085,6890,1105,1050.65,0.00,22856.10,0.01220,22900
88872,2026-09-28 10:11:07,20735,18395,15665,11.55,14.16,2026-10-13,24100,6565,6565,1495,1165.00,0.00,22856.10,0.31660,22900
89164,2026-09-28 10:16:07,0,0,0,0.00,0.00,2026-10-13,22100,50245,38870,118560,46.60,15.81,22858.70,,22900
89166,2026-09-28 10:16:07,0,0,0,0.00,0.00,2026-10-13,22200,111020,97305,193245,56.85,15.40,22858.70,,22900
89168,2026-09-28 10:16:07,0,0,0,0.00,0.00,2026-10-13,22300,117715,72345,179335,71.45,15.17,22858.70,,22900
89170,2026-09-28 10:16:07,130,65,0,837.00,29.03,2026-10-13,22400,81055,79300,143325,86.85,14.73,22858.70,623.50000,22900
89172,2026-09-28 10:16:07,11115,3120,14885,547.95,15.54,2026-10-13,22500,314015,252850,444015,106.95,14.44,22858.70,28.25150,22900
89174,2026-09-28 10:16:07,195,0,260,465.50,14.75,2026-10-13,22600,131105,102635,228865,130.35,13.99,22858.70,672.33330,22900
89176,2026-09-28 10:16:07,9425,2340,11895,395.85,14.48,2026-10-13,22700,221845,281905,361205,159.05,13.76,22858.70,23.53790,22900
89178,2026-09-28 10:16:07,42640,5980,71175,329.00,14.08,2026-10-13,22800,194155,156130,267735,194.00,13.49,22858.70,4.55340,22900
89180,2026-09-28 10:16:07,65390,9230,149760,270.70,13.85,2026-10-13,22900,89505,74165,270140,234.05,13.18,22858.70,1.36880,22900
89182,2026-09-28 10:16:07,249405,93535,409435,216.90,13.53,2026-10-13,23000,284050,265395,476255,282.00,12.95,22858.70,1.13890,22900
89184,2026-09-28 10:16:07,202995,165165,225940,171.15,13.30,2026-10-13,23100,172185,187980,142350,334.90,12.62,22858.70,0.84820,22900
89186,2026-09-28 10:16:07,304070,221715,250380,132.20,13.09,2026-10-13,23200,239785,255515,106860,394.70,12.30,22858.70,0.78860,22900
89188,2026-09-28 10:16:07,293605,255255,207090,100.65,12.95,2026-10-13,23300,123370,128180,30420,452.45,11.37,22858.70,0.42020,22900
89190,2026-09-28 10:16:07,363220,323505,239980,75.40,12.83,2026-10-13,23400,91975,128310,76375,530.35,11.28,22858.70,0.25320,22900
89192,2026-09-28 10:16:07,514475,416000,551525,55.75,12.82,2026-10-13,23500,169650,173485,63505,620.50,11.72,22858.70,0.32980,22900
89194,2026-09-28 10:16:07,167570,178555,231920,40.85,12.81,2026-10-13,23600,38415,38415,3055,684.35,8.62,22858.70,0.22920,22900
89196,2026-09-28 10:16:07,224315,214760,219635,31.10,13.01,2026-10-13,23700,12870,11375,4875,785.00,9.75,22858.70,0.05740,22900
89198,2026-09-28 10:16:07,253500,243945,300755,23.60,13.21,2026-10-13,23800,8840,8515,715,857.65,0.00,22858.70,0.03490,22900
89200,2026-09-28 10:16:07,79365,2080,198575,17.85,13.43,2026-10-13,23900,1950,1625,715,968.00,0.00,22858.70,0.02460,22900
89202,2026-09-28 10:16:07,580450,546325,338585,14.55,13.82,2026-10-13,24000,7215,6890,1235,1065.00,0.00,22858.70,0.01240,22900
89204,2026-09-28 10:16:07,20735,18395,17485,11.75,14.27,2026-10-13,24100,6565,6565,1495,1165.00,0.00,22858.70,0.31660,22900
89496,2026-09-28 10:21:06,0,0,0,0.00,0.00,2026-10-13,22100,51285,38870,123435,47.65,15.81,22857.25,,22900
89498,2026-09-28 10:21:06,0,0,0,0.00,0.00,2026-10-13,22200,111280,97305,195910,57.50,15.34,22857.25,,22900
89500,2026-09-28 10:21:06,0,0,0,0.00,0.00,2026-10-13,22300,118560,72345,185835,71.30,15.03,22857.25,,22900
89502,2026-09-28 10:21:06,130,65,0,837.00,29.29,2026-10-13,22400,85800,79300,158600,86.50,14.60,22857.25,660.00000,22900
89504,2026-09-28 10:21:06,11310,3120,15535,535.00,15.11,2026-10-13,22500,322725,252850,471900,107.15,14.31,22857.25,28.53450,22900
89506,2026-09-28 10:21:06,455,0,585,462.55,14.93,2026-10-13,22600,133770,102635,234585,130.20,13.91,22857.25,294.00000,22900
89508,2026-09-28 10:21:06,10140,2340,13780,384.25,14.14,2026-10-13,22700,221845,281905,368550,159.40,13.60,22857.25,21.87820,22900
89510,2026-09-28 10:21:06,43745,5980,77350,325.55,14.17,2026-10-13,22800,194935,156130,281060,193.75,13.28,22857.25,4.45620,22900
89512,2026-09-28 10:21:06,67860,9230,157885,266.60,13.87,2026-10-13,22900,91260,74165,280020,234.00,12.95,22857.25,1.34480,22900
89514,2026-09-28 10:21:06,251420,93535,424320,212.90,13.53,2026-10-13,23000,281190,265395,488410,282.25,12.70,22857.25,1.11840,22900
89516,2026-09-28 10:21:06,211705,165165,257335,167.30,13.31,2026-10-13,23100,172055,187980,143065,350.00,13.17,22857.25,0.81270,22900
89518,2026-09-28 10:21:06,305240,221715,261690,129.85,13.12,2026-10-13,23200,237835,255515,110890,401.05,12.32,22857.25,0.77920,22900
89520,2026-09-28 10:21:06,296335,255255,223275,98.65,12.98,2026-10-13,23300,122395,128180,31460,462.60,11.61,22857.25,0.41300,22900
89522,2026-09-28 10:21:06,363675,323505,253370,73.55,12.89,2026-10-13,23400,91585,128310,77415,547.20,12.05,22857.25,0.25180,22900
89524,2026-09-28 10:21:06,518375,416000,574275,54.80,12.86,2026-10-13,23500,164125,173485,68510,616.85,10.80,22857.25,0.31660,22900
89526,2026-09-28 10:21:06,170365,178555,251940,40.25,12.86,2026-10-13,23600,38415,38415,3055,684.35,0.00,22857.25,0.22550,22900
89528,2026-09-28 10:21:06,223145,214760,225485,30.45,13.05,2026-10-13,23700,12935,11375,4940,799.95,11.00,22857.25,0.05800,22900
89530,2026-09-28 10:21:06,251940,243945,308035,23.00,13.23,2026-10-13,23800,8970,8515,845,866.40,0.00,22857.25,0.03560,22900
89532,2026-09-28 10:21:06,88985,2080,212875,17.80,13.50,2026-10-13,23900,2080,1625,845,990.00,10.74,22857.25,0.02340,22900
89534,2026-09-28 10:21:06,582790,546325,353015,14.45,13.89,2026-10-13,24000,7345,6890,1300,1087.75,10.68,22857.25,0.01260,22900
89536,2026-09-28 10:21:06,22945,18395,21255,11.60,14.27,2026-10-13,24100,6565,6565,1495,1165.00,0.00,22857.25,0.28610,22900
89828,2026-09-28 10:26:07,0,0,0,0.00,0.00,2026-10-13,22100,51805,38870,126230,50.50,15.91,22838.60,,22800
89830,2026-09-28 10:26:07,0,0,0,0.00,0.00,2026-10-13,22200,111930,97305,197470,60.40,15.40,22838.60,,22800
89832,2026-09-28 10:26:07,0,0,0,0.00,0.00,2026-10-13,22300,117845,72345,187655,75.25,15.13,22838.60,,22800
89834,2026-09-28 10:26:07,130,65,0,837.00,29.86,2026-10-13,22400,90675,79300,168545,91.65,14.73,22838.60,697.50000,22800
89836,2026-09-28 10:26:07,11570,3120,15925,527.80,15.33,2026-10-13,22500,325325,252850,478985,111.05,14.36,22838.60,28.11800,22800
89838,2026-09-28 10:26:07,585,0,715,456.20,15.14,2026-10-13,22600,133770,102635,235820,136.15,14.00,22838.60,228.66670,22800
89840,2026-09-28 10:26:07,10400,2340,14300,382.00,14.53,2026-10-13,22700,221650,281905,372710,164.85,13.67,22838.60,21.31250,22800
89842,2026-09-28 10:26:07,46605,5980,90090,318.00,14.24,2026-10-13,22800,197470,156130,286780,201.80,13.40,22838.60,4.23710,22800
89844,2026-09-28 10:26:07,68965,9230,163540,259.25,13.88,2026-10-13,22900,98670,74165,298350,242.60,13.03,22838.60,1.43070,22800
89846,2026-09-28 10:26:07,254020,93535,434070,207.20,13.56,2026-10-13,23000,281580,265395,495495,291.55,12.74,22838.60,1.10850,22800
89848,2026-09-28 10:26:07,212680,165165,263900,162.10,13.29,2026-10-13,23100,171925,187980,143715,345.00,12.28,22838.60,0.80840,22800
89850,2026-09-28 10:26:07,307710,221715,267540,127.20,13.14,2026-10-13,23200,237705,255515,111540,406.65,12.06,22838.60,0.77250,22800
89852,2026-09-28 10:26:07,299520,255255,235820,97.25,13.08,2026-10-13,23300,121745,128180,33150,476.90,11.84,22838.60,0.40650,22800
89854,2026-09-28 10:26:07,364390,323505,260910,72.65,12.95,2026-10-13,23400,91520,128310,77805,545.20,10.96,22838.60,0.25120,22800
89856,2026-09-28 10:26:07,518310,416000,598520,53.00,12.92,2026-10-13,23500,162110,173485,72345,632.00,11.06,22838.60,0.31280,22800
89858,2026-09-28 10:26:07,171210,178555,254670,39.60,13.00,2026-10-13,23600,38415,38415,3185,724.40,11.44,22838.60,0.22440,22800
89860,2026-09-28 10:26:07,222690,214760,229645,30.25,13.20,2026-10-13,23700,13130,11375,5135,804.00,8.94,22838.60,0.05900,22800
89862,2026-09-28 10:26:07,251680,243945,312325,23.20,13.40,2026-10-13,23800,9035,8515,910,879.60,0.00,22838.60,0.03590,22800
89864,2026-09-28 10:26:07,88270,2080,219960,17.95,13.69,2026-10-13,23900,2210,1625,975,985.00,0.00,22838.60,0.02500,22800
89866,2026-09-28 10:26:07,581425,546325,362700,14.60,14.08,2026-10-13,24000,7410,6890,1690,1093.55,0.00,22838.60,0.01270,22800
89868,2026-09-28 10:26:07,24830,18395,29965,11.70,14.43,2026-10-13,24100,6565,6565,1495,1165.00,0.00,22838.60,0.26440,22800
90160,2026-09-28 10:31:06,0,0,0,0.00,0.00,2026-10-13,22100,52130,38870,127660,48.75,15.88,22847.70,,22800
90162,2026-09-28 10:31:06,0,0,0,0.00,0.00,2026-10-13,22200,113425,97305,204295,59.10,15.44,22847.70,,22800
90164,2026-09-28 10:31:06,0,0,0,0.00,0.00,2026-10-13,22300,118625,72345,192985,72.75,15.10,22847.70,,22800
90166,2026-09-28 10:31:06,130,65,0,837.00,29.44,2026-10-13,22400,90350,79300,171470,88.30,14.70,22847.70,695.00000,22800
90168,2026-09-28 10:31:06,11960,3120,16575,531.00,15.02,2026-10-13,22500,327080,252850,488670,108.95,14.31,22847.70,27.34780,22800
90170,2026-09-28 10:31:06,585,0,715,456.20,14.69,2026-10-13,22600,134160,102635,239395,132.10,13.95,22847.70,229.33330,22800
90172,2026-09-28 10:31:06,10465,2340,14365,386.75,14.40,2026-10-13,22700,222170,281905,375440,162.10,13.69,22847.70,21.22980,22800
90174,2026-09-28 10:31:06,47515,5980,95550,322.00,14.09,2026-10-13,22800,195455,156130,294450,196.95,13.37,22847.70,4.11350,22800
90176,2026-09-28 10:31:06,72150,9230,169325,263.30,13.78,2026-10-13,22900,98215,74165,307645,238.50,13.10,22847.70,1.36130,22800
90178,2026-09-28 10:31:06,259610,93535,461955,211.00,13.51,2026-10-13,23000,284830,265395,511875,286.95,12.86,22847.70,1.09710,22800
90180,2026-09-28 10:31:06,212745,165165,266435,166.00,13.28,2026-10-13,23100,171600,187980,144300,340.00,12.49,22847.70,0.80660,22800
90182,2026-09-28 10:31:06,312065,221715,275795,127.95,13.08,2026-10-13,23200,236990,255515,114400,401.05,12.18,22847.70,0.75940,22800
90184,2026-09-28 10:31:06,299455,255255,240630,97.55,12.97,2026-10-13,23300,121420,128180,33800,471.45,12.04,22847.70,0.40550,22800
90186,2026-09-28 10:31:06,365625,323505,267085,72.90,12.88,2026-10-13,23400,91520,128310,78195,547.25,11.84,22847.70,0.25030,22800
90188,2026-09-28 10:31:06,527280,416000,613340,54.50,12.86,2026-10-13,23500,158925,173485,75270,635.60,12.28,22847.70,0.30140,22800
90190,2026-09-28 10:31:06,174980,178555,264030,40.50,12.94,2026-10-13,23600,38610,38415,3900,707.85,10.60,22847.70,0.22070,22800
90192,2026-09-28 10:31:06,224705,214760,235885,30.45,13.09,2026-10-13,23700,13195,11375,5200,800.00,10.44,22847.70,0.05870,22800
90194,2026-09-28 10:31:06,249405,243945,317525,23.20,13.31,2026-10-13,23800,9165,8515,1300,906.20,12.54,22847.70,0.03670,22800
90196,2026-09-28 10:31:06,89700,2080,222560,18.10,13.60,2026-10-13,23900,2275,1625,1040,990.00,9.22,22847.70,0.02540,22800
90198,2026-09-28 10:31:06,581490,546325,369785,14.55,13.96,2026-10-13,24000,7345,6890,1820,1086.85,0.00,22847.70,0.01260,22800
90200,2026-09-28 10:31:06,28730,18395,30875,11.85,14.36,2026-10-13,24100,6565,6565,1495,1165.00,0.00,22847.70,0.22850,22800
90492,2026-09-28 10:36:07,0,0,0,0.00,0.00,2026-10-13,22100,52455,38870,130325,48.55,15.75,22842.90,,22800
90494,2026-09-28 10:36:07,0,0,0,0.00,0.00,2026-10-13,22200,114855,97305,207935,59.60,15.32,22842.90,,22800
90496,2026-09-28 10:36:07,0,0,0,0.00,0.00,2026-10-13,22300,119145,72345,194870,72.40,14.95,22842.90,,22800
90498,2026-09-28 10:36:07,130,65,0,837.00,29.77,2026-10-13,22400,89960,79300,174525,88.80,14.57,22842.90,692.00000,22800
90500,2026-09-28 10:36:07,13130,3120,18525,530.00,15.35,2026-10-13,22500,330200,252850,496145,109.00,14.23,22842.90,25.14850,22800
90502,2026-09-28 10:36:07,650,0,1040,454.65,14.95,2026-10-13,22600,133900,102635,240305,134.15,13.91,22842.90,206.00000,22800
90504,2026-09-28 10:36:07,10725,2340,14690,385.95,14.66,2026-10-13,22700,222170,281905,377455,164.00,13.62,22842.90,20.71520,22800
90506,2026-09-28 10:36:07,51090,5980,101465,319.00,14.24,2026-10-13,22800,197405,156130,304200,199.10,13.33,22842.90,3.86390,22800
90508,2026-09-28 10:36:07,72735,9230,172120,262.00,13.96,2026-10-13,22900,98280,74165,309205,240.40,12.99,22842.90,1.35120,22800
90510,2026-09-28 10:36:07,264030,93535,473265,210.00,13.66,2026-10-13,23000,286065,265395,518700,289.00,12.67,22842.90,1.08350,22800
90512,2026-09-28 10:36:07,213200,165165,274040,165.85,13.46,2026-10-13,23100,172055,187980,145730,340.05,12.20,22842.90,0.80700,22800
90514,2026-09-28 10:36:07,312455,221715,281450,127.30,13.21,2026-10-13,23200,236535,255515,114920,404.05,12.01,22842.90,0.75700,22800
90516,2026-09-28 10:36:07,300430,255255,245245,97.30,13.10,2026-10-13,23300,121290,128180,34385,470.70,11.55,22842.90,0.40370,22800
90518,2026-09-28 10:36:07,367055,323505,271115,72.75,12.99,2026-10-13,23400,91000,128310,79560,547.00,11.28,22842.90,0.24790,22800
90520,2026-09-28 10:36:07,531570,416000,619450,53.90,12.96,2026-10-13,23500,158860,173485,75465,630.55,11.14,22842.90,0.29890,22800
90522,2026-09-28 10:36:07,174850,178555,265460,40.20,13.02,2026-10-13,23600,38610,38415,3900,707.85,9.40,22842.90,0.22080,22800
90524,2026-09-28 10:36:07,225680,214760,239590,30.80,13.23,2026-10-13,23700,13195,11375,5200,800.00,8.42,22842.90,0.05850,22800
90526,2026-09-28 10:36:07,248560,243945,321555,23.20,13.40,2026-10-13,23800,9165,8515,1300,906.20,11.08,22842.90,0.03690,22800
90528,2026-09-28 10:36:07,89895,2080,225485,18.10,13.69,2026-10-13,23900,2340,1625,1170,983.00,0.00,22842.90,0.02600,22800
90530,2026-09-28 10:36:07,582270,546325,379795,14.80,14.10,2026-10-13,24000,7345,6890,1820,1086.85,0.00,22842.90,0.01260,22800
90532,2026-09-28 10:36:07,29185,18395,32955,11.80,14.42,2026-10-13,24100,6565,6565,1495,1165.00,0.00,22842.90,0.22490,22800
90824,2026-09-28 10:41:07,0,0,0,0.00,0.00,2026-10-13,22100,53040,38870,130975,49.45,15.78,22832.00,,22800
90826,2026-09-28 10:41:07,0,0,0,0.00,0.00,2026-10-13,22200,116220,97305,210080,60.40,15.38,22832.00,,22800
90828,2026-09-28 10:41:07,0,0,0,0.00,0.00,2026-10-13,22300,119730,72345,197275,73.00,14.92,22832.00,,22800
90830,2026-09-28 10:41:07,130,65,0,837.00,29.94,2026-10-13,22400,90155,79300,176085,90.30,14.61,22832.00,693.50000,22800
90832,2026-09-28 10:41:07,13325,3120,18915,521.50,15.02,2026-10-13,22500,335920,252850,512135,110.30,14.24,22832.00,25.20980,22800
90834,2026-09-28 10:41:07,650,0,1040,454.65,15.13,2026-10-13,22600,133965,102635,242840,135.00,13.89,22832.00,206.10000,22800
90836,2026-09-28 10:41:07,11310,2340,15535,380.00,14.49,2026-10-13,22700,221910,281905,381160,164.00,13.53,22832.00,19.62070,22800
90838,2026-09-28 10:41:07,55315,5980,111020,315.75,14.16,2026-10-13,22800,198705,156130,312065,202.00,13.32,22832.00,3.59220,22800
90840,2026-09-28 10:41:07,76115,9230,177385,259.25,13.94,2026-10-13,22900,99645,74165,315900,243.45,13.00,22832.00,1.30910,22800
90842,2026-09-28 10:41:07,271700,93535,495430,206.80,13.60,2026-10-13,23000,280865,265395,532025,292.20,12.75,22832.00,1.03370,22800
90844,2026-09-28 10:41:07,213915,165165,276835,163.00,13.40,2026-10-13,23100,172120,187980,146380,346.20,12.39,22832.00,0.80460,22800
90846,2026-09-28 10:41:07,313040,221715,287690,125.90,13.24,2026-10-13,23200,235040,255515,118560,408.55,12.09,22832.00,0.75080,22800
90848,2026-09-28 10:41:07,296920,255255,274040,96.60,13.14,2026-10-13,23300,121095,128180,34710,476.20,11.70,22832.00,0.40780,22800
90850,2026-09-28 10:41:07,369460,323505,279175,72.05,13.02,2026-10-13,23400,90870,128310,79885,555.00,11.63,22832.00,0.24600,22800
90852,2026-09-28 10:41:07,531765,416000,626730,53.60,13.00,2026-10-13,23500,158730,173485,75855,638.25,11.51,22832.00,0.29850,22800
90854,2026-09-28 10:41:07,175695,178555,268580,40.00,13.07,2026-10-13,23600,38610,38415,3900,707.85,8.51,22832.00,0.21980,22800
90856,2026-09-28 10:41:07,226135,214760,244335,30.45,13.24,2026-10-13,23700,13195,11375,5200,800.00,0.00,22832.00,0.05840,22800
90858,2026-09-28 10:41:07,251745,243945,329875,23.25,13.47,2026-10-13,23800,9165,8515,1300,906.20,9.92,22832.00,0.03640,22800
90860,2026-09-28 10:41:07,90480,2080,226915,17.85,13.70,2026-10-13,23900,2340,1625,1170,983.00,0.00,22832.00,0.02590,22800
90862,2026-09-28 10:41:07,582725,546325,382135,14.40,14.07,2026-10-13,24000,7345,6890,1885,1088.00,0.00,22832.00,0.01260,22800
90864,2026-09-28 10:41:07,29640,18395,33345,11.70,14.47,2026-10-13,24100,6565,6565,1495,1165.00,0.00,22832.00,0.22150,22800
91156,2026-09-28 10:46:06,0,0,0,0.00,0.00,2026-10-13,22100,54405,38870,136435,49.60,15.80,22831.10,,22800
91158,2026-09-28 10:46:06,0,0,0,0.00,0.00,2026-10-13,22200,119275,97305,216190,60.30,15.35,22831.10,,22800
91160,2026-09-28 10:46:06,0,0,0,0.00,0.00,2026-10-13,22300,123630,72345,205400,74.25,15.00,22831.10,,22800
91162,2026-09-28 10:46:06,130,65,0,837.00,30.01,2026-10-13,22400,92495,79300,182000,91.75,14.69,22831.10,711.50000,22800
91164,2026-09-28 10:46:06,13260,3120,19045,521.55,15.11,2026-10-13,22500,334880,252850,558090,111.35,14.27,22831.10,25.25490,22800
91166,2026-09-28 10:46:06,975,0,1105,444.95,14.63,2026-10-13,22600,139295,102635,258115,135.15,13.87,22831.10,142.86670,22800
91168,2026-09-28 10:46:06,11830,2340,17095,378.00,14.44,2026-10-13,22700,221195,281905,391105,165.70,13.58,22831.10,18.69780,22800
91170,2026-09-28 10:46:06,57915,5980,119145,316.65,14.25,2026-10-13,22800,200850,156130,333970,201.95,13.31,22831.10,3.46800,22800
91172,2026-09-28 10:46:06,81185,9230,186355,258.20,13.93,2026-10-13,22900,101205,74165,325780,246.20,13.13,22831.10,1.24660,22800
91174,2026-09-28 10:46:06,282165,93535,519480,207.00,13.63,2026-10-13,23000,281125,265395,543075,292.30,12.71,22831.10,0.99630,22800
91176,2026-09-28 10:46:06,216385,165165,296465,162.00,13.38,2026-10-13,23100,170820,187980,150605,351.00,12.60,22831.10,0.78940,22800
91178,2026-09-28 10:46:06,314015,221715,293930,125.50,13.24,2026-10-13,23200,234195,255515,125515,411.55,12.21,22831.10,0.74580,22800
91180,2026-09-28 10:46:06,301080,255255,284440,95.85,13.15,2026-10-13,23300,120835,128180,35295,481.00,11.93,22831.10,0.40130,22800
91182,2026-09-28 10:46:06,368875,323505,291590,71.75,13.03,2026-10-13,23400,89895,128310,81510,559.75,11.89,22831.10,0.24370,22800
91184,2026-09-28 10:46:06,528450,416000,646425,53.40,13.01,2026-10-13,23500,158665,173485,76440,648.00,12.28,22831.10,0.30020,22800
91186,2026-09-28 10:46:06,177970,178555,276445,39.70,13.06,2026-10-13,23600,38610,38415,3900,707.85,8.09,22831.10,0.21690,22800
91188,2026-09-28 10:46:06,227435,214760,248885,30.15,13.24,2026-10-13,23700,13260,11375,5265,823.30,11.98,22831.10,0.05830,22800
91190,2026-09-28 10:46:06,250575,243945,343395,22.65,13.40,2026-10-13,23800,9165,8515,1300,906.20,9.28,22831.10,0.03660,22800
91192,2026-09-28 10:46:06,91260,2080,228345,17.80,13.70,2026-10-13,23900,2340,1625,1170,983.00,0.00,22831.10,0.02560,22800
91194,2026-09-28 10:46:06,581230,546325,387530,14.45,14.10,2026-10-13,24000,7410,6890,1950,1100.00,0.00,22831.10,0.01270,22800
91196,2026-09-28 10:46:06,29640,18395,33345,11.70,14.48,2026-10-13,24100,6565,6565,1495,1165.00,0.00,22831.10,0.22150,22800
91488,2026-09-28 10:51:07,0,0,0,0.00,0.00,2026-10-13,22100,53950,38870,139490,50.50,15.75,22822.85,,22800
91490,2026-09-28 10:51:07,0,0,0,0.00,0.00,2026-10-13,22200,121940,97305,219895,61.15,15.30,22822.85,,22800
91492,2026-09-28 10:51:07,0,0,0,0.00,0.00,2026-10-13,22300,123695,72345,206310,75.70,14.98,22822.85,,22800
91494,2026-09-28 10:51:07,130,65,0,837.00,30.30,2026-10-13,22400,94120,79300,184990,92.40,14.60,22822.85,724.00000,22800
91496,2026-09-28 10:51:07,13325,3120,19305,516.55,15.19,2026-10-13,22500,336960,252850,569985,111.85,14.21,22822.85,25.28780,22800
91498,2026-09-28 10:51:07,1170,0,1365,443.70,14.90,2026-10-13,22600,139685,102635,259740,136.85,13.82,22822.85,119.38890,22800
91500,2026-09-28 10:51:07,12805,2340,18395,376.95,14.68,2026-10-13,22700,221195,281905,393575,166.75,13.50,22822.85,17.27410,22800
91502,2026-09-28 10:51:07,60060,5980,123890,312.20,14.26,2026-10-13,22800,199745,156130,342615,204.10,13.22,22822.85,3.32580,22800
91504,2026-09-28 10:51:07,88010,9230,199095,256.60,14.05,2026-10-13,22900,104000,74165,334945,246.20,12.87,22822.85,1.18170,22800
91506,2026-09-28 10:51:07,287885,93535,531700,203.85,13.73,2026-10-13,23000,281515,265395,550225,296.20,12.68,22822.85,0.97790,22800
91508,2026-09-28 10:51:07,216450,165165,302900,160.55,13.48,2026-10-13,23100,170040,187980,153725,354.75,12.50,22822.85,0.78560,22800
91510,2026-09-28 10:51:07,315640,221715,298610,124.75,13.34,2026-10-13,23200,232180,255515,130325,414.90,12.04,22822.85,0.73560,22800
91512,2026-09-28 10:51:07,303290,255255,290290,95.00,13.20,2026-10-13,23300,120900,128180,35360,477.15,11.19,22822.85,0.39860,22800
91514,2026-09-28 10:51:07,371085,323505,294905,71.85,13.18,2026-10-13,23400,88985,128310,82550,554.50,10.86,22822.85,0.23980,22800
91516,2026-09-28 10:51:07,529750,416000,658320,53.35,13.15,2026-10-13,23500,158470,173485,77415,649.20,11.70,22822.85,0.29910,22800
91518,2026-09-28 10:51:07,177385,178555,280215,39.60,13.18,2026-10-13,23600,38610,38415,3900,707.85,0.00,22822.85,0.21770,22800
91520,2026-09-28 10:51:07,225680,214760,258635,30.45,13.38,2026-10-13,23700,13260,11375,5265,823.30,10.67,22822.85,0.05880,22800
91522,2026-09-28 10:51:07,247455,243945,346905,23.45,13.60,2026-10-13,23800,9165,8515,1300,906.20,0.00,22822.85,0.03700,22800
91524,2026-09-28 10:51:07,91910,2080,230685,17.95,13.82,2026-10-13,23900,2340,1625,1170,983.00,0.00,22822.85,0.02550,22800
91526,2026-09-28 10:51:07,579865,546325,389740,14.65,14.22,2026-10-13,24000,7410,6890,1950,1100.00,0.00,22822.85,0.01280,22800
91528,2026-09-28 10:51:07,29640,18395,33345,11.70,14.56,2026-10-13,24100,6565,6565,1495,1165.00,0.00,22822.85,0.22150,22800
91820,2026-09-28 10:56:07,0,0,0,0.00,0.00,2026-10-13,22100,55185,38870,144040,48.80,15.75,22834.90,,22800
91822,2026-09-28 10:56:07,0,0,0,0.00,0.00,2026-10-13,22200,121290,97305,222235,61.05,15.47,22834.90,,22800
91824,2026-09-28 10:56:07,0,0,0,0.00,0.00,2026-10-13,22300,124670,72345,210470,73.15,14.98,22834.90,,22800
91826,2026-09-28 10:56:07,130,65,0,837.00,29.89,2026-10-13,22400,94185,79300,186810,89.55,14.59,22834.90,724.50000,22800
91828,2026-09-28 10:56:07,13455,3120,19630,520.00,14.86,2026-10-13,22500,337025,252850,579540,109.90,14.24,22834.90,25.04830,22800
91830,2026-09-28 10:56:07,1365,0,1495,443.45,14.40,2026-10-13,22600,139880,102635,265330,135.05,13.93,22834.90,102.47620,22800
91832,2026-09-28 10:56:07,13780,2340,20345,382.45,14.57,2026-10-13,22700,224055,281905,400660,163.15,13.51,22834.90,16.25940,22800
91834,2026-09-28 10:56:07,61685,5980,127205,317.15,14.19,2026-10-13,22800,197600,156130,357110,199.05,13.23,22834.90,3.20340,22800
91836,2026-09-28 10:56:07,91130,9230,204750,260.00,13.94,2026-10-13,22900,105950,74165,347555,241.00,12.95,22834.90,1.16260,22800
91838,2026-09-28 10:56:07,290940,93535,551590,206.85,13.57,2026-10-13,23000,278720,265395,570830,289.75,12.67,22834.90,0.95800,22800
91840,2026-09-28 10:56:07,217750,165165,312650,162.20,13.32,2026-10-13,23100,170040,187980,156520,345.20,12.38,22834.90,0.78090,22800
91842,2026-09-28 10:56:07,317720,221715,310050,125.45,13.16,2026-10-13,23200,230295,255515,132535,408.30,12.15,22834.90,0.72480,22800
91844,2026-09-28 10:56:07,304265,255255,293800,96.35,13.10,2026-10-13,23300,119015,128180,37310,481.00,12.11,22834.90,0.39120,22800
91846,2026-09-28 10:56:07,372385,323505,302315,71.40,12.96,2026-10-13,23400,88660,128310,83330,554.50,11.70,22834.90,0.23810,22800
91848,2026-09-28 10:56:07,533195,416000,684385,53.45,12.99,2026-10-13,23500,158470,173485,77415,649.20,12.65,22834.90,0.29720,22800
91850,2026-09-28 10:56:07,179270,178555,285415,40.00,13.05,2026-10-13,23600,38935,38415,3965,724.20,11.37,22834.90,0.21720,22800
91852,2026-09-28 10:56:07,225875,214760,265265,30.15,13.20,2026-10-13,23700,13260,11375,5265,823.30,12.41,22834.90,0.05870,22800
91854,2026-09-28 10:56:07,247845,243945,353860,23.25,13.44,2026-10-13,23800,9165,8515,1300,906.20,10.38,22834.90,0.03700,22800
91856,2026-09-28 10:56:07,90415,2080,234715,18.05,13.72,2026-10-13,23900,2340,1625,1170,983.00,0.00,22834.90,0.02590,22800
91858,2026-09-28 10:56:07,580515,546325,395525,14.55,14.10,2026-10-13,24000,7410,6890,1950,1100.00,8.67,22834.90,0.01280,22800
91860,2026-09-28 10:56:07,29965,18395,33475,11.80,14.47,2026-10-13,24100,6565,6565,1495,1165.00,0.00,22834.90,0.21910,22800
92152,2026-09-28 11:01:06,0,0,0,0.00,0.00,2026-10-13,22100,55055,38870,147485,48.85,15.71,22832.75,,22800
92154,2026-09-28 11:01:06,0,0,0,0.00,0.00,2026-10-13,22200,122460,97305,225550,58.75,15.22,22832.75,,22800
92156,2026-09-28 11:01:06,0,0,0,0.00,0.00,2026-10-13,22300,125320,72345,213070,73.20,14.92,22832.75,,22800
92158,2026-09-28 11:01:06,130,65,0,837.00,30.04,2026-10-13,22400,93210,79300,187850,89.65,14.55,22832.75,717.00000,22800
92160,2026-09-28 11:01:06,13455,3120,19760,527.85,15.50,2026-10-13,22500,337545,252850,584870,110.30,14.21,22832.75,25.08700,22800
92162,2026-09-28 11:01:06,1365,0,1495,443.45,14.53,2026-10-13,22600,139555,102635,270985,134.60,13.85,22832.75,102.23810,22800
92164,2026-09-28 11:01:06,13715,2340,20995,384.65,14.81,2026-10-13,22700,222885,281905,404365,164.75,13.54,22832.75,16.25120,22800
92166,2026-09-28 11:01:06,62270,5980,129220,314.00,14.11,2026-10-13,22800,197470,156130,360035,201.25,13.28,22832.75,3.17120,22800
92168,2026-09-28 11:01:06,91325,9230,206505,256.30,13.82,2026-10-13,22900,103935,74165,354445,242.65,12.95,22832.75,1.13810,22800
92170,2026-09-28 11:01:06,292175,93535,557310,204.15,13.50,2026-10-13,23000,278720,265395,576355,292.75,12.74,22832.75,0.95390,22800
92172,2026-09-28 11:01:06,219375,165165,314925,160.50,13.29,2026-10-13,23100,169975,187980,157170,346.45,12.35,22832.75,0.77480,22800
92174,2026-09-28 11:01:06,316550,221715,312715,126.00,13.25,2026-10-13,23200,229125,255515,133770,409.25,12.08,22832.75,0.72380,22800
92176,2026-09-28 11:01:06,304785,255255,298285,95.30,13.08,2026-10-13,23300,118755,128180,37570,476.40,11.63,22832.75,0.38960,22800
92178,2026-09-28 11:01:06,375830,323505,307905,71.65,13.02,2026-10-13,23400,88660,128310,83395,553.10,11.38,22832.75,0.23590,22800
92180,2026-09-28 11:01:06,533585,416000,688610,53.35,13.01,2026-10-13,23500,157690,173485,77935,630.00,10.53,22832.75,0.29550,22800
92182,2026-09-28 11:01:06,181415,178555,290030,39.35,13.03,2026-10-13,23600,38935,38415,4095,711.90,9.09,22832.75,0.21460,22800
92184,2026-09-28 11:01:06,226070,214760,273715,30.30,13.26,2026-10-13,23700,13260,11375,5265,823.30,12.02,22832.75,0.05870,22800
92186,2026-09-28 11:01:06,252525,243945,362050,23.30,13.49,2026-10-13,23800,9295,8515,1560,893.10,0.00,22832.75,0.03680,22800
92188,2026-09-28 11:01:06,90480,2080,236080,18.05,13.75,2026-10-13,23900,2405,1625,1300,989.00,0.00,22832.75,0.02660,22800
92190,2026-09-28 11:01:06,583375,546325,405860,14.50,14.11,2026-10-13,24000,7605,6890,2340,1089.00,0.00,22832.75,0.01300,22800
92192,2026-09-28 11:01:06,29965,18395,33475,11.80,14.50,2026-10-13,24100,6565,6565,1495,1165.00,0.00,22832.75,0.21910,22800
92484,2026-09-28 11:06:07,0,0,0,0.00,0.00,2026-10-13,22100,55055,38870,148330,49.50,15.67,22822.95,,22800
92486,2026-09-28 11:06:07,0,0,0,0.00,0.00,2026-10-13,22200,123110,97305,226850,60.40,15.27,22822.95,,22800
92488,2026-09-28 11:06:07,0,0,0,0.00,0.00,2026-10-13,22300,126230,72345,214305,74.40,14.91,22822.95,,22800
92490,2026-09-28 11:06:07,130,65,0,837.00,30.28,2026-10-13,22400,94510,79300,190125,90.50,14.49,22822.95,727.00000,22800
92492,2026-09-28 11:06:07,13455,3120,19760,527.85,15.85,2026-10-13,22500,337935,252850,586755,111.35,14.15,22822.95,25.11590,22800
92494,2026-09-28 11:06:07,1365,0,1690,445.00,14.93,2026-10-13,22600,140010,102635,272545,135.75,13.77,22822.95,102.57140,22800
92496,2026-09-28 11:06:07,13715,2340,21125,377.15,14.65,2026-10-13,22700,222625,281905,406965,166.25,13.47,22822.95,16.23220,22800
92498,2026-09-28 11:06:07,64220,5980,135200,313.00,14.29,2026-10-13,22800,201760,156130,366600,202.30,13.16,22822.95,3.14170,22800
92500,2026-09-28 11:06:07,91845,9230,208520,257.00,14.07,2026-10-13,22900,103545,74165,357760,246.00,12.93,22822.95,1.12740,22800
92502,2026-09-28 11:06:07,293540,93535,563550,205.00,13.73,2026-10-13,23000,286325,265395,607360,294.35,12.60,22822.95,0.97540,22800
92504,2026-09-28 11:06:07,219570,165165,317005,162.00,13.53,2026-10-13,23100,169910,187980,158145,350.25,12.30,22822.95,0.77380,22800
92506,2026-09-28 11:06:07,316680,221715,315250,125.90,13.39,2026-10-13,23200,228865,255515,134225,411.00,11.86,22822.95,0.72270,22800
92508,2026-09-28 11:06:07,303485,255255,301470,95.65,13.24,2026-10-13,23300,118495,128180,38220,479.30,11.43,22822.95,0.39040,22800
92510,2026-09-28 11:06:07,376220,323505,310700,71.55,13.12,2026-10-13,23400,88335,128310,84175,552.45,10.79,22822.95,0.23480,22800
92512,2026-09-28 11:06:07,538135,416000,711035,53.30,13.11,2026-10-13,23500,157690,173485,78260,642.80,11.18,22822.95,0.29300,22800
92514,2026-09-28 11:06:07,181415,178555,290615,40.05,13.20,2026-10-13,23600,38935,38415,4095,711.90,6.90,22822.95,0.21460,22800
92516,2026-09-28 11:06:07,228410,214760,277745,30.35,13.36,2026-10-13,23700,13260,11375,5265,823.30,10.91,22822.95,0.05810,22800
92518,2026-09-28 11:06:07,248755,243945,371345,23.15,13.57,2026-10-13,23800,9295,8515,1560,893.10,0.00,22822.95,0.03740,22800
92520,2026-09-28 11:06:07,90155,2080,237315,18.20,13.85,2026-10-13,23900,2535,1625,1495,991.55,0.00,22822.95,0.02810,22800
92522,2026-09-28 11:06:07,583375,546325,411450,14.55,14.21,2026-10-13,24000,7605,6890,2340,1089.00,0.00,22822.95,0.01300,22800
92524,2026-09-28 11:06:07,30030,18395,33670,11.50,14.50,2026-10-13,24100,6565,6565,1495,1165.00,0.00,22822.95,0.21860,22800
92816,2026-09-28 11:11:06,0,0,0,0.00,0.00,2026-10-13,22100,54860,38870,149370,49.55,15.72,22823.15,,22800
92818,2026-09-28 11:11:06,0,0,0,0.00,0.00,2026-10-13,22200,123760,97305,228215,60.50,15.31,22823.15,,22800
92820,2026-09-28 11:11:06,0,0,0,0.00,0.00,2026-10-13,22300,127270,72345,216515,75.25,14.93,22823.15,,22800
92822,2026-09-28 11:11:06,130,65,0,837.00,30.21,2026-10-13,22400,94510,79300,190255,90.70,14.54,22823.15,727.00000,22800
92824,2026-09-28 11:11:06,13585,3120,19825,520.00,15.24,2026-10-13,22500,338975,252850,590785,112.80,14.31,22823.15,24.95220,22800
92826,2026-09-28 11:11:06,1365,0,1690,445.00,14.82,2026-10-13,22600,140205,102635,273845,137.65,13.92,22823.15,102.71430,22800
92828,2026-09-28 11:11:06,13650,2340,21450,379.15,14.68,2026-10-13,22700,220805,281905,409825,168.00,13.62,22823.15,16.17620,22800
92830,2026-09-28 11:11:06,66235,5980,137930,314.40,14.29,2026-10-13,22800,201370,156130,372385,204.25,13.33,22823.15,3.04020,22800
92832,2026-09-28 11:11:06,92300,9230,209560,257.20,14.01,2026-10-13,22900,103155,74165,359125,248.00,13.05,22823.15,1.11760,22800
92834,2026-09-28 11:11:06,294385,93535,568685,205.65,13.77,2026-10-13,23000,341510,265395,650975,296.00,12.77,22823.15,1.16010,22800
92836,2026-09-28 11:11:06,219700,165165,320580,163.10,13.55,2026-10-13,23100,169780,187980,159120,349.90,12.37,22823.15,0.77280,22800
92838,2026-09-28 11:11:06,317915,221715,319150,125.70,13.33,2026-10-13,23200,228800,255515,134290,411.90,12.03,22823.15,0.71970,22800
92840,2026-09-28 11:11:06,308815,255255,318435,96.55,13.26,2026-10-13,23300,118300,128180,38740,485.75,12.02,22823.15,0.38310,22800
92842,2026-09-28 11:11:06,421655,323505,405535,73.10,13.21,2026-10-13,23400,88075,128310,84825,561.00,11.69,22823.15,0.20890,22800
92844,2026-09-28 11:11:06,544895,416000,724880,54.10,13.15,2026-10-13,23500,157495,173485,78325,643.00,11.43,22823.15,0.28900,22800
92846,2026-09-28 11:11:06,183365,178555,301145,40.60,13.22,2026-10-13,23600,38935,38415,4095,711.90,7.93,22823.15,0.21230,22800
92848,2026-09-28 11:11:06,230555,214760,283075,30.80,13.40,2026-10-13,23700,13260,11375,5265,823.30,11.32,22823.15,0.05750,22800
92850,2026-09-28 11:11:06,250705,243945,378885,23.70,13.61,2026-10-13,23800,9425,8515,1625,901.25,0.00,22823.15,0.03760,22800
92852,2026-09-28 11:11:06,90935,2080,238875,18.35,13.90,2026-10-13,23900,2535,1625,1495,991.55,0.00,22823.15,0.02790,22800
92854,2026-09-28 11:11:06,584935,546325,416390,14.70,14.24,2026-10-13,24000,7605,6890,2340,1089.00,0.00,22823.15,0.01300,22800
92856,2026-09-28 11:11:06,30355,18395,34515,11.95,14.63,2026-10-13,24100,6565,6565,1495,1165.00,0.00,22823.15,0.21630,22800
93148,2026-09-28 11:16:07,0,0,0,0.00,0.00,2026-10-13,22100,54015,38870,153010,50.20,15.70,22818.55,,22800
93150,2026-09-28 11:16:07,0,0,0,0.00,0.00,2026-10-13,22200,124085,97305,230230,60.20,15.21,22818.55,,22800
93152,2026-09-28 11:16:07,0,0,0,0.00,0.00,2026-10-13,22300,128570,72345,219765,75.50,14.95,22818.55,,22800
93154,2026-09-28 11:16:07,130,65,0,837.00,30.33,2026-10-13,22400,94900,79300,192855,92.55,14.58,22818.55,730.00000,22800
93156,2026-09-28 11:16:07,13715,3120,20215,518.30,15.40,2026-10-13,22500,338845,252850,593840,113.65,14.13,22818.55,24.70620,22800
93158,2026-09-28 11:16:07,1625,0,1820,443.35,14.97,2026-10-13,22600,143260,102635,279760,138.40,13.87,22818.55,88.16000,22800
93160,2026-09-28 11:16:07,13650,2340,21645,376.00,14.71,2026-10-13,22700,221585,281905,412425,167.25,13.45,22818.55,16.23330,22800
93162,2026-09-28 11:16:07,66430,5980,140075,311.65,14.33,2026-10-13,22800,201890,156130,376870,205.95,13.29,22818.55,3.03910,22800
93164,2026-09-28 11:16:07,92040,9230,220480,256.80,14.15,2026-10-13,22900,103350,74165,363870,249.75,13.03,22818.55,1.12290,22800
93166,2026-09-28 11:16:07,296400,93535,573820,203.40,13.74,2026-10-13,23000,340405,265395,654420,299.40,12.77,22818.55,1.14850,22800
93168,2026-09-28 11:16:07,220090,165165,321945,161.30,13.58,2026-10-13,23100,169780,187980,159120,349.90,12.15,22818.55,0.77140,22800
93170,2026-09-28 11:16:07,321425,221715,329550,124.75,13.40,2026-10-13,23200,228800,255515,134420,416.00,12.02,22818.55,0.71180,22800
93172,2026-09-28 11:16:07,308555,255255,324870,95.40,13.28,2026-10-13,23300,118365,128180,39065,483.00,11.51,22818.55,0.38360,22800
93174,2026-09-28 11:16:07,420095,323505,420030,71.80,13.21,2026-10-13,23400,87945,128310,85670,562.05,11.37,22818.55,0.20930,22800
93176,2026-09-28 11:16:07,550355,416000,765180,53.50,13.18,2026-10-13,23500,157755,173485,79105,640.20,10.58,22818.55,0.28660,22800
93178,2026-09-28 11:16:07,184600,178555,304655,40.00,13.24,2026-10-13,23600,38935,38415,4095,711.90,0.00,22818.55,0.21090,22800
93180,2026-09-28 11:16:07,227370,214760,301015,30.55,13.43,2026-10-13,23700,13260,11375,5265,823.30,10.28,22818.55,0.05830,22800
93182,2026-09-28 11:16:07,251940,243945,387985,23.40,13.64,2026-10-13,23800,9425,8515,1625,901.25,0.00,22818.55,0.03740,22800
93184,2026-09-28 11:16:07,91195,2080,240760,18.25,13.92,2026-10-13,23900,2730,1625,1560,1008.70,0.00,22818.55,0.02990,22800
93186,2026-09-28 11:16:07,583505,546325,421200,14.55,14.25,2026-10-13,24000,7865,6890,2405,1101.00,0.00,22818.55,0.01350,22800
93188,2026-09-28 11:16:07,31200,18395,35620,11.75,14.62,2026-10-13,24100,6565,6565,1495,1165.00,0.00,22818.55,0.21040,22800
93480,2026-09-28 11:21:07,0,0,0,0.00,0.00,2026-10-13,22100,53820,38870,154440,50.50,15.72,22817.40,,22800
93482,2026-09-28 11:21:07,0,0,0,0.00,0.00,2026-10-13,22200,123630,97305,233285,60.65,15.23,22817.40,,22800
93484,2026-09-28 11:21:07,0,0,0,0.00,0.00,2026-10-13,22300,127465,72345,222625,74.55,14.83,22817.40,,22800
93486,2026-09-28 11:21:07,130,65,0,837.00,30.52,2026-10-13,22400,94575,79300,196235,92.75,14.50,22817.40,727.50000,22800
93488,2026-09-28 11:21:07,13910,3120,21190,520.00,15.63,2026-10-13,22500,341575,252850,613145,113.85,14.23,22817.40,24.55610,22800
93490,2026-09-28 11:21:07,1690,0,1885,441.25,14.95,2026-10-13,22600,143390,102635,287560,137.25,13.75,22817.40,84.84620,22800
93492,2026-09-28 11:21:07,13910,2340,21970,376.00,14.80,2026-10-13,22700,221455,281905,417755,167.70,13.42,22817.40,15.92060,22800
93494,2026-09-28 11:21:07,70655,5980,151905,311.15,14.34,2026-10-13,22800,202670,156130,389480,205.50,13.22,22817.40,2.86840,22800
93496,2026-09-28 11:21:07,97500,9230,234325,255.30,14.14,2026-10-13,22900,105495,74165,383305,246.05,12.77,22817.40,1.08200,22800
93498,2026-09-28 11:21:07,310830,93535,603395,204.00,13.79,2026-10-13,23000,364455,265395,695825,299.00,12.66,22817.40,1.17250,22800
93500,2026-09-28 11:21:07,221390,165165,330980,160.60,13.57,2026-10-13,23100,169910,187980,165295,354.40,12.36,22817.40,0.76750,22800
93502,2026-09-28 11:21:07,326430,221715,343720,124.75,13.42,2026-10-13,23200,228865,255515,135980,413.95,11.77,22817.40,0.70110,22800
93504,2026-09-28 11:21:07,309335,255255,329160,95.75,13.36,2026-10-13,23300,118040,128180,39715,485.00,11.50,22817.40,0.38160,22800
93506,2026-09-28 11:21:07,422110,323505,429130,71.55,13.24,2026-10-13,23400,87360,128310,87295,561.10,11.09,22817.40,0.20700,22800
93508,2026-09-28 11:21:07,547105,416000,790920,53.65,13.24,2026-10-13,23500,157950,173485,80925,648.00,11.17,22817.40,0.28870,22800
93510,2026-09-28 11:21:07,199290,178555,324415,40.05,13.27,2026-10-13,23600,38870,38415,4485,727.40,9.81,22817.40,0.19500,22800
93512,2026-09-28 11:21:07,230425,214760,311935,30.85,13.50,2026-10-13,23700,13260,11375,5265,823.30,9.67,22817.40,0.05750,22800
93514,2026-09-28 11:21:07,252785,243945,393705,23.40,13.66,2026-10-13,23800,9425,8515,1690,904.20,0.00,22817.40,0.03730,22800
93516,2026-09-28 11:21:07,91585,2080,240825,17.85,13.87,2026-10-13,23900,2665,1625,1625,1002.30,0.00,22817.40,0.02910,22800
93518,2026-09-28 11:21:07,584480,546325,428805,14.90,14.34,2026-10-13,24000,7995,6890,2600,1100.55,0.00,22817.40,0.01370,22800
93520,2026-09-28 11:21:07,36400,18395,41210,11.85,14.66,2026-10-13,24100,6565,6565,1495,1165.00,0.00,22817.40,0.18040,22800
93812,2026-09-28 11:26:07,0,0,0,0.00,0.00,2026-10-13,22100,56160,38870,159055,51.00,15.75,22814.95,,22800
93814,2026-09-28 11:26:07,0,0,0,0.00,0.00,2026-10-13,22200,124995,97305,236730,62.20,15.34,22814.95,,22800
93816,2026-09-28 11:26:07,0,0,0,0.00,0.00,2026-10-13,22300,128115,72345,224120,76.55,14.97,22814.95,,22800
93818,2026-09-28 11:26:07,130,65,0,837.00,30.54,2026-10-13,22400,94965,79300,197860,94.05,14.65,22814.95,730.50000,22800
93820,2026-09-28 11:26:07,14235,3120,21645,514.00,15.32,2026-10-13,22500,344890,252850,622960,114.30,14.24,22814.95,24.22830,22800
93822,2026-09-28 11:26:07,1690,0,1885,441.25,14.95,2026-10-13,22600,143390,102635,290810,139.95,13.92,22814.95,84.84620,22800
93824,2026-09-28 11:26:07,14170,2340,22620,375.80,14.79,2026-10-13,22700,221780,281905,423410,170.55,13.59,22814.95,15.65140,22800
93826,2026-09-28 11:26:07,70915,5980,154570,311.95,14.47,2026-10-13,22800,207480,156130,398515,207.40,13.30,22814.95,2.92580,22800
93828,2026-09-28 11:26:07,101595,9230,239265,254.90,14.12,2026-10-13,22900,107835,74165,388050,251.00,13.04,22814.95,1.06140,22800
93830,2026-09-28 11:26:07,313365,93535,612235,202.70,13.76,2026-10-13,23000,359255,265395,708370,299.65,12.70,22814.95,1.14640,22800
93832,2026-09-28 11:26:07,221910,165165,336375,160.55,13.60,2026-10-13,23100,170235,187980,166790,357.85,12.51,22814.95,0.76710,22800
93834,2026-09-28 11:26:07,327340,221715,353145,124.30,13.42,2026-10-13,23200,228865,255515,136045,422.15,12.29,22814.95,0.69920,22800
93836,2026-09-28 11:26:07,310570,255255,330590,94.85,13.32,2026-10-13,23300,118040,128180,39715,485.00,11.51,22814.95,0.38010,22800
93838,2026-09-28 11:26:07,423735,323505,433225,71.90,13.26,2026-10-13,23400,87165,128310,87360,571.60,11.99,22814.95,0.20570,22800
93840,2026-09-28 11:26:07,546195,416000,803595,53.75,13.24,2026-10-13,23500,157690,173485,81055,651.00,11.49,22814.95,0.28870,22800
93842,2026-09-28 11:26:07,199485,178555,327730,40.30,13.31,2026-10-13,23600,38870,38415,4485,727.40,9.58,22814.95,0.19490,22800
93844,2026-09-28 11:26:07,232830,214760,318890,30.85,13.50,2026-10-13,23700,13260,11375,5265,823.30,9.70,22814.95,0.05700,22800
93846,2026-09-28 11:26:07,252720,243945,395915,23.35,13.66,2026-10-13,23800,9425,8515,1755,909.25,0.00,22814.95,0.03730,22800
93848,2026-09-28 11:26:07,91650,2080,240890,18.10,13.93,2026-10-13,23900,2665,1625,1625,1002.30,0.00,22814.95,0.02910,22800
93850,2026-09-28 11:26:07,584220,546325,430235,14.85,14.34,2026-10-13,24000,7995,6890,2600,1100.55,0.00,22814.95,0.01370,22800
93852,2026-09-28 11:26:07,36660,18395,41470,12.05,14.71,2026-10-13,24100,6565,6565,1495,1165.00,0.00,22814.95,0.17910,22800
94144,2026-09-28 11:31:07,0,0,0,0.00,0.00,2026-10-13,22100,55965,38870,166790,47.85,15.63,22831.95,,22800
94146,2026-09-28 11:31:07,0,0,0,0.00,0.00,2026-10-13,22200,124540,97305,239655,57.85,15.17,22831.95,,22800
94148,2026-09-28 11:31:07,0,0,0,0.00,0.00,2026-10-13,22300,128830,72345,228410,72.05,14.84,22831.95,,22800
94150,2026-09-28 11:31:07,130,65,0,837.00,30.00,2026-10-13,22400,95160,79300,200200,88.00,14.47,22831.95,732.00000,22800
94152,2026-09-28 11:31:07,14300,3120,21775,524.00,15.22,2026-10-13,22500,348725,252850,632385,109.35,14.14,22831.95,24.38640,22800
94154,2026-09-28 11:31:07,1690,0,1885,441.25,14.35,2026-10-13,22600,143520,102635,294320,133.20,13.80,22831.95,84.92310,22800
94156,2026-09-28 11:31:07,14235,2340,22750,381.95,14.63,2026-10-13,22700,221780,281905,425945,162.65,13.47,22831.95,15.57990,22800
94158,2026-09-28 11:31:07,72995,5980,159120,319.40,14.35,2026-10-13,22800,204555,156130,416650,198.90,13.20,22831.95,2.80230,22800
94160,2026-09-28 11:31:07,102960,9230,243490,259.80,13.98,2026-10-13,22900,108095,74165,394355,240.15,12.87,22831.95,1.04990,22800
94162,2026-09-28 11:31:07,312000,93535,625235,209.60,13.77,2026-10-13,23000,358085,265395,715130,290.10,12.65,22831.95,1.14770,22800
94164,2026-09-28 11:31:07,221585,165165,344240,165.00,13.52,2026-10-13,23100,172250,187980,170625,345.00,12.33,22831.95,0.77740,22800
94166,2026-09-28 11:31:07,326625,221715,357565,127.40,13.32,2026-10-13,23200,228345,255515,137865,406.40,11.98,22831.95,0.69910,22800
94168,2026-09-28 11:31:07,310895,255255,334360,98.00,13.24,2026-10-13,23300,117975,128180,40300,473.00,11.46,22831.95,0.37950,22800
94170,2026-09-28 11:31:07,420225,323505,468585,73.65,13.16,2026-10-13,23400,86710,128310,88010,554.65,11.61,22831.95,0.20630,22800
94172,2026-09-28 11:31:07,536965,416000,824980,55.10,13.11,2026-10-13,23500,157690,173485,81055,651.00,12.70,22831.95,0.29370,22800
94174,2026-09-28 11:31:07,201825,178555,334100,40.55,13.14,2026-10-13,23600,38870,38415,4550,715.10,9.92,22831.95,0.19260,22800
94176,2026-09-28 11:31:07,232830,214760,324415,31.30,13.37,2026-10-13,23700,13260,11375,5330,810.00,9.99,22831.95,0.05700,22800
94178,2026-09-28 11:31:07,253110,243945,405210,24.00,13.58,2026-10-13,23800,9425,8515,1755,909.25,10.41,22831.95,0.03720,22800
94180,2026-09-28 11:31:07,91650,2080,241085,18.20,13.78,2026-10-13,23900,2665,1625,1625,1002.30,0.00,22831.95,0.02910,22800
94182,2026-09-28 11:31:07,583505,546325,432640,14.85,14.18,2026-10-13,24000,7995,6890,2600,1100.55,0.00,22831.95,0.01370,22800
94184,2026-09-28 11:31:07,36660,18395,41470,12.05,14.57,2026-10-13,24100,6565,6565,1495,1165.00,0.00,22831.95,0.17910,22800
94476,2026-09-28 11:36:07,0,0,0,0.00,0.00,2026-10-13,22100,54730,38870,168415,49.85,15.73,22824.40,,22800
94478,2026-09-28 11:36:07,0,0,0,0.00,0.00,2026-10-13,22200,128245,97305,246610,60.75,15.32,22824.40,,22800
94480,2026-09-28 11:36:07,0,0,0,0.00,0.00,2026-10-13,22300,131430,72345,233935,74.95,14.98,22824.40,,22800
94482,2026-09-28 11:36:07,130,65,0,837.00,30.30,2026-10-13,22400,95615,79300,202800,91.30,14.56,22824.40,735.50000,22800
94484,2026-09-28 11:36:07,14365,3120,23335,519.95,15.33,2026-10-13,22500,352690,252850,644995,112.40,14.26,22824.40,24.55200,22800
94486,2026-09-28 11:36:07,1690,0,1950,452.00,15.32,2026-10-13,22600,150215,102635,302900,137.00,13.87,22824.40,88.88460,22800
94488,2026-09-28 11:36:07,14625,2340,23270,377.20,14.64,2026-10-13,22700,223210,281905,430820,168.30,13.61,22824.40,15.26220,22800
94490,2026-09-28 11:36:07,74230,5980,166075,313.25,14.29,2026-10-13,22800,214760,156130,457210,205.20,13.34,22824.40,2.89320,22800
94492,2026-09-28 11:36:07,103155,9230,245310,255.45,13.97,2026-10-13,22900,111865,74165,398190,246.60,12.99,22824.40,1.08440,22800
94494,2026-09-28 11:36:07,312650,93535,637000,205.35,13.74,2026-10-13,23000,359710,265395,719680,297.40,12.79,22824.40,1.15050,22800
94496,2026-09-28 11:36:07,222170,165165,349505,161.00,13.48,2026-10-13,23100,176930,187980,178100,351.85,12.42,22824.40,0.79640,22800
94498,2026-09-28 11:36:07,327015,221715,363610,124.70,13.31,2026-10-13,23200,227370,255515,139620,412.85,12.01,22824.40,0.69530,22800
94500,2026-09-28 11:36:07,310570,255255,343460,95.55,13.23,2026-10-13,23300,117975,128180,40300,473.00,11.02,22824.40,0.37990,22800
94502,2026-09-28 11:36:07,421720,323505,473915,71.80,13.15,2026-10-13,23400,86515,128310,88270,556.85,11.22,22824.40,0.20510,22800
94504,2026-09-28 11:36:07,535665,416000,837135,53.90,13.16,2026-10-13,23500,158275,173485,81835,637.25,10.67,22824.40,0.29550,22800
94506,2026-09-28 11:36:07,205270,178555,338455,39.75,13.17,2026-10-13,23600,38870,38415,4615,713.20,7.78,22824.40,0.18940,22800
94508,2026-09-28 11:36:07,235040,214760,328315,30.55,13.38,2026-10-13,23700,13260,11375,5330,810.00,6.71,22824.40,0.05640,22800
94510,2026-09-28 11:36:07,255645,243945,412360,23.20,13.57,2026-10-13,23800,9425,8515,1755,909.25,0.00,22824.40,0.03690,22800
94512,2026-09-28 11:36:07,91520,2080,241605,18.15,13.85,2026-10-13,23900,2665,1625,1625,1002.30,0.00,22824.40,0.02910,22800
94514,2026-09-28 11:36:07,586625,546325,442780,14.55,14.18,2026-10-13,24000,7995,6890,2600,1100.55,0.00,22824.40,0.01360,22800
94516,2026-09-28 11:36:07,36660,18395,41470,12.05,14.65,2026-10-13,24100,6565,6565,1495,1165.00,0.00,22824.40,0.17910,22800
94808,2026-09-28 11:41:06,0,0,0,0.00,0.00,2026-10-13,22100,55575,38870,171145,48.45,15.82,22841.20,,22800
94810,2026-09-28 11:41:06,0,0,0,0.00,0.00,2026-10-13,22200,129545,97305,248430,57.70,15.30,22841.20,,22800
94812,2026-09-28 11:41:06,0,0,0,0.00,0.00,2026-10-13,22300,131820,72345,238030,70.80,14.92,22841.20,,22800
94814,2026-09-28 11:41:06,130,65,0,837.00,29.62,2026-10-13,22400,95810,79300,203905,89.40,14.72,22841.20,737.00000,22800
94816,2026-09-28 11:41:06,14365,3120,23400,524.20,14.77,2026-10-13,22500,350350,252850,654745,106.25,14.15,22841.20,24.38910,22800
94818,2026-09-28 11:41:06,1690,0,1950,452.00,14.61,2026-10-13,22600,150410,102635,304070,130.25,13.81,22841.20,89.00000,22800
94820,2026-09-28 11:41:06,14625,2340,23335,385.05,14.02,2026-10-13,22700,223145,281905,431665,160.00,13.51,22841.20,15.25780,22800
94822,2026-09-28 11:41:06,74230,5980,167050,322.00,14.22,2026-10-13,22800,240045,156130,494780,195.50,13.24,22841.20,3.23380,22800
94824,2026-09-28 11:41:06,103155,9230,246155,263.00,13.90,2026-10-13,22900,111735,74165,399620,235.10,12.85,22841.20,1.08320,22800
94826,2026-09-28 11:41:06,308945,93535,644345,211.65,13.66,2026-10-13,23000,359320,265395,723320,283.20,12.57,22841.20,1.16310,22800
94828,2026-09-28 11:41:06,221780,165165,351520,165.30,13.43,2026-10-13,23100,177255,187980,178750,339.80,12.28,22841.20,0.79920,22800
94830,2026-09-28 11:41:06,328120,221715,366860,128.05,13.21,2026-10-13,23200,227045,255515,141050,407.85,12.47,22841.20,0.69200,22800
94832,2026-09-28 11:41:06,310830,255255,345995,99.00,13.15,2026-10-13,23300,117715,128180,40560,467.55,11.61,22841.20,0.37870,22800
94834,2026-09-28 11:41:06,423345,323505,477165,73.95,13.03,2026-10-13,23400,86450,128310,88530,547.55,12.38,22841.20,0.20420,22800
94836,2026-09-28 11:41:06,535275,416000,843180,54.25,12.98,2026-10-13,23500,158275,173485,82420,626.45,11.18,22841.20,0.29570,22800
94838,2026-09-28 11:41:06,208845,178555,347360,40.20,13.00,2026-10-13,23600,38870,38415,4680,713.00,10.87,22841.20,0.18610,22800
94840,2026-09-28 11:41:06,236665,214760,331370,30.65,13.19,2026-10-13,23700,13260,11375,5330,810.00,11.57,22841.20,0.05600,22800
94842,2026-09-28 11:41:06,255645,243945,414440,23.45,13.40,2026-10-13,23800,9425,8515,1755,909.25,12.56,22841.20,0.03690,22800
94844,2026-09-28 11:41:06,91260,2080,243035,18.05,13.67,2026-10-13,23900,2665,1625,1625,1002.30,12.51,22841.20,0.02920,22800
94846,2026-09-28 11:41:06,588380,546325,447265,14.45,14.01,2026-10-13,24000,8125,6890,2795,1075.85,0.00,22841.20,0.01380,22800
94848,2026-09-28 11:41:06,36660,18395,41470,12.05,14.45,2026-10-13,24100,6565,6565,1495,1165.00,0.00,22841.20,0.17910,22800
95140,2026-09-28 11:46:06,0,0,0,0.00,0.00,2026-10-13,22100,55770,38870,171730,46.65,15.68,22845.95,,22800
95142,2026-09-28 11:46:06,0,0,0,0.00,0.00,2026-10-13,22200,129155,97305,250380,56.90,15.26,22845.95,,22800
95144,2026-09-28 11:46:06,0,0,0,0.00,0.00,2026-10-13,22300,133250,72345,242060,70.40,14.93,22845.95,,22800
95146,2026-09-28 11:46:06,130,65,0,837.00,29.63,2026-10-13,22400,96070,79300,205530,86.00,14.52,22845.95,739.00000,22800
95148,2026-09-28 11:46:06,14365,3120,23725,532.00,15.15,2026-10-13,22500,347880,252850,661830,106.00,14.18,22845.95,24.21720,22800
95150,2026-09-28 11:46:06,1690,0,1950,452.00,14.50,2026-10-13,22600,150735,102635,305175,128.90,13.78,22845.95,89.19230,22800
95152,2026-09-28 11:46:06,14755,2340,23790,385.00,14.36,2026-10-13,22700,222755,281905,433095,159.95,13.57,22845.95,15.09690,22800
95154,2026-09-28 11:46:06,76960,5980,171990,319.75,14.02,2026-10-13,22800,236535,156130,504465,193.65,13.20,22845.95,3.07350,22800
95156,2026-09-28 11:46:06,104195,9230,252720,262.00,13.77,2026-10-13,22900,111865,74165,403130,235.20,12.93,22845.95,1.07360,22800
95158,2026-09-28 11:46:06,308035,93535,649935,209.20,13.48,2026-10-13,23000,357110,265395,727935,284.00,12.70,22845.95,1.15930,22800
95160,2026-09-28 11:46:06,221325,165165,357500,165.35,13.28,2026-10-13,23100,176865,187980,179335,338.00,12.37,22845.95,0.79910,22800
95162,2026-09-28 11:46:06,327925,221715,369135,126.90,13.05,2026-10-13,23200,227045,255515,141245,400.75,12.15,22845.95,0.69240,22800
95164,2026-09-28 11:46:06,310635,255255,350155,97.00,12.97,2026-10-13,23300,117585,128180,40625,465.45,11.61,22845.95,0.37850,22800
95166,2026-09-28 11:46:06,424060,323505,492700,72.70,12.89,2026-10-13,23400,86450,128310,88595,547.65,11.85,22845.95,0.20390,22800
95168,2026-09-28 11:46:06,537355,416000,850070,53.90,12.88,2026-10-13,23500,157300,173485,84630,627.90,11.54,22845.95,0.29270,22800
95170,2026-09-28 11:46:06,212485,178555,355550,39.90,12.92,2026-10-13,23600,38870,38415,4680,713.00,11.18,22845.95,0.18290,22800
95172,2026-09-28 11:46:06,235755,214760,333840,30.45,13.12,2026-10-13,23700,13260,11375,5330,810.00,11.93,22845.95,0.05620,22800
95174,2026-09-28 11:46:06,255710,243945,417365,23.30,13.35,2026-10-13,23800,9425,8515,1755,909.25,12.51,22845.95,0.03690,22800
95176,2026-09-28 11:46:06,90935,2080,244920,17.95,13.63,2026-10-13,23900,2665,1625,1625,1002.30,12.24,22845.95,0.02930,22800
95178,2026-09-28 11:46:06,592020,546325,454025,14.50,13.99,2026-10-13,24000,8190,6890,2860,1078.20,0.00,22845.95,0.01380,22800
95180,2026-09-28 11:46:06,36140,18395,42315,11.75,14.40,2026-10-13,24100,6565,6565,1495,1165.00,0.00,22845.95,0.18170,22800
95472,2026-09-28 11:51:07,0,0,0,0.00,0.00,2026-10-13,22100,55900,38870,172705,49.00,15.79,22839.00,,22800
95474,2026-09-28 11:51:07,0,0,0,0.00,0.00,2026-10-13,22200,132665,97305,259610,59.75,15.37,22839.00,,22800
95476,2026-09-28 11:51:07,0,0,0,0.00,0.00,2026-10-13,22300,131365,72345,247000,71.25,14.83,22839.00,,22800
95478,2026-09-28 11:51:07,130,65,0,837.00,29.84,2026-10-13,22400,96265,79300,205855,89.00,14.56,22839.00,740.50000,22800
95480,2026-09-28 11:51:07,14300,3120,23920,520.15,14.88,2026-10-13,22500,349050,252850,668785,110.00,14.27,22839.00,24.40910,22800
95482,2026-09-28 11:51:07,1690,0,1950,452.00,14.84,2026-10-13,22600,150930,102635,305955,134.10,13.89,22839.00,89.30770,22800
95484,2026-09-28 11:51:07,14820,2340,24115,382.90,14.62,2026-10-13,22700,222755,281905,434005,163.40,13.55,22839.00,15.03070,22800
95486,2026-09-28 11:51:07,78130,5980,174005,319.00,14.31,2026-10-13,22800,240240,156130,511225,200.30,13.32,22839.00,3.07490,22800
95488,2026-09-28 11:51:07,104195,9230,255320,258.50,13.88,2026-10-13,22900,112905,74165,404430,242.50,12.94,22839.00,1.08360,22800
95490,2026-09-28 11:51:07,311350,93535,657930,207.85,13.65,2026-10-13,23000,358475,265395,729235,290.30,12.72,22839.00,1.15140,22800
95492,2026-09-28 11:51:07,221000,165165,358800,161.50,13.30,2026-10-13,23100,176735,187980,179595,341.30,12.18,22839.00,0.79970,22800
95494,2026-09-28 11:51:07,328120,221715,372775,125.35,13.17,2026-10-13,23200,226980,255515,142220,405.60,12.00,22839.00,0.69180,22800
95496,2026-09-28 11:51:07,310570,255255,352105,96.00,13.09,2026-10-13,23300,117585,128180,40625,465.45,11.04,22839.00,0.37860,22800
95498,2026-09-28 11:51:07,426400,323505,494975,71.90,13.01,2026-10-13,23400,86190,128310,88725,550.00,11.34,22839.00,0.20210,22800
95500,2026-09-28 11:51:07,538655,416000,861055,52.80,12.93,2026-10-13,23500,157235,173485,85280,635.00,11.34,22839.00,0.29190,22800
95502,2026-09-28 11:51:07,212615,178555,358800,39.20,12.99,2026-10-13,23600,38870,38415,4680,713.00,9.83,22839.00,0.18280,22800
95504,2026-09-28 11:51:07,235430,214760,334750,29.85,13.18,2026-10-13,23700,13260,11375,5330,810.00,10.31,22839.00,0.05630,22800
95506,2026-09-28 11:51:07,256035,243945,420030,22.80,13.40,2026-10-13,23800,9425,8515,1755,909.25,11.61,22839.00,0.03680,22800
95508,2026-09-28 11:51:07,90675,2080,245440,17.70,13.64,2026-10-13,23900,2665,1625,1625,1002.30,10.80,22839.00,0.02940,22800
95510,2026-09-28 11:51:07,593255,546325,458380,14.35,14.07,2026-10-13,24000,8255,6890,2925,1080.00,0.00,22839.00,0.01390,22800
95512,2026-09-28 11:51:07,36140,18395,42315,11.75,14.48,2026-10-13,24100,6565,6565,1495,1165.00,0.00,22839.00,0.18170,22800
95804,2026-09-28 11:56:06,0,0,0,0.00,0.00,2026-10-13,22100,56225,38870,176670,50.80,15.81,22823.15,,22800
95806,2026-09-28 11:56:06,0,0,0,0.00,0.00,2026-10-13,22200,127530,97305,262925,61.80,15.37,22823.15,,22800
95808,2026-09-28 11:56:06,0,0,0,0.00,0.00,2026-10-13,22300,130780,72345,250575,75.75,15.00,22823.15,,22800
95810,2026-09-28 11:56:06,130,65,0,837.00,30.39,2026-10-13,22400,96460,79300,207480,91.80,14.57,22823.15,742.00000,22800
95812,2026-09-28 11:56:06,14235,3120,24115,518.20,15.32,2026-10-13,22500,350415,252850,674050,113.00,14.25,22823.15,24.61640,22800
95814,2026-09-28 11:56:06,1690,0,2015,445.00,15.00,2026-10-13,22600,152815,102635,310375,137.65,13.88,22823.15,90.42310,22800
95816,2026-09-28 11:56:06,14820,2340,24115,382.90,15.04,2026-10-13,22700,222690,281905,436735,167.00,13.50,22823.15,15.02630,22800
95818,2026-09-28 11:56:06,79170,5980,175955,308.80,14.12,2026-10-13,22800,239720,156130,513825,205.55,13.32,22823.15,3.02790,22800
95820,2026-09-28 11:56:06,104650,9230,258570,252.05,13.85,2026-10-13,22900,113165,74165,407680,247.75,13.00,22823.15,1.08140,22800
95822,2026-09-28 11:56:06,314470,93535,672945,201.30,13.58,2026-10-13,23000,359580,265395,742820,298.00,12.77,22823.15,1.14340,22800
95824,2026-09-28 11:56:06,223405,165165,363480,157.70,13.34,2026-10-13,23100,176605,187980,179790,350.70,12.29,22823.15,0.79050,22800
95826,2026-09-28 11:56:06,326300,221715,374205,122.55,13.23,2026-10-13,23200,226980,255515,142480,410.75,11.80,22823.15,0.69560,22800
95828,2026-09-28 11:56:06,310505,255255,354185,93.00,13.10,2026-10-13,23300,117520,128180,40755,478.35,11.30,22823.15,0.37850,22800
95830,2026-09-28 11:56:06,426855,323505,500110,69.35,13.01,2026-10-13,23400,86190,128310,88725,550.00,10.72,22823.15,0.20190,22800
95832,2026-09-28 11:56:06,544310,416000,871325,51.60,13.00,2026-10-13,23500,156585,173485,85410,638.45,10.60,22823.15,0.28770,22800
95834,2026-09-28 11:56:06,212550,178555,361335,38.30,13.05,2026-10-13,23600,38805,38415,4745,721.80,9.38,22823.15,0.18260,22800
95836,2026-09-28 11:56:06,237575,214760,339170,28.90,13.21,2026-10-13,23700,13260,11375,5330,810.00,0.00,22823.15,0.05580,22800
95838,2026-09-28 11:56:06,259155,243945,433550,22.10,13.44,2026-10-13,23800,9425,8515,1755,909.25,0.00,22823.15,0.03640,22800
95840,2026-09-28 11:56:06,96525,2080,256035,17.20,13.72,2026-10-13,23900,2665,1625,1625,1002.30,0.00,22823.15,0.02760,22800
95842,2026-09-28 11:56:06,595010,546325,465335,13.85,14.10,2026-10-13,24000,8320,6890,2990,1092.20,0.00,22823.15,0.01400,22800
95844,2026-09-28 11:56:06,36335,18395,42380,11.60,14.53,2026-10-13,24100,6565,6565,1495,1165.00,0.00,22823.15,0.18070,22800
96136,2026-09-28 12:01:06,0,0,0,0.00,0.00,2026-10-13,22100,56160,38870,177515,51.80,15.90,22828.00,,22800
96138,2026-09-28 12:01:06,0,0,0,0.00,0.00,2026-10-13,22200,129545,97305,272935,62.25,15.43,22828.00,,22800
96140,2026-09-28 12:01:06,0,0,0,0.00,0.00,2026-10-13,22300,130520,72345,253695,77.15,15.12,22828.00,,22800
96142,2026-09-28 12:01:06,130,65,0,837.00,30.40,2026-10-13,22400,96720,79300,208975,94.00,14.73,22828.00,744.00000,22800
96144,2026-09-28 12:01:06,14170,3120,25025,509.10,14.75,2026-10-13,22500,349765,252850,684580,113.90,14.31,22828.00,24.68350,22800
96146,2026-09-28 12:01:06,1690,0,2015,445.00,15.00,2026-10-13,22600,153725,102635,316225,138.30,13.92,22828.00,90.96150,22800
96148,2026-09-28 12:01:06,15080,2340,24830,370.80,14.37,2026-10-13,22700,223340,281905,439855,170.95,13.72,22828.00,14.81030,22800
96150,2026-09-28 12:01:06,81055,5980,182000,308.75,14.00,2026-10-13,22800,239200,156130,524160,205.85,13.34,22828.00,2.95110,22800
96152,2026-09-28 12:01:06,113815,9230,274560,249.90,13.74,2026-10-13,22900,117975,74165,419835,248.65,13.05,22828.00,1.03660,22800
96154,2026-09-28 12:01:06,321750,93535,685555,201.60,13.53,2026-10-13,23000,364455,265395,752245,298.85,12.88,22828.00,1.13270,22800
96156,2026-09-28 12:01:06,225615,165165,371605,156.75,13.29,2026-10-13,23100,176670,187980,180895,355.40,12.55,22828.00,0.78310,22800
96158,2026-09-28 12:01:06,325585,221715,382525,121.00,13.14,2026-10-13,23200,226980,255515,143910,420.05,12.37,22828.00,0.69710,22800
96160,2026-09-28 12:01:06,311480,255255,357825,93.30,13.07,2026-10-13,23300,117195,128180,41405,493.45,12.35,22828.00,0.37630,22800
96162,2026-09-28 12:01:06,445510,323505,535600,69.65,13.02,2026-10-13,23400,86125,128310,88985,564.00,12.26,22828.00,0.19330,22800
96164,2026-09-28 12:01:06,546455,416000,884585,51.75,13.01,2026-10-13,23500,152230,173485,93145,650.00,12.09,22828.00,0.27860,22800
96166,2026-09-28 12:01:06,219635,178555,377195,38.20,13.07,2026-10-13,23600,38805,38415,4745,721.80,9.37,22828.00,0.17670,22800
96168,2026-09-28 12:01:06,238875,214760,346710,29.05,13.25,2026-10-13,23700,13260,11375,5590,820.65,9.64,22828.00,0.05550,22800
96170,2026-09-28 12:01:06,260000,243945,448370,22.25,13.44,2026-10-13,23800,9425,8515,1820,915.55,9.61,22828.00,0.03630,22800
96172,2026-09-28 12:01:06,96135,2080,263120,16.95,13.67,2026-10-13,23900,2665,1625,1625,1002.30,0.00,22828.00,0.02770,22800
96174,2026-09-28 12:01:06,600470,546325,474045,13.95,14.13,2026-10-13,24000,8255,6890,3835,1105.45,0.00,22828.00,0.01370,22800
96176,2026-09-28 12:01:06,36140,18395,43160,11.15,14.48,2026-10-13,24100,6565,6565,1495,1165.00,0.00,22828.00,0.18170,22800
96468,2026-09-28 12:06:07,0,0,0,0.00,0.00,2026-10-13,22100,57850,38870,183690,48.90,15.73,22835.70,,22800
96470,2026-09-28 12:06:07,0,0,0,0.00,0.00,2026-10-13,22200,129480,97305,273845,59.70,15.32,22835.70,,22800
96472,2026-09-28 12:06:07,0,0,0,0.00,0.00,2026-10-13,22300,130910,72345,255060,72.95,14.91,22835.70,,22800
96474,2026-09-28 12:06:07,130,65,0,837.00,30.19,2026-10-13,22400,96785,79300,211575,89.75,14.56,22835.70,744.50000,22800
96476,2026-09-28 12:06:07,14365,3120,26325,509.40,14.42,2026-10-13,22500,351195,252850,699140,110.00,14.21,22835.70,24.44800,22800
96478,2026-09-28 12:06:07,1690,0,2015,445.00,14.71,2026-10-13,22600,156845,102635,321685,133.50,13.82,22835.70,92.80770,22800
96480,2026-09-28 12:06:07,14820,2340,25740,370.10,14.04,2026-10-13,22700,225095,281905,445380,164.85,13.55,22835.70,15.18860,22800
96482,2026-09-28 12:06:07,81185,5980,182975,309.90,13.94,2026-10-13,22800,237120,156130,535795,200.45,13.48,22835.70,2.92070,22800
96484,2026-09-28 12:06:07,116415,9230,279435,251.95,13.63,2026-10-13,22900,122915,74165,426790,244.25,13.04,22835.70,1.05580,22800
96486,2026-09-28 12:06:07,324350,93535,694590,203.40,13.50,2026-10-13,23000,365690,265395,761475,293.50,12.78,22835.70,1.12750,22800
96488,2026-09-28 12:06:07,229255,165165,379665,157.00,13.15,2026-10-13,23100,175955,187980,182130,355.15,12.84,22835.70,0.76750,22800
96490,2026-09-28 12:06:07,326560,221715,385190,123.20,13.12,2026-10-13,23200,226980,255515,144105,411.00,12.17,22835.70,0.69510,22800
96492,2026-09-28 12:06:07,312195,255255,359905,93.00,12.98,2026-10-13,23300,117195,128180,41535,477.80,11.71,22835.70,0.37540,22800
96494,2026-09-28 12:06:07,443560,323505,542035,69.95,12.92,2026-10-13,23400,86125,128310,88985,564.00,12.21,22835.70,0.19420,22800
96496,2026-09-28 12:06:07,546650,416000,895895,51.90,12.91,2026-10-13,23500,150800,173485,104390,654.00,12.74,22835.70,0.27590,22800
96498,2026-09-28 12:06:07,223080,178555,382850,38.40,12.93,2026-10-13,23600,38805,38415,4745,721.80,10.50,22835.70,0.17400,22800
96500,2026-09-28 12:06:07,238030,214760,348335,28.80,13.11,2026-10-13,23700,13260,11375,5590,820.65,11.55,22835.70,0.05570,22800
96502,2026-09-28 12:06:07,269230,243945,470470,22.00,13.34,2026-10-13,23800,9425,8515,1820,915.55,11.70,22835.70,0.03500,22800
96504,2026-09-28 12:06:07,96460,2080,270725,17.10,13.63,2026-10-13,23900,2665,1625,1625,1002.30,0.00,22835.70,0.02760,22800
96506,2026-09-28 12:06:07,599755,546325,484575,13.95,14.04,2026-10-13,24000,8255,6890,3835,1105.45,10.31,22835.70,0.01380,22800
96508,2026-09-28 12:06:07,36595,18395,43485,11.00,14.34,2026-10-13,24100,6565,6565,1495,1165.00,0.00,22835.70,0.17940,22800
96800,2026-09-28 12:11:07,0,0,0,0.00,0.00,2026-10-13,22100,59670,38870,185250,49.10,15.70,22831.80,,22800
96802,2026-09-28 12:11:07,0,0,0,0.00,0.00,2026-10-13,22200,129870,97305,275860,59.90,15.29,22831.80,,22800
96804,2026-09-28 12:11:07,0,0,0,0.00,0.00,2026-10-13,22300,130780,72345,256815,73.85,14.93,22831.80,,22800
96806,2026-09-28 12:11:07,130,65,0,837.00,30.26,2026-10-13,22400,98475,79300,217035,89.75,14.50,22831.80,757.50000,22800
96808,2026-09-28 12:11:07,14235,3120,26910,516.50,15.01,2026-10-13,22500,352235,252850,703365,110.15,14.15,22831.80,24.74430,22800
96810,2026-09-28 12:11:07,1690,0,2015,445.00,14.83,2026-10-13,22600,158470,102635,324285,134.65,13.79,22831.80,93.76920,22800
96812,2026-09-28 12:11:07,14820,2340,25805,371.80,14.27,2026-10-13,22700,225745,281905,448825,165.75,13.52,22831.80,15.23250,22800
96814,2026-09-28 12:11:07,81575,5980,184535,309.65,14.04,2026-10-13,22800,234845,156130,542490,202.00,13.25,22831.80,2.87890,22800
96816,2026-09-28 12:11:07,117130,9230,283270,250.85,13.68,2026-10-13,22900,124670,74165,433680,244.30,12.94,22831.80,1.06440,22800
96818,2026-09-28 12:11:07,327795,93535,700635,201.55,13.46,2026-10-13,23000,364975,265395,771225,294.05,12.80,22831.80,1.11340,22800
96820,2026-09-28 12:11:07,229385,165165,383435,157.50,13.24,2026-10-13,23100,175760,187980,182455,349.55,12.39,22831.80,0.76620,22800
96822,2026-09-28 12:11:07,326430,221715,389285,121.10,13.06,2026-10-13,23200,226980,255515,144170,411.00,12.01,22831.80,0.69530,22800
96824,2026-09-28 12:11:07,310830,255255,363025,92.00,12.96,2026-10-13,23300,117065,128180,42575,484.00,11.94,22831.80,0.37660,22800
96826,2026-09-28 12:11:07,442520,323505,545545,69.40,12.95,2026-10-13,23400,86125,128310,88985,564.00,11.93,22831.80,0.19460,22800
96828,2026-09-28 12:11:07,547040,416000,905125,50.85,12.88,2026-10-13,23500,149890,173485,105690,645.00,11.69,22831.80,0.27400,22800
96830,2026-09-28 12:11:07,224510,178555,386945,37.20,12.89,2026-10-13,23600,38805,38415,4745,721.80,10.10,22831.80,0.17280,22800
96832,2026-09-28 12:11:07,235040,214760,352950,28.20,13.08,2026-10-13,23700,13260,11375,5590,820.65,10.97,22831.80,0.05640,22800
96834,2026-09-28 12:11:07,268450,243945,481130,21.25,13.28,2026-10-13,23800,9425,8515,1820,915.55,10.93,22831.80,0.03510,22800
96836,2026-09-28 12:11:07,96850,2080,273520,16.25,13.52,2026-10-13,23900,2665,1625,1625,1002.30,0.00,22831.80,0.02750,22800
96838,2026-09-28 12:11:07,595855,546325,498680,13.45,13.98,2026-10-13,24000,8775,6890,4160,1093.05,0.00,22831.80,0.01470,22800
96840,2026-09-28 12:11:07,36725,18395,43615,10.95,14.37,2026-10-13,24100,6565,6565,1495,1165.00,0.00,22831.80,0.17880,22800
97132,2026-09-28 12:16:07,0,0,0,0.00,0.00,2026-10-13,22100,59605,38870,185315,49.35,15.69,22825.25,,22800
97134,2026-09-28 12:16:07,0,0,0,0.00,0.00,2026-10-13,22200,130000,97305,276250,59.90,15.24,22825.25,,22800
97136,2026-09-28 12:16:07,0,0,0,0.00,0.00,2026-10-13,22300,131235,72345,259675,74.10,14.91,22825.25,,22800
97138,2026-09-28 12:16:07,130,65,0,837.00,30.34,2026-10-13,22400,103155,79300,224510,90.75,14.53,22825.25,793.50000,22800
97140,2026-09-28 12:16:07,14300,3120,27365,515.90,15.11,2026-10-13,22500,353340,252850,709410,111.40,14.18,22825.25,24.70910,22800
97142,2026-09-28 12:16:07,1690,0,2015,445.00,14.95,2026-10-13,22600,159445,102635,325715,135.30,13.77,22825.25,94.34620,22800
97144,2026-09-28 12:16:07,14820,2340,25935,374.90,14.55,2026-10-13,22700,225550,281905,454675,166.85,13.52,22825.25,15.21930,22800
97146,2026-09-28 12:16:07,81965,5980,186160,309.65,14.14,2026-10-13,22800,235170,156130,543920,203.20,13.23,22825.25,2.86920,22800
97148,2026-09-28 12:16:07,118170,9230,284895,250.10,13.76,2026-10-13,22900,124540,74165,434005,242.95,12.79,22825.25,1.05390,22800
97150,2026-09-28 12:16:07,328900,93535,703105,200.50,13.51,2026-10-13,23000,364715,265395,772590,296.00,12.71,22825.25,1.10890,22800
97152,2026-09-28 12:16:07,228865,165165,385060,157.15,13.29,2026-10-13,23100,175760,187980,182585,347.95,12.18,22825.25,0.76800,22800
97154,2026-09-28 12:16:07,326625,221715,391235,121.25,13.13,2026-10-13,23200,226980,255515,144300,409.05,11.75,22825.25,0.69490,22800
97156,2026-09-28 12:16:07,310960,255255,364910,92.00,13.02,2026-10-13,23300,117065,128180,42575,484.00,11.77,22825.25,0.37650,22800
97158,2026-09-28 12:16:07,441610,323505,547235,68.85,12.95,2026-10-13,23400,85995,128310,89245,561.00,11.53,22825.25,0.19470,22800
97160,2026-09-28 12:16:07,544310,416000,913315,51.00,12.93,2026-10-13,23500,149890,173485,105690,645.00,11.42,22825.25,0.27540,22800
97162,2026-09-28 12:16:07,224055,178555,387595,37.45,12.95,2026-10-13,23600,38805,38415,4745,721.80,9.61,22825.25,0.17320,22800
97164,2026-09-28 12:16:07,237510,214760,359255,28.45,13.15,2026-10-13,23700,13260,11375,5590,820.65,10.41,22825.25,0.05580,22800
97166,2026-09-28 12:16:07,267735,243945,485030,21.50,13.34,2026-10-13,23800,9425,8515,1820,915.55,10.10,22825.25,0.03520,22800
97168,2026-09-28 12:16:07,96135,2080,273845,16.55,13.60,2026-10-13,23900,2665,1625,1625,1002.30,0.00,22825.25,0.02770,22800
97170,2026-09-28 12:16:07,596765,546325,501605,13.60,14.04,2026-10-13,24000,8775,6890,4160,1093.05,0.00,22825.25,0.01470,22800
97172,2026-09-28 12:16:07,36725,18395,43680,10.65,14.33,2026-10-13,24100,6565,6565,1495,1165.00,0.00,22825.25,0.17880,22800
97464,2026-09-28 12:21:06,0,0,0,0.00,0.00,2026-10-13,22100,59605,38870,185380,48.50,15.67,22834.35,,22800
97466,2026-09-28 12:21:06,0,0,0,0.00,0.00,2026-10-13,22200,129935,97305,276445,59.00,15.24,22834.35,,22800
97468,2026-09-28 12:21:06,0,0,0,0.00,0.00,2026-10-13,22300,131365,72345,260975,72.50,14.86,22834.35,,22800
97470,2026-09-28 12:21:06,130,65,0,837.00,30.06,2026-10-13,22400,103220,79300,225355,89.75,14.54,22834.35,794.00000,22800
97472,2026-09-28 12:21:06,14300,3120,27365,515.90,14.88,2026-10-13,22500,352885,252850,713960,109.05,14.12,22834.35,24.67730,22800
97474,2026-09-28 12:21:06,1690,0,2015,445.00,14.74,2026-10-13,22600,159510,102635,326495,133.20,13.74,22834.35,94.38460,22800
97476,2026-09-28 12:21:06,14820,2340,26000,376.95,14.48,2026-10-13,22700,225550,281905,455065,163.90,13.47,22834.35,15.21930,22800
97478,2026-09-28 12:21:06,82745,5980,187655,312.00,14.10,2026-10-13,22800,235365,156130,545935,198.90,13.12,22834.35,2.84450,22800
97480,2026-09-28 12:21:06,118235,9230,286065,254.00,13.79,2026-10-13,22900,124410,74165,434720,241.00,12.83,22834.35,1.05220,22800
97482,2026-09-28 12:21:06,326820,93535,713310,202.50,13.49,2026-10-13,23000,364910,265395,774085,291.65,12.63,22834.35,1.11650,22800
97484,2026-09-28 12:21:06,229060,165165,385580,158.70,13.27,2026-10-13,23100,175630,187980,183105,346.65,12.30,22834.35,0.76670,22800
97486,2026-09-28 12:21:06,326820,221715,392275,123.10,13.15,2026-10-13,23200,228930,255515,146315,410.00,12.05,22834.35,0.70050,22800
97488,2026-09-28 12:21:06,312000,255255,367640,93.15,13.05,2026-10-13,23300,117130,128180,44395,476.40,11.53,22834.35,0.37540,22800
97490,2026-09-28 12:21:06,440830,323505,552240,69.65,12.93,2026-10-13,23400,85995,128310,89310,560.05,11.81,22834.35,0.19510,22800
97492,2026-09-28 12:21:06,545285,416000,920595,51.55,12.91,2026-10-13,23500,150735,173485,108095,640.00,11.38,22834.35,0.27640,22800
97494,2026-09-28 12:21:06,225160,178555,396175,38.25,12.97,2026-10-13,23600,38805,38415,4745,721.80,10.41,22834.35,0.17230,22800
97496,2026-09-28 12:21:06,236600,214760,360295,28.45,13.09,2026-10-13,23700,13260,11375,5590,820.65,11.32,22834.35,0.05600,22800
97498,2026-09-28 12:21:06,269750,243945,486850,21.70,13.31,2026-10-13,23800,9425,8515,1820,915.55,11.87,22834.35,0.03490,22800
97500,2026-09-28 12:21:06,97305,2080,275925,16.90,13.61,2026-10-13,23900,2665,1625,1625,1002.30,0.00,22834.35,0.02740,22800
97502,2026-09-28 12:21:06,598195,546325,506025,13.50,13.96,2026-10-13,24000,8775,6890,4160,1093.05,0.00,22834.35,0.01470,22800
97504,2026-09-28 12:21:06,36790,18395,44005,11.00,14.37,2026-10-13,24100,6565,6565,1495,1165.00,0.00,22834.35,0.17840,22800
97796,2026-09-28 12:26:06,0,0,0,0.00,0.00,2026-10-13,22100,59670,38870,185640,46.80,15.66,22846.95,,22800
97798,2026-09-28 12:26:06,0,0,0,0.00,0.00,2026-10-13,22200,129805,97305,277160,57.65,15.29,22846.95,,22800
97800,2026-09-28 12:26:06,0,0,0,0.00,0.00,2026-10-13,22300,131300,72345,261365,70.90,14.92,22846.95,,22800
97802,2026-09-28 12:26:06,130,65,0,837.00,29.71,2026-10-13,22400,103285,79300,225615,86.10,14.47,22846.95,794.50000,22800
97804,2026-09-28 12:26:06,15015,3120,28470,528.00,15.11,2026-10-13,22500,355160,252850,729820,104.55,14.03,22846.95,23.65370,22800
97806,2026-09-28 12:26:06,1690,0,2210,453.85,14.79,2026-10-13,22600,159575,102635,328055,128.50,13.69,22846.95,94.42310,22800
97808,2026-09-28 12:26:06,14885,2340,26065,375.95,14.01,2026-10-13,22700,224445,281905,459420,158.00,13.38,22846.95,15.07860,22800
97810,2026-09-28 12:26:06,83395,5980,189800,316.30,13.97,2026-10-13,22800,226200,156130,567775,193.40,13.08,22846.95,2.71240,22800
97812,2026-09-28 12:26:06,118300,9230,294385,259.00,13.74,2026-10-13,22900,124540,74165,436605,234.80,12.81,22846.95,1.05270,22800
97814,2026-09-28 12:26:06,329485,93535,721630,207.15,13.46,2026-10-13,23000,364325,265395,777790,283.95,12.58,22846.95,1.10570,22800
97816,2026-09-28 12:26:06,229645,165165,387400,162.45,13.22,2026-10-13,23100,175565,187980,189800,337.15,12.19,22846.95,0.76450,22800
97818,2026-09-28 12:26:06,327730,221715,394030,125.20,13.05,2026-10-13,23200,229710,255515,147225,400.00,11.94,22846.95,0.70090,22800
97820,2026-09-28 12:26:06,311155,255255,371540,95.65,12.97,2026-10-13,23300,117260,128180,44980,470.00,11.70,22846.95,0.37690,22800
97822,2026-09-28 12:26:06,441545,323505,557765,71.10,12.86,2026-10-13,23400,85995,128310,89310,560.05,12.54,22846.95,0.19480,22800
97824,2026-09-28 12:26:06,550290,416000,928200,53.20,12.88,2026-10-13,23500,150670,173485,109005,635.00,11.87,22846.95,0.27380,22800
97826,2026-09-28 12:26:06,223080,178555,403260,39.25,12.92,2026-10-13,23600,38805,38415,4745,721.80,11.80,22846.95,0.17400,22800
97828,2026-09-28 12:26:06,235625,214760,361790,29.65,13.09,2026-10-13,23700,13260,11375,5590,820.65,12.84,22846.95,0.05630,22800
97830,2026-09-28 12:26:06,269815,243945,487565,22.15,13.24,2026-10-13,23800,9425,8515,1820,915.55,13.26,22846.95,0.03490,22800
97832,2026-09-28 12:26:06,97565,2080,275990,17.05,13.50,2026-10-13,23900,2665,1625,1625,1002.30,11.87,22846.95,0.02730,22800
97834,2026-09-28 12:26:06,600795,546325,513760,13.75,13.89,2026-10-13,24000,9100,6890,4225,1087.00,0.00,22846.95,0.01510,22800
97836,2026-09-28 12:26:06,36790,18395,44005,11.00,14.25,2026-10-13,24100,6565,6565,1495,1165.00,0.00,22846.95,0.17840,22800
98128,2026-09-28 12:31:06,0,0,0,0.00,0.00,2026-10-13,22100,59800,38870,186355,45.70,15.59,22849.30,,22800
98130,2026-09-28 12:31:06,0,0,0,0.00,0.00,2026-10-13,22200,127530,97305,290095,55.60,15.16,22849.30,,22800
98132,2026-09-28 12:31:06,0,0,0,0.00,0.00,2026-10-13,22300,130975,72345,265525,70.40,14.94,22849.30,,22800
98134,2026-09-28 12:31:06,130,65,0,837.00,29.56,2026-10-13,22400,103350,79300,226135,84.00,14.39,22849.30,795.00000,22800
98136,2026-09-28 12:31:06,15275,3120,28860,526.05,14.79,2026-10-13,22500,357305,252850,736190,103.75,14.04,22849.30,23.39150,22800
98138,2026-09-28 12:31:06,1690,0,2210,453.85,14.63,2026-10-13,22600,159640,102635,328900,124.35,13.51,22849.30,94.46150,22800
98140,2026-09-28 12:31:06,15080,2340,26520,382.05,14.21,2026-10-13,22700,224055,281905,467220,156.25,13.30,22849.30,14.85780,22800
98142,2026-09-28 12:31:06,83265,5980,193115,317.00,13.89,2026-10-13,22800,224705,156130,573300,191.05,13.05,22849.30,2.69870,22800
98144,2026-09-28 12:31:06,117260,9230,296205,259.55,13.65,2026-10-13,22900,126750,74165,439725,232.00,12.77,22849.30,1.08090,22800
98146,2026-09-28 12:31:06,328185,93535,729105,206.10,13.33,2026-10-13,23000,364975,265395,779220,280.70,12.53,22849.30,1.11210,22800
98148,2026-09-28 12:31:06,230425,165165,400790,161.10,13.06,2026-10-13,23100,174785,187980,191425,330.15,11.94,22849.30,0.75850,22800
98150,2026-09-28 12:31:06,330655,221715,401700,124.00,12.90,2026-10-13,23200,229710,255515,147355,397.00,11.94,22849.30,0.69470,22800
98152,2026-09-28 12:31:06,313105,255255,374465,96.00,12.92,2026-10-13,23300,117260,128180,45240,465.00,11.59,22849.30,0.37450,22800
98154,2026-09-28 12:31:06,441545,323505,561340,70.80,12.77,2026-10-13,23400,85995,128310,89310,560.05,12.79,22849.30,0.19480,22800
98156,2026-09-28 12:31:06,551785,416000,938535,52.00,12.73,2026-10-13,23500,150735,173485,109720,627.00,11.47,22849.30,0.27320,22800
98158,2026-09-28 12:31:06,223275,178555,409435,38.65,12.80,2026-10-13,23600,38805,38415,4745,721.80,12.19,22849.30,0.17380,22800
98160,2026-09-28 12:31:06,230165,214760,385580,29.05,12.97,2026-10-13,23700,13520,11375,5980,793.35,8.70,22849.30,0.05870,22800
98162,2026-09-28 12:31:06,271245,243945,493415,21.80,13.15,2026-10-13,23800,9425,8515,1820,915.55,13.92,22849.30,0.03470,22800
98164,2026-09-28 12:31:06,97435,2080,277355,16.90,13.43,2026-10-13,23900,2665,1625,1625,1002.30,12.76,22849.30,0.02740,22800
98166,2026-09-28 12:31:06,603395,546325,524420,13.70,13.84,2026-10-13,24000,9100,6890,4225,1087.00,0.00,22849.30,0.01510,22800
98168,2026-09-28 12:31:06,36790,18395,44005,11.00,14.21,2026-10-13,24100,6565,6565,1495,1165.00,0.00,22849.30,0.17840,22800
98460,2026-09-28 12:36:07,0,0,0,0.00,0.00,2026-10-13,22100,59410,38870,187590,49.15,15.84,22838.75,,22800
98462,2026-09-28 12:36:07,0,0,0,0.00,0.00,2026-10-13,22200,127335,97305,297765,59.45,15.39,22838.75,,22800
98464,2026-09-28 12:36:07,0,0,0,0.00,0.00,2026-10-13,22300,129675,72345,268320,73.60,15.06,22838.75,,22800
98466,2026-09-28 12:36:07,130,65,0,837.00,29.89,2026-10-13,22400,102765,79300,228280,89.35,14.63,22838.75,790.50000,22800
98468,2026-09-28 12:36:07,15275,3120,29250,524.00,15.07,2026-10-13,22500,357760,252850,744900,109.25,14.26,22838.75,23.42130,22800
98470,2026-09-28 12:36:07,1950,0,2340,447.05,14.58,2026-10-13,22600,159380,102635,331565,133.25,13.89,22838.75,81.73330,22800
98472,2026-09-28 12:36:07,15080,2340,27170,375.80,14.17,2026-10-13,22700,237900,281905,515385,164.00,13.62,22838.75,15.77590,22800
98474,2026-09-28 12:36:07,83200,5980,205400,313.90,13.99,2026-10-13,22800,228865,156130,588965,198.70,13.24,22838.75,2.75080,22800
98476,2026-09-28 12:36:07,117390,9230,299000,254.35,13.62,2026-10-13,22900,129090,74165,445510,240.30,12.99,22838.75,1.09970,22800
98478,2026-09-28 12:36:07,330720,93535,732940,204.90,13.45,2026-10-13,23000,365625,265395,783965,289.00,12.71,22838.75,1.10550,22800
98480,2026-09-28 12:36:07,230685,165165,404300,158.20,13.09,2026-10-13,23100,175175,187980,193050,345.80,12.52,22838.75,0.75940,22800
98482,2026-09-28 12:36:07,330395,221715,404755,122.80,13.01,2026-10-13,23200,229645,255515,147940,407.95,12.23,22838.75,0.69510,22800
98484,2026-09-28 12:36:07,312325,255255,377910,93.20,12.89,2026-10-13,23300,117325,128180,45370,470.80,11.53,22838.75,0.37570,22800
98486,2026-09-28 12:36:07,443755,323505,571870,69.65,12.83,2026-10-13,23400,85995,128310,89310,560.05,12.27,22838.75,0.19380,22800
98488,2026-09-28 12:36:07,553475,416000,943410,51.75,12.83,2026-10-13,23500,151710,173485,110955,639.00,11.89,22838.75,0.27410,22800
98490,2026-09-28 12:36:07,222755,178555,413140,38.30,12.89,2026-10-13,23600,39195,38415,5265,715.70,10.50,22838.75,0.17600,22800
98492,2026-09-28 12:36:07,228800,214760,387660,29.15,13.09,2026-10-13,23700,13520,11375,6045,801.00,8.36,22838.75,0.05910,22800
98494,2026-09-28 12:36:07,271375,243945,494650,21.35,13.18,2026-10-13,23800,9425,8515,1820,915.55,12.65,22838.75,0.03470,22800
98496,2026-09-28 12:36:07,97565,2080,277550,16.85,13.52,2026-10-13,23900,2665,1625,1625,1002.30,10.62,22838.75,0.02730,22800
98498,2026-09-28 12:36:07,605475,546325,527150,13.80,13.95,2026-10-13,24000,9100,6890,4225,1087.00,0.00,22838.75,0.01500,22800
98500,2026-09-28 12:36:07,36985,18395,44200,11.05,14.31,2026-10-13,24100,6565,6565,1495,1165.00,0.00,22838.75,0.17750,22800
98792,2026-09-28 12:41:07,0,0,0,0.00,0.00,2026-10-13,22100,59410,38870,187655,48.20,15.73,22839.50,,22800
98794,2026-09-28 12:41:07,0,0,0,0.00,0.00,2026-10-13,22200,129285,97305,301145,58.60,15.34,22839.50,,22800
98796,2026-09-28 12:41:07,0,0,0,0.00,0.00,2026-10-13,22300,129350,72345,269555,71.70,14.94,22839.50,,22800
98798,2026-09-28 12:41:07,130,65,0,837.00,29.83,2026-10-13,22400,105235,79300,234520,88.20,14.54,22839.50,809.50000,22800
98800,2026-09-28 12:41:07,15340,3120,29315,523.00,14.95,2026-10-13,22500,359060,252850,747370,107.25,14.12,22839.50,23.40680,22800
98802,2026-09-28 12:41:07,1885,0,2405,444.05,14.34,2026-10-13,22600,160550,102635,336375,131.85,13.84,22839.50,85.17240,22800
98804,2026-09-28 12:41:07,15080,2340,27170,375.80,14.11,2026-10-13,22700,238940,281905,517595,160.65,13.48,22839.50,15.84480,22800
98806,2026-09-28 12:41:07,84175,5980,209755,313.45,13.92,2026-10-13,22800,231920,156130,594035,196.05,13.18,22839.50,2.75520,22800
98808,2026-09-28 12:41:07,117325,9230,299715,257.00,13.71,2026-10-13,22900,128700,74165,446030,239.05,12.96,22839.50,1.09700,22800
98810,2026-09-28 12:41:07,331435,93535,737555,205.00,13.48,2026-10-13,23000,365820,265395,785460,287.05,12.66,22839.50,1.10370,22800
98812,2026-09-28 12:41:07,230360,165165,405405,160.50,13.24,2026-10-13,23100,174915,187980,193830,339.05,12.11,22839.50,0.75930,22800
98814,2026-09-28 12:41:07,331045,221715,406640,123.20,12.99,2026-10-13,23200,229645,255515,148005,402.75,11.99,22839.50,0.69370,22800
98816,2026-09-28 12:41:07,312520,255255,380120,94.10,12.92,2026-10-13,23300,117455,128180,45955,472.30,11.59,22839.50,0.37580,22800
98818,2026-09-28 12:41:07,443040,323505,574340,70.75,12.92,2026-10-13,23400,85995,128310,89310,560.05,12.22,22839.50,0.19410,22800
98820,2026-09-28 12:41:07,554775,416000,950560,52.25,12.89,2026-10-13,23500,151710,173485,110955,639.00,11.83,22839.50,0.27350,22800
98822,2026-09-28 12:41:07,223145,178555,415285,38.65,12.90,2026-10-13,23600,39195,38415,5265,715.70,10.71,22839.50,0.17560,22800
98824,2026-09-28 12:41:07,228865,214760,393835,29.30,13.09,2026-10-13,23700,13520,11375,6045,801.00,8.94,22839.50,0.05910,22800
98826,2026-09-28 12:41:07,270790,243945,495495,21.95,13.25,2026-10-13,23800,9425,8515,1820,915.55,12.89,22839.50,0.03480,22800
98828,2026-09-28 12:41:07,98280,2080,279630,17.10,13.55,2026-10-13,23900,2665,1625,1625,1002.30,10.99,22839.50,0.02710,22800
98830,2026-09-28 12:41:07,605930,546325,529165,13.70,13.92,2026-10-13,24000,9100,6890,4225,1087.00,0.00,22839.50,0.01500,22800
98832,2026-09-28 12:41:07,36985,18395,44200,11.05,14.28,2026-10-13,24100,6565,6565,1495,1165.00,0.00,22839.50,0.17750,22800
99124,2026-09-28 12:46:07,0,0,0,0.00,0.00,2026-10-13,22100,59410,38870,187655,48.20,15.72,22839.15,,22800
99126,2026-09-28 12:46:07,0,0,0,0.00,0.00,2026-10-13,22200,128635,97305,302575,58.75,15.31,22839.15,,22800
99128,2026-09-28 12:46:07,0,0,0,0.00,0.00,2026-10-13,22300,128245,72345,271375,72.40,14.95,22839.15,,22800
99130,2026-09-28 12:46:07,130,65,0,837.00,29.98,2026-10-13,22400,105365,79300,234650,87.65,14.49,22839.15,810.50000,22800
99132,2026-09-28 12:46:07,15340,3120,29575,523.95,15.16,2026-10-13,22500,359190,252850,747825,108.20,14.16,22839.15,23.41530,22800
99134,2026-09-28 12:46:07,1885,0,2405,444.05,14.48,2026-10-13,22600,160550,102635,337155,132.75,13.84,22839.15,85.17240,22800
99136,2026-09-28 12:46:07,15275,2340,28015,375.90,14.21,2026-10-13,22700,239330,281905,518440,162.75,13.54,22839.15,15.66810,22800
99138,2026-09-28 12:46:07,85215,5980,211575,312.15,13.93,2026-10-13,22800,231530,156130,596245,197.55,13.20,22839.15,2.71700,22800
99140,2026-09-28 12:46:07,117585,9230,304135,257.00,13.64,2026-10-13,22900,128570,74165,446355,238.00,12.81,22839.15,1.09340,22800
99142,2026-09-28 12:46:07,332475,93535,741650,203.70,13.42,2026-10-13,23000,365300,265395,788320,289.65,12.70,22839.15,1.09870,22800
99144,2026-09-28 12:46:07,230750,165165,406900,159.35,13.18,2026-10-13,23100,174850,187980,195520,343.80,12.37,22839.15,0.75770,22800
99146,2026-09-28 12:46:07,331370,221715,407355,124.25,13.12,2026-10-13,23200,229710,255515,148070,404.80,12.00,22839.15,0.69320,22800
99148,2026-09-28 12:46:07,312325,255255,381160,92.70,12.88,2026-10-13,23300,117455,128180,45955,472.30,11.53,22839.15,0.37610,22800
99150,2026-09-28 12:46:07,442975,323505,575445,69.70,12.85,2026-10-13,23400,85995,128310,89310,560.05,12.21,22839.15,0.19410,22800
99152,2026-09-28 12:46:07,555230,416000,953290,51.35,12.83,2026-10-13,23500,151710,173485,110955,639.00,11.73,22839.15,0.27320,22800
99154,2026-09-28 12:46:07,223405,178555,415870,38.25,12.91,2026-10-13,23600,39195,38415,5460,707.40,8.76,22839.15,0.17540,22800
99156,2026-09-28 12:46:07,228930,214760,394355,29.40,13.15,2026-10-13,23700,13520,11375,6045,801.00,7.93,22839.15,0.05910,22800
99158,2026-09-28 12:46:07,270855,243945,496015,21.85,13.28,2026-10-13,23800,9425,8515,1820,915.55,12.34,22839.15,0.03480,22800
99160,2026-09-28 12:46:07,97630,2080,279760,17.00,13.58,2026-10-13,23900,2665,1625,1690,1001.45,9.83,22839.15,0.02730,22800
99162,2026-09-28 12:46:07,600990,546325,545935,13.55,13.92,2026-10-13,24000,9100,6890,4225,1087.00,0.00,22839.15,0.01510,22800
99164,2026-09-28 12:46:07,36985,18395,44330,11.35,14.40,2026-10-13,24100,6565,6565,1495,1165.00,0.00,22839.15,0.17750,22800
99456,2026-09-28 12:51:07,0,0,0,0.00,0.00,2026-10-13,22100,59020,38870,188305,48.60,15.76,22835.10,,22800
99458,2026-09-28 12:51:07,0,0,0,0.00,0.00,2026-10-13,22200,129545,97305,304525,58.90,15.32,22835.10,,22800
99460,2026-09-28 12:51:07,0,0,0,0.00,0.00,2026-10-13,22300,127790,72345,273000,72.80,14.98,22835.10,,22800
99462,2026-09-28 12:51:07,130,65,0,837.00,29.97,2026-10-13,22400,105430,79300,234715,87.45,14.48,22835.10,811.00000,22800
99464,2026-09-28 12:51:07,15340,3120,29705,524.00,15.15,2026-10-13,22500,359060,252850,748280,108.00,14.16,22835.10,23.40680,22800
99466,2026-09-28 12:51:07,1820,0,2795,443.10,14.42,2026-10-13,22600,160485,102635,337870,132.45,13.82,22835.10,88.17860,22800
99468,2026-09-28 12:51:07,15275,2340,28015,375.90,14.24,2026-10-13,22700,240240,281905,520455,161.55,13.46,22835.10,15.72770,22800
99470,2026-09-28 12:51:07,85280,5980,215540,313.15,14.00,2026-10-13,22800,233220,156130,602615,196.85,13.15,22835.10,2.73480,22800
99472,2026-09-28 12:51:07,117845,9230,304330,255.65,13.73,2026-10-13,22900,128505,74165,446875,239.45,12.90,22835.10,1.09050,22800
99474,2026-09-28 12:51:07,332540,93535,743210,203.90,13.44,2026-10-13,23000,365235,265395,789750,287.00,12.56,22835.10,1.09830,22800
99476,2026-09-28 12:51:07,230685,165165,407810,158.90,13.17,2026-10-13,23100,174525,187980,195975,341.40,12.21,22835.10,0.75660,22800
99478,2026-09-28 12:51:07,331500,221715,408200,123.00,13.04,2026-10-13,23200,229775,255515,148200,403.05,11.87,22835.10,0.69310,22800
99480,2026-09-28 12:51:07,313560,255255,382720,93.10,12.92,2026-10-13,23300,117455,128180,45955,472.30,11.55,22835.10,0.37460,22800
99482,2026-09-28 12:51:07,443430,323505,577395,69.50,12.84,2026-10-13,23400,85995,128310,89310,560.05,12.12,22835.10,0.19390,22800
99484,2026-09-28 12:51:07,555295,416000,954785,51.55,12.84,2026-10-13,23500,151905,173485,111020,633.40,11.22,22835.10,0.27360,22800
99486,2026-09-28 12:51:07,223535,178555,418535,38.40,12.92,2026-10-13,23600,39195,38415,5460,707.40,8.82,22835.10,0.17530,22800
99488,2026-09-28 12:51:07,228995,214760,395915,28.95,13.09,2026-10-13,23700,13520,11375,6045,801.00,7.63,22835.10,0.05900,22800
99490,2026-09-28 12:51:07,272025,243945,500825,21.65,13.23,2026-10-13,23800,9425,8515,1820,915.55,12.39,22835.10,0.03460,22800
99492,2026-09-28 12:51:07,97175,2080,282295,16.70,13.52,2026-10-13,23900,2665,1625,1690,1001.45,8.79,22835.10,0.02740,22800
99494,2026-09-28 12:51:07,599040,546325,548015,13.55,13.92,2026-10-13,24000,9100,6890,4225,1087.00,0.00,22835.10,0.01520,22800
99496,2026-09-28 12:51:07,36985,18395,44330,11.35,14.40,2026-10-13,24100,6565,6565,1495,1165.00,0.00,22835.10,0.17750,22800
99788,2026-09-28 12:56:06,0,0,0,0.00,0.00,2026-10-13,22100,58695,38870,191815,49.45,15.76,22832.30,,22800
99790,2026-09-28 12:56:06,0,0,0,0.00,0.00,2026-10-13,22200,131950,97305,312065,60.10,15.37,22832.30,,22800
99792,2026-09-28 12:56:06,0,0,0,0.00,0.00,2026-10-13,22300,127855,72345,273390,73.95,15.01,22832.30,,22800
99794,2026-09-28 12:56:06,130,65,0,837.00,30.24,2026-10-13,22400,104975,79300,235560,90.00,14.60,22832.30,807.50000,22800
99796,2026-09-28 12:56:06,15340,3120,29705,524.00,15.34,2026-10-13,22500,361205,252850,756210,109.60,14.20,22832.30,23.54660,22800
99798,2026-09-28 12:56:06,1820,0,2860,440.05,14.52,2026-10-13,22600,160485,102635,339040,134.05,13.83,22832.30,88.17860,22800
99800,2026-09-28 12:56:06,18720,2340,34775,373.50,14.25,2026-10-13,22700,246285,281905,532610,164.00,13.45,22832.30,13.15630,22800
99802,2026-09-28 12:56:06,93405,5980,224705,310.75,14.00,2026-10-13,22800,235495,156130,613015,199.95,13.22,22832.30,2.52120,22800
99804,2026-09-28 12:56:06,117715,9230,306215,253.95,13.79,2026-10-13,22900,128310,74165,448890,242.00,12.92,22832.30,1.09000,22800
99806,2026-09-28 12:56:06,333970,93535,749320,202.75,13.48,2026-10-13,23000,364000,265395,792090,292.00,12.71,22832.30,1.08990,22800
99808,2026-09-28 12:56:06,231010,165165,410995,157.85,13.20,2026-10-13,23100,174525,187980,196105,344.35,12.23,22832.30,0.75550,22800
99810,2026-09-28 12:56:06,332215,221715,409955,122.45,13.09,2026-10-13,23200,229775,255515,148460,412.40,12.26,22832.30,0.69160,22800
99812,2026-09-28 12:56:06,315185,255255,387790,92.20,12.98,2026-10-13,23300,117455,128180,45955,472.30,11.32,22832.30,0.37270,22800
99814,2026-09-28 12:56:06,441740,323505,579735,69.30,12.89,2026-10-13,23400,85995,128310,89310,560.05,11.91,22832.30,0.19470,22800
99816,2026-09-28 12:56:06,556920,416000,962195,51.35,12.88,2026-10-13,23500,151905,173485,111020,633.40,10.83,22832.30,0.27280,22800
99818,2026-09-28 12:56:06,223860,178555,418665,37.70,12.91,2026-10-13,23600,39195,38415,5460,707.40,7.75,22832.30,0.17510,22800
99820,2026-09-28 12:56:06,229385,214760,397410,28.55,13.12,2026-10-13,23700,13520,11375,6045,801.00,0.00,22832.30,0.05890,22800
99822,2026-09-28 12:56:06,279630,243945,508300,21.50,13.28,2026-10-13,23800,9425,8515,1820,915.55,11.08,22832.30,0.03370,22800
99824,2026-09-28 12:56:06,97435,2080,285415,16.75,13.61,2026-10-13,23900,2665,1625,1690,1001.45,0.00,22832.30,0.02740,22800
99826,2026-09-28 12:56:06,599235,546325,550940,13.65,13.99,2026-10-13,24000,9100,6890,4225,1087.00,0.00,22832.30,0.01520,22800
99828,2026-09-28 12:56:06,37180,18395,44525,11.15,14.43,2026-10-13,24100,6565,6565,1755,1200.00,0.00,22832.30,0.17660,22800
100120,2026-09-28 13:01:06,0,0,0,0.00,0.00,2026-10-13,22100,58565,38870,191945,49.25,15.74,22829.00,,22800
100122,2026-09-28 13:01:06,0,0,0,0.00,0.00,2026-10-13,22200,136045,97305,314990,59.95,15.31,22829.00,,22800
100124,2026-09-28 13:01:06,0,0,0,0.00,0.00,2026-10-13,22300,127335,72345,274820,73.90,14.96,22829.00,,22800
100126,2026-09-28 13:01:06,65,65,130,584.25,14.62,2026-10-13,22400,105040,79300,239850,89.40,14.50,22829.00,1616.00000,22800
100128,2026-09-28 13:01:06,15340,3120,29705,524.00,15.67,2026-10-13,22500,360035,252850,759330,109.25,14.11,22829.00,23.47030,22800
100130,2026-09-28 13:01:06,1820,0,2860,440.05,14.56,2026-10-13,22600,160355,102635,339170,134.35,13.79,22829.00,88.10710,22800
100132,2026-09-28 13:01:06,18720,2340,34775,373.50,14.37,2026-10-13,22700,254345,281905,538200,163.65,13.43,22829.00,13.58680,22800
100134,2026-09-28 13:01:06,95485,5980,228020,311.20,14.13,2026-10-13,22800,237445,156130,618865,199.10,13.10,22829.00,2.48670,22800
100136,2026-09-28 13:01:06,118300,9230,307710,252.55,13.77,2026-10-13,22900,130390,74165,451165,240.60,12.77,22829.00,1.10220,22800
100138,2026-09-28 13:01:06,333905,93535,753220,203.00,13.57,2026-10-13,23000,364000,265395,792610,290.05,12.50,22829.00,1.09010,22800
100140,2026-09-28 13:01:06,231010,165165,412750,157.90,13.27,2026-10-13,23100,174005,187980,196755,344.85,12.15,22829.00,0.75320,22800
100142,2026-09-28 13:01:06,331760,221715,414050,121.05,13.07,2026-10-13,23200,229970,255515,149110,411.05,12.05,22829.00,0.69320,22800
100144,2026-09-28 13:01:06,316290,255255,391170,92.55,13.01,2026-10-13,23300,117130,128180,47255,478.00,11.55,22829.00,0.37030,22800
100146,2026-09-28 13:01:06,441935,323505,581880,69.00,12.92,2026-10-13,23400,85995,128310,89310,560.05,11.66,22829.00,0.19460,22800
100148,2026-09-28 13:01:06,557505,416000,963950,51.15,12.91,2026-10-13,23500,151905,173485,111020,633.40,10.53,22829.00,0.27250,22800
100150,2026-09-28 13:01:06,224315,178555,421330,37.85,12.96,2026-10-13,23600,39195,38415,5460,707.40,6.10,22829.00,0.17470,22800
100152,2026-09-28 13:01:06,229775,214760,399295,28.75,13.15,2026-10-13,23700,13520,11375,6045,801.00,0.00,22829.00,0.05880,22800
100154,2026-09-28 13:01:06,279435,243945,511355,21.55,13.32,2026-10-13,23800,9425,8515,1820,915.55,10.88,22829.00,0.03370,22800
100156,2026-09-28 13:01:06,98085,2080,286715,16.85,13.64,2026-10-13,23900,2665,1625,1690,1001.45,0.00,22829.00,0.02720,22800
100158,2026-09-28 13:01:06,599885,546325,552240,13.55,14.01,2026-10-13,24000,9100,6890,4225,1087.00,0.00,22829.00,0.01520,22800
100160,2026-09-28 13:01:06,37505,18395,45175,11.10,14.47,2026-10-13,24100,6565,6565,1755,1200.00,0.00,22829.00,0.17500,22800
100452,2026-09-28 13:06:07,0,0,0,0.00,0.00,2026-10-13,22100,58825,38870,192985,50.50,15.75,22823.70,,22800
100454,2026-09-28 13:06:07,0,0,0,0.00,0.00,2026-10-13,22200,135720,97305,315055,60.00,15.19,22823.70,,22800
100456,2026-09-28 13:06:07,0,0,0,0.00,0.00,2026-10-13,22300,126750,72345,276445,75.25,14.93,22823.70,,22800
100458,2026-09-28 13:06:07,65,65,130,584.25,15.11,2026-10-13,22400,104845,79300,239980,91.15,14.48,22823.70,1613.00000,22800
100460,2026-09-28 13:06:07,15470,3120,29770,520.00,15.65,2026-10-13,22500,360425,252850,765050,111.00,14.07,22823.70,23.29830,22800
100462,2026-09-28 13:06:07,1820,0,2860,440.05,14.90,2026-10-13,22600,160615,102635,341055,136.00,13.72,22823.70,88.25000,22800
100464,2026-09-28 13:06:07,18720,2340,34840,373.50,14.68,2026-10-13,22700,256815,281905,542620,166.25,13.38,22823.70,13.71880,22800
100466,2026-09-28 13:06:07,95615,5980,228995,307.70,14.21,2026-10-13,22800,237185,156130,622375,202.45,13.07,22823.70,2.48060,22800
100468,2026-09-28 13:06:07,118430,9230,309140,249.40,13.85,2026-10-13,22900,131105,74165,452985,246.20,12.83,22823.70,1.10700,22800
100470,2026-09-28 13:06:07,348855,93535,773955,199.95,13.63,2026-10-13,23000,363740,265395,793585,296.55,12.57,22823.70,1.04270,22800
100472,2026-09-28 13:06:07,231010,165165,413725,156.45,13.38,2026-10-13,23100,173940,187980,197405,349.50,12.08,22823.70,0.75300,22800
100474,2026-09-28 13:06:07,332150,221715,415025,120.95,13.21,2026-10-13,23200,230100,255515,149955,414.50,11.86,22823.70,0.69280,22800
100476,2026-09-28 13:06:07,316160,255255,391885,90.85,13.05,2026-10-13,23300,117130,128180,47255,478.00,11.05,22823.70,0.37050,22800
100478,2026-09-28 13:06:07,441415,323505,582725,68.30,13.02,2026-10-13,23400,85930,128310,89375,560.00,11.06,22823.70,0.19470,22800
100480,2026-09-28 13:06:07,557960,416000,970905,50.45,12.98,2026-10-13,23500,151970,173485,111150,643.95,10.80,22823.70,0.27240,22800
100482,2026-09-28 13:06:07,224835,178555,422435,37.75,13.08,2026-10-13,23600,39390,38415,5525,727.80,9.75,22823.70,0.17520,22800
100484,2026-09-28 13:06:07,229710,214760,400335,28.35,13.22,2026-10-13,23700,13520,11375,6045,801.00,0.00,22823.70,0.05890,22800
100486,2026-09-28 13:06:07,281580,243945,515385,21.45,13.41,2026-10-13,23800,9425,8515,1820,915.55,0.00,22823.70,0.03350,22800
100488,2026-09-28 13:06:07,98475,2080,289770,16.80,13.72,2026-10-13,23900,2665,1625,1690,1001.45,0.00,22823.70,0.02710,22800
100490,2026-09-28 13:06:07,600405,546325,553735,13.70,14.13,2026-10-13,24000,9165,6890,4290,1100.00,0.00,22823.70,0.01530,22800
100492,2026-09-28 13:06:07,37765,18395,45890,11.20,14.56,2026-10-13,24100,6565,6565,1755,1200.00,0.00,22823.70,0.17380,22800
100784,2026-09-28 13:11:07,0,0,0,0.00,0.00,2026-10-13,22100,58825,38870,194805,50.10,15.84,22833.15,,22800
100786,2026-09-28 13:11:07,0,0,0,0.00,0.00,2026-10-13,22200,134550,97305,317070,61.45,15.46,22833.15,,22800
100788,2026-09-28 13:11:07,0,0,65,667.10,14.92,2026-10-13,22300,128115,72345,281320,73.95,14.98,22833.15,,22800
100790,2026-09-28 13:11:07,65,65,130,584.25,14.58,2026-10-13,22400,100880,79300,246740,90.75,14.61,22833.15,1552.00000,22800
100792,2026-09-28 13:11:07,15665,3120,30225,518.00,15.08,2026-10-13,22500,361075,252850,772980,110.65,14.20,22833.15,23.04980,22800
100794,2026-09-28 13:11:07,1820,0,2925,434.85,14.20,2026-10-13,22600,155220,102635,349115,134.90,13.84,22833.15,85.28570,22800
100796,2026-09-28 13:11:07,22100,2340,39520,365.00,13.85,2026-10-13,22700,257010,281905,568165,164.50,13.50,22833.15,11.62940,22800
100798,2026-09-28 13:11:07,97370,5980,232700,311.70,14.12,2026-10-13,22800,237380,156130,629850,200.00,13.17,22833.15,2.43790,22800
100800,2026-09-28 13:11:07,118820,9230,312455,252.70,13.75,2026-10-13,22900,131300,74165,454545,241.70,12.81,22833.15,1.10500,22800
100802,2026-09-28 13:11:07,348400,93535,782275,203.35,13.55,2026-10-13,23000,363025,265395,795470,291.55,12.61,22833.15,1.04200,22800
100804,2026-09-28 13:11:07,230945,165165,416325,158.25,13.28,2026-10-13,23100,173485,187980,198380,348.40,12.37,22833.15,0.75120,22800
100806,2026-09-28 13:11:07,332865,221715,417820,122.00,13.11,2026-10-13,23200,230100,255515,150085,417.15,12.45,22833.15,0.69130,22800
100808,2026-09-28 13:11:07,316160,255255,400530,92.65,13.01,2026-10-13,23300,117130,128180,47255,478.00,11.60,22833.15,0.37050,22800
100810,2026-09-28 13:11:07,440895,323505,585065,68.85,12.89,2026-10-13,23400,85865,128310,89440,569.00,12.46,22833.15,0.19480,22800
100812,2026-09-28 13:11:07,559455,416000,989885,51.00,12.89,2026-10-13,23500,151905,173485,111215,645.80,11.87,22833.15,0.27150,22800
100814,2026-09-28 13:11:07,251485,178555,452530,37.25,12.89,2026-10-13,23600,39390,38415,5525,727.80,11.12,22833.15,0.15660,22800
100816,2026-09-28 13:11:07,231595,214760,408590,28.15,13.08,2026-10-13,23700,13520,11375,6695,820.00,11.11,22833.15,0.05840,22800
100818,2026-09-28 13:11:07,283400,243945,519220,21.20,13.26,2026-10-13,23800,9425,8515,1820,915.55,11.05,22833.15,0.03330,22800
100820,2026-09-28 13:11:07,97825,2080,291330,16.65,13.58,2026-10-13,23900,2665,1625,1690,1001.45,0.00,22833.15,0.02720,22800
100822,2026-09-28 13:11:07,598650,546325,568035,13.40,13.99,2026-10-13,24000,9230,6890,4355,1102.35,0.00,22833.15,0.01540,22800
100824,2026-09-28 13:11:07,39520,18395,47645,11.00,14.37,2026-10-13,24100,6565,6565,1755,1200.00,0.00,22833.15,0.16610,22800
101116,2026-09-28 13:16:07,0,0,0,0.00,0.00,2026-10-13,22100,57330,38870,199485,51.55,15.78,22820.95,,22800
101118,2026-09-28 13:16:07,0,0,0,0.00,0.00,2026-10-13,22200,131560,97305,321425,62.55,15.34,22820.95,,22800
101120,2026-09-28 13:16:07,0,0,65,667.10,15.84,2026-10-13,22300,126425,72345,285740,76.45,14.95,22820.95,,22800
101122,2026-09-28 13:16:07,65,65,130,584.25,15.38,2026-10-13,22400,101075,79300,249470,91.85,14.45,22820.95,1555.00000,22800
101124,2026-09-28 13:16:07,15730,3120,30680,508.15,15.16,2026-10-13,22500,357630,252850,781495,113.65,14.14,22820.95,22.73550,22800
101126,2026-09-28 13:16:07,1820,0,2925,434.85,14.82,2026-10-13,22600,151580,102635,355550,137.15,13.69,22820.95,83.28570,22800
101128,2026-09-28 13:16:07,23140,2340,39715,373.10,14.84,2026-10-13,22700,256490,281905,574210,166.85,13.31,22820.95,11.08430,22800
101130,2026-09-28 13:16:07,97825,5980,233480,306.50,14.31,2026-10-13,22800,237380,156130,632125,204.10,13.04,22820.95,2.42660,22800
101132,2026-09-28 13:16:07,119860,9230,313495,247.45,13.89,2026-10-13,22900,129415,74165,456885,247.75,12.77,22820.95,1.07970,22800
101134,2026-09-28 13:16:07,354575,93535,795665,197.00,13.59,2026-10-13,23000,362960,265395,796445,298.30,12.51,22820.95,1.02360,22800
101136,2026-09-28 13:16:07,229905,165165,420095,155.00,13.42,2026-10-13,23100,173615,187980,199745,350.10,11.90,22820.95,0.75520,22800
101138,2026-09-28 13:16:07,332215,221715,420550,119.00,13.23,2026-10-13,23200,229970,255515,150345,411.30,11.43,22820.95,0.69220,22800
101140,2026-09-28 13:16:07,315315,255255,404300,89.75,13.07,2026-10-13,23300,118235,128180,47515,485.65,11.31,22820.95,0.37500,22800
101142,2026-09-28 13:16:07,439725,323505,598130,67.00,12.99,2026-10-13,23400,85800,128310,89570,557.40,10.44,22820.95,0.19510,22800
101144,2026-09-28 13:16:07,561275,416000,998660,49.90,13.02,2026-10-13,23500,151905,173485,111345,646.20,10.48,22820.95,0.27060,22800
101146,2026-09-28 13:16:07,252525,178555,461890,36.40,13.00,2026-10-13,23600,39390,38415,5850,717.40,0.00,22820.95,0.15600,22800
101148,2026-09-28 13:16:07,233415,214760,410410,27.60,13.20,2026-10-13,23700,13520,11375,6695,820.00,0.00,22820.95,0.05790,22800
101150,2026-09-28 13:16:07,285350,243945,524615,20.55,13.34,2026-10-13,23800,9425,8515,1820,915.55,0.00,22820.95,0.03300,22800
101152,2026-09-28 13:16:07,96785,2080,294255,16.30,13.70,2026-10-13,23900,2665,1625,1690,1001.45,0.00,22820.95,0.02750,22800
101154,2026-09-28 13:16:07,596440,546325,574015,13.20,14.10,2026-10-13,24000,9295,6890,4680,1094.60,0.00,22820.95,0.01560,22800
101156,2026-09-28 13:16:07,39585,18395,47970,11.00,14.56,2026-10-13,24100,6565,6565,1755,1200.00,0.00,22820.95,0.16580,22800
101448,2026-09-28 13:21:06,0,0,0,0.00,0.00,2026-10-13,22100,57330,38870,199875,50.65,15.79,22827.05,,22800
101450,2026-09-28 13:21:06,0,0,0,0.00,0.00,2026-10-13,22200,130780,97305,323700,61.35,15.34,22827.05,,22800
101452,2026-09-28 13:21:06,0,0,65,667.10,15.43,2026-10-13,22300,128505,72345,290810,74.50,14.90,22827.05,,22800
101454,2026-09-28 13:21:06,65,65,130,584.25,14.98,2026-10-13,22400,101075,79300,249860,91.60,14.54,22827.05,1555.00000,22800
101456,2026-09-28 13:21:06,15860,3120,30940,514.05,15.21,2026-10-13,22500,353990,252850,786695,111.60,14.14,22827.05,22.31970,22800
101458,2026-09-28 13:21:06,1885,0,3055,442.00,14.95,2026-10-13,22600,150605,102635,357240,135.05,13.69,22827.05,79.89660,22800
101460,2026-09-28 13:21:06,23140,2340,39845,372.85,14.60,2026-10-13,22700,256360,281905,575185,166.05,13.41,22827.05,11.07870,22800
101462,2026-09-28 13:21:06,98410,5980,236210,309.60,14.27,2026-10-13,22800,237445,156130,635375,201.45,13.02,22827.05,2.41280,22800
101464,2026-09-28 13:21:06,119860,9230,316810,251.50,13.92,2026-10-13,22900,129025,74165,460525,243.15,12.78,22827.05,1.07650,22800
101466,2026-09-28 13:21:06,356590,93535,799955,201.20,13.65,2026-10-13,23000,363025,265395,797550,293.30,12.45,22827.05,1.01800,22800
101468,2026-09-28 13:21:06,229840,165165,421980,156.60,13.36,2026-10-13,23100,173485,187980,200785,347.75,12.05,22827.05,0.75480,22800
101470,2026-09-28 13:21:06,332865,221715,421980,119.75,13.14,2026-10-13,23200,229970,255515,150540,410.00,11.65,22827.05,0.69090,22800
101472,2026-09-28 13:21:06,316615,255255,405925,91.40,13.07,2026-10-13,23300,118105,128180,47775,482.35,11.52,22827.05,0.37300,22800
101474,2026-09-28 13:21:06,439790,323505,599105,68.10,12.98,2026-10-13,23400,85735,128310,89700,559.00,11.11,22827.05,0.19490,22800
101476,2026-09-28 13:21:06,562445,416000,1002885,50.20,12.93,2026-10-13,23500,151970,173485,111475,641.30,10.67,22827.05,0.27020,22800
101478,2026-09-28 13:21:06,251550,178555,469040,36.70,12.95,2026-10-13,23600,39390,38415,5850,717.40,7.63,22827.05,0.15660,22800
101480,2026-09-28 13:21:06,234780,214760,414180,27.70,13.12,2026-10-13,23700,13520,11375,6695,820.00,9.40,22827.05,0.05760,22800
101482,2026-09-28 13:21:06,289250,243945,531570,20.65,13.28,2026-10-13,23800,9425,8515,1820,915.55,8.36,22827.05,0.03260,22800
101484,2026-09-28 13:21:06,97240,2080,295035,16.35,13.63,2026-10-13,23900,2665,1625,1690,1001.45,0.00,22827.05,0.02740,22800
101486,2026-09-28 13:21:06,597740,546325,575705,13.30,14.01,2026-10-13,24000,9880,6890,5200,1094.00,0.00,22827.05,0.01650,22800
101488,2026-09-28 13:21:06,39585,18395,47970,11.00,14.47,2026-10-13,24100,6565,6565,1755,1200.00,0.00,22827.05,0.16580,22800
101780,2026-09-28 13:26:07,0,0,0,0.00,0.00,2026-10-13,22100,57395,38870,200330,49.30,15.90,22846.15,,22800
101782,2026-09-28 13:26:07,0,0,0,0.00,0.00,2026-10-13,22200,131300,97305,324480,59.10,15.40,22846.15,,22800
101784,2026-09-28 13:26:07,0,0,65,667.10,14.24,2026-10-13,22300,126230,72345,294060,70.40,14.87,22846.15,,22800
101786,2026-09-28 13:26:07,65,65,130,584.25,14.00,2026-10-13,22400,101075,79300,250380,86.60,14.49,22846.15,1555.00000,22800
101788,2026-09-28 13:26:07,15925,3120,31265,526.00,15.12,2026-10-13,22500,355160,252850,792870,104.85,14.03,22846.15,22.30200,22800
101790,2026-09-28 13:26:07,1885,0,3055,442.00,14.21,2026-10-13,22600,150540,102635,361790,129.10,13.69,22846.15,79.86210,22800
101792,2026-09-28 13:26:07,23335,2340,40170,376.40,14.15,2026-10-13,22700,255515,281905,577265,159.45,13.43,22846.15,10.94990,22800
101794,2026-09-28 13:26:07,97760,5980,241540,316.10,14.06,2026-10-13,22800,235885,156130,648310,190.85,12.98,22846.15,2.41290,22800
101796,2026-09-28 13:26:07,121550,9230,319995,258.00,13.68,2026-10-13,22900,132860,74165,462800,234.85,12.76,22846.15,1.09300,22800
101798,2026-09-28 13:26:07,357370,93535,801645,205.15,13.44,2026-10-13,23000,363025,265395,800150,283.00,12.46,22846.15,1.01580,22800
101800,2026-09-28 13:26:07,230100,165165,423215,160.00,13.16,2026-10-13,23100,174395,187980,202475,336.60,12.08,22846.15,0.75790,22800
101802,2026-09-28 13:26:07,332605,221715,423345,121.75,12.91,2026-10-13,23200,230100,255515,150735,401.00,11.91,22846.15,0.69180,22800
101804,2026-09-28 13:26:07,316810,255255,406835,92.40,12.82,2026-10-13,23300,117585,128180,48295,467.00,11.38,22846.15,0.37120,22800
101806,2026-09-28 13:26:07,439725,323505,600080,69.50,12.77,2026-10-13,23400,85735,128310,89895,555.00,12.02,22846.15,0.19500,22800
101808,2026-09-28 13:26:07,562055,416000,1006980,51.20,12.76,2026-10-13,23500,151580,173485,113100,630.00,11.20,22846.15,0.26970,22800
101810,2026-09-28 13:26:07,251615,178555,469690,37.60,12.79,2026-10-13,23600,39390,38415,5850,717.40,10.99,22846.15,0.15650,22800
101812,2026-09-28 13:26:07,236405,214760,414895,28.35,12.99,2026-10-13,23700,13520,11375,6695,820.00,12.47,22846.15,0.05720,22800
101814,2026-09-28 13:26:07,292175,243945,536965,21.10,13.14,2026-10-13,23800,9425,8515,1820,915.55,12.85,22846.15,0.03230,22800
101816,2026-09-28 13:26:07,97435,2080,295620,16.50,13.46,2026-10-13,23900,2665,1625,1690,1001.45,10.74,22846.15,0.02740,22800
101818,2026-09-28 13:26:07,590590,546325,589745,13.25,13.82,2026-10-13,24000,10140,6890,5395,1087.80,0.00,22846.15,0.01720,22800
101820,2026-09-28 13:26:07,39585,18395,47970,11.00,14.30,2026-10-13,24100,6565,6565,1755,1200.00,11.84,22846.15,0.16580,22800
102112,2026-09-28 13:31:07,0,0,0,0.00,0.00,2026-10-13,22100,56810,38870,203775,46.70,15.65,22842.65,,22800
102114,2026-09-28 13:31:07,0,0,0,0.00,0.00,2026-10-13,22200,132145,97305,326170,57.10,15.24,22842.65,,22800
102116,2026-09-28 13:31:07,0,0,65,667.10,14.16,2026-10-13,22300,126360,72345,297180,70.85,14.91,22842.65,,22800
102118,2026-09-28 13:31:07,65,65,130,584.25,13.94,2026-10-13,22400,100815,79300,250510,85.00,14.39,22842.65,1551.00000,22800
102120,2026-09-28 13:31:07,15925,3120,31525,524.00,14.95,2026-10-13,22500,356395,252850,798395,105.25,14.02,22842.65,22.37960,22800
102122,2026-09-28 13:31:07,1885,0,3055,442.00,14.17,2026-10-13,22600,150540,102635,362830,127.50,13.61,22842.65,79.86210,22800
102124,2026-09-28 13:31:07,23140,2340,40690,383.00,14.49,2026-10-13,22700,254475,281905,579085,155.50,13.23,22842.65,10.99720,22800
102126,2026-09-28 13:31:07,97240,5980,243880,317.00,14.18,2026-10-13,22800,236145,156130,654745,193.00,13.02,22842.65,2.42850,22800
102128,2026-09-28 13:31:07,123695,9230,329355,255.00,13.67,2026-10-13,22900,132990,74165,465075,234.00,12.74,22842.65,1.07510,22800
102130,2026-09-28 13:31:07,365300,93535,814060,204.00,13.35,2026-10-13,23000,363415,265395,801320,283.00,12.40,22842.65,0.99480,22800
102132,2026-09-28 13:31:07,230165,165165,424125,161.00,13.26,2026-10-13,23100,175110,187980,203450,335.05,11.92,22842.65,0.76080,22800
102134,2026-09-28 13:31:07,332995,221715,423800,123.00,13.02,2026-10-13,23200,230100,255515,150865,395.00,11.44,22842.65,0.69100,22800
102136,2026-09-28 13:31:07,316875,255255,410020,92.65,12.82,2026-10-13,23300,117065,128180,51350,463.30,11.18,22842.65,0.36940,22800
102138,2026-09-28 13:31:07,439790,323505,601445,70.20,12.88,2026-10-13,23400,85800,128310,90220,544.50,11.03,22842.65,0.19510,22800
102140,2026-09-28 13:31:07,563615,416000,1017640,50.45,12.69,2026-10-13,23500,151840,173485,113490,626.15,10.89,22842.65,0.26940,22800
102142,2026-09-28 13:31:07,252590,178555,471965,37.10,12.74,2026-10-13,23600,39715,38415,6825,704.35,9.09,22842.65,0.15720,22800
102144,2026-09-28 13:31:07,235040,214760,417885,27.90,12.91,2026-10-13,23700,13520,11375,6695,820.00,12.59,22842.65,0.05750,22800
102146,2026-09-28 13:31:07,292890,243945,539370,20.80,13.08,2026-10-13,23800,9425,8515,1820,915.55,12.71,22842.65,0.03220,22800
102148,2026-09-28 13:31:07,97240,2080,295685,16.50,13.47,2026-10-13,23900,2665,1625,1690,1001.45,10.25,22842.65,0.02740,22800
102150,2026-09-28 13:31:07,588055,546325,595985,13.30,13.84,2026-10-13,24000,10140,6890,5395,1087.80,0.00,22842.65,0.01720,22800
102152,2026-09-28 13:31:07,39585,18395,47970,11.00,14.31,2026-10-13,24100,6565,6565,1755,1200.00,13.00,22842.65,0.16580,22800
102444,2026-09-28 13:36:07,0,0,0,0.00,0.00,2026-10-13,22100,57590,38870,204165,49.50,15.79,22833.20,,22800
102446,2026-09-28 13:36:07,0,0,0,0.00,0.00,2026-10-13,22200,135980,97305,333710,59.60,15.32,22833.20,,22800
102448,2026-09-28 13:36:07,0,0,65,667.10,14.86,2026-10-13,22300,126295,72345,297570,72.85,14.92,22833.20,,22800
102450,2026-09-28 13:36:07,65,65,130,584.25,14.54,2026-10-13,22400,101985,79300,253045,89.45,14.54,22833.20,1569.00000,22800
102452,2026-09-28 13:36:07,15925,3120,31525,524.00,15.43,2026-10-13,22500,356525,252850,806065,108.30,14.09,22833.20,22.38780,22800
102454,2026-09-28 13:36:07,1885,0,3055,442.00,14.60,2026-10-13,22600,151450,102635,366730,133.05,13.76,22833.20,80.34480,22800
102456,2026-09-28 13:36:07,23205,2340,40820,374.70,14.39,2026-10-13,22700,255320,281905,582530,162.50,13.40,22833.20,11.00280,22800
102458,2026-09-28 13:36:07,97435,5980,246870,309.85,14.01,2026-10-13,22800,236145,156130,659685,196.50,13.04,22833.20,2.42360,22800
102460,2026-09-28 13:36:07,127465,9230,336115,251.60,13.69,2026-10-13,22900,135720,74165,470665,238.90,12.73,22833.20,1.06480,22800
102462,2026-09-28 13:36:07,366665,93535,820430,201.45,13.47,2026-10-13,23000,364130,265395,805350,290.15,12.57,22833.20,0.99310,22800
102464,2026-09-28 13:36:07,231595,165165,429975,156.85,13.19,2026-10-13,23100,175435,187980,204100,345.80,12.27,22833.20,0.75750,22800
102466,2026-09-28 13:36:07,332605,221715,427440,119.45,12.95,2026-10-13,23200,229970,255515,151190,408.00,11.93,22833.20,0.69140,22800
102468,2026-09-28 13:36:07,316810,255255,413140,90.55,12.86,2026-10-13,23300,117130,128180,52390,473.30,11.31,22833.20,0.36970,22800
102470,2026-09-28 13:36:07,439985,323505,604305,67.00,12.76,2026-10-13,23400,85735,128310,90545,549.10,10.90,22833.20,0.19490,22800
102472,2026-09-28 13:36:07,563420,416000,1023750,49.45,12.75,2026-10-13,23500,151515,173485,115830,637.25,11.10,22833.20,0.26890,22800
102474,2026-09-28 13:36:07,252720,178555,473460,35.90,12.76,2026-10-13,23600,40690,38415,6890,716.15,9.48,22833.20,0.16100,22800
102476,2026-09-28 13:36:07,235430,214760,419120,27.10,12.94,2026-10-13,23700,13520,11375,6695,820.00,11.25,22833.20,0.05740,22800
102478,2026-09-28 13:36:07,296530,243945,544375,20.35,13.14,2026-10-13,23800,9490,8515,3575,755.75,0.00,22833.20,0.03200,22800
102480,2026-09-28 13:36:07,97175,2080,296465,16.15,13.49,2026-10-13,23900,2665,1625,1690,1001.45,0.00,22833.20,0.02740,22800
102482,2026-09-28 13:36:07,590460,546325,601835,13.20,13.92,2026-10-13,24000,10140,6890,5525,1088.50,0.00,22833.20,0.01720,22800
102484,2026-09-28 13:36:07,39585,18395,47970,11.00,14.37,2026-10-13,24100,6565,6565,1755,1200.00,0.00,22833.20,0.16580,22800
102776,2026-09-28 13:41:07,0,0,0,0.00,0.00,2026-10-13,22100,57655,38870,204295,48.60,15.85,22843.65,,22800
102778,2026-09-28 13:41:07,0,0,0,0.00,0.00,2026-10-13,22200,136435,97305,335465,57.55,15.30,22843.65,,22800
102780,2026-09-28 13:41:07,0,0,65,667.10,14.09,2026-10-13,22300,126295,72345,297570,72.85,15.08,22843.65,,22800
102782,2026-09-28 13:41:07,65,65,130,584.25,13.89,2026-10-13,22400,101725,79300,253955,85.95,14.49,22843.65,1565.00000,22800
102784,2026-09-28 13:41:07,15860,3120,31655,518.00,14.51,2026-10-13,22500,356265,252850,806780,105.00,14.08,22843.65,22.46310,22800
102786,2026-09-28 13:41:07,1885,0,3055,442.00,14.17,2026-10-13,22600,152360,102635,370630,129.05,13.71,22843.65,80.82760,22800
102788,2026-09-28 13:41:07,23205,2340,41080,375.90,14.08,2026-10-13,22700,255645,281905,583180,159.00,13.43,22843.65,11.01680,22800
102790,2026-09-28 13:41:07,97370,5980,247975,315.70,14.01,2026-10-13,22800,240435,156130,665145,192.20,13.05,22843.65,2.46930,22800
102792,2026-09-28 13:41:07,127790,9230,338195,256.95,13.66,2026-10-13,22900,136370,74165,474370,232.65,12.70,22843.65,1.06710,22800
102794,2026-09-28 13:41:07,366860,93535,822640,205.00,13.40,2026-10-13,23000,365105,265395,808470,286.30,12.68,22843.65,0.99520,22800
102796,2026-09-28 13:41:07,232050,165165,430300,158.00,13.01,2026-10-13,23100,175435,187980,204425,334.90,12.06,22843.65,0.75600,22800
102798,2026-09-28 13:41:07,333905,221715,431340,121.50,12.86,2026-10-13,23200,229970,255515,151450,398.45,11.84,22843.65,0.68870,22800
102800,2026-09-28 13:41:07,317655,255255,415935,92.30,12.79,2026-10-13,23300,117130,128180,52455,468.25,11.58,22843.65,0.36870,22800
102802,2026-09-28 13:41:07,440050,323505,605735,68.50,12.70,2026-10-13,23400,85735,128310,90675,542.00,11.11,22843.65,0.19480,22800
102804,2026-09-28 13:41:07,564330,416000,1031420,50.45,12.68,2026-10-13,23500,151840,173485,116090,634.00,11.76,22843.65,0.26910,22800
102806,2026-09-28 13:41:07,249080,178555,479895,37.00,12.72,2026-10-13,23600,40690,38415,6955,714.35,10.72,22843.65,0.16340,22800
102808,2026-09-28 13:41:07,236340,214760,420875,27.95,12.91,2026-10-13,23700,13520,11375,6695,820.00,12.71,22843.65,0.05720,22800
102810,2026-09-28 13:41:07,296270,243945,545545,20.85,13.09,2026-10-13,23800,11245,8515,3640,898.80,9.92,22843.65,0.03800,22800
102812,2026-09-28 13:41:07,96915,2080,297115,16.35,13.41,2026-10-13,23900,2665,1625,1690,1001.45,11.35,22843.65,0.02750,22800
102814,2026-09-28 13:41:07,590135,546325,603460,13.35,13.84,2026-10-13,24000,10140,6890,5525,1088.50,0.00,22843.65,0.01720,22800
102816,2026-09-28 13:41:07,39910,18395,48620,11.10,14.34,2026-10-13,24100,6565,6565,1755,1200.00,12.02,22843.65,0.16450,22800
103108,2026-09-28 13:46:06,0,0,0,0.00,0.00,2026-10-13,22100,57720,38870,204360,48.20,15.76,22838.95,,22800
103110,2026-09-28 13:46:06,0,0,0,0.00,0.00,2026-10-13,22200,136045,97305,336635,58.20,15.30,22838.95,,22800
103112,2026-09-28 13:46:06,0,0,65,667.10,14.37,2026-10-13,22300,126295,72345,300300,71.15,14.95,22838.95,,22800
103114,2026-09-28 13:46:06,65,65,130,584.25,14.12,2026-10-13,22400,102180,79300,254930,86.70,14.47,22838.95,1572.00000,22800
103116,2026-09-28 13:46:06,15795,3120,31785,518.20,14.72,2026-10-13,22500,356720,252850,808600,106.80,14.12,22838.95,22.58440,22800
103118,2026-09-28 13:46:06,1885,0,3055,442.00,14.30,2026-10-13,22600,152360,102635,371800,129.60,13.69,22838.95,80.82760,22800
103120,2026-09-28 13:46:06,23400,2340,41145,378.70,14.36,2026-10-13,22700,257010,281905,606580,159.05,13.37,22838.95,10.98330,22800
103122,2026-09-28 13:46:06,98215,5980,253825,315.60,14.11,2026-10-13,22800,241085,156130,671710,192.35,12.96,22838.95,2.45470,22800
103124,2026-09-28 13:46:06,127140,9230,340795,255.15,13.68,2026-10-13,22900,136370,74165,474760,236.95,12.83,22838.95,1.07260,22800
103126,2026-09-28 13:46:06,366925,93535,825370,204.75,13.47,2026-10-13,23000,366730,265395,809965,282.25,12.37,22838.95,0.99950,22800
103128,2026-09-28 13:46:06,231335,165165,431860,158.25,13.11,2026-10-13,23100,175630,187980,204815,336.25,11.99,22838.95,0.75920,22800
103130,2026-09-28 13:46:06,332865,221715,432185,122.00,12.97,2026-10-13,23200,229840,255515,151775,399.05,11.70,22838.95,0.69050,22800
103132,2026-09-28 13:46:06,317200,255255,417560,92.60,12.87,2026-10-13,23300,117130,128180,52455,468.25,11.37,22838.95,0.36930,22800
103134,2026-09-28 13:46:06,440960,323505,611000,68.50,12.76,2026-10-13,23400,85735,128310,90675,542.00,10.83,22838.95,0.19440,22800
103136,2026-09-28 13:46:06,566670,416000,1033890,50.50,12.74,2026-10-13,23500,151840,173485,116350,630.65,11.09,22838.95,0.26800,22800
103138,2026-09-28 13:46:06,248690,178555,488670,37.00,12.77,2026-10-13,23600,40690,38415,7215,711.25,9.83,22838.95,0.16360,22800
103140,2026-09-28 13:46:06,236405,214760,422175,28.20,12.99,2026-10-13,23700,13520,11375,6695,820.00,12.22,22838.95,0.05720,22800
103142,2026-09-28 13:46:06,297245,243945,549510,20.70,13.11,2026-10-13,23800,11245,8515,3705,886.80,0.00,22838.95,0.03780,22800
103144,2026-09-28 13:46:06,96720,2080,297375,16.35,13.46,2026-10-13,23900,2665,1625,1690,1001.45,10.44,22838.95,0.02760,22800
103146,2026-09-28 13:46:06,592800,546325,608660,13.35,13.89,2026-10-13,24000,10140,6890,5525,1088.50,0.00,22838.95,0.01710,22800
103148,2026-09-28 13:46:06,39910,18395,48620,11.10,14.34,2026-10-13,24100,6565,6565,1755,1200.00,11.66,22838.95,0.16450,22800
103440,2026-09-28 13:51:06,0,0,0,0.00,0.00,2026-10-13,22100,57720,38870,204360,48.20,15.71,22836.35,,22800
103442,2026-09-28 13:51:06,0,0,0,0.00,0.00,2026-10-13,22200,135720,97305,337805,58.55,15.27,22836.35,,22800
103444,2026-09-28 13:51:06,0,0,65,667.10,14.68,2026-10-13,22300,128440,72345,301925,72.25,14.92,22836.35,,22800
103446,2026-09-28 13:51:06,65,65,130,584.25,14.25,2026-10-13,22400,102180,79300,255840,87.50,14.46,22836.35,1572.00000,22800
103448,2026-09-28 13:51:06,15795,3120,31915,521.95,15.17,2026-10-13,22500,357175,252850,810550,107.40,14.08,22836.35,22.61320,22800
103450,2026-09-28 13:51:06,1885,0,3055,442.00,14.37,2026-10-13,22600,152425,102635,372125,132.30,13.77,22836.35,80.86210,22800
103452,2026-09-28 13:51:06,23465,2340,41275,379.00,14.53,2026-10-13,22700,257010,281905,609375,160.40,13.35,22836.35,10.95290,22800
103454,2026-09-28 13:51:06,97890,5980,255710,314.95,14.21,2026-10-13,22800,241215,156130,675870,194.50,12.97,22836.35,2.46410,22800
103456,2026-09-28 13:51:06,126945,9230,342160,252.30,13.65,2026-10-13,22900,136305,74165,475020,236.35,12.67,22836.35,1.07370,22800
103458,2026-09-28 13:51:06,367965,93535,828230,204.00,13.53,2026-10-13,23000,368160,265395,813670,284.45,12.36,22836.35,1.00050,22800
103460,2026-09-28 13:51:06,229905,165165,434200,158.10,13.20,2026-10-13,23100,175695,187980,204945,335.50,11.79,22836.35,0.76420,22800
103462,2026-09-28 13:51:06,333060,221715,433290,122.05,13.05,2026-10-13,23200,229710,255515,151905,402.10,11.70,22836.35,0.68970,22800
103464,2026-09-28 13:51:06,317330,255255,417950,92.40,12.94,2026-10-13,23300,117130,128180,52455,468.25,11.12,22836.35,0.36910,22800
103466,2026-09-28 13:51:06,443950,323505,612690,68.70,12.85,2026-10-13,23400,85735,128310,90675,542.00,10.50,22836.35,0.19310,22800
103468,2026-09-28 13:51:06,568555,416000,1037660,50.10,12.77,2026-10-13,23500,153725,173485,120315,641.80,11.81,22836.35,0.27040,22800
103470,2026-09-28 13:51:06,249340,178555,490555,36.70,12.79,2026-10-13,23600,40690,38415,7215,711.25,9.06,22836.35,0.16320,22800
103472,2026-09-28 13:51:06,237315,214760,422435,27.90,13.02,2026-10-13,23700,13520,11375,6695,820.00,11.63,22836.35,0.05700,22800
103474,2026-09-28 13:51:06,300495,243945,553800,20.70,13.15,2026-10-13,23800,11245,8515,3705,886.80,0.00,22836.35,0.03740,22800
103476,2026-09-28 13:51:06,96720,2080,297765,16.20,13.49,2026-10-13,23900,2665,1625,1690,1001.45,9.46,22836.35,0.02760,22800
103478,2026-09-28 13:51:06,594360,546325,611715,13.25,13.92,2026-10-13,24000,10140,6890,5525,1088.50,0.00,22836.35,0.01710,22800
103480,2026-09-28 13:51:06,40430,18395,48880,10.75,14.28,2026-10-13,24100,6565,6565,1755,1200.00,0.00,22836.35,0.16240,22800
103772,2026-09-28 13:56:07,0,0,0,0.00,0.00,2026-10-13,22100,57720,38870,204490,49.15,15.82,22834.40,,22800
103774,2026-09-28 13:56:07,0,0,0,0.00,0.00,2026-10-13,22200,135265,97305,338260,60.00,15.43,22834.40,,22800
103776,2026-09-28 13:56:07,0,0,65,667.10,14.57,2026-10-13,22300,128375,72345,303290,73.30,15.02,22834.40,,22800
103778,2026-09-28 13:56:07,65,65,130,584.25,14.29,2026-10-13,22400,102180,79300,256230,89.10,14.60,22834.40,1572.00000,22800
103780,2026-09-28 13:56:07,16510,3120,33345,520.05,14.98,2026-10-13,22500,357370,252850,811655,108.20,14.17,22834.40,21.64570,22800
103782,2026-09-28 13:56:07,1885,0,3315,444.25,14.56,2026-10-13,22600,152815,102635,372645,132.05,13.79,22834.40,81.06900,22800
103784,2026-09-28 13:56:07,23335,2340,41730,377.15,14.37,2026-10-13,22700,259740,281905,610740,160.80,13.44,22834.40,11.13090,22800
103786,2026-09-28 13:56:07,97045,5980,257075,312.45,14.02,2026-10-13,22800,240890,156130,677950,195.95,13.09,22834.40,2.48230,22800
103788,2026-09-28 13:56:07,126880,9230,342810,253.10,13.65,2026-10-13,22900,136110,74165,477750,236.50,12.73,22834.40,1.07270,22800
103790,2026-09-28 13:56:07,367575,93535,829270,202.40,13.41,2026-10-13,23000,365820,265395,817505,287.90,12.59,22834.40,0.99520,22800
103792,2026-09-28 13:56:07,229710,165165,435045,157.75,13.15,2026-10-13,23100,175890,187980,205205,339.95,12.10,22834.40,0.76570,22800
103794,2026-09-28 13:56:07,333775,221715,435630,121.50,12.99,2026-10-13,23200,229645,255515,152490,402.00,11.76,22834.40,0.68800,22800
103796,2026-09-28 13:56:07,316225,255255,420810,92.40,12.91,2026-10-13,23300,117130,128180,52455,468.25,11.22,22834.40,0.37040,22800
103798,2026-09-28 13:56:07,442780,323505,614575,68.70,12.82,2026-10-13,23400,85735,128310,90675,542.00,10.62,22834.40,0.19360,22800
103800,2026-09-28 13:56:07,556400,416000,1055600,50.60,12.79,2026-10-13,23500,153530,173485,121160,630.00,10.77,22834.40,0.27590,22800
103802,2026-09-28 13:56:07,249405,178555,491270,36.90,12.80,2026-10-13,23600,40690,38415,7215,711.25,9.37,22834.40,0.16310,22800
103804,2026-09-28 13:56:07,237575,214760,423410,28.10,13.02,2026-10-13,23700,13520,11375,6695,820.00,11.86,22834.40,0.05690,22800
103806,2026-09-28 13:56:07,304980,243945,559260,20.75,13.15,2026-10-13,23800,11245,8515,3705,886.80,0.00,22834.40,0.03690,22800
103808,2026-09-28 13:56:07,97110,2080,300235,16.30,13.49,2026-10-13,23900,2665,1625,1690,1001.45,8.06,22834.40,0.02740,22800
103810,2026-09-28 13:56:07,594685,546325,613665,13.20,13.89,2026-10-13,24000,10140,6890,5525,1088.50,0.00,22834.40,0.01710,22800
103812,2026-09-28 13:56:07,40430,18395,48880,10.75,14.31,2026-10-13,24100,6565,6565,1755,1200.00,0.00,22834.40,0.16240,22800
104104,2026-09-28 14:01:07,0,0,0,0.00,0.00,2026-10-13,22100,57915,38870,204750,48.05,15.78,22842.15,,22800
104106,2026-09-28 14:01:07,0,0,0,0.00,0.00,2026-10-13,22200,135265,97305,342030,57.80,15.29,22842.15,,22800
104108,2026-09-28 14:01:07,0,0,65,667.10,14.29,2026-10-13,22300,127790,72345,304135,71.70,14.95,22842.15,,22800
104110,2026-09-28 14:01:07,65,65,130,584.25,14.05,2026-10-13,22400,102115,79300,256750,87.80,14.57,22842.15,1571.00000,22800
104112,2026-09-28 14:01:07,16575,3120,33540,525.00,15.10,2026-10-13,22500,360100,252850,815360,106.65,14.14,22842.15,21.72550,22800
104114,2026-09-28 14:01:07,2080,0,3705,450.50,14.73,2026-10-13,22600,152815,102635,372970,129.80,13.73,22842.15,73.46880,22800
104116,2026-09-28 14:01:07,23335,2340,41730,377.15,14.23,2026-10-13,22700,259545,281905,610935,158.75,13.38,22842.15,11.12260,22800
104118,2026-09-28 14:01:07,96915,5980,258895,315.70,14.02,2026-10-13,22800,241540,156130,679640,192.90,13.02,22842.15,2.49230,22800
104120,2026-09-28 14:01:07,126490,9230,344175,257.35,13.77,2026-10-13,22900,136435,74165,478335,233.35,12.67,22842.15,1.07860,22800
104122,2026-09-28 14:01:07,367835,93535,832260,204.45,13.43,2026-10-13,23000,364715,265395,819325,282.20,12.41,22842.15,0.99150,22800
104124,2026-09-28 14:01:07,228735,165165,438165,159.75,13.13,2026-10-13,23100,176280,187980,206310,335.00,11.97,22842.15,0.77070,22800
104126,2026-09-28 14:01:07,334035,221715,436085,123.50,13.04,2026-10-13,23200,229060,255515,152555,398.95,11.76,22842.15,0.68570,22800
104128,2026-09-28 14:01:07,315575,255255,422305,93.10,12.89,2026-10-13,23300,117065,128180,53430,468.00,11.42,22842.15,0.37100,22800
104130,2026-09-28 14:01:07,442390,323505,616135,68.85,12.77,2026-10-13,23400,85735,128310,90675,542.00,10.92,22842.15,0.19380,22800
104132,2026-09-28 14:01:07,556660,416000,1059630,50.80,12.76,2026-10-13,23500,153530,173485,121160,630.00,11.15,22842.15,0.27580,22800
104134,2026-09-28 14:01:07,249795,178555,492115,37.35,12.79,2026-10-13,23600,40690,38415,7215,711.25,10.03,22842.15,0.16290,22800
104136,2026-09-28 14:01:07,237575,214760,423540,27.90,12.94,2026-10-13,23700,13520,11375,6695,820.00,12.39,22842.15,0.05690,22800
104138,2026-09-28 14:01:07,306735,243945,561795,20.60,13.14,2026-10-13,23800,11245,8515,3705,886.80,0.00,22842.15,0.03670,22800
104140,2026-09-28 14:01:07,96785,2080,301925,16.30,13.46,2026-10-13,23900,2665,1625,1690,1001.45,10.62,22842.15,0.02750,22800
104142,2026-09-28 14:01:07,595465,546325,616590,13.35,13.89,2026-10-13,24000,10140,6890,5525,1088.50,0.00,22842.15,0.01700,22800
104144,2026-09-28 14:01:07,40625,18395,48945,10.85,14.28,2026-10-13,24100,6565,6565,1755,1200.00,11.72,22842.15,0.16160,22800
104436,2026-09-28 14:06:07,0,0,0,0.00,0.00,2026-10-13,22100,57980,38870,205465,49.30,15.78,22830.80,,22800
104438,2026-09-28 14:06:07,0,0,0,0.00,0.00,2026-10-13,22200,132925,97305,342420,60.15,15.37,22830.80,,22800
104440,2026-09-28 14:06:07,0,0,65,667.10,14.92,2026-10-13,22300,127335,72345,304785,73.00,14.92,22830.80,,22800
104442,2026-09-28 14:06:07,65,65,130,584.25,14.59,2026-10-13,22400,102115,79300,256750,87.80,14.43,22830.80,1571.00000,22800
104444,2026-09-28 14:06:07,16965,3120,34580,520.00,15.22,2026-10-13,22500,361075,252850,817245,109.25,14.15,22830.80,21.28350,22800
104446,2026-09-28 14:06:07,2080,0,3705,450.50,15.14,2026-10-13,22600,152815,102635,373100,131.80,13.67,22830.80,73.46880,22800
104448,2026-09-28 14:06:07,23530,2340,41990,374.50,14.41,2026-10-13,22700,258895,281905,612235,162.70,13.41,22830.80,11.00280,22800
104450,2026-09-28 14:06:07,97565,5980,263965,309.40,14.02,2026-10-13,22800,241475,156130,683085,197.55,13.05,22830.80,2.47500,22800
104452,2026-09-28 14:06:07,127660,9230,345930,251.30,13.70,2026-10-13,22900,136565,74165,482430,239.05,12.73,22830.80,1.06980,22800
104454,2026-09-28 14:06:07,368485,93535,834665,201.20,13.47,2026-10-13,23000,364650,265395,819650,287.75,12.42,22830.80,0.98960,22800
104456,2026-09-28 14:06:07,229710,165165,441805,156.50,13.20,2026-10-13,23100,176020,187980,206830,340.45,11.94,22830.80,0.76630,22800
104458,2026-09-28 14:06:07,334555,221715,437905,120.00,13.03,2026-10-13,23200,229060,255515,153075,407.00,11.85,22830.80,0.68470,22800
104460,2026-09-28 14:06:07,317200,255255,428025,90.75,12.89,2026-10-13,23300,117065,128180,53430,468.00,10.90,22830.80,0.36910,22800
104462,2026-09-28 14:06:07,442585,323505,617175,67.80,12.84,2026-10-13,23400,85865,128310,91000,555.85,11.43,22830.80,0.19400,22800
104464,2026-09-28 14:06:07,557245,416000,1064115,49.95,12.82,2026-10-13,23500,153660,173485,121420,641.65,11.49,22830.80,0.27570,22800
104466,2026-09-28 14:06:07,249145,178555,496210,36.55,12.83,2026-10-13,23600,40625,38415,7475,715.00,9.12,22830.80,0.16310,22800
104468,2026-09-28 14:06:07,237315,214760,424840,27.55,13.02,2026-10-13,23700,13520,11375,6695,820.00,11.09,22830.80,0.05700,22800
104470,2026-09-28 14:06:07,308295,243945,567255,20.45,13.17,2026-10-13,23800,11245,8515,3705,886.80,0.00,22830.80,0.03650,22800
104472,2026-09-28 14:06:07,96070,2080,303485,16.10,13.50,2026-10-13,23900,2665,1625,1690,1001.45,0.00,22830.80,0.02770,22800
104474,2026-09-28 14:06:07,595790,546325,620100,13.10,13.92,2026-10-13,24000,10140,6890,5525,1088.50,0.00,22830.80,0.01700,22800
104476,2026-09-28 14:06:07,41080,18395,49725,10.50,14.28,2026-10-13,24100,6565,6565,1755,1200.00,0.00,22830.80,0.15980,22800
104768,2026-09-28 14:11:07,0,0,0,0.00,0.00,2026-10-13,22100,58175,38870,206050,49.70,15.81,22832.60,,22800
104770,2026-09-28 14:11:07,0,0,0,0.00,0.00,2026-10-13,22200,132600,97305,343460,60.70,15.41,22832.60,,22800
104772,2026-09-28 14:11:07,0,0,65,667.10,14.95,2026-10-13,22300,127335,72345,305175,74.50,15.04,22832.60,,22800
104774,2026-09-28 14:11:07,65,65,130,584.25,14.62,2026-10-13,22400,102050,79300,257075,90.65,14.62,22832.60,1570.00000,22800
104776,2026-09-28 14:11:07,17030,3120,34710,514.00,14.86,2026-10-13,22500,361920,252850,821080,109.30,14.14,22832.60,21.25190,22800
104778,2026-09-28 14:11:07,2470,0,3900,442.50,14.69,2026-10-13,22600,152880,102635,373360,134.40,13.82,22832.60,61.89470,22800
104780,2026-09-28 14:11:07,23725,2340,42055,369.60,14.16,2026-10-13,22700,258570,281905,612690,164.35,13.50,22832.60,10.89860,22800
104782,2026-09-28 14:11:07,101985,5980,272610,307.40,13.93,2026-10-13,22800,242515,156130,687180,199.50,13.15,22832.60,2.37790,22800
104784,2026-09-28 14:11:07,127855,9230,346645,248.85,13.59,2026-10-13,22900,136695,74165,482885,241.15,12.83,22832.60,1.06910,22800
104786,2026-09-28 14:11:07,368030,93535,842985,201.00,13.48,2026-10-13,23000,364130,265395,821340,289.50,12.50,22832.60,0.98940,22800
104788,2026-09-28 14:11:07,228735,165165,447070,157.15,13.25,2026-10-13,23100,176540,187980,207285,342.55,12.05,22832.60,0.77180,22800
104790,2026-09-28 14:11:07,334685,221715,440180,120.35,13.04,2026-10-13,23200,229060,255515,154570,407.90,11.88,22832.60,0.68440,22800
104792,2026-09-28 14:11:07,317655,255255,430755,91.55,12.92,2026-10-13,23300,117065,128180,53430,468.00,10.87,22832.60,0.36850,22800
104794,2026-09-28 14:11:07,442390,323505,620685,68.15,12.87,2026-10-13,23400,85865,128310,91065,556.00,11.41,22832.60,0.19410,22800
104796,2026-09-28 14:11:07,557505,416000,1070875,50.00,12.83,2026-10-13,23500,153400,173485,121615,640.00,11.28,22832.60,0.27520,22800
104798,2026-09-28 14:11:07,245765,178555,501150,36.90,12.88,2026-10-13,23600,40820,38415,7540,719.10,9.80,22832.60,0.16610,22800
104800,2026-09-28 14:11:07,237315,214760,429650,27.55,13.03,2026-10-13,23700,13520,11375,6695,820.00,11.00,22832.60,0.05700,22800
104802,2026-09-28 14:11:07,309400,243945,570570,20.80,13.23,2026-10-13,23800,11245,8515,3705,886.80,0.00,22832.60,0.03630,22800
104804,2026-09-28 14:11:07,96135,2080,304200,16.00,13.49,2026-10-13,23900,2665,1625,1690,1001.45,0.00,22832.60,0.02770,22800
104806,2026-09-28 14:11:07,593580,546325,629850,13.10,13.93,2026-10-13,24000,10140,6890,5525,1088.50,0.00,22832.60,0.01710,22800
104808,2026-09-28 14:11:07,40755,18395,50830,10.45,14.28,2026-10-13,24100,6565,6565,1755,1200.00,0.00,22832.60,0.16110,22800
105100,2026-09-28 14:16:07,0,0,0,0.00,0.00,2026-10-13,22100,58370,38870,207415,51.70,15.75,22813.70,,22800
105102,2026-09-28 14:16:07,0,0,0,0.00,0.00,2026-10-13,22200,133380,97305,349505,63.25,15.39,22813.70,,22800
105104,2026-09-28 14:16:07,0,0,65,667.10,16.18,2026-10-13,22300,127985,72345,307580,77.15,14.94,22813.70,,22800
105106,2026-09-28 14:16:07,65,65,130,584.25,15.54,2026-10-13,22400,102440,79300,258440,93.70,14.59,22813.70,1576.00000,22800
105108,2026-09-28 14:16:07,17030,3120,34905,510.00,15.52,2026-10-13,22500,366600,252850,834990,114.05,14.10,22813.70,21.52670,22800
105110,2026-09-28 14:16:07,2665,0,4160,441.95,15.45,2026-10-13,22600,153530,102635,377585,139.70,13.75,22813.70,57.60980,22800
105112,2026-09-28 14:16:07,23725,2340,42380,361.05,14.37,2026-10-13,22700,259350,281905,617890,170.40,13.41,22813.70,10.93150,22800
105114,2026-09-28 14:16:07,104325,5980,279630,300.35,14.16,2026-10-13,22800,243165,156130,697450,207.20,12.98,22813.70,2.33080,22800
105116,2026-09-28 14:16:07,127725,9230,352365,242.00,13.76,2026-10-13,22900,135525,74165,487305,251.70,12.85,22813.70,1.06110,22800
105118,2026-09-28 14:16:07,369200,93535,852735,191.45,13.44,2026-10-13,23000,364455,265395,824525,302.75,12.52,22813.70,0.98710,22800
105120,2026-09-28 14:16:07,229580,165165,456430,149.40,13.23,2026-10-13,23100,176800,187980,209040,355.80,12.06,22813.70,0.77010,22800
105122,2026-09-28 14:16:07,334035,221715,446745,114.35,13.03,2026-10-13,23200,230490,255515,156910,420.55,11.78,22813.70,0.69000,22800
105124,2026-09-28 14:16:07,317720,255255,436150,86.85,12.99,2026-10-13,23300,117065,128180,54405,489.75,11.31,22813.70,0.36850,22800
105126,2026-09-28 14:16:07,441025,323505,632645,64.60,12.92,2026-10-13,23400,85735,128310,91195,565.00,10.94,22813.70,0.19440,22800
105128,2026-09-28 14:16:07,561340,416000,1077765,47.30,12.87,2026-10-13,23500,153465,173485,121810,640.50,9.14,22813.70,0.27340,22800
105130,2026-09-28 14:16:07,243750,178555,505375,34.90,12.91,2026-10-13,23600,40820,38415,7540,719.10,0.00,22813.70,0.16750,22800
105132,2026-09-28 14:16:07,235495,214760,437385,26.15,13.09,2026-10-13,23700,13520,11375,6695,820.00,0.00,22813.70,0.05740,22800
105134,2026-09-28 14:16:07,310700,243945,572650,19.80,13.31,2026-10-13,23800,11245,8515,3770,920.20,0.00,22813.70,0.03620,22800
105136,2026-09-28 14:16:07,97175,2080,305695,15.75,13.64,2026-10-13,23900,2600,1625,1755,997.00,0.00,22813.70,0.02680,22800
105138,2026-09-28 14:16:07,595790,546325,642200,12.70,14.02,2026-10-13,24000,10140,6890,5525,1088.50,0.00,22813.70,0.01700,22800
105140,2026-09-28 14:16:07,40755,18395,50830,10.45,14.43,2026-10-13,24100,6565,6565,1755,1200.00,0.00,22813.70,0.16110,22800
105432,2026-09-28 14:21:06,0,0,0,0.00,0.00,2026-10-13,22100,59280,38870,213785,58.75,16.24,22802.65,,22800
105434,2026-09-28 14:21:06,0,0,0,0.00,0.00,2026-10-13,22200,136695,97305,365690,68.75,15.63,22802.65,,22800
105436,2026-09-28 14:21:06,0,0,65,667.10,16.94,2026-10-13,22300,125060,72345,319085,84.15,15.27,22802.65,,22800
105438,2026-09-28 14:21:06,65,65,130,584.25,16.35,2026-10-13,22400,101660,79300,267735,101.00,14.79,22802.65,1564.00000,22800
105440,2026-09-28 14:21:06,17225,3120,35750,494.95,15.17,2026-10-13,22500,371345,252850,855140,122.55,14.46,22802.65,21.55850,22800
105442,2026-09-28 14:21:06,3120,0,5135,415.00,14.39,2026-10-13,22600,150215,102635,394745,149.10,14.05,22802.65,48.14580,22800
105444,2026-09-28 14:21:06,26455,2340,50310,352.00,14.32,2026-10-13,22700,251550,281905,651430,180.10,13.66,22802.65,9.50860,22800
105446,2026-09-28 14:21:06,109915,5980,295230,289.45,14.08,2026-10-13,22800,239460,156130,726960,218.70,13.40,22802.65,2.17860,22800
105448,2026-09-28 14:21:06,127595,9230,360360,235.95,13.80,2026-10-13,22900,133640,74165,502970,264.00,13.14,22802.65,1.04740,22800
105450,2026-09-28 14:21:06,372710,93535,888615,188.00,13.52,2026-10-13,23000,354315,265395,883545,315.00,12.86,22802.65,0.95060,22800
105452,2026-09-28 14:21:06,230555,165165,469170,145.75,13.29,2026-10-13,23100,177060,187980,212940,372.95,12.55,22802.65,0.76800,22800
105454,2026-09-28 14:21:06,336960,221715,459160,111.65,13.14,2026-10-13,23200,229190,255515,168220,438.85,12.33,22802.65,0.68020,22800
105456,2026-09-28 14:21:06,319150,255255,450905,85.05,13.08,2026-10-13,23300,115375,128180,56355,514.00,12.31,22802.65,0.36150,22800
105458,2026-09-28 14:21:06,438100,323505,646880,63.30,13.05,2026-10-13,23400,85605,128310,91390,591.30,12.02,22802.65,0.19540,22800
105460,2026-09-28 14:21:06,560170,416000,1107210,47.00,13.03,2026-10-13,23500,153530,173485,122135,681.05,12.47,22802.65,0.27410,22800
105462,2026-09-28 14:21:06,241020,178555,519805,35.05,13.14,2026-10-13,23600,40885,38415,8190,755.75,12.32,22802.65,0.16960,22800
105464,2026-09-28 14:21:06,232765,214760,456560,27.00,13.37,2026-10-13,23700,13520,11375,6695,820.00,0.00,22802.65,0.05810,22800
105466,2026-09-28 14:21:06,315510,243945,607815,20.70,13.58,2026-10-13,23800,11375,8515,3900,960.00,13.50,22802.65,0.03610,22800
105468,2026-09-28 14:21:06,98475,2080,310440,16.25,13.92,2026-10-13,23900,2600,1625,1755,997.00,0.00,22802.65,0.02640,22800
105470,2026-09-28 14:21:06,595920,546325,658515,13.25,14.31,2026-10-13,24000,10140,6890,5525,1088.50,0.00,22802.65,0.01700,22800
105472,2026-09-28 14:21:06,40495,18395,50960,10.50,14.65,2026-10-13,24100,6565,6565,1755,1200.00,0.00,22802.65,0.16210,22800
105764,2026-09-28 14:26:06,0,0,0,0.00,0.00,2026-10-13,22100,59345,38870,215475,56.70,16.01,22802.35,,22800
105766,2026-09-28 14:26:06,0,0,0,0.00,0.00,2026-10-13,22200,134615,97305,373555,68.45,15.55,22802.35,,22800
105768,2026-09-28 14:26:06,0,0,65,667.10,17.08,2026-10-13,22300,127075,72345,326040,83.35,15.15,22802.35,,22800
105770,2026-09-28 14:26:06,65,65,130,584.25,16.48,2026-10-13,22400,102375,79300,277160,101.05,14.73,22802.35,1575.00000,22800
105772,2026-09-28 14:26:06,17615,3120,36790,488.45,14.88,2026-10-13,22500,373230,252850,874835,122.00,14.36,22802.35,21.18820,22800
105774,2026-09-28 14:26:06,3575,0,5720,413.95,14.43,2026-10-13,22600,150865,102635,397995,148.45,13.93,22802.35,42.20000,22800
105776,2026-09-28 14:26:06,32955,2340,58175,346.15,14.08,2026-10-13,22700,251355,281905,660205,182.40,13.73,22802.35,7.62720,22800
105778,2026-09-28 14:26:06,114270,5980,306085,285.10,13.81,2026-10-13,22800,250510,156130,759785,218.00,13.29,22802.35,2.19230,22800
105780,2026-09-28 14:26:06,129415,9230,364975,231.25,13.60,2026-10-13,22900,133705,74165,511225,263.00,13.02,22802.35,1.03310,22800
105782,2026-09-28 14:26:06,375765,93535,902265,183.25,13.31,2026-10-13,23000,319540,265395,937235,314.70,12.85,22802.35,0.85040,22800
105784,2026-09-28 14:26:06,230815,165165,479700,141.40,13.08,2026-10-13,23100,176995,187980,213915,372.35,12.37,22802.35,0.76680,22800
105786,2026-09-28 14:26:06,338585,221715,464815,108.65,12.99,2026-10-13,23200,229450,255515,169195,439.00,12.16,22802.35,0.67770,22800
105788,2026-09-28 14:26:06,319865,255255,457535,82.55,12.92,2026-10-13,23300,114920,128180,56550,512.45,11.98,22802.35,0.35930,22800
105790,2026-09-28 14:26:06,439140,323505,655070,61.75,12.95,2026-10-13,23400,84435,128310,93015,594.55,12.14,22802.35,0.19230,22800
105792,2026-09-28 14:26:06,560235,416000,1123330,45.60,12.95,2026-10-13,23500,154895,173485,123760,680.85,11.85,22802.35,0.27650,22800
105794,2026-09-28 14:26:06,242060,178555,533195,33.85,13.05,2026-10-13,23600,40820,38415,8385,759.05,10.82,22802.35,0.16860,22800
105796,2026-09-28 14:26:06,235105,214760,463840,25.90,13.26,2026-10-13,23700,13520,11375,6695,820.00,0.00,22802.35,0.05750,22800
105798,2026-09-28 14:26:06,315835,243945,622635,19.80,13.49,2026-10-13,23800,11375,8515,3900,960.00,13.11,22802.35,0.03600,22800
105800,2026-09-28 14:26:06,97695,2080,313170,15.45,13.79,2026-10-13,23900,2600,1625,1755,997.00,0.00,22802.35,0.02660,22800
105802,2026-09-28 14:26:06,597090,546325,674180,12.85,14.25,2026-10-13,24000,10140,6890,5525,1088.50,0.00,22802.35,0.01700,22800
105804,2026-09-28 14:26:06,40495,18395,51090,11.00,14.77,2026-10-13,24100,6565,6565,1755,1200.00,0.00,22802.35,0.16210,22800
106096,2026-09-28 14:31:07,0,0,0,0.00,0.00,2026-10-13,22100,58760,38870,217035,55.50,16.09,22804.10,,22800
106098,2026-09-28 14:31:07,0,0,0,0.00,0.00,2026-10-13,22200,132470,97305,378300,67.25,15.59,22804.10,,22800
106100,2026-09-28 14:31:07,65,0,130,647.85,15.29,2026-10-13,22300,130975,72345,332475,82.00,15.18,22804.10,2015.00000,22800
106102,2026-09-28 14:31:07,65,65,130,584.25,16.11,2026-10-13,22400,104520,79300,281645,98.95,14.73,22804.10,1608.00000,22800
106104,2026-09-28 14:31:07,18005,3120,37765,494.00,14.92,2026-10-13,22500,375830,252850,886665,120.30,14.34,22804.10,20.87360,22800
106106,2026-09-28 14:31:07,3835,0,6175,420.00,14.52,2026-10-13,22600,150930,102635,402090,146.70,13.99,22804.10,39.35590,22800
106108,2026-09-28 14:31:07,34125,2340,60255,353.55,14.31,2026-10-13,22700,251030,281905,666965,177.80,13.67,22804.10,7.35620,22800
106110,2026-09-28 14:31:07,115245,5980,313040,291.45,13.95,2026-10-13,22800,252265,156130,775060,214.20,13.29,22804.10,2.18890,22800
106112,2026-09-28 14:31:07,130780,9230,369590,232.60,13.49,2026-10-13,22900,132665,74165,519870,258.75,12.98,22804.10,1.01440,22800
106114,2026-09-28 14:31:07,376025,93535,910975,186.85,13.40,2026-10-13,23000,320255,265395,943020,311.15,12.77,22804.10,0.85170,22800
106116,2026-09-28 14:31:07,233545,165165,488670,144.40,13.13,2026-10-13,23100,177125,187980,215735,368.85,12.48,22804.10,0.75840,22800
106118,2026-09-28 14:31:07,340665,221715,474695,111.50,13.05,2026-10-13,23200,229515,255515,169715,436.00,12.35,22804.10,0.67370,22800
106120,2026-09-28 14:31:07,323375,255255,465335,84.30,12.96,2026-10-13,23300,114790,128180,56745,502.65,11.74,22804.10,0.35500,22800
106122,2026-09-28 14:31:07,439790,323505,659165,63.20,12.95,2026-10-13,23400,83850,128310,93665,589.00,12.16,22804.10,0.19070,22800
106124,2026-09-28 14:31:07,560365,416000,1141205,46.75,12.95,2026-10-13,23500,154765,173485,125255,675.70,12.33,22804.10,0.27620,22800
106126,2026-09-28 14:31:07,243945,178555,545610,34.90,13.05,2026-10-13,23600,40820,38415,8515,758.45,11.63,22804.10,0.16730,22800
106128,2026-09-28 14:31:07,234650,214760,469690,26.70,13.28,2026-10-13,23700,13520,11375,6695,820.00,0.00,22804.10,0.05760,22800
106130,2026-09-28 14:31:07,315315,243945,629395,20.55,13.53,2026-10-13,23800,11310,8515,3965,937.30,8.79,22804.10,0.03590,22800
106132,2026-09-28 14:31:07,97110,2080,317395,16.15,13.84,2026-10-13,23900,2600,1625,1755,997.00,0.00,22804.10,0.02680,22800
106134,2026-09-28 14:31:07,597610,546325,676910,13.10,14.24,2026-10-13,24000,10270,6890,5655,1130.05,0.00,22804.10,0.01720,22800
106136,2026-09-28 14:31:07,40495,18395,51610,10.75,14.65,2026-10-13,24100,6565,6565,1755,1200.00,0.00,22804.10,0.16210,22800
106428,2026-09-28 14:36:08,0,0,0,0.00,0.00,2026-10-13,22100,59800,38870,230815,58.70,15.95,22782.85,,22800
106430,2026-09-28 14:36:08,0,0,0,0.00,0.00,2026-10-13,22200,131755,97305,380900,70.60,15.48,22782.85,,22800
106432,2026-09-28 14:36:08,65,0,130,647.85,16.72,2026-10-13,22300,133510,72345,336505,86.00,15.08,22782.85,2054.00000,22800
106434,2026-09-28 14:36:08,65,65,130,584.25,17.14,2026-10-13,22400,103350,79300,287560,103.25,14.60,22782.85,1590.00000,22800
106436,2026-09-28 14:36:08,18070,3120,37895,485.00,15.46,2026-10-13,22500,371215,252850,913965,126.90,14.29,22782.85,20.54320,22800
106438,2026-09-28 14:36:08,4095,0,6370,408.00,15.01,2026-10-13,22600,150475,102635,409630,153.25,13.86,22782.85,36.74600,22800
106440,2026-09-28 14:36:08,36660,2340,64350,342.95,14.52,2026-10-13,22700,249730,281905,670020,183.75,13.40,22782.85,6.81210,22800
106442,2026-09-28 14:36:08,120315,5980,324870,282.95,14.23,2026-10-13,22800,258050,156130,806845,222.80,13.15,22782.85,2.14480,22800
106444,2026-09-28 14:36:08,131430,9230,375310,227.00,13.84,2026-10-13,22900,129870,74165,531310,268.15,12.78,22782.85,0.98810,22800
106446,2026-09-28 14:36:08,379730,93535,927095,180.50,13.58,2026-10-13,23000,307710,265395,975910,321.00,12.52,22782.85,0.81030,22800
106448,2026-09-28 14:36:08,235300,165165,496795,139.15,13.31,2026-10-13,23100,176930,187980,216645,380.00,12.15,22782.85,0.75190,22800
106450,2026-09-28 14:36:08,343915,221715,486265,106.95,13.22,2026-10-13,23200,229190,255515,171405,447.60,11.92,22782.85,0.66640,22800
106452,2026-09-28 14:36:08,327470,255255,479180,81.00,13.15,2026-10-13,23300,114790,128180,56745,502.65,10.14,22782.85,0.35050,22800
106454,2026-09-28 14:36:08,440310,323505,663520,60.00,13.07,2026-10-13,23400,83785,128310,93795,600.35,11.29,22782.85,0.19030,22800
106456,2026-09-28 14:36:08,568620,416000,1159275,44.55,13.08,2026-10-13,23500,154570,173485,128765,688.10,11.30,22782.85,0.27180,22800
106458,2026-09-28 14:36:08,246935,178555,567385,32.95,13.17,2026-10-13,23600,40820,38415,8645,767.40,9.09,22782.85,0.16530,22800
106460,2026-09-28 14:36:08,228150,214760,482820,25.35,13.41,2026-10-13,23700,13520,11375,6695,820.00,0.00,22782.85,0.05930,22800
106462,2026-09-28 14:36:08,314990,243945,634140,19.65,13.67,2026-10-13,23800,11310,8515,3965,937.30,0.00,22782.85,0.03590,22800
106464,2026-09-28 14:36:08,96265,2080,319410,15.70,13.99,2026-10-13,23900,2600,1625,1755,997.00,0.00,22782.85,0.02700,22800
106466,2026-09-28 14:36:08,596245,546325,685360,12.75,14.45,2026-10-13,24000,10270,6890,5655,1130.05,0.00,22782.85,0.01720,22800
106468,2026-09-28 14:36:08,40625,18395,52195,10.25,14.77,2026-10-13,24100,6565,6565,1755,1200.00,0.00,22782.85,0.16160,22800
106760,2026-09-28 14:40:06,0,0,0,0.00,0.00,2026-10-13,22100,62530,38870,234845,62.15,16.08,22766.50,,22800
106762,2026-09-28 14:40:06,0,0,0,0.00,0.00,2026-10-13,22200,131820,97305,390780,75.25,15.60,22766.50,,22800
106764,2026-09-28 14:40:06,65,0,130,647.85,17.40,2026-10-13,22300,134095,72345,342550,91.05,15.27,22766.50,2063.00000,22800
106766,2026-09-28 14:40:06,65,65,130,584.25,17.91,2026-10-13,22400,102830,79300,295555,110.50,14.87,22766.50,1582.00000,22800
106768,2026-09-28 14:40:06,18395,3120,38415,470.05,15.27,2026-10-13,22500,372190,252850,932945,133.35,14.41,22766.50,20.23320,22800
106770,2026-09-28 14:40:06,4160,0,6435,400.95,14.85,2026-10-13,22600,146900,102635,418275,161.85,14.02,22766.50,35.31250,22800
106772,2026-09-28 14:40:06,39195,2340,71370,334.00,14.58,2026-10-13,22700,249210,281905,677300,195.45,13.66,22766.50,6.35820,22800
106774,2026-09-28 14:40:06,123435,5980,338975,275.00,14.33,2026-10-13,22800,255775,156130,828035,235.20,13.32,22766.50,2.07210,22800
106776,2026-09-28 14:40:06,131430,9230,380250,220.25,13.91,2026-10-13,22900,129740,74165,540345,281.30,12.98,22766.50,0.98710,22800
106778,2026-09-28 14:40:06,383240,93535,943800,176.35,13.78,2026-10-13,23000,309855,265395,1004445,336.00,12.89,22766.50,0.80850,22800
106780,2026-09-28 14:40:06,220545,165165,532545,136.15,13.50,2026-10-13,23100,176605,187980,219310,394.00,12.30,22766.50,0.80080,22800
106782,2026-09-28 14:40:06,342615,221715,495040,104.30,13.37,2026-10-13,23200,227695,255515,173550,463.95,12.16,22766.50,0.66460,22800
106784,2026-09-28 14:40:06,328770,255255,491270,79.50,13.33,2026-10-13,23300,114725,128180,58240,539.70,12.27,22766.50,0.34900,22800
106786,2026-09-28 14:40:06,445770,323505,674895,59.80,13.24,2026-10-13,23400,82940,128310,96135,619.00,11.67,22766.50,0.18610,22800
106788,2026-09-28 14:40:06,576485,416000,1193400,44.25,13.26,2026-10-13,23500,154440,173485,130065,709.00,12.35,22766.50,0.26790,22800
106790,2026-09-28 14:40:06,247585,178555,591695,33.10,13.40,2026-10-13,23600,40755,38415,8840,791.40,10.70,22766.50,0.16460,22800
106792,2026-09-28 14:40:06,228540,214760,486005,25.30,13.61,2026-10-13,23700,13520,11375,6695,820.00,0.00,22766.50,0.05920,22800
106794,2026-09-28 14:40:06,317265,243945,643890,19.65,13.87,2026-10-13,23800,11310,8515,3965,937.30,0.00,22766.50,0.03560,22800
106796,2026-09-28 14:40:06,95355,2080,324350,15.80,14.21,2026-10-13,23900,2600,1625,1755,997.00,0.00,22766.50,0.02730,22800
106798,2026-09-28 14:40:06,595270,546325,689650,12.90,14.65,2026-10-13,24000,10270,6890,5720,1171.80,0.00,22766.50,0.01730,22800
106800,2026-09-28 14:40:06,40560,18395,53040,10.85,15.05,2026-10-13,24100,6565,6565,1755,1200.00,0.00,22766.50,0.16190,22800
107092,2026-09-28 14:46:07,0,0,0,0.00,0.00,2026-10-13,22100,63570,38870,238810,58.35,15.84,22779.10,,22800
107094,2026-09-28 14:46:07,0,0,0,0.00,0.00,2026-10-13,22200,130520,97305,397020,70.50,15.40,22779.10,,22800
107096,2026-09-28 14:46:07,65,0,130,647.85,17.01,2026-10-13,22300,133510,72345,351520,85.35,14.95,22779.10,2054.00000,22800
107098,2026-09-28 14:46:07,65,65,130,584.25,17.59,2026-10-13,22400,100295,79300,307190,102.75,14.48,22779.10,1543.00000,22800
107100,2026-09-28 14:46:07,20735,3120,41665,477.00,15.21,2026-10-13,22500,334750,252850,999115,125.30,14.09,22779.10,16.14420,22800
107102,2026-09-28 14:46:07,4940,0,7670,403.10,14.70,2026-10-13,22600,148330,102635,434265,152.85,13.74,22779.10,30.02630,22800
107104,2026-09-28 14:46:07,49075,2340,88920,338.00,14.42,2026-10-13,22700,246740,281905,704860,184.85,13.34,22779.10,5.02780,22800
107106,2026-09-28 14:46:07,125710,5980,355290,277.10,14.07,2026-10-13,22800,255255,156130,844025,224.65,13.05,22779.10,2.03050,22800
107108,2026-09-28 14:46:07,131885,9230,387270,224.95,13.87,2026-10-13,22900,128505,74165,545870,268.45,12.63,22779.10,0.97440,22800
107110,2026-09-28 14:46:07,396435,93535,976690,176.80,13.54,2026-10-13,23000,338585,265395,1023815,325.05,12.53,22779.10,0.85410,22800
107112,2026-09-28 14:46:07,224185,165165,541125,136.75,13.35,2026-10-13,23100,176345,187980,220350,383.10,12.12,22779.10,0.78660,22800
107114,2026-09-28 14:46:07,344695,221715,518765,105.95,13.26,2026-10-13,23200,227110,255515,175435,448.85,11.73,22779.10,0.65890,22800
107116,2026-09-28 14:46:07,330850,255255,504270,80.20,13.19,2026-10-13,23300,113620,128180,59540,528.80,11.89,22779.10,0.34340,22800
107118,2026-09-28 14:46:07,446420,323505,687505,59.60,13.16,2026-10-13,23400,82745,128310,96330,614.25,12.14,22779.10,0.18540,22800
107120,2026-09-28 14:46:07,584155,416000,1238835,44.85,13.20,2026-10-13,23500,154375,173485,130715,696.60,11.72,22779.10,0.26430,22800
107122,2026-09-28 14:46:07,251550,178555,618475,33.80,13.34,2026-10-13,23600,40690,38415,9685,775.95,9.87,22779.10,0.16180,22800
107124,2026-09-28 14:46:07,218335,214760,524420,26.10,13.58,2026-10-13,23700,13520,11375,6695,820.00,0.00,22779.10,0.06190,22800
107126,2026-09-28 14:46:07,320060,243945,662350,19.70,13.76,2026-10-13,23800,11310,8515,4160,919.60,0.00,22779.10,0.03530,22800
107128,2026-09-28 14:46:07,94315,2080,331565,15.80,14.10,2026-10-13,23900,2600,1625,1755,997.00,0.00,22779.10,0.02760,22800
107130,2026-09-28 14:46:07,593385,546325,704405,12.75,14.50,2026-10-13,24000,10270,6890,5720,1171.80,12.48,22779.10,0.01730,22800
107132,2026-09-28 14:46:07,40625,18395,53950,10.50,14.89,2026-10-13,24100,6565,6565,1755,1200.00,0.00,22779.10,0.16160,22800
107424,2026-09-28 14:51:07,0,0,0,0.00,0.00,2026-10-13,22100,63505,38870,242125,54.10,15.76,22801.00,,22800
107426,2026-09-28 14:51:07,0,0,0,0.00,0.00,2026-10-13,22200,130065,97305,402025,65.60,15.31,22801.00,,22800
107428,2026-09-28 14:51:07,65,0,130,647.85,15.73,2026-10-13,22300,136435,72345,357955,80.20,14.90,22801.00,2099.00000,22800
107430,2026-09-28 14:51:07,65,65,130,584.25,16.51,2026-10-13,22400,99450,79300,313690,96.95,14.46,22801.00,1530.00000,22800
107432,2026-09-28 14:51:07,20865,3120,42315,488.95,14.94,2026-10-13,22500,367575,252850,1070420,118.95,14.13,22801.00,17.61680,22800
107434,2026-09-28 14:51:07,5460,0,8320,415.55,14.59,2026-10-13,22600,149045,102635,450320,145.00,13.73,22801.00,27.29760,22800
107436,2026-09-28 14:51:07,61100,2340,100555,349.10,14.27,2026-10-13,22700,251290,281905,715910,175.65,13.35,22801.00,4.11280,22800
107438,2026-09-28 14:51:07,127595,5980,361660,285.55,13.89,2026-10-13,22800,256555,156130,856960,213.25,13.02,22801.00,2.01070,22800
107440,2026-09-28 14:51:07,132080,9230,393900,230.00,13.55,2026-10-13,22900,128180,74165,552500,256.25,12.64,22801.00,0.97050,22800
107442,2026-09-28 14:51:07,404820,93535,995215,182.80,13.34,2026-10-13,23000,341315,265395,1037985,309.70,12.47,22801.00,0.84310,22800
107444,2026-09-28 14:51:07,227305,165165,550160,141.25,13.16,2026-10-13,23100,177190,187980,223990,370.00,12.27,22801.00,0.77950,22800
107446,2026-09-28 14:51:07,351325,221715,530660,108.05,12.97,2026-10-13,23200,227305,255515,177580,433.00,11.82,22801.00,0.64700,22800
107448,2026-09-28 14:51:07,333580,255255,515840,82.05,12.94,2026-10-13,23300,113555,128180,60580,510.00,11.80,22801.00,0.34040,22800
107450,2026-09-28 14:51:07,446550,323505,695695,61.35,12.92,2026-10-13,23400,82680,128310,96525,598.00,12.41,22801.00,0.18520,22800
107452,2026-09-28 14:51:07,582465,416000,1261195,45.80,12.99,2026-10-13,23500,154180,173485,133900,677.00,11.72,22801.00,0.26470,22800
107454,2026-09-28 14:51:07,251160,178555,636285,34.35,13.09,2026-10-13,23600,40690,38415,9685,775.95,12.94,22801.00,0.16200,22800
107456,2026-09-28 14:51:07,214500,214760,537355,26.40,13.34,2026-10-13,23700,13520,11375,6695,820.00,0.00,22801.00,0.06300,22800
107458,2026-09-28 14:51:07,325325,243945,670020,19.75,13.49,2026-10-13,23800,11440,8515,4485,952.25,11.51,22801.00,0.03520,22800
107460,2026-09-28 14:51:07,94705,2080,331955,15.75,13.87,2026-10-13,23900,2600,1625,1755,997.00,0.00,22801.00,0.02750,22800
107462,2026-09-28 14:51:07,595205,546325,714480,12.85,14.27,2026-10-13,24000,10270,6890,5720,1171.80,16.88,22801.00,0.01730,22800
107464,2026-09-28 14:51:07,39975,18395,54925,10.45,14.68,2026-10-13,24100,6565,6565,1755,1200.00,0.00,22801.00,0.16420,22800
107756,2026-09-28 14:56:07,0,0,0,0.00,0.00,2026-10-13,22100,63440,38870,244530,53.55,15.70,22799.65,,22800
107758,2026-09-28 14:56:07,0,0,0,0.00,0.00,2026-10-13,22200,129480,97305,404430,64.80,15.24,22799.65,,22800
107760,2026-09-28 14:56:07,65,0,130,647.85,15.78,2026-10-13,22300,134680,72345,361270,79.25,14.85,22799.65,2072.00000,22800
107762,2026-09-28 14:56:07,65,65,130,584.25,16.53,2026-10-13,22400,99255,79300,316485,95.95,14.40,22799.65,1527.00000,22800
107764,2026-09-28 14:56:07,20930,3120,43030,491.90,15.17,2026-10-13,22500,373295,252850,1080040,117.25,13.98,22799.65,17.83540,22800
107766,2026-09-28 14:56:07,5460,0,9425,418.00,14.72,2026-10-13,22600,155935,102635,455325,143.00,13.62,22799.65,28.55950,22800
107768,2026-09-28 14:56:07,62205,2340,102050,347.70,14.23,2026-10-13,22700,252915,281905,722085,174.55,13.28,22799.65,4.06580,22800
107770,2026-09-28 14:56:07,127725,5980,371215,285.25,13.94,2026-10-13,22800,261105,156130,871910,211.00,12.88,22799.65,2.04430,22800
107772,2026-09-28 14:56:07,132145,9230,397280,230.65,13.61,2026-10-13,22900,127725,74165,555230,254.60,12.51,22799.65,0.96660,22800
107774,2026-09-28 14:56:07,403130,93535,1028300,182.25,13.33,2026-10-13,23000,341640,265395,1065090,307.20,12.29,22799.65,0.84750,22800
107776,2026-09-28 14:56:07,228540,165165,554840,140.40,13.07,2026-10-13,23100,177320,187980,225355,364.40,11.91,22799.65,0.77590,22800
107778,2026-09-28 14:56:07,352105,221715,533910,107.40,12.95,2026-10-13,23200,226590,255515,179270,430.00,11.58,22799.65,0.64350,22800
107780,2026-09-28 14:56:07,335530,255255,522600,80.75,12.86,2026-10-13,23300,113555,128180,60645,508.75,11.72,22799.65,0.33840,22800
107782,2026-09-28 14:56:07,447070,323505,703690,60.15,12.83,2026-10-13,23400,81185,128310,98865,584.40,11.16,22799.65,0.18160,22800
107784,2026-09-28 14:56:07,584870,416000,1271920,45.15,12.92,2026-10-13,23500,153140,173485,137930,669.75,10.94,22799.65,0.26180,22800
107786,2026-09-28 14:56:07,254475,178555,646815,33.70,13.04,2026-10-13,23600,40690,38415,9685,775.95,12.86,22799.65,0.15990,22800
107788,2026-09-28 14:56:07,214045,214760,546910,25.80,13.27,2026-10-13,23700,13520,11375,6695,820.00,0.00,22799.65,0.06320,22800
107790,2026-09-28 14:56:07,328575,243945,679835,19.50,13.47,2026-10-13,23800,11440,8515,6955,935.90,0.00,22799.65,0.03480,22800
107792,2026-09-28 14:56:07,94445,2080,332540,15.55,13.82,2026-10-13,23900,3445,1625,2665,1016.05,0.00,22799.65,0.03650,22800
107794,2026-09-28 14:56:07,595530,546325,722735,12.60,14.22,2026-10-13,24000,10270,6890,5980,1125.00,0.00,22799.65,0.01720,22800
107796,2026-09-28 14:56:07,39975,18395,54925,10.45,14.66,2026-10-13,24100,6565,6565,1755,1200.00,0.00,22799.65,0.16420,22800
108088,2026-09-28 15:01:06,0,0,0,0.00,0.00,2026-10-13,22100,62985,38870,245570,53.35,15.61,22793.70,,22800
108090,2026-09-28 15:01:06,0,0,0,0.00,0.00,2026-10-13,22200,130975,97305,412295,64.95,15.18,22793.70,,22800
108092,2026-09-28 15:01:06,65,0,130,647.85,16.10,2026-10-13,22300,135135,72345,363480,78.55,14.72,22793.70,2079.00000,22800
108094,2026-09-28 15:01:06,65,65,130,584.25,16.60,2026-10-13,22400,99190,79300,320125,96.35,14.33,22793.70,1526.00000,22800
108096,2026-09-28 15:01:06,21190,3120,43355,484.95,14.97,2026-10-13,22500,374530,252850,1087580,117.90,13.95,22793.70,17.67480,22800
108098,2026-09-28 15:01:06,5265,0,10075,409.15,14.42,2026-10-13,22600,158925,102635,465855,145.00,13.54,22793.70,30.18520,22800
108100,2026-09-28 15:01:06,62790,2340,102570,342.70,14.13,2026-10-13,22700,253500,281905,725660,175.00,13.07,22793.70,4.03730,22800
108102,2026-09-28 15:01:06,128440,5980,374855,280.00,13.79,2026-10-13,22800,263705,156130,881790,213.00,12.80,22793.70,2.05310,22800
108104,2026-09-28 15:01:06,142220,9230,412230,225.05,13.47,2026-10-13,22900,127855,74165,557375,258.00,12.56,22793.70,0.89900,22800
108106,2026-09-28 15:01:06,405470,93535,1059435,178.10,13.24,2026-10-13,23000,343915,265395,1095640,309.15,12.22,22793.70,0.84820,22800
108108,2026-09-28 15:01:06,231010,165165,559585,135.80,12.98,2026-10-13,23100,177385,187980,226915,368.00,11.91,22793.70,0.76790,22800
108110,2026-09-28 15:01:06,353535,221715,542555,104.00,12.90,2026-10-13,23200,226655,255515,179920,427.05,11.12,22793.70,0.64110,22800
108112,2026-09-28 15:01:06,340665,255255,532740,78.25,12.82,2026-10-13,23300,113425,128180,62530,501.15,10.80,22793.70,0.33300,22800
108114,2026-09-28 15:01:06,446290,323505,708825,58.25,12.76,2026-10-13,23400,80665,128310,99710,589.00,11.16,22793.70,0.18070,22800
108116,2026-09-28 15:01:06,588900,416000,1286610,43.40,12.86,2026-10-13,23500,153075,173485,138580,669.75,10.33,22793.70,0.25990,22800
108118,2026-09-28 15:01:06,256945,178555,663975,32.30,12.97,2026-10-13,23600,40690,38415,9685,775.95,12.28,22793.70,0.15840,22800
108120,2026-09-28 15:01:06,212160,214760,563615,25.00,13.23,2026-10-13,23700,13520,11375,6695,820.00,0.00,22793.70,0.06370,22800
108122,2026-09-28 15:01:06,331305,243945,685490,18.75,13.46,2026-10-13,23800,11440,8515,6955,935.90,0.00,22793.70,0.03450,22800
108124,2026-09-28 15:01:06,97370,2080,364780,15.20,13.82,2026-10-13,23900,3445,1625,2665,1016.05,0.00,22793.70,0.03540,22800
108126,2026-09-28 15:01:06,599235,546325,755365,12.20,14.19,2026-10-13,24000,10465,6890,6435,1130.00,0.00,22793.70,0.01750,22800
108128,2026-09-28 15:01:06,39780,18395,55380,9.85,14.56,2026-10-13,24100,6565,6565,1755,1200.00,0.00,22793.70,0.16500,22800
