date_entry,strike_price,put_writer_oi,put_wri_oi_prev,put_volume,put_ltp,expiry_date,nifty_spot_price
2026-09-21 08:54:06,22300,5153980,4453670,37942125,3.00,2026-09-22,23346.40
2026-09-21 08:55:06,22300,5153980,4453670,37942125,3.00,2026-09-22,23346.40
2026-09-21 09:00:06,22300,5153980,4453670,37942125,3.00,2026-09-22,23197.15
2026-09-21 09:12:06,22300,5153980,5147740,37942125,3.00,2026-09-22,23330.20
2026-09-21 09:16:06,22300,5192460,5147740,975455,1.35,2026-09-22,23342.95
2026-09-21 09:21:06,22300,5108285,5147740,2970240,1.40,2026-09-22,23384.85
2026-09-21 09:26:05,22300,5078840,5147740,4081025,1.35,2026-09-22,23386.00
2026-09-21 09:31:06,22300,5271630,5147740,5209490,1.50,2026-09-22,23402.20
2026-09-21 09:36:06,22300,5242705,5147740,7370090,1.50,2026-09-22,23406.40
2026-09-21 09:41:06,22300,5320705,5147740,8526115,1.45,2026-09-22,23386.00
2026-09-21 09:46:05,22300,5243745,5147740,8985860,1.45,2026-09-22,23398.70
2026-09-21 09:51:05,22300,5114460,5147740,10583625,1.60,2026-09-22,23401.95
2026-09-21 09:56:06,22300,4963725,5147740,11061700,1.60,2026-09-22,23395.40
2026-09-21 10:01:05,22300,4889625,5147740,11643580,1.50,2026-09-22,23392.20
2026-09-21 10:06:05,22300,4866420,5147740,11885445,1.45,2026-09-22,23384.90
2026-09-21 10:11:06,22300,4850560,5147740,12193545,1.50,2026-09-22,23387.85
2026-09-21 10:16:06,22300,4839900,5147740,12474930,1.50,2026-09-22,23371.85
2026-09-21 10:21:06,22300,4838470,5147740,12726870,1.45,2026-09-22,23371.90
2026-09-21 10:26:06,22300,4809870,5147740,12915370,1.35,2026-09-22,23366.40
2026-09-21 10:31:06,22300,4757870,5147740,13139295,1.30,2026-09-22,23368.60
2026-09-21 10:36:06,22300,4749290,5147740,13258310,1.35,2026-09-22,23365.70
2026-09-21 10:41:05,22300,4802135,5147740,13436215,1.30,2026-09-22,23367.35
2026-09-21 10:46:06,22300,4765995,5147740,13575445,1.20,2026-09-22,23381.95
2026-09-21 10:51:06,22300,4753060,5147740,13865345,1.25,2026-09-22,23379.70
2026-09-21 10:56:05,22300,4698070,5147740,14028105,1.25,2026-09-22,23380.50
2026-09-21 11:01:06,22300,4702815,5147740,14214590,1.30,2026-09-22,23385.15
2026-09-21 11:06:06,22300,4676425,5147740,14371955,1.30,2026-09-22,23386.50
2026-09-21 11:11:06,22300,4707300,5147740,14634750,1.35,2026-09-22,23394.65
2026-09-21 11:16:06,22300,4688905,5147740,14977300,1.40,2026-09-22,23395.80
2026-09-21 11:21:05,22300,4714515,5147740,15307825,1.45,2026-09-22,23392.30
2026-09-21 11:26:05,22300,4738370,5147740,15451995,1.45,2026-09-22,23393.30
2026-09-21 11:31:05,22300,4791150,5147740,15658500,1.55,2026-09-22,23400.10
2026-09-21 11:36:06,22300,4797325,5147740,15854865,1.50,2026-09-22,23399.10
2026-09-21 11:41:06,22300,4784455,5147740,15988635,1.55,2026-09-22,23398.65
2026-09-21 11:46:05,22300,4798625,5147740,16107195,1.55,2026-09-22,23403.25
2026-09-21 11:51:06,22300,4785755,5147740,16227965,1.55,2026-09-22,23399.85
2026-09-21 11:56:06,22300,4802265,5147740,16533335,1.65,2026-09-22,23417.40
2026-09-21 12:01:06,22300,4852185,5147740,16724695,1.70,2026-09-22,23429.85
2026-09-21 12:06:06,22300,4885270,5147740,16982745,1.75,2026-09-22,23423.05
2026-09-21 12:11:07,22300,4936100,5147740,17524650,1.65,2026-09-22,23417.70
2026-09-21 12:16:06,22300,4936360,5147740,17569695,1.55,2026-09-22,23418.55
2026-09-21 12:21:06,22300,5014685,5147740,17889365,1.65,2026-09-22,23417.20
2026-09-21 12:26:06,22300,5056805,5147740,18114070,1.75,2026-09-22,23415.75
2026-09-21 12:31:07,22300,5093075,5147740,18246150,1.65,2026-09-22,23421.65
2026-09-21 12:36:06,22300,5079035,5147740,18329610,1.60,2026-09-22,23414.40
2026-09-21 12:41:06,22300,5088460,5147740,18505695,1.60,2026-09-22,23411.55
2026-09-21 12:46:06,22300,5113160,5147740,18749705,1.65,2026-09-22,23414.90
2026-09-21 12:51:06,22300,5112380,5147740,18892055,1.70,2026-09-22,23412.40
2026-09-21 12:56:06,22300,5123235,5147740,19049745,1.75,2026-09-22,23414.80
2026-09-21 13:01:06,22300,5094635,5147740,19557850,1.80,2026-09-22,23411.95
2026-09-21 13:06:06,22300,5085665,5147740,19760260,1.75,2026-09-22,23407.60
2026-09-21 13:11:06,22300,5119010,5147740,19846840,1.70,2026-09-22,23402.90
2026-09-21 13:16:07,22300,5105295,5147740,19987240,1.60,2026-09-22,23417.70
2026-09-21 13:21:07,22300,5108740,5147740,20358910,1.50,2026-09-22,23424.00
2026-09-21 13:26:06,22300,5108610,5147740,20446985,1.60,2026-09-22,23426.85
2026-09-21 13:31:06,22300,5109260,5147740,20600450,1.70,2026-09-22,23426.85
2026-09-21 13:36:06,22300,5121025,5147740,20984145,1.70,2026-09-22,23435.55
2026-09-21 13:41:07,22300,5152030,5147740,21312850,1.60,2026-09-22,23429.95
2026-09-21 13:46:06,22300,5184205,5147740,21778965,1.70,2026-09-22,23428.85
2026-09-21 13:51:06,22300,5066620,5147740,22122685,1.70,2026-09-22,23437.55
2026-09-21 13:56:06,22300,5072210,5147740,22308520,1.70,2026-09-22,23444.45
2026-09-21 14:01:05,22300,5255575,5147740,23259665,1.85,2026-09-22,23463.55
2026-09-21 14:06:06,22300,5262595,5147740,23839075,1.85,2026-09-22,23457.85
2026-09-21 14:11:07,22300,5274295,5147740,24216725,1.90,2026-09-22,23451.70
2026-09-21 14:16:06,22300,5252000,5147740,24455665,1.85,2026-09-22,23450.90
2026-09-21 14:21:06,22300,5341375,5147740,24745955,1.80,2026-09-22,23461.20
2026-09-21 14:26:07,22300,5327400,5147740,25127700,1.65,2026-09-22,23453.90
2026-09-21 14:31:06,22300,5309460,5147740,25322505,1.60,2026-09-22,23445.85
2026-09-21 14:36:06,22300,5265715,5147740,25456405,1.70,2026-09-22,23444.00
2026-09-21 14:40:07,22300,5246865,5147740,25509575,1.60,2026-09-22,23448.05
2026-09-21 14:46:06,22300,5192915,5147740,26040625,1.60,2026-09-22,23450.55
2026-09-21 14:51:07,22300,5148260,5147740,26257920,1.50,2026-09-22,23450.75
2026-09-21 14:56:06,22300,5101460,5147740,26895375,1.55,2026-09-22,23449.75
2026-09-21 15:01:06,22300,5035030,5147740,28060240,1.40,2026-09-22,23448.10
2026-09-21 15:06:06,22300,4846660,5147740,28873325,1.50,2026-09-22,23440.25
2026-09-21 15:11:06,22300,4746040,5147740,29755115,1.45,2026-09-22,23437.10
2026-09-21 15:16:06,22300,4701125,5147740,30623905,1.50,2026-09-22,23429.00
2026-09-21 15:21:06,22300,4710420,5147740,31443880,1.45,2026-09-22,23429.00
2026-09-21 15:26:07,22300,4559295,5147740,32879990,1.45,2026-09-22,23429.00
2026-09-21 15:31:06,22300,4356170,5147740,33932860,1.50,2026-09-22,23414.30
2026-09-21 15:36:07,22300,4392050,5147740,34847280,1.60,2026-09-22,23414.30
2026-09-21 15:41:06,22300,4315740,5147740,35937850,1.70,2026-09-22,23414.30
2026-09-21 22:30:05,22300,4315740,5147740,35937850,1.70,2026-09-22,23414.30
2026-09-21 22:35:06,22300,4315740,5147740,35937850,1.70,2026-09-22,23414.30
2026-09-21 23:00:05,22300,4315740,5147740,35937850,1.70,2026-09-22,23414.30
2026-09-21 23:05:06,22300,4315740,5147740,35937850,1.70,2026-09-22,23414.30
2026-09-21 08:54:07,22300,784030,645775,2665650,8.60,2026-09-29,23346.40
2026-09-21 08:55:06,22300,784030,645775,2665650,8.60,2026-09-29,23346.40
2026-09-21 09:00:07,22300,784030,645775,2665650,8.60,2026-09-29,23197.80
2026-09-21 09:12:07,22300,784030,781365,2665650,8.60,2026-09-29,23330.20
2026-09-21 09:16:06,22300,781690,781365,33605,7.40,2026-09-29,23343.65
2026-09-21 09:21:06,22300,789100,781365,386620,6.30,2026-09-29,23385.35
2026-09-21 09:26:06,22300,806195,781365,424385,6.20,2026-09-29,23386.30
2026-09-21 09:31:06,22300,843375,781365,530075,6.10,2026-09-29,23401.55
2026-09-21 09:36:06,22300,851110,781365,588055,6.10,2026-09-29,23406.40
2026-09-21 09:41:06,22300,774605,781365,695110,6.10,2026-09-29,23386.65
2026-09-21 09:46:06,22300,748865,781365,807170,6.15,2026-09-29,23398.55
2026-09-21 09:51:06,22300,749450,781365,853840,6.00,2026-09-29,23402.45
2026-09-21 09:56:06,22300,729235,781365,884845,5.90,2026-09-29,23395.15
2026-09-21 10:01:06,22300,738335,781365,903045,5.85,2026-09-29,23391.85
2026-09-21 10:06:06,22300,737035,781365,924170,5.95,2026-09-29,23384.15
2026-09-21 10:11:07,22300,732160,781365,937430,6.05,2026-09-29,23387.90
2026-09-21 10:16:07,22300,737490,781365,958750,6.10,2026-09-29,23371.90
2026-09-21 10:21:06,22300,731965,781365,981695,6.20,2026-09-29,23372.55
2026-09-21 10:26:06,22300,729885,781365,1023815,6.15,2026-09-29,23366.60
2026-09-21 10:31:06,22300,734890,781365,1043575,6.15,2026-09-29,23368.65
2026-09-21 10:36:06,22300,737230,781365,1054300,6.10,2026-09-29,23365.90
2026-09-21 10:41:06,22300,737750,781365,1065350,6.30,2026-09-29,23366.90
2026-09-21 10:46:06,22300,741650,781365,1103310,6.20,2026-09-29,23381.05
2026-09-21 10:51:06,22300,744445,781365,1113320,6.00,2026-09-29,23380.20
2026-09-21 10:56:06,22300,750685,781365,1123785,5.90,2026-09-29,23380.20
2026-09-21 11:01:07,22300,754845,781365,1139060,5.95,2026-09-29,23386.80
2026-09-21 11:06:07,22300,755300,781365,1141400,5.90,2026-09-29,23387.55
2026-09-21 11:11:07,22300,755040,781365,1146210,5.80,2026-09-29,23395.80
2026-09-21 11:16:06,22300,755365,781365,1152645,5.90,2026-09-29,23395.20
2026-09-21 11:21:06,22300,763360,781365,1176110,6.00,2026-09-29,23392.40
2026-09-21 11:26:06,22300,763035,781365,1188525,6.00,2026-09-29,23393.30
2026-09-21 11:31:06,22300,764010,781365,1196520,5.85,2026-09-29,23400.20
2026-09-21 11:36:07,22300,763555,781365,1213485,5.85,2026-09-29,23398.80
2026-09-21 11:41:06,22300,764660,781365,1222455,5.90,2026-09-29,23399.10
2026-09-21 11:46:06,22300,767520,781365,1231880,5.85,2026-09-29,23402.45
2026-09-21 11:51:06,22300,770315,781365,1265615,5.80,2026-09-29,23400.10
2026-09-21 11:56:06,22300,773955,781365,1280565,5.75,2026-09-29,23418.05
2026-09-21 12:01:06,22300,775645,781365,1295385,5.90,2026-09-29,23430.40
2026-09-21 12:06:07,22300,776425,781365,1312025,6.10,2026-09-29,23423.80
2026-09-21 12:11:07,22300,786045,781365,1336660,6.05,2026-09-29,23418.25
2026-09-21 12:16:06,22300,788320,781365,1340235,6.10,2026-09-29,23418.30
2026-09-21 12:21:06,22300,790075,781365,1386840,6.15,2026-09-29,23417.15
2026-09-21 12:26:06,22300,805805,781365,1413880,6.25,2026-09-29,23415.60
2026-09-21 12:31:07,22300,810095,781365,1438125,6.05,2026-09-29,23422.00
2026-09-21 12:36:06,22300,820950,781365,1465815,6.20,2026-09-29,23414.35
2026-09-21 12:41:07,22300,821340,781365,1468740,6.15,2026-09-29,23412.00
2026-09-21 12:46:07,22300,825240,781365,1485120,6.05,2026-09-29,23415.85
2026-09-21 12:51:07,22300,816660,781365,1491425,6.10,2026-09-29,23413.00
2026-09-21 12:56:07,22300,817700,781365,1494935,6.15,2026-09-29,23414.15
2026-09-21 13:01:07,22300,817635,781365,1497795,6.15,2026-09-29,23411.85
2026-09-21 13:06:07,22300,817310,781365,1506245,6.20,2026-09-29,23408.35
2026-09-21 13:11:07,22300,820365,781365,1525160,6.10,2026-09-29,23402.60
2026-09-21 13:16:08,22300,822185,781365,1531790,6.05,2026-09-29,23417.50
2026-09-21 13:21:07,22300,821990,781365,1542905,5.95,2026-09-29,23423.40
2026-09-21 13:26:06,22300,826995,781365,1547780,5.95,2026-09-29,23426.70
2026-09-21 13:31:07,22300,830960,781365,1557335,6.00,2026-09-29,23427.10
2026-09-21 13:36:07,22300,835835,781365,1577160,6.20,2026-09-29,23435.20
2026-09-21 13:41:07,22300,838500,781365,1585870,6.25,2026-09-29,23429.55
2026-09-21 13:46:06,22300,837915,781365,1600105,6.30,2026-09-29,23428.85
2026-09-21 13:51:06,22300,836355,781365,1620710,6.05,2026-09-29,23437.40
2026-09-21 13:56:07,22300,839865,781365,1639040,6.10,2026-09-29,23444.40
2026-09-21 14:01:06,22300,836745,781365,1694290,6.30,2026-09-29,23463.50
2026-09-21 14:06:06,22300,887315,781365,1823055,6.30,2026-09-29,23457.70
2026-09-21 14:11:07,22300,861445,781365,1854060,6.25,2026-09-29,23452.00
2026-09-21 14:16:07,22300,858260,781365,1867125,6.25,2026-09-29,23451.20
2026-09-21 14:21:07,22300,860275,781365,1907490,6.25,2026-09-29,23461.25
2026-09-21 14:26:07,22300,860990,781365,1923935,6.20,2026-09-29,23453.70
2026-09-21 14:31:07,22300,860145,781365,1933425,6.20,2026-09-29,23446.50
2026-09-21 14:36:07,22300,866905,781365,1952860,6.20,2026-09-29,23444.25
2026-09-21 14:40:07,22300,867230,781365,1960075,6.10,2026-09-29,23448.00
2026-09-21 14:46:07,22300,872625,781365,2005640,6.10,2026-09-29,23450.35
2026-09-21 14:51:07,22300,929175,781365,2131285,5.95,2026-09-29,23451.45
2026-09-21 14:56:06,22300,958035,781365,2202070,5.80,2026-09-29,23450.05
2026-09-21 15:01:06,22300,962520,781365,2241070,5.80,2026-09-29,23447.05
2026-09-21 15:06:07,22300,983060,781365,2275910,5.90,2026-09-29,23441.00
2026-09-21 15:11:06,22300,1001195,781365,2311920,5.95,2026-09-29,23437.55
2026-09-21 15:16:07,22300,1013285,781365,2349035,6.15,2026-09-29,23429.00
2026-09-21 15:21:07,22300,1038765,781365,2414100,6.15,2026-09-29,23429.00
2026-09-21 15:26:07,22300,1051635,781365,2493270,6.15,2026-09-29,23429.00
2026-09-21 15:31:07,22300,1118390,781365,2710175,6.45,2026-09-29,23414.30
2026-09-21 15:36:07,22300,1161160,781365,2856165,6.90,2026-09-29,23414.30
2026-09-21 15:41:06,22300,1133860,781365,3071120,7.25,2026-09-29,23414.30
2026-09-21 22:30:06,22300,1133860,781365,3071120,7.25,2026-09-29,23414.30
2026-09-21 22:35:07,22300,1133860,781365,3071120,7.25,2026-09-29,23414.30
2026-09-21 23:00:05,22300,1133860,781365,3071120,7.25,2026-09-29,23414.30
2026-09-21 23:05:07,22300,1133860,781365,3071120,7.25,2026-09-29,23414.30
2026-09-21 08:54:08,22300,55770,29315,142610,17.55,2026-10-06,23346.40
2026-09-21 08:55:07,22300,55770,29315,142610,17.55,2026-10-06,23346.40
2026-09-21 09:00:07,22300,55770,29315,142610,17.55,2026-10-06,23216.50
2026-09-21 09:12:07,22300,55770,55250,142610,17.55,2026-10-06,23330.20
2026-09-21 09:16:07,22300,55770,55250,0,17.55,2026-10-06,23341.85
2026-09-21 09:21:06,22300,55640,55250,3575,14.10,2026-10-06,23384.75
2026-09-21 09:26:06,22300,52195,55250,19565,14.70,2026-10-06,23385.35
2026-09-21 09:31:07,22300,52390,55250,21190,14.25,2026-10-06,23401.90
2026-09-21 09:36:07,22300,49920,55250,24180,14.60,2026-10-06,23406.50
2026-09-21 09:41:07,22300,49920,55250,24895,14.70,2026-10-06,23387.30
2026-09-21 09:46:07,22300,50895,55250,26260,14.10,2026-10-06,23397.90
2026-09-21 09:51:06,22300,51805,55250,28210,13.85,2026-10-06,23402.35
2026-09-21 09:56:07,22300,51805,55250,30225,13.95,2026-10-06,23394.85
2026-09-21 10:01:06,22300,51220,55250,35165,13.30,2026-10-06,23391.90
2026-09-21 10:06:06,22300,50960,55250,36985,14.65,2026-10-06,23384.65
2026-09-21 10:11:07,22300,50960,55250,37570,14.35,2026-10-06,23387.95
2026-09-21 10:16:07,22300,51480,55250,37765,13.50,2026-10-06,23372.35
2026-09-21 10:21:07,22300,51220,55250,38285,13.90,2026-10-06,23373.25
2026-09-21 10:26:07,22300,51285,55250,38870,14.25,2026-10-06,23368.05
2026-09-21 10:31:06,22300,51480,55250,38935,14.00,2026-10-06,23368.85
2026-09-21 10:36:06,22300,51545,55250,39845,14.00,2026-10-06,23365.35
2026-09-21 10:41:06,22300,54535,55250,45760,14.10,2026-10-06,23367.00
2026-09-21 10:46:07,22300,54600,55250,45890,14.10,2026-10-06,23381.65
2026-09-21 10:51:07,22300,54535,55250,46085,13.45,2026-10-06,23380.10
2026-09-21 10:56:06,22300,54275,55250,47515,13.25,2026-10-06,23380.75
2026-09-21 11:01:07,22300,54405,55250,47710,13.35,2026-10-06,23386.85
2026-09-21 11:06:07,22300,54535,55250,47970,13.25,2026-10-06,23387.60
2026-09-21 11:11:07,22300,55185,55250,49270,13.30,2026-10-06,23395.90
2026-09-21 11:16:07,22300,55250,55250,49920,13.00,2026-10-06,23396.05
2026-09-21 11:21:06,22300,55510,55250,50115,13.10,2026-10-06,23393.30
2026-09-21 11:26:06,22300,55510,55250,50115,13.10,2026-10-06,23393.85
2026-09-21 11:31:06,22300,55445,55250,52650,12.85,2026-10-06,23400.40
2026-09-21 11:36:07,22300,55445,55250,52650,12.85,2026-10-06,23399.30
2026-09-21 11:41:06,22300,55965,55250,54600,13.15,2026-10-06,23399.45
2026-09-21 11:46:06,22300,55835,55250,55055,13.20,2026-10-06,23402.55
2026-09-21 11:51:07,22300,55185,55250,56030,13.05,2026-10-06,23400.10
2026-09-21 11:56:07,22300,62725,55250,73255,11.95,2026-10-06,23418.50
2026-09-21 12:01:07,22300,63180,55250,77545,12.15,2026-10-06,23430.95
2026-09-21 12:06:07,22300,62725,55250,79820,12.20,2026-10-06,23423.65
2026-09-21 12:11:08,22300,62725,55250,81705,12.55,2026-10-06,23418.05
2026-09-21 12:16:07,22300,62725,55250,82355,12.45,2026-10-06,23419.65
2026-09-21 12:21:07,22300,63570,55250,83330,12.50,2026-10-06,23417.80
2026-09-21 12:26:07,22300,63570,55250,83330,12.50,2026-10-06,23415.85
2026-09-21 12:31:08,22300,63635,55250,83525,12.40,2026-10-06,23422.40
2026-09-21 12:36:07,22300,64090,55250,84240,12.55,2026-10-06,23414.45
2026-09-21 12:41:07,22300,64090,55250,84240,12.55,2026-10-06,23412.15
2026-09-21 12:46:07,22300,71370,55250,94640,12.20,2026-10-06,23415.75
2026-09-21 12:51:07,22300,71370,55250,94640,12.20,2026-10-06,23413.00
2026-09-21 12:56:07,22300,71565,55250,95095,12.35,2026-10-06,23413.70
2026-09-21 13:01:07,22300,71110,55250,95290,12.30,2026-10-06,23412.00
2026-09-21 13:06:07,22300,71435,55250,98345,12.40,2026-10-06,23407.90
2026-09-21 13:11:07,22300,73255,55250,101595,12.70,2026-10-06,23403.30
2026-09-21 13:16:09,22300,77480,55250,107445,12.10,2026-10-06,23418.15
2026-09-21 13:21:08,22300,82550,55250,111995,12.05,2026-10-06,23423.65
2026-09-21 13:26:07,22300,80990,55250,114465,11.80,2026-10-06,23426.75
2026-09-21 13:31:07,22300,81510,55250,114595,11.90,2026-10-06,23427.00
2026-09-21 13:36:07,22300,81445,55250,115310,11.90,2026-10-06,23436.25
2026-09-21 13:41:08,22300,81380,55250,117260,12.10,2026-10-06,23430.05
2026-09-21 13:46:07,22300,80860,55250,119340,12.20,2026-10-06,23429.50
2026-09-21 13:51:07,22300,80860,55250,120510,12.05,2026-10-06,23437.30
2026-09-21 13:56:07,22300,80145,55250,132015,12.05,2026-10-06,23445.50
2026-09-21 14:01:06,22300,75660,55250,136565,12.20,2026-10-06,23463.55
2026-09-21 14:06:07,22300,75205,55250,144300,12.25,2026-10-06,23457.95
2026-09-21 14:11:08,22300,72670,55250,174330,12.45,2026-10-06,23452.05
2026-09-21 14:16:07,22300,93145,55250,176995,12.40,2026-10-06,23451.05
2026-09-21 14:21:07,22300,92755,55250,177320,12.20,2026-10-06,23461.20
2026-09-21 14:26:08,22300,91910,55250,178750,12.30,2026-10-06,23454.60
2026-09-21 14:31:07,22300,91585,55250,179335,12.35,2026-10-06,23446.85
2026-09-21 14:36:07,22300,91390,55250,179400,12.35,2026-10-06,23444.65
2026-09-21 14:40:08,22300,90350,55250,182585,12.20,2026-10-06,23448.15
2026-09-21 14:46:07,22300,88465,55250,183235,12.30,2026-10-06,23450.85
2026-09-21 14:51:08,22300,88270,55250,183820,12.55,2026-10-06,23450.80
2026-09-21 14:56:07,22300,91260,55250,187590,12.55,2026-10-06,23450.15
2026-09-21 15:01:07,22300,89180,55250,195195,12.35,2026-10-06,23447.20
2026-09-21 15:06:07,22300,85085,55250,198510,12.20,2026-10-06,23441.00
2026-09-21 15:11:07,22300,83720,55250,202085,12.30,2026-10-06,23437.70
2026-09-21 15:16:07,22300,84045,55250,207155,12.45,2026-10-06,23429.00
2026-09-21 15:21:07,22300,81900,55250,216970,12.45,2026-10-06,23429.00
2026-09-21 15:26:08,22300,81510,55250,220350,12.25,2026-10-06,23429.00
2026-09-21 15:31:07,22300,81900,55250,223600,12.45,2026-10-06,23414.30
2026-09-21 15:36:08,22300,81510,55250,227825,12.95,2026-10-06,23414.30
2026-09-21 15:41:07,22300,81640,55250,230230,12.80,2026-10-06,23414.30
2026-09-21 22:30:06,22300,81640,55250,230230,12.80,2026-10-06,23414.30
2026-09-21 22:35:07,22300,81640,55250,230230,12.80,2026-10-06,23414.30
2026-09-21 23:00:06,22300,81640,55250,230230,12.80,2026-10-06,23414.30
2026-09-21 23:05:07,22300,81640,55250,230230,12.80,2026-10-06,23414.30
2026-09-21 08:54:06,22400,4249765,3176680,40222780,2.85,2026-09-22,23346.40
2026-09-21 08:55:06,22400,4249765,3176680,40222780,2.85,2026-09-22,23346.40
2026-09-21 09:00:06,22400,4249765,3176680,40222780,2.85,2026-09-22,23197.15
2026-09-21 09:12:06,22400,4249765,4242420,40222780,2.85,2026-09-22,23330.20
2026-09-21 09:16:06,22400,4244630,4242420,1369745,1.50,2026-09-22,23342.95
2026-09-21 09:21:06,22400,4100720,4242420,3736070,1.70,2026-09-22,23384.85
2026-09-21 09:26:05,22400,4455750,4242420,5323305,1.60,2026-09-22,23386.00
2026-09-21 09:31:06,22400,4686630,4242420,6861400,1.65,2026-09-22,23402.20
2026-09-21 09:36:06,22400,4976855,4242420,8587540,1.70,2026-09-22,23406.40
2026-09-21 09:41:06,22400,4874350,4242420,9523150,1.60,2026-09-22,23386.00
2026-09-21 09:46:05,22400,4820010,4242420,10240815,1.65,2026-09-22,23398.70
2026-09-21 09:51:05,22400,4918875,4242420,11052795,1.70,2026-09-22,23401.95
2026-09-21 09:56:06,22400,4920500,4242420,11269700,1.75,2026-09-22,23395.40
2026-09-21 10:01:05,22400,4942210,4242420,11620570,1.70,2026-09-22,23392.20
2026-09-21 10:06:05,22400,4946565,4242420,11785085,1.65,2026-09-22,23384.90
2026-09-21 10:11:06,22400,4953455,4242420,12055095,1.70,2026-09-22,23387.85
2026-09-21 10:16:06,22400,5010525,4242420,12387570,1.65,2026-09-22,23371.85
2026-09-21 10:21:06,22400,4972175,4242420,12663625,1.60,2026-09-22,23371.90
2026-09-21 10:26:06,22400,4961580,4242420,12769510,1.55,2026-09-22,23366.40
2026-09-21 10:31:06,22400,4906525,4242420,13082810,1.50,2026-09-22,23368.60
2026-09-21 10:36:06,22400,4915950,4242420,13164645,1.50,2026-09-22,23365.70
2026-09-21 10:41:05,22400,4940975,4242420,13369525,1.45,2026-09-22,23367.35
2026-09-21 10:46:06,22400,5019365,4242420,13754910,1.40,2026-09-22,23381.95
2026-09-21 10:51:06,22400,5023330,4242420,14021475,1.45,2026-09-22,23379.70
2026-09-21 10:56:05,22400,5032820,4242420,14354015,1.40,2026-09-22,23380.50
2026-09-21 11:01:06,22400,5040750,4242420,14467050,1.50,2026-09-22,23385.15
2026-09-21 11:06:06,22400,5053945,4242420,14654835,1.45,2026-09-22,23386.50
2026-09-21 11:11:06,22400,5071885,4242420,14841580,1.50,2026-09-22,23394.65
2026-09-21 11:16:06,22400,5060705,4242420,15196740,1.55,2026-09-22,23395.80
2026-09-21 11:21:05,22400,5044910,4242420,15568605,1.60,2026-09-22,23392.30
2026-09-21 11:26:05,22400,5132465,4242420,15836405,1.60,2026-09-22,23393.30
2026-09-21 11:31:05,22400,5154565,4242420,16257670,1.70,2026-09-22,23400.10
2026-09-21 11:36:06,22400,5267340,4242420,17160975,1.65,2026-09-22,23399.10
2026-09-21 11:41:06,22400,5438940,4242420,17474730,1.75,2026-09-22,23398.65
2026-09-21 11:46:05,22400,5497050,4242420,17749290,1.80,2026-09-22,23403.25
2026-09-21 11:51:06,22400,5541315,4242420,18078060,1.80,2026-09-22,23399.85
2026-09-21 11:56:06,22400,5633420,4242420,18407610,1.85,2026-09-22,23417.40
2026-09-21 12:01:06,22400,5704595,4242420,18696535,1.90,2026-09-22,23429.85
2026-09-21 12:06:06,22400,5848635,4242420,19180525,1.95,2026-09-22,23423.05
2026-09-21 12:11:07,22400,5849220,4242420,19516705,1.85,2026-09-22,23417.70
2026-09-21 12:16:06,22400,5881785,4242420,19774105,1.75,2026-09-22,23418.55
2026-09-21 12:21:06,22400,5942690,4242420,20000305,1.90,2026-09-22,23417.20
2026-09-21 12:26:06,22400,5996380,4242420,20191275,1.95,2026-09-22,23415.75
2026-09-21 12:31:07,22400,5962580,4242420,20408375,1.85,2026-09-22,23421.65
2026-09-21 12:36:06,22400,5982795,4242420,20468955,1.85,2026-09-22,23414.40
2026-09-21 12:41:06,22400,6040840,4242420,20655700,1.75,2026-09-22,23411.55
2026-09-21 12:46:06,22400,6069635,4242420,20954635,1.80,2026-09-22,23414.90
2026-09-21 12:51:06,22400,6023810,4242420,21364330,1.90,2026-09-22,23412.40
2026-09-21 12:56:06,22400,6062615,4242420,21515845,1.95,2026-09-22,23414.80
2026-09-21 13:01:06,22400,6097195,4242420,21664825,1.90,2026-09-22,23411.95
2026-09-21 13:06:06,22400,6098105,4242420,21861060,1.85,2026-09-22,23407.60
2026-09-21 13:11:06,22400,6092645,4242420,21965450,1.85,2026-09-22,23402.90
2026-09-21 13:16:07,22400,6141395,4242420,22196005,1.70,2026-09-22,23417.70
2026-09-21 13:21:07,22400,6085690,4242420,22431435,1.65,2026-09-22,23424.00
2026-09-21 13:26:06,22400,6046820,4242420,22535630,1.75,2026-09-22,23426.85
2026-09-21 13:31:06,22400,6093100,4242420,22676160,1.85,2026-09-22,23426.85
2026-09-21 13:36:06,22400,6314425,4242420,23494445,1.95,2026-09-22,23435.55
2026-09-21 13:41:07,22400,6355115,4242420,23751780,1.85,2026-09-22,23429.95
2026-09-21 13:46:06,22400,6423625,4242420,24102130,1.90,2026-09-22,23428.85
2026-09-21 13:51:06,22400,6402370,4242420,24214645,1.85,2026-09-22,23437.55
2026-09-21 13:56:06,22400,6413355,4242420,24743420,1.95,2026-09-22,23444.45
2026-09-21 14:01:05,22400,6342570,4242420,25941890,2.05,2026-09-22,23463.55
2026-09-21 14:06:06,22400,6428890,4242420,26593970,2.05,2026-09-22,23457.85
2026-09-21 14:11:07,22400,6490380,4242420,27037790,2.10,2026-09-22,23451.70
2026-09-21 14:16:06,22400,6600360,4242420,27506115,2.10,2026-09-22,23450.90
2026-09-21 14:21:06,22400,6579170,4242420,27838460,1.95,2026-09-22,23461.20
2026-09-21 14:26:07,22400,6554600,4242420,28424305,1.80,2026-09-22,23453.90
2026-09-21 14:31:06,22400,6619925,4242420,29186950,1.80,2026-09-22,23445.85
2026-09-21 14:36:06,22400,6559540,4242420,29327610,1.85,2026-09-22,23444.00
2026-09-21 14:40:07,22400,6549660,4242420,29541005,1.80,2026-09-22,23448.05
2026-09-21 14:46:06,22400,6497205,4242420,30046510,1.75,2026-09-22,23450.55
2026-09-21 14:51:07,22400,6238505,4242420,30934475,1.70,2026-09-22,23450.75
2026-09-21 14:56:06,22400,5944120,4242420,32122155,1.65,2026-09-22,23449.75
2026-09-21 15:01:06,22400,5665595,4242420,33050745,1.55,2026-09-22,23448.10
2026-09-21 15:06:06,22400,5610670,4242420,34079890,1.65,2026-09-22,23440.25
2026-09-21 15:11:06,22400,5487820,4242420,35372090,1.60,2026-09-22,23437.10
2026-09-21 15:16:06,22400,5433870,4242420,36733580,1.80,2026-09-22,23429.00
2026-09-21 15:21:06,22400,5364255,4242420,38112035,1.70,2026-09-22,23429.00
2026-09-21 15:26:07,22400,5300425,4242420,39348920,1.70,2026-09-22,23429.00
2026-09-21 15:31:06,22400,5188690,4242420,40293565,1.65,2026-09-22,23414.30
2026-09-21 15:36:07,22400,4980105,4242420,41291965,1.75,2026-09-22,23414.30
2026-09-21 15:41:06,22400,4989855,4242420,42628105,1.90,2026-09-22,23414.30
2026-09-21 22:30:05,22400,4989855,4242420,42628105,1.90,2026-09-22,23414.30
2026-09-21 22:35:06,22400,4989855,4242420,42628105,1.90,2026-09-22,23414.30
2026-09-21 23:00:05,22400,4989855,4242420,42628105,1.90,2026-09-22,23414.30
2026-09-21 23:05:06,22400,4989855,4242420,42628105,1.90,2026-09-22,23414.30
2026-09-21 08:54:07,22400,1465295,717795,4406025,10.50,2026-09-29,23346.40
2026-09-21 08:55:06,22400,1465295,717795,4406025,10.50,2026-09-29,23346.40
2026-09-21 09:00:07,22400,1465295,717795,4406025,10.50,2026-09-29,23197.80
2026-09-21 09:12:07,22400,1465295,1464125,4406025,10.50,2026-09-29,23330.20
2026-09-21 09:16:06,22400,1464060,1464125,75660,9.00,2026-09-29,23343.65
2026-09-21 09:21:06,22400,1472510,1464125,341965,7.55,2026-09-29,23385.35
2026-09-21 09:26:06,22400,1462565,1464125,453895,7.45,2026-09-29,23386.30
2026-09-21 09:31:06,22400,1506050,1464125,639145,7.20,2026-09-29,23401.55
2026-09-21 09:36:06,22400,1504880,1464125,754910,7.05,2026-09-29,23406.40
2026-09-21 09:41:06,22400,1454115,1464125,932230,7.05,2026-09-29,23386.65
2026-09-21 09:46:06,22400,1444495,1464125,1024530,6.95,2026-09-29,23398.55
2026-09-21 09:51:06,22400,1435850,1464125,1130480,6.85,2026-09-29,23402.45
2026-09-21 09:56:06,22400,1419340,1464125,1213355,6.70,2026-09-29,23395.15
2026-09-21 10:01:06,22400,1407640,1464125,1255215,6.75,2026-09-29,23391.85
2026-09-21 10:06:06,22400,1407575,1464125,1307865,6.95,2026-09-29,23384.15
2026-09-21 10:11:07,22400,1428310,1464125,1327755,6.90,2026-09-29,23387.90
2026-09-21 10:16:07,22400,1424540,1464125,1342575,7.00,2026-09-29,23371.90
2026-09-21 10:21:06,22400,1425515,1464125,1367340,7.05,2026-09-29,23372.55
2026-09-21 10:26:06,22400,1429350,1464125,1398215,7.20,2026-09-29,23366.60
2026-09-21 10:31:06,22400,1427790,1464125,1407055,7.15,2026-09-29,23368.65
2026-09-21 10:36:06,22400,1430195,1464125,1420575,7.15,2026-09-29,23365.90
2026-09-21 10:41:06,22400,1433640,1464125,1436305,7.25,2026-09-29,23366.90
2026-09-21 10:46:06,22400,1432665,1464125,1467505,7.20,2026-09-29,23381.05
2026-09-21 10:51:06,22400,1435330,1464125,1480635,6.95,2026-09-29,23380.20
2026-09-21 10:56:06,22400,1434355,1464125,1486745,6.90,2026-09-29,23380.20
2026-09-21 11:01:07,22400,1429805,1464125,1512615,6.95,2026-09-29,23386.80
2026-09-21 11:06:07,22400,1417715,1464125,1549210,6.75,2026-09-29,23387.55
2026-09-21 11:11:07,22400,1407770,1464125,1569035,6.75,2026-09-29,23395.80
2026-09-21 11:16:06,22400,1405430,1464125,1606150,6.80,2026-09-29,23395.20
2026-09-21 11:21:06,22400,1426620,1464125,1640275,6.85,2026-09-29,23392.40
2026-09-21 11:26:06,22400,1446250,1464125,1679145,6.80,2026-09-29,23393.30
2026-09-21 11:31:06,22400,1447355,1464125,1687270,6.70,2026-09-29,23400.20
2026-09-21 11:36:07,22400,1451905,1464125,1719705,6.70,2026-09-29,23398.80
2026-09-21 11:41:06,22400,1453140,1464125,1752140,6.75,2026-09-29,23399.10
2026-09-21 11:46:06,22400,1458665,1464125,1775865,6.65,2026-09-29,23402.45
2026-09-21 11:51:06,22400,1470040,1464125,1806610,6.70,2026-09-29,23400.10
2026-09-21 11:56:06,22400,1464710,1464125,1824420,6.50,2026-09-29,23418.05
2026-09-21 12:01:06,22400,1460745,1464125,1839305,6.75,2026-09-29,23430.40
2026-09-21 12:06:07,22400,1467570,1464125,1878825,6.90,2026-09-29,23423.80
2026-09-21 12:11:07,22400,1477190,1464125,1934660,6.80,2026-09-29,23418.25
2026-09-21 12:16:06,22400,1468155,1464125,1952015,6.85,2026-09-29,23418.30
2026-09-21 12:21:06,22400,1469650,1464125,1968330,6.95,2026-09-29,23417.15
2026-09-21 12:26:06,22400,1466335,1464125,1973855,7.00,2026-09-29,23415.60
2026-09-21 12:31:07,22400,1466985,1464125,1988285,6.90,2026-09-29,23422.00
2026-09-21 12:36:06,22400,1462305,1464125,1990950,7.00,2026-09-29,23414.35
2026-09-21 12:41:07,22400,1463800,1464125,1994135,6.85,2026-09-29,23412.00
2026-09-21 12:46:07,22400,1465360,1464125,2004015,6.85,2026-09-29,23415.85
2026-09-21 12:51:07,22400,1463215,1464125,2013700,6.90,2026-09-29,23413.00
2026-09-21 12:56:07,22400,1463475,1464125,2015715,6.80,2026-09-29,23414.15
2026-09-21 13:01:07,22400,1463085,1464125,2019095,7.00,2026-09-29,23411.85
2026-09-21 13:06:07,22400,1466140,1464125,2024035,6.90,2026-09-29,23408.35
2026-09-21 13:11:07,22400,1466140,1464125,2028455,7.00,2026-09-29,23402.60
2026-09-21 13:16:08,22400,1467050,1464125,2035215,6.80,2026-09-29,23417.50
2026-09-21 13:21:07,22400,1465815,1464125,2048020,6.70,2026-09-29,23423.40
2026-09-21 13:26:06,22400,1490060,1464125,2096120,6.60,2026-09-29,23426.70
2026-09-21 13:31:07,22400,1485640,1464125,2115035,6.70,2026-09-29,23427.10
2026-09-21 13:36:07,22400,1664195,1464125,2372175,7.00,2026-09-29,23435.20
2026-09-21 13:41:07,22400,1680445,1464125,2411305,7.10,2026-09-29,23429.55
2026-09-21 13:46:06,22400,1682265,1464125,2432820,7.10,2026-09-29,23428.85
2026-09-21 13:51:06,22400,1680445,1464125,2444715,6.85,2026-09-29,23437.40
2026-09-21 13:56:07,22400,1684150,1464125,2468050,6.95,2026-09-29,23444.40
2026-09-21 14:01:06,22400,1696565,1464125,2544750,7.05,2026-09-29,23463.50
2026-09-21 14:06:06,22400,1714830,1464125,2608970,7.10,2026-09-29,23457.70
2026-09-21 14:11:07,22400,1754740,1464125,2674165,7.05,2026-09-29,23452.00
2026-09-21 14:16:07,22400,1719640,1464125,2698475,6.90,2026-09-29,23451.20
2026-09-21 14:21:07,22400,1715350,1464125,2704390,7.00,2026-09-29,23461.25
2026-09-21 14:26:07,22400,1717560,1464125,2709005,6.95,2026-09-29,23453.70
2026-09-21 14:31:07,22400,1717560,1464125,2715440,7.00,2026-09-29,23446.50
2026-09-21 14:36:07,22400,1724775,1464125,2734420,7.00,2026-09-29,23444.25
2026-09-21 14:40:07,22400,1724775,1464125,2740335,6.95,2026-09-29,23448.00
2026-09-21 14:46:07,22400,1725035,1464125,2748005,6.90,2026-09-29,23450.35
2026-09-21 14:51:07,22400,1722370,1464125,2762630,6.95,2026-09-29,23451.45
2026-09-21 14:56:06,22400,1723995,1464125,2791750,6.70,2026-09-29,23450.05
2026-09-21 15:01:06,22400,1726400,1464125,2828280,6.75,2026-09-29,23447.05
2026-09-21 15:06:07,22400,1732640,1464125,2885935,6.85,2026-09-29,23441.00
2026-09-21 15:11:06,22400,1734265,1464125,2915445,6.90,2026-09-29,23437.55
2026-09-21 15:16:07,22400,1750255,1464125,2954055,7.15,2026-09-29,23429.00
2026-09-21 15:21:07,22400,1767740,1464125,3029065,7.15,2026-09-29,23429.00
2026-09-21 15:26:07,22400,1771965,1464125,3067155,7.15,2026-09-29,23429.00
2026-09-21 15:31:07,22400,1790035,1464125,3155750,7.50,2026-09-29,23414.30
2026-09-21 15:36:07,22400,1822080,1464125,3302715,7.90,2026-09-29,23414.30
2026-09-21 15:41:06,22400,2179255,1464125,3954080,8.45,2026-09-29,23414.30
2026-09-21 22:30:06,22400,2179255,1464125,3954080,8.45,2026-09-29,23414.30
2026-09-21 22:35:07,22400,2179255,1464125,3954080,8.45,2026-09-29,23414.30
2026-09-21 23:00:05,22400,2179255,1464125,3954080,8.45,2026-09-29,23414.30
2026-09-21 23:05:07,22400,2179255,1464125,3954080,8.45,2026-09-29,23414.30
2026-09-21 08:54:08,22400,45890,20540,111085,20.75,2026-10-06,23346.40
2026-09-21 08:55:07,22400,45890,20540,111085,20.75,2026-10-06,23346.40
2026-09-21 09:00:07,22400,45890,20540,111085,20.75,2026-10-06,23216.50
2026-09-21 09:12:07,22400,45890,46410,111085,20.75,2026-10-06,23330.20
2026-09-21 09:16:07,22400,45890,46410,0,20.75,2026-10-06,23341.85
2026-09-21 09:21:06,22400,47060,46410,12025,17.15,2026-10-06,23384.75
2026-09-21 09:26:06,22400,43290,46410,32240,17.80,2026-10-06,23385.35
2026-09-21 09:31:07,22400,43875,46410,36335,17.00,2026-10-06,23401.90
2026-09-21 09:36:07,22400,45240,46410,40235,16.85,2026-10-06,23406.50
2026-09-21 09:41:07,22400,45890,46410,43030,17.35,2026-10-06,23387.30
2026-09-21 09:46:07,22400,48100,46410,46800,17.00,2026-10-06,23397.90
2026-09-21 09:51:06,22400,50895,46410,50115,16.75,2026-10-06,23402.35
2026-09-21 09:56:07,22400,50895,46410,50895,16.45,2026-10-06,23394.85
2026-09-21 10:01:06,22400,51090,46410,52260,16.40,2026-10-06,23391.90
2026-09-21 10:06:06,22400,55510,46410,58565,16.85,2026-10-06,23384.65
2026-09-21 10:11:07,22400,56810,46410,60515,16.55,2026-10-06,23387.95
2026-09-21 10:16:07,22400,57590,46410,61035,16.55,2026-10-06,23372.35
2026-09-21 10:21:07,22400,58175,46410,65780,16.85,2026-10-06,23373.25
2026-09-21 10:26:07,22400,58500,46410,67145,16.80,2026-10-06,23368.05
2026-09-21 10:31:06,22400,59540,46410,68250,16.65,2026-10-06,23368.85
2026-09-21 10:36:06,22400,60905,46410,74880,16.80,2026-10-06,23365.35
2026-09-21 10:41:06,22400,61165,46410,75465,16.85,2026-10-06,23367.00
2026-09-21 10:46:07,22400,61620,46410,77545,16.40,2026-10-06,23381.65
2026-09-21 10:51:07,22400,62270,46410,79755,16.10,2026-10-06,23380.10
2026-09-21 10:56:06,22400,61295,46410,83005,15.95,2026-10-06,23380.75
2026-09-21 11:01:07,22400,61295,46410,83525,15.75,2026-10-06,23386.85
2026-09-21 11:06:07,22400,61295,46410,84370,15.70,2026-10-06,23387.60
2026-09-21 11:11:07,22400,61360,46410,85215,15.30,2026-10-06,23395.90
2026-09-21 11:16:07,22400,62270,46410,86580,15.25,2026-10-06,23396.05
2026-09-21 11:21:06,22400,62205,46410,87035,15.70,2026-10-06,23393.30
2026-09-21 11:26:06,22400,62140,46410,89635,15.70,2026-10-06,23393.85
2026-09-21 11:31:06,22400,62010,46410,95940,15.40,2026-10-06,23400.40
2026-09-21 11:36:07,22400,63830,46410,98150,15.65,2026-10-06,23399.30
2026-09-21 11:41:06,22400,63700,46410,98930,15.60,2026-10-06,23399.45
2026-09-21 11:46:06,22400,63635,46410,100425,15.80,2026-10-06,23402.55
2026-09-21 11:51:07,22400,64285,46410,100685,15.80,2026-10-06,23400.10
2026-09-21 11:56:07,22400,74880,46410,125905,14.20,2026-10-06,23418.50
2026-09-21 12:01:07,22400,73775,46410,126620,14.55,2026-10-06,23430.95
2026-09-21 12:06:07,22400,73255,46410,128245,14.65,2026-10-06,23423.65
2026-09-21 12:11:08,22400,74165,46410,128700,14.75,2026-10-06,23418.05
2026-09-21 12:16:07,22400,74360,46410,129415,14.75,2026-10-06,23419.65
2026-09-21 12:21:07,22400,75010,46410,129545,14.75,2026-10-06,23417.80
2026-09-21 12:26:07,22400,75010,46410,129675,14.90,2026-10-06,23415.85
2026-09-21 12:31:08,22400,75010,46410,130065,14.75,2026-10-06,23422.40
2026-09-21 12:36:07,22400,75010,46410,130455,14.65,2026-10-06,23414.45
2026-09-21 12:41:07,22400,75335,46410,130715,14.90,2026-10-06,23412.15
2026-09-21 12:46:07,22400,75205,46410,132665,14.65,2026-10-06,23415.75
2026-09-21 12:51:07,22400,75595,46410,135005,14.75,2026-10-06,23413.00
2026-09-21 12:56:07,22400,75205,46410,135525,14.75,2026-10-06,23413.70
2026-09-21 13:01:07,22400,75205,46410,135785,14.75,2026-10-06,23412.00
2026-09-21 13:06:07,22400,75270,46410,137410,14.75,2026-10-06,23407.90
2026-09-21 13:11:07,22400,76115,46410,140985,15.10,2026-10-06,23403.30
2026-09-21 13:16:09,22400,76960,46410,142805,14.45,2026-10-06,23418.15
2026-09-21 13:21:08,22400,77740,46410,147355,14.15,2026-10-06,23423.65
2026-09-21 13:26:07,22400,78260,46410,150345,14.15,2026-10-06,23426.75
2026-09-21 13:31:07,22400,77870,46410,151515,14.05,2026-10-06,23427.00
2026-09-21 13:36:07,22400,78585,46410,153985,14.10,2026-10-06,23436.25
2026-09-21 13:41:08,22400,79430,46410,159445,14.15,2026-10-06,23430.05
2026-09-21 13:46:07,22400,79430,46410,160875,14.20,2026-10-06,23429.50
2026-09-21 13:51:07,22400,79885,46410,161330,14.10,2026-10-06,23437.30
2026-09-21 13:56:07,22400,80145,46410,163800,13.95,2026-10-06,23445.50
2026-09-21 14:01:06,22400,78130,46410,171665,14.00,2026-10-06,23463.55
2026-09-21 14:06:07,22400,77935,46410,181090,14.30,2026-10-06,23457.95
2026-09-21 14:11:08,22400,70980,46410,187330,14.30,2026-10-06,23452.05
2026-09-21 14:16:07,22400,71110,46410,188305,14.05,2026-10-06,23451.05
2026-09-21 14:21:07,22400,73125,46410,191425,13.80,2026-10-06,23461.20
2026-09-21 14:26:08,22400,73450,46410,193180,13.95,2026-10-06,23454.60
2026-09-21 14:31:07,22400,75400,46410,194805,14.20,2026-10-06,23446.85
2026-09-21 14:36:07,22400,75725,46410,195325,14.20,2026-10-06,23444.65
2026-09-21 14:40:08,22400,76050,46410,196430,14.10,2026-10-06,23448.15
2026-09-21 14:46:07,22400,75790,46410,200330,14.15,2026-10-06,23450.85
2026-09-21 14:51:08,22400,76180,46410,202865,14.35,2026-10-06,23450.80
2026-09-21 14:56:07,22400,76180,46410,203060,14.30,2026-10-06,23450.15
2026-09-21 15:01:07,22400,75985,46410,215540,14.05,2026-10-06,23447.20
2026-09-21 15:06:07,22400,76895,46410,217230,13.95,2026-10-06,23441.00
2026-09-21 15:11:07,22400,78650,46410,221260,14.20,2026-10-06,23437.70
2026-09-21 15:16:07,22400,77610,46410,222820,14.25,2026-10-06,23429.00
2026-09-21 15:21:07,22400,77610,46410,225615,14.35,2026-10-06,23429.00
2026-09-21 15:26:08,22400,78000,46410,227890,14.05,2026-10-06,23429.00
2026-09-21 15:31:07,22400,76635,46410,230425,14.25,2026-10-06,23414.30
2026-09-21 15:36:08,22400,74490,46410,238030,14.70,2026-10-06,23414.30
2026-09-21 15:41:07,22400,74880,46410,242320,15.20,2026-10-06,23414.30
2026-09-21 22:30:06,22400,74880,46410,242320,15.20,2026-10-06,23414.30
2026-09-21 22:35:07,22400,74880,46410,242320,15.20,2026-10-06,23414.30
2026-09-21 23:00:06,22400,74880,46410,242320,15.20,2026-10-06,23414.30
2026-09-21 23:05:07,22400,74880,46410,242320,15.20,2026-10-06,23414.30
2026-09-21 08:54:06,22500,9086350,8376160,51354355,3.65,2026-09-22,23346.40
2026-09-21 08:55:06,22500,9086350,8376160,51354355,3.65,2026-09-22,23346.40
2026-09-21 09:00:06,22500,9086350,8376160,51354355,3.65,2026-09-22,23197.15
2026-09-21 09:12:06,22500,9086350,9022520,51354355,3.65,2026-09-22,23330.20
2026-09-21 09:16:06,22500,9074650,9022520,3058770,1.95,2026-09-22,23342.95
2026-09-21 09:21:06,22500,8701355,9022520,7961200,1.95,2026-09-22,23384.85
2026-09-21 09:26:05,22500,9290320,9022520,9736545,1.85,2026-09-22,23386.00
2026-09-21 09:31:06,22500,9774895,9022520,13096655,2.05,2026-09-22,23402.20
2026-09-21 09:36:06,22500,10517845,9022520,16203135,2.05,2026-09-22,23406.40
2026-09-21 09:41:06,22500,10952045,9022520,18758480,1.95,2026-09-22,23386.00
2026-09-21 09:46:05,22500,11219000,9022520,19581900,2.00,2026-09-22,23398.70
2026-09-21 09:51:05,22500,11349585,9022520,20569250,2.05,2026-09-22,23401.95
2026-09-21 09:56:06,22500,11457680,9022520,21112195,2.00,2026-09-22,23395.40
2026-09-21 10:01:05,22500,11570780,9022520,21802040,2.00,2026-09-22,23392.20
2026-09-21 10:06:05,22500,11602175,9022520,22189245,1.95,2026-09-22,23384.90
2026-09-21 10:11:06,22500,11650600,9022520,22544080,1.95,2026-09-22,23387.85
2026-09-21 10:16:06,22500,11644425,9022520,22904505,1.90,2026-09-22,23371.85
2026-09-21 10:21:06,22500,11657295,9022520,23360025,1.85,2026-09-22,23371.90
2026-09-21 10:26:06,22500,11615890,9022520,23557560,1.80,2026-09-22,23366.40
2026-09-21 10:31:06,22500,11596455,9022520,24041550,1.80,2026-09-22,23368.60
2026-09-21 10:36:06,22500,11577865,9022520,24652550,1.70,2026-09-22,23365.70
2026-09-21 10:41:05,22500,11481210,9022520,25090390,1.65,2026-09-22,23367.35
2026-09-21 10:46:06,22500,11305190,9022520,26233350,1.55,2026-09-22,23381.95
2026-09-21 10:51:06,22500,11093030,9022520,26920920,1.60,2026-09-22,23379.70
2026-09-21 10:56:05,22500,11079250,9022520,27418820,1.65,2026-09-22,23380.50
2026-09-21 11:01:06,22500,10995465,9022520,27687075,1.65,2026-09-22,23385.15
2026-09-21 11:06:06,22500,11007295,9022520,28085720,1.65,2026-09-22,23386.50
2026-09-21 11:11:06,22500,11045515,9022520,28421770,1.65,2026-09-22,23394.65
2026-09-21 11:16:06,22500,11029395,9022520,28890810,1.75,2026-09-22,23395.80
2026-09-21 11:21:05,22500,10969660,9022520,29330470,1.80,2026-09-22,23392.30
2026-09-21 11:26:05,22500,11023285,9022520,29657875,1.75,2026-09-22,23393.30
2026-09-21 11:31:05,22500,11103755,9022520,30129320,1.90,2026-09-22,23400.10
2026-09-21 11:36:06,22500,11164075,9022520,31090345,1.85,2026-09-22,23399.10
2026-09-21 11:41:06,22500,11178180,9022520,31407805,1.95,2026-09-22,23398.65
2026-09-21 11:46:05,22500,11410360,9022520,32069375,1.95,2026-09-22,23403.25
2026-09-21 11:51:06,22500,11444940,9022520,32532955,2.00,2026-09-22,23399.85
2026-09-21 11:56:06,22500,11650275,9022520,33143760,2.05,2026-09-22,23417.40
2026-09-21 12:01:06,22500,11717745,9022520,34126625,2.05,2026-09-22,23429.85
2026-09-21 12:06:06,22500,12012065,9022520,35218105,2.10,2026-09-22,23423.05
2026-09-21 12:11:07,22500,11952590,9022520,35904960,2.00,2026-09-22,23417.70
2026-09-21 12:16:06,22500,11942385,9022520,36145915,1.95,2026-09-22,23418.55
2026-09-21 12:21:06,22500,12035140,9022520,36731305,2.05,2026-09-22,23417.20
2026-09-21 12:26:06,22500,12227280,9022520,37318385,2.00,2026-09-22,23415.75
2026-09-21 12:31:07,22500,12395435,9022520,37740625,1.95,2026-09-22,23421.65
2026-09-21 12:36:06,22500,12383085,9022520,37888565,2.00,2026-09-22,23414.40
2026-09-21 12:41:06,22500,12394070,9022520,38415260,1.80,2026-09-22,23411.55
2026-09-21 12:46:06,22500,12513930,9022520,38733890,1.95,2026-09-22,23414.90
2026-09-21 12:51:06,22500,12527385,9022520,39027105,2.05,2026-09-22,23412.40
2026-09-21 12:56:06,22500,12638730,9022520,39359190,2.10,2026-09-22,23414.80
2026-09-21 13:01:06,22500,12692680,9022520,39670345,2.10,2026-09-22,23411.95
2026-09-21 13:06:06,22500,12678380,9022520,39905190,2.00,2026-09-22,23407.60
2026-09-21 13:11:06,22500,12691900,9022520,40055990,1.95,2026-09-22,23402.90
2026-09-21 13:16:07,22500,12623585,9022520,40489150,1.75,2026-09-22,23417.70
2026-09-21 13:21:07,22500,12545715,9022520,41357355,1.80,2026-09-22,23424.00
2026-09-21 13:26:06,22500,12532780,9022520,41847195,1.85,2026-09-22,23426.85
2026-09-21 13:31:06,22500,12599860,9022520,42343600,2.00,2026-09-22,23426.85
2026-09-21 13:36:06,22500,12537980,9022520,43136730,2.00,2026-09-22,23435.55
2026-09-21 13:41:07,22500,12551500,9022520,44210595,1.95,2026-09-22,23429.95
2026-09-21 13:46:06,22500,12622675,9022520,44996315,2.05,2026-09-22,23428.85
2026-09-21 13:51:06,22500,12679680,9022520,45344325,2.00,2026-09-22,23437.55
2026-09-21 13:56:06,22500,12557155,9022520,46393165,2.00,2026-09-22,23444.45
2026-09-21 14:01:05,22500,12525565,9022520,48736415,2.20,2026-09-22,23463.55
2026-09-21 14:06:06,22500,12562680,9022520,49867935,2.25,2026-09-22,23457.85
2026-09-21 14:11:07,22500,12633790,9022520,51172680,2.25,2026-09-22,23451.70
2026-09-21 14:16:06,22500,12613965,9022520,52902070,2.30,2026-09-22,23450.90
2026-09-21 14:21:06,22500,12567620,9022520,53627210,2.20,2026-09-22,23461.20
2026-09-21 14:26:07,22500,12551240,9022520,54242955,2.10,2026-09-22,23453.90
2026-09-21 14:31:06,22500,12499760,9022520,54696590,2.05,2026-09-22,23445.85
2026-09-21 14:36:06,22500,12469275,9022520,55148470,2.05,2026-09-22,23444.00
2026-09-21 14:40:07,22500,12312300,9022520,55536000,1.95,2026-09-22,23448.05
2026-09-21 14:46:06,22500,12275185,9022520,57082350,1.90,2026-09-22,23450.55
2026-09-21 14:51:07,22500,12207975,9022520,58854575,1.80,2026-09-22,23450.75
2026-09-21 14:56:06,22500,12148305,9022520,60547305,1.85,2026-09-22,23449.75
2026-09-21 15:01:06,22500,12160395,9022520,61398675,1.80,2026-09-22,23448.10
2026-09-21 15:06:06,22500,11843520,9022520,64183990,1.80,2026-09-22,23440.25
2026-09-21 15:11:06,22500,11817910,9022520,68053050,1.80,2026-09-22,23437.10
2026-09-21 15:16:06,22500,11946415,9022520,70737420,2.05,2026-09-22,23429.00
2026-09-21 15:21:06,22500,12461735,9022520,75037170,1.95,2026-09-22,23429.00
2026-09-21 15:26:07,22500,12560535,9022520,77616825,2.00,2026-09-22,23429.00
2026-09-21 15:31:06,22500,12627160,9022520,81405415,1.90,2026-09-22,23414.30
2026-09-21 15:36:07,22500,12706330,9022520,85609680,1.95,2026-09-22,23414.30
2026-09-21 15:41:06,22500,12539800,9022520,88600915,2.20,2026-09-22,23414.30
2026-09-21 22:30:05,22500,12539800,9022520,88600915,2.20,2026-09-22,23414.30
2026-09-21 22:35:06,22500,12539800,9022520,88600915,2.20,2026-09-22,23414.30
2026-09-21 23:00:05,22500,12539800,9022520,88600915,2.20,2026-09-22,23414.30
2026-09-21 23:05:06,22500,12539800,9022520,88600915,2.20,2026-09-22,23414.30
2026-09-21 08:54:07,22500,4606095,3890575,6072170,12.80,2026-09-29,23346.40
2026-09-21 08:55:06,22500,4606095,3890575,6072170,12.80,2026-09-29,23346.40
2026-09-21 09:00:07,22500,4606095,3890575,6072170,12.80,2026-09-29,23197.80
2026-09-21 09:12:07,22500,4606095,4601870,6072170,12.80,2026-09-29,23330.20
2026-09-21 09:16:06,22500,4602585,4601870,99970,11.00,2026-09-29,23343.65
2026-09-21 09:21:06,22500,4528030,4601870,424580,9.20,2026-09-29,23385.35
2026-09-21 09:26:06,22500,4532515,4601870,582595,8.95,2026-09-29,23386.30
2026-09-21 09:31:06,22500,4550650,4601870,822250,8.65,2026-09-29,23401.55
2026-09-21 09:36:06,22500,4602650,4601870,966745,8.45,2026-09-29,23406.40
2026-09-21 09:41:06,22500,4622020,4601870,1238380,8.40,2026-09-29,23386.65
2026-09-21 09:46:06,22500,4603365,4601870,1385995,8.25,2026-09-29,23398.55
2026-09-21 09:51:06,22500,4598425,4601870,1484015,8.10,2026-09-29,23402.45
2026-09-21 09:56:06,22500,4645745,4601870,1642875,8.00,2026-09-29,23395.15
2026-09-21 10:01:06,22500,4643340,4601870,1732835,8.00,2026-09-29,23391.85
2026-09-21 10:06:06,22500,4655820,4601870,1855685,8.25,2026-09-29,23384.15
2026-09-21 10:11:07,22500,4710745,4601870,1958385,8.20,2026-09-29,23387.90
2026-09-21 10:16:07,22500,4728620,4601870,2019030,8.40,2026-09-29,23371.90
2026-09-21 10:21:06,22500,4739540,4601870,2089555,8.65,2026-09-29,23372.55
2026-09-21 10:26:06,22500,4755205,4601870,2155920,8.65,2026-09-29,23366.60
2026-09-21 10:31:06,22500,4764110,4601870,2222350,8.60,2026-09-29,23368.65
2026-09-21 10:36:06,22500,4803565,4601870,2266290,8.60,2026-09-29,23365.90
2026-09-21 10:41:06,22500,4806230,4601870,2305420,8.75,2026-09-29,23366.90
2026-09-21 10:46:06,22500,4917510,4601870,2459730,8.45,2026-09-29,23381.05
2026-09-21 10:51:06,22500,4881175,4601870,2561260,8.25,2026-09-29,23380.20
2026-09-21 10:56:06,22500,4883385,4601870,2580045,8.15,2026-09-29,23380.20
2026-09-21 11:01:07,22500,4892030,4601870,2615990,8.20,2026-09-29,23386.80
2026-09-21 11:06:07,22500,4894890,4601870,2631265,8.05,2026-09-29,23387.55
2026-09-21 11:11:07,22500,4896060,4601870,2660775,7.90,2026-09-29,23395.80
2026-09-21 11:16:06,22500,4891900,4601870,2722720,8.05,2026-09-29,23395.20
2026-09-21 11:21:06,22500,4893590,4601870,2747940,8.20,2026-09-29,23392.40
2026-09-21 11:26:06,22500,4891835,4601870,2766010,8.05,2026-09-29,23393.30
2026-09-21 11:31:06,22500,4891640,4601870,2799550,7.85,2026-09-29,23400.20
2026-09-21 11:36:07,22500,4876105,4601870,2864940,7.90,2026-09-29,23398.80
2026-09-21 11:41:06,22500,4873635,4601870,2882035,7.90,2026-09-29,23399.10
2026-09-21 11:46:06,22500,4869150,4601870,2908360,7.90,2026-09-29,23402.45
2026-09-21 11:51:06,22500,4872985,4601870,2922400,7.95,2026-09-29,23400.10
2026-09-21 11:56:06,22500,4868305,4601870,3017365,7.60,2026-09-29,23418.05
2026-09-21 12:01:06,22500,4875260,4601870,3144050,7.95,2026-09-29,23430.40
2026-09-21 12:06:07,22500,4891900,4601870,3203850,8.10,2026-09-29,23423.80
2026-09-21 12:11:07,22500,4913870,4601870,3254615,8.05,2026-09-29,23418.25
2026-09-21 12:16:06,22500,4979000,4601870,3347435,8.15,2026-09-29,23418.30
2026-09-21 12:21:06,22500,5005845,4601870,3397550,8.15,2026-09-29,23417.15
2026-09-21 12:26:06,22500,5006690,4601870,3439085,8.20,2026-09-29,23415.60
2026-09-21 12:31:07,22500,5023460,4601870,3472755,8.00,2026-09-29,23422.00
2026-09-21 12:36:06,22500,5031975,4601870,3496870,8.10,2026-09-29,23414.35
2026-09-21 12:41:07,22500,5031325,4601870,3514290,8.10,2026-09-29,23412.00
2026-09-21 12:46:07,22500,5030545,4601870,3526510,7.95,2026-09-29,23415.85
2026-09-21 12:51:07,22500,5026840,4601870,3540420,8.05,2026-09-29,23413.00
2026-09-21 12:56:07,22500,5035745,4601870,3559725,8.05,2026-09-29,23414.15
2026-09-21 13:01:07,22500,5037955,4601870,3569150,8.10,2026-09-29,23411.85
2026-09-21 13:06:07,22500,5045235,4601870,3591900,8.15,2026-09-29,23408.35
2026-09-21 13:11:07,22500,5052450,4601870,3616925,8.20,2026-09-29,23402.60
2026-09-21 13:16:08,22500,5057065,4601870,3669575,7.85,2026-09-29,23417.50
2026-09-21 13:21:07,22500,5033925,4601870,3728075,7.80,2026-09-29,23423.40
2026-09-21 13:26:06,22500,5052970,4601870,3774680,7.65,2026-09-29,23426.70
2026-09-21 13:31:07,22500,5055180,4601870,3906110,7.80,2026-09-29,23427.10
2026-09-21 13:36:07,22500,5038280,4601870,4095975,8.05,2026-09-29,23435.20
2026-09-21 13:41:07,22500,5086055,4601870,4213430,8.20,2026-09-29,23429.55
2026-09-21 13:46:06,22500,5162690,4601870,4322630,8.15,2026-09-29,23428.85
2026-09-21 13:51:06,22500,5177640,4601870,4362735,7.85,2026-09-29,23437.40
2026-09-21 13:56:07,22500,5266235,4601870,4520620,8.05,2026-09-29,23444.40
2026-09-21 14:01:06,22500,5265130,4601870,4835090,8.15,2026-09-29,23463.50
2026-09-21 14:06:06,22500,5290740,4601870,4990765,8.10,2026-09-29,23457.70
2026-09-21 14:11:07,22500,5243615,4601870,5084495,8.00,2026-09-29,23452.00
2026-09-21 14:16:07,22500,5234060,4601870,5142150,8.05,2026-09-29,23451.20
2026-09-21 14:21:07,22500,5206045,4601870,5236075,7.95,2026-09-29,23461.25
2026-09-21 14:26:07,22500,5206955,4601870,5292365,8.00,2026-09-29,23453.70
2026-09-21 14:31:07,22500,5182905,4601870,5330455,8.00,2026-09-29,23446.50
2026-09-21 14:36:07,22500,5164185,4601870,5375565,8.00,2026-09-29,23444.25
2026-09-21 14:40:07,22500,5162040,4601870,5412485,8.00,2026-09-29,23448.00
2026-09-21 14:46:07,22500,5170165,4601870,5456750,8.10,2026-09-29,23450.35
2026-09-21 14:51:07,22500,5194475,4601870,5562960,7.95,2026-09-29,23451.45
2026-09-21 14:56:06,22500,5207345,4601870,5630495,7.90,2026-09-29,23450.05
2026-09-21 15:01:06,22500,5222035,4601870,5682300,7.90,2026-09-29,23447.05
2026-09-21 15:06:07,22500,5321745,4601870,5863390,8.05,2026-09-29,23441.00
2026-09-21 15:11:06,22500,5340530,4601870,5990400,8.20,2026-09-29,23437.55
2026-09-21 15:16:07,22500,5361590,4601870,6123975,8.45,2026-09-29,23429.00
2026-09-21 15:21:07,22500,5362175,4601870,6270940,8.55,2026-09-29,23429.00
2026-09-21 15:26:07,22500,5382455,4601870,6439810,8.45,2026-09-29,23429.00
2026-09-21 15:31:07,22500,5489185,4601870,6871085,8.85,2026-09-29,23414.30
2026-09-21 15:36:07,22500,5612425,4601870,7254390,9.30,2026-09-29,23414.30
2026-09-21 15:41:06,22500,5550870,4601870,7521735,9.75,2026-09-29,23414.30
2026-09-21 22:30:06,22500,5550870,4601870,7521735,9.75,2026-09-29,23414.30
2026-09-21 22:35:07,22500,5550870,4601870,7521735,9.75,2026-09-29,23414.30
2026-09-21 23:00:05,22500,5550870,4601870,7521735,9.75,2026-09-29,23414.30
2026-09-21 23:05:07,22500,5550870,4601870,7521735,9.75,2026-09-29,23414.30
2026-09-21 08:54:08,22500,216125,164320,471250,26.05,2026-10-06,23346.40
2026-09-21 08:55:07,22500,216125,164320,471250,26.05,2026-10-06,23346.40
2026-09-21 09:00:07,22500,216125,164320,471250,26.05,2026-10-06,23216.50
2026-09-21 09:12:07,22500,216125,216060,471250,26.05,2026-10-06,23330.20
2026-09-21 09:16:07,22500,217230,216060,12285,25.00,2026-10-06,23341.85
2026-09-21 09:21:06,22500,219895,216060,59475,22.25,2026-10-06,23384.75
2026-09-21 09:26:06,22500,222365,216060,76505,21.70,2026-10-06,23385.35
2026-09-21 09:31:07,22500,226525,216060,87555,21.10,2026-10-06,23401.90
2026-09-21 09:36:07,22500,233610,216060,99320,20.90,2026-10-06,23406.50
2026-09-21 09:41:07,22500,239785,216060,112710,21.30,2026-10-06,23387.30
2026-09-21 09:46:07,22500,241930,216060,119015,21.20,2026-10-06,23397.90
2026-09-21 09:51:06,22500,240760,216060,123955,20.45,2026-10-06,23402.35
2026-09-21 09:56:07,22500,243360,216060,129415,20.35,2026-10-06,23394.85
2026-09-21 10:01:06,22500,247065,216060,137670,20.35,2026-10-06,23391.90
2026-09-21 10:06:06,22500,248365,216060,143130,21.20,2026-10-06,23384.65
2026-09-21 10:11:07,22500,249665,216060,148785,20.60,2026-10-06,23387.95
2026-09-21 10:16:07,22500,250120,216060,159315,20.75,2026-10-06,23372.35
2026-09-21 10:21:07,22500,250900,216060,163085,20.70,2026-10-06,23373.25
2026-09-21 10:26:07,22500,251680,216060,165815,20.95,2026-10-06,23368.05
2026-09-21 10:31:06,22500,253630,216060,182520,20.50,2026-10-06,23368.85
2026-09-21 10:36:06,22500,263315,216060,190645,20.70,2026-10-06,23365.35
2026-09-21 10:41:06,22500,264875,216060,199745,20.90,2026-10-06,23367.00
2026-09-21 10:46:07,22500,267540,216060,202735,20.10,2026-10-06,23381.65
2026-09-21 10:51:07,22500,267605,216060,203775,20.15,2026-10-06,23380.10
2026-09-21 10:56:06,22500,267605,216060,209950,19.95,2026-10-06,23380.75
2026-09-21 11:01:07,22500,268840,216060,215410,19.70,2026-10-06,23386.85
2026-09-21 11:06:07,22500,269620,216060,216970,19.55,2026-10-06,23387.60
2026-09-21 11:11:07,22500,272285,216060,231140,19.10,2026-10-06,23395.90
2026-09-21 11:16:07,22500,271440,216060,236990,19.00,2026-10-06,23396.05
2026-09-21 11:21:06,22500,285220,216060,267280,19.55,2026-10-06,23393.30
2026-09-21 11:26:06,22500,296725,216060,292110,19.65,2026-10-06,23393.85
2026-09-21 11:31:06,22500,318630,216060,312845,19.40,2026-10-06,23400.40
2026-09-21 11:36:07,22500,323180,216060,326625,19.50,2026-10-06,23399.30
2026-09-21 11:41:06,22500,322790,216060,329745,19.50,2026-10-06,23399.45
2026-09-21 11:46:06,22500,320190,216060,340405,19.25,2026-10-06,23402.55
2026-09-21 11:51:07,22500,319670,216060,344175,19.40,2026-10-06,23400.10
2026-09-21 11:56:07,22500,315705,216060,410475,17.65,2026-10-06,23418.50
2026-09-21 12:01:07,22500,307060,216060,424515,17.80,2026-10-06,23430.95
2026-09-21 12:06:07,22500,309855,216060,431860,18.30,2026-10-06,23423.65
2026-09-21 12:11:08,22500,308620,216060,433485,18.35,2026-10-06,23418.05
2026-09-21 12:16:07,22500,309790,216060,437385,18.30,2026-10-06,23419.65
2026-09-21 12:21:07,22500,310765,216060,439400,18.40,2026-10-06,23417.80
2026-09-21 12:26:07,22500,310700,216060,441220,18.50,2026-10-06,23415.85
2026-09-21 12:31:08,22500,310180,216060,446030,18.30,2026-10-06,23422.40
2026-09-21 12:36:07,22500,310245,216060,452530,18.30,2026-10-06,23414.45
2026-09-21 12:41:07,22500,311025,216060,452985,18.50,2026-10-06,23412.15
2026-09-21 12:46:07,22500,312390,216060,467935,18.30,2026-10-06,23415.75
2026-09-21 12:51:07,22500,320190,216060,470080,18.30,2026-10-06,23413.00
2026-09-21 12:56:07,22500,319020,216060,473005,18.25,2026-10-06,23413.70
2026-09-21 13:01:07,22500,318825,216060,474045,18.30,2026-10-06,23412.00
2026-09-21 13:06:07,22500,319995,216060,478205,18.45,2026-10-06,23407.90
2026-09-21 13:11:07,22500,337220,216060,515450,18.55,2026-10-06,23403.30
2026-09-21 13:16:09,22500,337610,216060,520650,18.00,2026-10-06,23418.15
2026-09-21 13:21:08,22500,338715,216060,555685,17.25,2026-10-06,23423.65
2026-09-21 13:26:07,22500,362115,216060,564200,17.15,2026-10-06,23426.75
2026-09-21 13:31:07,22500,360685,216060,566410,17.10,2026-10-06,23427.00
2026-09-21 13:36:07,22500,357565,216060,570895,17.10,2026-10-06,23436.25
2026-09-21 13:41:08,22500,348075,216060,602680,17.00,2026-10-06,23430.05
2026-09-21 13:46:07,22500,333970,216060,616980,17.10,2026-10-06,23429.50
2026-09-21 13:51:07,22500,332345,216060,619970,17.00,2026-10-06,23437.30
2026-09-21 13:56:07,22500,337870,216060,629655,16.75,2026-10-06,23445.50
2026-09-21 14:01:06,22500,333580,216060,643435,16.70,2026-10-06,23463.55
2026-09-21 14:06:07,22500,334620,216060,651365,16.85,2026-10-06,23457.95
2026-09-21 14:11:08,22500,332475,216060,660205,16.85,2026-10-06,23452.05
2026-09-21 14:16:07,22500,332345,216060,663455,16.85,2026-10-06,23451.05
2026-09-21 14:21:07,22500,334555,216060,667420,16.55,2026-10-06,23461.20
2026-09-21 14:26:08,22500,334035,216060,669630,16.95,2026-10-06,23454.60
2026-09-21 14:31:07,22500,331500,216060,676065,17.00,2026-10-06,23446.85
2026-09-21 14:36:07,22500,330265,216060,679835,17.25,2026-10-06,23444.65
2026-09-21 14:40:08,22500,328315,216060,686920,17.25,2026-10-06,23448.15
2026-09-21 14:46:07,22500,324935,216060,693485,17.05,2026-10-06,23450.85
2026-09-21 14:51:08,22500,329615,216060,707070,17.15,2026-10-06,23450.80
2026-09-21 14:56:07,22500,328315,216060,709995,17.00,2026-10-06,23450.15
2026-09-21 15:01:07,22500,327665,216060,713765,17.00,2026-10-06,23447.20
2026-09-21 15:06:07,22500,324545,216060,718965,16.75,2026-10-06,23441.00
2026-09-21 15:11:07,22500,323960,216060,726895,17.10,2026-10-06,23437.70
2026-09-21 15:16:07,22500,322400,216060,743275,17.25,2026-10-06,23429.00
2026-09-21 15:21:07,22500,319995,216060,758290,17.45,2026-10-06,23429.00
2026-09-21 15:26:08,22500,345865,216060,799630,16.70,2026-10-06,23429.00
2026-09-21 15:31:07,22500,351975,216060,816660,17.25,2026-10-06,23414.30
2026-09-21 15:36:08,22500,352430,216060,835055,17.65,2026-10-06,23414.30
2026-09-21 15:41:07,22500,357825,216060,846170,17.70,2026-10-06,23414.30
2026-09-21 22:30:06,22500,357825,216060,846170,17.70,2026-10-06,23414.30
2026-09-21 22:35:07,22500,357825,216060,846170,17.70,2026-10-06,23414.30
2026-09-21 23:00:06,22500,357825,216060,846170,17.70,2026-10-06,23414.30
2026-09-21 23:05:07,22500,357825,216060,846170,17.70,2026-10-06,23414.30
2026-09-21 08:54:06,22600,5502445,4661280,38724855,4.15,2026-09-22,23346.40
2026-09-21 08:55:06,22600,5502445,4661280,38724855,4.15,2026-09-22,23346.40
2026-09-21 09:00:06,22600,5502445,4661280,38724855,4.15,2026-09-22,23197.15
2026-09-21 09:12:06,22600,5502445,5245435,38724855,4.15,2026-09-22,23330.20
2026-09-21 09:16:06,22600,5235100,5245435,2329210,2.30,2026-09-22,23342.95
2026-09-21 09:21:06,22600,4871425,5245435,8225620,2.25,2026-09-22,23384.85
2026-09-21 09:26:05,22600,5449080,5245435,10006945,2.20,2026-09-22,23386.00
2026-09-21 09:31:06,22600,5475795,5245435,12082200,2.30,2026-09-22,23402.20
2026-09-21 09:36:06,22600,5757050,5245435,14063335,2.30,2026-09-22,23406.40
2026-09-21 09:41:06,22600,5724160,5245435,16270735,2.20,2026-09-22,23386.00
2026-09-21 09:46:05,22600,5795010,5245435,16739515,2.10,2026-09-22,23398.70
2026-09-21 09:51:05,22600,5803395,5245435,18061485,2.30,2026-09-22,23401.95
2026-09-21 09:56:06,22600,5992350,5245435,18869695,2.30,2026-09-22,23395.40
2026-09-21 10:01:05,22600,6119685,5245435,19474195,2.25,2026-09-22,23392.20
2026-09-21 10:06:05,22600,6038240,5245435,19981325,2.15,2026-09-22,23384.90
2026-09-21 10:11:06,22600,5846945,5245435,20518940,2.15,2026-09-22,23387.85
2026-09-21 10:16:06,22600,5812235,5245435,21240440,2.10,2026-09-22,23371.85
2026-09-21 10:21:06,22600,5794880,5245435,21794760,2.10,2026-09-22,23371.90
2026-09-21 10:26:06,22600,5864625,5245435,22063990,2.00,2026-09-22,23366.40
2026-09-21 10:31:06,22600,5896475,5245435,22811750,1.95,2026-09-22,23368.60
2026-09-21 10:36:06,22600,5853315,5245435,23125245,1.95,2026-09-22,23365.70
2026-09-21 10:41:05,22600,5835895,5245435,23397335,1.85,2026-09-22,23367.35
2026-09-21 10:46:06,22600,5806385,5245435,24148410,1.75,2026-09-22,23381.95
2026-09-21 10:51:06,22600,5761665,5245435,24554270,1.75,2026-09-22,23379.70
2026-09-21 10:56:05,22600,5776615,5245435,24734125,1.80,2026-09-22,23380.50
2026-09-21 11:01:06,22600,5784805,5245435,24801595,1.80,2026-09-22,23385.15
2026-09-21 11:06:06,22600,5867225,5245435,25030005,1.80,2026-09-22,23386.50
2026-09-21 11:11:06,22600,5952700,5245435,25419420,1.80,2026-09-22,23394.65
2026-09-21 11:16:06,22600,6020235,5245435,26093860,1.95,2026-09-22,23395.80
2026-09-21 11:21:05,22600,6198465,5245435,26428155,1.95,2026-09-22,23392.30
2026-09-21 11:26:05,22600,6464900,5245435,27590485,2.05,2026-09-22,23393.30
2026-09-21 11:31:05,22600,6547385,5245435,27953835,2.10,2026-09-22,23400.10
2026-09-21 11:36:06,22600,6524830,5245435,28515045,2.00,2026-09-22,23399.10
2026-09-21 11:41:06,22600,6597175,5245435,29022110,2.20,2026-09-22,23398.65
2026-09-21 11:46:05,22600,6636955,5245435,29433300,2.15,2026-09-22,23403.25
2026-09-21 11:51:06,22600,6596980,5245435,29923855,2.20,2026-09-22,23399.85
2026-09-21 11:56:06,22600,6697210,5245435,30196595,2.25,2026-09-22,23417.40
2026-09-21 12:01:06,22600,6791590,5245435,30743830,2.25,2026-09-22,23429.85
2026-09-21 12:06:06,22600,6887660,5245435,31218460,2.35,2026-09-22,23423.05
2026-09-21 12:11:07,22600,6988410,5245435,31742490,2.20,2026-09-22,23417.70
2026-09-21 12:16:06,22600,6943755,5245435,32061380,2.15,2026-09-22,23418.55
2026-09-21 12:21:06,22600,6993870,5245435,32419725,2.25,2026-09-22,23417.20
2026-09-21 12:26:06,22600,7002385,5245435,32566300,2.25,2026-09-22,23415.75
2026-09-21 12:31:07,22600,7003490,5245435,32809205,2.20,2026-09-22,23421.65
2026-09-21 12:36:06,22600,6994000,5245435,32939400,2.20,2026-09-22,23414.40
2026-09-21 12:41:06,22600,7062900,5245435,33304440,2.00,2026-09-22,23411.55
2026-09-21 12:46:06,22600,7089355,5245435,33496320,2.10,2026-09-22,23414.90
2026-09-21 12:51:06,22600,7005635,5245435,33702955,2.25,2026-09-22,23412.40
2026-09-21 12:56:06,22600,6991400,5245435,33810400,2.25,2026-09-22,23414.80
2026-09-21 13:01:06,22600,7102095,5245435,34315190,2.25,2026-09-22,23411.95
2026-09-21 13:06:06,22600,7154160,5245435,34714160,2.10,2026-09-22,23407.60
2026-09-21 13:11:06,22600,7184125,5245435,34818615,2.10,2026-09-22,23402.90
2026-09-21 13:16:07,22600,7246460,5245435,35301110,1.95,2026-09-22,23417.70
2026-09-21 13:21:07,22600,7220785,5245435,35999145,1.90,2026-09-22,23424.00
2026-09-21 13:26:06,22600,7148895,5245435,36545080,2.05,2026-09-22,23426.85
2026-09-21 13:31:06,22600,7187960,5245435,36843625,2.20,2026-09-22,23426.85
2026-09-21 13:36:06,22600,7199075,5245435,37438830,2.25,2026-09-22,23435.55
2026-09-21 13:41:07,22600,7306910,5245435,37821485,2.10,2026-09-22,23429.95
2026-09-21 13:46:06,22600,7296770,5245435,38146095,2.25,2026-09-22,23428.85
2026-09-21 13:51:06,22600,7198555,5245435,38616110,2.20,2026-09-22,23437.55
2026-09-21 13:56:06,22600,7394465,5245435,39848445,2.25,2026-09-22,23444.45
2026-09-21 14:01:05,22600,7717320,5245435,41387905,2.40,2026-09-22,23463.55
2026-09-21 14:06:06,22600,7800650,5245435,42088670,2.45,2026-09-22,23457.85
2026-09-21 14:11:07,22600,7778550,5245435,43291820,2.55,2026-09-22,23451.70
2026-09-21 14:16:06,22600,7852520,5245435,44089045,2.50,2026-09-22,23450.90
2026-09-21 14:21:06,22600,7806890,5245435,44733455,2.40,2026-09-22,23461.20
2026-09-21 14:26:07,22600,7570095,5245435,45615115,2.35,2026-09-22,23453.90
2026-09-21 14:31:06,22600,7499505,5245435,46031310,2.25,2026-09-22,23445.85
2026-09-21 14:36:06,22600,7433595,5245435,46409350,2.30,2026-09-22,23444.00
2026-09-21 14:40:07,22600,7452640,5245435,46754760,2.30,2026-09-22,23448.05
2026-09-21 14:46:06,22600,7377825,5245435,47956935,2.20,2026-09-22,23450.55
2026-09-21 14:51:07,22600,7317635,5245435,49822565,2.05,2026-09-22,23450.75
2026-09-21 14:56:06,22600,6955455,5245435,51949560,1.95,2026-09-22,23449.75
2026-09-21 15:01:06,22600,6766500,5245435,53289015,2.05,2026-09-22,23448.10
2026-09-21 15:06:06,22600,6728150,5245435,55757260,2.00,2026-09-22,23440.25
2026-09-21 15:11:06,22600,6545695,5245435,58075225,1.85,2026-09-22,23437.10
2026-09-21 15:16:06,22600,6424470,5245435,59516275,2.25,2026-09-22,23429.00
2026-09-21 15:21:06,22600,6494540,5245435,62160735,2.25,2026-09-22,23429.00
2026-09-21 15:26:07,22600,6287970,5245435,63496355,2.25,2026-09-22,23429.00
2026-09-21 15:31:06,22600,5888675,5245435,65349310,2.25,2026-09-22,23414.30
2026-09-21 15:36:07,22600,5607225,5245435,67491970,2.40,2026-09-22,23414.30
2026-09-21 15:41:06,22600,5799235,5245435,68974880,2.60,2026-09-22,23414.30
2026-09-21 22:30:05,22600,5799235,5245435,68974880,2.60,2026-09-22,23414.30
2026-09-21 22:35:06,22600,5799235,5245435,68974880,2.60,2026-09-22,23414.30
2026-09-21 23:00:05,22600,5799235,5245435,68974880,2.60,2026-09-22,23414.30
2026-09-21 23:05:06,22600,5799235,5245435,68974880,2.60,2026-09-22,23414.30
2026-09-21 08:54:07,22600,1394575,1131000,3889665,15.55,2026-09-29,23346.40
2026-09-21 08:55:06,22600,1394575,1131000,3889665,15.55,2026-09-29,23346.40
2026-09-21 09:00:07,22600,1394575,1131000,3889665,15.55,2026-09-29,23197.80
2026-09-21 09:12:07,22600,1394575,1392625,3889665,15.55,2026-09-29,23330.20
2026-09-21 09:16:06,22600,1396655,1392625,53365,13.40,2026-09-29,23343.65
2026-09-21 09:21:06,22600,1429805,1392625,271440,11.25,2026-09-29,23385.35
2026-09-21 09:26:06,22600,1472315,1392625,402805,10.95,2026-09-29,23386.30
2026-09-21 09:31:06,22600,1483300,1392625,501605,10.40,2026-09-29,23401.55
2026-09-21 09:36:06,22600,1494415,1392625,573885,10.15,2026-09-29,23406.40
2026-09-21 09:41:06,22600,1511120,1392625,653965,10.30,2026-09-29,23386.65
2026-09-21 09:46:06,22600,1511120,1392625,748605,10.00,2026-09-29,23398.55
2026-09-21 09:51:06,22600,1514500,1392625,796835,9.80,2026-09-29,23402.45
2026-09-21 09:56:06,22600,1551225,1392625,888485,9.60,2026-09-29,23395.15
2026-09-21 10:01:06,22600,1586130,1392625,965185,9.60,2026-09-29,23391.85
2026-09-21 10:06:06,22600,1618760,1392625,1081210,10.05,2026-09-29,23384.15
2026-09-21 10:11:07,22600,1629810,1392625,1170000,9.90,2026-09-29,23387.90
2026-09-21 10:16:07,22600,1664065,1392625,1270425,10.15,2026-09-29,23371.90
2026-09-21 10:21:06,22600,1716975,1392625,1424150,10.35,2026-09-29,23372.55
2026-09-21 10:26:06,22600,1732770,1392625,1529775,10.50,2026-09-29,23366.60
2026-09-21 10:31:06,22600,1756430,1392625,1623375,10.40,2026-09-29,23368.65
2026-09-21 10:36:06,22600,1783080,1392625,1737255,10.50,2026-09-29,23365.90
2026-09-21 10:41:06,22600,1794650,1392625,1781455,10.50,2026-09-29,23366.90
2026-09-21 10:46:06,22600,1804465,1392625,1835795,10.15,2026-09-29,23381.05
2026-09-21 10:51:06,22600,1806805,1392625,1878500,10.00,2026-09-29,23380.20
2026-09-21 10:56:06,22600,1819870,1392625,1926340,9.80,2026-09-29,23380.20
2026-09-21 11:01:07,22600,1816555,1392625,1985295,9.75,2026-09-29,23386.80
2026-09-21 11:06:07,22600,1824875,1392625,2018640,9.55,2026-09-29,23387.55
2026-09-21 11:11:07,22600,1828580,1392625,2055235,9.45,2026-09-29,23395.80
2026-09-21 11:16:06,22600,1831570,1392625,2090595,9.55,2026-09-29,23395.20
2026-09-21 11:21:06,22600,1837940,1392625,2135835,9.70,2026-09-29,23392.40
2026-09-21 11:26:06,22600,1833975,1392625,2152540,9.50,2026-09-29,23393.30
2026-09-21 11:31:06,22600,1832415,1392625,2158325,9.25,2026-09-29,23400.20
2026-09-21 11:36:07,22600,1857505,1392625,2209155,9.30,2026-09-29,23398.80
2026-09-21 11:41:06,22600,1883115,1392625,2276690,9.45,2026-09-29,23399.10
2026-09-21 11:46:06,22600,1881035,1392625,2320370,9.30,2026-09-29,23402.45
2026-09-21 11:51:06,22600,1880385,1392625,2335320,9.40,2026-09-29,23400.10
2026-09-21 11:56:06,22600,1876225,1392625,2371200,8.75,2026-09-29,23418.05
2026-09-21 12:01:06,22600,1870180,1392625,2427945,9.10,2026-09-29,23430.40
2026-09-21 12:06:07,22600,1874990,1392625,2455050,9.40,2026-09-29,23423.80
2026-09-21 12:11:07,22600,1869595,1392625,2475330,9.40,2026-09-29,23418.25
2026-09-21 12:16:06,22600,1865305,1392625,2497625,9.45,2026-09-29,23418.30
2026-09-21 12:21:06,22600,1863355,1392625,2509520,9.35,2026-09-29,23417.15
2026-09-21 12:26:06,22600,1860820,1392625,2516865,9.50,2026-09-29,23415.60
2026-09-21 12:31:07,22600,1862250,1392625,2523690,9.25,2026-09-29,23422.00
2026-09-21 12:36:06,22600,1866150,1392625,2532335,9.35,2026-09-29,23414.35
2026-09-21 12:41:07,22600,1865565,1392625,2550405,9.35,2026-09-29,23412.00
2026-09-21 12:46:07,22600,1853670,1392625,2574715,9.25,2026-09-29,23415.85
2026-09-21 12:51:07,22600,1853670,1392625,2581605,9.40,2026-09-29,23413.00
2026-09-21 12:56:07,22600,1854190,1392625,2585830,9.25,2026-09-29,23414.15
2026-09-21 13:01:07,22600,1855490,1392625,2588365,9.35,2026-09-29,23411.85
2026-09-21 13:06:07,22600,1855555,1392625,2595710,9.40,2026-09-29,23408.35
2026-09-21 13:11:07,22600,1852890,1392625,2602015,9.45,2026-09-29,23402.60
2026-09-21 13:16:08,22600,1850160,1392625,2624245,9.15,2026-09-29,23417.50
2026-09-21 13:21:07,22600,1846910,1392625,2660385,8.95,2026-09-29,23423.40
2026-09-21 13:26:06,22600,1875250,1392625,2732600,8.85,2026-09-29,23426.70
2026-09-21 13:31:07,22600,1877265,1392625,2801565,8.85,2026-09-29,23427.10
2026-09-21 13:36:07,22600,1754740,1392625,3011450,9.10,2026-09-29,23435.20
2026-09-21 13:41:07,22600,1736930,1392625,3045055,9.30,2026-09-29,23429.55
2026-09-21 13:46:06,22600,1730885,1392625,3062930,9.40,2026-09-29,23428.85
2026-09-21 13:51:06,22600,1728090,1392625,3071315,9.00,2026-09-29,23437.40
2026-09-21 13:56:07,22600,1729520,1392625,3113695,9.05,2026-09-29,23444.40
2026-09-21 14:01:06,22600,1739270,1392625,3200600,9.05,2026-09-29,23463.50
2026-09-21 14:06:06,22600,1730755,1392625,3248960,9.20,2026-09-29,23457.70
2026-09-21 14:11:07,22600,1716195,1392625,3289390,9.15,2026-09-29,23452.00
2026-09-21 14:16:07,22600,1706705,1392625,3324295,9.00,2026-09-29,23451.20
2026-09-21 14:21:07,22600,1699750,1392625,3412825,8.90,2026-09-29,23461.25
2026-09-21 14:26:07,22600,1697995,1392625,3449875,9.00,2026-09-29,23453.70
2026-09-21 14:31:07,22600,1695850,1392625,3462095,9.00,2026-09-29,23446.50
2026-09-21 14:36:07,22600,1688050,1392625,3489525,9.10,2026-09-29,23444.25
2026-09-21 14:40:07,22600,1686035,1392625,3500445,8.95,2026-09-29,23448.00
2026-09-21 14:46:07,22600,1685060,1392625,3523975,9.20,2026-09-29,23450.35
2026-09-21 14:51:07,22600,1674010,1392625,3575260,9.20,2026-09-29,23451.45
2026-09-21 14:56:06,22600,1677715,1392625,3602885,9.00,2026-09-29,23450.05
2026-09-21 15:01:06,22600,1673490,1392625,3641820,9.00,2026-09-29,23447.05
2026-09-21 15:06:07,22600,1669655,1392625,3695055,9.20,2026-09-29,23441.00
2026-09-21 15:11:06,22600,1676935,1392625,3737955,9.35,2026-09-29,23437.55
2026-09-21 15:16:07,22600,1671345,1392625,3789760,9.60,2026-09-29,23429.00
2026-09-21 15:21:07,22600,1680705,1392625,3868345,9.75,2026-09-29,23429.00
2026-09-21 15:26:07,22600,1687335,1392625,3947515,9.55,2026-09-29,23429.00
2026-09-21 15:31:07,22600,1687985,1392625,4096690,10.05,2026-09-29,23414.30
2026-09-21 15:36:07,22600,1705080,1392625,4270110,10.45,2026-09-29,23414.30
2026-09-21 15:41:06,22600,1734200,1392625,4434365,11.10,2026-09-29,23414.30
2026-09-21 22:30:06,22600,1734200,1392625,4434365,11.10,2026-09-29,23414.30
2026-09-21 22:35:07,22600,1734200,1392625,4434365,11.10,2026-09-29,23414.30
2026-09-21 23:00:05,22600,1734200,1392625,4434365,11.10,2026-09-29,23414.30
2026-09-21 23:05:07,22600,1734200,1392625,4434365,11.10,2026-09-29,23414.30
2026-09-21 08:54:08,22600,112710,93535,171990,32.15,2026-10-06,23346.40
2026-09-21 08:55:07,22600,112710,93535,171990,32.15,2026-10-06,23346.40
2026-09-21 09:00:07,22600,112710,93535,171990,32.15,2026-10-06,23216.50
2026-09-21 09:12:07,22600,112710,111865,171990,32.15,2026-10-06,23330.20
2026-09-21 09:16:07,22600,111865,111865,4485,30.00,2026-10-06,23341.85
2026-09-21 09:21:06,22600,110565,111865,17875,26.85,2026-10-06,23384.75
2026-09-21 09:26:06,22600,114530,111865,23985,26.60,2026-10-06,23385.35
2026-09-21 09:31:07,22600,115960,111865,26975,25.60,2026-10-06,23401.90
2026-09-21 09:36:07,22600,117520,111865,31395,25.05,2026-10-06,23406.50
2026-09-21 09:41:07,22600,117910,111865,38350,26.30,2026-10-06,23387.30
2026-09-21 09:46:07,22600,117845,111865,39390,25.80,2026-10-06,23397.90
2026-09-21 09:51:06,22600,119275,111865,45760,25.25,2026-10-06,23402.35
2026-09-21 09:56:07,22600,119275,111865,46085,25.05,2026-10-06,23394.85
2026-09-21 10:01:06,22600,119795,111865,49465,25.40,2026-10-06,23391.90
2026-09-21 10:06:06,22600,119925,111865,51350,26.00,2026-10-06,23384.65
2026-09-21 10:11:07,22600,120120,111865,52975,25.50,2026-10-06,23387.95
2026-09-21 10:16:07,22600,120445,111865,53885,25.80,2026-10-06,23372.35
2026-09-21 10:21:07,22600,121030,111865,55575,25.90,2026-10-06,23373.25
2026-09-21 10:26:07,22600,121160,111865,57135,26.05,2026-10-06,23368.05
2026-09-21 10:31:06,22600,120900,111865,58045,25.55,2026-10-06,23368.85
2026-09-21 10:36:06,22600,122785,111865,61425,26.00,2026-10-06,23365.35
2026-09-21 10:41:06,22600,123110,111865,62140,26.20,2026-10-06,23367.00
2026-09-21 10:46:07,22600,121550,111865,66950,24.85,2026-10-06,23381.65
2026-09-21 10:51:07,22600,122785,111865,67015,24.85,2026-10-06,23380.10
2026-09-21 10:56:06,22600,122525,111865,69030,24.90,2026-10-06,23380.75
2026-09-21 11:01:07,22600,122655,111865,70200,24.80,2026-10-06,23386.85
2026-09-21 11:06:07,22600,122915,111865,71890,24.30,2026-10-06,23387.60
2026-09-21 11:11:07,22600,122785,111865,73320,24.15,2026-10-06,23395.90
2026-09-21 11:16:07,22600,125775,111865,78585,23.70,2026-10-06,23396.05
2026-09-21 11:21:06,22600,129155,111865,83070,24.20,2026-10-06,23393.30
2026-09-21 11:26:06,22600,129285,111865,85800,24.00,2026-10-06,23393.85
2026-09-21 11:31:06,22600,129675,111865,88530,23.85,2026-10-06,23400.40
2026-09-21 11:36:07,22600,129740,111865,91715,23.80,2026-10-06,23399.30
2026-09-21 11:41:06,22600,132990,111865,95160,23.90,2026-10-06,23399.45
2026-09-21 11:46:06,22600,132860,111865,97955,23.70,2026-10-06,23402.55
2026-09-21 11:51:07,22600,134810,111865,98280,24.10,2026-10-06,23400.10
2026-09-21 11:56:07,22600,139620,111865,105625,21.90,2026-10-06,23418.50
2026-09-21 12:01:07,22600,138905,111865,109655,22.10,2026-10-06,23430.95
2026-09-21 12:06:07,22600,138970,111865,111150,22.75,2026-10-06,23423.65
2026-09-21 12:11:08,22600,138645,111865,111475,22.65,2026-10-06,23418.05
2026-09-21 12:16:07,22600,138515,111865,111735,22.55,2026-10-06,23419.65
2026-09-21 12:21:07,22600,138515,111865,111865,22.50,2026-10-06,23417.80
2026-09-21 12:26:07,22600,138645,111865,112580,22.70,2026-10-06,23415.85
2026-09-21 12:31:08,22600,138840,111865,113685,22.50,2026-10-06,23422.40
2026-09-21 12:36:07,22600,138710,111865,114205,22.80,2026-10-06,23414.45
2026-09-21 12:41:07,22600,138710,111865,114335,22.70,2026-10-06,23412.15
2026-09-21 12:46:07,22600,138320,111865,116285,22.45,2026-10-06,23415.75
2026-09-21 12:51:07,22600,138125,111865,117520,22.65,2026-10-06,23413.00
2026-09-21 12:56:07,22600,138060,111865,117585,22.50,2026-10-06,23413.70
2026-09-21 13:01:07,22600,137995,111865,119145,22.65,2026-10-06,23412.00
2026-09-21 13:06:07,22600,137930,111865,119665,22.70,2026-10-06,23407.90
2026-09-21 13:11:07,22600,137865,111865,122135,23.05,2026-10-06,23403.30
2026-09-21 13:16:09,22600,138190,111865,124800,22.50,2026-10-06,23418.15
2026-09-21 13:21:08,22600,137930,111865,128765,21.55,2026-10-06,23423.65
2026-09-21 13:26:07,22600,137930,111865,132080,21.45,2026-10-06,23426.75
2026-09-21 13:31:07,22600,137930,111865,133965,21.30,2026-10-06,23427.00
2026-09-21 13:36:07,22600,136435,111865,134940,21.05,2026-10-06,23436.25
2026-09-21 13:41:08,22600,136305,111865,136240,21.10,2026-10-06,23430.05
2026-09-21 13:46:07,22600,140530,111865,140920,21.35,2026-10-06,23429.50
2026-09-21 13:51:07,22600,140595,111865,141245,21.15,2026-10-06,23437.30
2026-09-21 13:56:07,22600,141310,111865,143455,20.60,2026-10-06,23445.50
2026-09-21 14:01:06,22600,141570,111865,149305,20.30,2026-10-06,23463.55
2026-09-21 14:06:07,22600,140725,111865,156780,20.40,2026-10-06,23457.95
2026-09-21 14:11:08,22600,168415,111865,186810,20.40,2026-10-06,23452.05
2026-09-21 14:16:07,22600,168675,111865,188045,20.65,2026-10-06,23451.05
2026-09-21 14:21:07,22600,168740,111865,189800,20.10,2026-10-06,23461.20
2026-09-21 14:26:08,22600,169260,111865,193050,20.55,2026-10-06,23454.60
2026-09-21 14:31:07,22600,169715,111865,196690,20.90,2026-10-06,23446.85
2026-09-21 14:36:07,22600,173550,111865,202410,21.00,2026-10-06,23444.65
2026-09-21 14:40:08,22600,173550,111865,204035,20.90,2026-10-06,23448.15
2026-09-21 14:46:07,22600,173940,111865,209105,20.90,2026-10-06,23450.85
2026-09-21 14:51:08,22600,174070,111865,215280,21.00,2026-10-06,23450.80
2026-09-21 14:56:07,22600,168220,111865,223730,20.80,2026-10-06,23450.15
2026-09-21 15:01:07,22600,168545,111865,225810,21.00,2026-10-06,23447.20
2026-09-21 15:06:07,22600,168805,111865,227565,20.65,2026-10-06,23441.00
2026-09-21 15:11:07,22600,168220,111865,231660,20.70,2026-10-06,23437.70
2026-09-21 15:16:07,22600,165165,111865,237770,21.00,2026-10-06,23429.00
2026-09-21 15:21:07,22600,166465,111865,245310,21.15,2026-10-06,23429.00
2026-09-21 15:26:08,22600,166270,111865,249015,20.65,2026-10-06,23429.00
2026-09-21 15:31:07,22600,167700,111865,255385,21.05,2026-10-06,23414.30
2026-09-21 15:36:08,22600,168610,111865,269165,21.40,2026-10-06,23414.30
2026-09-21 15:41:07,22600,169585,111865,285610,21.70,2026-10-06,23414.30
2026-09-21 22:30:06,22600,169585,111865,285610,21.70,2026-10-06,23414.30
2026-09-21 22:35:07,22600,169585,111865,285610,21.70,2026-10-06,23414.30
2026-09-21 23:00:06,22600,169585,111865,285610,21.70,2026-10-06,23414.30
2026-09-21 23:05:07,22600,169585,111865,285610,21.70,2026-10-06,23414.30
2026-09-21 08:54:06,22700,6302660,6011460,42283215,5.25,2026-09-22,23346.40
2026-09-21 08:55:06,22700,6302660,6011460,42283215,5.25,2026-09-22,23346.40
2026-09-21 09:00:06,22700,6302660,6011460,42283215,5.25,2026-09-22,23197.15
2026-09-21 09:12:06,22700,6302660,6306950,42283215,5.25,2026-09-22,23330.20
2026-09-21 09:16:06,22700,6309095,6306950,1755195,2.75,2026-09-22,23342.95
2026-09-21 09:21:06,22700,7403370,6306950,6696105,2.70,2026-09-22,23384.85
2026-09-21 09:26:05,22700,7467590,6306950,8373235,2.60,2026-09-22,23386.00
2026-09-21 09:31:06,22700,7631390,6306950,10834850,2.70,2026-09-22,23402.20
2026-09-21 09:36:06,22700,7699445,6306950,12083890,2.70,2026-09-22,23406.40
2026-09-21 09:41:06,22700,7578155,6306950,13413660,2.65,2026-09-22,23386.00
2026-09-21 09:46:05,22700,7535970,6306950,13934960,2.60,2026-09-22,23398.70
2026-09-21 09:51:05,22700,7627035,6306950,14870505,2.70,2026-09-22,23401.95
2026-09-21 09:56:06,22700,7721155,6306950,15340260,2.70,2026-09-22,23395.40
2026-09-21 10:01:05,22700,7721480,6306950,15799550,2.55,2026-09-22,23392.20
2026-09-21 10:06:05,22700,7721740,6306950,16100305,2.55,2026-09-22,23384.90
2026-09-21 10:11:06,22700,7690215,6306950,16481920,2.55,2026-09-22,23387.85
2026-09-21 10:16:06,22700,7643675,6306950,17089475,2.55,2026-09-22,23371.85
2026-09-21 10:21:06,22700,7623200,6306950,17507880,2.45,2026-09-22,23371.90
2026-09-21 10:26:06,22700,7550205,6306950,17739800,2.50,2026-09-22,23366.40
2026-09-21 10:31:06,22700,7112820,6306950,18947630,2.30,2026-09-22,23368.60
2026-09-21 10:36:06,22700,7120360,6306950,19470685,2.25,2026-09-22,23365.70
2026-09-21 10:41:05,22700,7096700,6306950,19687590,2.25,2026-09-22,23367.35
2026-09-21 10:46:06,22700,7028450,6306950,19988475,2.15,2026-09-22,23381.95
2026-09-21 10:51:06,22700,7014150,6306950,20263620,2.15,2026-09-22,23379.70
2026-09-21 10:56:05,22700,7033910,6306950,20586280,2.20,2026-09-22,23380.50
2026-09-21 11:01:06,22700,6995365,6306950,20719725,2.15,2026-09-22,23385.15
2026-09-21 11:06:06,22700,6972355,6306950,21086390,2.10,2026-09-22,23386.50
2026-09-21 11:11:06,22700,7096310,6306950,21477040,2.05,2026-09-22,23394.65
2026-09-21 11:16:06,22700,7604610,6306950,23205845,2.35,2026-09-22,23395.80
2026-09-21 11:21:05,22700,7625540,6306950,23464610,2.35,2026-09-22,23392.30
2026-09-21 11:26:05,22700,7698730,6306950,23951460,2.40,2026-09-22,23393.30
2026-09-21 11:31:05,22700,7868445,6306950,24603995,2.50,2026-09-22,23400.10
2026-09-21 11:36:06,22700,7907705,6306950,25015575,2.40,2026-09-22,23399.10
2026-09-21 11:41:06,22700,8017555,6306950,25484940,2.60,2026-09-22,23398.65
2026-09-21 11:46:05,22700,8127210,6306950,26099775,2.55,2026-09-22,23403.25
2026-09-21 11:51:06,22700,8260460,6306950,27141595,2.55,2026-09-22,23399.85
2026-09-21 11:56:06,22700,8254025,6306950,27643135,2.55,2026-09-22,23417.40
2026-09-21 12:01:06,22700,8352435,6306950,28152540,2.50,2026-09-22,23429.85
2026-09-21 12:06:06,22700,8491795,6306950,28650960,2.75,2026-09-22,23423.05
2026-09-21 12:11:07,22700,8532875,6306950,29108365,2.55,2026-09-22,23417.70
2026-09-21 12:16:06,22700,8645260,6306950,29530670,2.55,2026-09-22,23418.55
2026-09-21 12:21:06,22700,8725535,6306950,29959345,2.65,2026-09-22,23417.20
2026-09-21 12:26:06,22700,8782475,6306950,30248205,2.65,2026-09-22,23415.75
2026-09-21 12:31:07,22700,8832265,6306950,30450290,2.60,2026-09-22,23421.65
2026-09-21 12:36:06,22700,8837010,6306950,30765800,2.65,2026-09-22,23414.40
2026-09-21 12:41:06,22700,8831680,6306950,31087680,2.40,2026-09-22,23411.55
2026-09-21 12:46:06,22700,8778575,6306950,31271825,2.50,2026-09-22,23414.90
2026-09-21 12:51:06,22700,8798985,6306950,31484375,2.60,2026-09-22,23412.40
2026-09-21 12:56:06,22700,8810295,6306950,31819515,2.55,2026-09-22,23414.80
2026-09-21 13:01:06,22700,8883225,6306950,31965570,2.65,2026-09-22,23411.95
2026-09-21 13:06:06,22700,9039355,6306950,32669000,2.55,2026-09-22,23407.60
2026-09-21 13:11:06,22700,9013940,6306950,32843395,2.45,2026-09-22,23402.90
2026-09-21 13:16:07,22700,8998015,6306950,33243015,2.25,2026-09-22,23417.70
2026-09-21 13:21:07,22700,8993400,6306950,34174855,2.25,2026-09-22,23424.00
2026-09-21 13:26:06,22700,8544835,6306950,35661860,2.35,2026-09-22,23426.85
2026-09-21 13:31:06,22700,8523385,6306950,36431785,2.45,2026-09-22,23426.85
2026-09-21 13:36:06,22700,8580130,6306950,37511175,2.55,2026-09-22,23435.55
2026-09-21 13:41:07,22700,8595990,6306950,37978915,2.40,2026-09-22,23429.95
2026-09-21 13:46:06,22700,8987550,6306950,38993305,2.50,2026-09-22,23428.85
2026-09-21 13:51:06,22700,8895575,6306950,39497315,2.45,2026-09-22,23437.55
2026-09-21 13:56:06,22700,8986315,6306950,39833755,2.60,2026-09-22,23444.45
2026-09-21 14:01:05,22700,9161425,6306950,41651155,2.75,2026-09-22,23463.55
2026-09-21 14:06:06,22700,9417200,6306950,42877640,2.85,2026-09-22,23457.85
2026-09-21 14:11:07,22700,9395685,6306950,44314660,2.90,2026-09-22,23451.70
2026-09-21 14:16:06,22700,9312030,6306950,45399835,2.95,2026-09-22,23450.90
2026-09-21 14:21:06,22700,9354800,6306950,46021690,2.75,2026-09-22,23461.20
2026-09-21 14:26:07,22700,9314175,6306950,46556185,2.60,2026-09-22,23453.90
2026-09-21 14:31:06,22700,9284275,6306950,46845175,2.55,2026-09-22,23445.85
2026-09-21 14:36:06,22700,9121580,6306950,47359325,2.65,2026-09-22,23444.00
2026-09-21 14:40:07,22700,9033180,6306950,47852155,2.55,2026-09-22,23448.05
2026-09-21 14:46:06,22700,9009195,6306950,48488765,2.60,2026-09-22,23450.55
2026-09-21 14:51:07,22700,8970975,6306950,50016915,2.40,2026-09-22,23450.75
2026-09-21 14:56:06,22700,8720530,6306950,51760605,2.35,2026-09-22,23449.75
2026-09-21 15:01:06,22700,8601515,6306950,52956930,2.45,2026-09-22,23448.10
2026-09-21 15:06:06,22700,8246745,6306950,56178590,2.30,2026-09-22,23440.25
2026-09-21 15:11:06,22700,7883395,6306950,58803290,2.25,2026-09-22,23437.10
2026-09-21 15:16:06,22700,7718165,6306950,60360560,2.70,2026-09-22,23429.00
2026-09-21 15:21:06,22700,7791940,6306950,61824035,2.60,2026-09-22,23429.00
2026-09-21 15:26:07,22700,7704645,6306950,63931400,2.65,2026-09-22,23429.00
2026-09-21 15:31:06,22700,7257575,6306950,66350700,2.60,2026-09-22,23414.30
2026-09-21 15:36:07,22700,7337590,6306950,68580395,3.00,2026-09-22,23414.30
2026-09-21 15:41:06,22700,7354815,6306950,70896670,3.05,2026-09-22,23414.30
2026-09-21 22:30:05,22700,7354815,6306950,70896670,3.05,2026-09-22,23414.30
2026-09-21 22:35:06,22700,7354815,6306950,70896670,3.05,2026-09-22,23414.30
2026-09-21 23:00:05,22700,7354815,6306950,70896670,3.05,2026-09-22,23414.30
2026-09-21 23:05:06,22700,7354815,6306950,70896670,3.05,2026-09-22,23414.30
2026-09-21 08:54:07,22700,1798615,1231620,4905420,20.25,2026-09-29,23346.40
2026-09-21 08:55:06,22700,1798615,1231620,4905420,20.25,2026-09-29,23346.40
2026-09-21 09:00:07,22700,1798615,1231620,4905420,20.25,2026-09-29,23197.80
2026-09-21 09:12:07,22700,1798615,1794780,4905420,20.25,2026-09-29,23330.20
2026-09-21 09:16:06,22700,1796405,1794780,284635,18.10,2026-09-29,23343.65
2026-09-21 09:21:06,22700,1773135,1794780,747370,15.20,2026-09-29,23385.35
2026-09-21 09:26:06,22700,1908790,1794780,1060735,14.60,2026-09-29,23386.30
2026-09-21 09:31:06,22700,2004210,1794780,1301495,13.80,2026-09-29,23401.55
2026-09-21 09:36:06,22700,2023515,1794780,1499550,13.35,2026-09-29,23406.40
2026-09-21 09:41:06,22700,2073045,1794780,1661400,13.85,2026-09-29,23386.65
2026-09-21 09:46:06,22700,2116270,1794780,1752790,13.25,2026-09-29,23398.55
2026-09-21 09:51:06,22700,2114970,1794780,1813370,13.00,2026-09-29,23402.45
2026-09-21 09:56:06,22700,2112565,1794780,1887210,12.85,2026-09-29,23395.15
2026-09-21 10:01:06,22700,2150525,1794780,1995695,12.90,2026-09-29,23391.85
2026-09-21 10:06:06,22700,2167100,1794780,2071355,13.50,2026-09-29,23384.15
2026-09-21 10:11:07,22700,2181270,1794780,2131090,13.25,2026-09-29,23387.90
2026-09-21 10:16:07,22700,2179645,1794780,2188420,13.70,2026-09-29,23371.90
2026-09-21 10:21:06,22700,2176915,1794780,2233595,13.90,2026-09-29,23372.55
2026-09-21 10:26:06,22700,2178865,1794780,2290860,14.10,2026-09-29,23366.60
2026-09-21 10:31:06,22700,2179385,1794780,2346435,13.75,2026-09-29,23368.65
2026-09-21 10:36:06,22700,2179320,1794780,2414165,13.95,2026-09-29,23365.90
2026-09-21 10:41:06,22700,2180555,1794780,2503410,14.10,2026-09-29,23366.90
2026-09-21 10:46:06,22700,2185885,1794780,2619695,13.30,2026-09-29,23381.05
2026-09-21 10:51:06,22700,2186275,1794780,2648035,13.20,2026-09-29,23380.20
2026-09-21 10:56:06,22700,2186210,1794780,2684370,13.15,2026-09-29,23380.20
2026-09-21 11:01:07,22700,2118935,1794780,2829775,13.00,2026-09-29,23386.80
2026-09-21 11:06:07,22700,2113475,1794780,2852590,12.80,2026-09-29,23387.55
2026-09-21 11:11:07,22700,2118545,1794780,2889575,12.40,2026-09-29,23395.80
2026-09-21 11:16:06,22700,2114580,1794780,2974920,12.55,2026-09-29,23395.20
2026-09-21 11:21:06,22700,2124005,1794780,3021395,12.90,2026-09-29,23392.40
2026-09-21 11:26:06,22700,2129010,1794780,3041480,12.55,2026-09-29,23393.30
2026-09-21 11:31:06,22700,2133690,1794780,3080545,12.15,2026-09-29,23400.20
2026-09-21 11:36:07,22700,2131285,1794780,3146065,12.30,2026-09-29,23398.80
2026-09-21 11:41:06,22700,2144610,1794780,3197675,12.45,2026-09-29,23399.10
2026-09-21 11:46:06,22700,2165085,1794780,3316300,12.25,2026-09-29,23402.45
2026-09-21 11:51:06,22700,2163070,1794780,3321760,12.35,2026-09-29,23400.10
2026-09-21 11:56:06,22700,2143700,1794780,3398980,11.35,2026-09-29,23418.05
2026-09-21 12:01:06,22700,2101840,1794780,3590990,11.80,2026-09-29,23430.40
2026-09-21 12:06:07,22700,2094950,1794780,3627260,12.15,2026-09-29,23423.80
2026-09-21 12:11:07,22700,2049905,1794780,3730415,12.05,2026-09-29,23418.25
2026-09-21 12:16:06,22700,2047045,1794780,3748680,11.95,2026-09-29,23418.30
2026-09-21 12:21:06,22700,2062190,1794780,3787615,11.95,2026-09-29,23417.15
2026-09-21 12:26:06,22700,2059005,1794780,3810105,12.10,2026-09-29,23415.60
2026-09-21 12:31:07,22700,2035085,1794780,4008160,11.65,2026-09-29,23422.00
2026-09-21 12:36:06,22700,2032160,1794780,4027335,11.95,2026-09-29,23414.35
2026-09-21 12:41:07,22700,2055105,1794780,4143945,11.95,2026-09-29,23412.00
2026-09-21 12:46:07,22700,2044445,1794780,4292925,11.75,2026-09-29,23415.85
2026-09-21 12:51:07,22700,2051725,1794780,4319965,11.90,2026-09-29,23413.00
2026-09-21 12:56:07,22700,2057250,1794780,4362085,11.90,2026-09-29,23414.15
2026-09-21 13:01:07,22700,2055430,1794780,4376255,12.00,2026-09-29,23411.85
2026-09-21 13:06:07,22700,2068950,1794780,4418570,12.10,2026-09-29,23408.35
2026-09-21 13:11:07,22700,2072070,1794780,4445090,12.25,2026-09-29,23402.60
2026-09-21 13:16:08,22700,2054130,1794780,4527640,11.65,2026-09-29,23417.50
2026-09-21 13:21:07,22700,2067780,1794780,4579965,11.35,2026-09-29,23423.40
2026-09-21 13:26:06,22700,2077075,1794780,4632550,11.25,2026-09-29,23426.70
2026-09-21 13:31:07,22700,2071030,1794780,4705675,11.20,2026-09-29,23427.10
2026-09-21 13:36:07,22700,2071745,1794780,4808440,11.25,2026-09-29,23435.20
2026-09-21 13:41:07,22700,2076490,1794780,4841135,11.50,2026-09-29,23429.55
2026-09-21 13:46:06,22700,2084355,1794780,4877990,11.60,2026-09-29,23428.85
2026-09-21 13:51:06,22700,2084940,1794780,4897685,11.25,2026-09-29,23437.40
2026-09-21 13:56:07,22700,2072200,1794780,4957160,11.20,2026-09-29,23444.40
2026-09-21 14:01:06,22700,2134340,1794780,5155995,11.05,2026-09-29,23463.50
2026-09-21 14:06:06,22700,2162160,1794780,5361850,11.25,2026-09-29,23457.70
2026-09-21 14:11:07,22700,2156700,1794780,5424185,11.05,2026-09-29,23452.00
2026-09-21 14:16:07,22700,2162030,1794780,5457010,11.05,2026-09-29,23451.20
2026-09-21 14:21:07,22700,2106520,1794780,5564585,10.95,2026-09-29,23461.25
2026-09-21 14:26:07,22700,2051855,1794780,5700240,11.20,2026-09-29,23453.70
2026-09-21 14:31:07,22700,2026635,1794780,5765890,11.25,2026-09-29,23446.50
2026-09-21 14:36:07,22700,2020785,1794780,5799495,11.35,2026-09-29,23444.25
2026-09-21 14:40:07,22700,2015260,1794780,5811390,11.20,2026-09-29,23448.00
2026-09-21 14:46:07,22700,1941810,1794780,6066125,11.40,2026-09-29,23450.35
2026-09-21 14:51:07,22700,1898910,1794780,6141785,11.40,2026-09-29,23451.45
2026-09-21 14:56:06,22700,1893190,1794780,6164405,11.25,2026-09-29,23450.05
2026-09-21 15:01:06,22700,1872455,1794780,6236620,11.30,2026-09-29,23447.05
2026-09-21 15:06:07,22700,1868035,1794780,6314360,11.40,2026-09-29,23441.00
2026-09-21 15:11:06,22700,1846325,1794780,6409910,11.55,2026-09-29,23437.55
2026-09-21 15:16:07,22700,1849055,1794780,6472830,11.95,2026-09-29,23429.00
2026-09-21 15:21:07,22700,1852045,1794780,6613620,12.20,2026-09-29,23429.00
2026-09-21 15:26:07,22700,1864850,1794780,6714435,12.00,2026-09-29,23429.00
2026-09-21 15:31:07,22700,1876550,1794780,6810440,12.50,2026-09-29,23414.30
2026-09-21 15:36:07,22700,1878175,1794780,6926010,12.95,2026-09-29,23414.30
2026-09-21 15:41:06,22700,1880710,1794780,7039760,13.60,2026-09-29,23414.30
2026-09-21 22:30:06,22700,1880710,1794780,7039760,13.60,2026-09-29,23414.30
2026-09-21 22:35:07,22700,1880710,1794780,7039760,13.60,2026-09-29,23414.30
2026-09-21 23:00:05,22700,1880710,1794780,7039760,13.60,2026-09-29,23414.30
2026-09-21 23:05:07,22700,1880710,1794780,7039760,13.60,2026-09-29,23414.30
2026-09-21 08:54:08,22700,65325,42965,137150,40.20,2026-10-06,23346.40
2026-09-21 08:55:07,22700,65325,42965,137150,40.20,2026-10-06,23346.40
2026-09-21 09:00:07,22700,65325,42965,137150,40.20,2026-10-06,23216.50
2026-09-21 09:12:07,22700,65325,64740,137150,40.20,2026-10-06,23330.20
2026-09-21 09:16:07,22700,64740,64740,1170,37.75,2026-10-06,23341.85
2026-09-21 09:21:06,22700,66690,64740,12220,34.00,2026-10-06,23384.75
2026-09-21 09:26:06,22700,70980,64740,16250,34.15,2026-10-06,23385.35
2026-09-21 09:31:07,22700,83330,64740,35880,33.00,2026-10-06,23401.90
2026-09-21 09:36:07,22700,82745,64740,45305,32.50,2026-10-06,23406.50
2026-09-21 09:41:07,22700,83655,64740,54470,33.70,2026-10-06,23387.30
2026-09-21 09:46:07,22700,87425,64740,60385,33.00,2026-10-06,23397.90
2026-09-21 09:51:06,22700,89570,64740,64090,32.15,2026-10-06,23402.35
2026-09-21 09:56:07,22700,91910,64740,68380,32.10,2026-10-06,23394.85
2026-09-21 10:01:06,22700,91325,64740,72150,32.25,2026-10-06,23391.90
2026-09-21 10:06:06,22700,93015,64740,75205,33.40,2026-10-06,23384.65
2026-09-21 10:11:07,22700,91975,64740,77155,33.25,2026-10-06,23387.95
2026-09-21 10:16:07,22700,92950,64740,80860,33.05,2026-10-06,23372.35
2026-09-21 10:21:07,22700,92235,64740,83070,33.25,2026-10-06,23373.25
2026-09-21 10:26:07,22700,92495,64740,84175,33.45,2026-10-06,23368.05
2026-09-21 10:31:06,22700,92495,64740,85930,33.05,2026-10-06,23368.85
2026-09-21 10:36:06,22700,92950,64740,88725,33.30,2026-10-06,23365.35
2026-09-21 10:41:06,22700,93080,64740,89700,33.50,2026-10-06,23367.00
2026-09-21 10:46:07,22700,92625,64740,91585,32.20,2026-10-06,23381.65
2026-09-21 10:51:07,22700,97890,64740,103870,32.45,2026-10-06,23380.10
2026-09-21 10:56:06,22700,98540,64740,112125,32.10,2026-10-06,23380.75
2026-09-21 11:01:07,22700,102895,64740,115700,31.75,2026-10-06,23386.85
2026-09-21 11:06:07,22700,102765,64740,116480,31.35,2026-10-06,23387.60
2026-09-21 11:11:07,22700,102895,64740,117845,30.75,2026-10-06,23395.90
2026-09-21 11:16:07,22700,105365,64740,120640,30.60,2026-10-06,23396.05
2026-09-21 11:21:06,22700,103675,64740,126295,31.05,2026-10-06,23393.30
2026-09-21 11:26:06,22700,103805,64740,126425,30.70,2026-10-06,23393.85
2026-09-21 11:31:06,22700,103545,64740,127010,30.45,2026-10-06,23400.40
2026-09-21 11:36:07,22700,101985,64740,130845,30.60,2026-10-06,23399.30
2026-09-21 11:41:06,22700,101920,64740,131430,30.45,2026-10-06,23399.45
2026-09-21 11:46:06,22700,102635,64740,133705,30.25,2026-10-06,23402.55
2026-09-21 11:51:07,22700,103025,64740,134355,30.75,2026-10-06,23400.10
2026-09-21 11:56:07,22700,101920,64740,137085,28.35,2026-10-06,23418.50
2026-09-21 12:01:07,22700,101530,64740,140530,28.55,2026-10-06,23430.95
2026-09-21 12:06:07,22700,102440,64740,143455,29.05,2026-10-06,23423.65
2026-09-21 12:11:08,22700,103675,64740,146055,29.15,2026-10-06,23418.05
2026-09-21 12:16:07,22700,102895,64740,149370,29.10,2026-10-06,23419.65
2026-09-21 12:21:07,22700,101855,64740,151320,29.10,2026-10-06,23417.80
2026-09-21 12:26:07,22700,101725,64740,152750,29.30,2026-10-06,23415.85
2026-09-21 12:31:08,22700,101855,64740,152880,28.60,2026-10-06,23422.40
2026-09-21 12:36:07,22700,101855,64740,153205,29.30,2026-10-06,23414.45
2026-09-21 12:41:07,22700,101465,64740,154960,29.50,2026-10-06,23412.15
2026-09-21 12:46:07,22700,100620,64740,156780,28.75,2026-10-06,23415.75
2026-09-21 12:51:07,22700,99775,64740,158795,29.25,2026-10-06,23413.00
2026-09-21 12:56:07,22700,99775,64740,159900,29.00,2026-10-06,23413.70
2026-09-21 13:01:07,22700,99710,64740,161720,28.90,2026-10-06,23412.00
2026-09-21 13:06:07,22700,100685,64740,162110,29.35,2026-10-06,23407.90
2026-09-21 13:11:07,22700,100490,64740,162825,29.85,2026-10-06,23403.30
2026-09-21 13:16:09,22700,100360,64740,164125,28.70,2026-10-06,23418.15
2026-09-21 13:21:08,22700,99775,64740,166010,27.50,2026-10-06,23423.65
2026-09-21 13:26:07,22700,100035,64740,166205,27.40,2026-10-06,23426.75
2026-09-21 13:31:07,22700,99645,64740,167310,27.15,2026-10-06,23427.00
2026-09-21 13:36:07,22700,99320,64740,171665,26.90,2026-10-06,23436.25
2026-09-21 13:41:08,22700,99645,64740,175435,27.20,2026-10-06,23430.05
2026-09-21 13:46:07,22700,100035,64740,188240,27.00,2026-10-06,23429.50
2026-09-21 13:51:07,22700,91585,64740,195130,26.85,2026-10-06,23437.30
2026-09-21 13:56:07,22700,92040,64740,199225,25.95,2026-10-06,23445.50
2026-09-21 14:01:06,22700,93470,64740,204360,25.55,2026-10-06,23463.55
2026-09-21 14:06:07,22700,94055,64740,207740,26.25,2026-10-06,23457.95
2026-09-21 14:11:08,22700,95875,64740,213525,26.00,2026-10-06,23452.05
2026-09-21 14:16:07,22700,95940,64740,215085,26.25,2026-10-06,23451.05
2026-09-21 14:21:07,22700,95745,64740,216710,25.70,2026-10-06,23461.20
2026-09-21 14:26:08,22700,95745,64740,217230,26.00,2026-10-06,23454.60
2026-09-21 14:31:07,22700,96200,64740,222820,26.45,2026-10-06,23446.85
2026-09-21 14:36:07,22700,96785,64740,227630,26.75,2026-10-06,23444.65
2026-09-21 14:40:08,22700,96460,64740,229190,26.70,2026-10-06,23448.15
2026-09-21 14:46:07,22700,98345,64740,239265,26.60,2026-10-06,23450.85
2026-09-21 14:51:08,22700,99905,64740,248755,26.75,2026-10-06,23450.80
2026-09-21 14:56:07,22700,99320,64740,252720,26.30,2026-10-06,23450.15
2026-09-21 15:01:07,22700,99320,64740,254150,26.55,2026-10-06,23447.20
2026-09-21 15:06:07,22700,99255,64740,256945,26.30,2026-10-06,23441.00
2026-09-21 15:11:07,22700,99580,64740,262730,26.40,2026-10-06,23437.70
2026-09-21 15:16:07,22700,99645,64740,266890,26.45,2026-10-06,23429.00
2026-09-21 15:21:07,22700,101725,64740,277550,27.05,2026-10-06,23429.00
2026-09-21 15:26:08,22700,103090,64740,281320,26.40,2026-10-06,23429.00
2026-09-21 15:31:07,22700,103805,64740,286260,26.85,2026-10-06,23414.30
2026-09-21 15:36:08,22700,107380,64740,297180,27.10,2026-10-06,23414.30
2026-09-21 15:41:07,22700,112190,64740,310960,27.35,2026-10-06,23414.30
2026-09-21 22:30:06,22700,112190,64740,310960,27.35,2026-10-06,23414.30
2026-09-21 22:35:07,22700,112190,64740,310960,27.35,2026-10-06,23414.30
2026-09-21 23:00:06,22700,112190,64740,310960,27.35,2026-10-06,23414.30
2026-09-21 23:05:07,22700,112190,64740,310960,27.35,2026-10-06,23414.30
2026-09-21 08:54:06,22800,7461415,5382000,56873245,6.45,2026-09-22,23346.40
2026-09-21 08:55:06,22800,7461415,5382000,56873245,6.45,2026-09-22,23346.40
2026-09-21 09:00:06,22800,7461415,5382000,56873245,6.45,2026-09-22,23197.15
2026-09-21 09:12:06,22800,7461415,7208240,56873245,6.45,2026-09-22,23330.20
2026-09-21 09:16:06,22800,7264465,7208240,2301195,3.60,2026-09-22,23342.95
2026-09-21 09:21:06,22800,7003620,7208240,6624410,3.25,2026-09-22,23384.85
2026-09-21 09:26:05,22800,6788860,7208240,8450130,3.20,2026-09-22,23386.00
2026-09-21 09:31:06,22800,6912880,7208240,10329670,3.25,2026-09-22,23402.20
2026-09-21 09:36:06,22800,7334925,7208240,11792820,3.20,2026-09-22,23406.40
2026-09-21 09:41:06,22800,7713940,7208240,13401440,3.30,2026-09-22,23386.00
2026-09-21 09:46:05,22800,7755020,7208240,13851175,3.25,2026-09-22,23398.70
2026-09-21 09:51:05,22800,7813065,7208240,14362855,3.30,2026-09-22,23401.95
2026-09-21 09:56:06,22800,7838610,7208240,14735695,3.25,2026-09-22,23395.40
2026-09-21 10:01:05,22800,7792135,7208240,15351375,3.10,2026-09-22,23392.20
2026-09-21 10:06:05,22800,7765550,7208240,15819765,3.20,2026-09-22,23384.90
2026-09-21 10:11:06,22800,7707505,7208240,16278340,3.05,2026-09-22,23387.85
2026-09-21 10:16:06,22800,7822555,7208240,16795415,3.15,2026-09-22,23371.85
2026-09-21 10:21:06,22800,7598240,7208240,17561830,3.05,2026-09-22,23371.90
2026-09-21 10:26:06,22800,7583290,7208240,17753840,3.05,2026-09-22,23366.40
2026-09-21 10:31:06,22800,7585955,7208240,18235230,3.05,2026-09-22,23368.60
2026-09-21 10:36:06,22800,7641140,7208240,18616325,3.00,2026-09-22,23365.70
2026-09-21 10:41:05,22800,7514520,7208240,19212895,2.90,2026-09-22,23367.35
2026-09-21 10:46:06,22800,7422480,7208240,19679790,2.70,2026-09-22,23381.95
2026-09-21 10:51:06,22800,7391995,7208240,20129070,2.70,2026-09-22,23379.70
2026-09-21 10:56:05,22800,7381400,7208240,20318285,2.80,2026-09-22,23380.50
2026-09-21 11:01:06,22800,7372820,7208240,20522775,2.75,2026-09-22,23385.15
2026-09-21 11:06:06,22800,7373015,7208240,20686640,2.70,2026-09-22,23386.50
2026-09-21 11:11:06,22800,7388160,7208240,21148790,2.65,2026-09-22,23394.65
2026-09-21 11:16:06,22800,7473830,7208240,22149985,2.75,2026-09-22,23395.80
2026-09-21 11:21:05,22800,7394270,7208240,22511450,2.80,2026-09-22,23392.30
2026-09-21 11:26:05,22800,7431450,7208240,22841195,2.85,2026-09-22,23393.30
2026-09-21 11:31:05,22800,7423130,7208240,23204285,2.95,2026-09-22,23400.10
2026-09-21 11:36:06,22800,7506720,7208240,23870990,2.85,2026-09-22,23399.10
2026-09-21 11:41:06,22800,7551245,7208240,24533535,3.05,2026-09-22,23398.65
2026-09-21 11:46:05,22800,7586800,7208240,24831625,3.00,2026-09-22,23403.25
2026-09-21 11:51:06,22800,7573670,7208240,25231895,2.95,2026-09-22,23399.85
2026-09-21 11:56:06,22800,7682090,7208240,25820340,2.95,2026-09-22,23417.40
2026-09-21 12:01:06,22800,7721870,7208240,27293630,3.00,2026-09-22,23429.85
2026-09-21 12:06:06,22800,8253505,7208240,28782195,3.20,2026-09-22,23423.05
2026-09-21 12:11:07,22800,8423220,7208240,29397745,3.00,2026-09-22,23417.70
2026-09-21 12:16:06,22800,8748610,7208240,29824145,3.00,2026-09-22,23418.55
2026-09-21 12:21:06,22800,8780655,7208240,30432805,3.10,2026-09-22,23417.20
2026-09-21 12:26:06,22800,8839350,7208240,30696250,3.15,2026-09-22,23415.75
2026-09-21 12:31:07,22800,9003670,7208240,31176925,3.10,2026-09-22,23421.65
2026-09-21 12:36:06,22800,9031165,7208240,31478265,3.15,2026-09-22,23414.40
2026-09-21 12:41:06,22800,9124765,7208240,31773950,2.90,2026-09-22,23411.55
2026-09-21 12:46:06,22800,9112090,7208240,31870865,2.90,2026-09-22,23414.90
2026-09-21 12:51:06,22800,9114235,7208240,32015230,3.05,2026-09-22,23412.40
2026-09-21 12:56:06,22800,9105785,7208240,32171425,3.05,2026-09-22,23414.80
2026-09-21 13:01:06,22800,9057295,7208240,32396065,3.15,2026-09-22,23411.95
2026-09-21 13:06:06,22800,9026290,7208240,32648590,3.10,2026-09-22,23407.60
2026-09-21 13:11:06,22800,9020115,7208240,32797310,3.00,2026-09-22,23402.90
2026-09-21 13:16:07,22800,8883160,7208240,33595380,2.75,2026-09-22,23417.70
2026-09-21 13:21:07,22800,8553155,7208240,34830120,2.65,2026-09-22,23424.00
2026-09-21 13:26:06,22800,9141925,7208240,36422490,2.85,2026-09-22,23426.85
2026-09-21 13:31:06,22800,9140690,7208240,36870860,3.00,2026-09-22,23426.85
2026-09-21 13:36:06,22800,9157525,7208240,37540620,3.00,2026-09-22,23435.55
2026-09-21 13:41:07,22800,9231820,7208240,38052365,2.90,2026-09-22,23429.95
2026-09-21 13:46:06,22800,9272835,7208240,38794795,3.10,2026-09-22,23428.85
2026-09-21 13:51:06,22800,9266205,7208240,39133510,2.85,2026-09-22,23437.55
2026-09-21 13:56:06,22800,9321390,7208240,39589095,2.95,2026-09-22,23444.45
2026-09-21 14:01:05,22800,9523215,7208240,41464605,3.25,2026-09-22,23463.55
2026-09-21 14:06:06,22800,9762350,7208240,43003090,3.30,2026-09-22,23457.85
2026-09-21 14:11:07,22800,9844445,7208240,44702255,3.35,2026-09-22,23451.70
2026-09-21 14:16:06,22800,10031580,7208240,45863155,3.35,2026-09-22,23450.90
2026-09-21 14:21:06,22800,10016240,7208240,46858045,3.20,2026-09-22,23461.20
2026-09-21 14:26:07,22800,10072595,7208240,47445255,3.10,2026-09-22,23453.90
2026-09-21 14:31:06,22800,10046790,7208240,47825765,3.10,2026-09-22,23445.85
2026-09-21 14:36:06,22800,10023000,7208240,48344985,3.15,2026-09-22,23444.00
2026-09-21 14:40:07,22800,9992320,7208240,48715875,3.00,2026-09-22,23448.05
2026-09-21 14:46:06,22800,9913995,7208240,50042070,3.00,2026-09-22,23450.55
2026-09-21 14:51:07,22800,9595885,7208240,52327860,2.85,2026-09-22,23450.75
2026-09-21 14:56:06,22800,9107475,7208240,54267720,2.70,2026-09-22,23449.75
2026-09-21 15:01:06,22800,9035650,7208240,55480620,2.95,2026-09-22,23448.10
2026-09-21 15:06:06,22800,8863725,7208240,58334380,2.85,2026-09-22,23440.25
2026-09-21 15:11:06,22800,8829080,7208240,60590075,2.75,2026-09-22,23437.10
2026-09-21 15:16:06,22800,8794045,7208240,61992190,3.25,2026-09-22,23429.00
2026-09-21 15:21:06,22800,8854235,7208240,63207170,3.15,2026-09-22,23429.00
2026-09-21 15:26:07,22800,9085245,7208240,65360295,3.15,2026-09-22,23429.00
2026-09-21 15:31:06,22800,8704280,7208240,67765555,3.25,2026-09-22,23414.30
2026-09-21 15:36:07,22800,8776365,7208240,69770740,3.50,2026-09-22,23414.30
2026-09-21 15:41:06,22800,8952320,7208240,72458490,4.00,2026-09-22,23414.30
2026-09-21 22:30:05,22800,8952320,7208240,72458490,4.00,2026-09-22,23414.30
2026-09-21 22:35:06,22800,8952320,7208240,72458490,4.00,2026-09-22,23414.30
2026-09-21 23:00:05,22800,8952320,7208240,72458490,4.00,2026-09-22,23414.30
2026-09-21 23:05:06,22800,8952320,7208240,72458490,4.00,2026-09-22,23414.30
2026-09-21 08:54:07,22800,2054715,1846650,4893655,27.90,2026-09-29,23346.40
2026-09-21 08:55:06,22800,2054715,1846650,4893655,27.90,2026-09-29,23346.40
2026-09-21 09:00:07,22800,2054715,1846650,4893655,27.90,2026-09-29,23197.80
2026-09-21 09:12:07,22800,2054715,2044965,4893655,27.90,2026-09-29,23330.20
2026-09-21 09:16:06,22800,2046915,2044965,98410,24.70,2026-09-29,23343.65
2026-09-21 09:21:06,22800,2097420,2044965,398320,21.20,2026-09-29,23385.35
2026-09-21 09:26:06,22800,2185625,2044965,679445,20.75,2026-09-29,23386.30
2026-09-21 09:31:06,22800,2271685,2044965,993135,19.40,2026-09-29,23401.55
2026-09-21 09:36:06,22800,2351505,2044965,1255150,18.55,2026-09-29,23406.40
2026-09-21 09:41:06,22800,2391740,2044965,1438255,19.40,2026-09-29,23386.65
2026-09-21 09:46:06,22800,2429245,2044965,1562535,18.70,2026-09-29,23398.55
2026-09-21 09:51:06,22800,2442310,2044965,1673035,18.35,2026-09-29,23402.45
2026-09-21 09:56:06,22800,2505945,2044965,1885975,18.40,2026-09-29,23395.15
2026-09-21 10:01:06,22800,2644070,2044965,2169895,18.35,2026-09-29,23391.85
2026-09-21 10:06:06,22800,2681705,2044965,2280785,19.20,2026-09-29,23384.15
2026-09-21 10:11:07,22800,2689115,2044965,2337270,18.70,2026-09-29,23387.90
2026-09-21 10:16:07,22800,2711735,2044965,2455375,19.35,2026-09-29,23371.90
2026-09-21 10:21:06,22800,2720510,2044965,2660320,19.65,2026-09-29,23372.55
2026-09-21 10:26:06,22800,2727465,2044965,2743130,19.90,2026-09-29,23366.60
2026-09-21 10:31:06,22800,2727400,2044965,2815410,19.50,2026-09-29,23368.65
2026-09-21 10:36:06,22800,2748200,2044965,2850055,19.75,2026-09-29,23365.90
2026-09-21 10:41:06,22800,2758795,2044965,2979730,19.85,2026-09-29,23366.90
2026-09-21 10:46:06,22800,2772315,2044965,3043495,18.50,2026-09-29,23381.05
2026-09-21 10:51:06,22800,2789800,2044965,3086525,18.55,2026-09-29,23380.20
2026-09-21 10:56:06,22800,2797080,2044965,3143075,18.55,2026-09-29,23380.20
2026-09-21 11:01:07,22800,2801045,2044965,3222050,18.30,2026-09-29,23386.80
2026-09-21 11:06:07,22800,2805660,2044965,3247205,17.90,2026-09-29,23387.55
2026-09-21 11:11:07,22800,2844595,2044965,3333525,17.50,2026-09-29,23395.80
2026-09-21 11:16:06,22800,2976155,2044965,3527875,17.80,2026-09-29,23395.20
2026-09-21 11:21:06,22800,3014050,2044965,3575195,18.05,2026-09-29,23392.40
2026-09-21 11:26:06,22800,3014375,2044965,3590470,17.65,2026-09-29,23393.30
2026-09-21 11:31:06,22800,3015220,2044965,3622320,17.05,2026-09-29,23400.20
2026-09-21 11:36:07,22800,3006900,2044965,3661580,17.30,2026-09-29,23398.80
2026-09-21 11:41:06,22800,2983890,2044965,3736200,17.35,2026-09-29,23399.10
2026-09-21 11:46:06,22800,2985385,2044965,3761225,17.20,2026-09-29,23402.45
2026-09-21 11:51:06,22800,2988375,2044965,3778970,17.15,2026-09-29,23400.10
2026-09-21 11:56:06,22800,2989285,2044965,3880175,15.80,2026-09-29,23418.05
2026-09-21 12:01:06,22800,2984670,2044965,3994445,16.10,2026-09-29,23430.40
2026-09-21 12:06:07,22800,2980900,2044965,4043260,16.55,2026-09-29,23423.80
2026-09-21 12:11:07,22800,3015545,2044965,4145895,16.65,2026-09-29,23418.25
2026-09-21 12:16:06,22800,3025945,2044965,4187235,16.40,2026-09-29,23418.30
2026-09-21 12:21:06,22800,3027635,2044965,4216940,16.50,2026-09-29,23417.15
2026-09-21 12:26:06,22800,3028740,2044965,4235790,16.70,2026-09-29,23415.60
2026-09-21 12:31:07,22800,3035825,2044965,4281355,16.20,2026-09-29,23422.00
2026-09-21 12:36:06,22800,3039270,2044965,4302935,16.45,2026-09-29,23414.35
2026-09-21 12:41:07,22800,3039335,2044965,4346745,16.60,2026-09-29,23412.00
2026-09-21 12:46:07,22800,3043430,2044965,4385810,16.20,2026-09-29,23415.85
2026-09-21 12:51:07,22800,3044405,2044965,4401085,16.60,2026-09-29,23413.00
2026-09-21 12:56:07,22800,3047785,2044965,4422080,16.55,2026-09-29,23414.15
2026-09-21 13:01:07,22800,3052660,2044965,4429620,16.70,2026-09-29,23411.85
2026-09-21 13:06:07,22800,3062540,2044965,4455360,16.65,2026-09-29,23408.35
2026-09-21 13:11:07,22800,3053570,2044965,4482075,16.95,2026-09-29,23402.60
2026-09-21 13:16:08,22800,3045055,2044965,4536220,16.15,2026-09-29,23417.50
2026-09-21 13:21:07,22800,3062670,2044965,4623190,15.75,2026-09-29,23423.40
2026-09-21 13:26:06,22800,3055000,2044965,4722575,15.65,2026-09-29,23426.70
2026-09-21 13:31:07,22800,3039530,2044965,4788940,15.40,2026-09-29,23427.10
2026-09-21 13:36:07,22800,3038360,2044965,4884945,15.40,2026-09-29,23435.20
2026-09-21 13:41:07,22800,3029585,2044965,4956965,15.65,2026-09-29,23429.55
2026-09-21 13:46:06,22800,3017755,2044965,5015660,15.60,2026-09-29,23428.85
2026-09-21 13:51:06,22800,2995850,2044965,5065515,15.20,2026-09-29,23437.40
2026-09-21 13:56:07,22800,2931825,2044965,5260580,15.00,2026-09-29,23444.40
2026-09-21 14:01:06,22800,2846415,2044965,5510700,14.65,2026-09-29,23463.50
2026-09-21 14:06:06,22800,2852525,2044965,5573685,14.85,2026-09-29,23457.70
2026-09-21 14:11:07,22800,2864745,2044965,5621135,14.90,2026-09-29,23452.00
2026-09-21 14:16:07,22800,2863315,2044965,5651685,14.85,2026-09-29,23451.20
2026-09-21 14:21:07,22800,2925585,2044965,5790915,14.40,2026-09-29,23461.25
2026-09-21 14:26:07,22800,2969655,2044965,5947760,14.70,2026-09-29,23453.70
2026-09-21 14:31:07,22800,3044210,2044965,6070090,14.90,2026-09-29,23446.50
2026-09-21 14:36:07,22800,3044080,2044965,6155565,15.10,2026-09-29,23444.25
2026-09-21 14:40:07,22800,3050385,2044965,6193590,14.85,2026-09-29,23448.00
2026-09-21 14:46:07,22800,3057535,2044965,6245655,15.05,2026-09-29,23450.35
2026-09-21 14:51:07,22800,2998060,2044965,6351670,15.00,2026-09-29,23451.45
2026-09-21 14:56:06,22800,2973945,2044965,6401265,14.95,2026-09-29,23450.05
2026-09-21 15:01:06,22800,2936050,2044965,6507735,14.75,2026-09-29,23447.05
2026-09-21 15:06:07,22800,2888860,2044965,6631950,14.85,2026-09-29,23441.00
2026-09-21 15:11:06,22800,2850315,2044965,6772805,15.30,2026-09-29,23437.55
2026-09-21 15:16:07,22800,2813590,2044965,6998355,15.60,2026-09-29,23429.00
2026-09-21 15:21:07,22800,2792205,2044965,7160140,15.90,2026-09-29,23429.00
2026-09-21 15:26:07,22800,2754245,2044965,7330960,15.70,2026-09-29,23429.00
2026-09-21 15:31:07,22800,2763605,2044965,7556315,16.20,2026-09-29,23414.30
2026-09-21 15:36:07,22800,2799160,2044965,7725250,16.75,2026-09-29,23414.30
2026-09-21 15:41:06,22800,2818400,2044965,7845045,17.05,2026-09-29,23414.30
2026-09-21 22:30:06,22800,2818400,2044965,7845045,17.05,2026-09-29,23414.30
2026-09-21 22:35:07,22800,2818400,2044965,7845045,17.05,2026-09-29,23414.30
2026-09-21 23:00:05,22800,2818400,2044965,7845045,17.05,2026-09-29,23414.30
2026-09-21 23:05:07,22800,2818400,2044965,7845045,17.05,2026-09-29,23414.30
2026-09-21 08:54:08,22800,108160,68835,221000,40.40,2026-10-06,23346.40
2026-09-21 08:55:07,22800,108160,68835,221000,40.40,2026-10-06,23346.40
2026-09-21 09:00:07,22800,108160,68835,221000,40.40,2026-10-06,23216.50
2026-09-21 09:12:07,22800,108160,108225,221000,40.40,2026-10-06,23330.20
2026-09-21 09:16:07,22800,108225,108225,6240,48.05,2026-10-06,23341.85
2026-09-21 09:21:06,22800,115375,108225,31135,43.70,2026-10-06,23384.75
2026-09-21 09:26:06,22800,119860,108225,39845,43.80,2026-10-06,23385.35
2026-09-21 09:31:07,22800,119405,108225,45890,41.60,2026-10-06,23401.90
2026-09-21 09:36:07,22800,119730,108225,52650,41.20,2026-10-06,23406.50
2026-09-21 09:41:07,22800,120250,108225,59930,43.35,2026-10-06,23387.30
2026-09-21 09:46:07,22800,126360,108225,72150,42.15,2026-10-06,23397.90
2026-09-21 09:51:06,22800,130715,108225,80080,41.20,2026-10-06,23402.35
2026-09-21 09:56:07,22800,131105,108225,82680,41.35,2026-10-06,23394.85
2026-09-21 10:01:06,22800,130585,108225,85735,41.40,2026-10-06,23391.90
2026-09-21 10:06:06,22800,130260,108225,87360,42.95,2026-10-06,23384.65
2026-09-21 10:11:07,22800,131170,108225,90740,42.55,2026-10-06,23387.95
2026-09-21 10:16:07,22800,135070,108225,97435,43.15,2026-10-06,23372.35
2026-09-21 10:21:07,22800,136695,108225,99190,42.50,2026-10-06,23373.25
2026-09-21 10:26:07,22800,139555,108225,103155,43.30,2026-10-06,23368.05
2026-09-21 10:31:06,22800,141960,108225,111020,42.95,2026-10-06,23368.85
2026-09-21 10:36:06,22800,142155,108225,117065,43.15,2026-10-06,23365.35
2026-09-21 10:41:06,22800,144300,108225,118885,43.55,2026-10-06,23367.00
2026-09-21 10:46:07,22800,144625,108225,131040,41.50,2026-10-06,23381.65
2026-09-21 10:51:07,22800,146120,108225,132535,42.00,2026-10-06,23380.10
2026-09-21 10:56:06,22800,145600,108225,134290,41.25,2026-10-06,23380.75
2026-09-21 11:01:07,22800,146380,108225,135330,40.95,2026-10-06,23386.85
2026-09-21 11:06:07,22800,147225,108225,138385,40.70,2026-10-06,23387.60
2026-09-21 11:11:07,22800,149110,108225,141635,39.25,2026-10-06,23395.90
2026-09-21 11:16:07,22800,154310,108225,150280,39.35,2026-10-06,23396.05
2026-09-21 11:21:06,22800,153985,108225,156390,39.85,2026-10-06,23393.30
2026-09-21 11:26:06,22800,156325,108225,158795,39.35,2026-10-06,23393.85
2026-09-21 11:31:06,22800,156325,108225,158925,39.50,2026-10-06,23400.40
2026-09-21 11:36:07,22800,157495,108225,162175,39.10,2026-10-06,23399.30
2026-09-21 11:41:06,22800,157495,108225,163670,39.30,2026-10-06,23399.45
2026-09-21 11:46:06,22800,158145,108225,165880,38.30,2026-10-06,23402.55
2026-09-21 11:51:07,22800,158275,108225,167245,38.65,2026-10-06,23400.10
2026-09-21 11:56:07,22800,157105,108225,172835,36.20,2026-10-06,23418.50
2026-09-21 12:01:07,22800,155350,108225,183820,36.45,2026-10-06,23430.95
2026-09-21 12:06:07,22800,153270,108225,188370,37.35,2026-10-06,23423.65
2026-09-21 12:11:08,22800,153530,108225,193440,37.35,2026-10-06,23418.05
2026-09-21 12:16:07,22800,152555,108225,198055,37.30,2026-10-06,23419.65
2026-09-21 12:21:07,22800,152620,108225,198705,37.45,2026-10-06,23417.80
2026-09-21 12:26:07,22800,152750,108225,203255,37.35,2026-10-06,23415.85
2026-09-21 12:31:08,22800,154895,108225,206830,36.95,2026-10-06,23422.40
2026-09-21 12:36:07,22800,155415,108225,209170,37.60,2026-10-06,23414.45
2026-09-21 12:41:07,22800,155740,108225,209560,37.60,2026-10-06,23412.15
2026-09-21 12:46:07,22800,155350,108225,211965,37.00,2026-10-06,23415.75
2026-09-21 12:51:07,22800,155285,108225,213655,37.50,2026-10-06,23413.00
2026-09-21 12:56:07,22800,155090,108225,214695,37.05,2026-10-06,23413.70
2026-09-21 13:01:07,22800,154765,108225,215800,37.45,2026-10-06,23412.00
2026-09-21 13:06:07,22800,155285,108225,221585,37.75,2026-10-06,23407.90
2026-09-21 13:11:07,22800,156000,108225,223535,38.35,2026-10-06,23403.30
2026-09-21 13:16:09,22800,155350,108225,230360,37.20,2026-10-06,23418.15
2026-09-21 13:21:08,22800,155805,108225,236860,36.05,2026-10-06,23423.65
2026-09-21 13:26:07,22800,157235,108225,240630,35.65,2026-10-06,23426.75
2026-09-21 13:31:07,22800,154830,108225,249210,35.45,2026-10-06,23427.00
2026-09-21 13:36:07,22800,158340,108225,259870,34.50,2026-10-06,23436.25
2026-09-21 13:41:08,22800,156390,108225,266175,34.90,2026-10-06,23430.05
2026-09-21 13:46:07,22800,155740,108225,268580,35.15,2026-10-06,23429.50
2026-09-21 13:51:07,22800,163345,108225,286325,34.45,2026-10-06,23437.30
2026-09-21 13:56:07,22800,163085,108225,288600,34.05,2026-10-06,23445.50
2026-09-21 14:01:06,22800,161265,108225,303095,33.00,2026-10-06,23463.55
2026-09-21 14:06:07,22800,161720,108225,311545,33.30,2026-10-06,23457.95
2026-09-21 14:11:08,22800,163020,108225,317850,33.35,2026-10-06,23452.05
2026-09-21 14:16:07,22800,162630,108225,318695,33.75,2026-10-06,23451.05
2026-09-21 14:21:07,22800,160745,108225,322530,32.80,2026-10-06,23461.20
2026-09-21 14:26:08,22800,158145,108225,325260,33.75,2026-10-06,23454.60
2026-09-21 14:31:07,22800,156455,108225,330850,33.75,2026-10-06,23446.85
2026-09-21 14:36:07,22800,152360,108225,336765,34.15,2026-10-06,23444.65
2026-09-21 14:40:08,22800,151710,108225,343785,34.00,2026-10-06,23448.15
2026-09-21 14:46:07,22800,178815,108225,382460,34.20,2026-10-06,23450.85
2026-09-21 14:51:08,22800,208000,108225,419705,34.25,2026-10-06,23450.80
2026-09-21 14:56:07,22800,212615,108225,431665,34.00,2026-10-06,23450.15
2026-09-21 15:01:07,22800,216125,108225,442910,34.05,2026-10-06,23447.20
2026-09-21 15:06:07,22800,187395,108225,489190,33.50,2026-10-06,23441.00
2026-09-21 15:11:07,22800,167570,108225,523705,33.65,2026-10-06,23437.70
2026-09-21 15:16:07,22800,158210,108225,539890,33.75,2026-10-06,23429.00
2026-09-21 15:21:07,22800,161200,108225,551850,34.25,2026-10-06,23429.00
2026-09-21 15:26:08,22800,162370,108225,566605,34.05,2026-10-06,23429.00
2026-09-21 15:31:07,22800,160225,108225,575250,34.25,2026-10-06,23414.30
2026-09-21 15:36:08,22800,161850,108225,587730,34.30,2026-10-06,23414.30
2026-09-21 15:41:07,22800,169520,108225,603720,34.95,2026-10-06,23414.30
2026-09-21 22:30:06,22800,169520,108225,603720,34.95,2026-10-06,23414.30
2026-09-21 22:35:07,22800,169520,108225,603720,34.95,2026-10-06,23414.30
2026-09-21 23:00:06,22800,169520,108225,603720,34.95,2026-10-06,23414.30
2026-09-21 23:05:07,22800,169520,108225,603720,34.95,2026-10-06,23414.30
2026-09-21 08:54:06,22900,4993365,3592160,56360135,8.55,2026-09-22,23346.40
2026-09-21 08:55:06,22900,4993365,3592160,56360135,8.55,2026-09-22,23346.40
2026-09-21 09:00:06,22900,4993365,3592160,56360135,8.55,2026-09-22,23197.15
2026-09-21 09:12:06,22900,4993365,4972825,56360135,8.55,2026-09-22,23330.20
2026-09-21 09:16:06,22900,4970290,4972825,2437825,5.15,2026-09-22,23342.95
2026-09-21 09:21:06,22900,5128045,4972825,7422480,4.40,2026-09-22,23384.85
2026-09-21 09:26:05,22900,5404360,4972825,9431110,4.35,2026-09-22,23386.00
2026-09-21 09:31:06,22900,5507320,4972825,11625770,4.15,2026-09-22,23402.20
2026-09-21 09:36:06,22900,5606640,4972825,13343005,4.15,2026-09-22,23406.40
2026-09-21 09:41:06,22900,6016205,4972825,15327455,4.40,2026-09-22,23386.00
2026-09-21 09:46:05,22900,6134245,4972825,15925390,4.20,2026-09-22,23398.70
2026-09-21 09:51:05,22900,6220955,4972825,16671070,4.15,2026-09-22,23401.95
2026-09-21 09:56:06,22900,6223100,4972825,17170075,4.10,2026-09-22,23395.40
2026-09-21 10:01:05,22900,6068205,4972825,17794790,4.05,2026-09-22,23392.20
2026-09-21 10:06:05,22900,6028620,4972825,18434715,4.20,2026-09-22,23384.90
2026-09-21 10:11:06,22900,5974410,4972825,19502210,3.95,2026-09-22,23387.85
2026-09-21 10:16:06,22900,6009900,4972825,20269470,4.20,2026-09-22,23371.85
2026-09-21 10:21:06,22900,6044285,4972825,20820670,4.15,2026-09-22,23371.90
2026-09-21 10:26:06,22900,6121180,4972825,21382075,4.20,2026-09-22,23366.40
2026-09-21 10:31:06,22900,6151015,4972825,21822775,4.10,2026-09-22,23368.60
2026-09-21 10:36:06,22900,6213805,4972825,22335170,4.00,2026-09-22,23365.70
2026-09-21 10:41:05,22900,6216795,4972825,22925240,4.05,2026-09-22,23367.35
2026-09-21 10:46:06,22900,6304415,4972825,23868065,3.60,2026-09-22,23381.95
2026-09-21 10:51:06,22900,6155175,4972825,24504805,3.65,2026-09-22,23379.70
2026-09-21 10:56:05,22900,6158360,4972825,24831625,3.70,2026-09-22,23380.50
2026-09-21 11:01:06,22900,6177015,4972825,25104430,3.65,2026-09-22,23385.15
2026-09-21 11:06:06,22900,6177665,4972825,25367680,3.65,2026-09-22,23386.50
2026-09-21 11:11:06,22900,6382155,4972825,26349440,3.40,2026-09-22,23394.65
2026-09-21 11:16:06,22900,6334770,4972825,26874120,3.60,2026-09-22,23395.80
2026-09-21 11:21:05,22900,6335225,4972825,27066650,3.65,2026-09-22,23392.30
2026-09-21 11:26:05,22900,6295120,4972825,27273935,3.60,2026-09-22,23393.30
2026-09-21 11:31:05,22900,6304870,4972825,27467375,3.70,2026-09-22,23400.10
2026-09-21 11:36:06,22900,6218680,4972825,27912170,3.55,2026-09-22,23399.10
2026-09-21 11:41:06,22900,6304415,4972825,28239900,3.75,2026-09-22,23398.65
2026-09-21 11:46:05,22900,6313450,4972825,28562820,3.65,2026-09-22,23403.25
2026-09-21 11:51:06,22900,6313970,4972825,29076775,3.65,2026-09-22,23399.85
2026-09-21 11:56:06,22900,6351020,4972825,29567850,3.55,2026-09-22,23417.40
2026-09-21 12:01:06,22900,6450990,4972825,30247295,3.60,2026-09-22,23429.85
2026-09-21 12:06:06,22900,6534775,4972825,30880135,3.80,2026-09-22,23423.05
2026-09-21 12:11:07,22900,6531460,4972825,31340855,3.65,2026-09-22,23417.70
2026-09-21 12:16:06,22900,6559020,4972825,31488210,3.60,2026-09-22,23418.55
2026-09-21 12:21:06,22900,6675110,4972825,31885490,3.70,2026-09-22,23417.20
2026-09-21 12:26:06,22900,6620965,4972825,32276205,3.80,2026-09-22,23415.75
2026-09-21 12:31:07,22900,6735105,4972825,32743620,3.65,2026-09-22,23421.65
2026-09-21 12:36:06,22900,6780865,4972825,32971965,3.75,2026-09-22,23414.40
2026-09-21 12:41:06,22900,6685900,4972825,33253805,3.55,2026-09-22,23411.55
2026-09-21 12:46:06,22900,6815575,4972825,33564570,3.55,2026-09-22,23414.90
2026-09-21 12:51:06,22900,6872710,4972825,33782775,3.65,2026-09-22,23412.40
2026-09-21 12:56:06,22900,6884865,4972825,33968285,3.65,2026-09-22,23414.80
2026-09-21 13:01:06,22900,6953635,4972825,34217300,3.80,2026-09-22,23411.95
2026-09-21 13:06:06,22900,7194590,4972825,34776690,3.75,2026-09-22,23407.60
2026-09-21 13:11:06,22900,7497750,4972825,35248265,3.75,2026-09-22,23402.90
2026-09-21 13:16:07,22900,7544160,4972825,35779185,3.40,2026-09-22,23417.70
2026-09-21 13:21:07,22900,7938385,4972825,37256310,3.30,2026-09-22,23424.00
2026-09-21 13:26:06,22900,7924605,4972825,37894155,3.45,2026-09-22,23426.85
2026-09-21 13:31:06,22900,7920055,4972825,38136020,3.55,2026-09-22,23426.85
2026-09-21 13:36:06,22900,7954440,4972825,38514190,3.60,2026-09-22,23435.55
2026-09-21 13:41:07,22900,7918105,4972825,39403520,3.50,2026-09-22,23429.95
2026-09-21 13:46:06,22900,8083660,4972825,40022060,3.65,2026-09-22,23428.85
2026-09-21 13:51:06,22900,8055905,4972825,40459380,3.40,2026-09-22,23437.55
2026-09-21 13:56:06,22900,8075275,4972825,40716390,3.50,2026-09-22,23444.45
2026-09-21 14:01:05,22900,8063900,4972825,42498105,3.95,2026-09-22,23463.55
2026-09-21 14:06:06,22900,7988565,4972825,43996680,3.85,2026-09-22,23457.85
2026-09-21 14:11:07,22900,8126885,4972825,44976295,4.00,2026-09-22,23451.70
2026-09-21 14:16:06,22900,8240765,4972825,46017075,4.00,2026-09-22,23450.90
2026-09-21 14:21:06,22900,8288475,4972825,46837505,3.85,2026-09-22,23461.20
2026-09-21 14:26:07,22900,8246940,4972825,47313565,3.70,2026-09-22,23453.90
2026-09-21 14:31:06,22900,8285745,4972825,47479315,3.70,2026-09-22,23445.85
2026-09-21 14:36:06,22900,8283860,4972825,47716630,3.75,2026-09-22,23444.00
2026-09-21 14:40:07,22900,8286720,4972825,47999185,3.60,2026-09-22,23448.05
2026-09-21 14:46:06,22900,8273135,4972825,48723545,3.65,2026-09-22,23450.55
2026-09-21 14:51:07,22900,8223150,4972825,49855780,3.45,2026-09-22,23450.75
2026-09-21 14:56:06,22900,8064095,4972825,51268750,3.40,2026-09-22,23449.75
2026-09-21 15:01:06,22900,8180250,4972825,52349050,3.70,2026-09-22,23448.10
2026-09-21 15:06:06,22900,8426210,4972825,54575755,3.65,2026-09-22,23440.25
2026-09-21 15:11:06,22900,8365695,4972825,56039685,3.65,2026-09-22,23437.10
2026-09-21 15:16:06,22900,8341385,4972825,57346705,4.05,2026-09-22,23429.00
2026-09-21 15:21:06,22900,8750885,4972825,58654960,3.90,2026-09-22,23429.00
2026-09-21 15:26:07,22900,8488025,4972825,60954790,3.80,2026-09-22,23429.00
2026-09-21 15:31:06,22900,8181550,4972825,64542790,4.25,2026-09-22,23414.30
2026-09-21 15:36:07,22900,8626670,4972825,67464410,4.60,2026-09-22,23414.30
2026-09-21 15:41:06,22900,8769410,4972825,69595305,4.90,2026-09-22,23414.30
2026-09-21 22:30:05,22900,8769410,4972825,69595305,4.90,2026-09-22,23414.30
2026-09-21 22:35:06,22900,8769410,4972825,69595305,4.90,2026-09-22,23414.30
2026-09-21 23:00:05,22900,8769410,4972825,69595305,4.90,2026-09-22,23414.30
2026-09-21 23:05:06,22900,8769410,4972825,69595305,4.90,2026-09-22,23414.30
2026-09-21 08:54:07,22900,1560650,1349075,4305015,37.50,2026-09-29,23346.40
2026-09-21 08:55:06,22900,1560650,1349075,4305015,37.50,2026-09-29,23346.40
2026-09-21 09:00:07,22900,1560650,1349075,4305015,37.50,2026-09-29,23197.80
2026-09-21 09:12:07,22900,1560650,1555970,4305015,37.50,2026-09-29,23330.20
2026-09-21 09:16:06,22900,1557790,1555970,82550,34.20,2026-09-29,23343.65
2026-09-21 09:21:06,22900,1626300,1555970,409175,29.80,2026-09-29,23385.35
2026-09-21 09:26:06,22900,1707875,1555970,621140,29.40,2026-09-29,23386.30
2026-09-21 09:31:06,22900,1750320,1555970,856960,27.05,2026-09-29,23401.55
2026-09-21 09:36:06,22900,1718015,1555970,989950,26.20,2026-09-29,23406.40
2026-09-21 09:41:06,22900,1704950,1555970,1127815,27.60,2026-09-29,23386.65
2026-09-21 09:46:06,22900,1679535,1555970,1240590,26.65,2026-09-29,23398.55
2026-09-21 09:51:06,22900,1711320,1555970,1357135,25.95,2026-09-29,23402.45
2026-09-21 09:56:06,22900,1696500,1555970,1487395,26.10,2026-09-29,23395.15
2026-09-21 10:01:06,22900,1703130,1555970,1543750,26.25,2026-09-29,23391.85
2026-09-21 10:06:06,22900,1697995,1555970,1612975,27.40,2026-09-29,23384.15
2026-09-21 10:11:07,22900,1742910,1555970,1699620,26.60,2026-09-29,23387.90
2026-09-21 10:16:07,22900,1772290,1555970,1880580,27.95,2026-09-29,23371.90
2026-09-21 10:21:06,22900,1724840,1555970,1955135,27.90,2026-09-29,23372.55
2026-09-21 10:26:06,22900,1722175,1555970,1992770,28.35,2026-09-29,23366.60
2026-09-21 10:31:06,22900,1731405,1555970,2038530,27.85,2026-09-29,23368.65
2026-09-21 10:36:06,22900,1739140,1555970,2083640,28.10,2026-09-29,23365.90
2026-09-21 10:41:06,22900,1722045,1555970,2174705,28.40,2026-09-29,23366.90
2026-09-21 10:46:06,22900,1733615,1555970,2229630,26.35,2026-09-29,23381.05
2026-09-21 10:51:06,22900,1726985,1555970,2269540,26.85,2026-09-29,23380.20
2026-09-21 10:56:06,22900,1736280,1555970,2320045,26.40,2026-09-29,23380.20
2026-09-21 11:01:07,22900,1756625,1555970,2367690,25.90,2026-09-29,23386.80
2026-09-21 11:06:07,22900,1762735,1555970,2396225,25.55,2026-09-29,23387.55
2026-09-21 11:11:07,22900,1755455,1555970,2435420,24.65,2026-09-29,23395.80
2026-09-21 11:16:06,22900,1841840,1555970,2611570,24.70,2026-09-29,23395.20
2026-09-21 11:21:06,22900,1859780,1555970,2652780,25.40,2026-09-29,23392.40
2026-09-21 11:26:06,22900,1861275,1555970,2674360,24.75,2026-09-29,23393.30
2026-09-21 11:31:06,22900,1867320,1555970,2709460,24.00,2026-09-29,23400.20
2026-09-21 11:36:07,22900,1861145,1555970,2763475,24.35,2026-09-29,23398.80
2026-09-21 11:41:06,22900,1893710,1555970,2825810,24.60,2026-09-29,23399.10
2026-09-21 11:46:06,22900,1895920,1555970,2871440,24.00,2026-09-29,23402.45
2026-09-21 11:51:06,22900,1897545,1555970,2880020,23.95,2026-09-29,23400.10
2026-09-21 11:56:06,22900,1921725,1555970,3001830,21.75,2026-09-29,23418.05
2026-09-21 12:01:06,22900,1935115,1555970,3119350,22.20,2026-09-29,23430.40
2026-09-21 12:06:07,22900,1935310,1555970,3192150,23.00,2026-09-29,23423.80
2026-09-21 12:11:07,22900,1998230,1555970,3326830,22.95,2026-09-29,23418.25
2026-09-21 12:16:06,22900,2013310,1555970,3385070,22.80,2026-09-29,23418.30
2026-09-21 12:21:06,22900,2005705,1555970,3431740,22.70,2026-09-29,23417.15
2026-09-21 12:26:06,22900,2009670,1555970,3450915,23.25,2026-09-29,23415.60
2026-09-21 12:31:07,22900,2010970,1555970,3462810,22.40,2026-09-29,23422.00
2026-09-21 12:36:06,22900,2014805,1555970,3485430,22.90,2026-09-29,23414.35
2026-09-21 12:41:07,22900,2012985,1555970,3512470,22.95,2026-09-29,23412.00
2026-09-21 12:46:07,22900,2009150,1555970,3543605,22.45,2026-09-29,23415.85
2026-09-21 12:51:07,22900,2016040,1555970,3559270,22.90,2026-09-29,23413.00
2026-09-21 12:56:07,22900,2016950,1555970,3570840,22.90,2026-09-29,23414.15
2026-09-21 13:01:07,22900,2016300,1555970,3582605,23.00,2026-09-29,23411.85
2026-09-21 13:06:07,22900,2019355,1555970,3604965,23.40,2026-09-29,23408.35
2026-09-21 13:11:07,22900,2020785,1555970,3618160,23.65,2026-09-29,23402.60
2026-09-21 13:16:08,22900,2033785,1555970,3667950,22.40,2026-09-29,23417.50
2026-09-21 13:21:07,22900,2033330,1555970,3699865,21.70,2026-09-29,23423.40
2026-09-21 13:26:06,22900,2008890,1555970,3796780,21.40,2026-09-29,23426.70
2026-09-21 13:31:07,22900,2008500,1555970,3856060,21.45,2026-09-29,23427.10
2026-09-21 13:36:07,22900,2028910,1555970,3920410,20.95,2026-09-29,23435.20
2026-09-21 13:41:07,22900,2031250,1555970,3988075,21.50,2026-09-29,23429.55
2026-09-21 13:46:06,22900,2050490,1555970,4037865,21.60,2026-09-29,23428.85
2026-09-21 13:51:06,22900,2046395,1555970,4058925,21.00,2026-09-29,23437.40
2026-09-21 13:56:07,22900,2057445,1555970,4150185,20.80,2026-09-29,23444.40
2026-09-21 14:01:06,22900,2053740,1555970,4319315,19.80,2026-09-29,23463.50
2026-09-21 14:06:06,22900,1988415,1555970,4557150,20.35,2026-09-29,23457.70
2026-09-21 14:11:07,22900,1976845,1555970,4604535,20.30,2026-09-29,23452.00
2026-09-21 14:16:07,22900,1997190,1555970,4667650,20.20,2026-09-29,23451.20
2026-09-21 14:21:07,22900,2021630,1555970,4753320,19.75,2026-09-29,23461.25
2026-09-21 14:26:07,22900,2032355,1555970,4782960,20.15,2026-09-29,23453.70
2026-09-21 14:31:07,22900,2025855,1555970,4822025,20.40,2026-09-29,23446.50
2026-09-21 14:36:07,22900,2026505,1555970,4855240,20.60,2026-09-29,23444.25
2026-09-21 14:40:07,22900,2025400,1555970,4867655,20.30,2026-09-29,23448.00
2026-09-21 14:46:07,22900,2029040,1555970,4904770,20.40,2026-09-29,23450.35
2026-09-21 14:51:07,22900,2083055,1555970,5014620,20.65,2026-09-29,23451.45
2026-09-21 14:56:06,22900,2126605,1555970,5117905,20.55,2026-09-29,23450.05
2026-09-21 15:01:06,22900,2112175,1555970,5225545,20.45,2026-09-29,23447.05
2026-09-21 15:06:07,22900,2084420,1555970,5302635,20.40,2026-09-29,23441.00
2026-09-21 15:11:06,22900,2060500,1555970,5423080,20.90,2026-09-29,23437.55
2026-09-21 15:16:07,22900,2076750,1555970,5547880,21.40,2026-09-29,23429.00
2026-09-21 15:21:07,22900,2058290,1555970,5673785,21.55,2026-09-29,23429.00
2026-09-21 15:26:07,22900,2048605,1555970,5774860,21.35,2026-09-29,23429.00
2026-09-21 15:31:07,22900,2071095,1555970,6076915,21.95,2026-09-29,23414.30
2026-09-21 15:36:07,22900,2108730,1555970,6263400,22.25,2026-09-29,23414.30
2026-09-21 15:41:06,22900,2129530,1555970,6378775,22.60,2026-09-29,23414.30
2026-09-21 22:30:06,22900,2129530,1555970,6378775,22.60,2026-09-29,23414.30
2026-09-21 22:35:07,22900,2129530,1555970,6378775,22.60,2026-09-29,23414.30
2026-09-21 23:00:05,22900,2129530,1555970,6378775,22.60,2026-09-29,23414.30
2026-09-21 23:05:07,22900,2129530,1555970,6378775,22.60,2026-09-29,23414.30
2026-09-21 08:54:08,22900,102570,61295,170560,64.15,2026-10-06,23346.40
2026-09-21 08:55:07,22900,102570,61295,170560,64.15,2026-10-06,23346.40
2026-09-21 09:00:07,22900,102570,61295,170560,64.15,2026-10-06,23216.50
2026-09-21 09:12:07,22900,102570,102570,170560,64.15,2026-10-06,23330.20
2026-09-21 09:16:07,22900,102570,102570,4810,63.05,2026-10-06,23341.85
2026-09-21 09:21:06,22900,106015,102570,18525,58.00,2026-10-06,23384.75
2026-09-21 09:26:06,22900,108485,102570,22490,56.35,2026-10-06,23385.35
2026-09-21 09:31:07,22900,112255,102570,35750,54.25,2026-10-06,23401.90
2026-09-21 09:36:07,22900,114400,102570,44070,53.45,2026-10-06,23406.50
2026-09-21 09:41:07,22900,111735,102570,52390,55.95,2026-10-06,23387.30
2026-09-21 09:46:07,22900,109785,102570,55250,54.85,2026-10-06,23397.90
2026-09-21 09:51:06,22900,110110,102570,59345,53.00,2026-10-06,23402.35
2026-09-21 09:56:07,22900,115440,102570,67795,53.45,2026-10-06,23394.85
2026-09-21 10:01:06,22900,117260,102570,73320,53.80,2026-10-06,23391.90
2026-09-21 10:06:06,22900,117000,102570,75270,55.75,2026-10-06,23384.65
2026-09-21 10:11:07,22900,117650,102570,75790,54.65,2026-10-06,23387.95
2026-09-21 10:16:07,22900,118430,102570,81575,55.60,2026-10-06,23372.35
2026-09-21 10:21:07,22900,118885,102570,82615,55.15,2026-10-06,23373.25
2026-09-21 10:26:07,22900,119080,102570,83070,56.30,2026-10-06,23368.05
2026-09-21 10:31:06,22900,119600,102570,84825,55.30,2026-10-06,23368.85
2026-09-21 10:36:06,22900,120055,102570,86385,56.35,2026-10-06,23365.35
2026-09-21 10:41:06,22900,121160,102570,87945,56.10,2026-10-06,23367.00
2026-09-21 10:46:07,22900,121810,102570,89960,53.70,2026-10-06,23381.65
2026-09-21 10:51:07,22900,122850,102570,91910,54.35,2026-10-06,23380.10
2026-09-21 10:56:06,22900,123110,102570,93340,53.85,2026-10-06,23380.75
2026-09-21 11:01:07,22900,123760,102570,94705,52.65,2026-10-06,23386.85
2026-09-21 11:06:07,22900,124475,102570,96720,52.65,2026-10-06,23387.60
2026-09-21 11:11:07,22900,124410,102570,98280,51.50,2026-10-06,23395.90
2026-09-21 11:16:07,22900,124605,102570,100425,51.00,2026-10-06,23396.05
2026-09-21 11:21:06,22900,124410,102570,101140,51.80,2026-10-06,23393.30
2026-09-21 11:26:06,22900,123825,102570,102505,51.35,2026-10-06,23393.85
2026-09-21 11:31:06,22900,124150,102570,106210,50.75,2026-10-06,23400.40
2026-09-21 11:36:07,22900,124215,102570,106925,49.95,2026-10-06,23399.30
2026-09-21 11:41:06,22900,124800,102570,108615,50.50,2026-10-06,23399.45
2026-09-21 11:46:06,22900,125320,102570,112580,49.60,2026-10-06,23402.55
2026-09-21 11:51:07,22900,128505,102570,115310,50.25,2026-10-06,23400.10
2026-09-21 11:56:07,22900,130520,102570,118300,46.95,2026-10-06,23418.50
2026-09-21 12:01:07,22900,127335,102570,127855,47.25,2026-10-06,23430.95
2026-09-21 12:06:07,22900,121745,102570,136240,48.05,2026-10-06,23423.65
2026-09-21 12:11:08,22900,121940,102570,138385,48.45,2026-10-06,23418.05
2026-09-21 12:16:07,22900,122590,102570,139100,48.45,2026-10-06,23419.65
2026-09-21 12:21:07,22900,122590,102570,139945,48.00,2026-10-06,23417.80
2026-09-21 12:26:07,22900,122590,102570,140530,48.60,2026-10-06,23415.85
2026-09-21 12:31:08,22900,124280,102570,143910,47.80,2026-10-06,23422.40
2026-09-21 12:36:07,22900,124605,102570,144560,48.30,2026-10-06,23414.45
2026-09-21 12:41:07,22900,124735,102570,146510,49.15,2026-10-06,23412.15
2026-09-21 12:46:07,22900,124215,102570,150930,47.80,2026-10-06,23415.75
2026-09-21 12:51:07,22900,124215,102570,151580,48.25,2026-10-06,23413.00
2026-09-21 12:56:07,22900,125515,102570,157820,47.75,2026-10-06,23413.70
2026-09-21 13:01:07,22900,128700,102570,164255,48.25,2026-10-06,23412.00
2026-09-21 13:06:07,22900,134290,102570,166270,48.90,2026-10-06,23407.90
2026-09-21 13:11:07,22900,134225,102570,168025,49.35,2026-10-06,23403.30
2026-09-21 13:16:09,22900,134355,102570,169000,48.60,2026-10-06,23418.15
2026-09-21 13:21:08,22900,133445,102570,176280,46.55,2026-10-06,23423.65
2026-09-21 13:26:07,22900,134940,102570,177645,46.15,2026-10-06,23426.75
2026-09-21 13:31:07,22900,134810,102570,180570,45.95,2026-10-06,23427.00
2026-09-21 13:36:07,22900,134940,102570,181675,44.80,2026-10-06,23436.25
2026-09-21 13:41:08,22900,136240,102570,189085,45.35,2026-10-06,23430.05
2026-09-21 13:46:07,22900,136500,102570,193310,45.55,2026-10-06,23429.50
2026-09-21 13:51:07,22900,136435,102570,193830,44.85,2026-10-06,23437.30
2026-09-21 13:56:07,22900,136110,102570,195780,44.10,2026-10-06,23445.50
2026-09-21 14:01:06,22900,135005,102570,222430,41.85,2026-10-06,23463.55
2026-09-21 14:06:07,22900,140140,102570,234130,42.70,2026-10-06,23457.95
2026-09-21 14:11:08,22900,139620,102570,237185,42.90,2026-10-06,23452.05
2026-09-21 14:16:07,22900,140920,102570,240825,43.55,2026-10-06,23451.05
2026-09-21 14:21:07,22900,139620,102570,253500,42.35,2026-10-06,23461.20
2026-09-21 14:26:08,22900,140140,102570,254800,43.05,2026-10-06,23454.60
2026-09-21 14:31:07,22900,138840,102570,256685,43.85,2026-10-06,23446.85
2026-09-21 14:36:07,22900,138515,102570,263315,43.95,2026-10-06,23444.65
2026-09-21 14:40:08,22900,143845,102570,275080,43.70,2026-10-06,23448.15
2026-09-21 14:46:07,22900,144430,102570,279370,43.35,2026-10-06,23450.85
2026-09-21 14:51:08,22900,145600,102570,286715,43.50,2026-10-06,23450.80
2026-09-21 14:56:07,22900,143000,102570,293020,43.00,2026-10-06,23450.15
2026-09-21 15:01:07,22900,144690,102570,302965,43.10,2026-10-06,23447.20
2026-09-21 15:06:07,22900,145470,102570,310700,43.05,2026-10-06,23441.00
2026-09-21 15:11:07,22900,148460,102570,332475,43.10,2026-10-06,23437.70
2026-09-21 15:16:07,22900,155610,102570,354705,43.80,2026-10-06,23429.00
2026-09-21 15:21:07,22900,158795,102570,361400,43.75,2026-10-06,23429.00
2026-09-21 15:26:08,22900,162955,102570,369070,43.85,2026-10-06,23429.00
2026-09-21 15:31:07,22900,164840,102570,377585,44.20,2026-10-06,23414.30
2026-09-21 15:36:08,22900,161720,102570,386945,43.85,2026-10-06,23414.30
2026-09-21 15:41:07,22900,185185,102570,422565,44.65,2026-10-06,23414.30
2026-09-21 22:30:06,22900,185185,102570,422565,44.65,2026-10-06,23414.30
2026-09-21 22:35:07,22900,185185,102570,422565,44.65,2026-10-06,23414.30
2026-09-21 23:00:06,22900,185185,102570,422565,44.65,2026-10-06,23414.30
2026-09-21 23:05:07,22900,185185,102570,422565,44.65,2026-10-06,23414.30
2026-09-21 08:54:06,23000,11074895,9652695,127371855,13.00,2026-09-22,23346.40
2026-09-21 08:55:06,23000,11074895,9652695,127371855,13.00,2026-09-22,23346.40
2026-09-21 09:00:06,23000,11074895,9652695,127371855,13.00,2026-09-22,23197.15
2026-09-21 09:12:06,23000,11074895,10994165,127371855,13.00,2026-09-22,23330.20
2026-09-21 09:16:06,23000,11042395,10994165,4293575,8.35,2026-09-22,23342.95
2026-09-21 09:21:06,23000,11886940,10994165,12941045,6.70,2026-09-22,23384.85
2026-09-21 09:26:05,23000,12550395,10994165,17217980,6.55,2026-09-22,23386.00
2026-09-21 09:31:06,23000,12600640,10994165,21143980,6.15,2026-09-22,23402.20
2026-09-21 09:36:06,23000,12639055,10994165,24382930,5.95,2026-09-22,23406.40
2026-09-21 09:41:06,23000,12771200,10994165,26233480,6.45,2026-09-22,23386.00
2026-09-21 09:46:05,23000,12918620,10994165,28213055,6.10,2026-09-22,23398.70
2026-09-21 09:51:05,23000,12934870,10994165,29877185,5.80,2026-09-22,23401.95
2026-09-21 09:56:06,23000,13123955,10994165,31233930,5.95,2026-09-22,23395.40
2026-09-21 10:01:05,23000,13179985,10994165,32611410,5.85,2026-09-22,23392.20
2026-09-21 10:06:05,23000,13233805,10994165,34676590,6.35,2026-09-22,23384.90
2026-09-21 10:11:06,23000,13384410,10994165,36502375,5.95,2026-09-22,23387.85
2026-09-21 10:16:06,23000,13653315,10994165,38076285,6.30,2026-09-22,23371.85
2026-09-21 10:21:06,23000,13732420,10994165,39205465,6.25,2026-09-22,23371.90
2026-09-21 10:26:06,23000,13676975,10994165,40424735,6.25,2026-09-22,23366.40
2026-09-21 10:31:06,23000,13678470,10994165,41854410,6.15,2026-09-22,23368.60
2026-09-21 10:36:06,23000,13651170,10994165,43273945,6.15,2026-09-22,23365.70
2026-09-21 10:41:05,23000,13820430,10994165,44190315,6.25,2026-09-22,23367.35
2026-09-21 10:46:06,23000,13533130,10994165,46141940,5.35,2026-09-22,23381.95
2026-09-21 10:51:06,23000,13509145,10994165,47425755,5.50,2026-09-22,23379.70
2026-09-21 10:56:05,23000,13571805,10994165,48271275,5.50,2026-09-22,23380.50
2026-09-21 11:01:06,23000,13568230,10994165,48731410,5.50,2026-09-22,23385.15
2026-09-21 11:06:06,23000,13548665,10994165,49299120,5.30,2026-09-22,23386.50
2026-09-21 11:11:06,23000,13557050,10994165,50490115,4.95,2026-09-22,23394.65
2026-09-21 11:16:06,23000,13511095,10994165,51481820,5.15,2026-09-22,23395.80
2026-09-21 11:21:05,23000,13559260,10994165,52243295,5.25,2026-09-22,23392.30
2026-09-21 11:26:05,23000,13502125,10994165,52954915,5.15,2026-09-22,23393.30
2026-09-21 11:31:05,23000,13518700,10994165,53917110,5.10,2026-09-22,23400.10
2026-09-21 11:36:06,23000,13525460,10994165,54933775,4.95,2026-09-22,23399.10
2026-09-21 11:41:06,23000,13361985,10994165,55673345,5.25,2026-09-22,23398.65
2026-09-21 11:46:05,23000,13390195,10994165,56208035,5.00,2026-09-22,23403.25
2026-09-21 11:51:06,23000,13362050,10994165,56713475,5.00,2026-09-22,23399.85
2026-09-21 11:56:06,23000,13441220,10994165,58113575,4.70,2026-09-22,23417.40
2026-09-21 12:01:06,23000,13597545,10994165,59568210,4.80,2026-09-22,23429.85
2026-09-21 12:06:06,23000,13691990,10994165,60786310,5.00,2026-09-22,23423.05
2026-09-21 12:11:07,23000,13765115,10994165,61588605,4.90,2026-09-22,23417.70
2026-09-21 12:16:06,23000,13828750,10994165,62082345,4.75,2026-09-22,23418.55
2026-09-21 12:21:06,23000,13857675,10994165,62461165,4.90,2026-09-22,23417.20
2026-09-21 12:26:06,23000,13907270,10994165,62797345,4.95,2026-09-22,23415.75
2026-09-21 12:31:07,23000,13940225,10994165,63177335,4.75,2026-09-22,23421.65
2026-09-21 12:36:06,23000,13979875,10994165,63551670,4.95,2026-09-22,23414.40
2026-09-21 12:41:06,23000,13976495,10994165,64155000,4.80,2026-09-22,23411.55
2026-09-21 12:46:06,23000,14029665,10994165,64588810,4.65,2026-09-22,23414.90
2026-09-21 12:51:06,23000,14040585,10994165,64948000,4.80,2026-09-22,23412.40
2026-09-21 12:56:06,23000,14049295,10994165,65260130,4.70,2026-09-22,23414.80
2026-09-21 13:01:06,23000,14066715,10994165,65685685,4.85,2026-09-22,23411.95
2026-09-21 13:06:06,23000,14067690,10994165,66378000,4.90,2026-09-22,23407.60
2026-09-21 13:11:06,23000,14196585,10994165,67017990,4.90,2026-09-22,23402.90
2026-09-21 13:16:07,23000,13985595,10994165,68112525,4.35,2026-09-22,23417.70
2026-09-21 13:21:07,23000,13699920,10994165,70082805,4.20,2026-09-22,23424.00
2026-09-21 13:26:06,23000,13551460,10994165,71155240,4.35,2026-09-22,23426.85
2026-09-21 13:31:06,23000,13536185,10994165,72046975,4.50,2026-09-22,23426.85
2026-09-21 13:36:06,23000,13450125,10994165,73163675,4.50,2026-09-22,23435.55
2026-09-21 13:41:07,23000,13362375,10994165,73858590,4.50,2026-09-22,23429.95
2026-09-21 13:46:06,23000,13409110,10994165,74506315,4.50,2026-09-22,23428.85
2026-09-21 13:51:06,23000,13473525,10994165,75056410,4.20,2026-09-22,23437.55
2026-09-21 13:56:06,23000,13245830,10994165,75722920,4.35,2026-09-22,23444.45
2026-09-21 14:01:05,23000,13165035,10994165,78690755,4.80,2026-09-22,23463.55
2026-09-21 14:06:06,23000,13213265,10994165,80534220,4.80,2026-09-22,23457.85
2026-09-21 14:11:07,23000,13356070,10994165,82124445,4.95,2026-09-22,23451.70
2026-09-21 14:16:06,23000,13411775,10994165,83312645,4.85,2026-09-22,23450.90
2026-09-21 14:21:06,23000,13418145,10994165,84458205,4.75,2026-09-22,23461.20
2026-09-21 14:26:07,23000,13437515,10994165,85006285,4.70,2026-09-22,23453.90
2026-09-21 14:31:06,23000,13370240,10994165,85653230,4.75,2026-09-22,23445.85
2026-09-21 14:36:06,23000,13146640,10994165,86941790,4.85,2026-09-22,23444.00
2026-09-21 14:40:07,23000,12953070,10994165,87684805,4.55,2026-09-22,23448.05
2026-09-21 14:46:06,23000,12806755,10994165,89397750,4.55,2026-09-22,23450.55
2026-09-21 14:51:07,23000,12821965,10994165,91607750,4.45,2026-09-22,23450.75
2026-09-21 14:56:06,23000,12713935,10994165,93702440,4.40,2026-09-22,23449.75
2026-09-21 15:01:06,23000,12774775,10994165,95305925,4.80,2026-09-22,23448.10
2026-09-21 15:06:06,23000,12801360,10994165,96969600,4.80,2026-09-22,23440.25
2026-09-21 15:11:06,23000,12733500,10994165,98128355,4.85,2026-09-22,23437.10
2026-09-21 15:16:06,23000,12768080,10994165,100483500,5.20,2026-09-22,23429.00
2026-09-21 15:21:06,23000,12379510,10994165,102311495,4.85,2026-09-22,23429.00
2026-09-21 15:26:07,23000,12211810,10994165,104029250,5.05,2026-09-22,23429.00
2026-09-21 15:31:06,23000,12782315,10994165,108315675,5.70,2026-09-22,23414.30
2026-09-21 15:36:07,23000,13329550,10994165,112100755,5.70,2026-09-22,23414.30
2026-09-21 15:41:06,23000,12873705,10994165,115520860,6.15,2026-09-22,23414.30
2026-09-21 22:30:05,23000,12873705,10994165,115520860,6.15,2026-09-22,23414.30
2026-09-21 22:35:06,23000,12873705,10994165,115520860,6.15,2026-09-22,23414.30
2026-09-21 23:00:05,23000,12873705,10994165,115520860,6.15,2026-09-22,23414.30
2026-09-21 23:05:06,23000,12873705,10994165,115520860,6.15,2026-09-22,23414.30
2026-09-21 08:54:07,23000,7253495,6988970,10334805,52.20,2026-09-29,23346.40
2026-09-21 08:55:06,23000,7253495,6988970,10334805,52.20,2026-09-29,23346.40
2026-09-21 09:00:07,23000,7253495,6988970,10334805,52.20,2026-09-29,23197.80
2026-09-21 09:12:07,23000,7253495,7245435,10334805,52.20,2026-09-29,23330.20
2026-09-21 09:16:06,23000,7248540,7245435,230035,48.30,2026-09-29,23343.65
2026-09-21 09:21:06,23000,7465965,7245435,1278225,42.45,2026-09-29,23385.35
2026-09-21 09:26:06,23000,7678645,7245435,1699945,41.55,2026-09-29,23386.30
2026-09-21 09:31:06,23000,7773025,7245435,2255955,38.50,2026-09-29,23401.55
2026-09-21 09:36:06,23000,7832890,7245435,2602470,37.60,2026-09-29,23406.40
2026-09-21 09:41:06,23000,7879885,7245435,2817750,39.90,2026-09-29,23386.65
2026-09-21 09:46:06,23000,7924735,7245435,3004625,38.30,2026-09-29,23398.55
2026-09-21 09:51:06,23000,7936695,7245435,3245580,37.35,2026-09-29,23402.45
2026-09-21 09:56:06,23000,7903935,7245435,3640065,37.75,2026-09-29,23395.15
2026-09-21 10:01:06,23000,7906145,7245435,3896620,37.85,2026-09-29,23391.85
2026-09-21 10:06:06,23000,7947810,7245435,4087265,39.85,2026-09-29,23384.15
2026-09-21 10:11:07,23000,7976150,7245435,4360655,38.95,2026-09-29,23387.90
2026-09-21 10:16:07,23000,8030425,7245435,4524520,40.50,2026-09-29,23371.90
2026-09-21 10:21:06,23000,8042580,7245435,4687540,40.30,2026-09-29,23372.55
2026-09-21 10:26:06,23000,8057335,7245435,4819425,40.90,2026-09-29,23366.60
2026-09-21 10:31:06,23000,8072090,7245435,4971200,39.95,2026-09-29,23368.65
2026-09-21 10:36:06,23000,8030750,7245435,5136495,40.55,2026-09-29,23365.90
2026-09-21 10:41:06,23000,8034650,7245435,5233865,40.85,2026-09-29,23366.90
2026-09-21 10:46:06,23000,8043945,7245435,5395650,37.80,2026-09-29,23381.05
2026-09-21 10:51:06,23000,8022430,7245435,5493150,38.35,2026-09-29,23380.20
2026-09-21 10:56:06,23000,8039525,7245435,5572385,38.25,2026-09-29,23380.20
2026-09-21 11:01:07,23000,8062795,7245435,5760235,37.30,2026-09-29,23386.80
2026-09-21 11:06:07,23000,8062600,7245435,5830630,37.05,2026-09-29,23387.55
2026-09-21 11:11:07,23000,8072675,7245435,5946265,35.45,2026-09-29,23395.80
2026-09-21 11:16:06,23000,8107840,7245435,6066840,36.00,2026-09-29,23395.20
2026-09-21 11:21:06,23000,8086780,7245435,6168890,36.55,2026-09-29,23392.40
2026-09-21 11:26:06,23000,8069230,7245435,6232200,35.85,2026-09-29,23393.30
2026-09-21 11:31:06,23000,8066500,7245435,6295445,34.60,2026-09-29,23400.20
2026-09-21 11:36:07,23000,8076185,7245435,6414590,35.30,2026-09-29,23398.80
2026-09-21 11:41:06,23000,8088860,7245435,6465875,35.80,2026-09-29,23399.10
2026-09-21 11:46:06,23000,8097635,7245435,6552325,34.80,2026-09-29,23402.45
2026-09-21 11:51:06,23000,8100495,7245435,6584630,34.85,2026-09-29,23400.10
2026-09-21 11:56:06,23000,8125455,7245435,6790615,31.75,2026-09-29,23418.05
2026-09-21 12:01:06,23000,8119475,7245435,7138040,32.15,2026-09-29,23430.40
2026-09-21 12:06:07,23000,8105305,7245435,7397325,33.20,2026-09-29,23423.80
2026-09-21 12:11:07,23000,8100170,7245435,7666360,33.35,2026-09-29,23418.25
2026-09-21 12:16:06,23000,8106800,7245435,7757490,32.95,2026-09-29,23418.30
2026-09-21 12:21:06,23000,8107645,7245435,7791485,32.80,2026-09-29,23417.15
2026-09-21 12:26:06,23000,8108165,7245435,7845825,33.25,2026-09-29,23415.60
2026-09-21 12:31:07,23000,8105045,7245435,7886385,32.50,2026-09-29,23422.00
2026-09-21 12:36:06,23000,8108295,7245435,7941375,33.30,2026-09-29,23414.35
2026-09-21 12:41:07,23000,8109075,7245435,8026850,33.70,2026-09-29,23412.00
2026-09-21 12:46:07,23000,8105565,7245435,8095945,32.70,2026-09-29,23415.85
2026-09-21 12:51:07,23000,8106410,7245435,8140665,33.50,2026-09-29,23413.00
2026-09-21 12:56:07,23000,8112390,7245435,8225165,33.30,2026-09-29,23414.15
2026-09-21 13:01:07,23000,8138065,7245435,8399235,33.40,2026-09-29,23411.85
2026-09-21 13:06:07,23000,8133905,7245435,8439470,33.90,2026-09-29,23408.35
2026-09-21 13:11:07,23000,8153470,7245435,8521630,34.60,2026-09-29,23402.60
2026-09-21 13:16:08,23000,8187335,7245435,8663590,32.65,2026-09-29,23417.50
2026-09-21 13:21:07,23000,8206185,7245435,8751925,31.45,2026-09-29,23423.40
2026-09-21 13:26:06,23000,8231080,7245435,8925085,31.00,2026-09-29,23426.70
2026-09-21 13:31:07,23000,8217820,7245435,9063210,31.10,2026-09-29,23427.10
2026-09-21 13:36:07,23000,8175505,7245435,9347520,30.25,2026-09-29,23435.20
2026-09-21 13:41:07,23000,8179015,7245435,9438390,31.15,2026-09-29,23429.55
2026-09-21 13:46:06,23000,8217105,7245435,9577230,31.05,2026-09-29,23428.85
2026-09-21 13:51:06,23000,8256820,7245435,9727835,30.25,2026-09-29,23437.40
2026-09-21 13:56:07,23000,8325720,7245435,9969570,30.00,2026-09-29,23444.40
2026-09-21 14:01:06,23000,8513375,7245435,10661300,28.30,2026-09-29,23463.50
2026-09-21 14:06:06,23000,8500440,7245435,10929620,28.90,2026-09-29,23457.70
2026-09-21 14:11:07,23000,8465665,7245435,11098425,29.15,2026-09-29,23452.00
2026-09-21 14:16:07,23000,8442070,7245435,11233625,29.05,2026-09-29,23451.20
2026-09-21 14:21:07,23000,8444605,7245435,11437335,28.05,2026-09-29,23461.25
2026-09-21 14:26:07,23000,8441355,7245435,11578125,28.65,2026-09-29,23453.70
2026-09-21 14:31:07,23000,8444085,7245435,11717095,29.25,2026-09-29,23446.50
2026-09-21 14:36:07,23000,8449480,7245435,11893115,29.50,2026-09-29,23444.25
2026-09-21 14:40:07,23000,8452080,7245435,11978850,29.00,2026-09-29,23448.00
2026-09-21 14:46:07,23000,8453510,7245435,12091560,29.05,2026-09-29,23450.35
2026-09-21 14:51:07,23000,8424065,7245435,12171185,29.25,2026-09-29,23451.45
2026-09-21 14:56:06,23000,8426860,7245435,12228515,29.15,2026-09-29,23450.05
2026-09-21 15:01:06,23000,8421985,7245435,12430145,28.85,2026-09-29,23447.05
2026-09-21 15:06:07,23000,8441095,7245435,12573210,28.95,2026-09-29,23441.00
2026-09-21 15:11:06,23000,8417370,7245435,12744030,29.60,2026-09-29,23437.55
2026-09-21 15:16:07,23000,8449610,7245435,12959245,30.05,2026-09-29,23429.00
2026-09-21 15:21:07,23000,8446035,7245435,13321490,30.25,2026-09-29,23429.00
2026-09-21 15:26:07,23000,8436220,7245435,13558740,30.20,2026-09-29,23429.00
2026-09-21 15:31:07,23000,8359650,7245435,14082380,30.85,2026-09-29,23414.30
2026-09-21 15:36:07,23000,8386040,7245435,14548105,30.65,2026-09-29,23414.30
2026-09-21 15:41:06,23000,8462545,7245435,14916980,31.55,2026-09-29,23414.30
2026-09-21 22:30:06,23000,8462545,7245435,14916980,31.55,2026-09-29,23414.30
2026-09-21 22:35:07,23000,8462545,7245435,14916980,31.55,2026-09-29,23414.30
2026-09-21 23:00:05,23000,8462545,7245435,14916980,31.55,2026-09-29,23414.30
2026-09-21 23:05:07,23000,8462545,7245435,14916980,31.55,2026-09-29,23414.30
2026-09-21 08:54:08,23000,327015,285285,778050,78.90,2026-10-06,23346.40
2026-09-21 08:55:07,23000,327015,285285,778050,78.90,2026-10-06,23346.40
2026-09-21 09:00:07,23000,327015,285285,778050,78.90,2026-10-06,23216.50
2026-09-21 09:12:07,23000,327015,324805,778050,78.90,2026-10-06,23330.20
2026-09-21 09:16:07,23000,324805,324805,18265,80.15,2026-10-06,23341.85
2026-09-21 09:21:06,23000,359255,324805,107250,74.60,2026-10-06,23384.75
2026-09-21 09:26:06,23000,361270,324805,131430,73.65,2026-10-06,23385.35
2026-09-21 09:31:07,23000,369915,324805,165555,69.30,2026-10-06,23401.90
2026-09-21 09:36:07,23000,370240,324805,185445,68.50,2026-10-06,23406.50
2026-09-21 09:41:07,23000,368290,324805,196430,72.95,2026-10-06,23387.30
2026-09-21 09:46:07,23000,366015,324805,241345,71.30,2026-10-06,23397.90
2026-09-21 09:51:06,23000,370630,324805,257270,69.55,2026-10-06,23402.35
2026-09-21 09:56:07,23000,372450,324805,265460,70.00,2026-10-06,23394.85
2026-09-21 10:01:06,23000,374725,324805,283855,70.90,2026-10-06,23391.90
2026-09-21 10:06:06,23000,377520,324805,290095,73.00,2026-10-06,23384.65
2026-09-21 10:11:07,23000,381875,324805,300755,71.20,2026-10-06,23387.95
2026-09-21 10:16:07,23000,384475,324805,308945,72.40,2026-10-06,23372.35
2026-09-21 10:21:07,23000,384930,324805,313755,72.80,2026-10-06,23373.25
2026-09-21 10:26:07,23000,384865,324805,320580,73.30,2026-10-06,23368.05
2026-09-21 10:31:06,23000,386165,324805,327730,72.35,2026-10-06,23368.85
2026-09-21 10:36:06,23000,388050,324805,335985,72.55,2026-10-06,23365.35
2026-09-21 10:41:06,23000,388895,324805,339040,73.50,2026-10-06,23367.00
2026-09-21 10:46:07,23000,391040,324805,342420,70.50,2026-10-06,23381.65
2026-09-21 10:51:07,23000,393315,324805,354445,70.20,2026-10-06,23380.10
2026-09-21 10:56:06,23000,392925,324805,363740,70.00,2026-10-06,23380.75
2026-09-21 11:01:07,23000,392730,324805,372190,69.00,2026-10-06,23386.85
2026-09-21 11:06:07,23000,395395,324805,384800,68.25,2026-10-06,23387.60
2026-09-21 11:11:07,23000,395005,324805,387920,67.15,2026-10-06,23395.90
2026-09-21 11:16:07,23000,398450,324805,403260,66.50,2026-10-06,23396.05
2026-09-21 11:21:06,23000,400985,324805,422175,67.75,2026-10-06,23393.30
2026-09-21 11:26:06,23000,401245,324805,424970,66.85,2026-10-06,23393.85
2026-09-21 11:31:06,23000,402025,324805,430040,65.25,2026-10-06,23400.40
2026-09-21 11:36:07,23000,402090,324805,435045,66.15,2026-10-06,23399.30
2026-09-21 11:41:06,23000,403845,324805,446420,66.15,2026-10-06,23399.45
2026-09-21 11:46:06,23000,403910,324805,466700,65.65,2026-10-06,23402.55
2026-09-21 11:51:07,23000,410410,324805,477165,65.15,2026-10-06,23400.10
2026-09-21 11:56:07,23000,407940,324805,487500,61.30,2026-10-06,23418.50
2026-09-21 12:01:07,23000,411125,324805,497315,61.25,2026-10-06,23430.95
2026-09-21 12:06:07,23000,413270,324805,509080,62.80,2026-10-06,23423.65
2026-09-21 12:11:08,23000,414050,324805,512720,63.00,2026-10-06,23418.05
2026-09-21 12:16:07,23000,412425,324805,524290,62.55,2026-10-06,23419.65
2026-09-21 12:21:07,23000,414635,324805,530790,62.55,2026-10-06,23417.80
2026-09-21 12:26:07,23000,416130,324805,533910,63.25,2026-10-06,23415.85
2026-09-21 12:31:08,23000,416195,324805,537940,61.80,2026-10-06,23422.40
2026-09-21 12:36:07,23000,415805,324805,542035,62.55,2026-10-06,23414.45
2026-09-21 12:41:07,23000,415740,324805,544830,63.10,2026-10-06,23412.15
2026-09-21 12:46:07,23000,416715,324805,547495,62.90,2026-10-06,23415.75
2026-09-21 12:51:07,23000,416780,324805,550420,62.90,2026-10-06,23413.00
2026-09-21 12:56:07,23000,420225,324805,553995,62.65,2026-10-06,23413.70
2026-09-21 13:01:07,23000,423280,324805,559715,63.40,2026-10-06,23412.00
2026-09-21 13:06:07,23000,421785,324805,567320,63.90,2026-10-06,23407.90
2026-09-21 13:11:07,23000,422175,324805,570830,64.50,2026-10-06,23403.30
2026-09-21 13:16:09,23000,423215,324805,576225,62.25,2026-10-06,23418.15
2026-09-21 13:21:08,23000,430885,324805,600925,60.45,2026-10-06,23423.65
2026-09-21 13:26:07,23000,437060,324805,613470,59.95,2026-10-06,23426.75
2026-09-21 13:31:07,23000,439075,324805,630500,59.45,2026-10-06,23427.00
2026-09-21 13:36:07,23000,441090,324805,635700,58.00,2026-10-06,23436.25
2026-09-21 13:41:08,23000,442325,324805,657345,58.90,2026-10-06,23430.05
2026-09-21 13:46:07,23000,429520,324805,680290,58.90,2026-10-06,23429.50
2026-09-21 13:51:07,23000,435175,324805,695695,58.00,2026-10-06,23437.30
2026-09-21 13:56:07,23000,439335,324805,710320,57.00,2026-10-06,23445.50
2026-09-21 14:01:06,23000,441350,324805,738400,54.55,2026-10-06,23463.55
2026-09-21 14:06:07,23000,438100,324805,754975,55.60,2026-10-06,23457.95
2026-09-21 14:11:08,23000,439855,324805,762125,55.95,2026-10-06,23452.05
2026-09-21 14:16:07,23000,442455,324805,776100,56.15,2026-10-06,23451.05
2026-09-21 14:21:07,23000,455910,324805,805155,54.75,2026-10-06,23461.20
2026-09-21 14:26:08,23000,465010,324805,821535,55.65,2026-10-06,23454.60
2026-09-21 14:31:07,23000,474565,324805,857220,56.15,2026-10-06,23446.85
2026-09-21 14:36:07,23000,485355,324805,889330,57.00,2026-10-06,23444.65
2026-09-21 14:40:08,23000,485810,324805,912990,55.95,2026-10-06,23448.15
2026-09-21 14:46:07,23000,501930,324805,959335,55.45,2026-10-06,23450.85
2026-09-21 14:51:08,23000,508755,324805,975130,55.75,2026-10-06,23450.80
2026-09-21 14:56:07,23000,512590,324805,992745,55.15,2026-10-06,23450.15
2026-09-21 15:01:07,23000,518830,324805,1009970,55.45,2026-10-06,23447.20
2026-09-21 15:06:07,23000,517660,324805,1022645,55.25,2026-10-06,23441.00
2026-09-21 15:11:07,23000,521690,324805,1041495,55.70,2026-10-06,23437.70
2026-09-21 15:16:07,23000,530400,324805,1078285,56.15,2026-10-06,23429.00
2026-09-21 15:21:07,23000,546455,324805,1114750,56.10,2026-10-06,23429.00
2026-09-21 15:26:08,23000,561210,324805,1148030,56.40,2026-10-06,23429.00
2026-09-21 15:31:07,23000,561340,324805,1172080,56.55,2026-10-06,23414.30
2026-09-21 15:36:08,23000,558935,324805,1188525,56.40,2026-10-06,23414.30
2026-09-21 15:41:07,23000,566085,324805,1219335,57.00,2026-10-06,23414.30
2026-09-21 22:30:06,23000,566085,324805,1219335,57.00,2026-10-06,23414.30
2026-09-21 22:35:07,23000,566085,324805,1219335,57.00,2026-10-06,23414.30
2026-09-21 23:00:06,23000,566085,324805,1219335,57.00,2026-10-06,23414.30
2026-09-21 23:05:07,23000,566085,324805,1219335,57.00,2026-10-06,23414.30
2026-09-21 08:54:06,23100,6503185,5361525,123673160,21.20,2026-09-22,23346.40
2026-09-21 08:55:06,23100,6503185,5361525,123673160,21.20,2026-09-22,23346.40
2026-09-21 09:00:06,23100,6503185,5361525,123673160,21.20,2026-09-22,23197.15
2026-09-21 09:12:06,23100,6503185,6429865,123673160,21.20,2026-09-22,23330.20
2026-09-21 09:16:06,23100,6464185,6429865,3172780,15.05,2026-09-22,23342.95
2026-09-21 09:21:06,23100,7511140,6429865,9581715,11.50,2026-09-22,23384.85
2026-09-21 09:26:05,23100,7562295,6429865,12500410,11.45,2026-09-22,23386.00
2026-09-21 09:31:06,23100,7557095,6429865,15872155,10.25,2026-09-22,23402.20
2026-09-21 09:36:06,23100,8034845,6429865,18238480,9.80,2026-09-22,23406.40
2026-09-21 09:41:06,23100,8253700,6429865,20116915,10.95,2026-09-22,23386.00
2026-09-21 09:46:05,23100,8619650,6429865,22283625,10.15,2026-09-22,23398.70
2026-09-21 09:51:05,23100,8550685,6429865,24509745,9.55,2026-09-22,23401.95
2026-09-21 09:56:06,23100,8642920,6429865,25587250,9.80,2026-09-22,23395.40
2026-09-21 10:01:05,23100,8859110,6429865,27137760,9.90,2026-09-22,23392.20
2026-09-21 10:06:05,23100,8996390,6429865,29474315,10.75,2026-09-22,23384.90
2026-09-21 10:11:06,23100,9097465,6429865,31558865,10.20,2026-09-22,23387.85
2026-09-21 10:16:06,23100,9231235,6429865,33838480,10.90,2026-09-22,23371.85
2026-09-21 10:21:06,23100,9261720,6429865,35125545,10.95,2026-09-22,23371.90
2026-09-21 10:26:06,23100,9270365,6429865,36856560,11.10,2026-09-22,23366.40
2026-09-21 10:31:06,23100,9253660,6429865,38423775,10.75,2026-09-22,23368.60
2026-09-21 10:36:06,23100,9352655,6429865,39861965,10.95,2026-09-22,23365.70
2026-09-21 10:41:05,23100,9319895,6429865,40816230,11.15,2026-09-22,23367.35
2026-09-21 10:46:06,23100,9336405,6429865,42388255,9.35,2026-09-22,23381.95
2026-09-21 10:51:06,23100,9300915,6429865,43524455,9.60,2026-09-22,23379.70
2026-09-21 10:56:05,23100,9378135,6429865,44732935,9.60,2026-09-22,23380.50
2026-09-21 11:01:06,23100,9461920,6429865,45275555,9.50,2026-09-22,23385.15
2026-09-21 11:06:06,23100,9520420,6429865,46122375,9.15,2026-09-22,23386.50
2026-09-21 11:11:06,23100,9563320,6429865,47417045,8.45,2026-09-22,23394.65
2026-09-21 11:16:06,23100,9508265,6429865,48842105,8.70,2026-09-22,23395.80
2026-09-21 11:21:05,23100,9539465,6429865,49826010,8.90,2026-09-22,23392.30
2026-09-21 11:26:05,23100,9581195,6429865,50530740,8.70,2026-09-22,23393.30
2026-09-21 11:31:05,23100,9637550,6429865,51488450,8.30,2026-09-22,23400.10
2026-09-21 11:36:06,23100,9852050,6429865,53071265,8.15,2026-09-22,23399.10
2026-09-21 11:41:06,23100,9839050,6429865,53999270,8.65,2026-09-22,23398.65
2026-09-21 11:46:05,23100,9843405,6429865,54827760,8.05,2026-09-22,23403.25
2026-09-21 11:51:06,23100,9760660,6429865,55384745,8.25,2026-09-22,23399.85
2026-09-21 11:56:06,23100,9393280,6429865,57638750,7.50,2026-09-22,23417.40
2026-09-21 12:01:06,23100,9354085,6429865,59665645,7.55,2026-09-22,23429.85
2026-09-21 12:06:06,23100,9432540,6429865,60707205,7.80,2026-09-22,23423.05
2026-09-21 12:11:07,23100,9410830,6429865,61393020,7.75,2026-09-22,23417.70
2026-09-21 12:16:06,23100,9396335,6429865,61802650,7.60,2026-09-22,23418.55
2026-09-21 12:21:06,23100,9378655,6429865,62161970,7.70,2026-09-22,23417.20
2026-09-21 12:26:06,23100,9398545,6429865,62711025,7.75,2026-09-22,23415.75
2026-09-21 12:31:07,23100,9369555,6429865,63301030,7.45,2026-09-22,23421.65
2026-09-21 12:36:06,23100,9335365,6429865,63761295,7.85,2026-09-22,23414.40
2026-09-21 12:41:06,23100,9369945,6429865,64226890,7.80,2026-09-22,23411.55
2026-09-21 12:46:06,23100,9401600,6429865,64897170,7.40,2026-09-22,23414.90
2026-09-21 12:51:06,23100,9416095,6429865,65356005,7.70,2026-09-22,23412.40
2026-09-21 12:56:06,23100,9443850,6429865,65766415,7.50,2026-09-22,23414.80
2026-09-21 13:01:06,23100,9433190,6429865,66260155,7.75,2026-09-22,23411.95
2026-09-21 13:06:06,23100,9462245,6429865,67354820,7.85,2026-09-22,23407.60
2026-09-21 13:11:06,23100,9446255,6429865,68284710,8.00,2026-09-22,23402.90
2026-09-21 13:16:07,23100,9629360,6429865,69960475,6.90,2026-09-22,23417.70
2026-09-21 13:21:07,23100,9707620,6429865,72324460,6.60,2026-09-22,23424.00
2026-09-21 13:26:06,23100,9596470,6429865,73496995,6.80,2026-09-22,23426.85
2026-09-21 13:31:06,23100,9547070,6429865,74181575,6.90,2026-09-22,23426.85
2026-09-21 13:36:06,23100,9690135,6429865,75638485,6.70,2026-09-22,23435.55
2026-09-21 13:41:07,23100,9580025,6429865,76458655,6.90,2026-09-22,23429.95
2026-09-21 13:46:06,23100,9695140,6429865,77608310,6.75,2026-09-22,23428.85
2026-09-21 13:51:06,23100,9538425,6429865,78342355,6.40,2026-09-22,23437.55
2026-09-21 13:56:06,23100,9412520,6429865,79202500,6.45,2026-09-22,23444.45
2026-09-21 14:01:05,23100,9352265,6429865,81579225,6.95,2026-09-22,23463.55
2026-09-21 14:06:06,23100,9410895,6429865,83665855,6.85,2026-09-22,23457.85
2026-09-21 14:11:07,23100,9402900,6429865,84843720,7.05,2026-09-22,23451.70
2026-09-21 14:16:06,23100,9201595,6429865,86121815,6.95,2026-09-22,23450.90
2026-09-21 14:21:06,23100,9134905,6429865,87167340,6.80,2026-09-22,23461.20
2026-09-21 14:26:07,23100,9100780,6429865,87646715,6.80,2026-09-22,23453.90
2026-09-21 14:31:06,23100,9047805,6429865,88342020,7.00,2026-09-22,23445.85
2026-09-21 14:36:06,23100,9034805,6429865,89079380,7.00,2026-09-22,23444.00
2026-09-21 14:40:07,23100,8944260,6429865,89826425,6.55,2026-09-22,23448.05
2026-09-21 14:46:06,23100,9122295,6429865,90791025,6.45,2026-09-22,23450.55
2026-09-21 14:51:07,23100,9093630,6429865,93214940,6.50,2026-09-22,23450.75
2026-09-21 14:56:06,23100,8949850,6429865,95033705,6.40,2026-09-22,23449.75
2026-09-21 15:01:06,23100,8821215,6429865,96918445,6.90,2026-09-22,23448.10
2026-09-21 15:06:06,23100,8850140,6429865,98908680,6.90,2026-09-22,23440.25
2026-09-21 15:11:06,23100,8728720,6429865,100783865,6.95,2026-09-22,23437.10
2026-09-21 15:16:06,23100,8617505,6429865,103259195,7.20,2026-09-22,23429.00
2026-09-21 15:21:06,23100,8693165,6429865,105435785,6.75,2026-09-22,23429.00
2026-09-21 15:26:07,23100,8799440,6429865,107188055,7.05,2026-09-22,23429.00
2026-09-21 15:31:06,23100,9422660,6429865,111180355,7.85,2026-09-22,23414.30
2026-09-21 15:36:07,23100,9728810,6429865,114877230,7.75,2026-09-22,23414.30
2026-09-21 15:41:06,23100,9509695,6429865,117286910,8.20,2026-09-22,23414.30
2026-09-21 22:30:05,23100,9509695,6429865,117286910,8.20,2026-09-22,23414.30
2026-09-21 22:35:06,23100,9509695,6429865,117286910,8.20,2026-09-22,23414.30
2026-09-21 23:00:05,23100,9509695,6429865,117286910,8.20,2026-09-22,23414.30
2026-09-21 23:05:06,23100,9509695,6429865,117286910,8.20,2026-09-22,23414.30
2026-09-21 08:54:07,23100,1599130,1534975,3392415,71.85,2026-09-29,23346.40
2026-09-21 08:55:06,23100,1599130,1534975,3392415,71.85,2026-09-29,23346.40
2026-09-21 09:00:07,23100,1599130,1534975,3392415,71.85,2026-09-29,23197.80
2026-09-21 09:12:07,23100,1599130,1583790,3392415,71.85,2026-09-29,23330.20
2026-09-21 09:16:06,23100,1586845,1583790,94965,67.05,2026-09-29,23343.65
2026-09-21 09:21:06,23100,1608035,1583790,368745,58.95,2026-09-29,23385.35
2026-09-21 09:26:06,23100,1622985,1583790,476970,58.35,2026-09-29,23386.30
2026-09-21 09:31:06,23100,1657240,1583790,658255,54.05,2026-09-29,23401.55
2026-09-21 09:36:06,23100,1693055,1583790,796250,52.90,2026-09-29,23406.40
2026-09-21 09:41:06,23100,1711125,1583790,898625,56.60,2026-09-29,23386.65
2026-09-21 09:46:06,23100,1715545,1583790,951340,54.20,2026-09-29,23398.55
2026-09-21 09:51:06,23100,1750515,1583790,1078675,52.80,2026-09-29,23402.45
2026-09-21 09:56:06,23100,1743495,1583790,1138280,53.70,2026-09-29,23395.15
2026-09-21 10:01:06,23100,1753375,1583790,1213355,53.95,2026-09-29,23391.85
2026-09-21 10:06:06,23100,1762215,1583790,1273285,56.50,2026-09-29,23384.15
2026-09-21 10:11:07,23100,1745965,1583790,1365520,55.50,2026-09-29,23387.90
2026-09-21 10:16:07,23100,1752920,1583790,1427855,57.55,2026-09-29,23371.90
2026-09-21 10:21:06,23100,1753375,1583790,1461200,57.35,2026-09-29,23372.55
2026-09-21 10:26:06,23100,1754350,1583790,1523990,58.15,2026-09-29,23366.60
2026-09-21 10:31:06,23100,1760850,1583790,1562600,56.95,2026-09-29,23368.65
2026-09-21 10:36:06,23100,1771640,1583790,1611285,57.55,2026-09-29,23365.90
2026-09-21 10:41:06,23100,1785810,1583790,1658215,58.05,2026-09-29,23366.90
2026-09-21 10:46:06,23100,1791335,1583790,1710995,53.80,2026-09-29,23381.05
2026-09-21 10:51:06,23100,1823705,1583790,1777165,54.25,2026-09-29,23380.20
2026-09-21 10:56:06,23100,1815385,1583790,1816295,54.25,2026-09-29,23380.20
2026-09-21 11:01:07,23100,1819350,1583790,1849315,53.20,2026-09-29,23386.80
2026-09-21 11:06:07,23100,1822730,1583790,1871675,52.85,2026-09-29,23387.55
2026-09-21 11:11:07,23100,1834625,1583790,1912755,50.50,2026-09-29,23395.80
2026-09-21 11:16:06,23100,1833130,1583790,1964170,51.30,2026-09-29,23395.20
2026-09-21 11:21:06,23100,1842295,1583790,2012530,52.00,2026-09-29,23392.40
2026-09-21 11:26:06,23100,1841710,1583790,2054390,51.20,2026-09-29,23393.30
2026-09-21 11:31:06,23100,1835990,1583790,2085395,49.60,2026-09-29,23400.20
2026-09-21 11:36:07,23100,1841970,1583790,2127905,50.20,2026-09-29,23398.80
2026-09-21 11:41:06,23100,1844505,1583790,2151695,51.00,2026-09-29,23399.10
2026-09-21 11:46:06,23100,1846000,1583790,2181855,49.45,2026-09-29,23402.45
2026-09-21 11:51:06,23100,1847235,1583790,2194205,49.70,2026-09-29,23400.10
2026-09-21 11:56:06,23100,1842685,1583790,2269605,45.20,2026-09-29,23418.05
2026-09-21 12:01:06,23100,1837550,1583790,2412475,45.35,2026-09-29,23430.40
2026-09-21 12:06:07,23100,1828450,1583790,2485340,46.65,2026-09-29,23423.80
2026-09-21 12:11:07,23100,1836640,1583790,2546635,46.90,2026-09-29,23418.25
2026-09-21 12:16:06,23100,1854125,1583790,2618720,46.35,2026-09-29,23418.30
2026-09-21 12:21:06,23100,1855815,1583790,2652065,46.50,2026-09-29,23417.15
2026-09-21 12:26:06,23100,1856075,1583790,2674815,47.20,2026-09-29,23415.60
2026-09-21 12:31:07,23100,1872065,1583790,2757235,46.35,2026-09-29,23422.00
2026-09-21 12:36:06,23100,1869205,1583790,2788695,47.25,2026-09-29,23414.35
2026-09-21 12:41:07,23100,1873105,1583790,2830685,47.90,2026-09-29,23412.00
2026-09-21 12:46:07,23100,1873755,1583790,2863120,46.50,2026-09-29,23415.85
2026-09-21 12:51:07,23100,1876875,1583790,2886130,47.40,2026-09-29,23413.00
2026-09-21 12:56:07,23100,1877395,1583790,2906735,47.20,2026-09-29,23414.15
2026-09-21 13:01:07,23100,1878435,1583790,2917070,47.85,2026-09-29,23411.85
2026-09-21 13:06:07,23100,1891630,1583790,2955290,48.15,2026-09-29,23408.35
2026-09-21 13:11:07,23100,1893385,1583790,2987660,48.80,2026-09-29,23402.60
2026-09-21 13:16:08,23100,1899495,1583790,3039595,46.40,2026-09-29,23417.50
2026-09-21 13:21:07,23100,1893645,1583790,3101150,44.60,2026-09-29,23423.40
2026-09-21 13:26:06,23100,1898260,1583790,3152305,44.35,2026-09-29,23426.70
2026-09-21 13:31:07,23100,1911260,1583790,3325400,44.15,2026-09-29,23427.10
2026-09-21 13:36:07,23100,2056795,1583790,3592810,42.50,2026-09-29,23435.20
2026-09-21 13:41:07,23100,2164370,1583790,3762265,43.75,2026-09-29,23429.55
2026-09-21 13:46:06,23100,2264730,1583790,3888885,43.75,2026-09-29,23428.85
2026-09-21 13:51:06,23100,2290925,1583790,3962855,42.70,2026-09-29,23437.40
2026-09-21 13:56:07,23100,2298985,1583790,4045795,42.00,2026-09-29,23444.40
2026-09-21 14:01:06,23100,2321930,1583790,4257760,39.60,2026-09-29,23463.50
2026-09-21 14:06:06,23100,2147340,1583790,4628455,40.90,2026-09-29,23457.70
2026-09-21 14:11:07,23100,2051205,1583790,4909970,41.05,2026-09-29,23452.00
2026-09-21 14:16:07,23100,2023970,1583790,5049785,40.85,2026-09-29,23451.20
2026-09-21 14:21:07,23100,2068755,1583790,5253690,39.05,2026-09-29,23461.25
2026-09-21 14:26:07,23100,2090725,1583790,5317325,40.20,2026-09-29,23453.70
2026-09-21 14:31:07,23100,2164695,1583790,5452915,41.00,2026-09-29,23446.50
2026-09-21 14:36:07,23100,2158585,1583790,5495880,41.50,2026-09-29,23444.25
2026-09-21 14:40:07,23100,2167815,1583790,5539690,40.80,2026-09-29,23448.00
2026-09-21 14:46:07,23100,2191605,1583790,5595980,40.70,2026-09-29,23450.35
2026-09-21 14:51:07,23100,2198560,1583790,5647850,40.85,2026-09-29,23451.45
2026-09-21 14:56:06,23100,2215135,1583790,5718960,40.55,2026-09-29,23450.05
2026-09-21 15:01:06,23100,2194660,1583790,5824325,40.55,2026-09-29,23447.05
2026-09-21 15:06:07,23100,2153710,1583790,5913310,40.55,2026-09-29,23441.00
2026-09-21 15:11:06,23100,2213055,1583790,6057155,41.20,2026-09-29,23437.55
2026-09-21 15:16:07,23100,2311660,1583790,6333535,41.55,2026-09-29,23429.00
2026-09-21 15:21:07,23100,2305810,1583790,6455670,41.60,2026-09-29,23429.00
2026-09-21 15:26:07,23100,2322385,1583790,6552780,41.50,2026-09-29,23429.00
2026-09-21 15:31:07,23100,2302040,1583790,6739395,42.30,2026-09-29,23414.30
2026-09-21 15:36:07,23100,2342860,1583790,6944340,41.75,2026-09-29,23414.30
2026-09-21 15:41:06,23100,2373410,1583790,7110870,42.10,2026-09-29,23414.30
2026-09-21 22:30:06,23100,2373410,1583790,7110870,42.10,2026-09-29,23414.30
2026-09-21 22:35:07,23100,2373410,1583790,7110870,42.10,2026-09-29,23414.30
2026-09-21 23:00:05,23100,2373410,1583790,7110870,42.10,2026-09-29,23414.30
2026-09-21 23:05:07,23100,2373410,1583790,7110870,42.10,2026-09-29,23414.30
2026-09-21 08:54:08,23100,104065,36010,239070,103.75,2026-10-06,23346.40
2026-09-21 08:55:07,23100,104065,36010,239070,103.75,2026-10-06,23346.40
2026-09-21 09:00:07,23100,104065,36010,239070,103.75,2026-10-06,23216.50
2026-09-21 09:12:07,23100,104065,98670,239070,103.75,2026-10-06,23330.20
2026-09-21 09:16:07,23100,98670,98670,8125,100.95,2026-10-06,23341.85
2026-09-21 09:21:06,23100,103870,98670,28405,95.70,2026-10-06,23384.75
2026-09-21 09:26:06,23100,104845,98670,32955,93.35,2026-10-06,23385.35
2026-09-21 09:31:07,23100,107510,98670,46410,88.65,2026-10-06,23401.90
2026-09-21 09:36:07,23100,107900,98670,50440,88.00,2026-10-06,23406.50
2026-09-21 09:41:07,23100,107900,98670,57265,92.95,2026-10-06,23387.30
2026-09-21 09:46:07,23100,109070,98670,61230,90.60,2026-10-06,23397.90
2026-09-21 09:51:06,23100,109525,98670,62855,88.75,2026-10-06,23402.35
2026-09-21 09:56:07,23100,110110,98670,63960,89.70,2026-10-06,23394.85
2026-09-21 10:01:06,23100,114140,98670,71955,89.70,2026-10-06,23391.90
2026-09-21 10:06:06,23100,114725,98670,77675,91.80,2026-10-06,23384.65
2026-09-21 10:11:07,23100,118495,98670,82160,91.70,2026-10-06,23387.95
2026-09-21 10:16:07,23100,119210,98670,84955,93.70,2026-10-06,23372.35
2026-09-21 10:21:07,23100,119340,98670,86840,93.50,2026-10-06,23373.25
2026-09-21 10:26:07,23100,118885,98670,88270,93.85,2026-10-06,23368.05
2026-09-21 10:31:06,23100,119145,98670,89700,92.65,2026-10-06,23368.85
2026-09-21 10:36:06,23100,121485,98670,92755,93.70,2026-10-06,23365.35
2026-09-21 10:41:06,23100,121550,98670,93145,94.15,2026-10-06,23367.00
2026-09-21 10:46:07,23100,115960,98670,120185,89.25,2026-10-06,23381.65
2026-09-21 10:51:07,23100,112905,98670,123955,90.90,2026-10-06,23380.10
2026-09-21 10:56:06,23100,114920,98670,128375,89.70,2026-10-06,23380.75
2026-09-21 11:01:07,23100,114920,98670,129805,88.80,2026-10-06,23386.85
2026-09-21 11:06:07,23100,115245,98670,130780,87.90,2026-10-06,23387.60
2026-09-21 11:11:07,23100,115115,98670,132405,85.85,2026-10-06,23395.90
2026-09-21 11:16:07,23100,117195,98670,137410,85.90,2026-10-06,23396.05
2026-09-21 11:21:06,23100,118560,98670,140400,87.05,2026-10-06,23393.30
2026-09-21 11:26:06,23100,118625,98670,141830,85.65,2026-10-06,23393.85
2026-09-21 11:31:06,23100,118690,98670,142220,86.00,2026-10-06,23400.40
2026-09-21 11:36:07,23100,118300,98670,144885,85.10,2026-10-06,23399.30
2026-09-21 11:41:06,23100,117845,98670,146900,85.95,2026-10-06,23399.45
2026-09-21 11:46:06,23100,119015,98670,151060,84.15,2026-10-06,23402.55
2026-09-21 11:51:07,23100,119080,98670,151775,84.00,2026-10-06,23400.10
2026-09-21 11:56:07,23100,118885,98670,154895,80.05,2026-10-06,23418.50
2026-09-21 12:01:07,23100,119470,98670,160355,79.25,2026-10-06,23430.95
2026-09-21 12:06:07,23100,119990,98670,162565,80.90,2026-10-06,23423.65
2026-09-21 12:11:08,23100,120380,98670,164840,81.45,2026-10-06,23418.05
2026-09-21 12:16:07,23100,120510,98670,165490,80.90,2026-10-06,23419.65
2026-09-21 12:21:07,23100,120510,98670,167830,80.75,2026-10-06,23417.80
2026-09-21 12:26:07,23100,119795,98670,169325,81.60,2026-10-06,23415.85
2026-09-21 12:31:08,23100,119925,98670,171015,79.60,2026-10-06,23422.40
2026-09-21 12:36:07,23100,119600,98670,171210,80.80,2026-10-06,23414.45
2026-09-21 12:41:07,23100,119275,98670,172575,81.40,2026-10-06,23412.15
2026-09-21 12:46:07,23100,119080,98670,175305,80.75,2026-10-06,23415.75
2026-09-21 12:51:07,23100,119145,98670,176150,81.60,2026-10-06,23413.00
2026-09-21 12:56:07,23100,119015,98670,178750,81.20,2026-10-06,23413.70
2026-09-21 13:01:07,23100,120770,98670,179270,82.20,2026-10-06,23412.00
2026-09-21 13:06:07,23100,119275,98670,181220,82.40,2026-10-06,23407.90
2026-09-21 13:11:07,23100,119275,98670,181610,83.60,2026-10-06,23403.30
2026-09-21 13:16:09,23100,119990,98670,184860,81.80,2026-10-06,23418.15
2026-09-21 13:21:08,23100,119600,98670,188045,77.95,2026-10-06,23423.65
2026-09-21 13:26:07,23100,119275,98670,191100,78.25,2026-10-06,23426.75
2026-09-21 13:31:07,23100,119275,98670,191750,77.20,2026-10-06,23427.00
2026-09-21 13:36:07,23100,118300,98670,196170,75.30,2026-10-06,23436.25
2026-09-21 13:41:08,23100,118755,98670,198120,76.30,2026-10-06,23430.05
2026-09-21 13:46:07,23100,114075,98670,206115,76.80,2026-10-06,23429.50
2026-09-21 13:51:07,23100,114400,98670,215150,74.95,2026-10-06,23437.30
2026-09-21 13:56:07,23100,122785,98670,225550,73.70,2026-10-06,23445.50
2026-09-21 14:01:06,23100,124085,98670,242970,70.55,2026-10-06,23463.55
2026-09-21 14:06:07,23100,124085,98670,250705,71.75,2026-10-06,23457.95
2026-09-21 14:11:08,23100,128570,98670,258505,72.10,2026-10-06,23452.05
2026-09-21 14:16:07,23100,128245,98670,263055,72.40,2026-10-06,23451.05
2026-09-21 14:21:07,23100,128570,98670,265655,70.00,2026-10-06,23461.20
2026-09-21 14:26:08,23100,129155,98670,266175,71.35,2026-10-06,23454.60
2026-09-21 14:31:07,23100,128700,98670,269100,72.75,2026-10-06,23446.85
2026-09-21 14:36:07,23100,128505,98670,271115,73.65,2026-10-06,23444.65
2026-09-21 14:40:08,23100,128310,98670,273520,73.20,2026-10-06,23448.15
2026-09-21 14:46:07,23100,128700,98670,278720,72.15,2026-10-06,23450.85
2026-09-21 14:51:08,23100,128440,98670,279370,72.05,2026-10-06,23450.80
2026-09-21 14:56:07,23100,128960,98670,284895,71.60,2026-10-06,23450.15
2026-09-21 15:01:07,23100,130000,98670,286845,72.00,2026-10-06,23447.20
2026-09-21 15:06:07,23100,131950,98670,291980,71.35,2026-10-06,23441.00
2026-09-21 15:11:07,23100,132405,98670,295490,72.00,2026-10-06,23437.70
2026-09-21 15:16:07,23100,138840,98670,309790,72.20,2026-10-06,23429.00
2026-09-21 15:21:07,23100,138060,98670,314470,72.25,2026-10-06,23429.00
2026-09-21 15:26:08,23100,121290,98670,345995,72.35,2026-10-06,23429.00
2026-09-21 15:31:07,23100,122655,98670,356525,72.95,2026-10-06,23414.30
2026-09-21 15:36:08,23100,123760,98670,360490,72.60,2026-10-06,23414.30
2026-09-21 15:41:07,23100,125970,98670,366405,71.90,2026-10-06,23414.30
2026-09-21 22:30:06,23100,125970,98670,366405,71.90,2026-10-06,23414.30
2026-09-21 22:35:07,23100,125970,98670,366405,71.90,2026-10-06,23414.30
2026-09-21 23:00:06,23100,125970,98670,366405,71.90,2026-10-06,23414.30
2026-09-21 23:05:07,23100,125970,98670,366405,71.90,2026-10-06,23414.30
2026-09-21 08:54:06,23200,9868885,8699015,221026780,35.00,2026-09-22,23346.40
2026-09-21 08:55:06,23200,9868885,8699015,221026780,35.00,2026-09-22,23346.40
2026-09-21 09:00:06,23200,9868885,8699015,221026780,35.00,2026-09-22,23197.15
2026-09-21 09:12:06,23200,9868885,9601865,221026780,35.00,2026-09-22,23330.20
2026-09-21 09:16:06,23200,9710090,9601865,3802370,29.30,2026-09-22,23342.95
2026-09-21 09:21:06,23200,12673310,9601865,13016640,22.05,2026-09-22,23384.85
2026-09-21 09:26:05,23200,13619840,9601865,17037475,22.05,2026-09-22,23386.00
2026-09-21 09:31:06,23200,14207245,9601865,21399430,19.50,2026-09-22,23402.20
2026-09-21 09:36:06,23200,14815190,9601865,25583480,18.70,2026-09-22,23406.40
2026-09-21 09:41:06,23200,15188095,9601865,28633280,21.35,2026-09-22,23386.00
2026-09-21 09:46:05,23200,15323880,9601865,31014490,19.35,2026-09-22,23398.70
2026-09-21 09:51:05,23200,15552095,9601865,34069490,18.35,2026-09-22,23401.95
2026-09-21 09:56:06,23200,15735590,9601865,36061090,19.05,2026-09-22,23395.40
2026-09-21 10:01:05,23200,15975440,9601865,38879295,19.40,2026-09-22,23392.20
2026-09-21 10:06:05,23200,15946320,9601865,42720990,21.40,2026-09-22,23384.90
2026-09-21 10:11:06,23200,15897700,9601865,46318285,20.10,2026-09-22,23387.85
2026-09-21 10:16:06,23200,15991885,9601865,50119030,22.15,2026-09-22,23371.85
2026-09-21 10:21:06,23200,16104140,9601865,52112710,21.95,2026-09-22,23371.90
2026-09-21 10:26:06,23200,16222115,9601865,54591290,22.30,2026-09-22,23366.40
2026-09-21 10:31:06,23200,16465215,9601865,57736380,21.65,2026-09-22,23368.60
2026-09-21 10:36:06,23200,16585855,9601865,59821775,22.15,2026-09-22,23365.70
2026-09-21 10:41:05,23200,16594435,9601865,62076040,22.65,2026-09-22,23367.35
2026-09-21 10:46:06,23200,16517085,9601865,65491660,19.00,2026-09-22,23381.95
2026-09-21 10:51:06,23200,16442985,9601865,67838420,19.55,2026-09-22,23379.70
2026-09-21 10:56:05,23200,16506230,9601865,70206305,19.45,2026-09-22,23380.50
2026-09-21 11:01:06,23200,16584555,9601865,71731010,19.20,2026-09-22,23385.15
2026-09-21 11:06:06,23200,16650140,9601865,73146255,18.50,2026-09-22,23386.50
2026-09-21 11:11:06,23200,16737370,9601865,75610340,16.95,2026-09-22,23394.65
2026-09-21 11:16:06,23200,16774225,9601865,77389910,17.30,2026-09-22,23395.80
2026-09-21 11:21:05,23200,16771690,9601865,79239550,17.90,2026-09-22,23392.30
2026-09-21 11:26:05,23200,16917680,9601865,80670395,17.35,2026-09-22,23393.30
2026-09-21 11:31:05,23200,16950960,9601865,82212130,16.30,2026-09-22,23400.10
2026-09-21 11:36:06,23200,17112550,9601865,85084025,16.20,2026-09-22,23399.10
2026-09-21 11:41:06,23200,17172675,9601865,86666190,17.00,2026-09-22,23398.65
2026-09-21 11:46:05,23200,17253990,9601865,88073245,16.05,2026-09-22,23403.25
2026-09-21 11:51:06,23200,17352790,9601865,89206260,16.50,2026-09-22,23399.85
2026-09-21 11:56:06,23200,17656925,9601865,93227485,14.30,2026-09-22,23417.40
2026-09-21 12:01:06,23200,17463225,9601865,96657470,14.15,2026-09-22,23429.85
2026-09-21 12:06:06,23200,17399265,9601865,98718165,14.80,2026-09-22,23423.05
2026-09-21 12:11:07,23200,17426045,9601865,99808670,14.80,2026-09-22,23417.70
2026-09-21 12:16:06,23200,17449315,9601865,101022740,14.45,2026-09-22,23418.55
2026-09-21 12:21:06,23200,17329780,9601865,102057995,14.55,2026-09-22,23417.20
2026-09-21 12:26:06,23200,17391075,9601865,103271285,14.60,2026-09-22,23415.75
2026-09-21 12:31:07,23200,17396470,9601865,104575510,14.10,2026-09-22,23421.65
2026-09-21 12:36:06,23200,17273165,9601865,105975155,14.75,2026-09-22,23414.40
2026-09-21 12:41:06,23200,17105855,9601865,107348410,14.90,2026-09-22,23411.55
2026-09-21 12:46:06,23200,17199585,9601865,109493735,13.95,2026-09-22,23414.90
2026-09-21 12:51:06,23200,16913455,9601865,110764030,14.65,2026-09-22,23412.40
2026-09-21 12:56:06,23200,16943550,9601865,111663110,14.05,2026-09-22,23414.80
2026-09-21 13:01:06,23200,16933930,9601865,112469110,14.60,2026-09-22,23411.95
2026-09-21 13:06:06,23200,16947580,9601865,114144030,14.90,2026-09-22,23407.60
2026-09-21 13:11:06,23200,16873350,9601865,116317695,15.35,2026-09-22,23402.90
2026-09-21 13:16:07,23200,16853980,9601865,119260635,13.25,2026-09-22,23417.70
2026-09-21 13:21:07,23200,16536910,9601865,123050915,12.45,2026-09-22,23424.00
2026-09-21 13:26:06,23200,16476200,9601865,125157760,12.45,2026-09-22,23426.85
2026-09-21 13:31:06,23200,16391310,9601865,127221770,12.55,2026-09-22,23426.85
2026-09-21 13:36:06,23200,16412435,9601865,129588615,11.95,2026-09-22,23435.55
2026-09-21 13:41:07,23200,16321760,9601865,131068470,12.50,2026-09-22,23429.95
2026-09-21 13:46:06,23200,16329690,9601865,132095860,12.30,2026-09-22,23428.85
2026-09-21 13:51:06,23200,16341650,9601865,133107650,11.65,2026-09-22,23437.55
2026-09-21 13:56:06,23200,16274895,9601865,134837170,11.40,2026-09-22,23444.45
2026-09-21 14:01:05,23200,15521155,9601865,140298665,11.40,2026-09-22,23463.55
2026-09-21 14:06:06,23200,15460055,9601865,143059800,11.50,2026-09-22,23457.85
2026-09-21 14:11:07,23200,15409030,9601865,145155075,11.65,2026-09-22,23451.70
2026-09-21 14:16:06,23200,15224885,9601865,147365335,11.50,2026-09-22,23450.90
2026-09-21 14:21:06,23200,15202525,9601865,148963230,11.05,2026-09-22,23461.20
2026-09-21 14:26:07,23200,15223520,9601865,149889025,11.35,2026-09-22,23453.90
2026-09-21 14:31:06,23200,14922375,9601865,151865285,11.85,2026-09-22,23445.85
2026-09-21 14:36:06,23200,14998555,9601865,153868845,11.90,2026-09-22,23444.00
2026-09-21 14:40:07,23200,14948830,9601865,155347530,10.95,2026-09-22,23448.05
2026-09-21 14:46:06,23200,15028650,9601865,157545635,10.95,2026-09-22,23450.55
2026-09-21 14:51:07,23200,14612390,9601865,160472130,10.90,2026-09-22,23450.75
2026-09-21 14:56:06,23200,14513655,9601865,162344780,10.90,2026-09-22,23449.75
2026-09-21 15:01:06,23200,14464385,9601865,164973835,11.50,2026-09-22,23448.10
2026-09-21 15:06:06,23200,14442610,9601865,167630190,11.70,2026-09-22,23440.25
2026-09-21 15:11:06,23200,14336400,9601865,170548950,12.10,2026-09-22,23437.10
2026-09-21 15:16:06,23200,13852475,9601865,174565235,11.80,2026-09-22,23429.00
2026-09-21 15:21:06,23200,13600600,9601865,177888685,11.30,2026-09-22,23429.00
2026-09-21 15:26:07,23200,13108680,9601865,180666850,11.95,2026-09-22,23429.00
2026-09-21 15:31:06,23200,12268360,9601865,184363400,12.35,2026-09-22,23414.30
2026-09-21 15:36:07,23200,11850215,9601865,188588985,12.00,2026-09-22,23414.30
2026-09-21 15:41:06,23200,11381435,9601865,193310585,12.70,2026-09-22,23414.30
2026-09-21 22:30:05,23200,11381435,9601865,193310585,12.70,2026-09-22,23414.30
2026-09-21 22:35:06,23200,11381435,9601865,193310585,12.70,2026-09-22,23414.30
2026-09-21 23:00:05,23200,11381435,9601865,193310585,12.70,2026-09-22,23414.30
2026-09-21 23:05:06,23200,11381435,9601865,193310585,12.70,2026-09-22,23414.30
2026-09-21 08:54:07,23200,3522675,3268265,5631730,96.65,2026-09-29,23346.40
2026-09-21 08:55:06,23200,3522675,3268265,5631730,96.65,2026-09-29,23346.40
2026-09-21 09:00:07,23200,3522675,3268265,5631730,96.65,2026-09-29,23197.80
2026-09-21 09:12:07,23200,3522675,3150420,5631730,96.65,2026-09-29,23330.20
2026-09-21 09:16:06,23200,3155165,3150420,139880,93.00,2026-09-29,23343.65
2026-09-21 09:21:06,23200,3184480,3150420,457600,82.30,2026-09-29,23385.35
2026-09-21 09:26:06,23200,3217305,3150420,674895,82.00,2026-09-29,23386.30
2026-09-21 09:31:06,23200,3364010,3150420,1043380,76.05,2026-09-29,23401.55
2026-09-21 09:36:06,23200,3374150,3150420,1189175,75.05,2026-09-29,23406.40
2026-09-21 09:41:06,23200,3375710,3150420,1286090,80.20,2026-09-29,23386.65
2026-09-21 09:46:06,23200,3373890,3150420,1393210,77.05,2026-09-29,23398.55
2026-09-21 09:51:06,23200,3386110,3150420,1486810,75.10,2026-09-29,23402.45
2026-09-21 09:56:06,23200,3398330,3150420,1546870,76.40,2026-09-29,23395.15
2026-09-21 10:01:06,23200,3417830,3150420,1662700,76.95,2026-09-29,23391.85
2026-09-21 10:06:06,23200,3420885,3150420,1758900,80.50,2026-09-29,23384.15
2026-09-21 10:11:07,23200,3449420,3150420,1830660,78.80,2026-09-29,23387.90
2026-09-21 10:16:07,23200,3456375,3150420,1901575,81.75,2026-09-29,23371.90
2026-09-21 10:21:06,23200,3462680,3150420,1945515,81.55,2026-09-29,23372.55
2026-09-21 10:26:06,23200,3470935,3150420,2005835,82.55,2026-09-29,23366.60
2026-09-21 10:31:06,23200,3495570,3150420,2094950,81.20,2026-09-29,23368.65
2026-09-21 10:36:06,23200,3501095,3150420,2137980,81.80,2026-09-29,23365.90
2026-09-21 10:41:06,23200,3500250,3150420,2175095,82.35,2026-09-29,23366.90
2026-09-21 10:46:06,23200,3502460,3150420,2281955,76.75,2026-09-29,23381.05
2026-09-21 10:51:06,23200,3498300,3150420,2331680,77.95,2026-09-29,23380.20
2026-09-21 10:56:06,23200,3496025,3150420,2368340,77.50,2026-09-29,23380.20
2026-09-21 11:01:07,23200,3503890,3150420,2397525,76.65,2026-09-29,23386.80
2026-09-21 11:06:07,23200,3510585,3150420,2449915,75.95,2026-09-29,23387.55
2026-09-21 11:11:07,23200,3486080,3150420,2526485,72.50,2026-09-29,23395.80
2026-09-21 11:16:06,23200,3480035,3150420,2586350,73.50,2026-09-29,23395.20
2026-09-21 11:21:06,23200,3477305,3150420,2616055,74.60,2026-09-29,23392.40
2026-09-21 11:26:06,23200,3471520,3150420,2636595,73.40,2026-09-29,23393.30
2026-09-21 11:31:06,23200,3474055,3150420,2660190,71.40,2026-09-29,23400.20
2026-09-21 11:36:07,23200,3473275,3150420,2760680,72.05,2026-09-29,23398.80
2026-09-21 11:41:06,23200,3482180,3150420,2799420,73.20,2026-09-29,23399.10
2026-09-21 11:46:06,23200,3487705,3150420,2845570,70.80,2026-09-29,23402.45
2026-09-21 11:51:06,23200,3492125,3150420,2892045,71.05,2026-09-29,23400.10
2026-09-21 11:56:06,23200,3415360,3150420,3164005,65.15,2026-09-29,23418.05
2026-09-21 12:01:06,23200,3415750,3150420,3386045,64.85,2026-09-29,23430.40
2026-09-21 12:06:07,23200,3384745,3150420,3542565,66.70,2026-09-29,23423.80
2026-09-21 12:11:07,23200,3386240,3150420,3609775,67.25,2026-09-29,23418.25
2026-09-21 12:16:06,23200,3372850,3150420,3663725,66.00,2026-09-29,23418.30
2026-09-21 12:21:06,23200,3368950,3150420,3704415,65.95,2026-09-29,23417.15
2026-09-21 12:26:06,23200,3361215,3150420,3752190,67.70,2026-09-29,23415.60
2026-09-21 12:31:07,23200,3363555,3150420,3774875,65.70,2026-09-29,23422.00
2026-09-21 12:36:06,23200,3364920,3150420,3796000,67.35,2026-09-29,23414.35
2026-09-21 12:41:07,23200,3368235,3150420,3831880,68.30,2026-09-29,23412.00
2026-09-21 12:46:07,23200,3370770,3150420,3878160,66.15,2026-09-29,23415.85
2026-09-21 12:51:07,23200,3402685,3150420,3941925,68.00,2026-09-29,23413.00
2026-09-21 12:56:07,23200,3383315,3150420,3997305,67.65,2026-09-29,23414.15
2026-09-21 13:01:07,23200,3390400,3150420,4020770,68.45,2026-09-29,23411.85
2026-09-21 13:06:07,23200,3403465,3150420,4065815,69.55,2026-09-29,23408.35
2026-09-21 13:11:07,23200,3399240,3150420,4111380,70.15,2026-09-29,23402.60
2026-09-21 13:16:08,23200,3400345,3150420,4167345,66.60,2026-09-29,23417.50
2026-09-21 13:21:07,23200,3405090,3150420,4233255,64.95,2026-09-29,23423.40
2026-09-21 13:26:06,23200,3397225,3150420,4286490,63.60,2026-09-29,23426.70
2026-09-21 13:31:07,23200,3393390,3150420,4343495,63.95,2026-09-29,23427.10
2026-09-21 13:36:07,23200,3380325,3150420,4426630,61.60,2026-09-29,23435.20
2026-09-21 13:41:07,23200,3389035,3150420,4492150,63.35,2026-09-29,23429.55
2026-09-21 13:46:06,23200,3401840,3150420,4534010,63.50,2026-09-29,23428.85
2026-09-21 13:51:06,23200,3404570,3150420,4574310,61.60,2026-09-29,23437.40
2026-09-21 13:56:07,23200,3398850,3150420,4695145,60.65,2026-09-29,23444.40
2026-09-21 14:01:06,23200,3409640,3150420,5025020,56.90,2026-09-29,23463.50
2026-09-21 14:06:06,23200,3420235,3150420,5239780,58.15,2026-09-29,23457.70
2026-09-21 14:11:07,23200,3440320,3150420,5336630,58.55,2026-09-29,23452.00
2026-09-21 14:16:07,23200,3456115,3150420,5408195,58.65,2026-09-29,23451.20
2026-09-21 14:21:07,23200,3455530,3150420,5462535,55.95,2026-09-29,23461.25
2026-09-21 14:26:07,23200,3461315,3150420,5492565,57.80,2026-09-29,23453.70
2026-09-21 14:31:07,23200,3445845,3150420,5601310,59.00,2026-09-29,23446.50
2026-09-21 14:36:07,23200,3437070,3150420,5654545,59.70,2026-09-29,23444.25
2026-09-21 14:40:07,23200,3425695,3150420,5700175,58.65,2026-09-29,23448.00
2026-09-21 14:46:07,23200,3429465,3150420,5739110,58.70,2026-09-29,23450.35
2026-09-21 14:51:07,23200,3422575,3150420,5810285,58.80,2026-09-29,23451.45
2026-09-21 14:56:06,23200,3424070,3150420,5857930,58.55,2026-09-29,23450.05
2026-09-21 15:01:06,23200,3398265,3150420,5937100,58.05,2026-09-29,23447.05
2026-09-21 15:06:07,23200,3385135,3150420,6038890,58.45,2026-09-29,23441.00
2026-09-21 15:11:06,23200,3397420,3150420,6108895,59.45,2026-09-29,23437.55
2026-09-21 15:16:07,23200,3417700,3150420,6230965,59.60,2026-09-29,23429.00
2026-09-21 15:21:07,23200,3414060,3150420,6311760,59.60,2026-09-29,23429.00
2026-09-21 15:26:07,23200,3406975,3150420,6404255,59.80,2026-09-29,23429.00
2026-09-21 15:31:07,23200,3393325,3150420,6520800,60.40,2026-09-29,23414.30
2026-09-21 15:36:07,23200,3449225,3150420,6669585,59.50,2026-09-29,23414.30
2026-09-21 15:41:06,23200,3450915,3150420,6848660,60.15,2026-09-29,23414.30
2026-09-21 22:30:06,23200,3450915,3150420,6848660,60.15,2026-09-29,23414.30
2026-09-21 22:35:07,23200,3450915,3150420,6848660,60.15,2026-09-29,23414.30
2026-09-21 23:00:05,23200,3450915,3150420,6848660,60.15,2026-09-29,23414.30
2026-09-21 23:05:07,23200,3450915,3150420,6848660,60.15,2026-09-29,23414.30
2026-09-21 08:54:08,23200,132470,116935,194350,133.15,2026-10-06,23346.40
2026-09-21 08:55:07,23200,132470,116935,194350,133.15,2026-10-06,23346.40
2026-09-21 09:00:07,23200,132470,116935,194350,133.15,2026-10-06,23216.50
2026-09-21 09:12:07,23200,132470,128765,194350,133.15,2026-10-06,23330.20
2026-09-21 09:16:07,23200,128765,128765,7540,129.90,2026-10-06,23341.85
2026-09-21 09:21:06,23200,131690,128765,24765,121.50,2026-10-06,23384.75
2026-09-21 09:26:06,23200,132210,128765,30745,119.65,2026-10-06,23385.35
2026-09-21 09:31:07,23200,140205,128765,44135,114.00,2026-10-06,23401.90
2026-09-21 09:36:07,23200,143910,128765,52715,112.65,2026-10-06,23406.50
2026-09-21 09:41:07,23200,145730,128765,58825,118.50,2026-10-06,23387.30
2026-09-21 09:46:07,23200,146575,128765,61815,116.40,2026-10-06,23397.90
2026-09-21 09:51:06,23200,147355,128765,66365,113.85,2026-10-06,23402.35
2026-09-21 09:56:07,23200,147940,128765,69810,115.35,2026-10-06,23394.85
2026-09-21 10:01:06,23200,148265,128765,72865,115.60,2026-10-06,23391.90
2026-09-21 10:06:06,23200,148785,128765,82615,118.80,2026-10-06,23384.65
2026-09-21 10:11:07,23200,150930,128765,88075,117.95,2026-10-06,23387.95
2026-09-21 10:16:07,23200,150865,128765,92105,120.00,2026-10-06,23372.35
2026-09-21 10:21:07,23200,150410,128765,93730,119.90,2026-10-06,23373.25
2026-09-21 10:26:07,23200,150930,128765,99580,120.55,2026-10-06,23368.05
2026-09-21 10:31:06,23200,153140,128765,106665,119.80,2026-10-06,23368.85
2026-09-21 10:36:06,23200,153335,128765,108680,120.60,2026-10-06,23365.35
2026-09-21 10:41:06,23200,151840,128765,127660,121.50,2026-10-06,23367.00
2026-09-21 10:46:07,23200,153140,128765,131820,116.55,2026-10-06,23381.65
2026-09-21 10:51:07,23200,151580,128765,139555,116.50,2026-10-06,23380.10
2026-09-21 10:56:06,23200,151970,128765,143520,116.40,2026-10-06,23380.75
2026-09-21 11:01:07,23200,153140,128765,145730,114.95,2026-10-06,23386.85
2026-09-21 11:06:07,23200,153140,128765,147225,113.60,2026-10-06,23387.60
2026-09-21 11:11:07,23200,153920,128765,149435,111.00,2026-10-06,23395.90
2026-09-21 11:16:07,23200,155220,128765,151905,110.50,2026-10-06,23396.05
2026-09-21 11:21:06,23200,155220,128765,154895,112.55,2026-10-06,23393.30
2026-09-21 11:26:06,23200,155805,128765,157560,111.10,2026-10-06,23393.85
2026-09-21 11:31:06,23200,156130,128765,159055,109.55,2026-10-06,23400.40
2026-09-21 11:36:07,23200,155870,128765,162695,109.85,2026-10-06,23399.30
2026-09-21 11:41:06,23200,156065,128765,164775,110.75,2026-10-06,23399.45
2026-09-21 11:46:06,23200,157820,128765,168740,108.50,2026-10-06,23402.55
2026-09-21 11:51:07,23200,158080,128765,171015,109.20,2026-10-06,23400.10
2026-09-21 11:56:07,23200,161785,128765,177970,102.85,2026-10-06,23418.50
2026-09-21 12:01:07,23200,162760,128765,192270,102.15,2026-10-06,23430.95
2026-09-21 12:06:07,23200,161850,128765,205010,104.40,2026-10-06,23423.65
2026-09-21 12:11:08,23200,156650,128765,219245,104.65,2026-10-06,23418.05
2026-09-21 12:16:07,23200,151385,128765,229515,104.50,2026-10-06,23419.65
2026-09-21 12:21:07,23200,152490,128765,231270,104.35,2026-10-06,23417.80
2026-09-21 12:26:07,23200,153205,128765,234000,105.50,2026-10-06,23415.85
2026-09-21 12:31:08,23200,154115,128765,235820,103.35,2026-10-06,23422.40
2026-09-21 12:36:07,23200,154050,128765,236405,105.00,2026-10-06,23414.45
2026-09-21 12:41:07,23200,153790,128765,237315,105.60,2026-10-06,23412.15
2026-09-21 12:46:07,23200,153400,128765,238875,104.65,2026-10-06,23415.75
2026-09-21 12:51:07,23200,153400,128765,240370,105.60,2026-10-06,23413.00
2026-09-21 12:56:07,23200,153855,128765,242060,105.50,2026-10-06,23413.70
2026-09-21 13:01:07,23200,153920,128765,242320,105.30,2026-10-06,23412.00
2026-09-21 13:06:07,23200,154440,128765,245635,106.70,2026-10-06,23407.90
2026-09-21 13:11:07,23200,155025,128765,248040,108.45,2026-10-06,23403.30
2026-09-21 13:16:09,23200,154960,128765,251485,104.60,2026-10-06,23418.15
2026-09-21 13:21:08,23200,154635,128765,262600,102.20,2026-10-06,23423.65
2026-09-21 13:26:07,23200,155090,128765,269880,102.25,2026-10-06,23426.75
2026-09-21 13:31:07,23200,155480,128765,272415,100.50,2026-10-06,23427.00
2026-09-21 13:36:07,23200,158080,128765,277875,98.30,2026-10-06,23436.25
2026-09-21 13:41:08,23200,162370,128765,283855,99.35,2026-10-06,23430.05
2026-09-21 13:46:07,23200,165100,128765,291265,99.60,2026-10-06,23429.50
2026-09-21 13:51:07,23200,164515,128765,293280,98.00,2026-10-06,23437.30
2026-09-21 13:56:07,23200,165490,128765,300105,96.20,2026-10-06,23445.50
2026-09-21 14:01:06,23200,169780,128765,317070,91.20,2026-10-06,23463.55
2026-09-21 14:06:07,23200,170040,128765,330265,93.20,2026-10-06,23457.95
2026-09-21 14:11:08,23200,173680,128765,333645,94.00,2026-10-06,23452.05
2026-09-21 14:16:07,23200,172705,128765,338065,94.25,2026-10-06,23451.05
2026-09-21 14:21:07,23200,172965,128765,342550,91.10,2026-10-06,23461.20
2026-09-21 14:26:08,23200,172835,128765,344695,93.35,2026-10-06,23454.60
2026-09-21 14:31:07,23200,172835,128765,347555,95.15,2026-10-06,23446.85
2026-09-21 14:36:07,23200,170625,128765,360295,96.00,2026-10-06,23444.65
2026-09-21 14:40:08,23200,177645,128765,365625,94.70,2026-10-06,23448.15
2026-09-21 14:46:07,23200,179790,128765,370890,93.65,2026-10-06,23450.85
2026-09-21 14:51:08,23200,184925,128765,377910,93.95,2026-10-06,23450.80
2026-09-21 14:56:07,23200,185445,128765,379990,93.20,2026-10-06,23450.15
2026-09-21 15:01:07,23200,179790,128765,391625,93.00,2026-10-06,23447.20
2026-09-21 15:06:07,23200,179140,128765,394615,92.90,2026-10-06,23441.00
2026-09-21 15:11:07,23200,178685,128765,398255,93.50,2026-10-06,23437.70
2026-09-21 15:16:07,23200,178815,128765,403715,93.45,2026-10-06,23429.00
2026-09-21 15:21:07,23200,178230,128765,411450,93.75,2026-10-06,23429.00
2026-09-21 15:26:08,23200,178490,128765,419120,93.80,2026-10-06,23429.00
2026-09-21 15:31:07,23200,178360,128765,430040,95.35,2026-10-06,23414.30
2026-09-21 15:36:08,23200,176995,128765,435175,94.15,2026-10-06,23414.30
2026-09-21 15:41:07,23200,177905,128765,445835,94.00,2026-10-06,23414.30
2026-09-21 22:30:06,23200,177905,128765,445835,94.00,2026-10-06,23414.30
2026-09-21 22:35:07,23200,177905,128765,445835,94.00,2026-10-06,23414.30
2026-09-21 23:00:06,23200,177905,128765,445835,94.00,2026-10-06,23414.30
2026-09-21 23:05:07,23200,177905,128765,445835,94.00,2026-10-06,23414.30
2026-09-21 08:54:06,23300,13081250,6793020,460814445,64.45,2026-09-22,23346.40
2026-09-21 08:55:06,23300,13081250,6793020,460814445,64.45,2026-09-22,23346.40
2026-09-21 09:00:06,23300,13081250,6793020,460814445,64.45,2026-09-22,23197.15
2026-09-21 09:12:06,23300,13081250,12686570,460814445,64.45,2026-09-22,23330.20
2026-09-21 09:16:06,23300,13069810,12686570,6861205,56.00,2026-09-22,23342.95
2026-09-21 09:21:06,23300,18481905,12686570,23330320,43.50,2026-09-22,23384.85
2026-09-21 09:26:05,23300,19631040,12686570,30402515,43.90,2026-09-22,23386.00
2026-09-21 09:31:06,23300,20984405,12686570,39021515,38.55,2026-09-22,23402.20
2026-09-21 09:36:06,23300,22243130,12686570,45756685,37.30,2026-09-22,23406.40
2026-09-21 09:41:06,23300,22680580,12686570,52682955,42.55,2026-09-22,23386.00
2026-09-21 09:46:05,23300,22921145,12686570,57339100,38.80,2026-09-22,23398.70
2026-09-21 09:51:05,23300,23354110,12686570,64952485,36.70,2026-09-22,23401.95
2026-09-21 09:56:06,23300,23573420,12686570,69120350,38.45,2026-09-22,23395.40
2026-09-21 10:01:05,23300,23723700,12686570,74696050,39.10,2026-09-22,23392.20
2026-09-21 10:06:05,23300,23599615,12686570,81856125,42.85,2026-09-22,23384.90
2026-09-21 10:11:06,23300,23332075,12686570,88260900,40.80,2026-09-22,23387.85
2026-09-21 10:16:06,23300,23688470,12686570,96969340,45.00,2026-09-22,23371.85
2026-09-21 10:21:06,23300,23861825,12686570,101879440,44.40,2026-09-22,23371.90
2026-09-21 10:26:06,23300,23628605,12686570,107217305,45.25,2026-09-22,23366.40
2026-09-21 10:31:06,23300,23238930,12686570,113799985,43.95,2026-09-22,23368.60
2026-09-21 10:36:06,23300,23194210,12686570,118508000,45.20,2026-09-22,23365.70
2026-09-21 10:41:05,23300,23276630,12686570,122503680,46.00,2026-09-22,23367.35
2026-09-21 10:46:06,23300,22978930,12686570,128994970,39.35,2026-09-22,23381.95
2026-09-21 10:51:06,23300,23009675,12686570,133671720,40.15,2026-09-22,23379.70
2026-09-21 10:56:05,23300,22996805,12686570,137922525,39.90,2026-09-22,23380.50
2026-09-21 11:01:06,23300,23378095,12686570,140599225,39.45,2026-09-22,23385.15
2026-09-21 11:06:06,23300,23576800,12686570,143135850,38.20,2026-09-22,23386.50
2026-09-21 11:11:06,23300,24051105,12686570,147599530,35.10,2026-09-22,23394.65
2026-09-21 11:16:06,23300,24481470,12686570,152033310,35.75,2026-09-22,23395.80
2026-09-21 11:21:05,23300,24939980,12686570,156599170,36.80,2026-09-22,23392.30
2026-09-21 11:26:05,23300,25133485,12686570,159549975,36.00,2026-09-22,23393.30
2026-09-21 11:31:05,23300,25209600,12686570,163128225,33.80,2026-09-22,23400.10
2026-09-21 11:36:06,23300,25390170,12686570,168935390,33.85,2026-09-22,23399.10
2026-09-21 11:41:06,23300,25617865,12686570,172243500,35.60,2026-09-22,23398.65
2026-09-21 11:46:05,23300,25679745,12686570,175519825,33.60,2026-09-22,23403.25
2026-09-21 11:51:06,23300,25796030,12686570,178309625,34.30,2026-09-22,23399.85
2026-09-21 11:56:06,23300,25718355,12686570,185007355,29.55,2026-09-22,23417.40
2026-09-21 12:01:06,23300,25517375,12686570,190845135,28.75,2026-09-22,23429.85
2026-09-21 12:06:06,23300,25909195,12686570,193912745,30.25,2026-09-22,23423.05
2026-09-21 12:11:07,23300,25917645,12686570,197039505,30.60,2026-09-22,23417.70
2026-09-21 12:16:06,23300,25916540,12686570,198983850,29.85,2026-09-22,23418.55
2026-09-21 12:21:06,23300,25915110,12686570,200640830,29.70,2026-09-22,23417.20
2026-09-21 12:26:06,23300,26104585,12686570,203014240,30.10,2026-09-22,23415.75
2026-09-21 12:31:07,23300,26140400,12686570,205224630,28.90,2026-09-22,23421.65
2026-09-21 12:36:06,23300,26011960,12686570,207282855,29.95,2026-09-22,23414.40
2026-09-21 12:41:06,23300,26033215,12686570,208898495,30.95,2026-09-22,23411.55
2026-09-21 12:46:06,23300,26130390,12686570,211989180,29.10,2026-09-22,23414.90
2026-09-21 12:51:06,23300,26186615,12686570,213670990,30.70,2026-09-22,23412.40
2026-09-21 12:56:06,23300,26180635,12686570,215327255,29.55,2026-09-22,23414.80
2026-09-21 13:01:06,23300,26163215,12686570,217154210,30.50,2026-09-22,23411.95
2026-09-21 13:06:06,23300,26015925,12686570,221025610,31.35,2026-09-22,23407.60
2026-09-21 13:11:06,23300,25934675,12686570,224863600,32.40,2026-09-22,23402.90
2026-09-21 13:16:07,23300,25561965,12686570,229381425,28.30,2026-09-22,23417.70
2026-09-21 13:21:07,23300,25503725,12686570,235264250,26.90,2026-09-22,23424.00
2026-09-21 13:26:06,23300,25627420,12686570,238681820,26.20,2026-09-22,23426.85
2026-09-21 13:31:06,23300,25678965,12686570,241855705,26.20,2026-09-22,23426.85
2026-09-21 13:36:06,23300,25719590,12686570,246050935,24.40,2026-09-22,23435.55
2026-09-21 13:41:07,23300,25849330,12686570,248456390,25.75,2026-09-22,23429.95
2026-09-21 13:46:06,23300,25880595,12686570,250710395,25.55,2026-09-22,23428.85
2026-09-21 13:51:06,23300,25690730,12686570,252776615,24.10,2026-09-22,23437.55
2026-09-21 13:56:06,23300,25614550,12686570,256847825,23.30,2026-09-22,23444.45
2026-09-21 14:01:05,23300,24802115,12686570,267139600,21.55,2026-09-22,23463.55
2026-09-21 14:06:06,23300,25032020,12686570,271269050,22.05,2026-09-22,23457.85
2026-09-21 14:11:07,23300,25460695,12686570,274260805,22.25,2026-09-22,23451.70
2026-09-21 14:16:06,23300,25252370,12686570,276902340,22.10,2026-09-22,23450.90
2026-09-21 14:21:06,23300,25075895,12686570,279578325,20.80,2026-09-22,23461.20
2026-09-21 14:26:07,23300,25111190,12686570,281203585,21.80,2026-09-22,23453.90
2026-09-21 14:31:06,23300,24926590,12686570,284453910,22.60,2026-09-22,23445.85
2026-09-21 14:36:06,23300,24921390,12686570,286999245,22.95,2026-09-22,23444.00
2026-09-21 14:40:07,23300,24705850,12686570,289651570,21.15,2026-09-22,23448.05
2026-09-21 14:46:06,23300,24581310,12686570,291998655,21.30,2026-09-22,23450.55
2026-09-21 14:51:07,23300,24388390,12686570,294318375,21.45,2026-09-22,23450.75
2026-09-21 14:56:06,23300,24183445,12686570,296480405,21.60,2026-09-22,23449.75
2026-09-21 15:01:06,23300,24013730,12686570,300326260,22.50,2026-09-22,23448.10
2026-09-21 15:06:06,23300,23635170,12686570,303822025,23.00,2026-09-22,23440.25
2026-09-21 15:11:06,23300,22722960,12686570,308732450,24.10,2026-09-22,23437.10
2026-09-21 15:16:06,23300,21598395,12686570,315842995,22.75,2026-09-22,23429.00
2026-09-21 15:21:06,23300,20993115,12686570,321124895,22.15,2026-09-22,23429.00
2026-09-21 15:26:07,23300,19910345,12686570,325690950,23.05,2026-09-22,23429.00
2026-09-21 15:31:06,23300,18385185,12686570,331605105,23.30,2026-09-22,23414.30
2026-09-21 15:36:07,23300,17227080,12686570,336938875,22.05,2026-09-22,23414.30
2026-09-21 15:41:06,23300,16054805,12686570,341001765,21.95,2026-09-22,23414.30
2026-09-21 22:30:05,23300,16054805,12686570,341001765,21.95,2026-09-22,23414.30
2026-09-21 22:35:06,23300,16054805,12686570,341001765,21.95,2026-09-22,23414.30
2026-09-21 23:00:05,23300,16054805,12686570,341001765,21.95,2026-09-22,23414.30
2026-09-21 23:05:06,23300,16054805,12686570,341001765,21.95,2026-09-22,23414.30
2026-09-21 08:54:07,23300,5433805,4247295,11962990,130.45,2026-09-29,23346.40
2026-09-21 08:55:06,23300,5433805,4247295,11962990,130.45,2026-09-29,23346.40
2026-09-21 09:00:07,23300,5433805,4247295,11962990,130.45,2026-09-29,23197.80
2026-09-21 09:12:07,23300,5433805,5337020,11962990,130.45,2026-09-29,23330.20
2026-09-21 09:16:06,23300,5356585,5337020,421850,128.15,2026-09-29,23343.65
2026-09-21 09:21:06,23300,5606900,5337020,1092975,114.20,2026-09-29,23385.35
2026-09-21 09:26:06,23300,5665400,5337020,1396915,113.05,2026-09-29,23386.30
2026-09-21 09:31:06,23300,5644145,5337020,1755325,105.85,2026-09-29,23401.55
2026-09-21 09:36:06,23300,5605275,5337020,2036905,105.00,2026-09-29,23406.40
2026-09-21 09:41:06,23300,5668780,5337020,2204865,112.00,2026-09-29,23386.65
2026-09-21 09:46:06,23300,5728385,5337020,2439190,107.90,2026-09-29,23398.55
2026-09-21 09:51:06,23300,5741190,5337020,2552745,105.80,2026-09-29,23402.45
2026-09-21 09:56:06,23300,5766735,5337020,2681835,107.30,2026-09-29,23395.15
2026-09-21 10:01:06,23300,5799235,5337020,2821130,108.25,2026-09-29,23391.85
2026-09-21 10:06:06,23300,5784090,5337020,3005730,112.35,2026-09-29,23384.15
2026-09-21 10:11:07,23300,5761275,5337020,3178110,110.25,2026-09-29,23387.90
2026-09-21 10:16:07,23300,5742945,5337020,3321435,114.00,2026-09-29,23371.90
2026-09-21 10:21:06,23300,5741970,5337020,3400150,113.80,2026-09-29,23372.55
2026-09-21 10:26:06,23300,5738070,5337020,3583840,115.90,2026-09-29,23366.60
2026-09-21 10:31:06,23300,5692180,5337020,3694470,113.75,2026-09-29,23368.65
2026-09-21 10:36:06,23300,5692375,5337020,3793920,114.05,2026-09-29,23365.90
2026-09-21 10:41:06,23300,5690620,5337020,3868215,115.10,2026-09-29,23366.90
2026-09-21 10:46:06,23300,5696925,5337020,3937570,107.45,2026-09-29,23381.05
2026-09-21 10:51:06,23300,5710510,5337020,4035395,109.00,2026-09-29,23380.20
2026-09-21 10:56:06,23300,5716230,5337020,4099810,109.05,2026-09-29,23380.20
2026-09-21 11:01:07,23300,5719480,5337020,4157270,107.60,2026-09-29,23386.80
2026-09-21 11:06:07,23300,5728710,5337020,4223115,106.15,2026-09-29,23387.55
2026-09-21 11:11:07,23300,5731310,5337020,4343495,102.10,2026-09-29,23395.80
2026-09-21 11:16:06,23300,5746130,5337020,4432935,103.40,2026-09-29,23395.20
2026-09-21 11:21:06,23300,5749185,5337020,4524130,104.75,2026-09-29,23392.40
2026-09-21 11:26:06,23300,5749705,5337020,4612595,103.35,2026-09-29,23393.30
2026-09-21 11:31:06,23300,5731830,5337020,4741360,100.50,2026-09-29,23400.20
2026-09-21 11:36:07,23300,5732220,5337020,4885660,101.55,2026-09-29,23398.80
2026-09-21 11:41:06,23300,5726890,5337020,4928690,103.05,2026-09-29,23399.10
2026-09-21 11:46:06,23300,5714345,5337020,5026775,100.00,2026-09-29,23402.45
2026-09-21 11:51:06,23300,5699200,5337020,5112640,100.40,2026-09-29,23400.10
2026-09-21 11:56:06,23300,5667415,5337020,5378165,92.80,2026-09-29,23418.05
2026-09-21 12:01:06,23300,5683600,5337020,5602675,92.30,2026-09-29,23430.40
2026-09-21 12:06:07,23300,5692635,5337020,5787405,94.00,2026-09-29,23423.80
2026-09-21 12:11:07,23300,5656755,5337020,5928130,95.05,2026-09-29,23418.25
2026-09-21 12:16:06,23300,5646875,5337020,6005935,93.45,2026-09-29,23418.30
2026-09-21 12:21:06,23300,5642130,5337020,6094790,93.55,2026-09-29,23417.15
2026-09-21 12:26:06,23300,5639660,5337020,6182865,94.90,2026-09-29,23415.60
2026-09-21 12:31:07,23300,5636020,5337020,6215625,93.30,2026-09-29,23422.00
2026-09-21 12:36:06,23300,5642715,5337020,6351995,95.20,2026-09-29,23414.35
2026-09-21 12:41:07,23300,5658965,5337020,6442410,96.40,2026-09-29,23412.00
2026-09-21 12:46:07,23300,5693285,5337020,6558370,94.00,2026-09-29,23415.85
2026-09-21 12:51:07,23300,5693610,5337020,6592040,96.35,2026-09-29,23413.00
2026-09-21 12:56:07,23300,5710900,5337020,6668155,95.45,2026-09-29,23414.15
2026-09-21 13:01:07,23300,5718830,5337020,6715410,96.75,2026-09-29,23411.85
2026-09-21 13:06:07,23300,5726695,5337020,6777030,97.80,2026-09-29,23408.35
2026-09-21 13:11:07,23300,5739240,5337020,6894030,99.05,2026-09-29,23402.60
2026-09-21 13:16:08,23300,5738785,5337020,7020000,94.40,2026-09-29,23417.50
2026-09-21 13:21:07,23300,5751330,5337020,7121075,91.80,2026-09-29,23423.40
2026-09-21 13:26:06,23300,5775120,5337020,7242820,90.55,2026-09-29,23426.70
2026-09-21 13:31:07,23300,5783050,5337020,7423065,90.80,2026-09-29,23427.10
2026-09-21 13:36:07,23300,5753865,5337020,7575295,87.50,2026-09-29,23435.20
2026-09-21 13:41:07,23300,5731245,5337020,7658755,89.95,2026-09-29,23429.55
2026-09-21 13:46:06,23300,5740280,5337020,7752745,90.15,2026-09-29,23428.85
2026-09-21 13:51:06,23300,5733650,5337020,7828990,87.90,2026-09-29,23437.40
2026-09-21 13:56:07,23300,5676060,5337020,8039915,86.20,2026-09-29,23444.40
2026-09-21 14:01:06,23300,5671445,5337020,8419450,80.50,2026-09-29,23463.50
2026-09-21 14:06:06,23300,5725070,5337020,8620430,82.80,2026-09-29,23457.70
2026-09-21 14:11:07,23300,5699980,5337020,8785335,83.50,2026-09-29,23452.00
2026-09-21 14:16:07,23300,5693870,5337020,8892975,83.50,2026-09-29,23451.20
2026-09-21 14:21:07,23300,5696470,5337020,8991645,80.45,2026-09-29,23461.25
2026-09-21 14:26:07,23300,5697380,5337020,9058010,82.50,2026-09-29,23453.70
2026-09-21 14:31:07,23300,5694845,5337020,9170980,84.00,2026-09-29,23446.50
2026-09-21 14:36:07,23300,5673460,5337020,9254635,85.15,2026-09-29,23444.25
2026-09-21 14:40:07,23300,5648955,5337020,9333610,83.70,2026-09-29,23448.00
2026-09-21 14:46:07,23300,5634200,5337020,9432865,83.55,2026-09-29,23450.35
2026-09-21 14:51:07,23300,5611125,5337020,9542975,83.85,2026-09-29,23451.45
2026-09-21 14:56:06,23300,5591300,5337020,9608820,83.55,2026-09-29,23450.05
2026-09-21 15:01:06,23300,5571735,5337020,9723090,83.45,2026-09-29,23447.05
2026-09-21 15:06:07,23300,5554965,5337020,9845420,83.90,2026-09-29,23441.00
2026-09-21 15:11:06,23300,5539300,5337020,9969310,84.65,2026-09-29,23437.55
2026-09-21 15:16:07,23300,5506670,5337020,10163985,84.75,2026-09-29,23429.00
2026-09-21 15:21:07,23300,5516680,5337020,10398570,84.80,2026-09-29,23429.00
2026-09-21 15:26:07,23300,5529095,5337020,10598445,85.20,2026-09-29,23429.00
2026-09-21 15:31:07,23300,5542875,5337020,10822955,85.90,2026-09-29,23414.30
2026-09-21 15:36:07,23300,5583045,5337020,11088545,84.45,2026-09-29,23414.30
2026-09-21 15:41:06,23300,5608590,5337020,11242075,84.15,2026-09-29,23414.30
2026-09-21 22:30:06,23300,5608590,5337020,11242075,84.15,2026-09-29,23414.30
2026-09-21 22:35:07,23300,5608590,5337020,11242075,84.15,2026-09-29,23414.30
2026-09-21 23:00:05,23300,5608590,5337020,11242075,84.15,2026-09-29,23414.30
2026-09-21 23:05:07,23300,5608590,5337020,11242075,84.15,2026-09-29,23414.30
2026-09-21 08:54:08,23300,226395,167115,559000,166.50,2026-10-06,23346.40
2026-09-21 08:55:07,23300,226395,167115,559000,166.50,2026-10-06,23346.40
2026-09-21 09:00:07,23300,226395,167115,559000,166.50,2026-10-06,23216.50
2026-09-21 09:12:07,23300,226395,225940,559000,166.50,2026-10-06,23330.20
2026-09-21 09:16:07,23300,225810,225940,7410,164.30,2026-10-06,23341.85
2026-09-21 09:21:06,23300,235495,225940,29445,154.65,2026-10-06,23384.75
2026-09-21 09:26:06,23300,235690,225940,35945,153.30,2026-10-06,23385.35
2026-09-21 09:31:07,23300,236665,225940,43095,145.50,2026-10-06,23401.90
2026-09-21 09:36:07,23300,237445,225940,54145,144.15,2026-10-06,23406.50
2026-09-21 09:41:07,23300,239005,225940,57720,151.05,2026-10-06,23387.30
2026-09-21 09:46:07,23300,239395,225940,63180,148.60,2026-10-06,23397.90
2026-09-21 09:51:06,23300,241540,225940,67080,146.25,2026-10-06,23402.35
2026-09-21 09:56:07,23300,242125,225940,68315,147.70,2026-10-06,23394.85
2026-09-21 10:01:06,23300,242775,225940,71760,148.00,2026-10-06,23391.90
2026-09-21 10:06:06,23300,257270,225940,93600,153.55,2026-10-06,23384.65
2026-09-21 10:11:07,23300,253890,225940,97175,150.90,2026-10-06,23387.95
2026-09-21 10:16:07,23300,243100,225940,118885,154.00,2026-10-06,23372.35
2026-09-21 10:21:07,23300,243620,225940,120900,153.75,2026-10-06,23373.25
2026-09-21 10:26:07,23300,245635,225940,135525,155.75,2026-10-06,23368.05
2026-09-21 10:31:06,23300,248625,225940,166270,152.95,2026-10-06,23368.85
2026-09-21 10:36:06,23300,249600,225940,173875,153.90,2026-10-06,23365.35
2026-09-21 10:41:06,23300,251615,225940,177450,155.00,2026-10-06,23367.00
2026-09-21 10:46:07,23300,252655,225940,184405,147.90,2026-10-06,23381.65
2026-09-21 10:51:07,23300,252135,225940,186940,149.00,2026-10-06,23380.10
2026-09-21 10:56:06,23300,251225,225940,191815,149.30,2026-10-06,23380.75
2026-09-21 11:01:07,23300,252590,225940,195845,147.00,2026-10-06,23386.85
2026-09-21 11:06:07,23300,253890,225940,200915,145.80,2026-10-06,23387.60
2026-09-21 11:11:07,23300,253890,225940,202800,143.00,2026-10-06,23395.90
2026-09-21 11:16:07,23300,253240,225940,206570,142.65,2026-10-06,23396.05
2026-09-21 11:21:06,23300,261950,225940,228215,145.15,2026-10-06,23393.30
2026-09-21 11:26:06,23300,255060,225940,231140,142.50,2026-10-06,23393.85
2026-09-21 11:31:06,23300,254865,225940,232180,141.00,2026-10-06,23400.40
2026-09-21 11:36:07,23300,254670,225940,234780,141.55,2026-10-06,23399.30
2026-09-21 11:41:06,23300,255320,225940,237575,142.50,2026-10-06,23399.45
2026-09-21 11:46:06,23300,257140,225940,240955,140.20,2026-10-06,23402.55
2026-09-21 11:51:07,23300,257465,225940,242580,140.45,2026-10-06,23400.10
2026-09-21 11:56:07,23300,257010,225940,252265,132.65,2026-10-06,23418.50
2026-09-21 12:01:07,23300,258245,225940,262080,131.80,2026-10-06,23430.95
2026-09-21 12:06:07,23300,258765,225940,265265,134.00,2026-10-06,23423.65
2026-09-21 12:11:08,23300,259415,225940,269555,134.70,2026-10-06,23418.05
2026-09-21 12:16:07,23300,259740,225940,272545,134.70,2026-10-06,23419.65
2026-09-21 12:21:07,23300,260260,225940,273845,133.45,2026-10-06,23417.80
2026-09-21 12:26:07,23300,258765,225940,277420,135.00,2026-10-06,23415.85
2026-09-21 12:31:08,23300,258180,225940,279110,133.15,2026-10-06,23422.40
2026-09-21 12:36:07,23300,258050,225940,280215,135.00,2026-10-06,23414.45
2026-09-21 12:41:07,23300,257595,225940,280800,136.10,2026-10-06,23412.15
2026-09-21 12:46:07,23300,257075,225940,283270,134.00,2026-10-06,23415.75
2026-09-21 12:51:07,23300,256295,225940,288080,135.30,2026-10-06,23413.00
2026-09-21 12:56:07,23300,253175,225940,288340,135.00,2026-10-06,23413.70
2026-09-21 13:01:07,23300,253305,225940,291070,136.20,2026-10-06,23412.00
2026-09-21 13:06:07,23300,251875,225940,294710,137.50,2026-10-06,23407.90
2026-09-21 13:11:07,23300,252395,225940,297115,139.45,2026-10-06,23403.30
2026-09-21 13:16:09,23300,252785,225940,299390,134.30,2026-10-06,23418.15
2026-09-21 13:21:08,23300,252005,225940,303290,131.00,2026-10-06,23423.65
2026-09-21 13:26:07,23300,251875,225940,304525,130.20,2026-10-06,23426.75
2026-09-21 13:31:07,23300,253565,225940,307255,129.55,2026-10-06,23427.00
2026-09-21 13:36:07,23300,253825,225940,309010,126.50,2026-10-06,23436.25
2026-09-21 13:41:08,23300,257465,225940,317590,128.00,2026-10-06,23430.05
2026-09-21 13:46:07,23300,258050,225940,318955,128.80,2026-10-06,23429.50
2026-09-21 13:51:07,23300,257985,225940,320710,127.20,2026-10-06,23437.30
2026-09-21 13:56:07,23300,264745,225940,336700,123.75,2026-10-06,23445.50
2026-09-21 14:01:06,23300,262015,225940,351390,117.90,2026-10-06,23463.55
2026-09-21 14:06:07,23300,265590,225940,361530,120.05,2026-10-06,23457.95
2026-09-21 14:11:08,23300,263640,225940,370565,121.70,2026-10-06,23452.05
2026-09-21 14:16:07,23300,262600,225940,373750,122.00,2026-10-06,23451.05
2026-09-21 14:21:07,23300,262145,225940,378170,117.75,2026-10-06,23461.20
2026-09-21 14:26:08,23300,261885,225940,381030,120.45,2026-10-06,23454.60
2026-09-21 14:31:07,23300,261690,225940,386945,122.50,2026-10-06,23446.85
2026-09-21 14:36:07,23300,261690,225940,392080,124.15,2026-10-06,23444.65
2026-09-21 14:40:08,23300,267540,225940,403910,121.95,2026-10-06,23448.15
2026-09-21 14:46:07,23300,272415,225940,415545,121.35,2026-10-06,23450.85
2026-09-21 14:51:08,23300,272155,225940,419120,121.40,2026-10-06,23450.80
2026-09-21 14:56:07,23300,272610,225940,419705,120.50,2026-10-06,23450.15
2026-09-21 15:01:07,23300,273195,225940,421265,122.05,2026-10-06,23447.20
2026-09-21 15:06:07,23300,271505,225940,432705,120.70,2026-10-06,23441.00
2026-09-21 15:11:07,23300,271570,225940,436020,121.15,2026-10-06,23437.70
2026-09-21 15:16:07,23300,270985,225940,441415,121.20,2026-10-06,23429.00
2026-09-21 15:21:07,23300,272415,225940,448500,121.40,2026-10-06,23429.00
2026-09-21 15:26:08,23300,277290,225940,458120,122.00,2026-10-06,23429.00
2026-09-21 15:31:07,23300,276315,225940,466635,123.30,2026-10-06,23414.30
2026-09-21 15:36:08,23300,274820,225940,475150,121.70,2026-10-06,23414.30
2026-09-21 15:41:07,23300,274820,225940,482625,121.85,2026-10-06,23414.30
2026-09-21 22:30:06,23300,274820,225940,482625,121.85,2026-10-06,23414.30
2026-09-21 22:35:07,23300,274820,225940,482625,121.85,2026-10-06,23414.30
2026-09-21 23:00:06,23300,274820,225940,482625,121.85,2026-10-06,23414.30
2026-09-21 23:05:07,23300,274820,225940,482625,121.85,2026-10-06,23414.30
2026-09-21 08:54:06,23400,4843670,2979860,171277210,110.30,2026-09-22,23346.40
2026-09-21 08:55:06,23400,4843670,2979860,171277210,110.30,2026-09-22,23346.40
2026-09-21 09:00:06,23400,4843670,2979860,171277210,110.30,2026-09-22,23197.15
2026-09-21 09:12:06,23400,4843670,4787315,171277210,110.30,2026-09-22,23330.20
2026-09-21 09:16:06,23400,4871685,4787315,3253705,102.40,2026-09-22,23342.95
2026-09-21 09:21:06,23400,8927490,4787315,15446470,83.20,2026-09-22,23384.85
2026-09-21 09:26:05,23400,10660780,4787315,22582365,84.00,2026-09-22,23386.00
2026-09-21 09:31:06,23400,13382200,4787315,32942780,74.85,2026-09-22,23402.20
2026-09-21 09:36:06,23400,16321305,4787315,41901600,72.85,2026-09-22,23406.40
2026-09-21 09:41:06,23400,17371510,4787315,51877410,82.50,2026-09-22,23386.00
2026-09-21 09:46:05,23400,17710940,4787315,59118280,76.00,2026-09-22,23398.70
2026-09-21 09:51:05,23400,18832580,4787315,68092765,72.80,2026-09-22,23401.95
2026-09-21 09:56:06,23400,20096765,4787315,74169680,76.00,2026-09-22,23395.40
2026-09-21 10:01:05,23400,20603765,4787315,81827070,77.40,2026-09-22,23392.20
2026-09-21 10:06:05,23400,20100795,4787315,94209830,83.75,2026-09-22,23384.90
2026-09-21 10:11:06,23400,19897865,4787315,103373595,80.70,2026-09-22,23387.85
2026-09-21 10:16:06,23400,19952075,4787315,116338820,87.85,2026-09-22,23371.85
2026-09-21 10:21:06,23400,20202260,4787315,122895240,86.90,2026-09-22,23371.90
2026-09-21 10:26:06,23400,19877455,4787315,129953850,88.85,2026-09-22,23366.40
2026-09-21 10:31:06,23400,18543135,4787315,138916050,86.55,2026-09-22,23368.60
2026-09-21 10:36:06,23400,18616520,4787315,144875120,88.75,2026-09-22,23365.70
2026-09-21 10:41:05,23400,17806880,4787315,149107140,90.25,2026-09-22,23367.35
2026-09-21 10:46:06,23400,16969810,4787315,156567580,79.10,2026-09-22,23381.95
2026-09-21 10:51:06,23400,17351555,4787315,162656845,80.30,2026-09-22,23379.70
2026-09-21 10:56:05,23400,17653740,4787315,168091365,79.80,2026-09-22,23380.50
2026-09-21 11:01:06,23400,18088850,4787315,171152020,78.95,2026-09-22,23385.15
2026-09-21 11:06:06,23400,18686785,4787315,174758415,76.70,2026-09-22,23386.50
2026-09-21 11:11:06,23400,19419010,4787315,180202815,71.90,2026-09-22,23394.65
2026-09-21 11:16:06,23400,20443475,4787315,185781115,72.70,2026-09-22,23395.80
2026-09-21 11:21:05,23400,21366475,4787315,192574785,74.50,2026-09-22,23392.30
2026-09-21 11:26:05,23400,21751795,4787315,196448850,73.00,2026-09-22,23393.30
2026-09-21 11:31:05,23400,21921510,4787315,201185790,69.10,2026-09-22,23400.10
2026-09-21 11:36:06,23400,23059920,4787315,209443260,69.30,2026-09-22,23399.10
2026-09-21 11:41:06,23400,23712780,4787315,214033560,71.75,2026-09-22,23398.65
2026-09-21 11:46:05,23400,24467690,4787315,218462140,69.05,2026-09-22,23403.25
2026-09-21 11:51:06,23400,24870365,4787315,222392690,70.35,2026-09-22,23399.85
2026-09-21 11:56:06,23400,25450490,4787315,231938070,61.30,2026-09-22,23417.40
2026-09-21 12:01:06,23400,27149005,4787315,242619325,59.45,2026-09-22,23429.85
2026-09-21 12:06:06,23400,27889030,4787315,249761525,62.30,2026-09-22,23423.05
2026-09-21 12:11:07,23400,28096250,4787315,255410090,62.80,2026-09-22,23417.70
2026-09-21 12:16:06,23400,28190370,4787315,259258090,61.20,2026-09-22,23418.55
2026-09-21 12:21:06,23400,28597725,4787315,262551640,61.40,2026-09-22,23417.20
2026-09-21 12:26:06,23400,29090815,4787315,267595900,62.20,2026-09-22,23415.75
2026-09-21 12:31:07,23400,28815020,4787315,271946610,60.05,2026-09-22,23421.65
2026-09-21 12:36:06,23400,29076840,4787315,275924740,61.85,2026-09-22,23414.40
2026-09-21 12:41:06,23400,29355170,4787315,279717295,63.70,2026-09-22,23411.55
2026-09-21 12:46:06,23400,29088475,4787315,286448175,60.75,2026-09-22,23414.90
2026-09-21 12:51:06,23400,29306875,4787315,290110080,63.55,2026-09-22,23412.40
2026-09-21 12:56:06,23400,28810405,4787315,293909135,61.80,2026-09-22,23414.80
2026-09-21 13:01:06,23400,29161015,4787315,297486280,63.65,2026-09-22,23411.95
2026-09-21 13:06:06,23400,29685500,4787315,304942040,64.95,2026-09-22,23407.60
2026-09-21 13:11:06,23400,29441620,4787315,313283815,67.15,2026-09-22,23402.90
2026-09-21 13:16:07,23400,28385565,4787315,322381800,60.05,2026-09-22,23417.70
2026-09-21 13:21:07,23400,28379065,4787315,333139755,57.40,2026-09-22,23424.00
2026-09-21 13:26:06,23400,29593330,4787315,339860755,55.80,2026-09-22,23426.85
2026-09-21 13:31:06,23400,30267965,4787315,345409805,55.80,2026-09-22,23426.85
2026-09-21 13:36:06,23400,30495400,4787315,354385395,52.20,2026-09-22,23435.55
2026-09-21 13:41:07,23400,30688320,4787315,359052720,54.80,2026-09-22,23429.95
2026-09-21 13:46:06,23400,31110170,4787315,364688480,55.10,2026-09-22,23428.85
2026-09-21 13:51:06,23400,31199610,4787315,368928495,52.05,2026-09-22,23437.55
2026-09-21 13:56:06,23400,31741840,4787315,376908285,50.05,2026-09-22,23444.45
2026-09-21 14:01:05,23400,31844345,4787315,395143190,43.85,2026-09-22,23463.55
2026-09-21 14:06:06,23400,32633965,4787315,402880530,44.85,2026-09-22,23457.85
2026-09-21 14:11:07,23400,32959680,4787315,408033145,45.40,2026-09-22,23451.70
2026-09-21 14:16:06,23400,32773000,4787315,412477585,45.55,2026-09-22,23450.90
2026-09-21 14:21:06,23400,32698835,4787315,417616225,42.50,2026-09-22,23461.20
2026-09-21 14:26:07,23400,32612710,4787315,421050435,44.75,2026-09-22,23453.90
2026-09-21 14:31:06,23400,32648395,4787315,428438010,46.35,2026-09-22,23445.85
2026-09-21 14:36:06,23400,32885840,4787315,434369000,47.20,2026-09-22,23444.00
2026-09-21 14:40:07,23400,32031285,4787315,439907585,44.15,2026-09-22,23448.05
2026-09-21 14:46:06,23400,31720650,4787315,444010450,44.30,2026-09-22,23450.55
2026-09-21 14:51:07,23400,31200910,4787315,448564220,44.75,2026-09-22,23450.75
2026-09-21 14:56:06,23400,30762615,4787315,452014680,45.00,2026-09-22,23449.75
2026-09-21 15:01:06,23400,30132505,4787315,460585450,45.60,2026-09-22,23448.10
2026-09-21 15:06:06,23400,29669250,4787315,467961130,46.95,2026-09-22,23440.25
2026-09-21 15:11:06,23400,27891305,4787315,477819875,48.70,2026-09-22,23437.10
2026-09-21 15:16:06,23400,25756705,4787315,489787025,45.80,2026-09-22,23429.00
2026-09-21 15:21:06,23400,24497785,4787315,498685330,45.00,2026-09-22,23429.00
2026-09-21 15:26:07,23400,22565270,4787315,505989575,46.50,2026-09-22,23429.00
2026-09-21 15:31:06,23400,19783400,4787315,515365435,47.00,2026-09-22,23414.30
2026-09-21 15:36:07,23400,18146765,4787315,521974245,44.60,2026-09-22,23414.30
2026-09-21 15:41:06,23400,16426475,4787315,527501715,42.15,2026-09-22,23414.30
2026-09-21 22:30:05,23400,16426475,4787315,527501715,42.15,2026-09-22,23414.30
2026-09-21 22:35:06,23400,16426475,4787315,527501715,42.15,2026-09-22,23414.30
2026-09-21 23:00:05,23400,16426475,4787315,527501715,42.15,2026-09-22,23414.30
2026-09-21 23:05:06,23400,16426475,4787315,527501715,42.15,2026-09-22,23414.30
2026-09-21 08:54:07,23400,2496520,2073565,4524715,174.95,2026-09-29,23346.40
2026-09-21 08:55:06,23400,2496520,2073565,4524715,174.95,2026-09-29,23346.40
2026-09-21 09:00:07,23400,2496520,2073565,4524715,174.95,2026-09-29,23197.80
2026-09-21 09:12:07,23400,2496520,2431650,4524715,174.95,2026-09-29,23330.20
2026-09-21 09:16:06,23400,2435095,2431650,159835,170.15,2026-09-29,23343.65
2026-09-21 09:21:06,23400,2496585,2431650,583505,154.35,2026-09-29,23385.35
2026-09-21 09:26:06,23400,2555215,2431650,846170,153.95,2026-09-29,23386.30
2026-09-21 09:31:06,23400,2652130,2431650,1243710,145.00,2026-09-29,23401.55
2026-09-21 09:36:06,23400,2706470,2431650,1520545,143.75,2026-09-29,23406.40
2026-09-21 09:41:06,23400,2752685,2431650,1758185,152.80,2026-09-29,23386.65
2026-09-21 09:46:06,23400,2802865,2431650,1985815,147.35,2026-09-29,23398.55
2026-09-21 09:51:06,23400,2861950,2431650,2177240,144.25,2026-09-29,23402.45
2026-09-21 09:56:06,23400,2898155,2431650,2296515,147.60,2026-09-29,23395.15
2026-09-21 10:01:06,23400,2937480,2431650,2444520,148.85,2026-09-29,23391.85
2026-09-21 10:06:06,23400,2976285,2431650,2659670,154.00,2026-09-29,23384.15
2026-09-21 10:11:07,23400,3003715,2431650,2845310,151.00,2026-09-29,23387.90
2026-09-21 10:16:07,23400,3028870,2431650,3056560,157.15,2026-09-29,23371.90
2026-09-21 10:21:06,23400,3059810,2431650,3213990,155.55,2026-09-29,23372.55
2026-09-21 10:26:06,23400,3117075,2431650,3412760,157.75,2026-09-29,23366.60
2026-09-21 10:31:06,23400,3149055,2431650,3645200,155.35,2026-09-29,23368.65
2026-09-21 10:36:06,23400,3160625,2431650,3742700,156.40,2026-09-29,23365.90
2026-09-21 10:41:06,23400,3186365,2431650,3835910,158.10,2026-09-29,23366.90
2026-09-21 10:46:06,23400,3186495,2431650,3964675,148.20,2026-09-29,23381.05
2026-09-21 10:51:06,23400,3196960,2431650,4076410,149.70,2026-09-29,23380.20
2026-09-21 10:56:06,23400,3210740,2431650,4173130,150.15,2026-09-29,23380.20
2026-09-21 11:01:07,23400,3229395,2431650,4261985,148.05,2026-09-29,23386.80
2026-09-21 11:06:07,23400,3247335,2431650,4345705,147.00,2026-09-29,23387.55
2026-09-21 11:11:07,23400,3271840,2431650,4477655,141.50,2026-09-29,23395.80
2026-09-21 11:16:06,23400,3286010,2431650,4612595,143.55,2026-09-29,23395.20
2026-09-21 11:21:06,23400,3301025,2431650,4739930,144.85,2026-09-29,23392.40
2026-09-21 11:26:06,23400,3311490,2431650,4820855,143.70,2026-09-29,23393.30
2026-09-21 11:31:06,23400,3331770,2431650,4905745,139.95,2026-09-29,23400.20
2026-09-21 11:36:07,23400,3391700,2431650,5121870,141.55,2026-09-29,23398.80
2026-09-21 11:41:06,23400,3410745,2431650,5194280,142.70,2026-09-29,23399.10
2026-09-21 11:46:06,23400,3428295,2431650,5276830,139.45,2026-09-29,23402.45
2026-09-21 11:51:06,23400,3442790,2431650,5373875,140.00,2026-09-29,23400.10
2026-09-21 11:56:06,23400,3465020,2431650,5671380,130.20,2026-09-29,23418.05
2026-09-21 12:01:06,23400,3499210,2431650,5906550,129.35,2026-09-29,23430.40
2026-09-21 12:06:07,23400,3527810,2431650,6061315,132.05,2026-09-29,23423.80
2026-09-21 12:11:07,23400,3536650,2431650,6172790,133.25,2026-09-29,23418.25
2026-09-21 12:16:06,23400,3547115,2431650,6252610,131.40,2026-09-29,23418.30
2026-09-21 12:21:06,23400,3554525,2431650,6345950,131.25,2026-09-29,23417.15
2026-09-21 12:26:06,23400,3559465,2431650,6471010,133.05,2026-09-29,23415.60
2026-09-21 12:31:07,23400,3566030,2431650,6524700,131.00,2026-09-29,23422.00
2026-09-21 12:36:06,23400,3574675,2431650,6605560,133.45,2026-09-29,23414.35
2026-09-21 12:41:07,23400,3597165,2431650,6707610,134.55,2026-09-29,23412.00
2026-09-21 12:46:07,23400,3617705,2431650,6814665,131.00,2026-09-29,23415.85
2026-09-21 12:51:07,23400,3622905,2431650,6879405,134.85,2026-09-29,23413.00
2026-09-21 12:56:07,23400,3653455,2431650,6995235,133.70,2026-09-29,23414.15
2026-09-21 13:01:07,23400,3675035,2431650,7099495,135.35,2026-09-29,23411.85
2026-09-21 13:06:07,23400,3679650,2431650,7215130,136.70,2026-09-29,23408.35
2026-09-21 13:11:07,23400,3697330,2431650,7373210,138.80,2026-09-29,23402.60
2026-09-21 13:16:08,23400,3689985,2431650,7509515,132.55,2026-09-29,23417.50
2026-09-21 13:21:07,23400,3713320,2431650,7649200,128.50,2026-09-29,23423.40
2026-09-21 13:26:06,23400,3742765,2431650,7776925,127.50,2026-09-29,23426.70
2026-09-21 13:31:07,23400,3745625,2431650,7905235,127.90,2026-09-29,23427.10
2026-09-21 13:36:07,23400,3761940,2431650,8096790,123.05,2026-09-29,23435.20
2026-09-21 13:41:07,23400,3776240,2431650,8217755,127.00,2026-09-29,23429.55
2026-09-21 13:46:06,23400,3778125,2431650,8298615,127.00,2026-09-29,23428.85
2026-09-21 13:51:06,23400,3771365,2431650,8396635,123.60,2026-09-29,23437.40
2026-09-21 13:56:07,23400,3760705,2431650,8550165,121.85,2026-09-29,23444.40
2026-09-21 14:01:06,23400,3763110,2431650,8987940,114.10,2026-09-29,23463.50
2026-09-21 14:06:06,23400,3781245,2431650,9157850,117.00,2026-09-29,23457.70
2026-09-21 14:11:07,23400,3796975,2431650,9281610,118.20,2026-09-29,23452.00
2026-09-21 14:16:07,23400,3804385,2431650,9377875,118.25,2026-09-29,23451.20
2026-09-21 14:21:07,23400,3802955,2431650,9487400,113.85,2026-09-29,23461.25
2026-09-21 14:26:07,23400,3801395,2431650,9585745,117.20,2026-09-29,23453.70
2026-09-21 14:31:07,23400,3791255,2431650,9752730,119.10,2026-09-29,23446.50
2026-09-21 14:36:07,23400,3800940,2431650,9876425,120.45,2026-09-29,23444.25
2026-09-21 14:40:07,23400,3788980,2431650,9949420,118.20,2026-09-29,23448.00
2026-09-21 14:46:07,23400,3791450,2431650,10021765,118.25,2026-09-29,23450.35
2026-09-21 14:51:07,23400,3793270,2431650,10141755,118.50,2026-09-29,23451.45
2026-09-21 14:56:06,23400,3796715,2431650,10205845,118.35,2026-09-29,23450.05
2026-09-21 15:01:06,23400,3803605,2431650,10333505,118.05,2026-09-29,23447.05
2026-09-21 15:06:07,23400,3799055,2431650,10502310,118.75,2026-09-29,23441.00
2026-09-21 15:11:06,23400,3807310,2431650,10733385,120.10,2026-09-29,23437.55
2026-09-21 15:16:07,23400,3809585,2431650,11028745,119.50,2026-09-29,23429.00
2026-09-21 15:21:07,23400,3808415,2431650,11250655,120.20,2026-09-29,23429.00
2026-09-21 15:26:07,23400,3829995,2431650,11442015,120.30,2026-09-29,23429.00
2026-09-21 15:31:07,23400,3823170,2431650,11711245,120.95,2026-09-29,23414.30
2026-09-21 15:36:07,23400,3852485,2431650,12086165,118.65,2026-09-29,23414.30
2026-09-21 15:41:06,23400,3900195,2431650,12428390,117.95,2026-09-29,23414.30
2026-09-21 22:30:06,23400,3900195,2431650,12428390,117.95,2026-09-29,23414.30
2026-09-21 22:35:07,23400,3900195,2431650,12428390,117.95,2026-09-29,23414.30
2026-09-21 23:00:05,23400,3900195,2431650,12428390,117.95,2026-09-29,23414.30
2026-09-21 23:05:07,23400,3900195,2431650,12428390,117.95,2026-09-29,23414.30
2026-09-21 08:54:08,23400,170690,66885,338650,207.20,2026-10-06,23346.40
2026-09-21 08:55:07,23400,170690,66885,338650,207.20,2026-10-06,23346.40
2026-09-21 09:00:07,23400,170690,66885,338650,207.20,2026-10-06,23216.50
2026-09-21 09:12:07,23400,170690,170690,338650,207.20,2026-10-06,23330.20
2026-09-21 09:16:07,23400,170690,170690,12220,207.35,2026-10-06,23341.85
2026-09-21 09:21:06,23400,187135,170690,54275,192.90,2026-10-06,23384.75
2026-09-21 09:26:06,23400,199030,170690,85280,191.30,2026-10-06,23385.35
2026-09-21 09:31:07,23400,216645,170690,117260,183.75,2026-10-06,23401.90
2026-09-21 09:36:07,23400,221715,170690,130585,182.00,2026-10-06,23406.50
2026-09-21 09:41:07,23400,224900,170690,141375,191.05,2026-10-06,23387.30
2026-09-21 09:46:07,23400,230555,170690,152945,187.00,2026-10-06,23397.90
2026-09-21 09:51:06,23400,232960,170690,160160,184.40,2026-10-06,23402.35
2026-09-21 09:56:07,23400,235495,170690,168610,186.10,2026-10-06,23394.85
2026-09-21 10:01:06,23400,237575,170690,180310,188.20,2026-10-06,23391.90
2026-09-21 10:06:06,23400,241345,170690,198315,192.40,2026-10-06,23384.65
2026-09-21 10:11:07,23400,244465,170690,206245,189.00,2026-10-06,23387.95
2026-09-21 10:16:07,23400,245310,170690,213720,193.50,2026-10-06,23372.35
2026-09-21 10:21:07,23400,246350,170690,216385,190.90,2026-10-06,23373.25
2026-09-21 10:26:07,23400,247780,170690,221975,194.60,2026-10-06,23368.05
2026-09-21 10:31:06,23400,248170,170690,226135,192.70,2026-10-06,23368.85
2026-09-21 10:36:06,23400,249405,170690,231725,195.60,2026-10-06,23365.35
2026-09-21 10:41:06,23400,253500,170690,250185,193.55,2026-10-06,23367.00
2026-09-21 10:46:07,23400,253110,170690,267670,187.00,2026-10-06,23381.65
2026-09-21 10:51:07,23400,253240,170690,272935,188.15,2026-10-06,23380.10
2026-09-21 10:56:06,23400,252720,170690,279890,188.40,2026-10-06,23380.75
2026-09-21 11:01:07,23400,254800,170690,283920,185.55,2026-10-06,23386.85
2026-09-21 11:06:07,23400,255320,170690,285870,184.40,2026-10-06,23387.60
2026-09-21 11:11:07,23400,257985,170690,293995,180.20,2026-10-06,23395.90
2026-09-21 11:16:07,23400,260975,170690,299585,180.55,2026-10-06,23396.05
2026-09-21 11:21:06,23400,261820,170690,304070,182.35,2026-10-06,23393.30
2026-09-21 11:26:06,23400,263315,170690,309400,180.35,2026-10-06,23393.85
2026-09-21 11:31:06,23400,264745,170690,314275,178.95,2026-10-06,23400.40
2026-09-21 11:36:07,23400,264160,170690,318695,179.80,2026-10-06,23399.30
2026-09-21 11:41:06,23400,265980,170690,324610,179.95,2026-10-06,23399.45
2026-09-21 11:46:06,23400,268970,170690,330135,177.00,2026-10-06,23402.55
2026-09-21 11:51:07,23400,269555,170690,332150,177.85,2026-10-06,23400.10
2026-09-21 11:56:07,23400,273845,170690,346905,168.55,2026-10-06,23418.50
2026-09-21 12:01:07,23400,275990,170690,361530,167.15,2026-10-06,23430.95
2026-09-21 12:06:07,23400,275860,170690,369525,170.05,2026-10-06,23423.65
2026-09-21 12:11:08,23400,278785,170690,377520,171.30,2026-10-06,23418.05
2026-09-21 12:16:07,23400,279370,170690,382915,169.80,2026-10-06,23419.65
2026-09-21 12:21:07,23400,281515,170690,388245,169.40,2026-10-06,23417.80
2026-09-21 12:26:07,23400,284180,170690,396045,171.15,2026-10-06,23415.85
2026-09-21 12:31:08,23400,287170,170690,402090,168.65,2026-10-06,23422.40
2026-09-21 12:36:07,23400,287950,170690,408200,170.80,2026-10-06,23414.45
2026-09-21 12:41:07,23400,289055,170690,411190,172.60,2026-10-06,23412.15
2026-09-21 12:46:07,23400,291850,170690,420355,170.90,2026-10-06,23415.75
2026-09-21 12:51:07,23400,292500,170690,422825,173.05,2026-10-06,23413.00
2026-09-21 12:56:07,23400,293410,170690,425295,171.15,2026-10-06,23413.70
2026-09-21 13:01:07,23400,294255,170690,430430,173.10,2026-10-06,23412.00
2026-09-21 13:06:07,23400,295555,170690,451620,175.00,2026-10-06,23407.90
2026-09-21 13:11:07,23400,306670,170690,470275,177.75,2026-10-06,23403.30
2026-09-21 13:16:09,23400,314210,170690,486590,171.30,2026-10-06,23418.15
2026-09-21 13:21:08,23400,308620,170690,509275,166.95,2026-10-06,23423.65
2026-09-21 13:26:07,23400,311025,170690,518830,166.35,2026-10-06,23426.75
2026-09-21 13:31:07,23400,313040,170690,526045,165.00,2026-10-06,23427.00
2026-09-21 13:36:07,23400,313625,170690,532285,161.80,2026-10-06,23436.25
2026-09-21 13:41:08,23400,316810,170690,542880,162.70,2026-10-06,23430.05
2026-09-21 13:46:07,23400,318240,170690,553865,164.45,2026-10-06,23429.50
2026-09-21 13:51:07,23400,320515,170690,560950,161.20,2026-10-06,23437.30
2026-09-21 13:56:07,23400,323570,170690,579865,159.20,2026-10-06,23445.50
2026-09-21 14:01:06,23400,324155,170690,605020,151.05,2026-10-06,23463.55
2026-09-21 14:06:07,23400,332215,170690,618345,153.90,2026-10-06,23457.95
2026-09-21 14:11:08,23400,330460,170690,625495,156.10,2026-10-06,23452.05
2026-09-21 14:16:07,23400,327535,170690,638300,156.70,2026-10-06,23451.05
2026-09-21 14:21:07,23400,328835,170690,652860,151.00,2026-10-06,23461.20
2026-09-21 14:26:08,23400,334425,170690,663390,154.40,2026-10-06,23454.60
2026-09-21 14:31:07,23400,339170,170690,675025,157.50,2026-10-06,23446.85
2026-09-21 14:36:07,23400,340210,170690,678600,158.90,2026-10-06,23444.65
2026-09-21 14:40:08,23400,334815,170690,691600,157.00,2026-10-06,23448.15
2026-09-21 14:46:07,23400,342225,170690,708630,155.15,2026-10-06,23450.85
2026-09-21 14:51:08,23400,341770,170690,710645,154.85,2026-10-06,23450.80
2026-09-21 14:56:07,23400,342810,170690,721110,154.00,2026-10-06,23450.15
2026-09-21 15:01:07,23400,335660,170690,737620,154.70,2026-10-06,23447.20
2026-09-21 15:06:07,23400,332865,170690,760890,155.25,2026-10-06,23441.00
2026-09-21 15:11:07,23400,333710,170690,763425,155.95,2026-10-06,23437.70
2026-09-21 15:16:07,23400,330720,170690,780520,155.65,2026-10-06,23429.00
2026-09-21 15:21:07,23400,330525,170690,791440,155.70,2026-10-06,23429.00
2026-09-21 15:26:08,23400,330655,170690,801970,156.20,2026-10-06,23429.00
2026-09-21 15:31:07,23400,322595,170690,833365,157.00,2026-10-06,23414.30
2026-09-21 15:36:08,23400,319150,170690,851630,155.55,2026-10-06,23414.30
2026-09-21 15:41:07,23400,313040,170690,861445,155.25,2026-10-06,23414.30
2026-09-21 22:30:06,23400,313040,170690,861445,155.25,2026-10-06,23414.30
2026-09-21 22:35:07,23400,313040,170690,861445,155.25,2026-10-06,23414.30
2026-09-21 23:00:06,23400,313040,170690,861445,155.25,2026-10-06,23414.30
2026-09-21 23:05:07,23400,313040,170690,861445,155.25,2026-10-06,23414.30
2026-09-21 08:54:06,23500,2408965,2251470,47578960,176.00,2026-09-22,23346.40
2026-09-21 08:55:06,23500,2408965,2251470,47578960,176.00,2026-09-22,23346.40
2026-09-21 09:00:06,23500,2408965,2251470,47578960,176.00,2026-09-22,23197.15
2026-09-21 09:12:06,23500,2408965,2405260,47578960,176.00,2026-09-22,23330.20
2026-09-21 09:16:06,23500,2413970,2405260,840580,169.60,2026-09-22,23342.95
2026-09-21 09:21:06,23500,3569150,2405260,3778320,145.90,2026-09-22,23384.85
2026-09-21 09:26:05,23500,4196465,2405260,5975255,147.00,2026-09-22,23386.00
2026-09-21 09:31:06,23500,4639310,2405260,8325460,134.40,2026-09-22,23402.20
2026-09-21 09:36:06,23500,5136495,2405260,10409685,131.85,2026-09-22,23406.40
2026-09-21 09:41:06,23500,5251350,2405260,13065780,146.00,2026-09-22,23386.00
2026-09-21 09:46:05,23500,5498675,2405260,14834820,137.25,2026-09-22,23398.70
2026-09-21 09:51:05,23500,5756400,2405260,17290975,133.25,2026-09-22,23401.95
2026-09-21 09:56:06,23500,5960175,2405260,18768230,138.20,2026-09-22,23395.40
2026-09-21 10:01:05,23500,5987280,2405260,20796685,140.00,2026-09-22,23392.20
2026-09-21 10:06:05,23500,5697575,2405260,23983310,148.60,2026-09-22,23384.90
2026-09-21 10:11:06,23500,5958615,2405260,26460980,144.80,2026-09-22,23387.85
2026-09-21 10:16:06,23500,6048900,2405260,30634955,154.80,2026-09-22,23371.85
2026-09-21 10:21:06,23500,6234475,2405260,32626295,154.00,2026-09-22,23371.90
2026-09-21 10:26:06,23500,6220305,2405260,34601385,156.45,2026-09-22,23366.40
2026-09-21 10:31:06,23500,5835700,2405260,36978240,153.40,2026-09-22,23368.60
2026-09-21 10:36:06,23500,5763615,2405260,38724595,156.65,2026-09-22,23365.70
2026-09-21 10:41:05,23500,5654935,2405260,39881270,158.25,2026-09-22,23367.35
2026-09-21 10:46:06,23500,5445050,2405260,42104790,143.40,2026-09-22,23381.95
2026-09-21 10:51:06,23500,5648305,2405260,43872855,145.10,2026-09-22,23379.70
2026-09-21 10:56:05,23500,5623475,2405260,45358560,144.35,2026-09-22,23380.50
2026-09-21 11:01:06,23500,5691530,2405260,46137845,143.20,2026-09-22,23385.15
2026-09-21 11:06:06,23500,5840315,2405260,47077095,140.40,2026-09-22,23386.50
2026-09-21 11:11:06,23500,5806775,2405260,48701965,133.30,2026-09-22,23394.65
2026-09-21 11:16:06,23500,5965245,2405260,50001510,134.95,2026-09-22,23395.80
2026-09-21 11:21:05,23500,6154915,2405260,51773735,137.70,2026-09-22,23392.30
2026-09-21 11:26:05,23500,6427915,2405260,52968435,135.75,2026-09-22,23393.30
2026-09-21 11:31:05,23500,6346600,2405260,54425670,129.85,2026-09-22,23400.10
2026-09-21 11:36:06,23500,6463860,2405260,56404270,130.30,2026-09-22,23399.10
2026-09-21 11:41:06,23500,6711640,2405260,57632250,134.55,2026-09-22,23398.65
2026-09-21 11:46:05,23500,7071220,2405260,58972225,130.60,2026-09-22,23403.25
2026-09-21 11:51:06,23500,7057895,2405260,60176025,131.95,2026-09-22,23399.85
2026-09-21 11:56:06,23500,7082595,2405260,63062935,117.85,2026-09-22,23417.40
2026-09-21 12:01:06,23500,7506915,2405260,66001910,114.60,2026-09-22,23429.85
2026-09-21 12:06:06,23500,7778810,2405260,67998905,119.35,2026-09-22,23423.05
2026-09-21 12:11:07,23500,7882030,2405260,69770025,120.60,2026-09-22,23417.70
2026-09-21 12:16:06,23500,8027695,2405260,70746910,118.15,2026-09-22,23418.55
2026-09-21 12:21:06,23500,8168940,2405260,71748495,118.00,2026-09-22,23417.20
2026-09-21 12:26:06,23500,8125000,2405260,73379215,119.30,2026-09-22,23415.75
2026-09-21 12:31:07,23500,8062470,2405260,74453145,115.90,2026-09-22,23421.65
2026-09-21 12:36:06,23500,8071310,2405260,75564450,119.30,2026-09-22,23414.40
2026-09-21 12:41:06,23500,7935655,2405260,76733020,122.50,2026-09-22,23411.55
2026-09-21 12:46:06,23500,7788300,2405260,78502515,118.25,2026-09-22,23414.90
2026-09-21 12:51:06,23500,7868705,2405260,79315795,122.25,2026-09-22,23412.40
2026-09-21 12:56:06,23500,7843745,2405260,80204085,120.15,2026-09-22,23414.80
2026-09-21 13:01:06,23500,7804290,2405260,80917850,122.40,2026-09-22,23411.95
2026-09-21 13:06:06,23500,7663955,2405260,82729595,125.15,2026-09-22,23407.60
2026-09-21 13:11:06,23500,7809165,2405260,85155200,128.70,2026-09-22,23402.90
2026-09-21 13:16:07,23500,7636850,2405260,87571250,119.00,2026-09-22,23417.70
2026-09-21 13:21:07,23500,7419750,2405260,90163970,114.30,2026-09-22,23424.00
2026-09-21 13:26:06,23500,7855640,2405260,92038895,111.80,2026-09-22,23426.85
2026-09-21 13:31:06,23500,8087495,2405260,93663310,111.95,2026-09-22,23426.85
2026-09-21 13:36:06,23500,8325655,2405260,95939285,105.55,2026-09-22,23435.55
2026-09-21 13:41:07,23500,8471125,2405260,97479850,110.75,2026-09-22,23429.95
2026-09-21 13:46:06,23500,8487440,2405260,99250970,111.05,2026-09-22,23428.85
2026-09-21 13:51:06,23500,8469435,2405260,100536670,105.95,2026-09-22,23437.55
2026-09-21 13:56:06,23500,8738405,2405260,103100400,102.70,2026-09-22,23444.45
2026-09-21 14:01:05,23500,9736415,2405260,112456695,89.40,2026-09-22,23463.55
2026-09-21 14:06:06,23500,11031410,2405260,117582270,91.60,2026-09-22,23457.85
2026-09-21 14:11:07,23500,11537565,2405260,121331145,93.10,2026-09-22,23451.70
2026-09-21 14:16:06,23500,11548680,2405260,124324135,93.85,2026-09-22,23450.90
2026-09-21 14:21:06,23500,11774620,2405260,127585900,88.15,2026-09-22,23461.20
2026-09-21 14:26:07,23500,11877190,2405260,130106535,91.95,2026-09-22,23453.90
2026-09-21 14:31:06,23500,11840270,2405260,134766320,94.65,2026-09-22,23445.85
2026-09-21 14:36:06,23500,11420890,2405260,138296080,96.20,2026-09-22,23444.00
2026-09-21 14:40:07,23500,11090755,2405260,140806770,91.95,2026-09-22,23448.05
2026-09-21 14:46:06,23500,11152245,2405260,142577110,91.75,2026-09-22,23450.55
2026-09-21 14:51:07,23500,10986950,2405260,144617915,92.45,2026-09-22,23450.75
2026-09-21 14:56:06,23500,10891595,2405260,146190785,92.85,2026-09-22,23449.75
2026-09-21 15:01:06,23500,10555805,2405260,150399990,93.60,2026-09-22,23448.10
2026-09-21 15:06:06,23500,10104055,2405260,153396815,95.25,2026-09-22,23440.25
2026-09-21 15:11:06,23500,9007700,2405260,156888225,97.50,2026-09-22,23437.10
2026-09-21 15:16:06,23500,8263190,2405260,160822935,92.80,2026-09-22,23429.00
2026-09-21 15:21:06,23500,7774000,2405260,164172125,92.20,2026-09-22,23429.00
2026-09-21 15:26:07,23500,7113275,2405260,166594350,94.40,2026-09-22,23429.00
2026-09-21 15:31:06,23500,6075030,2405260,169839475,95.10,2026-09-22,23414.30
2026-09-21 15:36:07,23500,5901480,2405260,172253510,91.50,2026-09-22,23414.30
2026-09-21 15:41:06,23500,5066490,2405260,174456425,87.95,2026-09-22,23414.30
2026-09-21 22:30:05,23500,5066490,2405260,174456425,87.95,2026-09-22,23414.30
2026-09-21 22:35:06,23500,5066490,2405260,174456425,87.95,2026-09-22,23414.30
2026-09-21 23:00:05,23500,5066490,2405260,174456425,87.95,2026-09-22,23414.30
2026-09-21 23:05:06,23500,5066490,2405260,174456425,87.95,2026-09-22,23414.30
2026-09-21 08:54:07,23500,4628390,4560400,4284020,227.90,2026-09-29,23346.40
2026-09-21 08:55:06,23500,4628390,4560400,4284020,227.90,2026-09-29,23346.40
2026-09-21 09:00:07,23500,4628390,4560400,4284020,227.90,2026-09-29,23197.80
2026-09-21 09:12:07,23500,4628390,4574765,4284020,227.90,2026-09-29,23330.20
2026-09-21 09:16:06,23500,4573140,4574765,65650,225.35,2026-09-29,23343.65
2026-09-21 09:21:06,23500,4585490,4574765,242255,206.95,2026-09-29,23385.35
2026-09-21 09:26:06,23500,4591080,4574765,344825,206.00,2026-09-29,23386.30
2026-09-21 09:31:06,23500,4618120,4574765,514280,196.15,2026-09-29,23401.55
2026-09-21 09:36:06,23500,4631900,4574765,639535,194.20,2026-09-29,23406.40
2026-09-21 09:41:06,23500,4643730,4574765,737165,205.55,2026-09-29,23386.65
2026-09-21 09:46:06,23500,4644250,4574765,793780,200.05,2026-09-29,23398.55
2026-09-21 09:51:06,23500,4654325,4574765,859495,196.00,2026-09-29,23402.45
2026-09-21 09:56:06,23500,4668625,4574765,932035,200.15,2026-09-29,23395.15
2026-09-21 10:01:06,23500,4672525,4574765,991575,200.70,2026-09-29,23391.85
2026-09-21 10:06:06,23500,4668755,4574765,1073085,207.15,2026-09-29,23384.15
2026-09-21 10:11:07,23500,4670250,4574765,1134575,204.30,2026-09-29,23387.90
2026-09-21 10:16:07,23500,4681560,4574765,1275235,210.60,2026-09-29,23371.90
2026-09-21 10:21:06,23500,4683835,4574765,1338090,210.50,2026-09-29,23372.55
2026-09-21 10:26:06,23500,4672200,4574765,1415830,212.85,2026-09-29,23366.60
2026-09-21 10:31:06,23500,4657445,4574765,1469000,209.45,2026-09-29,23368.65
2026-09-21 10:36:06,23500,4662125,4574765,1512095,211.05,2026-09-29,23365.90
2026-09-21 10:41:06,23500,4646265,4574765,1547390,211.80,2026-09-29,23366.90
2026-09-21 10:46:06,23500,4639570,4574765,1605695,200.00,2026-09-29,23381.05
2026-09-21 10:51:06,23500,4649255,4574765,1647230,203.00,2026-09-29,23380.20
2026-09-21 10:56:06,23500,4656600,4574765,1678105,202.70,2026-09-29,23380.20
2026-09-21 11:01:07,23500,4659330,4574765,1697475,201.95,2026-09-29,23386.80
2026-09-21 11:06:07,23500,4672655,4574765,1747590,199.65,2026-09-29,23387.55
2026-09-21 11:11:07,23500,4662190,4574765,1811745,193.00,2026-09-29,23395.80
2026-09-21 11:16:06,23500,4669730,4574765,1866410,195.40,2026-09-29,23395.20
2026-09-21 11:21:06,23500,4676425,4574765,1919775,196.95,2026-09-29,23392.40
2026-09-21 11:26:06,23500,4686110,4574765,1966705,194.85,2026-09-29,23393.30
2026-09-21 11:31:06,23500,4688970,4574765,2016430,190.40,2026-09-29,23400.20
2026-09-21 11:36:07,23500,4690075,4574765,2102295,192.90,2026-09-29,23398.80
2026-09-21 11:41:06,23500,4683575,4574765,2136095,193.90,2026-09-29,23399.10
2026-09-21 11:46:06,23500,4682405,4574765,2167425,190.30,2026-09-29,23402.45
2026-09-21 11:51:06,23500,4695275,4574765,2208960,190.40,2026-09-29,23400.10
2026-09-21 11:56:06,23500,4706845,4574765,2330640,178.90,2026-09-29,23418.05
2026-09-21 12:01:06,23500,4718805,4574765,2443220,177.70,2026-09-29,23430.40
2026-09-21 12:06:07,23500,4764175,4574765,2567955,180.60,2026-09-29,23423.80
2026-09-21 12:11:07,23500,4786210,4574765,2631525,182.40,2026-09-29,23418.25
2026-09-21 12:16:06,23500,4789720,4574765,2707315,180.00,2026-09-29,23418.30
2026-09-21 12:21:06,23500,4784390,4574765,2757885,179.55,2026-09-29,23417.15
2026-09-21 12:26:06,23500,4774510,4574765,2833285,181.95,2026-09-29,23415.60
2026-09-21 12:31:07,23500,4805255,4574765,2898675,178.90,2026-09-29,23422.00
2026-09-21 12:36:06,23500,4829565,4574765,2968355,182.45,2026-09-29,23414.35
2026-09-21 12:41:07,23500,4836390,4574765,3029910,183.00,2026-09-29,23412.00
2026-09-21 12:46:07,23500,4837950,4574765,3084445,180.00,2026-09-29,23415.85
2026-09-21 12:51:07,23500,4844580,4574765,3116685,183.90,2026-09-29,23413.00
2026-09-21 12:56:07,23500,4847375,4574765,3143595,183.15,2026-09-29,23414.15
2026-09-21 13:01:07,23500,4851340,4574765,3174015,184.20,2026-09-29,23411.85
2026-09-21 13:06:07,23500,4861090,4574765,3265730,186.45,2026-09-29,23408.35
2026-09-21 13:11:07,23500,4876820,4574765,3356860,188.45,2026-09-29,23402.60
2026-09-21 13:16:08,23500,4885920,4574765,3423550,182.00,2026-09-29,23417.50
2026-09-21 13:21:07,23500,4904120,4574765,3526640,177.25,2026-09-29,23423.40
2026-09-21 13:26:06,23500,4915755,4574765,3606005,175.45,2026-09-29,23426.70
2026-09-21 13:31:07,23500,4926350,4574765,3692390,175.95,2026-09-29,23427.10
2026-09-21 13:36:07,23500,4956185,4574765,3839420,170.20,2026-09-29,23435.20
2026-09-21 13:41:07,23500,4990180,4574765,3920020,174.85,2026-09-29,23429.55
2026-09-21 13:46:06,23500,5005130,4574765,3997240,174.45,2026-09-29,23428.85
2026-09-21 13:51:06,23500,5010070,4574765,4102475,170.65,2026-09-29,23437.40
2026-09-21 13:56:07,23500,5020340,4574765,4211025,168.05,2026-09-29,23444.40
2026-09-21 14:01:06,23500,5041530,4574765,4531540,157.95,2026-09-29,23463.50
2026-09-21 14:06:06,23500,4983680,4574765,4857840,162.00,2026-09-29,23457.70
2026-09-21 14:11:07,23500,4901780,4574765,5124210,164.65,2026-09-29,23452.00
2026-09-21 14:16:07,23500,4904965,4574765,5214235,164.40,2026-09-29,23451.20
2026-09-21 14:21:07,23500,4903275,4574765,5309460,158.85,2026-09-29,23461.25
2026-09-21 14:26:07,23500,4901715,4574765,5414630,162.55,2026-09-29,23453.70
2026-09-21 14:31:07,23500,4893980,4574765,5541835,165.05,2026-09-29,23446.50
2026-09-21 14:36:07,23500,4905680,4574765,5639790,167.05,2026-09-29,23444.25
2026-09-21 14:40:07,23500,4898140,4574765,5737290,164.35,2026-09-29,23448.00
2026-09-21 14:46:07,23500,4897425,4574765,5794100,164.05,2026-09-29,23450.35
2026-09-21 14:51:07,23500,4893265,4574765,5896020,164.45,2026-09-29,23451.45
2026-09-21 14:56:06,23500,4896970,4574765,5950685,163.85,2026-09-29,23450.05
2026-09-21 15:01:06,23500,4895280,4574765,6060925,164.45,2026-09-29,23447.05
2026-09-21 15:06:07,23500,4900480,4574765,6159855,164.85,2026-09-29,23441.00
2026-09-21 15:11:06,23500,4912050,4574765,6257160,166.25,2026-09-29,23437.55
2026-09-21 15:16:07,23500,4942405,4574765,6480955,165.05,2026-09-29,23429.00
2026-09-21 15:21:07,23500,4961580,4574765,6703775,165.85,2026-09-29,23429.00
2026-09-21 15:26:07,23500,4967755,4574765,6840275,166.00,2026-09-29,23429.00
2026-09-21 15:31:07,23500,4927065,4574765,7064330,167.00,2026-09-29,23414.30
2026-09-21 15:36:07,23500,4940520,4574765,7219745,164.00,2026-09-29,23414.30
2026-09-21 15:41:06,23500,4953065,4574765,7372690,164.00,2026-09-29,23414.30
2026-09-21 22:30:06,23500,4953065,4574765,7372690,164.00,2026-09-29,23414.30
2026-09-21 22:35:07,23500,4953065,4574765,7372690,164.00,2026-09-29,23414.30
2026-09-21 23:00:05,23500,4953065,4574765,7372690,164.00,2026-09-29,23414.30
2026-09-21 23:05:07,23500,4953065,4574765,7372690,164.00,2026-09-29,23414.30
2026-09-21 08:54:08,23500,174330,124540,180375,258.60,2026-10-06,23346.40
2026-09-21 08:55:07,23500,174330,124540,180375,258.60,2026-10-06,23346.40
2026-09-21 09:00:07,23500,174330,124540,180375,258.60,2026-10-06,23216.50
2026-09-21 09:12:07,23500,174330,174460,180375,258.60,2026-10-06,23330.20
2026-09-21 09:16:07,23500,174460,174460,195,254.75,2026-10-06,23341.85
2026-09-21 09:21:06,23500,179010,174460,11115,241.40,2026-10-06,23384.75
2026-09-21 09:26:06,23500,181090,174460,21255,240.80,2026-10-06,23385.35
2026-09-21 09:31:07,23500,194090,174460,36140,230.75,2026-10-06,23401.90
2026-09-21 09:36:07,23500,201045,174460,47450,228.35,2026-10-06,23406.50
2026-09-21 09:41:07,23500,203060,174460,52910,240.15,2026-10-06,23387.30
2026-09-21 09:46:07,23500,203385,174460,56420,235.80,2026-10-06,23397.90
2026-09-21 09:51:06,23500,205400,174460,60905,232.65,2026-10-06,23402.35
2026-09-21 09:56:07,23500,205530,174460,64155,234.10,2026-10-06,23394.85
2026-09-21 10:01:06,23500,206245,174460,66755,234.30,2026-10-06,23391.90
2026-09-21 10:06:06,23500,208260,174460,71500,242.00,2026-10-06,23384.65
2026-09-21 10:11:07,23500,211445,174460,76375,237.00,2026-10-06,23387.95
2026-09-21 10:16:07,23500,213265,174460,80925,242.65,2026-10-06,23372.35
2026-09-21 10:21:07,23500,213265,174460,84955,241.75,2026-10-06,23373.25
2026-09-21 10:26:07,23500,214110,174460,88205,245.15,2026-10-06,23368.05
2026-09-21 10:31:06,23500,215215,174460,92690,241.50,2026-10-06,23368.85
2026-09-21 10:36:06,23500,216515,174460,95615,243.70,2026-10-06,23365.35
2026-09-21 10:41:06,23500,218400,174460,99385,243.35,2026-10-06,23367.00
2026-09-21 10:46:07,23500,219830,174460,101400,235.60,2026-10-06,23381.65
2026-09-21 10:51:07,23500,220220,174460,102050,239.80,2026-10-06,23380.10
2026-09-21 10:56:06,23500,220935,174460,106470,235.65,2026-10-06,23380.75
2026-09-21 11:01:07,23500,221130,174460,107900,233.05,2026-10-06,23386.85
2026-09-21 11:06:07,23500,221780,174460,109590,231.65,2026-10-06,23387.60
2026-09-21 11:11:07,23500,222755,174460,112190,227.25,2026-10-06,23395.90
2026-09-21 11:16:07,23500,225290,174460,117000,228.15,2026-10-06,23396.05
2026-09-21 11:21:06,23500,227500,174460,121160,230.30,2026-10-06,23393.30
2026-09-21 11:26:06,23500,227890,174460,122915,228.25,2026-10-06,23393.85
2026-09-21 11:31:06,23500,230425,174460,126555,225.85,2026-10-06,23400.40
2026-09-21 11:36:07,23500,233935,174460,132665,225.30,2026-10-06,23399.30
2026-09-21 11:41:06,23500,239200,174460,139685,227.40,2026-10-06,23399.45
2026-09-21 11:46:06,23500,242190,174460,143650,224.50,2026-10-06,23402.55
2026-09-21 11:51:07,23500,243100,174460,147550,224.25,2026-10-06,23400.10
2026-09-21 11:56:07,23500,248820,174460,159055,213.05,2026-10-06,23418.50
2026-09-21 12:01:07,23500,261235,174460,175110,210.60,2026-10-06,23430.95
2026-09-21 12:06:07,23500,266175,174460,182000,214.30,2026-10-06,23423.65
2026-09-21 12:11:08,23500,267150,174460,184990,216.05,2026-10-06,23418.05
2026-09-21 12:16:07,23500,269490,174460,188890,213.65,2026-10-06,23419.65
2026-09-21 12:21:07,23500,273585,174460,194220,214.50,2026-10-06,23417.80
2026-09-21 12:26:07,23500,275275,174460,204490,216.55,2026-10-06,23415.85
2026-09-21 12:31:08,23500,277810,174460,209300,213.40,2026-10-06,23422.40
2026-09-21 12:36:07,23500,280475,174460,218985,215.00,2026-10-06,23414.45
2026-09-21 12:41:07,23500,284440,174460,223665,216.50,2026-10-06,23412.15
2026-09-21 12:46:07,23500,290875,174460,238095,214.40,2026-10-06,23415.75
2026-09-21 12:51:07,23500,295555,174460,244595,217.30,2026-10-06,23413.00
2026-09-21 12:56:07,23500,296010,174460,248885,215.40,2026-10-06,23413.70
2026-09-21 13:01:07,23500,297830,174460,252590,218.60,2026-10-06,23412.00
2026-09-21 13:06:07,23500,297700,174460,255840,220.00,2026-10-06,23407.90
2026-09-21 13:11:07,23500,296660,174460,262405,221.60,2026-10-06,23403.30
2026-09-21 13:16:09,23500,303225,174460,286195,216.25,2026-10-06,23418.15
2026-09-21 13:21:08,23500,303810,174460,292760,211.15,2026-10-06,23423.65
2026-09-21 13:26:07,23500,306865,174460,297895,210.20,2026-10-06,23426.75
2026-09-21 13:31:07,23500,309855,174460,304655,207.90,2026-10-06,23427.00
2026-09-21 13:36:07,23500,316680,174460,314535,205.10,2026-10-06,23436.25
2026-09-21 13:41:08,23500,323440,174460,321815,208.00,2026-10-06,23430.05
2026-09-21 13:46:07,23500,324090,174460,326560,208.05,2026-10-06,23429.50
2026-09-21 13:51:07,23500,324545,174460,331110,205.10,2026-10-06,23437.30
2026-09-21 13:56:07,23500,342550,174460,366600,202.05,2026-10-06,23445.50
2026-09-21 14:01:06,23500,358410,174460,399815,192.20,2026-10-06,23463.55
2026-09-21 14:06:07,23500,366275,174460,413270,195.25,2026-10-06,23457.95
2026-09-21 14:11:08,23500,368875,174460,422240,198.35,2026-10-06,23452.05
2026-09-21 14:16:07,23500,371215,174460,434915,199.25,2026-10-06,23451.05
2026-09-21 14:21:07,23500,399620,174460,470470,192.80,2026-10-06,23461.20
2026-09-21 14:26:08,23500,408460,174460,486135,196.05,2026-10-06,23454.60
2026-09-21 14:31:07,23500,418340,174460,503165,199.95,2026-10-06,23446.85
2026-09-21 14:36:07,23500,423540,174460,509925,201.80,2026-10-06,23444.65
2026-09-21 14:40:08,23500,430430,174460,522990,199.45,2026-10-06,23448.15
2026-09-21 14:46:07,23500,442130,174460,538850,197.20,2026-10-06,23450.85
2026-09-21 14:51:08,23500,444600,174460,544180,197.20,2026-10-06,23450.80
2026-09-21 14:56:07,23500,448500,174460,549770,197.15,2026-10-06,23450.15
2026-09-21 15:01:07,23500,452335,174460,564135,197.25,2026-10-06,23447.20
2026-09-21 15:06:07,23500,454415,174460,574860,197.10,2026-10-06,23441.00
2026-09-21 15:11:07,23500,457340,174460,583830,198.90,2026-10-06,23437.70
2026-09-21 15:16:07,23500,465530,174460,606645,198.10,2026-10-06,23429.00
2026-09-21 15:21:07,23500,474500,174460,622310,197.70,2026-10-06,23429.00
2026-09-21 15:26:08,23500,475800,174460,633945,198.60,2026-10-06,23429.00
2026-09-21 15:31:07,23500,487240,174460,695955,201.55,2026-10-06,23414.30
2026-09-21 15:36:08,23500,496145,174460,732420,199.00,2026-10-06,23414.30
2026-09-21 15:41:07,23500,497770,174460,753415,198.80,2026-10-06,23414.30
2026-09-21 22:30:06,23500,497770,174460,753415,198.80,2026-10-06,23414.30
2026-09-21 22:35:07,23500,497770,174460,753415,198.80,2026-10-06,23414.30
2026-09-21 23:00:06,23500,497770,174460,753415,198.80,2026-10-06,23414.30
2026-09-21 23:05:07,23500,497770,174460,753415,198.80,2026-10-06,23414.30
2026-09-21 08:54:06,23600,743015,750100,9293050,256.30,2026-09-22,23346.40
2026-09-21 08:55:06,23600,743015,750100,9293050,256.30,2026-09-22,23346.40
2026-09-21 09:00:06,23600,743015,750100,9293050,256.30,2026-09-22,23197.15
2026-09-21 09:12:06,23600,743015,739765,9293050,256.30,2026-09-22,23330.20
2026-09-21 09:16:06,23600,747240,739765,166270,254.50,2026-09-22,23342.95
2026-09-21 09:21:06,23600,892190,739765,657865,228.65,2026-09-22,23384.85
2026-09-21 09:26:05,23600,939770,739765,935415,229.65,2026-09-22,23386.00
2026-09-21 09:31:06,23600,1113125,739765,1360645,214.00,2026-09-22,23402.20
2026-09-21 09:36:06,23600,1185080,739765,1727050,210.40,2026-09-22,23406.40
2026-09-21 09:41:06,23600,1175720,739765,2065310,228.90,2026-09-22,23386.00
2026-09-21 09:46:05,23600,1149265,739765,2307435,217.75,2026-09-22,23398.70
2026-09-21 09:51:05,23600,1186055,739765,2653950,213.20,2026-09-22,23401.95
2026-09-21 09:56:06,23600,1210170,739765,2861495,219.05,2026-09-22,23395.40
2026-09-21 10:01:05,23600,1168245,739765,3144635,221.15,2026-09-22,23392.20
2026-09-21 10:06:05,23600,1112865,739765,3537755,232.30,2026-09-22,23384.90
2026-09-21 10:11:06,23600,1116440,739765,3830515,227.90,2026-09-22,23387.85
2026-09-21 10:16:06,23600,1133925,739765,4328805,239.00,2026-09-22,23371.85
2026-09-21 10:21:06,23600,1145235,739765,4514315,238.60,2026-09-22,23371.90
2026-09-21 10:26:06,23600,1131845,739765,4740060,241.90,2026-09-22,23366.40
2026-09-21 10:31:06,23600,1093365,739765,5071365,238.00,2026-09-22,23368.60
2026-09-21 10:36:06,23600,1090505,739765,5330065,242.70,2026-09-22,23365.70
2026-09-21 10:41:05,23600,1090440,739765,5451355,244.25,2026-09-22,23367.35
2026-09-21 10:46:06,23600,1073540,739765,5726695,227.50,2026-09-22,23381.95
2026-09-21 10:51:06,23600,1112540,739765,5986240,229.65,2026-09-22,23379.70
2026-09-21 10:56:05,23600,1123460,739765,6200025,229.00,2026-09-22,23380.50
2026-09-21 11:01:06,23600,1209390,739765,6408090,226.25,2026-09-22,23385.15
2026-09-21 11:06:06,23600,1305330,739765,6605950,223.80,2026-09-22,23386.50
2026-09-21 11:11:06,23600,1332370,739765,6788535,216.05,2026-09-22,23394.65
2026-09-21 11:16:06,23600,1384175,739765,7005960,217.90,2026-09-22,23395.80
2026-09-21 11:21:05,23600,1325350,739765,7271810,220.80,2026-09-22,23392.30
2026-09-21 11:26:05,23600,1329770,739765,7369310,219.35,2026-09-22,23393.30
2026-09-21 11:31:05,23600,1353690,739765,7524985,211.60,2026-09-22,23400.10
2026-09-21 11:36:06,23600,1431820,739765,7796490,212.05,2026-09-22,23399.10
2026-09-21 11:41:06,23600,1429350,739765,7982975,217.10,2026-09-22,23398.65
2026-09-21 11:46:05,23600,1505855,739765,8236670,212.25,2026-09-22,23403.25
2026-09-21 11:51:06,23600,1450020,739765,8494330,213.70,2026-09-22,23399.85
2026-09-21 11:56:06,23600,1502865,739765,9058140,197.50,2026-09-22,23417.40
2026-09-21 12:01:06,23600,1715935,739765,9531990,193.70,2026-09-22,23429.85
2026-09-21 12:06:06,23600,1713920,739765,9867780,198.05,2026-09-22,23423.05
2026-09-21 12:11:07,23600,1705405,739765,10286250,200.55,2026-09-22,23417.70
2026-09-21 12:16:06,23600,1727570,739765,10444915,196.80,2026-09-22,23418.55
2026-09-21 12:21:06,23600,1753570,739765,10557690,196.75,2026-09-22,23417.20
2026-09-21 12:26:06,23600,1739270,739765,10764520,199.30,2026-09-22,23415.75
2026-09-21 12:31:07,23600,1740830,739765,10948600,194.80,2026-09-22,23421.65
2026-09-21 12:36:06,23600,1750905,739765,11116040,198.70,2026-09-22,23414.40
2026-09-21 12:41:06,23600,1764230,739765,11413610,202.60,2026-09-22,23411.55
2026-09-21 12:46:06,23600,1704170,739765,11657945,197.25,2026-09-22,23414.90
2026-09-21 12:51:06,23600,1704430,739765,11800035,202.90,2026-09-22,23412.40
2026-09-21 12:56:06,23600,1710995,739765,11895910,200.15,2026-09-22,23414.80
2026-09-21 13:01:06,23600,1692860,739765,11997440,203.00,2026-09-22,23411.95
2026-09-21 13:06:06,23600,1647620,739765,12251070,206.55,2026-09-22,23407.60
2026-09-21 13:11:06,23600,1607905,739765,12562290,210.65,2026-09-22,23402.90
2026-09-21 13:16:07,23600,1579565,739765,12925510,199.50,2026-09-22,23417.70
2026-09-21 13:21:07,23600,1603420,739765,13365495,193.15,2026-09-22,23424.00
2026-09-21 13:26:06,23600,1658345,739765,13662025,191.15,2026-09-22,23426.85
2026-09-21 13:31:06,23600,1725685,739765,13903435,191.05,2026-09-22,23426.85
2026-09-21 13:36:06,23600,1932450,739765,14381445,182.75,2026-09-22,23435.55
2026-09-21 13:41:07,23600,2023840,739765,14739920,190.45,2026-09-22,23429.95
2026-09-21 13:46:06,23600,1932255,739765,15082730,190.25,2026-09-22,23428.85
2026-09-21 13:51:06,23600,1943240,739765,15285465,183.35,2026-09-22,23437.55
2026-09-21 13:56:06,23600,2043860,739765,15668575,180.00,2026-09-22,23444.45
2026-09-21 14:01:05,23600,2385305,739765,17679935,160.00,2026-09-22,23463.55
2026-09-21 14:06:06,23600,2605785,739765,18487235,164.50,2026-09-22,23457.85
2026-09-21 14:11:07,23600,2639910,739765,19023680,167.70,2026-09-22,23451.70
2026-09-21 14:16:06,23600,2667015,739765,19506110,168.15,2026-09-22,23450.90
2026-09-21 14:21:06,23600,2707120,739765,20147465,160.00,2026-09-22,23461.20
2026-09-21 14:26:07,23600,2723565,739765,20598825,165.50,2026-09-22,23453.90
2026-09-21 14:31:06,23600,2691195,739765,21369920,169.60,2026-09-22,23445.85
2026-09-21 14:36:06,23600,2556645,739765,21868080,172.00,2026-09-22,23444.00
2026-09-21 14:40:07,23600,2486185,739765,22303515,166.00,2026-09-22,23448.05
2026-09-21 14:46:06,23600,2510625,739765,22547785,165.70,2026-09-22,23450.55
2026-09-21 14:51:07,23600,2471755,739765,22900735,166.60,2026-09-22,23450.75
2026-09-21 14:56:06,23600,2467530,739765,23138960,166.80,2026-09-22,23449.75
2026-09-21 15:01:06,23600,2389010,739765,23951460,168.75,2026-09-22,23448.10
2026-09-21 15:06:06,23600,2297490,739765,24421865,169.35,2026-09-22,23440.25
2026-09-21 15:11:06,23600,2134665,739765,24922625,172.35,2026-09-22,23437.10
2026-09-21 15:16:06,23600,1975545,739765,25536355,168.00,2026-09-22,23429.00
2026-09-21 15:21:06,23600,1914770,739765,26060190,166.55,2026-09-22,23429.00
2026-09-21 15:26:07,23600,1857700,739765,26547105,169.80,2026-09-22,23429.00
2026-09-21 15:31:06,23600,1707290,739765,26923910,171.20,2026-09-22,23414.30
2026-09-21 15:36:07,23600,1419015,739765,27530100,165.35,2026-09-22,23414.30
2026-09-21 15:41:06,23600,1207180,739765,27840930,160.35,2026-09-22,23414.30
2026-09-21 22:30:05,23600,1207180,739765,27840930,160.35,2026-09-22,23414.30
2026-09-21 22:35:06,23600,1207180,739765,27840930,160.35,2026-09-22,23414.30
2026-09-21 23:00:05,23600,1207180,739765,27840930,160.35,2026-09-22,23414.30
2026-09-21 23:05:06,23600,1207180,739765,27840930,160.35,2026-09-22,23414.30
2026-09-21 08:54:07,23600,1369680,1412255,714935,292.50,2026-09-29,23346.40
2026-09-21 08:55:06,23600,1369680,1412255,714935,292.50,2026-09-29,23346.40
2026-09-21 09:00:07,23600,1369680,1412255,714935,292.50,2026-09-29,23197.80
2026-09-21 09:12:07,23600,1369680,1370005,714935,292.50,2026-09-29,23330.20
2026-09-21 09:16:06,23600,1370525,1370005,125190,288.85,2026-09-29,23343.65
2026-09-21 09:21:06,23600,1383915,1370005,184015,269.25,2026-09-29,23385.35
2026-09-21 09:26:06,23600,1390480,1370005,227370,269.05,2026-09-29,23386.30
2026-09-21 09:31:06,23600,1396590,1370005,291070,257.05,2026-09-29,23401.55
2026-09-21 09:36:06,23600,1416480,1370005,318565,255.35,2026-09-29,23406.40
2026-09-21 09:41:06,23600,1419600,1370005,364325,267.85,2026-09-29,23386.65
2026-09-21 09:46:06,23600,1426620,1370005,385710,261.35,2026-09-29,23398.55
2026-09-21 09:51:06,23600,1433315,1370005,418015,257.15,2026-09-29,23402.45
2026-09-21 09:56:06,23600,1444755,1370005,448955,261.40,2026-09-29,23395.15
2026-09-21 10:01:06,23600,1446575,1370005,473200,263.15,2026-09-29,23391.85
2026-09-21 10:06:06,23600,1444885,1370005,500630,270.30,2026-09-29,23384.15
2026-09-21 10:11:07,23600,1428700,1370005,561015,266.25,2026-09-29,23387.90
2026-09-21 10:16:07,23600,1431430,1370005,583115,274.75,2026-09-29,23371.90
2026-09-21 10:21:06,23600,1429870,1370005,598845,274.00,2026-09-29,23372.55
2026-09-21 10:26:06,23600,1429935,1370005,621205,277.00,2026-09-29,23366.60
2026-09-21 10:31:06,23600,1423890,1370005,646100,274.00,2026-09-29,23368.65
2026-09-21 10:36:06,23600,1406925,1370005,737425,276.60,2026-09-29,23365.90
2026-09-21 10:41:06,23600,1404195,1370005,748540,276.95,2026-09-29,23366.90
2026-09-21 10:46:06,23600,1407055,1370005,760500,263.30,2026-09-29,23381.05
2026-09-21 10:51:06,23600,1408680,1370005,773240,267.90,2026-09-29,23380.20
2026-09-21 10:56:06,23600,1410370,1370005,785655,266.80,2026-09-29,23380.20
2026-09-21 11:01:07,23600,1430130,1370005,863135,264.00,2026-09-29,23386.80
2026-09-21 11:06:07,23600,1431560,1370005,875095,262.75,2026-09-29,23387.55
2026-09-21 11:11:07,23600,1437020,1370005,919425,256.00,2026-09-29,23395.80
2026-09-21 11:16:06,23600,1437345,1370005,928915,257.05,2026-09-29,23395.20
2026-09-21 11:21:06,23600,1440010,1370005,944125,260.00,2026-09-29,23392.40
2026-09-21 11:26:06,23600,1441310,1370005,950495,257.80,2026-09-29,23393.30
2026-09-21 11:31:06,23600,1441050,1370005,958490,254.65,2026-09-29,23400.20
2026-09-21 11:36:07,23600,1445340,1370005,979225,256.00,2026-09-29,23398.80
2026-09-21 11:41:06,23600,1447290,1370005,993785,256.80,2026-09-29,23399.10
2026-09-21 11:46:06,23600,1451060,1370005,1009580,252.70,2026-09-29,23402.45
2026-09-21 11:51:06,23600,1452295,1370005,1015755,252.95,2026-09-29,23400.10
2026-09-21 11:56:06,23600,1458860,1370005,1072565,240.35,2026-09-29,23418.05
2026-09-21 12:01:06,23600,1460160,1370005,1099410,237.20,2026-09-29,23430.40
2026-09-21 12:06:07,23600,1462500,1370005,1126190,240.25,2026-09-29,23423.80
2026-09-21 12:11:07,23600,1464255,1370005,1142505,243.55,2026-09-29,23418.25
2026-09-21 12:16:06,23600,1465100,1370005,1151410,240.80,2026-09-29,23418.30
2026-09-21 12:21:06,23600,1465100,1370005,1155440,240.50,2026-09-29,23417.15
2026-09-21 12:26:06,23600,1448720,1370005,1187160,243.50,2026-09-29,23415.60
2026-09-21 12:31:07,23600,1452555,1370005,1195870,238.55,2026-09-29,23422.00
2026-09-21 12:36:06,23600,1453010,1370005,1205295,242.90,2026-09-29,23414.35
2026-09-21 12:41:07,23600,1454635,1370005,1224470,244.55,2026-09-29,23412.00
2026-09-21 12:46:07,23600,1451190,1370005,1240850,240.80,2026-09-29,23415.85
2026-09-21 12:51:07,23600,1446055,1370005,1255670,245.80,2026-09-29,23413.00
2026-09-21 12:56:07,23600,1445535,1370005,1270815,243.25,2026-09-29,23414.15
2026-09-21 13:01:07,23600,1445340,1370005,1279720,246.10,2026-09-29,23411.85
2026-09-21 13:06:07,23600,1425645,1370005,1324830,249.35,2026-09-29,23408.35
2026-09-21 13:11:07,23600,1423435,1370005,1337570,251.55,2026-09-29,23402.60
2026-09-21 13:16:08,23600,1421225,1370005,1348815,243.15,2026-09-29,23417.50
2026-09-21 13:21:07,23600,1426685,1370005,1370330,237.45,2026-09-29,23423.40
2026-09-21 13:26:06,23600,1427335,1370005,1384565,235.50,2026-09-29,23426.70
2026-09-21 13:31:07,23600,1428960,1370005,1402700,234.80,2026-09-29,23427.10
2026-09-21 13:36:07,23600,1433575,1370005,1435460,230.05,2026-09-29,23435.20
2026-09-21 13:41:07,23600,1438775,1370005,1459575,235.90,2026-09-29,23429.55
2026-09-21 13:46:06,23600,1442870,1370005,1466725,235.00,2026-09-29,23428.85
2026-09-21 13:51:06,23600,1442155,1370005,1484275,230.50,2026-09-29,23437.40
2026-09-21 13:56:07,23600,1447550,1370005,1527175,227.00,2026-09-29,23444.40
2026-09-21 14:01:06,23600,1483430,1370005,1668420,214.35,2026-09-29,23463.50
2026-09-21 14:06:06,23600,1474785,1370005,1719120,219.40,2026-09-29,23457.70
2026-09-21 14:11:07,23600,1471405,1370005,1765335,222.60,2026-09-29,23452.00
2026-09-21 14:16:07,23600,1468155,1370005,1786460,222.25,2026-09-29,23451.20
2026-09-21 14:21:07,23600,1470235,1370005,1834235,215.60,2026-09-29,23461.25
2026-09-21 14:26:07,23600,1452360,1370005,1869465,219.85,2026-09-29,23453.70
2026-09-21 14:31:07,23600,1445860,1370005,1907815,223.35,2026-09-29,23446.50
2026-09-21 14:36:07,23600,1442740,1370005,1930370,225.10,2026-09-29,23444.25
2026-09-21 14:40:07,23600,1440335,1370005,1950455,223.15,2026-09-29,23448.00
2026-09-21 14:46:07,23600,1443975,1370005,1967615,221.20,2026-09-29,23450.35
2026-09-21 14:51:07,23600,1439035,1370005,1984125,222.00,2026-09-29,23451.45
2026-09-21 14:56:06,23600,1437735,1370005,1993745,221.60,2026-09-29,23450.05
2026-09-21 15:01:06,23600,1427140,1370005,2017470,221.90,2026-09-29,23447.05
2026-09-21 15:06:07,23600,1430000,1370005,2035280,223.00,2026-09-29,23441.00
2026-09-21 15:11:06,23600,1429675,1370005,2053285,223.85,2026-09-29,23437.55
2026-09-21 15:16:07,23600,1424670,1370005,2090660,223.20,2026-09-29,23429.00
2026-09-21 15:21:07,23600,1425840,1370005,2137785,224.10,2026-09-29,23429.00
2026-09-21 15:26:07,23600,1429740,1370005,2179970,224.60,2026-09-29,23429.00
2026-09-21 15:31:07,23600,1428765,1370005,2211820,226.95,2026-09-29,23414.30
2026-09-21 15:36:07,23600,1446575,1370005,2271165,222.20,2026-09-29,23414.30
2026-09-21 15:41:06,23600,1452360,1370005,2297490,221.10,2026-09-29,23414.30
2026-09-21 22:30:06,23600,1452360,1370005,2297490,221.10,2026-09-29,23414.30
2026-09-21 22:35:07,23600,1452360,1370005,2297490,221.10,2026-09-29,23414.30
2026-09-21 23:00:05,23600,1452360,1370005,2297490,221.10,2026-09-29,23414.30
2026-09-21 23:05:07,23600,1452360,1370005,2297490,221.10,2026-09-29,23414.30
2026-09-21 08:54:08,23600,33345,21580,32565,318.40,2026-10-06,23346.40
2026-09-21 08:55:07,23600,33345,21580,32565,318.40,2026-10-06,23346.40
2026-09-21 09:00:07,23600,33345,21580,32565,318.40,2026-10-06,23216.50
2026-09-21 09:12:07,23600,33345,33280,32565,318.40,2026-10-06,23330.20
2026-09-21 09:16:07,23600,33345,33280,0,318.40,2026-10-06,23341.85
2026-09-21 09:21:06,23600,34190,33280,7150,299.00,2026-10-06,23384.75
2026-09-21 09:26:06,23600,35425,33280,10400,300.00,2026-10-06,23385.35
2026-09-21 09:31:07,23600,35425,33280,14560,286.80,2026-10-06,23401.90
2026-09-21 09:36:07,23600,36335,33280,15730,285.00,2026-10-06,23406.50
2026-09-21 09:41:07,23600,36205,33280,17355,297.00,2026-10-06,23387.30
2026-09-21 09:46:07,23600,36400,33280,17745,290.30,2026-10-06,23397.90
2026-09-21 09:51:06,23600,36530,33280,18395,287.50,2026-10-06,23402.35
2026-09-21 09:56:07,23600,36920,33280,18590,290.95,2026-10-06,23394.85
2026-09-21 10:01:06,23600,36985,33280,18720,293.00,2026-10-06,23391.90
2026-09-21 10:06:06,23600,37375,33280,20995,297.25,2026-10-06,23384.65
2026-09-21 10:11:07,23600,37310,33280,21645,295.25,2026-10-06,23387.95
2026-09-21 10:16:07,23600,37505,33280,24245,300.00,2026-10-06,23372.35
2026-09-21 10:21:07,23600,38480,33280,24310,297.10,2026-10-06,23373.25
2026-09-21 10:26:07,23600,38480,33280,25220,304.00,2026-10-06,23368.05
2026-09-21 10:31:06,23600,39585,33280,28145,300.00,2026-10-06,23368.85
2026-09-21 10:36:06,23600,40885,33280,30940,302.00,2026-10-06,23365.35
2026-09-21 10:41:06,23600,40040,33280,31135,303.50,2026-10-06,23367.00
2026-09-21 10:46:07,23600,38805,33280,35165,291.45,2026-10-06,23381.65
2026-09-21 10:51:07,23600,38935,33280,37180,293.60,2026-10-06,23380.10
2026-09-21 10:56:06,23600,39390,33280,38155,291.20,2026-10-06,23380.75
2026-09-21 11:01:07,23600,39715,33280,38870,289.20,2026-10-06,23386.85
2026-09-21 11:06:07,23600,39780,33280,38935,290.45,2026-10-06,23387.60
2026-09-21 11:11:07,23600,39780,33280,39780,284.20,2026-10-06,23395.90
2026-09-21 11:16:07,23600,39845,33280,39975,281.95,2026-10-06,23396.05
2026-09-21 11:21:06,23600,39715,33280,40235,287.05,2026-10-06,23393.30
2026-09-21 11:26:06,23600,39715,33280,40365,284.20,2026-10-06,23393.85
2026-09-21 11:31:06,23600,39715,33280,40430,281.65,2026-10-06,23400.40
2026-09-21 11:36:07,23600,39585,33280,40625,283.95,2026-10-06,23399.30
2026-09-21 11:41:06,23600,39650,33280,40820,282.20,2026-10-06,23399.45
2026-09-21 11:46:06,23600,39780,33280,41405,280.50,2026-10-06,23402.55
2026-09-21 11:51:07,23600,39715,33280,41600,282.60,2026-10-06,23400.10
2026-09-21 11:56:07,23600,40755,33280,44135,268.55,2026-10-06,23418.50
2026-09-21 12:01:07,23600,41210,33280,45435,266.50,2026-10-06,23430.95
2026-09-21 12:06:07,23600,41535,33280,45760,268.90,2026-10-06,23423.65
2026-09-21 12:11:08,23600,41795,33280,46540,272.95,2026-10-06,23418.05
2026-09-21 12:16:07,23600,42055,33280,46735,270.25,2026-10-06,23419.65
2026-09-21 12:21:07,23600,42055,33280,47450,269.00,2026-10-06,23417.80
2026-09-21 12:26:07,23600,42380,33280,49595,272.60,2026-10-06,23415.85
2026-09-21 12:31:08,23600,42315,33280,52455,270.00,2026-10-06,23422.40
2026-09-21 12:36:07,23600,41145,33280,53950,270.65,2026-10-06,23414.45
2026-09-21 12:41:07,23600,41795,33280,55445,274.00,2026-10-06,23412.15
2026-09-21 12:46:07,23600,48360,33280,66560,272.00,2026-10-06,23415.75
2026-09-21 12:51:07,23600,49920,33280,67015,273.60,2026-10-06,23413.00
2026-09-21 12:56:07,23600,51480,33280,69550,272.00,2026-10-06,23413.70
2026-09-21 13:01:07,23600,53105,33280,71500,274.15,2026-10-06,23412.00
2026-09-21 13:06:07,23600,53300,33280,74880,275.70,2026-10-06,23407.90
2026-09-21 13:11:07,23600,57915,33280,84890,278.85,2026-10-06,23403.30
2026-09-21 13:16:09,23600,57915,33280,87490,271.05,2026-10-06,23418.15
2026-09-21 13:21:08,23600,59150,33280,90610,265.60,2026-10-06,23423.65
2026-09-21 13:26:07,23600,59540,33280,91000,265.75,2026-10-06,23426.75
2026-09-21 13:31:07,23600,59865,33280,91585,261.60,2026-10-06,23427.00
2026-09-21 13:36:07,23600,58955,33280,93730,258.80,2026-10-06,23436.25
2026-09-21 13:41:08,23600,59670,33280,94770,259.65,2026-10-06,23430.05
2026-09-21 13:46:07,23600,60710,33280,96005,262.30,2026-10-06,23429.50
2026-09-21 13:51:07,23600,60060,33280,97760,259.65,2026-10-06,23437.30
2026-09-21 13:56:07,23600,60255,33280,98280,258.05,2026-10-06,23445.50
2026-09-21 14:01:06,23600,62205,33280,103350,243.10,2026-10-06,23463.55
2026-09-21 14:06:07,23600,64675,33280,107250,247.25,2026-10-06,23457.95
2026-09-21 14:11:08,23600,65325,33280,108485,249.30,2026-10-06,23452.05
2026-09-21 14:16:07,23600,65520,33280,110825,250.70,2026-10-06,23451.05
2026-09-21 14:21:07,23600,66625,33280,115570,244.50,2026-10-06,23461.20
2026-09-21 14:26:08,23600,67405,33280,119405,248.70,2026-10-06,23454.60
2026-09-21 14:31:07,23600,69030,33280,121745,253.15,2026-10-06,23446.85
2026-09-21 14:36:07,23600,68965,33280,122460,255.60,2026-10-06,23444.65
2026-09-21 14:40:08,23600,69615,33280,126620,251.00,2026-10-06,23448.15
2026-09-21 14:46:07,23600,76570,33280,136110,249.90,2026-10-06,23450.85
2026-09-21 14:51:08,23600,76310,33280,139165,249.10,2026-10-06,23450.80
2026-09-21 14:56:07,23600,76765,33280,140465,250.40,2026-10-06,23450.15
2026-09-21 15:01:07,23600,78195,33280,143065,250.65,2026-10-06,23447.20
2026-09-21 15:06:07,23600,82875,33280,161330,250.80,2026-10-06,23441.00
2026-09-21 15:11:07,23600,89570,33280,170820,252.20,2026-10-06,23437.70
2026-09-21 15:16:07,23600,97695,33280,182845,250.70,2026-10-06,23429.00
2026-09-21 15:21:07,23600,102245,33280,187460,250.75,2026-10-06,23429.00
2026-09-21 15:26:08,23600,103870,33280,192530,252.15,2026-10-06,23429.00
2026-09-21 15:31:07,23600,104065,33280,194415,254.20,2026-10-06,23414.30
2026-09-21 15:36:08,23600,103935,33280,195390,249.90,2026-10-06,23414.30
2026-09-21 15:41:07,23600,104585,33280,198835,250.70,2026-10-06,23414.30
2026-09-21 22:30:06,23600,104585,33280,198835,250.70,2026-10-06,23414.30
2026-09-21 22:35:07,23600,104585,33280,198835,250.70,2026-10-06,23414.30
2026-09-21 23:00:06,23600,104585,33280,198835,250.70,2026-10-06,23414.30
2026-09-21 23:05:07,23600,104585,33280,198835,250.70,2026-10-06,23414.30
2026-09-21 08:54:06,23700,536835,708175,1842425,351.75,2026-09-22,23346.40
2026-09-21 08:55:06,23700,536835,708175,1842425,351.75,2026-09-22,23346.40
2026-09-21 09:00:06,23700,536835,708175,1842425,351.75,2026-09-22,23197.15
2026-09-21 09:12:06,23700,536835,536770,1842425,351.75,2026-09-22,23330.20
2026-09-21 09:16:06,23700,537420,536770,18395,349.20,2026-09-22,23342.95
2026-09-21 09:21:06,23700,571545,536770,122200,321.95,2026-09-22,23384.85
2026-09-21 09:26:05,23700,589355,536770,176930,324.45,2026-09-22,23386.00
2026-09-21 09:31:06,23700,615810,536770,264225,306.40,2026-09-22,23402.20
2026-09-21 09:36:06,23700,639210,536770,351910,303.00,2026-09-22,23406.40
2026-09-21 09:41:06,23700,646165,536770,436540,321.80,2026-09-22,23386.00
2026-09-21 09:46:05,23700,634855,536770,483535,311.85,2026-09-22,23398.70
2026-09-21 09:51:05,23700,645255,536770,539175,305.90,2026-09-22,23401.95
2026-09-21 09:56:06,23700,640510,536770,575185,312.65,2026-09-22,23395.40
2026-09-21 10:01:05,23700,658905,536770,655460,315.85,2026-09-22,23392.20
2026-09-21 10:06:05,23700,645320,536770,770445,326.95,2026-09-22,23384.90
2026-09-21 10:11:06,23700,663585,536770,823290,322.40,2026-09-22,23387.85
2026-09-21 10:16:06,23700,659685,536770,967785,334.00,2026-09-22,23371.85
2026-09-21 10:21:06,23700,656630,536770,1045915,334.00,2026-09-22,23371.90
2026-09-21 10:26:06,23700,657215,536770,1080755,337.20,2026-09-22,23366.40
2026-09-21 10:31:06,23700,635375,536770,1133080,333.40,2026-09-22,23368.60
2026-09-21 10:36:06,23700,642915,536770,1212120,338.00,2026-09-22,23365.70
2026-09-21 10:41:05,23700,648635,536770,1233960,340.55,2026-09-22,23367.35
2026-09-21 10:46:06,23700,643565,536770,1275820,322.75,2026-09-22,23381.95
2026-09-21 10:51:06,23700,643175,536770,1301885,324.00,2026-09-22,23379.70
2026-09-21 10:56:05,23700,642395,536770,1336270,324.70,2026-09-22,23380.50
2026-09-21 11:01:06,23700,641420,536770,1352715,322.10,2026-09-22,23385.15
2026-09-21 11:06:06,23700,641875,536770,1372865,318.10,2026-09-22,23386.50
2026-09-21 11:11:06,23700,641810,536770,1411280,310.00,2026-09-22,23394.65
2026-09-21 11:16:06,23700,641875,536770,1451580,311.15,2026-09-22,23395.80
2026-09-21 11:21:05,23700,644345,536770,1497405,314.40,2026-09-22,23392.30
2026-09-21 11:26:05,23700,645385,536770,1516450,312.80,2026-09-22,23393.30
2026-09-21 11:31:05,23700,642460,536770,1545570,305.85,2026-09-22,23400.10
2026-09-21 11:36:06,23700,657215,536770,1595360,306.25,2026-09-22,23399.10
2026-09-21 11:41:06,23700,659295,536770,1619085,312.35,2026-09-22,23398.65
2026-09-21 11:46:05,23700,671645,536770,1660880,305.65,2026-09-22,23403.25
2026-09-21 11:51:06,23700,676195,536770,1686880,306.40,2026-09-22,23399.85
2026-09-21 11:56:06,23700,684515,536770,1780155,289.40,2026-09-22,23417.40
2026-09-21 12:01:06,23700,730665,536770,1914315,284.55,2026-09-22,23429.85
2026-09-21 12:06:06,23700,728520,536770,2002650,290.95,2026-09-22,23423.05
2026-09-21 12:11:07,23700,727285,536770,2045160,293.90,2026-09-22,23417.70
2026-09-21 12:16:06,23700,732810,536770,2081300,288.65,2026-09-22,23418.55
2026-09-21 12:21:06,23700,734175,536770,2105025,290.30,2026-09-22,23417.20
2026-09-21 12:26:06,23700,739440,536770,2134145,291.65,2026-09-22,23415.75
2026-09-21 12:31:07,23700,770315,536770,2199405,287.50,2026-09-22,23421.65
2026-09-21 12:36:06,23700,771225,536770,2238340,291.90,2026-09-22,23414.40
2026-09-21 12:41:06,23700,773110,536770,2308735,296.20,2026-09-22,23411.55
2026-09-21 12:46:06,23700,732225,536770,2377440,290.60,2026-09-22,23414.90
2026-09-21 12:51:06,23700,732160,536770,2395965,296.25,2026-09-22,23412.40
2026-09-21 12:56:06,23700,729755,536770,2418845,293.15,2026-09-22,23414.80
2026-09-21 13:01:06,23700,729170,536770,2435615,296.65,2026-09-22,23411.95
2026-09-21 13:06:06,23700,719550,536770,2470130,301.10,2026-09-22,23407.60
2026-09-21 13:11:06,23700,709410,536770,2525315,305.00,2026-09-22,23402.90
2026-09-21 13:16:07,23700,685945,536770,2571335,293.70,2026-09-22,23417.70
2026-09-21 13:21:07,23700,699335,536770,2667340,284.85,2026-09-22,23424.00
2026-09-21 13:26:06,23700,724425,536770,2706600,283.80,2026-09-22,23426.85
2026-09-21 13:31:06,23700,730405,536770,2754765,284.20,2026-09-22,23426.85
2026-09-21 13:36:06,23700,742950,536770,2824835,275.20,2026-09-22,23435.55
2026-09-21 13:41:07,23700,750425,536770,2869815,283.50,2026-09-22,23429.95
2026-09-21 13:46:06,23700,751400,536770,2911545,283.10,2026-09-22,23428.85
2026-09-21 13:51:06,23700,757055,536770,2944045,276.90,2026-09-22,23437.55
2026-09-21 13:56:06,23700,777205,536770,3006185,272.00,2026-09-22,23444.45
2026-09-21 14:01:05,23700,927615,536770,3359070,249.30,2026-09-22,23463.55
2026-09-21 14:06:06,23700,896090,536770,3507595,254.15,2026-09-22,23457.85
2026-09-21 14:11:07,23700,889460,536770,3583060,257.95,2026-09-22,23451.70
2026-09-21 14:16:06,23700,872170,536770,3670420,259.45,2026-09-22,23450.90
2026-09-21 14:21:06,23700,838760,536770,3773055,249.95,2026-09-22,23461.20
2026-09-21 14:26:07,23700,841360,536770,3819140,255.10,2026-09-22,23453.90
2026-09-21 14:31:06,23700,830115,536770,3909295,260.05,2026-09-22,23445.85
2026-09-21 14:36:06,23700,807430,536770,3961230,263.80,2026-09-22,23444.00
2026-09-21 14:40:07,23700,805935,536770,4025255,256.75,2026-09-22,23448.05
2026-09-21 14:46:06,23700,808470,536770,4067310,256.60,2026-09-22,23450.55
2026-09-21 14:51:07,23700,804570,536770,4119830,257.50,2026-09-22,23450.75
2026-09-21 14:56:06,23700,801385,536770,4164225,257.55,2026-09-22,23449.75
2026-09-21 15:01:06,23700,753545,536770,4263155,258.80,2026-09-22,23448.10
2026-09-21 15:06:06,23700,739700,536770,4310345,261.45,2026-09-22,23440.25
2026-09-21 15:11:06,23700,706550,536770,4378400,264.35,2026-09-22,23437.10
2026-09-21 15:16:06,23700,686855,536770,4466150,260.00,2026-09-22,23429.00
2026-09-21 15:21:06,23700,674895,536770,4553705,259.45,2026-09-22,23429.00
2026-09-21 15:26:07,23700,655590,536770,4611490,262.85,2026-09-22,23429.00
2026-09-21 15:31:06,23700,631670,536770,4685590,264.30,2026-09-22,23414.30
2026-09-21 15:36:07,23700,611845,536770,4732455,258.40,2026-09-22,23414.30
2026-09-21 15:41:06,23700,594360,536770,4792580,254.95,2026-09-22,23414.30
2026-09-21 22:30:05,23700,594360,536770,4792580,254.95,2026-09-22,23414.30
2026-09-21 22:35:06,23700,594360,536770,4792580,254.95,2026-09-22,23414.30
2026-09-21 23:00:05,23700,594360,536770,4792580,254.95,2026-09-22,23414.30
2026-09-21 23:05:06,23700,594360,536770,4792580,254.95,2026-09-22,23414.30
2026-09-21 08:54:07,23700,1026155,1033045,325520,370.00,2026-09-29,23346.40
2026-09-21 08:55:06,23700,1026155,1033045,325520,370.00,2026-09-29,23346.40
2026-09-21 09:00:07,23700,1026155,1033045,325520,370.00,2026-09-29,23197.80
2026-09-21 09:12:07,23700,1026155,1025570,325520,370.00,2026-09-29,23330.20
2026-09-21 09:16:06,23700,1025505,1025570,3445,365.50,2026-09-29,23343.65
2026-09-21 09:21:06,23700,1026285,1025570,29510,345.30,2026-09-29,23385.35
2026-09-21 09:26:06,23700,1025635,1025570,39455,342.00,2026-09-29,23386.30
2026-09-21 09:31:06,23700,1035190,1025570,62010,327.85,2026-09-29,23401.55
2026-09-21 09:36:06,23700,1035775,1025570,73710,328.05,2026-09-29,23406.40
2026-09-21 09:41:06,23700,1037075,1025570,88855,342.00,2026-09-29,23386.65
2026-09-21 09:46:06,23700,1031680,1025570,107900,335.00,2026-09-29,23398.55
2026-09-21 09:51:06,23700,1032980,1025570,124605,330.55,2026-09-29,23402.45
2026-09-21 09:56:06,23700,1036555,1025570,138710,335.50,2026-09-29,23395.15
2026-09-21 10:01:06,23700,1037010,1025570,143845,337.05,2026-09-29,23391.85
2026-09-21 10:06:06,23700,1036620,1025570,149565,345.35,2026-09-29,23384.15
2026-09-21 10:11:07,23700,1038505,1025570,156325,340.45,2026-09-29,23387.90
2026-09-21 10:16:07,23700,1041235,1025570,165555,348.50,2026-09-29,23371.90
2026-09-21 10:21:06,23700,1040845,1025570,169195,349.10,2026-09-29,23372.55
2026-09-21 10:26:06,23700,1041625,1025570,173160,352.95,2026-09-29,23366.60
2026-09-21 10:31:06,23700,1038180,1025570,182455,349.00,2026-09-29,23368.65
2026-09-21 10:36:06,23700,1037595,1025570,186615,352.95,2026-09-29,23365.90
2026-09-21 10:41:06,23700,1037920,1025570,189150,352.70,2026-09-29,23366.90
2026-09-21 10:46:06,23700,1040585,1025570,194415,338.05,2026-09-29,23381.05
2026-09-21 10:51:06,23700,1043510,1025570,200590,341.00,2026-09-29,23380.20
2026-09-21 10:56:06,23700,1045395,1025570,208650,341.25,2026-09-29,23380.20
2026-09-21 11:01:07,23700,1045785,1025570,212550,337.15,2026-09-29,23386.80
2026-09-21 11:06:07,23700,1047020,1025570,219700,336.25,2026-09-29,23387.55
2026-09-21 11:11:07,23700,1048580,1025570,224575,329.80,2026-09-29,23395.80
2026-09-21 11:16:06,23700,1047995,1025570,228475,331.50,2026-09-29,23395.20
2026-09-21 11:21:06,23700,1050725,1025570,233610,335.00,2026-09-29,23392.40
2026-09-21 11:26:06,23700,1052415,1025570,237185,331.35,2026-09-29,23393.30
2026-09-21 11:31:06,23700,1051180,1025570,240760,326.85,2026-09-29,23400.20
2026-09-21 11:36:07,23700,1068015,1025570,325650,330.00,2026-09-29,23398.80
2026-09-21 11:41:06,23700,1065805,1025570,348465,330.70,2026-09-29,23399.10
2026-09-21 11:46:06,23700,1066390,1025570,351000,327.50,2026-09-29,23402.45
2026-09-21 11:51:06,23700,1066260,1025570,352365,326.60,2026-09-29,23400.10
2026-09-21 11:56:06,23700,1065545,1025570,358670,311.00,2026-09-29,23418.05
2026-09-21 12:01:06,23700,1063205,1025570,372320,308.40,2026-09-29,23430.40
2026-09-21 12:06:07,23700,1062555,1025570,380965,312.00,2026-09-29,23423.80
2026-09-21 12:11:07,23700,1064180,1025570,386880,315.00,2026-09-29,23418.25
2026-09-21 12:16:06,23700,1064570,1025570,390780,312.00,2026-09-29,23418.30
2026-09-21 12:21:06,23700,1061840,1025570,397605,312.00,2026-09-29,23417.15
2026-09-21 12:26:06,23700,1056510,1025570,412880,315.00,2026-09-29,23415.60
2026-09-21 12:31:07,23700,1056510,1025570,415155,310.95,2026-09-29,23422.00
2026-09-21 12:36:06,23700,1057225,1025570,418795,314.90,2026-09-29,23414.35
2026-09-21 12:41:07,23700,1057875,1025570,420095,314.00,2026-09-29,23412.00
2026-09-21 12:46:07,23700,1058070,1025570,424580,312.65,2026-09-29,23415.85
2026-09-21 12:51:07,23700,1058720,1025570,426270,317.85,2026-09-29,23413.00
2026-09-21 12:56:07,23700,1058980,1025570,428480,315.00,2026-09-29,23414.15
2026-09-21 13:01:07,23700,1058850,1025570,435175,318.00,2026-09-29,23411.85
2026-09-21 13:06:07,23700,1057940,1025570,439985,319.85,2026-09-29,23408.35
2026-09-21 13:11:07,23700,1058265,1025570,443625,326.25,2026-09-29,23402.60
2026-09-21 13:16:08,23700,1057940,1025570,447070,316.95,2026-09-29,23417.50
2026-09-21 13:21:07,23700,1057875,1025570,454480,310.00,2026-09-29,23423.40
2026-09-21 13:26:06,23700,1058590,1025570,456755,308.00,2026-09-29,23426.70
2026-09-21 13:31:07,23700,1057550,1025570,463125,306.15,2026-09-29,23427.10
2026-09-21 13:36:07,23700,1058005,1025570,468975,301.35,2026-09-29,23435.20
2026-09-21 13:41:07,23700,1062490,1025570,482365,307.65,2026-09-29,23429.55
2026-09-21 13:46:06,23700,1063270,1025570,487175,305.90,2026-09-29,23428.85
2026-09-21 13:51:06,23700,1063660,1025570,492440,302.20,2026-09-29,23437.40
2026-09-21 13:56:07,23700,1061710,1025570,502645,298.55,2026-09-29,23444.40
2026-09-21 14:01:06,23700,1061190,1025570,531635,282.00,2026-09-29,23463.50
2026-09-21 14:06:06,23700,1059240,1025570,542490,288.20,2026-09-29,23457.70
2026-09-21 14:11:07,23700,1056705,1025570,553865,292.00,2026-09-29,23452.00
2026-09-21 14:16:07,23700,1052805,1025570,561860,292.00,2026-09-29,23451.20
2026-09-21 14:21:07,23700,1056380,1025570,582465,284.00,2026-09-29,23461.25
2026-09-21 14:26:07,23700,1062555,1025570,606840,289.35,2026-09-29,23453.70
2026-09-21 14:31:07,23700,1067495,1025570,631865,294.15,2026-09-29,23446.50
2026-09-21 14:36:07,23700,1068015,1025570,647270,296.45,2026-09-29,23444.25
2026-09-21 14:40:07,23700,1072370,1025570,666120,292.40,2026-09-29,23448.00
2026-09-21 14:46:07,23700,1071915,1025570,682435,291.85,2026-09-29,23450.35
2026-09-21 14:51:07,23700,1071525,1025570,689195,292.80,2026-09-29,23451.45
2026-09-21 14:56:06,23700,1073085,1025570,701415,291.50,2026-09-29,23450.05
2026-09-21 15:01:06,23700,1073540,1025570,710385,292.15,2026-09-29,23447.05
2026-09-21 15:06:07,23700,1069380,1025570,721955,293.35,2026-09-29,23441.00
2026-09-21 15:11:06,23700,1068080,1025570,729820,295.00,2026-09-29,23437.55
2026-09-21 15:16:07,23700,1067690,1025570,736645,294.40,2026-09-29,23429.00
2026-09-21 15:21:07,23700,1064960,1025570,752700,295.20,2026-09-29,23429.00
2026-09-21 15:26:07,23700,1066325,1025570,763295,295.95,2026-09-29,23429.00
2026-09-21 15:31:07,23700,1067365,1025570,772980,297.35,2026-09-29,23414.30
2026-09-21 15:36:07,23700,1062620,1025570,790075,293.45,2026-09-29,23414.30
2026-09-21 15:41:06,23700,1062295,1025570,800540,291.30,2026-09-29,23414.30
2026-09-21 22:30:06,23700,1062295,1025570,800540,291.30,2026-09-29,23414.30
2026-09-21 22:35:07,23700,1062295,1025570,800540,291.30,2026-09-29,23414.30
2026-09-21 23:00:05,23700,1062295,1025570,800540,291.30,2026-09-29,23414.30
2026-09-21 23:05:07,23700,1062295,1025570,800540,291.30,2026-09-29,23414.30
2026-09-21 08:54:08,23700,22035,17030,12805,380.75,2026-10-06,23346.40
2026-09-21 08:55:07,23700,22035,17030,12805,380.75,2026-10-06,23346.40
2026-09-21 09:00:07,23700,22035,17030,12805,380.75,2026-10-06,23216.50
2026-09-21 09:12:07,23700,22035,22035,12805,380.75,2026-10-06,23330.20
2026-09-21 09:16:07,23700,22035,22035,0,380.75,2026-10-06,23341.85
2026-09-21 09:21:06,23700,22100,22035,260,365.00,2026-10-06,23384.75
2026-09-21 09:26:06,23700,22100,22035,325,368.10,2026-10-06,23385.35
2026-09-21 09:31:07,23700,22100,22035,390,352.85,2026-10-06,23401.90
2026-09-21 09:36:07,23700,22100,22035,520,349.70,2026-10-06,23406.50
2026-09-21 09:41:07,23700,22100,22035,585,354.50,2026-10-06,23387.30
2026-09-21 09:46:07,23700,22165,22035,845,359.00,2026-10-06,23397.90
2026-09-21 09:51:06,23700,22230,22035,1040,350.00,2026-10-06,23402.35
2026-09-21 09:56:07,23700,22360,22035,1105,354.05,2026-10-06,23394.85
2026-09-21 10:01:06,23700,22425,22035,1300,354.05,2026-10-06,23391.90
2026-09-21 10:06:06,23700,22555,22035,1365,366.95,2026-10-06,23384.65
2026-09-21 10:11:07,23700,22555,22035,1365,366.95,2026-10-06,23387.95
2026-09-21 10:16:07,23700,22490,22035,1495,359.40,2026-10-06,23372.35
2026-09-21 10:21:07,23700,22555,22035,1690,365.95,2026-10-06,23373.25
2026-09-21 10:26:07,23700,22555,22035,1690,365.95,2026-10-06,23368.05
2026-09-21 10:31:06,23700,22490,22035,1755,364.20,2026-10-06,23368.85
2026-09-21 10:36:06,23700,22555,22035,1820,368.00,2026-10-06,23365.35
2026-09-21 10:41:06,23700,22620,22035,2080,370.65,2026-10-06,23367.00
2026-09-21 10:46:07,23700,22620,22035,2080,370.65,2026-10-06,23381.65
2026-09-21 10:51:07,23700,22620,22035,2080,370.65,2026-10-06,23380.10
2026-09-21 10:56:06,23700,22620,22035,2080,370.65,2026-10-06,23380.75
2026-09-21 11:01:07,23700,22620,22035,2080,370.65,2026-10-06,23386.85
2026-09-21 11:06:07,23700,22620,22035,2145,357.00,2026-10-06,23387.60
2026-09-21 11:11:07,23700,22685,22035,2340,352.00,2026-10-06,23395.90
2026-09-21 11:16:07,23700,22685,22035,2340,352.00,2026-10-06,23396.05
2026-09-21 11:21:06,23700,22620,22035,2470,351.90,2026-10-06,23393.30
2026-09-21 11:26:06,23700,22620,22035,2470,351.90,2026-10-06,23393.85
2026-09-21 11:31:06,23700,22620,22035,2470,351.90,2026-10-06,23400.40
2026-09-21 11:36:07,23700,22750,22035,2600,346.00,2026-10-06,23399.30
2026-09-21 11:41:06,23700,22685,22035,3120,351.40,2026-10-06,23399.45
2026-09-21 11:46:06,23700,22685,22035,3120,351.40,2026-10-06,23402.55
2026-09-21 11:51:07,23700,22425,22035,3705,345.65,2026-10-06,23400.10
2026-09-21 11:56:07,23700,22230,22035,4875,334.00,2026-10-06,23418.50
2026-09-21 12:01:07,23700,22230,22035,5135,332.95,2026-10-06,23430.95
2026-09-21 12:06:07,23700,21840,22035,5785,333.00,2026-10-06,23423.65
2026-09-21 12:11:08,23700,21905,22035,6370,336.15,2026-10-06,23418.05
2026-09-21 12:16:07,23700,21840,22035,6565,334.80,2026-10-06,23419.65
2026-09-21 12:21:07,23700,21840,22035,6565,334.80,2026-10-06,23417.80
2026-09-21 12:26:07,23700,21840,22035,6565,334.80,2026-10-06,23415.85
2026-09-21 12:31:08,23700,21840,22035,6630,333.45,2026-10-06,23422.40
2026-09-21 12:36:07,23700,21775,22035,7085,335.80,2026-10-06,23414.45
2026-09-21 12:41:07,23700,21905,22035,7605,336.20,2026-10-06,23412.15
2026-09-21 12:46:07,23700,21905,22035,7605,336.20,2026-10-06,23415.75
2026-09-21 12:51:07,23700,21905,22035,7605,336.20,2026-10-06,23413.00
2026-09-21 12:56:07,23700,21905,22035,7605,336.20,2026-10-06,23413.70
2026-09-21 13:01:07,23700,22360,22035,11245,336.45,2026-10-06,23412.00
2026-09-21 13:06:07,23700,22425,22035,11635,339.20,2026-10-06,23407.90
2026-09-21 13:11:07,23700,22425,22035,11635,339.20,2026-10-06,23403.30
2026-09-21 13:16:09,23700,22620,22035,12025,334.20,2026-10-06,23418.15
2026-09-21 13:21:08,23700,22945,22035,12675,327.10,2026-10-06,23423.65
2026-09-21 13:26:07,23700,23205,22035,12805,330.65,2026-10-06,23426.75
2026-09-21 13:31:07,23700,23140,22035,12935,328.00,2026-10-06,23427.00
2026-09-21 13:36:07,23700,23205,22035,13130,323.50,2026-10-06,23436.25
2026-09-21 13:41:08,23700,23465,22035,19565,324.65,2026-10-06,23430.05
2026-09-21 13:46:07,23700,23530,22035,19890,326.35,2026-10-06,23429.50
2026-09-21 13:51:07,23700,24440,22035,21060,322.75,2026-10-06,23437.30
2026-09-21 13:56:07,23700,24505,22035,21255,320.00,2026-10-06,23445.50
2026-09-21 14:01:06,23700,24700,22035,22945,303.90,2026-10-06,23463.55
2026-09-21 14:06:07,23700,37115,22035,37765,308.85,2026-10-06,23457.95
2026-09-21 14:11:08,23700,38740,22035,41210,312.15,2026-10-06,23452.05
2026-09-21 14:16:07,23700,39325,22035,42120,312.50,2026-10-06,23451.05
2026-09-21 14:21:07,23700,41340,22035,44460,304.80,2026-10-06,23461.20
2026-09-21 14:26:08,23700,42055,22035,45825,307.45,2026-10-06,23454.60
2026-09-21 14:31:07,23700,42705,22035,46735,313.20,2026-10-06,23446.85
2026-09-21 14:36:07,23700,37635,22035,59930,317.85,2026-10-06,23444.65
2026-09-21 14:40:08,23700,32370,22035,65260,314.90,2026-10-06,23448.15
2026-09-21 14:46:07,23700,33670,22035,67210,312.60,2026-10-06,23450.85
2026-09-21 14:51:08,23700,34905,22035,69225,311.50,2026-10-06,23450.80
2026-09-21 14:56:07,23700,34580,22035,70070,313.55,2026-10-06,23450.15
2026-09-21 15:01:07,23700,35165,22035,71110,317.00,2026-10-06,23447.20
2026-09-21 15:06:07,23700,35165,22035,71305,315.80,2026-10-06,23441.00
2026-09-21 15:11:07,23700,35230,22035,72280,314.30,2026-10-06,23437.70
2026-09-21 15:16:07,23700,35945,22035,74425,312.90,2026-10-06,23429.00
2026-09-21 15:21:07,23700,37115,22035,75595,312.95,2026-10-06,23429.00
2026-09-21 15:26:08,23700,37245,22035,75660,312.00,2026-10-06,23429.00
2026-09-21 15:31:07,23700,37375,22035,76895,316.95,2026-10-06,23414.30
2026-09-21 15:36:08,23700,37375,22035,77155,314.95,2026-10-06,23414.30
2026-09-21 15:41:07,23700,37375,22035,77610,311.55,2026-10-06,23414.30
2026-09-21 22:30:06,23700,37375,22035,77610,311.55,2026-10-06,23414.30
2026-09-21 22:35:07,23700,37375,22035,77610,311.55,2026-10-06,23414.30
2026-09-21 23:00:06,23700,37375,22035,77610,311.55,2026-10-06,23414.30
2026-09-21 23:05:07,23700,37375,22035,77610,311.55,2026-10-06,23414.30
2026-09-21 08:54:06,23800,458900,484380,529035,449.50,2026-09-22,23346.40
2026-09-21 08:55:06,23800,458900,484380,529035,449.50,2026-09-22,23346.40
2026-09-21 09:00:06,23800,458900,484380,529035,449.50,2026-09-22,23197.15
2026-09-21 09:12:06,23800,458900,458770,529035,449.50,2026-09-22,23330.20
2026-09-21 09:16:06,23800,458770,458770,5655,447.20,2026-09-22,23342.95
2026-09-21 09:21:06,23800,461240,458770,25415,420.00,2026-09-22,23384.85
2026-09-21 09:26:05,23800,463970,458770,33735,421.10,2026-09-22,23386.00
2026-09-21 09:31:06,23800,468260,458770,54860,405.20,2026-09-22,23402.20
2026-09-21 09:36:06,23800,485225,458770,95160,400.00,2026-09-22,23406.40
2026-09-21 09:41:06,23800,484575,458770,112125,420.60,2026-09-22,23386.00
2026-09-21 09:46:05,23800,480870,458770,117325,411.50,2026-09-22,23398.70
2026-09-21 09:51:05,23800,482885,458770,132470,404.65,2026-09-22,23401.95
2026-09-21 09:56:06,23800,479700,458770,145730,410.85,2026-09-22,23395.40
2026-09-21 10:01:05,23800,480155,458770,161070,414.70,2026-09-22,23392.20
2026-09-21 10:06:05,23800,482040,458770,183950,426.40,2026-09-22,23384.90
2026-09-21 10:11:06,23800,479115,458770,192465,419.40,2026-09-22,23387.85
2026-09-21 10:16:06,23800,472225,458770,214565,431.45,2026-09-22,23371.85
2026-09-21 10:21:06,23800,473655,458770,227045,432.80,2026-09-22,23371.90
2026-09-21 10:26:06,23800,472225,458770,233740,435.00,2026-09-22,23366.40
2026-09-21 10:31:06,23800,473200,458770,241865,430.65,2026-09-22,23368.60
2026-09-21 10:36:06,23800,474240,458770,248755,437.55,2026-09-22,23365.70
2026-09-21 10:41:05,23800,473395,458770,253630,439.60,2026-09-22,23367.35
2026-09-21 10:46:06,23800,474760,458770,258180,421.25,2026-09-22,23381.95
2026-09-21 10:51:06,23800,473265,458770,264420,424.25,2026-09-22,23379.70
2026-09-21 10:56:05,23800,473330,458770,275080,423.20,2026-09-22,23380.50
2026-09-21 11:01:06,23800,472485,458770,283010,419.00,2026-09-22,23385.15
2026-09-21 11:06:06,23800,472615,458770,292370,415.20,2026-09-22,23386.50
2026-09-21 11:11:06,23800,472680,458770,303680,408.55,2026-09-22,23394.65
2026-09-21 11:16:06,23800,474175,458770,311415,409.25,2026-09-22,23395.80
2026-09-21 11:21:05,23800,472095,458770,317330,413.45,2026-09-22,23392.30
2026-09-21 11:26:05,23800,473525,458770,324155,410.75,2026-09-22,23393.30
2026-09-21 11:31:05,23800,473785,458770,329160,403.95,2026-09-22,23400.10
2026-09-21 11:36:06,23800,478790,458770,347425,407.55,2026-09-22,23399.10
2026-09-21 11:41:06,23800,483795,458770,358995,410.50,2026-09-22,23398.65
2026-09-21 11:46:05,23800,489515,458770,372645,404.00,2026-09-22,23403.25
2026-09-21 11:51:06,23800,487825,458770,379470,404.10,2026-09-22,23399.85
2026-09-21 11:56:06,23800,489580,458770,402740,385.20,2026-09-22,23417.40
2026-09-21 12:01:06,23800,494260,458770,441740,381.70,2026-09-22,23429.85
2026-09-21 12:06:06,23800,509405,458770,478335,389.40,2026-09-22,23423.05
2026-09-21 12:11:07,23800,508495,458770,487825,391.90,2026-09-22,23417.70
2026-09-21 12:16:06,23800,509210,458770,500110,389.45,2026-09-22,23418.55
2026-09-21 12:21:06,23800,509795,458770,509340,388.00,2026-09-22,23417.20
2026-09-21 12:26:06,23800,508885,458770,519220,390.60,2026-09-22,23415.75
2026-09-21 12:31:07,23800,508625,458770,525330,384.00,2026-09-22,23421.65
2026-09-21 12:36:06,23800,509925,458770,532415,390.00,2026-09-22,23414.40
2026-09-21 12:41:06,23800,507780,458770,537160,394.05,2026-09-22,23411.55
2026-09-21 12:46:06,23800,503880,458770,548275,389.20,2026-09-22,23414.90
2026-09-21 12:51:06,23800,495300,458770,582335,394.00,2026-09-22,23412.40
2026-09-21 12:56:06,23800,490425,458770,592280,391.45,2026-09-22,23414.80
2026-09-21 13:01:06,23800,491270,458770,595725,395.75,2026-09-22,23411.95
2026-09-21 13:06:06,23800,479635,458770,618215,398.65,2026-09-22,23407.60
2026-09-21 13:11:06,23800,467285,458770,635570,403.40,2026-09-22,23402.90
2026-09-21 13:16:07,23800,460265,458770,652600,391.60,2026-09-22,23417.70
2026-09-21 13:21:07,23800,457080,458770,668655,382.90,2026-09-22,23424.00
2026-09-21 13:26:06,23800,460720,458770,683020,381.30,2026-09-22,23426.85
2026-09-21 13:31:06,23800,461695,458770,696345,381.80,2026-09-22,23426.85
2026-09-21 13:36:06,23800,465790,458770,715845,373.40,2026-09-22,23435.55
2026-09-21 13:41:07,23800,468650,458770,723710,381.75,2026-09-22,23429.95
2026-09-21 13:46:06,23800,468260,458770,738075,379.75,2026-09-22,23428.85
2026-09-21 13:51:06,23800,468910,458770,746655,373.30,2026-09-22,23437.55
2026-09-21 13:56:06,23800,469235,458770,766935,370.00,2026-09-22,23444.45
2026-09-21 14:01:05,23800,450775,458770,905645,346.45,2026-09-22,23463.55
2026-09-21 14:06:06,23800,472420,458770,966095,350.30,2026-09-22,23457.85
2026-09-21 14:11:07,23800,461240,458770,994890,356.15,2026-09-22,23451.70
2026-09-21 14:16:06,23800,455715,458770,1016665,356.40,2026-09-22,23450.90
2026-09-21 14:21:06,23800,456430,458770,1041690,347.15,2026-09-22,23461.20
2026-09-21 14:26:07,23800,459225,458770,1054235,353.65,2026-09-22,23453.90
2026-09-21 14:31:06,23800,458575,458770,1095055,358.00,2026-09-22,23445.85
2026-09-21 14:36:06,23800,448305,458770,1112930,360.80,2026-09-22,23444.00
2026-09-21 14:40:07,23800,452335,458770,1125475,356.00,2026-09-22,23448.05
2026-09-21 14:46:06,23800,454155,458770,1141140,353.10,2026-09-22,23450.55
2026-09-21 14:51:07,23800,452010,458770,1150045,354.60,2026-09-22,23450.75
2026-09-21 14:56:06,23800,448955,458770,1158105,355.00,2026-09-22,23449.75
2026-09-21 15:01:06,23800,442585,458770,1177085,356.90,2026-09-22,23448.10
2026-09-21 15:06:06,23800,436150,458770,1189175,358.25,2026-09-22,23440.25
2026-09-21 15:11:06,23800,399815,458770,1248000,362.90,2026-09-22,23437.10
2026-09-21 15:16:06,23800,383435,458770,1278550,358.55,2026-09-22,23429.00
2026-09-21 15:21:06,23800,377975,458770,1328860,358.80,2026-09-22,23429.00
2026-09-21 15:26:07,23800,373750,458770,1358760,361.90,2026-09-22,23429.00
2026-09-21 15:31:06,23800,367640,458770,1380990,363.20,2026-09-22,23414.30
2026-09-21 15:36:07,23800,355745,458770,1401465,357.35,2026-09-22,23414.30
2026-09-21 15:41:06,23800,349765,458770,1415375,352.45,2026-09-22,23414.30
2026-09-21 22:30:05,23800,349765,458770,1415375,352.45,2026-09-22,23414.30
2026-09-21 22:35:06,23800,349765,458770,1415375,352.45,2026-09-22,23414.30
2026-09-21 23:00:05,23800,349765,458770,1415375,352.45,2026-09-22,23414.30
2026-09-21 23:05:06,23800,349765,458770,1415375,352.45,2026-09-22,23414.30
2026-09-21 08:54:07,23800,1674920,1707875,393510,452.00,2026-09-29,23346.40
2026-09-21 08:55:06,23800,1674920,1707875,393510,452.00,2026-09-29,23346.40
2026-09-21 09:00:07,23800,1674920,1707875,393510,452.00,2026-09-29,23197.80
2026-09-21 09:12:07,23800,1674920,1674465,393510,452.00,2026-09-29,23330.20
2026-09-21 09:16:06,23800,1674400,1674465,4810,445.00,2026-09-29,23343.65
2026-09-21 09:21:06,23800,1673555,1674465,20930,430.15,2026-09-29,23385.35
2026-09-21 09:26:06,23800,1674270,1674465,27755,425.05,2026-09-29,23386.30
2026-09-21 09:31:06,23800,1673425,1674465,34190,410.60,2026-09-29,23401.55
2026-09-21 09:36:06,23800,1672515,1674465,41795,410.00,2026-09-29,23406.40
2026-09-21 09:41:06,23800,1673100,1674465,47515,425.90,2026-09-29,23386.65
2026-09-21 09:46:06,23800,1675570,1674465,54860,418.00,2026-09-29,23398.55
2026-09-21 09:51:06,23800,1672450,1674465,61035,414.25,2026-09-29,23402.45
2026-09-21 09:56:06,23800,1675180,1674465,71305,418.80,2026-09-29,23395.15
2026-09-21 10:01:06,23800,1674595,1674465,75920,419.60,2026-09-29,23391.85
2026-09-21 10:06:06,23800,1678560,1674465,84435,426.50,2026-09-29,23384.15
2026-09-21 10:11:07,23800,1677195,1674465,92105,425.00,2026-09-29,23387.90
2026-09-21 10:16:07,23800,1674595,1674465,96785,432.95,2026-09-29,23371.90
2026-09-21 10:21:06,23800,1674140,1674465,98540,432.25,2026-09-29,23372.55
2026-09-21 10:26:06,23800,1674465,1674465,101075,436.60,2026-09-29,23366.60
2026-09-21 10:31:06,23800,1673035,1674465,105235,434.00,2026-09-29,23368.65
2026-09-21 10:36:06,23800,1673685,1674465,107705,438.00,2026-09-29,23365.90
2026-09-21 10:41:06,23800,1674075,1674465,111800,437.80,2026-09-29,23366.90
2026-09-21 10:46:06,23800,1676805,1674465,116610,422.95,2026-09-29,23381.05
2026-09-21 10:51:06,23800,1677845,1674465,118820,428.15,2026-09-29,23380.20
2026-09-21 10:56:06,23800,1678040,1674465,121095,424.00,2026-09-29,23380.20
2026-09-21 11:01:07,23800,1677715,1674465,126750,422.00,2026-09-29,23386.80
2026-09-21 11:06:07,23800,1678495,1674465,129220,420.00,2026-09-29,23387.55
2026-09-21 11:11:07,23800,1679860,1674465,134290,416.20,2026-09-29,23395.80
2026-09-21 11:16:06,23800,1679340,1674465,136630,416.50,2026-09-29,23395.20
2026-09-21 11:21:06,23800,1679535,1674465,140140,418.10,2026-09-29,23392.40
2026-09-21 11:26:06,23800,1679730,1674465,142740,413.50,2026-09-29,23393.30
2026-09-21 11:31:06,23800,1636505,1674465,193505,410.05,2026-09-29,23400.20
2026-09-21 11:36:07,23800,1635855,1674465,200850,415.85,2026-09-29,23398.80
2026-09-21 11:41:06,23800,1636895,1674465,201370,414.40,2026-09-29,23399.10
2026-09-21 11:46:06,23800,1636635,1674465,202930,410.50,2026-09-29,23402.45
2026-09-21 11:51:06,23800,1635725,1674465,207610,410.75,2026-09-29,23400.10
2026-09-21 11:56:06,23800,1634880,1674465,212290,395.35,2026-09-29,23418.05
2026-09-21 12:01:06,23800,1631305,1674465,222040,391.00,2026-09-29,23430.40
2026-09-21 12:06:07,23800,1629160,1674465,235560,396.50,2026-09-29,23423.80
2026-09-21 12:11:07,23800,1628965,1674465,236665,399.00,2026-09-29,23418.25
2026-09-21 12:16:06,23800,1629290,1674465,238940,392.65,2026-09-29,23418.30
2026-09-21 12:21:06,23800,1629290,1674465,239720,395.00,2026-09-29,23417.15
2026-09-21 12:26:06,23800,1630525,1674465,244205,397.45,2026-09-29,23415.60
2026-09-21 12:31:07,23800,1627925,1674465,249210,392.60,2026-09-29,23422.00
2026-09-21 12:36:06,23800,1628250,1674465,250380,397.90,2026-09-29,23414.35
2026-09-21 12:41:07,23800,1628055,1674465,251680,399.95,2026-09-29,23412.00
2026-09-21 12:46:07,23800,1627600,1674465,255710,395.50,2026-09-29,23415.85
2026-09-21 12:51:07,23800,1624805,1674465,278395,398.85,2026-09-29,23413.00
2026-09-21 12:56:07,23800,1643915,1674465,291330,396.70,2026-09-29,23414.15
2026-09-21 13:01:07,23800,1643785,1674465,293085,399.80,2026-09-29,23411.85
2026-09-21 13:06:07,23800,1643785,1674465,305500,403.10,2026-09-29,23408.35
2026-09-21 13:11:07,23800,1623245,1674465,327145,410.30,2026-09-29,23402.60
2026-09-21 13:16:08,23800,1623115,1674465,329680,400.00,2026-09-29,23417.50
2026-09-21 13:21:07,23800,1622725,1674465,331565,390.90,2026-09-29,23423.40
2026-09-21 13:26:06,23800,1622400,1674465,335010,390.00,2026-09-29,23426.70
2026-09-21 13:31:07,23800,1624415,1674465,339820,390.00,2026-09-29,23427.10
2026-09-21 13:36:07,23800,1624610,1674465,348855,382.00,2026-09-29,23435.20
2026-09-21 13:41:07,23800,1624610,1674465,351520,386.70,2026-09-29,23429.55
2026-09-21 13:46:06,23800,1627860,1674465,356915,389.70,2026-09-29,23428.85
2026-09-21 13:51:06,23800,1628250,1674465,369070,383.25,2026-09-29,23437.40
2026-09-21 13:56:07,23800,1630655,1674465,378430,378.90,2026-09-29,23444.40
2026-09-21 14:01:06,23800,1632215,1674465,404885,361.80,2026-09-29,23463.50
2026-09-21 14:06:06,23800,1631825,1674465,418600,366.65,2026-09-29,23457.70
2026-09-21 14:11:07,23800,1635205,1674465,432770,372.90,2026-09-29,23452.00
2026-09-21 14:16:07,23800,1635075,1674465,437580,372.50,2026-09-29,23451.20
2026-09-21 14:21:07,23800,1634230,1674465,441025,362.75,2026-09-29,23461.25
2026-09-21 14:26:07,23800,1633905,1674465,443365,369.70,2026-09-29,23453.70
2026-09-21 14:31:07,23800,1634685,1674465,450190,375.75,2026-09-29,23446.50
2026-09-21 14:36:07,23800,1634295,1674465,453830,377.00,2026-09-29,23444.25
2026-09-21 14:40:07,23800,1632345,1674465,460915,374.40,2026-09-29,23448.00
2026-09-21 14:46:07,23800,1614795,1674465,483925,371.00,2026-09-29,23450.35
2026-09-21 14:51:07,23800,1612910,1674465,492830,368.85,2026-09-29,23451.45
2026-09-21 14:56:06,23800,1616030,1674465,496145,373.00,2026-09-29,23450.05
2026-09-21 15:01:06,23800,1626300,1674465,511030,373.25,2026-09-29,23447.05
2026-09-21 15:06:07,23800,1625910,1674465,514150,373.55,2026-09-29,23441.00
2026-09-21 15:11:06,23800,1625715,1674465,521690,376.20,2026-09-29,23437.55
2026-09-21 15:16:07,23800,1626625,1674465,542750,374.25,2026-09-29,23429.00
2026-09-21 15:21:07,23800,1628380,1674465,559910,374.55,2026-09-29,23429.00
2026-09-21 15:26:07,23800,1628770,1674465,563875,376.00,2026-09-29,23429.00
2026-09-21 15:31:07,23800,1627405,1674465,572065,378.00,2026-09-29,23414.30
2026-09-21 15:36:07,23800,1624350,1674465,584415,371.55,2026-09-29,23414.30
2026-09-21 15:41:06,23800,1624220,1674465,589550,373.00,2026-09-29,23414.30
2026-09-21 22:30:06,23800,1624220,1674465,589550,373.00,2026-09-29,23414.30
2026-09-21 22:35:07,23800,1624220,1674465,589550,373.00,2026-09-29,23414.30
2026-09-21 23:00:05,23800,1624220,1674465,589550,373.00,2026-09-29,23414.30
2026-09-21 23:05:07,23800,1624220,1674465,589550,373.00,2026-09-29,23414.30
2026-09-21 08:54:08,23800,16185,13455,9490,460.50,2026-10-06,23346.40
2026-09-21 08:55:07,23800,16185,13455,9490,460.50,2026-10-06,23346.40
2026-09-21 09:00:07,23800,16185,13455,9490,460.50,2026-10-06,23216.50
2026-09-21 09:12:07,23800,16185,16250,9490,460.50,2026-10-06,23330.20
2026-09-21 09:16:07,23800,16185,16250,0,460.50,2026-10-06,23341.85
2026-09-21 09:21:06,23800,16250,16250,520,434.05,2026-10-06,23384.75
2026-09-21 09:26:06,23800,16770,16250,715,439.60,2026-10-06,23385.35
2026-09-21 09:31:07,23800,17615,16250,2730,424.85,2026-10-06,23401.90
2026-09-21 09:36:07,23800,17745,16250,2925,426.40,2026-10-06,23406.50
2026-09-21 09:41:07,23800,18460,16250,3770,437.00,2026-10-06,23387.30
2026-09-21 09:46:07,23800,18655,16250,4225,431.10,2026-10-06,23397.90
2026-09-21 09:51:06,23800,19045,16250,4355,426.25,2026-10-06,23402.35
2026-09-21 09:56:07,23800,19045,16250,4810,428.05,2026-10-06,23394.85
2026-09-21 10:01:06,23800,19370,16250,5330,431.00,2026-10-06,23391.90
2026-09-21 10:06:06,23800,19435,16250,5395,435.00,2026-10-06,23384.65
2026-09-21 10:11:07,23800,19500,16250,6305,441.95,2026-10-06,23387.95
2026-09-21 10:16:07,23800,19565,16250,6500,441.95,2026-10-06,23372.35
2026-09-21 10:21:07,23800,20150,16250,7930,438.70,2026-10-06,23373.25
2026-09-21 10:26:07,23800,20215,16250,8190,441.70,2026-10-06,23368.05
2026-09-21 10:31:06,23800,20215,16250,8515,446.00,2026-10-06,23368.85
2026-09-21 10:36:06,23800,20215,16250,8515,446.00,2026-10-06,23365.35
2026-09-21 10:41:06,23800,20215,16250,8515,446.00,2026-10-06,23367.00
2026-09-21 10:46:07,23800,20215,16250,8710,439.00,2026-10-06,23381.65
2026-09-21 10:51:07,23800,20800,16250,9295,438.85,2026-10-06,23380.10
2026-09-21 10:56:06,23800,20865,16250,9945,432.05,2026-10-06,23380.75
2026-09-21 11:01:07,23800,20605,16250,10205,429.60,2026-10-06,23386.85
2026-09-21 11:06:07,23800,20800,16250,10270,432.30,2026-10-06,23387.60
2026-09-21 11:11:07,23800,20800,16250,10270,432.30,2026-10-06,23395.90
2026-09-21 11:16:07,23800,20800,16250,10270,432.30,2026-10-06,23396.05
2026-09-21 11:21:06,23800,20800,16250,10270,432.30,2026-10-06,23393.30
2026-09-21 11:26:06,23800,20800,16250,10270,432.30,2026-10-06,23393.85
2026-09-21 11:31:06,23800,20865,16250,10335,426.00,2026-10-06,23400.40
2026-09-21 11:36:07,23800,20865,16250,10335,426.00,2026-10-06,23399.30
2026-09-21 11:41:06,23800,20930,16250,10465,423.45,2026-10-06,23399.45
2026-09-21 11:46:06,23800,20930,16250,11180,420.00,2026-10-06,23402.55
2026-09-21 11:51:07,23800,21125,16250,11245,424.05,2026-10-06,23400.10
2026-09-21 11:56:07,23800,21125,16250,11245,424.05,2026-10-06,23418.50
2026-09-21 12:01:07,23800,21255,16250,12220,403.00,2026-10-06,23430.95
2026-09-21 12:06:07,23800,21255,16250,12415,406.95,2026-10-06,23423.65
2026-09-21 12:11:08,23800,21255,16250,12415,406.95,2026-10-06,23418.05
2026-09-21 12:16:07,23800,21255,16250,12415,406.95,2026-10-06,23419.65
2026-09-21 12:21:07,23800,21255,16250,12480,405.15,2026-10-06,23417.80
2026-09-21 12:26:07,23800,21255,16250,12480,405.15,2026-10-06,23415.85
2026-09-21 12:31:08,23800,21255,16250,12480,405.15,2026-10-06,23422.40
2026-09-21 12:36:07,23800,21320,16250,12545,408.45,2026-10-06,23414.45
2026-09-21 12:41:07,23800,21320,16250,12545,408.45,2026-10-06,23412.15
2026-09-21 12:46:07,23800,21970,16250,13650,408.35,2026-10-06,23415.75
2026-09-21 12:51:07,23800,21970,16250,13650,408.35,2026-10-06,23413.00
2026-09-21 12:56:07,23800,21970,16250,13650,408.35,2026-10-06,23413.70
2026-09-21 13:01:07,23800,21970,16250,13650,408.35,2026-10-06,23412.00
2026-09-21 13:06:07,23800,21970,16250,13650,408.35,2026-10-06,23407.90
2026-09-21 13:11:07,23800,21775,16250,13975,417.85,2026-10-06,23403.30
2026-09-21 13:16:09,23800,21515,16250,14365,408.60,2026-10-06,23418.15
2026-09-21 13:21:08,23800,21515,16250,14495,405.90,2026-10-06,23423.65
2026-09-21 13:26:07,23800,21515,16250,14495,405.90,2026-10-06,23426.75
2026-09-21 13:31:07,23800,21580,16250,15015,400.00,2026-10-06,23427.00
2026-09-21 13:36:07,23800,21450,16250,15925,400.00,2026-10-06,23436.25
2026-09-21 13:41:08,23800,21450,16250,15925,400.00,2026-10-06,23430.05
2026-09-21 13:46:07,23800,20670,16250,16315,400.00,2026-10-06,23429.50
2026-09-21 13:51:07,23800,21125,16250,17095,397.55,2026-10-06,23437.30
2026-09-21 13:56:07,23800,21385,16250,17160,394.00,2026-10-06,23445.50
2026-09-21 14:01:06,23800,21450,16250,17875,380.70,2026-10-06,23463.55
2026-09-21 14:06:07,23800,21840,16250,18005,379.00,2026-10-06,23457.95
2026-09-21 14:11:08,23800,21840,16250,18005,379.00,2026-10-06,23452.05
2026-09-21 14:16:07,23800,22165,16250,18460,386.60,2026-10-06,23451.05
2026-09-21 14:21:07,23800,22555,16250,19110,377.40,2026-10-06,23461.20
2026-09-21 14:26:08,23800,22490,16250,19240,382.00,2026-10-06,23454.60
2026-09-21 14:31:07,23800,22360,16250,19630,386.70,2026-10-06,23446.85
2026-09-21 14:36:07,23800,22360,16250,20345,390.25,2026-10-06,23444.65
2026-09-21 14:40:08,23800,21580,16250,20735,384.20,2026-10-06,23448.15
2026-09-21 14:46:07,23800,21385,16250,20865,383.65,2026-10-06,23450.85
2026-09-21 14:51:08,23800,21580,16250,21125,384.85,2026-10-06,23450.80
2026-09-21 14:56:07,23800,21710,16250,21255,384.00,2026-10-06,23450.15
2026-09-21 15:01:07,23800,21710,16250,21905,390.25,2026-10-06,23447.20
2026-09-21 15:06:07,23800,21060,16250,21970,389.90,2026-10-06,23441.00
2026-09-21 15:11:07,23800,21190,16250,22815,388.85,2026-10-06,23437.70
2026-09-21 15:16:07,23800,21515,16250,23335,386.70,2026-10-06,23429.00
2026-09-21 15:21:07,23800,22165,16250,23920,385.00,2026-10-06,23429.00
2026-09-21 15:26:08,23800,22230,16250,24245,385.00,2026-10-06,23429.00
2026-09-21 15:31:07,23800,22230,16250,24245,385.00,2026-10-06,23414.30
2026-09-21 15:36:08,23800,22425,16250,24505,385.00,2026-10-06,23414.30
2026-09-21 15:41:07,23800,22425,16250,24895,386.25,2026-10-06,23414.30
2026-09-21 22:30:06,23800,22425,16250,24895,386.25,2026-10-06,23414.30
2026-09-21 22:35:07,23800,22425,16250,24895,386.25,2026-10-06,23414.30
2026-09-21 23:00:06,23800,22425,16250,24895,386.25,2026-10-06,23414.30
2026-09-21 23:05:07,23800,22425,16250,24895,386.25,2026-10-06,23414.30
2026-09-21 08:54:06,23900,436930,451230,92430,548.90,2026-09-22,23346.40
2026-09-21 08:55:06,23900,436930,451230,92430,548.90,2026-09-22,23346.40
2026-09-21 09:00:06,23900,436930,451230,92430,548.90,2026-09-22,23197.15
2026-09-21 09:12:06,23900,436930,436865,92430,548.90,2026-09-22,23330.20
2026-09-21 09:16:06,23900,436865,436865,715,547.90,2026-09-22,23342.95
2026-09-21 09:21:06,23900,435695,436865,7540,527.70,2026-09-22,23384.85
2026-09-21 09:26:05,23900,435045,436865,9295,518.40,2026-09-22,23386.00
2026-09-21 09:31:06,23900,434915,436865,14885,499.80,2026-09-22,23402.20
2026-09-21 09:36:06,23900,436410,436865,15990,500.60,2026-09-22,23406.40
2026-09-21 09:41:06,23900,434525,436865,18915,519.40,2026-09-22,23386.00
2026-09-21 09:46:05,23900,433810,436865,20800,510.00,2026-09-22,23398.70
2026-09-21 09:51:05,23900,433160,436865,25740,501.65,2026-09-22,23401.95
2026-09-21 09:56:06,23900,429975,436865,29510,508.45,2026-09-22,23395.40
2026-09-21 10:01:05,23900,429650,436865,30680,508.80,2026-09-22,23392.20
2026-09-21 10:06:05,23900,429520,436865,33930,520.50,2026-09-22,23384.90
2026-09-21 10:11:06,23900,428545,436865,36465,520.30,2026-09-22,23387.85
2026-09-21 10:16:06,23900,426920,436865,38285,531.45,2026-09-22,23371.85
2026-09-21 10:21:06,23900,426205,436865,39195,530.00,2026-09-22,23371.90
2026-09-21 10:26:06,23900,426270,436865,40365,534.00,2026-09-22,23366.40
2026-09-21 10:31:06,23900,425685,436865,41860,529.15,2026-09-22,23368.60
2026-09-21 10:36:06,23900,423995,436865,43940,536.65,2026-09-22,23365.70
2026-09-21 10:41:05,23900,423605,436865,44785,536.95,2026-09-22,23367.35
2026-09-21 10:46:06,23900,421720,436865,48360,520.05,2026-09-22,23381.95
2026-09-21 10:51:06,23900,416910,436865,55380,521.95,2026-09-22,23379.70
2026-09-21 10:56:05,23900,416845,436865,55445,518.50,2026-09-22,23380.50
2026-09-21 11:01:06,23900,416000,436865,56875,518.40,2026-09-22,23385.15
2026-09-21 11:06:06,23900,415675,436865,61555,514.20,2026-09-22,23386.50
2026-09-21 11:11:06,23900,412230,436865,66170,508.40,2026-09-22,23394.65
2026-09-21 11:16:06,23900,409305,436865,70005,508.00,2026-09-22,23395.80
2026-09-21 11:21:05,23900,407355,436865,72995,513.15,2026-09-22,23392.30
2026-09-21 11:26:05,23900,405795,436865,75335,506.90,2026-09-22,23393.30
2026-09-21 11:31:05,23900,404430,436865,79105,503.15,2026-09-22,23400.10
2026-09-21 11:36:06,23900,404625,436865,86060,504.60,2026-09-22,23399.10
2026-09-21 11:41:06,23900,404560,436865,86840,506.75,2026-09-22,23398.65
2026-09-21 11:46:05,23900,404430,436865,90545,503.65,2026-09-22,23403.25
2026-09-21 11:51:06,23900,402675,436865,91260,504.80,2026-09-22,23399.85
2026-09-21 11:56:06,23900,402675,436865,99775,488.55,2026-09-22,23417.40
2026-09-21 12:01:06,23900,402415,436865,102440,480.90,2026-09-22,23429.85
2026-09-21 12:06:06,23900,402285,436865,104130,486.00,2026-09-22,23423.05
2026-09-21 12:11:07,23900,402610,436865,105040,491.70,2026-09-22,23417.70
2026-09-21 12:16:06,23900,402415,436865,105365,485.85,2026-09-22,23418.55
2026-09-21 12:21:06,23900,402350,436865,105755,487.00,2026-09-22,23417.20
2026-09-21 12:26:06,23900,402285,436865,106210,489.70,2026-09-22,23415.75
2026-09-21 12:31:07,23900,402155,436865,111605,486.10,2026-09-22,23421.65
2026-09-21 12:36:06,23900,392145,436865,217165,489.60,2026-09-22,23414.40
2026-09-21 12:41:06,23900,311545,436865,262600,493.70,2026-09-22,23411.55
2026-09-21 12:46:06,23900,290615,436865,315965,491.80,2026-09-22,23414.90
2026-09-21 12:51:06,23900,289575,436865,317525,494.10,2026-09-22,23412.40
2026-09-21 12:56:06,23900,289250,436865,318045,494.00,2026-09-22,23414.80
2026-09-21 13:01:06,23900,288990,436865,318695,495.90,2026-09-22,23411.95
2026-09-21 13:06:06,23900,290160,436865,320905,497.15,2026-09-22,23407.60
2026-09-21 13:11:06,23900,288990,436865,324220,502.55,2026-09-22,23402.90
2026-09-21 13:16:07,23900,284570,436865,331825,492.45,2026-09-22,23417.70
2026-09-21 13:21:07,23900,280020,436865,336505,483.30,2026-09-22,23424.00
2026-09-21 13:26:06,23900,275535,436865,344955,481.00,2026-09-22,23426.85
2026-09-21 13:31:06,23900,272090,436865,349570,481.30,2026-09-22,23426.85
2026-09-21 13:36:06,23900,270855,436865,353145,471.80,2026-09-22,23435.55
2026-09-21 13:41:07,23900,270595,436865,355940,480.00,2026-09-22,23429.95
2026-09-21 13:46:06,23900,270595,436865,357955,477.20,2026-09-22,23428.85
2026-09-21 13:51:06,23900,270400,436865,358540,474.20,2026-09-22,23437.55
2026-09-21 13:56:06,23900,270465,436865,360685,469.55,2026-09-22,23444.45
2026-09-21 14:01:05,23900,271895,436865,371540,445.20,2026-09-22,23463.55
2026-09-21 14:06:06,23900,271830,436865,376545,449.65,2026-09-22,23457.85
2026-09-21 14:11:07,23900,271050,436865,380055,455.10,2026-09-22,23451.70
2026-09-21 14:16:06,23900,270465,436865,382590,455.00,2026-09-22,23450.90
2026-09-21 14:21:06,23900,266110,436865,395395,442.55,2026-09-22,23461.20
2026-09-21 14:26:07,23900,262340,436865,406965,452.20,2026-09-22,23453.90
2026-09-21 14:31:06,23900,256750,436865,419640,458.00,2026-09-22,23445.85
2026-09-21 14:36:06,23900,244595,436865,490100,461.80,2026-09-22,23444.00
2026-09-21 14:40:07,23900,243945,436865,491335,454.00,2026-09-22,23448.05
2026-09-21 14:46:06,23900,244075,436865,493025,453.00,2026-09-22,23450.55
2026-09-21 14:51:07,23900,243165,436865,495430,452.60,2026-09-22,23450.75
2026-09-21 14:56:06,23900,242385,436865,496730,455.15,2026-09-22,23449.75
2026-09-21 15:01:06,23900,241800,436865,498160,460.85,2026-09-22,23448.10
2026-09-21 15:06:06,23900,240825,436865,499525,459.50,2026-09-22,23440.25
2026-09-21 15:11:06,23900,239200,436865,501670,462.15,2026-09-22,23437.10
2026-09-21 15:16:06,23900,238030,436865,505895,455.95,2026-09-22,23429.00
2026-09-21 15:21:06,23900,238550,436865,512590,458.80,2026-09-22,23429.00
2026-09-21 15:26:07,23900,232505,436865,530465,460.60,2026-09-22,23429.00
2026-09-21 15:31:06,23900,230555,436865,534040,463.70,2026-09-22,23414.30
2026-09-21 15:36:07,23900,229970,436865,537745,455.90,2026-09-22,23414.30
2026-09-21 15:41:06,23900,230100,436865,544700,449.55,2026-09-22,23414.30
2026-09-21 22:30:05,23900,230100,436865,544700,449.55,2026-09-22,23414.30
2026-09-21 22:35:06,23900,230100,436865,544700,449.55,2026-09-22,23414.30
2026-09-21 23:00:05,23900,230100,436865,544700,449.55,2026-09-22,23414.30
2026-09-21 23:05:06,23900,230100,436865,544700,449.55,2026-09-22,23414.30
2026-09-21 08:54:07,23900,978965,942890,222495,543.00,2026-09-29,23346.40
2026-09-21 08:55:06,23900,978965,942890,222495,543.00,2026-09-29,23346.40
2026-09-21 09:00:07,23900,978965,942890,222495,543.00,2026-09-29,23197.80
2026-09-21 09:12:07,23900,978965,978965,222495,543.00,2026-09-29,23330.20
2026-09-21 09:16:06,23900,978965,978965,27690,525.10,2026-09-29,23343.65
2026-09-21 09:21:06,23900,979030,978965,56225,516.45,2026-09-29,23385.35
2026-09-21 09:26:06,23900,981825,978965,60190,516.00,2026-09-29,23386.30
2026-09-21 09:31:06,23900,981955,978965,66365,500.00,2026-09-29,23401.55
2026-09-21 09:36:06,23900,985140,978965,71565,502.40,2026-09-29,23406.40
2026-09-21 09:41:06,23900,982475,978965,78650,516.75,2026-09-29,23386.65
2026-09-21 09:46:06,23900,982540,978965,79560,509.95,2026-09-29,23398.55
2026-09-21 09:51:06,23900,983580,978965,81055,500.45,2026-09-29,23402.45
2026-09-21 09:56:06,23900,982215,978965,84500,508.05,2026-09-29,23395.15
2026-09-21 10:01:06,23900,982345,978965,85605,509.95,2026-09-29,23391.85
2026-09-21 10:06:06,23900,982605,978965,95550,521.40,2026-09-29,23384.15
2026-09-21 10:11:07,23900,969930,978965,104325,519.50,2026-09-29,23387.90
2026-09-21 10:16:07,23900,973115,978965,111085,523.00,2026-09-29,23371.90
2026-09-21 10:21:06,23900,972270,978965,113750,523.95,2026-09-29,23372.55
2026-09-21 10:26:06,23900,969605,978965,116480,527.00,2026-09-29,23366.60
2026-09-21 10:31:06,23900,969540,978965,118040,525.05,2026-09-29,23368.65
2026-09-21 10:36:06,23900,970060,978965,119015,525.70,2026-09-29,23365.90
2026-09-21 10:41:06,23900,970970,978965,121030,526.65,2026-09-29,23366.90
2026-09-21 10:46:06,23900,971035,978965,121745,519.10,2026-09-29,23381.05
2026-09-21 10:51:06,23900,970905,978965,121940,517.80,2026-09-29,23380.20
2026-09-21 10:56:06,23900,970840,978965,122525,517.00,2026-09-29,23380.20
2026-09-21 11:01:07,23900,971035,978965,122980,514.00,2026-09-29,23386.80
2026-09-21 11:06:07,23900,974675,978965,127660,511.00,2026-09-29,23387.55
2026-09-21 11:11:07,23900,978120,978965,130260,507.00,2026-09-29,23395.80
2026-09-21 11:16:06,23900,982345,978965,135460,505.00,2026-09-29,23395.20
2026-09-21 11:21:06,23900,985010,978965,141245,511.15,2026-09-29,23392.40
2026-09-21 11:26:06,23900,984555,978965,141635,506.10,2026-09-29,23393.30
2026-09-21 11:31:06,23900,985140,978965,142675,501.00,2026-09-29,23400.20
2026-09-21 11:36:07,23900,985335,978965,147485,505.95,2026-09-29,23398.80
2026-09-21 11:41:06,23900,985530,978965,148590,506.00,2026-09-29,23399.10
2026-09-21 11:46:06,23900,990210,978965,157040,500.00,2026-09-29,23402.45
2026-09-21 11:51:06,23900,990665,978965,158990,500.00,2026-09-29,23400.10
2026-09-21 11:56:06,23900,990535,978965,178945,485.75,2026-09-29,23418.05
2026-09-21 12:01:06,23900,990210,978965,188175,477.45,2026-09-29,23430.40
2026-09-21 12:06:07,23900,992355,978965,207415,486.40,2026-09-29,23423.80
2026-09-21 12:11:07,23900,991510,978965,209755,488.00,2026-09-29,23418.25
2026-09-21 12:16:06,23900,991900,978965,221650,487.00,2026-09-29,23418.30
2026-09-21 12:21:06,23900,991640,978965,224965,484.45,2026-09-29,23417.15
2026-09-21 12:26:06,23900,991120,978965,229385,487.50,2026-09-29,23415.60
2026-09-21 12:31:07,23900,990340,978965,230555,481.20,2026-09-29,23422.00
2026-09-21 12:36:06,23900,993915,978965,263900,487.00,2026-09-29,23414.35
2026-09-21 12:41:07,23900,993655,978965,265785,488.75,2026-09-29,23412.00
2026-09-21 12:46:07,23900,993915,978965,266630,490.30,2026-09-29,23415.85
2026-09-21 12:51:07,23900,994110,978965,266955,489.50,2026-09-29,23413.00
2026-09-21 12:56:07,23900,994175,978965,267280,489.00,2026-09-29,23414.15
2026-09-21 13:01:07,23900,993980,978965,267540,491.75,2026-09-29,23411.85
2026-09-21 13:06:07,23900,993395,978965,273650,493.30,2026-09-29,23408.35
2026-09-21 13:11:07,23900,994890,978965,282165,502.00,2026-09-29,23402.60
2026-09-21 13:16:08,23900,994890,978965,287300,491.85,2026-09-29,23417.50
2026-09-21 13:21:07,23900,995410,978965,290615,482.00,2026-09-29,23423.40
2026-09-21 13:26:06,23900,994630,978965,298935,480.00,2026-09-29,23426.70
2026-09-21 13:31:07,23900,995930,978965,302315,480.00,2026-09-29,23427.10
2026-09-21 13:36:07,23900,995345,978965,304525,471.55,2026-09-29,23435.20
2026-09-21 13:41:07,23900,994955,978965,306085,479.70,2026-09-29,23429.55
2026-09-21 13:46:06,23900,997360,978965,312065,480.20,2026-09-29,23428.85
2026-09-21 13:51:06,23900,998400,978965,325260,472.95,2026-09-29,23437.40
2026-09-21 13:56:07,23900,1010165,978965,342745,473.50,2026-09-29,23444.40
2026-09-21 14:01:06,23900,1008670,978965,361920,450.00,2026-09-29,23463.50
2026-09-21 14:06:06,23900,1007890,978965,373490,456.60,2026-09-29,23457.70
2026-09-21 14:11:07,23900,1005420,978965,376610,461.00,2026-09-29,23452.00
2026-09-21 14:16:07,23900,1005225,978965,377195,460.00,2026-09-29,23451.20
2026-09-21 14:21:07,23900,1020240,978965,393965,450.00,2026-09-29,23461.25
2026-09-21 14:26:07,23900,1037270,978965,412750,457.75,2026-09-29,23453.70
2026-09-21 14:31:07,23900,1053260,978965,442845,462.25,2026-09-29,23446.50
2026-09-21 14:36:07,23900,1121250,978965,515905,465.85,2026-09-29,23444.25
2026-09-21 14:40:07,23900,1125995,978965,524225,461.25,2026-09-29,23448.00
2026-09-21 14:46:07,23900,1130805,978965,531050,458.55,2026-09-29,23450.35
2026-09-21 14:51:07,23900,1134250,978965,536510,458.45,2026-09-29,23451.45
2026-09-21 14:56:06,23900,1135680,978965,541190,460.40,2026-09-29,23450.05
2026-09-21 15:01:06,23900,1136590,978965,542815,461.35,2026-09-29,23447.05
2026-09-21 15:06:07,23900,1138150,978965,545285,463.25,2026-09-29,23441.00
2026-09-21 15:11:06,23900,1138020,978965,553085,462.65,2026-09-29,23437.55
2026-09-21 15:16:07,23900,1141400,978965,557960,464.70,2026-09-29,23429.00
2026-09-21 15:21:07,23900,1137695,978965,570505,464.00,2026-09-29,23429.00
2026-09-21 15:26:07,23900,1136525,978965,580190,466.00,2026-09-29,23429.00
2026-09-21 15:31:07,23900,1134575,978965,589875,469.30,2026-09-29,23414.30
2026-09-21 15:36:07,23900,1128465,978965,596895,460.30,2026-09-29,23414.30
2026-09-21 15:41:06,23900,1130870,978965,603525,460.35,2026-09-29,23414.30
2026-09-21 22:30:06,23900,1130870,978965,603525,460.35,2026-09-29,23414.30
2026-09-21 22:35:07,23900,1130870,978965,603525,460.35,2026-09-29,23414.30
2026-09-21 23:00:05,23900,1130870,978965,603525,460.35,2026-09-29,23414.30
2026-09-21 23:05:07,23900,1130870,978965,603525,460.35,2026-09-29,23414.30
2026-09-21 08:54:08,23900,2210,2275,195,544.40,2026-10-06,23346.40
2026-09-21 08:55:07,23900,2210,2275,195,544.40,2026-10-06,23346.40
2026-09-21 09:00:07,23900,2210,2275,195,544.40,2026-10-06,23216.50
2026-09-21 09:12:07,23900,2210,2145,195,544.40,2026-10-06,23330.20
2026-09-21 09:16:07,23900,2210,2145,0,544.40,2026-10-06,23341.85
2026-09-21 09:21:06,23900,2210,2145,0,544.40,2026-10-06,23384.75
2026-09-21 09:26:06,23900,2210,2145,0,544.40,2026-10-06,23385.35
2026-09-21 09:31:07,23900,2210,2145,0,544.40,2026-10-06,23401.90
2026-09-21 09:36:07,23900,2210,2145,0,544.40,2026-10-06,23406.50
2026-09-21 09:41:07,23900,2210,2145,0,544.40,2026-10-06,23387.30
2026-09-21 09:46:07,23900,2210,2145,0,544.40,2026-10-06,23397.90
2026-09-21 09:51:06,23900,2210,2145,0,544.40,2026-10-06,23402.35
2026-09-21 09:56:07,23900,2210,2145,0,544.40,2026-10-06,23394.85
2026-09-21 10:01:06,23900,2210,2145,0,544.40,2026-10-06,23391.90
2026-09-21 10:06:06,23900,2210,2145,0,544.40,2026-10-06,23384.65
2026-09-21 10:11:07,23900,2210,2145,0,544.40,2026-10-06,23387.95
2026-09-21 10:16:07,23900,2210,2145,0,544.40,2026-10-06,23372.35
2026-09-21 10:21:07,23900,2210,2145,0,544.40,2026-10-06,23373.25
2026-09-21 10:26:07,23900,2210,2145,0,544.40,2026-10-06,23368.05
2026-09-21 10:31:06,23900,2210,2145,0,544.40,2026-10-06,23368.85
2026-09-21 10:36:06,23900,2210,2145,0,544.40,2026-10-06,23365.35
2026-09-21 10:41:06,23900,2145,2145,130,520.00,2026-10-06,23367.00
2026-09-21 10:46:07,23900,2145,2145,130,520.00,2026-10-06,23381.65
2026-09-21 10:51:07,23900,2145,2145,130,520.00,2026-10-06,23380.10
2026-09-21 10:56:06,23900,2145,2145,130,520.00,2026-10-06,23380.75
2026-09-21 11:01:07,23900,2145,2145,130,520.00,2026-10-06,23386.85
2026-09-21 11:06:07,23900,2275,2145,195,501.90,2026-10-06,23387.60
2026-09-21 11:11:07,23900,2275,2145,195,501.90,2026-10-06,23395.90
2026-09-21 11:16:07,23900,2340,2145,260,502.35,2026-10-06,23396.05
2026-09-21 11:21:06,23900,2340,2145,260,502.35,2026-10-06,23393.30
2026-09-21 11:26:06,23900,2340,2145,260,502.35,2026-10-06,23393.85
2026-09-21 11:31:06,23900,2340,2145,260,502.35,2026-10-06,23400.40
2026-09-21 11:36:07,23900,2340,2145,260,502.35,2026-10-06,23399.30
2026-09-21 11:41:06,23900,2340,2145,260,502.35,2026-10-06,23399.45
2026-09-21 11:46:06,23900,2340,2145,260,502.35,2026-10-06,23402.55
2026-09-21 11:51:07,23900,2340,2145,260,502.35,2026-10-06,23400.10
2026-09-21 11:56:07,23900,3380,2145,1300,487.85,2026-10-06,23418.50
2026-09-21 12:01:07,23900,3380,2145,1300,487.85,2026-10-06,23430.95
2026-09-21 12:06:07,23900,3380,2145,1300,487.85,2026-10-06,23423.65
2026-09-21 12:11:08,23900,3380,2145,1300,487.85,2026-10-06,23418.05
2026-09-21 12:16:07,23900,3380,2145,1300,487.85,2026-10-06,23419.65
2026-09-21 12:21:07,23900,3380,2145,1300,487.85,2026-10-06,23417.80
2026-09-21 12:26:07,23900,3315,2145,1365,481.70,2026-10-06,23415.85
2026-09-21 12:31:08,23900,3315,2145,1365,481.70,2026-10-06,23422.40
2026-09-21 12:36:07,23900,3315,2145,1365,481.70,2026-10-06,23414.45
2026-09-21 12:41:07,23900,3315,2145,1365,481.70,2026-10-06,23412.15
2026-09-21 12:46:07,23900,3315,2145,1365,481.70,2026-10-06,23415.75
2026-09-21 12:51:07,23900,3315,2145,1365,481.70,2026-10-06,23413.00
2026-09-21 12:56:07,23900,3315,2145,1365,481.70,2026-10-06,23413.70
2026-09-21 13:01:07,23900,3315,2145,1365,481.70,2026-10-06,23412.00
2026-09-21 13:06:07,23900,3315,2145,1365,481.70,2026-10-06,23407.90
2026-09-21 13:11:07,23900,3315,2145,1365,481.70,2026-10-06,23403.30
2026-09-21 13:16:09,23900,3315,2145,1365,481.70,2026-10-06,23418.15
2026-09-21 13:21:08,23900,3510,2145,2470,481.70,2026-10-06,23423.65
2026-09-21 13:26:07,23900,3770,2145,3315,483.15,2026-10-06,23426.75
2026-09-21 13:31:07,23900,3770,2145,3315,483.15,2026-10-06,23427.00
2026-09-21 13:36:07,23900,3770,2145,3315,483.15,2026-10-06,23436.25
2026-09-21 13:41:08,23900,3770,2145,3640,475.00,2026-10-06,23430.05
2026-09-21 13:46:07,23900,3770,2145,3640,475.00,2026-10-06,23429.50
2026-09-21 13:51:07,23900,3770,2145,3640,475.00,2026-10-06,23437.30
2026-09-21 13:56:07,23900,3770,2145,3640,475.00,2026-10-06,23445.50
2026-09-21 14:01:06,23900,3770,2145,3640,475.00,2026-10-06,23463.55
2026-09-21 14:06:07,23900,3770,2145,3640,475.00,2026-10-06,23457.95
2026-09-21 14:11:08,23900,3770,2145,3640,475.00,2026-10-06,23452.05
2026-09-21 14:16:07,23900,4030,2145,3965,460.00,2026-10-06,23451.05
2026-09-21 14:21:07,23900,4030,2145,4095,457.90,2026-10-06,23461.20
2026-09-21 14:26:08,23900,4030,2145,4095,457.90,2026-10-06,23454.60
2026-09-21 14:31:07,23900,4030,2145,4485,465.55,2026-10-06,23446.85
2026-09-21 14:36:07,23900,4030,2145,4485,465.55,2026-10-06,23444.65
2026-09-21 14:40:08,23900,4030,2145,4485,465.55,2026-10-06,23448.15
2026-09-21 14:46:07,23900,4095,2145,4550,462.70,2026-10-06,23450.85
2026-09-21 14:51:08,23900,4160,2145,4615,463.70,2026-10-06,23450.80
2026-09-21 14:56:07,23900,4160,2145,4615,463.70,2026-10-06,23450.15
2026-09-21 15:01:07,23900,4225,2145,4680,463.90,2026-10-06,23447.20
2026-09-21 15:06:07,23900,4290,2145,4745,470.45,2026-10-06,23441.00
2026-09-21 15:11:07,23900,4290,2145,4745,470.45,2026-10-06,23437.70
2026-09-21 15:16:07,23900,4225,2145,4810,470.00,2026-10-06,23429.00
2026-09-21 15:21:07,23900,4225,2145,5070,464.00,2026-10-06,23429.00
2026-09-21 15:26:08,23900,4485,2145,5135,464.00,2026-10-06,23429.00
2026-09-21 15:31:07,23900,4550,2145,5330,472.15,2026-10-06,23414.30
2026-09-21 15:36:08,23900,4680,2145,5525,465.45,2026-10-06,23414.30
2026-09-21 15:41:07,23900,4680,2145,5525,465.45,2026-10-06,23414.30
2026-09-21 22:30:06,23900,4680,2145,5525,465.45,2026-10-06,23414.30
2026-09-21 22:35:07,23900,4680,2145,5525,465.45,2026-10-06,23414.30
2026-09-21 23:00:06,23900,4680,2145,5525,465.45,2026-10-06,23414.30
2026-09-21 23:05:07,23900,4680,2145,5525,465.45,2026-10-06,23414.30
2026-09-21 08:54:06,24000,921505,1043900,618475,644.35,2026-09-22,23346.40
2026-09-21 08:55:06,24000,921505,1043900,618475,644.35,2026-09-22,23346.40
2026-09-21 09:00:06,24000,921505,1043900,618475,644.35,2026-09-22,23197.15
2026-09-21 09:12:06,24000,921505,921505,618475,644.35,2026-09-22,23330.20
2026-09-21 09:16:06,24000,921830,921505,8385,645.35,2026-09-22,23342.95
2026-09-21 09:21:06,24000,914485,921505,23140,623.40,2026-09-22,23384.85
2026-09-21 09:26:05,24000,910000,921505,32825,619.85,2026-09-22,23386.00
2026-09-21 09:31:06,24000,910065,921505,49010,603.00,2026-09-22,23402.20
2026-09-21 09:36:06,24000,902720,921505,79365,598.00,2026-09-22,23406.40
2026-09-21 09:41:06,24000,895050,921505,88790,618.55,2026-09-22,23386.00
2026-09-21 09:46:05,24000,891085,921505,98150,609.00,2026-09-22,23398.70
2026-09-21 09:51:05,24000,889785,921505,104520,603.20,2026-09-22,23401.95
2026-09-21 09:56:06,24000,885885,921505,110370,609.45,2026-09-22,23395.40
2026-09-21 10:01:05,24000,884000,921505,116090,610.80,2026-09-22,23392.20
2026-09-21 10:06:05,24000,880750,921505,121485,618.75,2026-09-22,23384.90
2026-09-21 10:11:06,24000,879320,921505,124605,619.65,2026-09-22,23387.85
2026-09-21 10:16:06,24000,877760,921505,133510,629.10,2026-09-22,23371.85
2026-09-21 10:21:06,24000,877565,921505,136370,627.70,2026-09-22,23371.90
2026-09-21 10:26:06,24000,875615,921505,141505,632.30,2026-09-22,23366.40
2026-09-21 10:31:06,24000,877955,921505,167765,631.45,2026-09-22,23368.60
2026-09-21 10:36:06,24000,870740,921505,178685,633.70,2026-09-22,23365.70
2026-09-21 10:41:05,24000,866970,921505,184730,638.45,2026-09-22,23367.35
2026-09-21 10:46:06,24000,867685,921505,189150,620.00,2026-09-22,23381.95
2026-09-21 10:51:06,24000,866190,921505,195910,622.50,2026-09-22,23379.70
2026-09-21 10:56:05,24000,862420,921505,200980,619.65,2026-09-22,23380.50
2026-09-21 11:01:06,24000,862290,921505,201760,618.00,2026-09-22,23385.15
2026-09-21 11:06:06,24000,862225,921505,202215,615.30,2026-09-22,23386.50
2026-09-21 11:11:06,24000,861120,921505,203775,607.65,2026-09-22,23394.65
2026-09-21 11:16:06,24000,859885,921505,207675,605.00,2026-09-22,23395.80
2026-09-21 11:21:05,24000,860015,921505,209105,613.30,2026-09-22,23392.30
2026-09-21 11:26:05,24000,860990,921505,216775,609.00,2026-09-22,23393.30
2026-09-21 11:31:05,24000,860015,921505,221975,603.90,2026-09-22,23400.10
2026-09-21 11:36:06,24000,858195,921505,227955,604.00,2026-09-22,23399.10
2026-09-21 11:41:06,24000,857545,921505,228995,609.90,2026-09-22,23398.65
2026-09-21 11:46:05,24000,856700,921505,231010,601.30,2026-09-22,23403.25
2026-09-21 11:51:06,24000,855335,921505,234325,603.00,2026-09-22,23399.85
2026-09-21 11:56:06,24000,838630,921505,276705,585.60,2026-09-22,23417.40
2026-09-21 12:01:06,24000,823615,921505,297960,583.30,2026-09-22,23429.85
2026-09-21 12:06:06,24000,823550,921505,308490,587.00,2026-09-22,23423.05
2026-09-21 12:11:07,24000,820170,921505,317330,589.00,2026-09-22,23417.70
2026-09-21 12:16:06,24000,813020,921505,324090,587.65,2026-09-22,23418.55
2026-09-21 12:21:06,24000,812435,921505,326170,587.95,2026-09-22,23417.20
2026-09-21 12:26:06,24000,807235,921505,332865,589.75,2026-09-22,23415.75
2026-09-21 12:31:07,24000,806845,921505,334555,585.05,2026-09-22,23421.65
2026-09-21 12:36:06,24000,806195,921505,336375,588.00,2026-09-22,23414.40
2026-09-21 12:41:06,24000,805870,921505,338650,593.00,2026-09-22,23411.55
2026-09-21 12:46:06,24000,804635,921505,342290,589.00,2026-09-22,23414.90
2026-09-21 12:51:06,24000,804375,921505,343070,594.00,2026-09-22,23412.40
2026-09-21 12:56:06,24000,803660,921505,352885,590.60,2026-09-22,23414.80
2026-09-21 13:01:06,24000,797290,921505,355875,591.00,2026-09-22,23411.95
2026-09-21 13:06:06,24000,796510,921505,364910,595.40,2026-09-22,23407.60
2026-09-21 13:11:06,24000,791440,921505,371410,603.55,2026-09-22,23402.90
2026-09-21 13:16:07,24000,790725,921505,374920,591.00,2026-09-22,23417.70
2026-09-21 13:21:07,24000,787280,921505,401700,583.80,2026-09-22,23424.00
2026-09-21 13:26:06,24000,785915,921505,405210,582.35,2026-09-22,23426.85
2026-09-21 13:31:06,24000,785005,921505,408785,582.10,2026-09-22,23426.85
2026-09-21 13:36:06,24000,784030,921505,411905,572.00,2026-09-22,23435.55
2026-09-21 13:41:07,24000,782795,921505,416195,580.45,2026-09-22,23429.95
2026-09-21 13:46:06,24000,780650,921505,423605,579.15,2026-09-22,23428.85
2026-09-21 13:51:06,24000,776490,921505,438230,573.45,2026-09-22,23437.55
2026-09-21 13:56:06,24000,774085,921505,444730,569.05,2026-09-22,23444.45
2026-09-21 14:01:05,24000,769340,921505,463450,543.00,2026-09-22,23463.55
2026-09-21 14:06:06,24000,768235,921505,471120,548.10,2026-09-22,23457.85
2026-09-21 14:11:07,24000,768495,921505,478400,555.00,2026-09-22,23451.70
2026-09-21 14:16:06,24000,765570,921505,484835,555.00,2026-09-22,23450.90
2026-09-21 14:21:06,24000,765700,921505,491725,543.50,2026-09-22,23461.20
2026-09-21 14:26:07,24000,765440,921505,496470,551.85,2026-09-22,23453.90
2026-09-21 14:31:06,24000,761540,921505,504400,557.00,2026-09-22,23445.85
2026-09-21 14:36:06,24000,760110,921505,506805,558.75,2026-09-22,23444.00
2026-09-21 14:40:07,24000,759460,921505,509990,554.00,2026-09-22,23448.05
2026-09-21 14:46:06,24000,758290,921505,512005,552.30,2026-09-22,23450.55
2026-09-21 14:51:07,24000,760955,921505,515775,552.80,2026-09-22,23450.75
2026-09-21 14:56:06,24000,759590,921505,521560,552.60,2026-09-22,23449.75
2026-09-21 15:01:06,24000,759135,921505,525720,555.00,2026-09-22,23448.10
2026-09-21 15:06:06,24000,757705,921505,529555,558.60,2026-09-22,23440.25
2026-09-21 15:11:06,24000,756665,921505,532610,561.15,2026-09-22,23437.10
2026-09-21 15:16:06,24000,753480,921505,541385,554.00,2026-09-22,23429.00
2026-09-21 15:21:06,24000,750880,921505,545415,557.20,2026-09-22,23429.00
2026-09-21 15:26:07,24000,751855,921505,557245,559.50,2026-09-22,23429.00
2026-09-21 15:31:06,24000,749125,921505,563615,561.75,2026-09-22,23414.30
2026-09-21 15:36:07,24000,741130,921505,578435,554.00,2026-09-22,23414.30
2026-09-21 15:41:06,24000,739375,921505,584220,553.15,2026-09-22,23414.30
2026-09-21 22:30:05,24000,739375,921505,584220,553.15,2026-09-22,23414.30
2026-09-21 22:35:06,24000,739375,921505,584220,553.15,2026-09-22,23414.30
2026-09-21 23:00:05,24000,739375,921505,584220,553.15,2026-09-22,23414.30
2026-09-21 23:05:06,24000,739375,921505,584220,553.15,2026-09-22,23414.30
2026-09-21 08:54:07,24000,5436675,5546850,731575,637.55,2026-09-29,23346.40
2026-09-21 08:55:06,24000,5436675,5546850,731575,637.55,2026-09-29,23346.40
2026-09-21 09:00:07,24000,5436675,5546850,731575,637.55,2026-09-29,23197.80
2026-09-21 09:12:07,24000,5436675,5434790,731575,637.55,2026-09-29,23330.20
2026-09-21 09:16:06,24000,5434725,5434790,4550,636.55,2026-09-29,23343.65
2026-09-21 09:21:06,24000,5420360,5434790,41795,612.40,2026-09-29,23385.35
2026-09-21 09:26:06,24000,5415225,5434790,64090,611.15,2026-09-29,23386.30
2026-09-21 09:31:06,24000,5416460,5434790,96395,596.65,2026-09-29,23401.55
2026-09-21 09:36:06,24000,5431735,5434790,128960,595.00,2026-09-29,23406.40
2026-09-21 09:41:06,24000,5425040,5434790,149305,613.40,2026-09-29,23386.65
2026-09-21 09:46:06,24000,5425885,5434790,160290,606.40,2026-09-29,23398.55
2026-09-21 09:51:06,24000,5422375,5434790,172640,600.00,2026-09-29,23402.45
2026-09-21 09:56:06,24000,5422115,5434790,178945,606.15,2026-09-29,23395.15
2026-09-21 10:01:06,24000,5420815,5434790,192140,608.50,2026-09-29,23391.85
2026-09-21 10:06:06,24000,5423740,5434790,205530,616.75,2026-09-29,23384.15
2026-09-21 10:11:07,24000,5422765,5434790,216775,610.00,2026-09-29,23387.90
2026-09-21 10:16:07,24000,5422115,5434790,229450,620.00,2026-09-29,23371.90
2026-09-21 10:21:06,24000,5415745,5434790,233805,622.80,2026-09-29,23372.55
2026-09-21 10:26:06,24000,5421400,5434790,245050,626.90,2026-09-29,23366.60
2026-09-21 10:31:06,24000,5431345,5434790,267930,620.15,2026-09-29,23368.65
2026-09-21 10:36:06,24000,5438495,5434790,278720,626.10,2026-09-29,23365.90
2026-09-21 10:41:06,24000,5439600,5434790,282620,627.10,2026-09-29,23366.90
2026-09-21 10:46:06,24000,5440315,5434790,286130,610.00,2026-09-29,23381.05
2026-09-21 10:51:06,24000,5444020,5434790,292565,614.50,2026-09-29,23380.20
2026-09-21 10:56:06,24000,5446945,5434790,297505,613.85,2026-09-29,23380.20
2026-09-21 11:01:07,24000,5446035,5434790,302185,610.25,2026-09-29,23386.80
2026-09-21 11:06:07,24000,5446165,5434790,306540,607.05,2026-09-29,23387.55
2026-09-21 11:11:07,24000,5444995,5434790,310570,601.00,2026-09-29,23395.80
2026-09-21 11:16:06,24000,5444735,5434790,317980,602.00,2026-09-29,23395.20
2026-09-21 11:21:06,24000,5446035,5434790,324675,606.05,2026-09-29,23392.40
2026-09-21 11:26:06,24000,5447725,5434790,331045,602.35,2026-09-29,23393.30
2026-09-21 11:31:06,24000,5452210,5434790,342485,595.75,2026-09-29,23400.20
2026-09-21 11:36:07,24000,5460530,5434790,354640,600.00,2026-09-29,23398.80
2026-09-21 11:41:06,24000,5459490,5434790,357500,600.30,2026-09-29,23399.10
2026-09-21 11:46:06,24000,5455460,5434790,363025,595.10,2026-09-29,23402.45
2026-09-21 11:51:06,24000,5455070,5434790,374530,597.35,2026-09-29,23400.10
2026-09-21 11:56:06,24000,5456435,5434790,386490,579.20,2026-09-29,23418.05
2026-09-21 12:01:06,24000,5457150,5434790,395915,575.00,2026-09-29,23430.40
2026-09-21 12:06:07,24000,5458190,5434790,416065,580.00,2026-09-29,23423.80
2026-09-21 12:11:07,24000,5451755,5434790,440635,583.00,2026-09-29,23418.25
2026-09-21 12:16:06,24000,5452275,5434790,444535,577.25,2026-09-29,23418.30
2026-09-21 12:21:06,24000,5447010,5434790,454025,578.00,2026-09-29,23417.15
2026-09-21 12:26:06,24000,5445190,5434790,457275,583.00,2026-09-29,23415.60
2026-09-21 12:31:07,24000,5445320,5434790,460265,577.00,2026-09-29,23422.00
2026-09-21 12:36:06,24000,5446360,5434790,469040,583.85,2026-09-29,23414.35
2026-09-21 12:41:07,24000,5487505,5434790,573885,585.40,2026-09-29,23412.00
2026-09-21 12:46:07,24000,5550035,5434790,616655,579.30,2026-09-29,23415.85
2026-09-21 12:51:07,24000,5548995,5434790,619645,584.55,2026-09-29,23413.00
2026-09-21 12:56:07,24000,5548865,5434790,623545,584.00,2026-09-29,23414.15
2026-09-21 13:01:07,24000,5549515,5434790,628030,587.75,2026-09-29,23411.85
2026-09-21 13:06:07,24000,5548150,5434790,631020,592.00,2026-09-29,23408.35
2026-09-21 13:11:07,24000,5547240,5434790,634595,595.05,2026-09-29,23402.60
2026-09-21 13:16:08,24000,5544315,5434790,647790,584.25,2026-09-29,23417.50
2026-09-21 13:21:07,24000,5545095,5434790,664040,575.95,2026-09-29,23423.40
2026-09-21 13:26:06,24000,5565505,5434790,680940,573.10,2026-09-29,23426.70
2026-09-21 13:31:07,24000,5562840,5434790,689715,574.20,2026-09-29,23427.10
2026-09-21 13:36:07,24000,5560760,5434790,698750,565.40,2026-09-29,23435.20
2026-09-21 13:41:07,24000,5566805,5434790,714675,573.40,2026-09-29,23429.55
2026-09-21 13:46:06,24000,5566675,5434790,722280,574.65,2026-09-29,23428.85
2026-09-21 13:51:06,24000,5568170,5434790,736385,568.40,2026-09-29,23437.40
2026-09-21 13:56:07,24000,5559655,5434790,747825,564.75,2026-09-29,23444.40
2026-09-21 14:01:06,24000,5551725,5434790,776035,543.55,2026-09-29,23463.50
2026-09-21 14:06:06,24000,5539960,5434790,799305,551.10,2026-09-29,23457.70
2026-09-21 14:11:07,24000,5538920,5434790,807690,555.00,2026-09-29,23452.00
2026-09-21 14:16:07,24000,5539635,5434790,812695,555.85,2026-09-29,23451.20
2026-09-21 14:21:07,24000,5540610,5434790,821470,545.95,2026-09-29,23461.25
2026-09-21 14:26:07,24000,5541325,5434790,829010,553.75,2026-09-29,23453.70
2026-09-21 14:31:07,24000,5540350,5434790,839475,559.00,2026-09-29,23446.50
2026-09-21 14:36:07,24000,5535735,5434790,845520,560.25,2026-09-29,23444.25
2026-09-21 14:40:07,24000,5534630,5434790,851110,558.00,2026-09-29,23448.00
2026-09-21 14:46:07,24000,5534695,5434790,857025,554.95,2026-09-29,23450.35
2026-09-21 14:51:07,24000,5536060,5434790,859495,553.00,2026-09-29,23451.45
2026-09-21 14:56:06,24000,5531120,5434790,869570,555.00,2026-09-29,23450.05
2026-09-21 15:01:06,24000,5535085,5434790,882440,559.75,2026-09-29,23447.05
2026-09-21 15:06:07,24000,5536580,5434790,892385,557.20,2026-09-29,23441.00
2026-09-21 15:11:06,24000,5536775,5434790,900640,559.00,2026-09-29,23437.55
2026-09-21 15:16:07,24000,5539700,5434790,920920,557.45,2026-09-29,23429.00
2026-09-21 15:21:07,24000,5538335,5434790,945360,562.55,2026-09-29,23429.00
2026-09-21 15:26:07,24000,5540740,5434790,953290,562.95,2026-09-29,23429.00
2026-09-21 15:31:07,24000,5556015,5434790,985335,565.25,2026-09-29,23414.30
2026-09-21 15:36:07,24000,5551725,5434790,1013350,559.85,2026-09-29,23414.30
2026-09-21 15:41:06,24000,5550880,5434790,1020500,557.60,2026-09-29,23414.30
2026-09-21 22:30:06,24000,5550880,5434790,1020500,557.60,2026-09-29,23414.30
2026-09-21 22:35:07,24000,5550880,5434790,1020500,557.60,2026-09-29,23414.30
2026-09-21 23:00:05,24000,5550880,5434790,1020500,557.60,2026-09-29,23414.30
2026-09-21 23:05:07,24000,5550880,5434790,1020500,557.60,2026-09-29,23414.30
2026-09-21 08:54:08,24000,31915,24505,21190,623.75,2026-10-06,23346.40
2026-09-21 08:55:07,24000,31915,24505,21190,623.75,2026-10-06,23346.40
2026-09-21 09:00:07,24000,31915,24505,21190,623.75,2026-10-06,23216.50
2026-09-21 09:12:07,24000,31915,31785,21190,623.75,2026-10-06,23330.20
2026-09-21 09:16:07,24000,31915,31785,0,623.75,2026-10-06,23341.85
2026-09-21 09:21:06,24000,32305,31785,1300,607.65,2026-10-06,23384.75
2026-09-21 09:26:06,24000,32890,31785,2080,612.00,2026-10-06,23385.35
2026-09-21 09:31:07,24000,32695,31785,2405,595.70,2026-10-06,23401.90
2026-09-21 09:36:07,24000,32695,31785,2470,595.70,2026-10-06,23406.50
2026-09-21 09:41:07,24000,32695,31785,3445,598.00,2026-10-06,23387.30
2026-09-21 09:46:07,24000,32695,31785,3445,598.00,2026-10-06,23397.90
2026-09-21 09:51:06,24000,33540,31785,3510,593.25,2026-10-06,23402.35
2026-09-21 09:56:07,24000,33540,31785,3640,595.00,2026-10-06,23394.85
2026-09-21 10:01:06,24000,33995,31785,4290,597.30,2026-10-06,23391.90
2026-09-21 10:06:06,24000,33995,31785,4485,609.95,2026-10-06,23384.65
2026-09-21 10:11:07,24000,34060,31785,4680,607.95,2026-10-06,23387.95
2026-09-21 10:16:07,24000,34125,31785,4810,612.00,2026-10-06,23372.35
2026-09-21 10:21:07,24000,34320,31785,4940,611.50,2026-10-06,23373.25
2026-09-21 10:26:07,24000,34320,31785,5070,616.00,2026-10-06,23368.05
2026-09-21 10:31:06,24000,34320,31785,5070,616.00,2026-10-06,23368.85
2026-09-21 10:36:06,24000,34320,31785,5070,616.00,2026-10-06,23365.35
2026-09-21 10:41:06,24000,34320,31785,5070,616.00,2026-10-06,23367.00
2026-09-21 10:46:07,24000,34320,31785,5200,603.25,2026-10-06,23381.65
2026-09-21 10:51:07,24000,34320,31785,5200,603.25,2026-10-06,23380.10
2026-09-21 10:56:06,24000,34190,31785,5265,600.00,2026-10-06,23380.75
2026-09-21 11:01:07,24000,34255,31785,5330,600.00,2026-10-06,23386.85
2026-09-21 11:06:07,24000,34190,31785,5915,598.00,2026-10-06,23387.60
2026-09-21 11:11:07,24000,33735,31785,6175,595.00,2026-10-06,23395.90
2026-09-21 11:16:07,24000,34125,31785,6630,591.00,2026-10-06,23396.05
2026-09-21 11:21:06,24000,34255,31785,7150,602.00,2026-10-06,23393.30
2026-09-21 11:26:06,24000,33865,31785,7410,593.00,2026-10-06,23393.85
2026-09-21 11:31:06,24000,34060,31785,7995,597.05,2026-10-06,23400.40
2026-09-21 11:36:07,24000,33865,31785,8775,588.00,2026-10-06,23399.30
2026-09-21 11:41:06,24000,34125,31785,9360,589.25,2026-10-06,23399.45
2026-09-21 11:46:06,24000,34255,31785,9490,589.25,2026-10-06,23402.55
2026-09-21 11:51:07,24000,34255,31785,9555,592.00,2026-10-06,23400.10
2026-09-21 11:56:07,24000,34255,31785,9685,576.70,2026-10-06,23418.50
2026-09-21 12:01:07,24000,34580,31785,10400,572.85,2026-10-06,23430.95
2026-09-21 12:06:07,24000,34645,31785,10595,572.00,2026-10-06,23423.65
2026-09-21 12:11:08,24000,34840,31785,10725,572.00,2026-10-06,23418.05
2026-09-21 12:16:07,24000,35165,31785,11570,571.60,2026-10-06,23419.65
2026-09-21 12:21:07,24000,35230,31785,12090,576.60,2026-10-06,23417.80
2026-09-21 12:26:07,24000,35230,31785,12155,573.65,2026-10-06,23415.85
2026-09-21 12:31:08,24000,35295,31785,12740,573.30,2026-10-06,23422.40
2026-09-21 12:36:07,24000,36010,31785,13065,573.05,2026-10-06,23414.45
2026-09-21 12:41:07,24000,36010,31785,13065,573.05,2026-10-06,23412.15
2026-09-21 12:46:07,24000,36010,31785,13650,576.25,2026-10-06,23415.75
2026-09-21 12:51:07,24000,36010,31785,13650,576.25,2026-10-06,23413.00
2026-09-21 12:56:07,24000,36530,31785,14365,573.25,2026-10-06,23413.70
2026-09-21 13:01:07,24000,39325,31785,17680,576.15,2026-10-06,23412.00
2026-09-21 13:06:07,24000,39325,31785,17810,582.00,2026-10-06,23407.90
2026-09-21 13:11:07,24000,39520,31785,18330,583.35,2026-10-06,23403.30
2026-09-21 13:16:09,24000,39455,31785,18460,589.30,2026-10-06,23418.15
2026-09-21 13:21:08,24000,39455,31785,18460,589.30,2026-10-06,23423.65
2026-09-21 13:26:07,24000,39455,31785,18525,571.50,2026-10-06,23426.75
2026-09-21 13:31:07,24000,39390,31785,18590,562.85,2026-10-06,23427.00
2026-09-21 13:36:07,24000,39390,31785,18720,561.85,2026-10-06,23436.25
2026-09-21 13:41:08,24000,40105,31785,20085,560.00,2026-10-06,23430.05
2026-09-21 13:46:07,24000,40105,31785,20085,560.00,2026-10-06,23429.50
2026-09-21 13:51:07,24000,40105,31785,20085,560.00,2026-10-06,23437.30
2026-09-21 13:56:07,24000,40690,31785,20150,557.00,2026-10-06,23445.50
2026-09-21 14:01:06,24000,40690,31785,20800,537.00,2026-10-06,23463.55
2026-09-21 14:06:07,24000,41210,31785,21320,547.40,2026-10-06,23457.95
2026-09-21 14:11:08,24000,41210,31785,21320,547.40,2026-10-06,23452.05
2026-09-21 14:16:07,24000,41210,31785,21645,547.40,2026-10-06,23451.05
2026-09-21 14:21:07,24000,40885,31785,21970,540.05,2026-10-06,23461.20
2026-09-21 14:26:08,24000,40820,31785,22035,543.00,2026-10-06,23454.60
2026-09-21 14:31:07,24000,41730,31785,24440,550.00,2026-10-06,23446.85
2026-09-21 14:36:07,24000,41990,31785,24700,555.45,2026-10-06,23444.65
2026-09-21 14:40:08,24000,41990,31785,24895,549.20,2026-10-06,23448.15
2026-09-21 14:46:07,24000,41990,31785,25025,550.05,2026-10-06,23450.85
2026-09-21 14:51:08,24000,41990,31785,25025,550.05,2026-10-06,23450.80
2026-09-21 14:56:07,24000,42250,31785,27170,546.05,2026-10-06,23450.15
2026-09-21 15:01:07,24000,42250,31785,27170,546.05,2026-10-06,23447.20
2026-09-21 15:06:07,24000,44005,31785,27300,555.30,2026-10-06,23441.00
2026-09-21 15:11:07,24000,44200,31785,27690,549.40,2026-10-06,23437.70
2026-09-21 15:16:07,24000,44265,31785,28340,551.55,2026-10-06,23429.00
2026-09-21 15:21:07,24000,44785,31785,28405,550.00,2026-10-06,23429.00
2026-09-21 15:26:08,24000,44850,31785,28600,552.00,2026-10-06,23429.00
2026-09-21 15:31:07,24000,44915,31785,28795,557.75,2026-10-06,23414.30
2026-09-21 15:36:08,24000,44915,31785,28795,557.75,2026-10-06,23414.30
2026-09-21 15:41:07,24000,44980,31785,28990,552.25,2026-10-06,23414.30
2026-09-21 22:30:06,24000,44980,31785,28990,552.25,2026-10-06,23414.30
2026-09-21 22:35:07,24000,44980,31785,28990,552.25,2026-10-06,23414.30
2026-09-21 23:00:06,24000,44980,31785,28990,552.25,2026-10-06,23414.30
2026-09-21 23:05:07,24000,44980,31785,28990,552.25,2026-10-06,23414.30
2026-09-21 08:54:06,24100,137930,142220,26845,744.65,2026-09-22,23346.40
2026-09-21 08:55:06,24100,137930,142220,26845,744.65,2026-09-22,23346.40
2026-09-21 09:00:06,24100,137930,142220,26845,744.65,2026-09-22,23197.15
2026-09-21 09:12:06,24100,137930,138060,26845,744.65,2026-09-22,23330.20
2026-09-21 09:16:06,24100,137930,138060,0,744.65,2026-09-22,23342.95
2026-09-21 09:21:06,24100,137930,138060,780,722.00,2026-09-22,23384.85
2026-09-21 09:26:05,24100,137670,138060,1495,721.15,2026-09-22,23386.00
2026-09-21 09:31:06,24100,137410,138060,2080,708.00,2026-09-22,23402.20
2026-09-21 09:36:06,24100,137280,138060,2470,705.15,2026-09-22,23406.40
2026-09-21 09:41:06,24100,136890,138060,3705,718.50,2026-09-22,23386.00
2026-09-21 09:46:05,24100,135720,138060,4810,708.50,2026-09-22,23398.70
2026-09-21 09:51:05,24100,135720,138060,5135,706.30,2026-09-22,23401.95
2026-09-21 09:56:06,24100,135655,138060,5460,702.00,2026-09-22,23395.40
2026-09-21 10:01:05,24100,130390,138060,11375,710.20,2026-09-22,23392.20
2026-09-21 10:06:05,24100,129935,138060,12675,718.80,2026-09-22,23384.90
2026-09-21 10:11:06,24100,131170,138060,12805,720.00,2026-09-22,23387.85
2026-09-21 10:16:06,24100,131170,138060,12805,720.00,2026-09-22,23371.85
2026-09-21 10:21:06,24100,131170,138060,13520,727.05,2026-09-22,23371.90
2026-09-21 10:26:06,24100,129480,138060,14950,728.30,2026-09-22,23366.40
2026-09-21 10:31:06,24100,129480,138060,14950,728.30,2026-09-22,23368.60
2026-09-21 10:36:06,24100,129025,138060,15470,737.30,2026-09-22,23365.70
2026-09-21 10:41:05,24100,128440,138060,16445,735.00,2026-09-22,23367.35
2026-09-21 10:46:06,24100,127270,138060,17680,725.00,2026-09-22,23381.95
2026-09-21 10:51:06,24100,127075,138060,18525,721.05,2026-09-22,23379.70
2026-09-21 10:56:05,24100,126360,138060,18655,714.00,2026-09-22,23380.50
2026-09-21 11:01:06,24100,126230,138060,18915,715.00,2026-09-22,23385.15
2026-09-21 11:06:06,24100,125970,138060,18980,716.50,2026-09-22,23386.50
2026-09-21 11:11:06,24100,125515,138060,19630,709.30,2026-09-22,23394.65
2026-09-21 11:16:06,24100,125385,138060,20020,704.85,2026-09-22,23395.80
2026-09-21 11:21:05,24100,124930,138060,20150,715.60,2026-09-22,23392.30
2026-09-21 11:26:05,24100,124735,138060,20410,706.00,2026-09-22,23393.30
2026-09-21 11:31:05,24100,123890,138060,21515,704.40,2026-09-22,23400.10
2026-09-21 11:36:06,24100,123825,138060,21580,701.60,2026-09-22,23399.10
2026-09-21 11:41:06,24100,123825,138060,21645,706.00,2026-09-22,23398.65
2026-09-21 11:46:05,24100,123370,138060,23010,703.00,2026-09-22,23403.25
2026-09-21 11:51:06,24100,123240,138060,23530,706.00,2026-09-22,23399.85
2026-09-21 11:56:06,24100,122915,138060,24895,688.10,2026-09-22,23417.40
2026-09-21 12:01:06,24100,121940,138060,25610,678.60,2026-09-22,23429.85
2026-09-21 12:06:06,24100,121615,138060,26585,687.45,2026-09-22,23423.05
2026-09-21 12:11:07,24100,121615,138060,27170,692.10,2026-09-22,23417.70
2026-09-21 12:16:06,24100,121745,138060,27755,687.10,2026-09-22,23418.55
2026-09-21 12:21:06,24100,121615,138060,27820,689.40,2026-09-22,23417.20
2026-09-21 12:26:06,24100,121550,138060,28145,690.00,2026-09-22,23415.75
2026-09-21 12:31:07,24100,121550,138060,28145,690.00,2026-09-22,23421.65
2026-09-21 12:36:06,24100,121485,138060,28535,688.00,2026-09-22,23414.40
2026-09-21 12:41:06,24100,121485,138060,28535,688.00,2026-09-22,23411.55
2026-09-21 12:46:06,24100,121225,138060,28795,691.70,2026-09-22,23414.90
2026-09-21 12:51:06,24100,121225,138060,28795,691.70,2026-09-22,23412.40
2026-09-21 12:56:06,24100,121225,138060,28795,691.70,2026-09-22,23414.80
2026-09-21 13:01:06,24100,121225,138060,28795,691.70,2026-09-22,23411.95
2026-09-21 13:06:06,24100,121225,138060,28795,691.70,2026-09-22,23407.60
2026-09-21 13:11:06,24100,121095,138060,28860,704.00,2026-09-22,23402.90
2026-09-21 13:16:07,24100,121030,138060,28990,690.00,2026-09-22,23417.70
2026-09-21 13:21:07,24100,120445,138060,29835,680.80,2026-09-22,23424.00
2026-09-21 13:26:06,24100,120250,138060,30290,683.60,2026-09-22,23426.85
2026-09-21 13:31:06,24100,119990,138060,30745,678.00,2026-09-22,23426.85
2026-09-21 13:36:06,24100,118430,138060,33020,674.30,2026-09-22,23435.55
2026-09-21 13:41:07,24100,118235,138060,33150,673.85,2026-09-22,23429.95
2026-09-21 13:46:06,24100,114530,138060,36530,679.95,2026-09-22,23428.85
2026-09-21 13:51:06,24100,114205,138060,36855,674.00,2026-09-22,23437.55
2026-09-21 13:56:06,24100,114140,138060,37050,671.40,2026-09-22,23444.45
2026-09-21 14:01:05,24100,113100,138060,40105,648.00,2026-09-22,23463.55
2026-09-21 14:06:06,24100,112190,138060,41600,648.05,2026-09-22,23457.85
2026-09-21 14:11:07,24100,111865,138060,42250,655.55,2026-09-22,23451.70
2026-09-21 14:16:06,24100,110435,138060,43940,653.70,2026-09-22,23450.90
2026-09-21 14:21:06,24100,109785,138060,48555,645.00,2026-09-22,23461.20
2026-09-21 14:26:07,24100,109785,138060,48555,645.00,2026-09-22,23453.90
2026-09-21 14:31:06,24100,109460,138060,48880,652.60,2026-09-22,23445.85
2026-09-21 14:36:06,24100,109135,138060,52585,661.80,2026-09-22,23444.00
2026-09-21 14:40:07,24100,108290,138060,55705,651.00,2026-09-22,23448.05
2026-09-21 14:46:06,24100,107315,138060,56225,650.05,2026-09-22,23450.55
2026-09-21 14:51:07,24100,106210,138060,58240,651.50,2026-09-22,23450.75
2026-09-21 14:56:06,24100,106015,138060,58825,654.00,2026-09-22,23449.75
2026-09-21 15:01:06,24100,104910,138060,60190,662.00,2026-09-22,23448.10
2026-09-21 15:06:06,24100,104130,138060,61230,660.80,2026-09-22,23440.25
2026-09-21 15:11:06,24100,103805,138060,61880,660.00,2026-09-22,23437.10
2026-09-21 15:16:06,24100,102375,138060,66105,666.45,2026-09-22,23429.00
2026-09-21 15:21:06,24100,101335,138060,66560,660.35,2026-09-22,23429.00
2026-09-21 15:26:07,24100,101335,138060,66950,659.45,2026-09-22,23429.00
2026-09-21 15:31:06,24100,101010,138060,68900,663.00,2026-09-22,23414.30
2026-09-21 15:36:07,24100,100945,138060,69030,654.20,2026-09-22,23414.30
2026-09-21 15:41:06,24100,100490,138060,70070,653.00,2026-09-22,23414.30
2026-09-21 22:30:05,24100,100490,138060,70070,653.00,2026-09-22,23414.30
2026-09-21 22:35:06,24100,100490,138060,70070,653.00,2026-09-22,23414.30
2026-09-21 23:00:05,24100,100490,138060,70070,653.00,2026-09-22,23414.30
2026-09-21 23:05:06,24100,100490,138060,70070,653.00,2026-09-22,23414.30
2026-09-21 08:54:07,24100,772395,791635,62270,733.00,2026-09-29,23346.40
2026-09-21 08:55:06,24100,772395,791635,62270,733.00,2026-09-29,23346.40
2026-09-21 09:00:07,24100,772395,791635,62270,733.00,2026-09-29,23197.80
2026-09-21 09:12:07,24100,772395,771745,62270,733.00,2026-09-29,23330.20
2026-09-21 09:16:06,24100,771745,771745,260,736.80,2026-09-29,23343.65
2026-09-21 09:21:06,24100,771810,771745,2145,708.00,2026-09-29,23385.35
2026-09-21 09:26:06,24100,771680,771745,3900,704.75,2026-09-29,23386.30
2026-09-21 09:31:06,24100,771550,771745,4550,690.00,2026-09-29,23401.55
2026-09-21 09:36:06,24100,771355,771745,5720,693.55,2026-09-29,23406.40
2026-09-21 09:41:06,24100,772395,771745,7410,705.00,2026-09-29,23386.65
2026-09-21 09:46:06,24100,773825,771745,8385,699.35,2026-09-29,23398.55
2026-09-21 09:51:06,24100,774085,771745,9490,694.40,2026-09-29,23402.45
2026-09-21 09:56:06,24100,774280,771745,10140,698.70,2026-09-29,23395.15
2026-09-21 10:01:06,24100,774735,771745,10790,705.45,2026-09-29,23391.85
2026-09-21 10:06:06,24100,774670,771745,11245,710.00,2026-09-29,23384.15
2026-09-21 10:11:07,24100,774670,771745,11570,710.15,2026-09-29,23387.90
2026-09-21 10:16:07,24100,774345,771745,13585,718.35,2026-09-29,23371.90
2026-09-21 10:21:06,24100,774865,771745,14755,718.05,2026-09-29,23372.55
2026-09-21 10:26:06,24100,775450,771745,15600,720.40,2026-09-29,23366.60
2026-09-21 10:31:06,24100,776100,771745,15665,720.00,2026-09-29,23368.65
2026-09-21 10:36:06,24100,776035,771745,15795,721.15,2026-09-29,23365.90
2026-09-21 10:41:06,24100,776620,771745,16900,718.10,2026-09-29,23366.90
2026-09-21 10:46:06,24100,776815,771745,17095,715.95,2026-09-29,23381.05
2026-09-21 10:51:06,24100,776750,771745,17355,710.05,2026-09-29,23380.20
2026-09-21 10:56:06,24100,776230,771745,18330,712.90,2026-09-29,23380.20
2026-09-21 11:01:07,24100,775775,771745,18785,707.35,2026-09-29,23386.80
2026-09-21 11:06:07,24100,775645,771745,19695,704.95,2026-09-29,23387.55
2026-09-21 11:11:07,24100,775320,771745,20605,701.10,2026-09-29,23395.80
2026-09-21 11:16:06,24100,774930,771745,21125,700.25,2026-09-29,23395.20
2026-09-21 11:21:06,24100,774865,771745,21190,703.60,2026-09-29,23392.40
2026-09-21 11:26:06,24100,774995,771745,21385,696.15,2026-09-29,23393.30
2026-09-21 11:31:06,24100,774930,771745,22490,698.60,2026-09-29,23400.20
2026-09-21 11:36:07,24100,775450,771745,22685,692.35,2026-09-29,23398.80
2026-09-21 11:41:06,24100,775450,771745,22685,692.35,2026-09-29,23399.10
2026-09-21 11:46:06,24100,774410,771745,24375,692.35,2026-09-29,23402.45
2026-09-21 11:51:06,24100,772265,771745,27625,697.05,2026-09-29,23400.10
2026-09-21 11:56:06,24100,771550,771745,28600,677.00,2026-09-29,23418.05
2026-09-21 12:01:06,24100,770510,771745,30875,671.70,2026-09-29,23430.40
2026-09-21 12:06:07,24100,759785,771745,46150,677.00,2026-09-29,23423.80
2026-09-21 12:11:07,24100,759785,771745,48360,676.70,2026-09-29,23418.25
2026-09-21 12:16:06,24100,757770,771745,48815,676.50,2026-09-29,23418.30
2026-09-21 12:21:06,24100,757575,771745,49530,677.05,2026-09-29,23417.15
2026-09-21 12:26:06,24100,757315,771745,50375,675.15,2026-09-29,23415.60
2026-09-21 12:31:07,24100,756730,771745,51155,674.55,2026-09-29,23422.00
2026-09-21 12:36:06,24100,755235,771745,52455,682.95,2026-09-29,23414.35
2026-09-21 12:41:07,24100,754650,771745,52650,680.40,2026-09-29,23412.00
2026-09-21 12:46:07,24100,754585,771745,53235,677.10,2026-09-29,23415.85
2026-09-21 12:51:07,24100,754390,771745,53495,682.55,2026-09-29,23413.00
2026-09-21 12:56:07,24100,754260,771745,53690,680.00,2026-09-29,23414.15
2026-09-21 13:01:07,24100,754260,771745,53690,680.00,2026-09-29,23411.85
2026-09-21 13:06:07,24100,754585,771745,54600,689.30,2026-09-29,23408.35
2026-09-21 13:11:07,24100,754650,771745,54925,695.30,2026-09-29,23402.60
2026-09-21 13:16:08,24100,754390,771745,55120,696.25,2026-09-29,23417.50
2026-09-21 13:21:07,24100,754130,771745,55380,672.90,2026-09-29,23423.40
2026-09-21 13:26:06,24100,754065,771745,55640,676.00,2026-09-29,23426.70
2026-09-21 13:31:07,24100,750750,771745,60450,670.00,2026-09-29,23427.10
2026-09-21 13:36:07,24100,749515,771745,62985,663.10,2026-09-29,23435.20
2026-09-21 13:41:07,24100,749450,771745,65455,665.05,2026-09-29,23429.55
2026-09-21 13:46:06,24100,749320,771745,66105,669.40,2026-09-29,23428.85
2026-09-21 13:51:06,24100,749125,771745,66625,665.30,2026-09-29,23437.40
2026-09-21 13:56:07,24100,748865,771745,67340,665.85,2026-09-29,23444.40
2026-09-21 14:01:06,24100,748215,771745,69810,637.05,2026-09-29,23463.50
2026-09-21 14:06:06,24100,748215,771745,69875,646.75,2026-09-29,23457.70
2026-09-21 14:11:07,24100,749125,771745,71955,650.25,2026-09-29,23452.00
2026-09-21 14:16:07,24100,749775,771745,74295,651.00,2026-09-29,23451.20
2026-09-21 14:21:07,24100,748800,771745,78000,642.00,2026-09-29,23461.25
2026-09-21 14:26:07,24100,750555,771745,80860,649.60,2026-09-29,23453.70
2026-09-21 14:31:07,24100,749385,771745,82550,656.00,2026-09-29,23446.50
2026-09-21 14:36:07,24100,749710,771745,85865,652.45,2026-09-29,23444.25
2026-09-21 14:40:07,24100,752375,771745,89375,653.70,2026-09-29,23448.00
2026-09-21 14:46:07,24100,752310,771745,90090,652.85,2026-09-29,23450.35
2026-09-21 14:51:07,24100,752180,771745,95160,651.00,2026-09-29,23451.45
2026-09-21 14:56:06,24100,752375,771745,96070,652.05,2026-09-29,23450.05
2026-09-21 15:01:06,24100,752440,771745,97435,657.40,2026-09-29,23447.05
2026-09-21 15:06:07,24100,752765,771745,98475,657.35,2026-09-29,23441.00
2026-09-21 15:11:06,24100,752570,771745,99645,654.20,2026-09-29,23437.55
2026-09-21 15:16:07,24100,753220,771745,101010,656.40,2026-09-29,23429.00
2026-09-21 15:21:07,24100,752440,771745,102310,660.80,2026-09-29,23429.00
2026-09-21 15:26:07,24100,751335,771745,103220,660.75,2026-09-29,23429.00
2026-09-21 15:31:07,24100,751010,771745,104585,659.85,2026-09-29,23414.30
2026-09-21 15:36:07,24100,746850,771745,114010,656.00,2026-09-29,23414.30
2026-09-21 15:41:06,24100,742495,771745,114985,653.95,2026-09-29,23414.30
2026-09-21 22:30:06,24100,742495,771745,114985,653.95,2026-09-29,23414.30
2026-09-21 22:35:07,24100,742495,771745,114985,653.95,2026-09-29,23414.30
2026-09-21 23:00:05,24100,742495,771745,114985,653.95,2026-09-29,23414.30
2026-09-21 23:05:07,24100,742495,771745,114985,653.95,2026-09-29,23414.30
2026-09-21 08:54:08,24100,1560,715,1950,715.00,2026-10-06,23346.40
2026-09-21 08:55:07,24100,1560,715,1950,715.00,2026-10-06,23346.40
2026-09-21 09:00:07,24100,1560,715,1950,715.00,2026-10-06,23216.50
2026-09-21 09:12:07,24100,1560,1625,1950,715.00,2026-10-06,23330.20
2026-09-21 09:16:07,24100,1560,1625,0,715.00,2026-10-06,23341.85
2026-09-21 09:21:06,24100,1560,1625,0,715.00,2026-10-06,23384.75
2026-09-21 09:26:06,24100,1560,1625,0,715.00,2026-10-06,23385.35
2026-09-21 09:31:07,24100,1560,1625,0,715.00,2026-10-06,23401.90
2026-09-21 09:36:07,24100,1560,1625,0,715.00,2026-10-06,23406.50
2026-09-21 09:41:07,24100,1560,1625,0,715.00,2026-10-06,23387.30
2026-09-21 09:46:07,24100,1560,1625,0,715.00,2026-10-06,23397.90
2026-09-21 09:51:06,24100,1560,1625,0,715.00,2026-10-06,23402.35
2026-09-21 09:56:07,24100,1560,1625,0,715.00,2026-10-06,23394.85
2026-09-21 10:01:06,24100,1560,1625,0,715.00,2026-10-06,23391.90
2026-09-21 10:06:06,24100,1560,1625,0,715.00,2026-10-06,23384.65
2026-09-21 10:11:07,24100,1560,1625,0,715.00,2026-10-06,23387.95
2026-09-21 10:16:07,24100,1560,1625,0,715.00,2026-10-06,23372.35
2026-09-21 10:21:07,24100,1560,1625,0,715.00,2026-10-06,23373.25
2026-09-21 10:26:07,24100,1560,1625,0,715.00,2026-10-06,23368.05
2026-09-21 10:31:06,24100,1560,1625,0,715.00,2026-10-06,23368.85
2026-09-21 10:36:06,24100,1560,1625,0,715.00,2026-10-06,23365.35
2026-09-21 10:41:06,24100,1560,1625,0,715.00,2026-10-06,23367.00
2026-09-21 10:46:07,24100,1560,1625,0,715.00,2026-10-06,23381.65
2026-09-21 10:51:07,24100,1560,1625,0,715.00,2026-10-06,23380.10
2026-09-21 10:56:06,24100,1560,1625,0,715.00,2026-10-06,23380.75
2026-09-21 11:01:07,24100,1560,1625,0,715.00,2026-10-06,23386.85
2026-09-21 11:06:07,24100,1560,1625,0,715.00,2026-10-06,23387.60
2026-09-21 11:11:07,24100,1560,1625,0,715.00,2026-10-06,23395.90
2026-09-21 11:16:07,24100,1560,1625,0,715.00,2026-10-06,23396.05
2026-09-21 11:21:06,24100,1560,1625,0,715.00,2026-10-06,23393.30
2026-09-21 11:26:06,24100,1560,1625,0,715.00,2026-10-06,23393.85
2026-09-21 11:31:06,24100,1560,1625,0,715.00,2026-10-06,23400.40
2026-09-21 11:36:07,24100,1560,1625,0,715.00,2026-10-06,23399.30
2026-09-21 11:41:06,24100,1560,1625,0,715.00,2026-10-06,23399.45
2026-09-21 11:46:06,24100,1560,1625,0,715.00,2026-10-06,23402.55
2026-09-21 11:51:07,24100,1560,1625,0,715.00,2026-10-06,23400.10
2026-09-21 11:56:07,24100,1560,1625,0,715.00,2026-10-06,23418.50
2026-09-21 12:01:07,24100,1560,1625,0,715.00,2026-10-06,23430.95
2026-09-21 12:06:07,24100,1560,1625,0,715.00,2026-10-06,23423.65
2026-09-21 12:11:08,24100,1560,1625,0,715.00,2026-10-06,23418.05
2026-09-21 12:16:07,24100,1560,1625,0,715.00,2026-10-06,23419.65
2026-09-21 12:21:07,24100,1560,1625,0,715.00,2026-10-06,23417.80
2026-09-21 12:26:07,24100,1560,1625,0,715.00,2026-10-06,23415.85
2026-09-21 12:31:08,24100,1560,1625,0,715.00,2026-10-06,23422.40
2026-09-21 12:36:07,24100,1560,1625,0,715.00,2026-10-06,23414.45
2026-09-21 12:41:07,24100,1560,1625,0,715.00,2026-10-06,23412.15
2026-09-21 12:46:07,24100,1560,1625,0,715.00,2026-10-06,23415.75
2026-09-21 12:51:07,24100,1560,1625,0,715.00,2026-10-06,23413.00
2026-09-21 12:56:07,24100,1560,1625,0,715.00,2026-10-06,23413.70
2026-09-21 13:01:07,24100,1560,1625,0,715.00,2026-10-06,23412.00
2026-09-21 13:06:07,24100,1560,1625,0,715.00,2026-10-06,23407.90
2026-09-21 13:11:07,24100,1560,1625,0,715.00,2026-10-06,23403.30
2026-09-21 13:16:09,24100,1560,1625,0,715.00,2026-10-06,23418.15
2026-09-21 13:21:08,24100,1560,1625,0,715.00,2026-10-06,23423.65
2026-09-21 13:26:07,24100,1560,1625,0,715.00,2026-10-06,23426.75
2026-09-21 13:31:07,24100,1560,1625,0,715.00,2026-10-06,23427.00
2026-09-21 13:36:07,24100,1560,1625,0,715.00,2026-10-06,23436.25
2026-09-21 13:41:08,24100,1560,1625,0,715.00,2026-10-06,23430.05
2026-09-21 13:46:07,24100,1560,1625,0,715.00,2026-10-06,23429.50
2026-09-21 13:51:07,24100,1560,1625,0,715.00,2026-10-06,23437.30
2026-09-21 13:56:07,24100,1560,1625,0,715.00,2026-10-06,23445.50
2026-09-21 14:01:06,24100,1560,1625,0,715.00,2026-10-06,23463.55
2026-09-21 14:06:07,24100,1560,1625,0,715.00,2026-10-06,23457.95
2026-09-21 14:11:08,24100,1560,1625,0,715.00,2026-10-06,23452.05
2026-09-21 14:16:07,24100,1560,1625,0,715.00,2026-10-06,23451.05
2026-09-21 14:21:07,24100,1560,1625,0,715.00,2026-10-06,23461.20
2026-09-21 14:26:08,24100,1560,1625,0,715.00,2026-10-06,23454.60
2026-09-21 14:31:07,24100,1625,1625,65,577.00,2026-10-06,23446.85
2026-09-21 14:36:07,24100,1625,1625,65,577.00,2026-10-06,23444.65
2026-09-21 14:40:08,24100,1625,1625,65,577.00,2026-10-06,23448.15
2026-09-21 14:46:07,24100,1625,1625,65,577.00,2026-10-06,23450.85
2026-09-21 14:51:08,24100,1625,1625,65,577.00,2026-10-06,23450.80
2026-09-21 14:56:07,24100,1625,1625,65,577.00,2026-10-06,23450.15
2026-09-21 15:01:07,24100,1625,1625,65,577.00,2026-10-06,23447.20
2026-09-21 15:06:07,24100,1625,1625,65,577.00,2026-10-06,23441.00
2026-09-21 15:11:07,24100,1690,1625,130,610.00,2026-10-06,23437.70
2026-09-21 15:16:07,24100,2470,1625,975,643.20,2026-10-06,23429.00
2026-09-21 15:21:07,24100,2600,1625,1040,640.00,2026-10-06,23429.00
2026-09-21 15:26:08,24100,2600,1625,1040,640.00,2026-10-06,23429.00
2026-09-21 15:31:07,24100,2600,1625,1040,640.00,2026-10-06,23414.30
2026-09-21 15:36:08,24100,2600,1625,1040,640.00,2026-10-06,23414.30
2026-09-21 15:41:07,24100,2600,1625,1040,640.00,2026-10-06,23414.30
2026-09-21 22:30:06,24100,2600,1625,1040,640.00,2026-10-06,23414.30
2026-09-21 22:35:07,24100,2600,1625,1040,640.00,2026-10-06,23414.30
2026-09-21 23:00:06,24100,2600,1625,1040,640.00,2026-10-06,23414.30
2026-09-21 23:05:07,24100,2600,1625,1040,640.00,2026-10-06,23414.30
2026-09-21 08:54:06,24200,166725,178165,35750,845.90,2026-09-22,23346.40
2026-09-21 08:55:06,24200,166725,178165,35750,845.90,2026-09-22,23346.40
2026-09-21 09:00:06,24200,166725,178165,35750,845.90,2026-09-22,23197.15
2026-09-21 09:12:06,24200,166725,166790,35750,845.90,2026-09-22,23330.20
2026-09-21 09:16:06,24200,166790,166790,325,846.95,2026-09-22,23342.95
2026-09-21 09:21:06,24200,166855,166790,975,822.40,2026-09-22,23384.85
2026-09-21 09:26:05,24200,166660,166790,1170,823.00,2026-09-22,23386.00
2026-09-21 09:31:06,24200,166140,166790,2145,803.75,2026-09-22,23402.20
2026-09-21 09:36:06,24200,165815,166790,2795,804.70,2026-09-22,23406.40
2026-09-21 09:41:06,24200,164190,166790,6110,818.75,2026-09-22,23386.00
2026-09-21 09:46:05,24200,161395,166790,7540,809.25,2026-09-22,23398.70
2026-09-21 09:51:05,24200,160420,166790,8515,802.00,2026-09-22,23401.95
2026-09-21 09:56:06,24200,159575,166790,9750,808.00,2026-09-22,23395.40
2026-09-21 10:01:05,24200,159445,166790,9880,800.10,2026-09-22,23392.20
2026-09-21 10:06:05,24200,159575,166790,10595,823.30,2026-09-22,23384.90
2026-09-21 10:11:06,24200,158925,166790,13455,820.45,2026-09-22,23387.85
2026-09-21 10:16:06,24200,158535,166790,13520,831.70,2026-09-22,23371.85
2026-09-21 10:21:06,24200,158080,166790,14105,825.30,2026-09-22,23371.90
2026-09-21 10:26:06,24200,157950,166790,14300,825.30,2026-09-22,23366.40
2026-09-21 10:31:06,24200,157820,166790,14950,831.00,2026-09-22,23368.60
2026-09-21 10:36:06,24200,157170,166790,16510,838.15,2026-09-22,23365.70
2026-09-21 10:41:05,24200,156585,166790,16640,836.00,2026-09-22,23367.35
2026-09-21 10:46:06,24200,156195,166790,17095,821.00,2026-09-22,23381.95
2026-09-21 10:51:06,24200,156065,166790,17810,824.50,2026-09-22,23379.70
2026-09-21 10:56:05,24200,156065,166790,17810,824.50,2026-09-22,23380.50
2026-09-21 11:01:06,24200,155350,166790,19240,816.65,2026-09-22,23385.15
2026-09-21 11:06:06,24200,154700,166790,19305,815.00,2026-09-22,23386.50
2026-09-21 11:11:06,24200,154505,166790,19695,811.80,2026-09-22,23394.65
2026-09-21 11:16:06,24200,152880,166790,25805,805.00,2026-09-22,23395.80
2026-09-21 11:21:05,24200,149500,166790,31720,813.30,2026-09-22,23392.30
2026-09-21 11:26:05,24200,146510,166790,32630,810.50,2026-09-22,23393.30
2026-09-21 11:31:05,24200,146380,166790,32695,806.40,2026-09-22,23400.10
2026-09-21 11:36:06,24200,140790,166790,38545,799.90,2026-09-22,23399.10
2026-09-21 11:41:06,24200,139685,166790,41665,806.10,2026-09-22,23398.65
2026-09-21 11:46:05,24200,137020,166790,48100,800.00,2026-09-22,23403.25
2026-09-21 11:51:06,24200,131560,166790,54340,806.00,2026-09-22,23399.85
2026-09-21 11:56:06,24200,128375,166790,56745,788.00,2026-09-22,23417.40
2026-09-21 12:01:06,24200,127205,166790,57460,780.00,2026-09-22,23429.85
2026-09-21 12:06:06,24200,125580,166790,60385,788.00,2026-09-22,23423.05
2026-09-21 12:11:07,24200,122785,166790,63765,789.65,2026-09-22,23417.70
2026-09-21 12:16:06,24200,122135,166790,64025,789.45,2026-09-22,23418.55
2026-09-21 12:21:06,24200,121940,166790,64155,788.70,2026-09-22,23417.20
2026-09-21 12:26:06,24200,121810,166790,64220,790.20,2026-09-22,23415.75
2026-09-21 12:31:07,24200,121745,166790,64415,788.45,2026-09-22,23421.65
2026-09-21 12:36:06,24200,121615,166790,64740,788.15,2026-09-22,23414.40
2026-09-21 12:41:06,24200,121355,166790,65065,787.40,2026-09-22,23411.55
2026-09-21 12:46:06,24200,121355,166790,65065,787.40,2026-09-22,23414.90
2026-09-21 12:51:06,24200,120965,166790,65195,792.20,2026-09-22,23412.40
2026-09-21 12:56:06,24200,120900,166790,66950,791.15,2026-09-22,23414.80
2026-09-21 13:01:06,24200,120315,166790,67015,793.00,2026-09-22,23411.95
2026-09-21 13:06:06,24200,120185,166790,67145,796.70,2026-09-22,23407.60
2026-09-21 13:11:06,24200,120185,166790,67405,803.00,2026-09-22,23402.90
2026-09-21 13:16:07,24200,118690,166790,69680,797.50,2026-09-22,23417.70
2026-09-21 13:21:07,24200,117910,166790,71890,782.40,2026-09-22,23424.00
2026-09-21 13:26:06,24200,115570,166790,75010,780.00,2026-09-22,23426.85
2026-09-21 13:31:06,24200,115310,166790,75335,777.90,2026-09-22,23426.85
2026-09-21 13:36:06,24200,112385,166790,82680,774.00,2026-09-22,23435.55
2026-09-21 13:41:07,24200,108290,166790,84305,775.40,2026-09-22,23429.95
2026-09-21 13:46:06,24200,108290,166790,84305,775.40,2026-09-22,23428.85
2026-09-21 13:51:06,24200,106535,166790,86255,772.70,2026-09-22,23437.55
2026-09-21 13:56:06,24200,106340,166790,86385,770.00,2026-09-22,23444.45
2026-09-21 14:01:05,24200,106340,166790,87295,733.10,2026-09-22,23463.55
2026-09-21 14:06:06,24200,105430,166790,88855,745.65,2026-09-22,23457.85
2026-09-21 14:11:07,24200,104975,166790,89050,753.35,2026-09-22,23451.70
2026-09-21 14:16:06,24200,104975,166790,89115,750.00,2026-09-22,23450.90
2026-09-21 14:21:06,24200,104325,166790,91000,743.00,2026-09-22,23461.20
2026-09-21 14:26:07,24200,102895,166790,91390,748.95,2026-09-22,23453.90
2026-09-21 14:31:06,24200,102895,166790,91390,748.95,2026-09-22,23445.85
2026-09-21 14:36:06,24200,102635,166790,92690,760.60,2026-09-22,23444.00
2026-09-21 14:40:07,24200,101595,166790,93015,753.55,2026-09-22,23448.05
2026-09-21 14:46:06,24200,101595,166790,93080,750.65,2026-09-22,23450.55
2026-09-21 14:51:07,24200,101530,166790,93665,750.00,2026-09-22,23450.75
2026-09-21 14:56:06,24200,101270,166790,93990,755.20,2026-09-22,23449.75
2026-09-21 15:01:06,24200,100945,166790,94250,756.00,2026-09-22,23448.10
2026-09-21 15:06:06,24200,100815,166790,94315,760.00,2026-09-22,23440.25
2026-09-21 15:11:06,24200,100750,166790,94380,760.55,2026-09-22,23437.10
2026-09-21 15:16:06,24200,100035,166790,95160,760.60,2026-09-22,23429.00
2026-09-21 15:21:06,24200,100035,166790,95745,751.00,2026-09-22,23429.00
2026-09-21 15:26:07,24200,98605,166790,98540,762.30,2026-09-22,23429.00
2026-09-21 15:31:06,24200,97955,166790,98930,762.00,2026-09-22,23414.30
2026-09-21 15:36:07,24200,98085,166790,100620,755.90,2026-09-22,23414.30
2026-09-21 15:41:06,24200,97305,166790,101400,753.95,2026-09-22,23414.30
2026-09-21 22:30:05,24200,97305,166790,101400,753.95,2026-09-22,23414.30
2026-09-21 22:35:06,24200,97305,166790,101400,753.95,2026-09-22,23414.30
2026-09-21 23:00:05,24200,97305,166790,101400,753.95,2026-09-22,23414.30
2026-09-21 23:05:06,24200,97305,166790,101400,753.95,2026-09-22,23414.30
2026-09-21 08:54:07,24200,1714050,1721590,55770,832.40,2026-09-29,23346.40
2026-09-21 08:55:06,24200,1714050,1721590,55770,832.40,2026-09-29,23346.40
2026-09-21 09:00:07,24200,1714050,1721590,55770,832.40,2026-09-29,23197.80
2026-09-21 09:12:07,24200,1714050,1713660,55770,832.40,2026-09-29,23330.20
2026-09-21 09:16:06,24200,1714050,1713660,0,832.40,2026-09-29,23343.65
2026-09-21 09:21:06,24200,1710410,1713660,5720,804.55,2026-09-29,23385.35
2026-09-21 09:26:06,24200,1708330,1713660,9230,810.80,2026-09-29,23386.30
2026-09-21 09:31:06,24200,1705340,1713660,11310,790.35,2026-09-29,23401.55
2026-09-21 09:36:06,24200,1705275,1713660,14235,790.20,2026-09-29,23406.40
2026-09-21 09:41:06,24200,1705665,1713660,15340,808.05,2026-09-29,23386.65
2026-09-21 09:46:06,24200,1705665,1713660,16900,800.00,2026-09-29,23398.55
2026-09-21 09:51:06,24200,1704755,1713660,18330,793.10,2026-09-29,23402.45
2026-09-21 09:56:06,24200,1705535,1713660,19305,799.65,2026-09-29,23395.15
2026-09-21 10:01:06,24200,1705275,1713660,19695,802.95,2026-09-29,23391.85
2026-09-21 10:06:06,24200,1705795,1713660,22620,809.75,2026-09-29,23384.15
2026-09-21 10:11:07,24200,1707615,1713660,25740,806.00,2026-09-29,23387.90
2026-09-21 10:16:07,24200,1707550,1713660,25870,799.50,2026-09-29,23371.90
2026-09-21 10:21:06,24200,1707485,1713660,26390,811.70,2026-09-29,23372.55
2026-09-21 10:26:06,24200,1706705,1713660,27690,821.60,2026-09-29,23366.60
2026-09-21 10:31:06,24200,1703975,1713660,30615,816.60,2026-09-29,23368.65
2026-09-21 10:36:06,24200,1703975,1713660,31785,819.35,2026-09-29,23365.90
2026-09-21 10:41:06,24200,1704495,1713660,32760,822.60,2026-09-29,23366.90
2026-09-21 10:46:06,24200,1703650,1713660,33540,807.85,2026-09-29,23381.05
2026-09-21 10:51:06,24200,1703585,1713660,34450,809.25,2026-09-29,23380.20
2026-09-21 10:56:06,24200,1703520,1713660,34710,806.80,2026-09-29,23380.20
2026-09-21 11:01:07,24200,1703260,1713660,35685,805.40,2026-09-29,23386.80
2026-09-21 11:06:07,24200,1703065,1713660,36010,802.05,2026-09-29,23387.55
2026-09-21 11:11:07,24200,1702740,1713660,36920,796.85,2026-09-29,23395.80
2026-09-21 11:16:06,24200,1702610,1713660,42705,796.00,2026-09-29,23395.20
2026-09-21 11:21:06,24200,1704690,1713660,47125,800.00,2026-09-29,23392.40
2026-09-21 11:26:06,24200,1704885,1713660,47970,796.10,2026-09-29,23393.30
2026-09-21 11:31:06,24200,1703390,1713660,51480,794.10,2026-09-29,23400.20
2026-09-21 11:36:07,24200,1703000,1713660,64415,796.00,2026-09-29,23398.80
2026-09-21 11:41:06,24200,1701245,1713660,77740,795.65,2026-09-29,23399.10
2026-09-21 11:46:06,24200,1703585,1713660,86190,792.40,2026-09-29,23402.45
2026-09-21 11:51:06,24200,1702805,1713660,93470,790.65,2026-09-29,23400.10
2026-09-21 11:56:06,24200,1700725,1713660,97305,777.30,2026-09-29,23418.05
2026-09-21 12:01:06,24200,1699945,1713660,101010,770.40,2026-09-29,23430.40
2026-09-21 12:06:07,24200,1695395,1713660,110890,776.30,2026-09-29,23423.80
2026-09-21 12:11:07,24200,1695785,1713660,115245,777.05,2026-09-29,23418.25
2026-09-21 12:16:06,24200,1695785,1713660,116480,774.55,2026-09-29,23418.30
2026-09-21 12:21:06,24200,1695980,1713660,117390,774.85,2026-09-29,23417.15
2026-09-21 12:26:06,24200,1695850,1713660,118950,780.40,2026-09-29,23415.60
2026-09-21 12:31:07,24200,1693445,1713660,122135,774.70,2026-09-29,23422.00
2026-09-21 12:36:06,24200,1691690,1713660,124605,774.60,2026-09-29,23414.35
2026-09-21 12:41:07,24200,1691365,1713660,125970,777.65,2026-09-29,23412.00
2026-09-21 12:46:07,24200,1691170,1713660,126230,779.80,2026-09-29,23415.85
2026-09-21 12:51:07,24200,1691430,1713660,126360,780.50,2026-09-29,23413.00
2026-09-21 12:56:07,24200,1691170,1713660,129025,778.00,2026-09-29,23414.15
2026-09-21 13:01:07,24200,1691495,1713660,129155,778.00,2026-09-29,23411.85
2026-09-21 13:06:07,24200,1691625,1713660,129480,790.00,2026-09-29,23408.35
2026-09-21 13:11:07,24200,1690845,1713660,130260,796.20,2026-09-29,23402.60
2026-09-21 13:16:08,24200,1690585,1713660,133185,782.00,2026-09-29,23417.50
2026-09-21 13:21:07,24200,1690715,1713660,135005,773.95,2026-09-29,23423.40
2026-09-21 13:26:06,24200,1692600,1713660,138125,773.90,2026-09-29,23426.70
2026-09-21 13:31:07,24200,1687985,1713660,149435,766.10,2026-09-29,23427.10
2026-09-21 13:36:07,24200,1681420,1713660,167830,760.45,2026-09-29,23435.20
2026-09-21 13:41:07,24200,1675895,1713660,184210,767.25,2026-09-29,23429.55
2026-09-21 13:46:06,24200,1675440,1713660,184665,771.10,2026-09-29,23428.85
2026-09-21 13:51:06,24200,1667575,1713660,198770,762.45,2026-09-29,23437.40
2026-09-21 13:56:07,24200,1664585,1713660,203970,759.45,2026-09-29,23444.40
2026-09-21 14:01:06,24200,1650155,1713660,224575,738.10,2026-09-29,23463.50
2026-09-21 14:06:06,24200,1649895,1713660,229255,745.95,2026-09-29,23457.70
2026-09-21 14:11:07,24200,1649570,1713660,231075,750.00,2026-09-29,23452.00
2026-09-21 14:16:07,24200,1649635,1713660,231465,750.00,2026-09-29,23451.20
2026-09-21 14:21:07,24200,1648920,1713660,234260,740.00,2026-09-29,23461.25
2026-09-21 14:26:07,24200,1648790,1713660,236665,745.45,2026-09-29,23453.70
2026-09-21 14:31:07,24200,1648465,1713660,237445,755.00,2026-09-29,23446.50
2026-09-21 14:36:07,24200,1648595,1713660,239525,754.80,2026-09-29,23444.25
2026-09-21 14:40:07,24200,1649570,1713660,239980,750.35,2026-09-29,23448.00
2026-09-21 14:46:07,24200,1649310,1713660,241085,748.95,2026-09-29,23450.35
2026-09-21 14:51:07,24200,1649050,1713660,241865,750.00,2026-09-29,23451.45
2026-09-21 14:56:06,24200,1649245,1713660,242580,752.75,2026-09-29,23450.05
2026-09-21 15:01:06,24200,1648985,1713660,244010,754.10,2026-09-29,23447.05
2026-09-21 15:06:07,24200,1648595,1713660,244660,752.75,2026-09-29,23441.00
2026-09-21 15:11:06,24200,1647685,1713660,246285,755.00,2026-09-29,23437.55
2026-09-21 15:16:07,24200,1646060,1713660,248885,756.60,2026-09-29,23429.00
2026-09-21 15:21:07,24200,1645410,1713660,251485,757.25,2026-09-29,23429.00
2026-09-21 15:26:07,24200,1644760,1713660,256490,756.70,2026-09-29,23429.00
2026-09-21 15:31:07,24200,1643980,1713660,259350,761.00,2026-09-29,23414.30
2026-09-21 15:36:07,24200,1637610,1713660,268255,755.00,2026-09-29,23414.30
2026-09-21 15:41:06,24200,1637025,1713660,269490,755.50,2026-09-29,23414.30
2026-09-21 22:30:06,24200,1637025,1713660,269490,755.50,2026-09-29,23414.30
2026-09-21 22:35:07,24200,1637025,1713660,269490,755.50,2026-09-29,23414.30
2026-09-21 23:00:05,24200,1637025,1713660,269490,755.50,2026-09-29,23414.30
2026-09-21 23:05:07,24200,1637025,1713660,269490,755.50,2026-09-29,23414.30
2026-09-21 08:54:08,24200,195,260,0,938.55,2026-10-06,23346.40
2026-09-21 08:55:07,24200,195,260,0,938.55,2026-10-06,23346.40
2026-09-21 09:00:07,24200,195,260,0,938.55,2026-10-06,23216.50
2026-09-21 09:12:07,24200,195,260,0,938.55,2026-10-06,23330.20
2026-09-21 09:16:07,24200,195,260,0,938.55,2026-10-06,23341.85
2026-09-21 09:21:06,24200,195,260,0,938.55,2026-10-06,23384.75
2026-09-21 09:26:06,24200,195,260,0,938.55,2026-10-06,23385.35
2026-09-21 09:31:07,24200,195,260,0,938.55,2026-10-06,23401.90
2026-09-21 09:36:07,24200,195,260,0,938.55,2026-10-06,23406.50
2026-09-21 09:41:07,24200,195,260,0,938.55,2026-10-06,23387.30
2026-09-21 09:46:07,24200,195,260,0,938.55,2026-10-06,23397.90
2026-09-21 09:51:06,24200,195,260,0,938.55,2026-10-06,23402.35
2026-09-21 09:56:07,24200,195,260,0,938.55,2026-10-06,23394.85
2026-09-21 10:01:06,24200,195,260,0,938.55,2026-10-06,23391.90
2026-09-21 10:06:06,24200,195,260,0,938.55,2026-10-06,23384.65
2026-09-21 10:11:07,24200,195,260,0,938.55,2026-10-06,23387.95
2026-09-21 10:16:07,24200,195,260,0,938.55,2026-10-06,23372.35
2026-09-21 10:21:07,24200,195,260,0,938.55,2026-10-06,23373.25
2026-09-21 10:26:07,24200,195,260,0,938.55,2026-10-06,23368.05
2026-09-21 10:31:06,24200,195,260,0,938.55,2026-10-06,23368.85
2026-09-21 10:36:06,24200,195,260,0,938.55,2026-10-06,23365.35
2026-09-21 10:41:06,24200,195,260,0,938.55,2026-10-06,23367.00
2026-09-21 10:46:07,24200,195,260,0,938.55,2026-10-06,23381.65
2026-09-21 10:51:07,24200,195,260,0,938.55,2026-10-06,23380.10
2026-09-21 10:56:06,24200,195,260,0,938.55,2026-10-06,23380.75
2026-09-21 11:01:07,24200,195,260,0,938.55,2026-10-06,23386.85
2026-09-21 11:06:07,24200,195,260,0,938.55,2026-10-06,23387.60
2026-09-21 11:11:07,24200,195,260,0,938.55,2026-10-06,23395.90
2026-09-21 11:16:07,24200,195,260,0,938.55,2026-10-06,23396.05
2026-09-21 11:21:06,24200,195,260,0,938.55,2026-10-06,23393.30
2026-09-21 11:26:06,24200,195,260,0,938.55,2026-10-06,23393.85
2026-09-21 11:31:06,24200,195,260,0,938.55,2026-10-06,23400.40
2026-09-21 11:36:07,24200,195,260,0,938.55,2026-10-06,23399.30
2026-09-21 11:41:06,24200,195,260,0,938.55,2026-10-06,23399.45
2026-09-21 11:46:06,24200,195,260,0,938.55,2026-10-06,23402.55
2026-09-21 11:51:07,24200,195,260,0,938.55,2026-10-06,23400.10
2026-09-21 11:56:07,24200,195,260,0,938.55,2026-10-06,23418.50
2026-09-21 12:01:07,24200,195,260,0,938.55,2026-10-06,23430.95
2026-09-21 12:06:07,24200,195,260,0,938.55,2026-10-06,23423.65
2026-09-21 12:11:08,24200,195,260,0,938.55,2026-10-06,23418.05
2026-09-21 12:16:07,24200,195,260,0,938.55,2026-10-06,23419.65
2026-09-21 12:21:07,24200,195,260,0,938.55,2026-10-06,23417.80
2026-09-21 12:26:07,24200,195,260,0,938.55,2026-10-06,23415.85
2026-09-21 12:31:08,24200,195,260,0,938.55,2026-10-06,23422.40
2026-09-21 12:36:07,24200,195,260,0,938.55,2026-10-06,23414.45
2026-09-21 12:41:07,24200,195,260,0,938.55,2026-10-06,23412.15
2026-09-21 12:46:07,24200,195,260,0,938.55,2026-10-06,23415.75
2026-09-21 12:51:07,24200,195,260,0,938.55,2026-10-06,23413.00
2026-09-21 12:56:07,24200,195,260,0,938.55,2026-10-06,23413.70
2026-09-21 13:01:07,24200,195,260,0,938.55,2026-10-06,23412.00
2026-09-21 13:06:07,24200,195,260,0,938.55,2026-10-06,23407.90
2026-09-21 13:11:07,24200,195,260,0,938.55,2026-10-06,23403.30
2026-09-21 13:16:09,24200,195,260,0,938.55,2026-10-06,23418.15
2026-09-21 13:21:08,24200,195,260,0,938.55,2026-10-06,23423.65
2026-09-21 13:26:07,24200,195,260,0,938.55,2026-10-06,23426.75
2026-09-21 13:31:07,24200,195,260,0,938.55,2026-10-06,23427.00
2026-09-21 13:36:07,24200,195,260,0,938.55,2026-10-06,23436.25
2026-09-21 13:41:08,24200,195,260,0,938.55,2026-10-06,23430.05
2026-09-21 13:46:07,24200,195,260,0,938.55,2026-10-06,23429.50
2026-09-21 13:51:07,24200,195,260,0,938.55,2026-10-06,23437.30
2026-09-21 13:56:07,24200,195,260,0,938.55,2026-10-06,23445.50
2026-09-21 14:01:06,24200,195,260,0,938.55,2026-10-06,23463.55
2026-09-21 14:06:07,24200,195,260,0,938.55,2026-10-06,23457.95
2026-09-21 14:11:08,24200,195,260,0,938.55,2026-10-06,23452.05
2026-09-21 14:16:07,24200,195,260,0,938.55,2026-10-06,23451.05
2026-09-21 14:21:07,24200,195,260,0,938.55,2026-10-06,23461.20
2026-09-21 14:26:08,24200,195,260,0,938.55,2026-10-06,23454.60
2026-09-21 14:31:07,24200,195,260,0,938.55,2026-10-06,23446.85
2026-09-21 14:36:07,24200,195,260,0,938.55,2026-10-06,23444.65
2026-09-21 14:40:08,24200,195,260,0,938.55,2026-10-06,23448.15
2026-09-21 14:46:07,24200,195,260,0,938.55,2026-10-06,23450.85
2026-09-21 14:51:08,24200,195,260,0,938.55,2026-10-06,23450.80
2026-09-21 14:56:07,24200,195,260,0,938.55,2026-10-06,23450.15
2026-09-21 15:01:07,24200,195,260,0,938.55,2026-10-06,23447.20
2026-09-21 15:06:07,24200,195,260,0,938.55,2026-10-06,23441.00
2026-09-21 15:11:07,24200,195,260,0,938.55,2026-10-06,23437.70
2026-09-21 15:16:07,24200,195,260,0,938.55,2026-10-06,23429.00
2026-09-21 15:21:07,24200,195,260,0,938.55,2026-10-06,23429.00
2026-09-21 15:26:08,24200,195,260,0,938.55,2026-10-06,23429.00
2026-09-21 15:31:07,24200,195,260,0,938.55,2026-10-06,23414.30
2026-09-21 15:36:08,24200,195,260,0,938.55,2026-10-06,23414.30
2026-09-21 15:41:07,24200,195,260,0,938.55,2026-10-06,23414.30
2026-09-21 22:30:06,24200,195,260,0,938.55,2026-10-06,23414.30
2026-09-21 22:35:07,24200,195,260,0,938.55,2026-10-06,23414.30
2026-09-21 23:00:06,24200,195,260,0,938.55,2026-10-06,23414.30
2026-09-21 23:05:07,24200,195,260,0,938.55,2026-10-06,23414.30
2026-09-21 08:54:06,24300,94250,97240,15795,946.20,2026-09-22,23346.40
2026-09-21 08:55:06,24300,94250,97240,15795,946.20,2026-09-22,23346.40
2026-09-21 09:00:06,24300,94250,97240,15795,946.20,2026-09-22,23197.15
2026-09-21 09:12:06,24300,94250,94250,15795,946.20,2026-09-22,23330.20
2026-09-21 09:16:06,24300,94250,94250,0,946.20,2026-09-22,23342.95
2026-09-21 09:21:06,24300,94250,94250,0,946.20,2026-09-22,23384.85
2026-09-21 09:26:05,24300,94250,94250,0,946.20,2026-09-22,23386.00
2026-09-21 09:31:06,24300,93730,94250,1820,921.00,2026-09-22,23402.20
2026-09-21 09:36:06,24300,92300,94250,2145,900.00,2026-09-22,23406.40
2026-09-21 09:41:06,24300,92235,94250,2210,910.50,2026-09-22,23386.00
2026-09-21 09:46:05,24300,91910,94250,3055,909.40,2026-09-22,23398.70
2026-09-21 09:51:05,24300,90415,94250,4615,901.00,2026-09-22,23401.95
2026-09-21 09:56:06,24300,90285,94250,4680,909.00,2026-09-22,23395.40
2026-09-21 10:01:05,24300,90090,94250,5005,908.80,2026-09-22,23392.20
2026-09-21 10:06:05,24300,89895,94250,5200,918.00,2026-09-22,23384.90
2026-09-21 10:11:06,24300,89765,94250,5330,918.60,2026-09-22,23387.85
2026-09-21 10:16:06,24300,89700,94250,5525,930.00,2026-09-22,23371.85
2026-09-21 10:21:06,24300,89570,94250,5655,925.35,2026-09-22,23371.90
2026-09-21 10:26:06,24300,89505,94250,5980,931.25,2026-09-22,23366.40
2026-09-21 10:31:06,24300,89570,94250,6045,933.90,2026-09-22,23368.60
2026-09-21 10:36:06,24300,88660,94250,7020,939.00,2026-09-22,23365.70
2026-09-21 10:41:05,24300,88660,94250,7020,939.00,2026-09-22,23367.35
2026-09-21 10:46:06,24300,88595,94250,7085,924.80,2026-09-22,23381.95
2026-09-21 10:51:06,24300,88595,94250,7150,925.85,2026-09-22,23379.70
2026-09-21 10:56:05,24300,88530,94250,7215,912.00,2026-09-22,23380.50
2026-09-21 11:01:06,24300,88465,94250,7540,914.00,2026-09-22,23385.15
2026-09-21 11:06:06,24300,88140,94250,8060,912.00,2026-09-22,23386.50
2026-09-21 11:11:06,24300,87620,94250,8450,910.00,2026-09-22,23394.65
2026-09-21 11:16:06,24300,87425,94250,8645,907.00,2026-09-22,23395.80
2026-09-21 11:21:05,24300,87425,94250,8710,911.30,2026-09-22,23392.30
2026-09-21 11:26:05,24300,87425,94250,8710,911.30,2026-09-22,23393.30
2026-09-21 11:31:05,24300,85605,94250,10595,901.00,2026-09-22,23400.10
2026-09-21 11:36:06,24300,84305,94250,12675,905.00,2026-09-22,23399.10
2026-09-21 11:41:06,24300,84045,94250,13715,904.00,2026-09-22,23398.65
2026-09-21 11:46:05,24300,82095,94250,15405,902.00,2026-09-22,23403.25
2026-09-21 11:51:06,24300,81835,94250,15665,908.00,2026-09-22,23399.85
2026-09-21 11:56:06,24300,81055,94250,16835,885.00,2026-09-22,23417.40
2026-09-21 12:01:06,24300,77870,94250,20215,876.70,2026-09-22,23429.85
2026-09-21 12:06:06,24300,77675,94250,20930,886.05,2026-09-22,23423.05
2026-09-21 12:11:07,24300,77675,94250,20995,885.00,2026-09-22,23417.70
2026-09-21 12:16:06,24300,77285,94250,27495,890.00,2026-09-22,23418.55
2026-09-21 12:21:06,24300,73385,94250,27755,887.00,2026-09-22,23417.20
2026-09-21 12:26:06,24300,73385,94250,28145,886.10,2026-09-22,23415.75
2026-09-21 12:31:07,24300,73125,94250,28210,887.00,2026-09-22,23421.65
2026-09-21 12:36:06,24300,73060,94250,28275,889.05,2026-09-22,23414.40
2026-09-21 12:41:06,24300,73060,94250,28275,889.05,2026-09-22,23411.55
2026-09-21 12:46:06,24300,72995,94250,28340,888.00,2026-09-22,23414.90
2026-09-21 12:51:06,24300,72995,94250,28340,888.00,2026-09-22,23412.40
2026-09-21 12:56:06,24300,72995,94250,28340,888.00,2026-09-22,23414.80
2026-09-21 13:01:06,24300,72085,94250,29575,894.85,2026-09-22,23411.95
2026-09-21 13:06:06,24300,72085,94250,29575,894.85,2026-09-22,23407.60
2026-09-21 13:11:06,24300,72085,94250,29575,894.85,2026-09-22,23402.90
2026-09-21 13:16:07,24300,71890,94250,29900,891.00,2026-09-22,23417.70
2026-09-21 13:21:07,24300,71565,94250,30355,881.35,2026-09-22,23424.00
2026-09-21 13:26:06,24300,71045,94250,30745,882.15,2026-09-22,23426.85
2026-09-21 13:31:06,24300,71045,94250,30745,882.15,2026-09-22,23426.85
2026-09-21 13:36:06,24300,69420,94250,82095,870.00,2026-09-22,23435.55
2026-09-21 13:41:07,24300,69420,94250,82095,870.00,2026-09-22,23429.95
2026-09-21 13:46:06,24300,67340,94250,82680,879.00,2026-09-22,23428.85
2026-09-21 13:51:06,24300,67015,94250,82745,875.00,2026-09-22,23437.55
2026-09-21 13:56:06,24300,66950,94250,82810,870.00,2026-09-22,23444.45
2026-09-21 14:01:05,24300,65455,94250,84435,849.90,2026-09-22,23463.55
2026-09-21 14:06:06,24300,65260,94250,84630,844.60,2026-09-22,23457.85
2026-09-21 14:11:07,24300,64935,94250,84825,855.90,2026-09-22,23451.70
2026-09-21 14:16:06,24300,64870,94250,84890,848.00,2026-09-22,23450.90
2026-09-21 14:21:06,24300,64870,94250,84890,848.00,2026-09-22,23461.20
2026-09-21 14:26:07,24300,64870,94250,84890,848.00,2026-09-22,23453.90
2026-09-21 14:31:06,24300,64870,94250,84890,848.00,2026-09-22,23445.85
2026-09-21 14:36:06,24300,64805,94250,85150,859.25,2026-09-22,23444.00
2026-09-21 14:40:07,24300,64545,94250,85410,852.00,2026-09-22,23448.05
2026-09-21 14:46:06,24300,63310,94250,86905,852.00,2026-09-22,23450.55
2026-09-21 14:51:07,24300,63180,94250,87035,850.00,2026-09-22,23450.75
2026-09-21 14:56:06,24300,62920,94250,87880,853.30,2026-09-22,23449.75
2026-09-21 15:01:06,24300,62335,94250,87945,852.20,2026-09-22,23448.10
2026-09-21 15:06:06,24300,62205,94250,93210,860.00,2026-09-22,23440.25
2026-09-21 15:11:06,24300,58890,94250,93665,864.00,2026-09-22,23437.10
2026-09-21 15:16:06,24300,57590,94250,95290,850.40,2026-09-22,23429.00
2026-09-21 15:21:06,24300,52650,94250,101205,860.70,2026-09-22,23429.00
2026-09-21 15:26:07,24300,51220,94250,102895,860.10,2026-09-22,23429.00
2026-09-21 15:31:06,24300,50180,94250,104065,859.90,2026-09-22,23414.30
2026-09-21 15:36:07,24300,50050,94250,104130,858.20,2026-09-22,23414.30
2026-09-21 15:41:06,24300,49335,94250,104910,852.00,2026-09-22,23414.30
2026-09-21 22:30:05,24300,49335,94250,104910,852.00,2026-09-22,23414.30
2026-09-21 22:35:06,24300,49335,94250,104910,852.00,2026-09-22,23414.30
2026-09-21 23:00:05,24300,49335,94250,104910,852.00,2026-09-22,23414.30
2026-09-21 23:05:06,24300,49335,94250,104910,852.00,2026-09-22,23414.30
2026-09-21 08:54:07,24300,2952950,2954705,36075,927.00,2026-09-29,23346.40
2026-09-21 08:55:06,24300,2952950,2954705,36075,927.00,2026-09-29,23346.40
2026-09-21 09:00:07,24300,2952950,2954705,36075,927.00,2026-09-29,23197.80
2026-09-21 09:12:07,24300,2952950,2952885,36075,927.00,2026-09-29,23330.20
2026-09-21 09:16:06,24300,2952820,2952885,325,923.30,2026-09-29,23343.65
2026-09-21 09:21:06,24300,2952560,2952885,4680,905.00,2026-09-29,23385.35
2026-09-21 09:26:06,24300,2952560,2952885,5590,910.25,2026-09-29,23386.30
2026-09-21 09:31:06,24300,2953535,2952885,8970,894.00,2026-09-29,23401.55
2026-09-21 09:36:06,24300,2948920,2952885,24505,893.55,2026-09-29,23406.40
2026-09-21 09:41:06,24300,2947555,2952885,28275,904.70,2026-09-29,23386.65
2026-09-21 09:46:06,24300,2945930,2952885,33020,898.60,2026-09-29,23398.55
2026-09-21 09:51:06,24300,2945020,2952885,36400,894.50,2026-09-29,23402.45
2026-09-21 09:56:06,24300,2943655,2952885,36465,894.50,2026-09-29,23395.15
2026-09-21 10:01:06,24300,2942290,2952885,38545,900.60,2026-09-29,23391.85
2026-09-21 10:06:06,24300,2941510,2952885,39325,906.90,2026-09-29,23384.15
2026-09-21 10:11:07,24300,2941055,2952885,40820,910.45,2026-09-29,23387.90
2026-09-21 10:16:07,24300,2941055,2952885,41275,919.15,2026-09-29,23371.90
2026-09-21 10:21:06,24300,2941055,2952885,41990,914.05,2026-09-29,23372.55
2026-09-21 10:26:06,24300,2941120,2952885,42445,921.00,2026-09-29,23366.60
2026-09-21 10:31:06,24300,2941120,2952885,42575,918.50,2026-09-29,23368.65
2026-09-21 10:36:06,24300,2941120,2952885,43940,923.20,2026-09-29,23365.90
2026-09-21 10:41:06,24300,2940990,2952885,44590,923.00,2026-09-29,23366.90
2026-09-21 10:46:06,24300,2940210,2952885,45370,908.80,2026-09-29,23381.05
2026-09-21 10:51:06,24300,2935920,2952885,50245,909.70,2026-09-29,23380.20
2026-09-21 10:56:06,24300,2934685,2952885,51350,906.95,2026-09-29,23380.20
2026-09-21 11:01:07,24300,2931110,2952885,55250,904.25,2026-09-29,23386.80
2026-09-21 11:06:07,24300,2924025,2952885,64155,903.60,2026-09-29,23387.55
2026-09-21 11:11:07,24300,2919995,2952885,73840,895.95,2026-09-29,23395.80
2026-09-21 11:16:06,24300,2899845,2952885,96330,897.10,2026-09-29,23395.20
2026-09-21 11:21:06,24300,2889835,2952885,106210,900.85,2026-09-29,23392.40
2026-09-21 11:26:06,24300,2879045,2952885,119470,897.10,2026-09-29,23393.30
2026-09-21 11:31:06,24300,2868060,2952885,132535,892.00,2026-09-29,23400.20
2026-09-21 11:36:07,24300,2859740,2952885,147290,896.70,2026-09-29,23398.80
2026-09-21 11:41:06,24300,2859675,2952885,150475,896.50,2026-09-29,23399.10
2026-09-21 11:46:06,24300,2859805,2952885,153595,893.10,2026-09-29,23402.45
2026-09-21 11:51:06,24300,2859610,2952885,153660,893.50,2026-09-29,23400.10
2026-09-21 11:56:06,24300,2859220,2952885,154960,875.75,2026-09-29,23418.05
2026-09-21 12:01:06,24300,2858505,2952885,155545,870.55,2026-09-29,23430.40
2026-09-21 12:06:07,24300,2858570,2952885,156260,874.45,2026-09-29,23423.80
2026-09-21 12:11:07,24300,2858440,2952885,156455,877.00,2026-09-29,23418.25
2026-09-21 12:16:06,24300,2859740,2952885,160355,875.55,2026-09-29,23418.30
2026-09-21 12:21:06,24300,2859675,2952885,163475,874.05,2026-09-29,23417.15
2026-09-21 12:26:06,24300,2861885,2952885,163735,871.05,2026-09-29,23415.60
2026-09-21 12:31:07,24300,2862015,2952885,164125,875.40,2026-09-29,23422.00
2026-09-21 12:36:06,24300,2861820,2952885,164190,878.80,2026-09-29,23414.35
2026-09-21 12:41:07,24300,2861755,2952885,164255,878.95,2026-09-29,23412.00
2026-09-21 12:46:07,24300,2861625,2952885,164450,875.75,2026-09-29,23415.85
2026-09-21 12:51:07,24300,2861170,2952885,165880,881.00,2026-09-29,23413.00
2026-09-21 12:56:07,24300,2861170,2952885,165880,881.00,2026-09-29,23414.15
2026-09-21 13:01:07,24300,2860585,2952885,168415,879.50,2026-09-29,23411.85
2026-09-21 13:06:07,24300,2860585,2952885,168415,879.50,2026-09-29,23408.35
2026-09-21 13:11:07,24300,2861820,2952885,168740,893.85,2026-09-29,23402.60
2026-09-21 13:16:08,24300,2861495,2952885,173030,882.95,2026-09-29,23417.50
2026-09-21 13:21:07,24300,2859610,2952885,173420,876.40,2026-09-29,23423.40
2026-09-21 13:26:06,24300,2859415,2952885,173875,873.00,2026-09-29,23426.70
2026-09-21 13:31:07,24300,2859025,2952885,173940,866.55,2026-09-29,23427.10
2026-09-21 13:36:07,24300,2857660,2952885,175825,861.30,2026-09-29,23435.20
2026-09-21 13:41:07,24300,2856750,2952885,177580,866.35,2026-09-29,23429.55
2026-09-21 13:46:06,24300,2856360,2952885,179530,868.65,2026-09-29,23428.85
2026-09-21 13:51:06,24300,2855905,2952885,179725,869.30,2026-09-29,23437.40
2026-09-21 13:56:07,24300,2855905,2952885,180505,860.70,2026-09-29,23444.40
2026-09-21 14:01:06,24300,2854150,2952885,184340,834.40,2026-09-29,23463.50
2026-09-21 14:06:06,24300,2853435,2952885,184795,844.40,2026-09-29,23457.70
2026-09-21 14:11:07,24300,2853110,2952885,185640,850.00,2026-09-29,23452.00
2026-09-21 14:16:07,24300,2852785,2952885,186030,845.60,2026-09-29,23451.20
2026-09-21 14:21:07,24300,2851940,2952885,187590,840.00,2026-09-29,23461.25
2026-09-21 14:26:07,24300,2852005,2952885,188240,844.90,2026-09-29,23453.70
2026-09-21 14:31:07,24300,2852005,2952885,188240,844.90,2026-09-29,23446.50
2026-09-21 14:36:07,24300,2851810,2952885,188695,854.80,2026-09-29,23444.25
2026-09-21 14:40:07,24300,2851810,2952885,188695,854.80,2026-09-29,23448.00
2026-09-21 14:46:07,24300,2851875,2952885,188890,850.85,2026-09-29,23450.35
2026-09-21 14:51:07,24300,2851615,2952885,190190,850.00,2026-09-29,23451.45
2026-09-21 14:56:06,24300,2850770,2952885,190710,853.30,2026-09-29,23450.05
2026-09-21 15:01:06,24300,2850770,2952885,191555,855.00,2026-09-29,23447.05
2026-09-21 15:06:07,24300,2850705,2952885,197145,850.45,2026-09-29,23441.00
2026-09-21 15:11:06,24300,2851875,2952885,198120,855.15,2026-09-29,23437.55
2026-09-21 15:16:07,24300,2850900,2952885,199940,854.00,2026-09-29,23429.00
2026-09-21 15:21:07,24300,2852460,2952885,205985,857.00,2026-09-29,23429.00
2026-09-21 15:26:07,24300,2851875,2952885,209170,859.10,2026-09-29,23429.00
2026-09-21 15:31:07,24300,2851550,2952885,210730,860.55,2026-09-29,23414.30
2026-09-21 15:36:07,24300,2851485,2952885,211575,853.40,2026-09-29,23414.30
2026-09-21 15:41:06,24300,2851030,2952885,212745,853.40,2026-09-29,23414.30
2026-09-21 22:30:06,24300,2851030,2952885,212745,853.40,2026-09-29,23414.30
2026-09-21 22:35:07,24300,2851030,2952885,212745,853.40,2026-09-29,23414.30
2026-09-21 23:00:05,24300,2851030,2952885,212745,853.40,2026-09-29,23414.30
2026-09-21 23:05:07,24300,2851030,2952885,212745,853.40,2026-09-29,23414.30
2026-09-21 08:54:08,24300,130,130,0,493.95,2026-10-06,23346.40
2026-09-21 08:55:07,24300,130,130,0,493.95,2026-10-06,23346.40
2026-09-21 09:00:07,24300,130,130,0,493.95,2026-10-06,23216.50
2026-09-21 09:12:07,24300,130,130,0,493.95,2026-10-06,23330.20
2026-09-21 09:16:07,24300,130,130,0,493.95,2026-10-06,23341.85
2026-09-21 09:21:06,24300,130,130,0,493.95,2026-10-06,23384.75
2026-09-21 09:26:06,24300,130,130,0,493.95,2026-10-06,23385.35
2026-09-21 09:31:07,24300,130,130,0,493.95,2026-10-06,23401.90
2026-09-21 09:36:07,24300,130,130,0,493.95,2026-10-06,23406.50
2026-09-21 09:41:07,24300,130,130,0,493.95,2026-10-06,23387.30
2026-09-21 09:46:07,24300,130,130,0,493.95,2026-10-06,23397.90
2026-09-21 09:51:06,24300,130,130,0,493.95,2026-10-06,23402.35
2026-09-21 09:56:07,24300,130,130,0,493.95,2026-10-06,23394.85
2026-09-21 10:01:06,24300,130,130,0,493.95,2026-10-06,23391.90
2026-09-21 10:06:06,24300,130,130,0,493.95,2026-10-06,23384.65
2026-09-21 10:11:07,24300,130,130,0,493.95,2026-10-06,23387.95
2026-09-21 10:16:07,24300,130,130,0,493.95,2026-10-06,23372.35
2026-09-21 10:21:07,24300,130,130,0,493.95,2026-10-06,23373.25
2026-09-21 10:26:07,24300,130,130,0,493.95,2026-10-06,23368.05
2026-09-21 10:31:06,24300,130,130,0,493.95,2026-10-06,23368.85
2026-09-21 10:36:06,24300,130,130,0,493.95,2026-10-06,23365.35
2026-09-21 10:41:06,24300,130,130,0,493.95,2026-10-06,23367.00
2026-09-21 10:46:07,24300,130,130,0,493.95,2026-10-06,23381.65
2026-09-21 10:51:07,24300,130,130,0,493.95,2026-10-06,23380.10
2026-09-21 10:56:06,24300,130,130,0,493.95,2026-10-06,23380.75
2026-09-21 11:01:07,24300,130,130,0,493.95,2026-10-06,23386.85
2026-09-21 11:06:07,24300,130,130,0,493.95,2026-10-06,23387.60
2026-09-21 11:11:07,24300,130,130,0,493.95,2026-10-06,23395.90
2026-09-21 11:16:07,24300,130,130,0,493.95,2026-10-06,23396.05
2026-09-21 11:21:06,24300,130,130,0,493.95,2026-10-06,23393.30
2026-09-21 11:26:06,24300,130,130,0,493.95,2026-10-06,23393.85
2026-09-21 11:31:06,24300,130,130,0,493.95,2026-10-06,23400.40
2026-09-21 11:36:07,24300,130,130,0,493.95,2026-10-06,23399.30
2026-09-21 11:41:06,24300,130,130,0,493.95,2026-10-06,23399.45
2026-09-21 11:46:06,24300,130,130,0,493.95,2026-10-06,23402.55
2026-09-21 11:51:07,24300,130,130,0,493.95,2026-10-06,23400.10
2026-09-21 11:56:07,24300,130,130,0,493.95,2026-10-06,23418.50
2026-09-21 12:01:07,24300,130,130,0,493.95,2026-10-06,23430.95
2026-09-21 12:06:07,24300,130,130,0,493.95,2026-10-06,23423.65
2026-09-21 12:11:08,24300,130,130,0,493.95,2026-10-06,23418.05
2026-09-21 12:16:07,24300,130,130,0,493.95,2026-10-06,23419.65
2026-09-21 12:21:07,24300,130,130,0,493.95,2026-10-06,23417.80
2026-09-21 12:26:07,24300,130,130,0,493.95,2026-10-06,23415.85
2026-09-21 12:31:08,24300,130,130,0,493.95,2026-10-06,23422.40
2026-09-21 12:36:07,24300,130,130,0,493.95,2026-10-06,23414.45
2026-09-21 12:41:07,24300,130,130,0,493.95,2026-10-06,23412.15
2026-09-21 12:46:07,24300,130,130,0,493.95,2026-10-06,23415.75
2026-09-21 12:51:07,24300,130,130,0,493.95,2026-10-06,23413.00
2026-09-21 12:56:07,24300,130,130,0,493.95,2026-10-06,23413.70
2026-09-21 13:01:07,24300,130,130,0,493.95,2026-10-06,23412.00
2026-09-21 13:06:07,24300,130,130,0,493.95,2026-10-06,23407.90
2026-09-21 13:11:07,24300,130,130,0,493.95,2026-10-06,23403.30
2026-09-21 13:16:09,24300,130,130,3250,854.00,2026-10-06,23418.15
2026-09-21 13:21:08,24300,130,130,3250,854.00,2026-10-06,23423.65
2026-09-21 13:26:07,24300,130,130,3250,854.00,2026-10-06,23426.75
2026-09-21 13:31:07,24300,130,130,3250,854.00,2026-10-06,23427.00
2026-09-21 13:36:07,24300,130,130,3250,854.00,2026-10-06,23436.25
2026-09-21 13:41:08,24300,130,130,3250,854.00,2026-10-06,23430.05
2026-09-21 13:46:07,24300,130,130,3250,854.00,2026-10-06,23429.50
2026-09-21 13:51:07,24300,130,130,3250,854.00,2026-10-06,23437.30
2026-09-21 13:56:07,24300,130,130,3250,854.00,2026-10-06,23445.50
2026-09-21 14:01:06,24300,3250,130,3315,840.50,2026-10-06,23463.55
2026-09-21 14:06:07,24300,3250,130,3315,840.50,2026-10-06,23457.95
2026-09-21 14:11:08,24300,3250,130,3315,840.50,2026-10-06,23452.05
2026-09-21 14:16:07,24300,3250,130,3380,826.20,2026-10-06,23451.05
2026-09-21 14:21:07,24300,3250,130,3380,826.20,2026-10-06,23461.20
2026-09-21 14:26:08,24300,3250,130,3380,826.20,2026-10-06,23454.60
2026-09-21 14:31:07,24300,3250,130,3380,826.20,2026-10-06,23446.85
2026-09-21 14:36:07,24300,3250,130,3380,826.20,2026-10-06,23444.65
2026-09-21 14:40:08,24300,3315,130,3445,825.95,2026-10-06,23448.15
2026-09-21 14:46:07,24300,3315,130,3445,825.95,2026-10-06,23450.85
2026-09-21 14:51:08,24300,3315,130,3445,825.95,2026-10-06,23450.80
2026-09-21 14:56:07,24300,3315,130,3445,825.95,2026-10-06,23450.15
2026-09-21 15:01:07,24300,3315,130,3445,825.95,2026-10-06,23447.20
2026-09-21 15:06:07,24300,3380,130,3705,833.15,2026-10-06,23441.00
2026-09-21 15:11:07,24300,3380,130,3705,833.15,2026-10-06,23437.70
2026-09-21 15:16:07,24300,3380,130,3705,833.15,2026-10-06,23429.00
2026-09-21 15:21:07,24300,3380,130,3705,833.15,2026-10-06,23429.00
2026-09-21 15:26:08,24300,3380,130,3705,833.15,2026-10-06,23429.00
2026-09-21 15:31:07,24300,3380,130,3705,833.15,2026-10-06,23414.30
2026-09-21 15:36:08,24300,3380,130,3705,833.15,2026-10-06,23414.30
2026-09-21 15:41:07,24300,3380,130,3705,833.15,2026-10-06,23414.30
2026-09-21 22:30:06,24300,3380,130,3705,833.15,2026-10-06,23414.30
2026-09-21 22:35:07,24300,3380,130,3705,833.15,2026-10-06,23414.30
2026-09-21 23:00:06,24300,3380,130,3705,833.15,2026-10-06,23414.30
2026-09-21 23:05:07,24300,3380,130,3705,833.15,2026-10-06,23414.30
