date_entry,strike_price,put_writer_oi,put_wri_oi_prev,put_volume,put_ltp,expiry_date,nifty_spot_price
2026-09-24 09:21:05,22400,2234635,2282930,3313700,3.40,2026-09-29,23228.00
2026-09-24 09:26:06,22400,2211560,2282930,3910205,3.55,2026-09-29,23239.80
2026-09-24 09:31:07,22400,2227875,2282930,4293445,3.55,2026-09-29,23258.60
2026-09-24 09:36:06,22400,2223260,2282930,4581265,3.50,2026-09-29,23266.40
2026-09-24 09:41:06,22400,2230150,2282930,4901715,4.10,2026-09-29,23241.75
2026-09-24 09:46:05,22400,2198105,2282930,5273190,4.20,2026-09-29,23230.85
2026-09-24 09:51:06,22400,2215200,2282930,5521945,4.10,2026-09-29,23233.00
2026-09-24 09:56:07,22400,2225275,2282930,5768100,4.15,2026-09-29,23213.70
2026-09-24 10:01:06,22400,2226315,2282930,5973760,4.10,2026-09-29,23229.80
2026-09-24 10:06:06,22400,2210910,2282930,6145945,3.85,2026-09-29,23233.00
2026-09-24 10:11:06,22400,2210325,2282930,6329440,3.85,2026-09-29,23229.25
2026-09-24 10:16:06,22400,2210845,2282930,6570915,3.95,2026-09-29,23218.55
2026-09-24 10:21:06,22400,2175095,2282930,6740045,3.95,2026-09-29,23216.00
2026-09-24 10:26:07,22400,2181660,2282930,6908525,4.20,2026-09-29,23204.10
2026-09-24 10:31:06,22400,2184715,2282930,6994195,4.20,2026-09-29,23213.25
2026-09-24 10:36:07,22400,2207010,2282930,7096895,4.00,2026-09-29,23220.25
2026-09-24 10:41:06,22400,2211950,2282930,7192250,3.90,2026-09-29,23220.25
2026-09-24 10:46:06,22400,2209285,2282930,7247240,3.90,2026-09-29,23220.75
2026-09-24 10:51:07,22400,2390050,2282930,7654335,3.90,2026-09-29,23234.45
2026-09-24 10:56:06,22400,2389920,2282930,7768540,3.75,2026-09-29,23238.30
2026-09-24 11:01:06,22400,2390960,2282930,7801495,3.85,2026-09-29,23234.40
2026-09-24 11:06:06,22400,2393755,2282930,7855380,3.90,2026-09-29,23222.45
2026-09-24 11:11:06,22400,2411435,2282930,7983560,4.10,2026-09-29,23225.00
2026-09-24 11:16:06,22400,2403700,2282930,8110830,4.15,2026-09-29,23226.10
2026-09-24 11:21:06,22400,2408575,2282930,8169915,4.05,2026-09-29,23229.45
2026-09-24 11:26:07,22400,2394795,2282930,8274825,4.35,2026-09-29,23216.10
2026-09-24 11:31:07,22400,2359695,2282930,8678085,3.95,2026-09-29,23216.20
2026-09-24 11:36:06,22400,2356640,2282930,8808280,4.20,2026-09-29,23209.70
2026-09-24 11:41:07,22400,2359565,2282930,8833175,4.20,2026-09-29,23208.95
2026-09-24 11:46:07,22400,2355535,2282930,8885630,4.20,2026-09-29,23210.35
2026-09-24 11:51:05,22400,2355990,2282930,8919820,4.30,2026-09-29,23207.60
2026-09-24 11:56:06,22400,2356575,2282930,8983260,4.40,2026-09-29,23198.85
2026-09-24 12:01:06,22400,2333825,2282930,9203480,4.60,2026-09-29,23196.80
2026-09-24 12:06:07,22400,2354105,2282930,9326135,4.15,2026-09-29,23209.50
2026-09-24 12:11:05,22400,2364635,2282930,9383075,4.20,2026-09-29,23207.00
2026-09-24 12:16:07,22400,2363530,2282930,9432085,4.25,2026-09-29,23199.90
2026-09-24 12:21:06,22400,2364115,2282930,9452885,4.40,2026-09-29,23198.65
2026-09-24 12:26:06,22400,2359695,2282930,9555325,4.60,2026-09-29,23175.90
2026-09-24 12:36:07,22400,2354820,2282930,9981010,5.45,2026-09-29,23171.75
2026-09-24 12:41:07,22400,2364310,2282930,10212995,4.85,2026-09-29,23179.45
2026-09-24 12:46:08,22400,2358135,2282930,10365420,5.25,2026-09-29,23172.05
2026-09-24 12:51:07,22400,2373085,2282930,10536110,5.10,2026-09-29,23178.35
2026-09-24 12:56:07,22400,2385825,2282930,10685415,5.10,2026-09-29,23168.05
2026-09-24 13:01:07,22400,2427035,2282930,11006645,4.85,2026-09-29,23168.55
2026-09-24 13:06:07,22400,2433535,2282930,11342695,4.50,2026-09-29,23182.55
2026-09-24 13:11:07,22400,2443675,2282930,11507990,4.55,2026-09-29,23177.80
2026-09-24 13:16:07,22400,2447770,2282930,11576825,4.45,2026-09-29,23185.50
2026-09-24 13:21:06,22400,2448030,2282930,11622065,4.55,2026-09-29,23178.25
2026-09-24 13:26:06,22400,2448290,2282930,11703900,4.75,2026-09-29,23167.05
2026-09-24 13:31:06,22400,2439450,2282930,12875200,6.35,2026-09-29,23151.70
2026-09-24 13:36:05,22400,2470845,2282930,13241280,6.40,2026-09-29,23151.50
2026-09-24 13:41:04,22400,2439710,2282930,13736840,7.15,2026-09-29,23136.10
2026-09-24 13:46:06,22400,2385435,2282930,14775475,12.95,2026-09-29,23086.45
2026-09-24 13:51:05,22400,2457195,2282930,16723525,12.95,2026-09-29,23100.15
2026-09-24 13:56:06,22400,2463240,2282930,17610710,14.90,2026-09-29,23078.40
2026-09-24 14:01:06,22400,2502175,2282930,18579210,15.35,2026-09-29,23072.60
2026-09-24 14:06:07,22400,2760160,2282930,19617390,14.70,2026-09-29,23065.45
2026-09-24 14:11:06,22400,2842580,2282930,20176975,14.30,2026-09-29,23073.05
2026-09-24 14:16:06,22400,2888015,2282930,20551050,13.70,2026-09-29,23077.45
2026-09-24 14:21:07,22400,2907450,2282930,20797075,14.55,2026-09-29,23065.55
2026-09-24 09:21:06,22400,317525,379015,231400,13.50,2026-10-06,23228.25
2026-09-24 09:26:07,22400,295750,379015,269295,12.30,2026-10-06,23239.10
2026-09-24 09:31:08,22400,288210,379015,298415,12.45,2026-10-06,23259.00
2026-09-24 09:36:07,22400,293930,379015,318175,11.75,2026-10-06,23265.90
2026-09-24 09:41:07,22400,288600,379015,337870,13.15,2026-10-06,23240.80
2026-09-24 09:46:06,22400,283400,379015,411840,14.40,2026-10-06,23229.95
2026-09-24 09:51:06,22400,299975,379015,434850,14.00,2026-10-06,23233.75
2026-09-24 09:56:07,22400,296595,379015,456690,14.60,2026-10-06,23213.85
2026-09-24 10:01:07,22400,287365,379015,499850,13.70,2026-10-06,23230.55
2026-09-24 10:06:06,22400,284895,379015,510900,13.10,2026-10-06,23232.95
2026-09-24 10:11:06,22400,285935,379015,532350,13.05,2026-10-06,23228.70
2026-09-24 10:16:07,22400,291980,379015,560235,14.10,2026-10-06,23218.70
2026-09-24 10:21:07,22400,292370,379015,565500,13.85,2026-10-06,23216.35
2026-09-24 10:26:07,22400,293020,379015,570830,14.65,2026-10-06,23204.05
2026-09-24 10:31:06,22400,294385,379015,578955,14.35,2026-10-06,23212.70
2026-09-24 10:36:07,22400,294450,379015,603980,13.60,2026-10-06,23220.60
2026-09-24 10:41:07,22400,296530,379015,609180,13.45,2026-10-06,23221.15
2026-09-24 10:46:07,22400,297310,379015,612300,13.55,2026-10-06,23220.65
2026-09-24 10:51:07,22400,296725,379015,616785,12.90,2026-10-06,23233.60
2026-09-24 10:56:06,22400,295815,379015,621790,12.55,2026-10-06,23239.20
2026-09-24 11:01:06,22400,297245,379015,625495,12.95,2026-10-06,23233.70
2026-09-24 11:06:07,22400,297895,379015,628940,13.00,2026-10-06,23222.55
2026-09-24 11:11:07,22400,298350,379015,631865,13.60,2026-10-06,23225.20
2026-09-24 11:16:07,22400,297310,379015,641940,14.45,2026-10-06,23225.25
2026-09-24 11:21:06,22400,296465,379015,642655,13.60,2026-10-06,23229.15
2026-09-24 11:26:07,22400,295945,379015,645645,14.30,2026-10-06,23216.00
2026-09-24 11:31:07,22400,294775,379015,650390,14.35,2026-10-06,23216.15
2026-09-24 11:36:07,22400,294840,379015,654680,14.50,2026-10-06,23209.65
2026-09-24 11:41:07,22400,294385,379015,657020,14.25,2026-10-06,23208.95
2026-09-24 11:46:07,22400,294450,379015,659165,14.05,2026-10-06,23210.10
2026-09-24 11:51:05,22400,294840,379015,660660,14.40,2026-10-06,23206.75
2026-09-24 11:56:06,22400,295230,379015,662805,14.45,2026-10-06,23198.40
2026-09-24 12:01:06,22400,296140,379015,667095,15.35,2026-10-06,23196.85
2026-09-24 12:06:07,22400,296725,379015,669760,14.45,2026-10-06,23209.80
2026-09-24 12:11:05,22400,296530,379015,671125,14.70,2026-10-06,23206.90
2026-09-24 12:16:07,22400,294645,379015,684125,14.80,2026-10-06,23200.30
2026-09-24 12:21:07,22400,271960,379015,722865,14.70,2026-10-06,23198.65
2026-09-24 12:26:06,22400,271830,379015,728585,15.95,2026-10-06,23175.75
2026-09-24 12:36:08,22400,272155,379015,745030,17.00,2026-10-06,23172.45
2026-09-24 12:41:08,22400,323115,379015,823485,16.25,2026-10-06,23179.50
2026-09-24 12:46:08,22400,326365,379015,830050,17.20,2026-10-06,23171.10
2026-09-24 12:51:08,22400,326495,379015,846950,17.05,2026-10-06,23178.25
2026-09-24 12:56:08,22400,329615,379015,855725,17.65,2026-10-06,23167.90
2026-09-24 13:01:08,22400,328835,379015,865280,17.25,2026-10-06,23167.70
2026-09-24 13:06:07,22400,329485,379015,881335,15.65,2026-10-06,23182.45
2026-09-24 13:11:08,22400,338585,379015,902720,16.10,2026-10-06,23177.20
2026-09-24 13:16:08,22400,339105,379015,905840,15.85,2026-10-06,23185.00
2026-09-24 13:21:07,22400,338520,379015,907010,16.10,2026-10-06,23178.10
2026-09-24 13:26:06,22400,339885,379015,911560,17.05,2026-10-06,23167.35
2026-09-24 13:31:07,22400,341575,379015,972595,19.65,2026-10-06,23152.05
2026-09-24 13:36:06,22400,340665,379015,984880,19.95,2026-10-06,23151.60
2026-09-24 13:41:05,22400,342290,379015,994500,21.95,2026-10-06,23135.95
2026-09-24 13:46:07,22400,342225,379015,1033695,31.95,2026-10-06,23087.20
2026-09-24 13:51:06,22400,350610,379015,1134120,32.90,2026-10-06,23099.90
2026-09-24 13:56:06,22400,348725,379015,1209390,37.50,2026-10-06,23078.00
2026-09-24 14:01:06,22400,353730,379015,1255995,38.90,2026-10-06,23073.25
2026-09-24 14:06:07,22400,357045,379015,1333020,37.50,2026-10-06,23066.10
2026-09-24 14:11:07,22400,381745,379015,1389180,37.90,2026-10-06,23073.60
2026-09-24 14:16:08,22400,388635,379015,1414075,37.90,2026-10-06,23077.10
2026-09-24 14:21:08,22400,400010,379015,1447745,39.90,2026-10-06,23065.05
2026-09-24 09:21:06,22400,37895,35165,7800,28.35,2026-10-13,23227.45
2026-09-24 09:26:07,22400,39325,35165,12285,25.55,2026-10-13,23238.65
2026-09-24 09:31:08,22400,40365,35165,15730,26.50,2026-10-13,23259.10
2026-09-24 09:36:07,22400,40690,35165,17355,25.45,2026-10-13,23266.10
2026-09-24 09:41:07,22400,39975,35165,20085,27.50,2026-10-13,23241.25
2026-09-24 09:46:06,22400,38220,35165,29640,29.40,2026-10-13,23230.10
2026-09-24 09:51:07,22400,36010,35165,33280,29.50,2026-10-13,23234.60
2026-09-24 09:56:08,22400,37115,35165,36270,30.05,2026-10-13,23214.30
2026-09-24 10:01:07,22400,37375,35165,37570,29.00,2026-10-13,23230.20
2026-09-24 10:06:07,22400,37635,35165,38350,27.65,2026-10-13,23232.65
2026-09-24 10:11:07,22400,37765,35165,38805,27.60,2026-10-13,23228.60
2026-09-24 10:16:07,22400,38090,35165,40235,28.85,2026-10-13,23217.60
2026-09-24 10:21:07,22400,39585,35165,42445,28.75,2026-10-13,23216.80
2026-09-24 10:26:08,22400,40430,35165,43355,30.05,2026-10-13,23203.85
2026-09-24 10:31:07,22400,40950,35165,44330,29.55,2026-10-13,23213.05
2026-09-24 10:36:08,22400,41535,35165,45890,28.30,2026-10-13,23220.55
2026-09-24 10:41:07,22400,42185,35165,48425,28.00,2026-10-13,23221.10
2026-09-24 10:46:07,22400,42380,35165,49400,29.15,2026-10-13,23220.55
2026-09-24 10:51:08,22400,42445,35165,50700,27.60,2026-10-13,23233.90
2026-09-24 10:56:07,22400,42640,35165,52195,26.40,2026-10-13,23237.95
2026-09-24 11:01:07,22400,42640,35165,52520,26.20,2026-10-13,23234.55
2026-09-24 11:06:07,22400,44655,35165,60255,27.60,2026-10-13,23222.15
2026-09-24 11:11:07,22400,44265,35165,61230,27.70,2026-10-13,23225.15
2026-09-24 11:16:08,22400,43810,35165,63050,28.90,2026-10-13,23225.70
2026-09-24 11:21:07,22400,43355,35165,63245,27.55,2026-10-13,23229.45
2026-09-24 11:26:08,22400,43420,35165,66625,29.35,2026-10-13,23216.25
2026-09-24 11:31:08,22400,42835,35165,69030,29.50,2026-10-13,23216.00
2026-09-24 11:36:07,22400,42965,35165,69810,30.05,2026-10-13,23210.65
2026-09-24 11:41:08,22400,43355,35165,70330,29.00,2026-10-13,23210.40
2026-09-24 11:46:08,22400,43355,35165,70395,29.00,2026-10-13,23210.45
2026-09-24 11:51:06,22400,43355,35165,71370,29.40,2026-10-13,23205.75
2026-09-24 11:56:07,22400,43550,35165,72085,29.50,2026-10-13,23198.30
2026-09-24 12:01:07,22400,43615,35165,72800,30.75,2026-10-13,23196.80
2026-09-24 12:06:08,22400,43485,35165,73320,29.15,2026-10-13,23209.50
2026-09-24 12:11:06,22400,43485,35165,73320,29.15,2026-10-13,23207.20
2026-09-24 12:16:08,22400,42965,35165,73840,30.05,2026-10-13,23200.80
2026-09-24 12:21:08,22400,43030,35165,74230,29.85,2026-10-13,23199.15
2026-09-24 12:26:07,22400,43030,35165,74230,29.85,2026-10-13,23175.00
2026-09-24 12:36:08,22400,44590,35165,77545,34.10,2026-10-13,23172.95
2026-09-24 12:41:08,22400,44980,35165,80145,33.75,2026-10-13,23178.80
2026-09-24 12:46:09,22400,45565,35165,80730,33.75,2026-10-13,23171.55
2026-09-24 12:51:08,22400,45825,35165,83135,35.20,2026-10-13,23178.45
2026-09-24 12:56:08,22400,46345,35165,87880,35.20,2026-10-13,23167.75
2026-09-24 13:01:08,22400,47840,35165,89050,35.15,2026-10-13,23167.55
2026-09-24 13:06:08,22400,48165,35165,89570,32.30,2026-10-13,23182.50
2026-09-24 13:11:08,22400,48230,35165,89635,33.20,2026-10-13,23177.65
2026-09-24 13:16:09,22400,48815,35165,90610,32.50,2026-10-13,23184.40
2026-09-24 13:21:08,22400,48815,35165,91260,32.80,2026-10-13,23178.05
2026-09-24 13:26:07,22400,48815,35165,91260,32.80,2026-10-13,23167.25
2026-09-24 13:31:07,22400,48815,35165,94835,40.50,2026-10-13,23151.50
2026-09-24 13:36:06,22400,47580,35165,98280,38.90,2026-10-13,23151.15
2026-09-24 13:41:05,22400,47125,35165,99450,43.00,2026-10-13,23136.40
2026-09-24 13:46:07,22400,47320,35165,101075,55.50,2026-10-13,23088.25
2026-09-24 13:51:06,22400,47710,35165,111735,56.85,2026-10-13,23100.00
2026-09-24 13:56:07,22400,53950,35165,121290,63.60,2026-10-13,23077.75
2026-09-24 14:01:08,22400,54080,35165,124670,67.05,2026-10-13,23075.55
2026-09-24 14:06:08,22400,57915,35165,134550,64.10,2026-10-13,23066.40
2026-09-24 14:11:08,22400,58305,35165,136110,62.95,2026-10-13,23073.90
2026-09-24 14:16:09,22400,59670,35165,138255,63.25,2026-10-13,23078.20
2026-09-24 14:21:08,22400,59800,35165,139100,65.10,2026-10-13,23064.10
2026-09-24 09:21:05,22500,7202715,7988760,6740045,4.45,2026-09-29,23228.00
2026-09-24 09:26:06,22500,7356960,7988760,8297900,4.60,2026-09-29,23239.80
2026-09-24 09:31:07,22500,7394335,7988760,9102990,4.55,2026-09-29,23258.60
2026-09-24 09:36:06,22500,7492615,7988760,9862970,4.45,2026-09-29,23266.40
2026-09-24 09:41:06,22500,7368465,7988760,10560290,5.35,2026-09-29,23241.75
2026-09-24 09:46:05,22500,7422870,7988760,11354330,5.45,2026-09-29,23230.85
2026-09-24 09:51:06,22500,7542795,7988760,12048010,5.30,2026-09-29,23233.00
2026-09-24 09:56:07,22500,7637955,7988760,12631385,5.50,2026-09-29,23213.70
2026-09-24 10:01:06,22500,7765875,7988760,13399555,5.30,2026-09-29,23229.80
2026-09-24 10:06:06,22500,7838805,7988760,14078675,5.05,2026-09-29,23233.00
2026-09-24 10:11:06,22500,7882745,7988760,14531140,5.00,2026-09-29,23229.25
2026-09-24 10:16:06,22500,7961330,7988760,15102685,5.15,2026-09-29,23218.55
2026-09-24 10:21:06,22500,7966855,7988760,15453945,5.10,2026-09-29,23216.00
2026-09-24 10:26:07,22500,7949110,7988760,16060265,5.55,2026-09-29,23204.10
2026-09-24 10:31:06,22500,7976995,7988760,16419065,5.45,2026-09-29,23213.25
2026-09-24 10:36:07,22500,7980245,7988760,16973450,5.10,2026-09-29,23220.25
2026-09-24 10:41:06,22500,7933965,7988760,17498520,5.05,2026-09-29,23220.25
2026-09-24 10:46:06,22500,7840040,7988760,17775810,5.00,2026-09-29,23220.75
2026-09-24 10:51:07,22500,7819565,7988760,17889950,5.00,2026-09-29,23234.45
2026-09-24 10:56:06,22500,7862660,7988760,18162885,4.85,2026-09-29,23238.30
2026-09-24 11:01:06,22500,7924475,7988760,18351190,4.85,2026-09-29,23234.40
2026-09-24 11:06:06,22500,7920770,7988760,18494515,5.00,2026-09-29,23222.45
2026-09-24 11:11:06,22500,7910565,7988760,18808660,5.15,2026-09-29,23225.00
2026-09-24 11:16:06,22500,7877675,7988760,19028945,5.20,2026-09-29,23226.10
2026-09-24 11:21:06,22500,7922135,7988760,19285240,5.10,2026-09-29,23229.45
2026-09-24 11:26:07,22500,7933510,7988760,19768905,5.50,2026-09-29,23216.10
2026-09-24 11:31:07,22500,7938580,7988760,20085845,5.10,2026-09-29,23216.20
2026-09-24 11:36:06,22500,7943065,7988760,20396285,5.35,2026-09-29,23209.70
2026-09-24 11:41:07,22500,7967310,7988760,20671105,5.35,2026-09-29,23208.95
2026-09-24 11:46:07,22500,7984600,7988760,20837960,5.40,2026-09-29,23210.35
2026-09-24 11:51:05,22500,7959185,7988760,21058245,5.55,2026-09-29,23207.60
2026-09-24 11:56:06,22500,7967050,7988760,21442525,5.60,2026-09-29,23198.85
2026-09-24 12:01:06,22500,7949695,7988760,22286680,5.85,2026-09-29,23196.80
2026-09-24 12:06:07,22500,8000460,7988760,22698650,5.25,2026-09-29,23209.50
2026-09-24 12:11:05,22500,8022430,7988760,22823190,5.40,2026-09-29,23207.00
2026-09-24 12:16:07,22500,8013525,7988760,23040355,5.45,2026-09-29,23199.90
2026-09-24 12:21:06,22500,8023340,7988760,23177050,5.55,2026-09-29,23198.65
2026-09-24 12:26:06,22500,8033805,7988760,23485995,6.05,2026-09-29,23175.90
2026-09-24 12:36:07,22500,8044595,7988760,24832340,7.05,2026-09-29,23171.75
2026-09-24 12:41:07,22500,8033870,7988760,25348440,6.25,2026-09-29,23179.45
2026-09-24 12:46:08,22500,8061235,7988760,25620595,6.80,2026-09-29,23172.05
2026-09-24 12:51:07,22500,8042840,7988760,26431535,6.70,2026-09-29,23178.35
2026-09-24 12:56:07,22500,8295300,7988760,26988780,6.70,2026-09-29,23168.05
2026-09-24 13:01:07,22500,8283015,7988760,27296490,6.40,2026-09-29,23168.55
2026-09-24 13:06:07,22500,8270145,7988760,27727375,5.85,2026-09-29,23182.55
2026-09-24 13:11:07,22500,8244600,7988760,27974505,6.05,2026-09-29,23177.80
2026-09-24 13:16:07,22500,8255585,7988760,28165280,5.85,2026-09-29,23185.50
2026-09-24 13:21:06,22500,8280155,7988760,28304900,6.00,2026-09-29,23178.25
2026-09-24 13:26:06,22500,8306350,7988760,28579460,6.30,2026-09-29,23167.05
2026-09-24 13:31:06,22500,8438430,7988760,32124365,8.35,2026-09-29,23151.70
2026-09-24 13:36:05,22500,8452925,7988760,33089810,8.50,2026-09-29,23151.50
2026-09-24 13:41:04,22500,8493810,7988760,33924865,9.50,2026-09-29,23136.10
2026-09-24 13:46:06,22500,8644350,7988760,36370880,17.15,2026-09-29,23086.45
2026-09-24 13:51:05,22500,8509995,7988760,39034645,16.95,2026-09-29,23100.15
2026-09-24 13:56:06,22500,8714875,7988760,41064725,19.65,2026-09-29,23078.40
2026-09-24 14:01:06,22500,8642465,7988760,43605185,20.20,2026-09-29,23072.60
2026-09-24 14:06:07,22500,8243365,7988760,45255795,19.25,2026-09-29,23065.45
2026-09-24 14:11:06,22500,8172840,7988760,46290725,18.90,2026-09-29,23073.05
2026-09-24 14:16:06,22500,8200270,7988760,46950995,18.35,2026-09-29,23077.45
2026-09-24 14:21:07,22500,8252400,7988760,47650395,19.40,2026-09-29,23065.55
2026-09-24 09:21:06,22500,903500,939705,490620,17.20,2026-10-06,23228.25
2026-09-24 09:26:07,22500,928330,939705,636155,15.75,2026-10-06,23239.10
2026-09-24 09:31:08,22500,934245,939705,737100,16.00,2026-10-06,23259.00
2026-09-24 09:36:07,22500,940680,939705,774540,15.05,2026-10-06,23265.90
2026-09-24 09:41:07,22500,956215,939705,836225,16.50,2026-10-06,23240.80
2026-09-24 09:46:06,22500,942175,939705,989430,18.25,2026-10-06,23229.95
2026-09-24 09:51:06,22500,949260,939705,1033175,17.85,2026-10-06,23233.75
2026-09-24 09:56:07,22500,950235,939705,1061775,18.90,2026-10-06,23213.85
2026-09-24 10:01:07,22500,951210,939705,1088035,17.45,2026-10-06,23230.55
2026-09-24 10:06:06,22500,958490,939705,1115140,16.90,2026-10-06,23232.95
2026-09-24 10:11:06,22500,959335,939705,1132235,16.75,2026-10-06,23228.70
2026-09-24 10:16:07,22500,960895,939705,1156025,18.00,2026-10-06,23218.70
2026-09-24 10:21:07,22500,964925,939705,1196715,17.80,2026-10-06,23216.35
2026-09-24 10:26:07,22500,973635,939705,1244880,19.00,2026-10-06,23204.05
2026-09-24 10:31:06,22500,978250,939705,1265680,18.30,2026-10-06,23212.70
2026-09-24 10:36:07,22500,980915,939705,1296620,17.40,2026-10-06,23220.60
2026-09-24 10:41:07,22500,986635,939705,1321905,17.35,2026-10-06,23221.15
2026-09-24 10:46:07,22500,988650,939705,1336010,17.35,2026-10-06,23220.65
2026-09-24 10:51:07,22500,991900,939705,1363440,16.50,2026-10-06,23233.60
2026-09-24 10:56:06,22500,985335,939705,1371890,15.80,2026-10-06,23239.20
2026-09-24 11:01:06,22500,983060,939705,1377090,16.40,2026-10-06,23233.70
2026-09-24 11:06:07,22500,985790,939705,1382810,17.00,2026-10-06,23222.55
2026-09-24 11:11:07,22500,987805,939705,1390545,16.90,2026-10-06,23225.20
2026-09-24 11:16:07,22500,988325,939705,1404260,17.70,2026-10-06,23225.25
2026-09-24 11:21:06,22500,991055,939705,1410045,16.45,2026-10-06,23229.15
2026-09-24 11:26:07,22500,990470,939705,1417715,18.35,2026-10-06,23216.00
2026-09-24 11:31:07,22500,995800,939705,1443520,18.45,2026-10-06,23216.15
2026-09-24 11:36:07,22500,997165,939705,1455025,18.95,2026-10-06,23209.65
2026-09-24 11:41:07,22500,999895,939705,1467570,18.25,2026-10-06,23208.95
2026-09-24 11:46:07,22500,999830,939705,1478815,18.00,2026-10-06,23210.10
2026-09-24 11:51:05,22500,996905,939705,1489670,18.35,2026-10-06,23206.75
2026-09-24 11:56:06,22500,997425,939705,1500850,18.90,2026-10-06,23198.40
2026-09-24 12:01:06,22500,999830,939705,1534845,19.55,2026-10-06,23196.85
2026-09-24 12:06:07,22500,1003015,939705,1556360,18.30,2026-10-06,23209.80
2026-09-24 12:11:05,22500,1006785,939705,1572090,18.75,2026-10-06,23206.90
2026-09-24 12:16:07,22500,1008735,939705,1590875,18.75,2026-10-06,23200.30
2026-09-24 12:21:07,22500,1010620,939705,1602900,18.70,2026-10-06,23198.65
2026-09-24 12:26:06,22500,1012310,939705,1615250,20.60,2026-10-06,23175.75
2026-09-24 12:36:08,22500,1046240,939705,1743430,22.70,2026-10-06,23172.45
2026-09-24 12:41:08,22500,1049165,939705,1768000,20.95,2026-10-06,23179.50
2026-09-24 12:46:08,22500,1049685,939705,1783730,22.00,2026-10-06,23171.10
2026-09-24 12:51:08,22500,1052090,939705,1798875,21.90,2026-10-06,23178.25
2026-09-24 12:56:08,22500,1054950,939705,1833910,22.60,2026-10-06,23167.90
2026-09-24 13:01:08,22500,1087840,939705,1876875,22.15,2026-10-06,23167.70
2026-09-24 13:06:07,22500,1085955,939705,2003495,20.15,2026-10-06,23182.45
2026-09-24 13:11:08,22500,1085760,939705,2016690,20.75,2026-10-06,23177.20
2026-09-24 13:16:08,22500,1086215,939705,2035280,20.20,2026-10-06,23185.00
2026-09-24 13:21:07,22500,1089920,939705,2047175,20.60,2026-10-06,23178.10
2026-09-24 13:26:06,22500,1093820,939705,2062840,22.10,2026-10-06,23167.35
2026-09-24 13:31:07,22500,1142505,939705,2314195,25.50,2026-10-06,23152.05
2026-09-24 13:36:06,22500,1215890,939705,2436460,25.60,2026-10-06,23151.60
2026-09-24 13:41:05,22500,1215435,939705,2482675,28.55,2026-10-06,23135.95
2026-09-24 13:46:07,22500,1171235,939705,2656485,41.25,2026-10-06,23087.20
2026-09-24 13:51:06,22500,1161940,939705,2934945,41.30,2026-10-06,23099.90
2026-09-24 13:56:06,22500,1152190,939705,3089385,47.35,2026-10-06,23078.00
2026-09-24 14:01:06,22500,1175785,939705,3271840,49.05,2026-10-06,23073.25
2026-09-24 14:06:07,22500,1235585,939705,3507010,47.40,2026-10-06,23066.10
2026-09-24 14:11:07,22500,1272050,939705,3614325,47.35,2026-10-06,23073.60
2026-09-24 14:16:08,22500,1270490,939705,3654300,47.10,2026-10-06,23077.10
2026-09-24 14:21:08,22500,1268735,939705,3689920,50.10,2026-10-06,23065.05
2026-09-24 09:21:06,22500,168805,164385,30030,35.40,2026-10-13,23227.45
2026-09-24 09:26:07,22500,177580,164385,50505,32.90,2026-10-13,23238.65
2026-09-24 09:31:08,22500,183365,164385,70655,32.20,2026-10-13,23259.10
2026-09-24 09:36:07,22500,182455,164385,90350,31.60,2026-10-13,23266.10
2026-09-24 09:41:07,22500,182845,164385,99840,34.45,2026-10-13,23241.25
2026-09-24 09:46:06,22500,207610,164385,142220,36.25,2026-10-13,23230.10
2026-09-24 09:51:07,22500,218985,164385,167245,36.30,2026-10-13,23234.60
2026-09-24 09:56:08,22500,224185,164385,171925,37.50,2026-10-13,23214.30
2026-09-24 10:01:07,22500,225420,164385,179920,35.80,2026-10-13,23230.20
2026-09-24 10:06:07,22500,225875,164385,181870,34.80,2026-10-13,23232.65
2026-09-24 10:11:07,22500,231790,164385,191555,34.35,2026-10-13,23228.60
2026-09-24 10:16:07,22500,232765,164385,198120,36.30,2026-10-13,23217.60
2026-09-24 10:21:07,22500,230880,164385,217360,35.75,2026-10-13,23216.80
2026-09-24 10:26:08,22500,232895,164385,220090,37.30,2026-10-13,23203.85
2026-09-24 10:31:07,22500,241670,164385,231335,36.80,2026-10-13,23213.05
2026-09-24 10:36:08,22500,242580,164385,233350,35.00,2026-10-13,23220.55
2026-09-24 10:41:07,22500,243880,164385,237120,34.70,2026-10-13,23221.10
2026-09-24 10:46:07,22500,244140,164385,238875,35.45,2026-10-13,23220.55
2026-09-24 10:51:08,22500,244335,164385,244400,34.20,2026-10-13,23233.90
2026-09-24 10:56:07,22500,245375,164385,249730,32.05,2026-10-13,23237.95
2026-09-24 11:01:07,22500,245505,164385,252590,33.20,2026-10-13,23234.55
2026-09-24 11:06:07,22500,245700,164385,253240,33.00,2026-10-13,23222.15
2026-09-24 11:11:07,22500,245830,164385,254670,34.35,2026-10-13,23225.15
2026-09-24 11:16:08,22500,249405,164385,262665,35.75,2026-10-13,23225.70
2026-09-24 11:21:07,22500,249405,164385,263835,34.10,2026-10-13,23229.45
2026-09-24 11:26:08,22500,249860,164385,266500,36.75,2026-10-13,23216.25
2026-09-24 11:31:08,22500,251615,164385,269165,36.10,2026-10-13,23216.00
2026-09-24 11:36:07,22500,252135,164385,270270,37.15,2026-10-13,23210.65
2026-09-24 11:41:08,22500,252785,164385,272220,36.30,2026-10-13,23210.40
2026-09-24 11:46:08,22500,255125,164385,276640,35.65,2026-10-13,23210.45
2026-09-24 11:51:06,22500,255710,164385,278395,36.10,2026-10-13,23205.75
2026-09-24 11:56:07,22500,256620,164385,281190,36.50,2026-10-13,23198.30
2026-09-24 12:01:07,22500,254020,164385,288990,39.00,2026-10-13,23196.80
2026-09-24 12:06:08,22500,254670,164385,290550,36.20,2026-10-13,23209.50
2026-09-24 12:11:06,22500,254670,164385,290680,36.60,2026-10-13,23207.20
2026-09-24 12:16:08,22500,254995,164385,291980,37.55,2026-10-13,23200.80
2026-09-24 12:21:08,22500,254670,164385,293280,37.00,2026-10-13,23199.15
2026-09-24 12:26:07,22500,254020,164385,294710,40.00,2026-10-13,23175.00
2026-09-24 12:36:08,22500,253110,164385,302380,42.25,2026-10-13,23172.95
2026-09-24 12:41:08,22500,258570,164385,313235,41.30,2026-10-13,23178.80
2026-09-24 12:46:09,22500,259870,164385,315835,42.55,2026-10-13,23171.55
2026-09-24 12:51:08,22500,261430,164385,319410,42.60,2026-10-13,23178.45
2026-09-24 12:56:08,22500,262015,164385,320320,43.65,2026-10-13,23167.75
2026-09-24 13:01:08,22500,261495,164385,321815,43.45,2026-10-13,23167.55
2026-09-24 13:06:08,22500,262405,164385,324220,39.80,2026-10-13,23182.50
2026-09-24 13:11:08,22500,263575,164385,331695,42.00,2026-10-13,23177.65
2026-09-24 13:16:09,22500,264810,164385,334815,40.70,2026-10-13,23184.40
2026-09-24 13:21:08,22500,265655,164385,337025,41.80,2026-10-13,23178.05
2026-09-24 13:26:07,22500,265590,164385,337870,43.60,2026-10-13,23167.25
2026-09-24 13:31:07,22500,259610,164385,370565,48.70,2026-10-13,23151.50
2026-09-24 13:36:06,22500,259740,164385,379470,48.55,2026-10-13,23151.15
2026-09-24 13:41:05,22500,259545,164385,391170,52.95,2026-10-13,23136.40
2026-09-24 13:46:07,22500,254280,164385,418210,68.50,2026-10-13,23088.25
2026-09-24 13:51:06,22500,283530,164385,531895,70.05,2026-10-13,23100.00
2026-09-24 13:56:07,22500,283530,164385,556790,76.55,2026-10-13,23077.75
2026-09-24 14:01:08,22500,282230,164385,577005,79.50,2026-10-13,23075.55
2026-09-24 14:06:08,22500,281580,164385,596115,77.80,2026-10-13,23066.40
2026-09-24 14:11:08,22500,287560,164385,609440,76.80,2026-10-13,23073.90
2026-09-24 14:16:09,22500,289770,164385,614770,76.95,2026-10-13,23078.20
2026-09-24 14:21:08,22500,292045,164385,626015,80.20,2026-10-13,23064.10
2026-09-24 09:21:05,22600,3041610,3418025,5724420,6.00,2026-09-29,23228.00
2026-09-24 09:26:06,22600,2860325,3418025,6633250,6.00,2026-09-29,23239.80
2026-09-24 09:31:07,22600,2964260,3418025,7908940,5.95,2026-09-29,23258.60
2026-09-24 09:36:06,22600,3025945,3418025,8240050,5.85,2026-09-29,23266.40
2026-09-24 09:41:06,22600,3037190,3418025,8722935,7.00,2026-09-29,23241.75
2026-09-24 09:46:05,22600,2997280,3418025,9234290,7.20,2026-09-29,23230.85
2026-09-24 09:51:06,22600,3023150,3418025,9849970,7.05,2026-09-29,23233.00
2026-09-24 09:56:07,22600,3057730,3418025,10087090,7.40,2026-09-29,23213.70
2026-09-24 10:01:06,22600,3078465,3418025,10363210,7.00,2026-09-29,23229.80
2026-09-24 10:06:06,22600,3058250,3418025,10540790,6.60,2026-09-29,23233.00
2026-09-24 10:11:06,22600,3061630,3418025,10837645,6.60,2026-09-29,23229.25
2026-09-24 10:16:06,22600,3051165,3418025,11031085,6.85,2026-09-29,23218.55
2026-09-24 10:21:06,22600,3055585,3418025,11333465,6.80,2026-09-29,23216.00
2026-09-24 10:26:07,22600,3020940,3418025,11719825,7.40,2026-09-29,23204.10
2026-09-24 10:31:06,22600,2969395,3418025,12117690,7.25,2026-09-29,23213.25
2026-09-24 10:36:07,22600,2976350,3418025,12450360,6.70,2026-09-29,23220.25
2026-09-24 10:41:06,22600,2999035,3418025,12712050,6.60,2026-09-29,23220.25
2026-09-24 10:46:06,22600,3002545,3418025,12884235,6.65,2026-09-29,23220.75
2026-09-24 10:51:07,22600,3003585,3418025,13011505,6.40,2026-09-29,23234.45
2026-09-24 10:56:06,22600,3026205,3418025,13233480,6.20,2026-09-29,23238.30
2026-09-24 11:01:06,22600,3034200,3418025,13312455,6.35,2026-09-29,23234.40
2026-09-24 11:06:06,22600,3049475,3418025,13374595,6.45,2026-09-29,23222.45
2026-09-24 11:11:06,22600,3031795,3418025,13504595,6.65,2026-09-29,23225.00
2026-09-24 11:16:06,22600,3017950,3418025,13719875,6.75,2026-09-29,23226.10
2026-09-24 11:21:06,22600,3056365,3418025,13975910,6.55,2026-09-29,23229.45
2026-09-24 11:26:07,22600,3078400,3418025,14277705,7.30,2026-09-29,23216.10
2026-09-24 11:31:07,22600,3059550,3418025,14497600,6.85,2026-09-29,23216.20
2026-09-24 11:36:06,22600,3085225,3418025,14844765,7.10,2026-09-29,23209.70
2026-09-24 11:41:07,22600,3112200,3418025,15050490,7.05,2026-09-29,23208.95
2026-09-24 11:46:07,22600,3116620,3418025,15183805,7.00,2026-09-29,23210.35
2026-09-24 11:51:05,22600,3136250,3418025,15319525,7.35,2026-09-29,23207.60
2026-09-24 11:56:06,22600,3143075,3418025,15558790,7.35,2026-09-29,23198.85
2026-09-24 12:01:06,22600,3229980,3418025,16071835,7.75,2026-09-29,23196.80
2026-09-24 12:06:07,22600,3264170,3418025,16311750,6.95,2026-09-29,23209.50
2026-09-24 12:11:05,22600,3272230,3418025,16413215,7.20,2026-09-29,23207.00
2026-09-24 12:16:07,22600,3294330,3418025,16552445,7.20,2026-09-29,23199.90
2026-09-24 12:21:06,22600,3305250,3418025,16642990,7.30,2026-09-29,23198.65
2026-09-24 12:26:06,22600,3289845,3418025,16832530,8.15,2026-09-29,23175.90
2026-09-24 12:36:07,22600,3204825,3418025,17911985,9.45,2026-09-29,23171.75
2026-09-24 12:41:07,22600,3194880,3418025,18213715,8.30,2026-09-29,23179.45
2026-09-24 12:46:08,22600,3179020,3418025,18390125,9.05,2026-09-29,23172.05
2026-09-24 12:51:07,22600,3211065,3418025,18968300,8.85,2026-09-29,23178.35
2026-09-24 12:56:07,22600,3031470,3418025,19519955,9.10,2026-09-29,23168.05
2026-09-24 13:01:07,22600,3046355,3418025,19695390,8.60,2026-09-29,23168.55
2026-09-24 13:06:07,22600,3027245,3418025,20041775,7.85,2026-09-29,23182.55
2026-09-24 13:11:07,22600,3024060,3418025,20252505,8.10,2026-09-29,23177.80
2026-09-24 13:16:07,22600,3014115,3418025,20428460,7.70,2026-09-29,23185.50
2026-09-24 13:21:06,22600,3024255,3418025,20538700,8.00,2026-09-29,23178.25
2026-09-24 13:26:06,22600,3032120,3418025,20731035,8.65,2026-09-29,23167.05
2026-09-24 13:31:06,22600,2954900,3418025,22599395,11.25,2026-09-29,23151.70
2026-09-24 13:36:05,22600,3189485,3418025,23609040,11.40,2026-09-29,23151.50
2026-09-24 13:41:04,22600,3167905,3418025,24404380,12.85,2026-09-29,23136.10
2026-09-24 13:46:06,22600,3028155,3418025,26138450,22.90,2026-09-29,23086.45
2026-09-24 13:51:05,22600,2978105,3418025,27707225,22.40,2026-09-29,23100.15
2026-09-24 13:56:06,22600,3153215,3418025,28967055,25.95,2026-09-29,23078.40
2026-09-24 14:01:06,22600,3080740,3418025,30278040,27.20,2026-09-29,23072.60
2026-09-24 14:06:07,22600,3183895,3418025,31540470,26.05,2026-09-29,23065.45
2026-09-24 14:11:06,22600,3230630,3418025,32331455,25.55,2026-09-29,23073.05
2026-09-24 14:16:06,22600,3174795,3418025,33087535,24.90,2026-09-29,23077.45
2026-09-24 14:21:07,22600,3236675,3418025,33525635,26.40,2026-09-29,23065.55
2026-09-24 09:21:06,22600,744380,749710,195000,22.55,2026-10-06,23228.25
2026-09-24 09:26:07,22600,761605,749710,283920,20.70,2026-10-06,23239.10
2026-09-24 09:31:08,22600,741845,749710,347815,20.55,2026-10-06,23259.00
2026-09-24 09:36:07,22600,737880,749710,476255,19.60,2026-10-06,23265.90
2026-09-24 09:41:07,22600,734890,749710,503425,22.10,2026-10-06,23240.80
2026-09-24 09:46:06,22600,720265,749710,562770,24.00,2026-10-06,23229.95
2026-09-24 09:51:06,22600,725790,749710,594750,23.40,2026-10-06,23233.75
2026-09-24 09:56:07,22600,735150,749710,622050,24.95,2026-10-06,23213.85
2026-09-24 10:01:07,22600,734565,749710,643825,23.25,2026-10-06,23230.55
2026-09-24 10:06:06,22600,730795,749710,685295,22.30,2026-10-06,23232.95
2026-09-24 10:11:06,22600,739895,749710,735410,22.35,2026-10-06,23228.70
2026-09-24 10:16:07,22600,748215,749710,772135,23.80,2026-10-06,23218.70
2026-09-24 10:21:07,22600,776425,749710,828100,23.60,2026-10-06,23216.35
2026-09-24 10:26:07,22600,787475,749710,876395,25.20,2026-10-06,23204.05
2026-09-24 10:31:06,22600,785655,749710,899340,24.25,2026-10-06,23212.70
2026-09-24 10:36:07,22600,788775,749710,923975,22.95,2026-10-06,23220.60
2026-09-24 10:41:07,22600,791245,749710,937885,22.95,2026-10-06,23221.15
2026-09-24 10:46:07,22600,793065,749710,947505,23.10,2026-10-06,23220.65
2026-09-24 10:51:07,22600,793650,749710,959790,21.80,2026-10-06,23233.60
2026-09-24 10:56:06,22600,789165,749710,971880,20.85,2026-10-06,23239.20
2026-09-24 11:01:06,22600,790985,749710,983905,21.60,2026-10-06,23233.70
2026-09-24 11:06:07,22600,792870,749710,995605,22.50,2026-10-06,23222.55
2026-09-24 11:11:07,22600,794495,749710,1004250,22.45,2026-10-06,23225.20
2026-09-24 11:16:07,22600,793585,749710,1020240,23.45,2026-10-06,23225.25
2026-09-24 11:21:06,22600,793390,749710,1031875,22.55,2026-10-06,23229.15
2026-09-24 11:26:07,22600,796055,749710,1038895,24.30,2026-10-06,23216.00
2026-09-24 11:31:07,22600,799175,749710,1045330,24.25,2026-10-06,23216.15
2026-09-24 11:36:07,22600,803270,749710,1054690,24.65,2026-10-06,23209.65
2026-09-24 11:41:07,22600,803010,749710,1062165,23.80,2026-10-06,23208.95
2026-09-24 11:46:07,22600,801775,749710,1066520,23.80,2026-10-06,23210.10
2026-09-24 11:51:05,22600,801775,749710,1070680,24.30,2026-10-06,23206.75
2026-09-24 11:56:06,22600,800930,749710,1082120,25.00,2026-10-06,23198.40
2026-09-24 12:01:06,22600,798980,749710,1100775,26.35,2026-10-06,23196.85
2026-09-24 12:06:07,22600,797615,749710,1105975,24.20,2026-10-06,23209.80
2026-09-24 12:11:05,22600,798525,749710,1114620,24.70,2026-10-06,23206.90
2026-09-24 12:16:07,22600,799760,749710,1119300,24.95,2026-10-06,23200.30
2026-09-24 12:21:07,22600,800930,749710,1124110,24.95,2026-10-06,23198.65
2026-09-24 12:26:06,22600,806000,749710,1135810,27.15,2026-10-06,23175.75
2026-09-24 12:36:08,22600,805740,749710,1176435,30.00,2026-10-06,23172.45
2026-09-24 12:41:08,22600,802815,749710,1188265,27.85,2026-10-06,23179.50
2026-09-24 12:46:08,22600,805350,749710,1196520,29.05,2026-10-06,23171.10
2026-09-24 12:51:08,22600,803660,749710,1208870,29.00,2026-10-06,23178.25
2026-09-24 12:56:08,22600,806910,749710,1223040,29.90,2026-10-06,23167.90
2026-09-24 13:01:08,22600,803660,749710,1236105,29.30,2026-10-06,23167.70
2026-09-24 13:06:07,22600,807690,749710,1253720,27.00,2026-10-06,23182.45
2026-09-24 13:11:08,22600,809380,749710,1261845,27.90,2026-10-06,23177.20
2026-09-24 13:16:08,22600,811460,749710,1270425,27.05,2026-10-06,23185.00
2026-09-24 13:21:07,22600,812890,749710,1275560,28.00,2026-10-06,23178.10
2026-09-24 13:26:06,22600,813670,749710,1280175,29.65,2026-10-06,23167.35
2026-09-24 13:31:07,22600,817570,749710,1373775,33.95,2026-10-06,23152.05
2026-09-24 13:36:06,22600,816920,749710,1394770,34.00,2026-10-06,23151.60
2026-09-24 13:41:05,22600,816075,749710,1411150,37.85,2026-10-06,23135.95
2026-09-24 13:46:07,22600,818155,749710,1533025,52.90,2026-10-06,23087.20
2026-09-24 13:51:06,22600,807690,749710,1677130,52.85,2026-10-06,23099.90
2026-09-24 13:56:06,22600,804765,749710,1743235,60.35,2026-10-06,23078.00
2026-09-24 14:01:06,22600,811590,749710,1806545,62.30,2026-10-06,23073.25
2026-09-24 14:06:07,22600,801905,749710,1886885,60.80,2026-10-06,23066.10
2026-09-24 14:11:07,22600,803855,749710,1915745,60.35,2026-10-06,23073.60
2026-09-24 14:16:08,22600,806910,749710,1929135,59.95,2026-10-06,23077.10
2026-09-24 14:21:08,22600,798460,749710,1959230,63.50,2026-10-06,23065.05
2026-09-24 09:21:06,22600,36075,36140,5330,44.05,2026-10-13,23227.45
2026-09-24 09:26:07,22600,35685,36140,7605,40.50,2026-10-13,23238.65
2026-09-24 09:31:08,22600,36270,36140,9035,40.65,2026-10-13,23259.10
2026-09-24 09:36:07,22600,35815,36140,12025,40.00,2026-10-13,23266.10
2026-09-24 09:41:07,22600,35750,36140,15015,43.80,2026-10-13,23241.25
2026-09-24 09:46:06,22600,38285,36140,22100,46.75,2026-10-13,23230.10
2026-09-24 09:51:07,22600,37895,36140,22880,45.60,2026-10-13,23234.60
2026-09-24 09:56:08,22600,39975,36140,27690,48.05,2026-10-13,23214.30
2026-09-24 10:01:07,22600,39910,36140,28860,46.50,2026-10-13,23230.20
2026-09-24 10:06:07,22600,40365,36140,30030,43.90,2026-10-13,23232.65
2026-09-24 10:11:07,22600,40365,36140,30420,42.35,2026-10-13,23228.60
2026-09-24 10:16:07,22600,40690,36140,34190,45.70,2026-10-13,23217.60
2026-09-24 10:21:07,22600,46995,36140,44850,44.75,2026-10-13,23216.80
2026-09-24 10:26:08,22600,49205,36140,48230,47.45,2026-10-13,23203.85
2026-09-24 10:31:07,22600,50895,36140,51025,46.60,2026-10-13,23213.05
2026-09-24 10:36:08,22600,57720,36140,61360,44.35,2026-10-13,23220.55
2026-09-24 10:41:07,22600,57915,36140,62920,44.25,2026-10-13,23221.10
2026-09-24 10:46:07,22600,57330,36140,63375,45.40,2026-10-13,23220.55
2026-09-24 10:51:08,22600,57590,36140,63765,43.70,2026-10-13,23233.90
2026-09-24 10:56:07,22600,57330,36140,65455,42.05,2026-10-13,23237.95
2026-09-24 11:01:07,22600,57395,36140,65585,41.65,2026-10-13,23234.55
2026-09-24 11:06:07,22600,58045,36140,67275,42.80,2026-10-13,23222.15
2026-09-24 11:11:07,22600,57980,36140,69160,43.30,2026-10-13,23225.15
2026-09-24 11:16:08,22600,63310,36140,77285,46.15,2026-10-13,23225.70
2026-09-24 11:21:07,22600,65650,36140,77610,42.95,2026-10-13,23229.45
2026-09-24 11:26:08,22600,65650,36140,79105,46.60,2026-10-13,23216.25
2026-09-24 11:31:08,22600,65650,36140,79885,46.85,2026-10-13,23216.00
2026-09-24 11:36:07,22600,65520,36140,81250,47.50,2026-10-13,23210.65
2026-09-24 11:41:08,22600,65585,36140,81315,45.75,2026-10-13,23210.40
2026-09-24 11:46:08,22600,65455,36140,81770,45.00,2026-10-13,23210.45
2026-09-24 11:51:06,22600,65455,36140,81835,45.25,2026-10-13,23205.75
2026-09-24 11:56:07,22600,72215,36140,107445,46.00,2026-10-13,23198.30
2026-09-24 12:01:07,22600,73450,36140,114465,48.10,2026-10-13,23196.80
2026-09-24 12:06:08,22600,73450,36140,116610,46.25,2026-10-13,23209.50
2026-09-24 12:11:06,22600,73320,36140,116870,46.90,2026-10-13,23207.20
2026-09-24 12:16:08,22600,73320,36140,116870,46.90,2026-10-13,23200.80
2026-09-24 12:21:08,22600,73255,36140,117260,47.75,2026-10-13,23199.15
2026-09-24 12:26:07,22600,73255,36140,117585,49.00,2026-10-13,23175.00
2026-09-24 12:36:08,22600,75920,36140,122850,54.45,2026-10-13,23172.95
2026-09-24 12:41:08,22600,83590,36140,133705,52.50,2026-10-13,23178.80
2026-09-24 12:46:09,22600,84110,36140,135135,54.20,2026-10-13,23171.55
2026-09-24 12:51:08,22600,85085,36140,136500,53.40,2026-10-13,23178.45
2026-09-24 12:56:08,22600,84955,36140,137280,55.15,2026-10-13,23167.75
2026-09-24 13:01:08,22600,86190,36140,139815,54.10,2026-10-13,23167.55
2026-09-24 13:06:08,22600,86580,36140,140920,51.30,2026-10-13,23182.50
2026-09-24 13:11:08,22600,88075,36140,143910,52.15,2026-10-13,23177.65
2026-09-24 13:16:09,22600,88205,36140,144300,52.20,2026-10-13,23184.40
2026-09-24 13:21:08,22600,88270,36140,144560,52.30,2026-10-13,23178.05
2026-09-24 13:26:07,22600,88270,36140,144690,53.00,2026-10-13,23167.25
2026-09-24 13:31:07,22600,89245,36140,155415,60.90,2026-10-13,23151.50
2026-09-24 13:36:06,22600,88595,36140,157950,59.30,2026-10-13,23151.15
2026-09-24 13:41:05,22600,89765,36140,162760,66.40,2026-10-13,23136.40
2026-09-24 13:46:07,22600,88920,36140,175045,83.05,2026-10-13,23088.25
2026-09-24 13:51:06,22600,88270,36140,187330,84.45,2026-10-13,23100.00
2026-09-24 13:56:07,22600,88725,36140,193375,93.15,2026-10-13,23077.75
2026-09-24 14:01:08,22600,88075,36140,198510,95.65,2026-10-13,23075.55
2026-09-24 14:06:08,22600,89895,36140,202345,95.45,2026-10-13,23066.40
2026-09-24 14:11:08,22600,90415,36140,204685,93.80,2026-10-13,23073.90
2026-09-24 14:16:09,22600,90610,36140,205010,92.00,2026-10-13,23078.20
2026-09-24 14:21:08,22600,90350,36140,207480,98.25,2026-10-13,23064.10
2026-09-24 09:21:05,22700,3871985,3897140,4216420,9.10,2026-09-29,23228.00
2026-09-24 09:26:06,22700,3860090,3897140,5396690,8.65,2026-09-29,23239.80
2026-09-24 09:31:07,22700,3859310,3897140,6005220,8.40,2026-09-29,23258.60
2026-09-24 09:36:06,22700,3892590,3897140,6525740,8.35,2026-09-29,23266.40
2026-09-24 09:41:06,22700,3837535,3897140,7266090,9.90,2026-09-29,23241.75
2026-09-24 09:46:05,22700,3896490,3897140,7914465,10.35,2026-09-29,23230.85
2026-09-24 09:51:06,22700,3935295,3897140,8406970,10.10,2026-09-29,23233.00
2026-09-24 09:56:07,22700,3950245,3897140,8770450,11.00,2026-09-29,23213.70
2026-09-24 10:01:06,22700,3957330,3897140,9292400,10.00,2026-09-29,23229.80
2026-09-24 10:06:06,22700,4181905,3897140,9974510,9.55,2026-09-29,23233.00
2026-09-24 10:11:06,22700,4231305,3897140,10436725,9.45,2026-09-29,23229.25
2026-09-24 10:16:06,22700,4229550,3897140,10959260,10.00,2026-09-29,23218.55
2026-09-24 10:21:06,22700,4223050,3897140,11282830,9.90,2026-09-29,23216.00
2026-09-24 10:26:07,22700,4197310,3897140,11653200,10.85,2026-09-29,23204.10
2026-09-24 10:31:06,22700,4202575,3897140,11850865,10.25,2026-09-29,23213.25
2026-09-24 10:36:07,22700,4213300,3897140,12176385,9.55,2026-09-29,23220.25
2026-09-24 10:41:06,22700,4237220,3897140,12502815,9.60,2026-09-29,23220.25
2026-09-24 10:46:06,22700,4247425,3897140,12788230,9.65,2026-09-29,23220.75
2026-09-24 10:51:07,22700,4279080,3897140,13058890,9.05,2026-09-29,23234.45
2026-09-24 10:56:06,22700,4294290,3897140,13370175,8.70,2026-09-29,23238.30
2026-09-24 11:01:06,22700,4288310,3897140,13510575,8.95,2026-09-29,23234.40
2026-09-24 11:06:06,22700,4254185,3897140,13767975,9.25,2026-09-29,23222.45
2026-09-24 11:11:06,22700,4247750,3897140,13973960,9.30,2026-09-29,23225.00
2026-09-24 11:16:06,22700,4248530,3897140,14413230,9.65,2026-09-29,23226.10
2026-09-24 11:21:06,22700,4315675,3897140,14764425,9.30,2026-09-29,23229.45
2026-09-24 11:26:07,22700,4312035,3897140,15053480,10.40,2026-09-29,23216.10
2026-09-24 11:31:07,22700,4341155,3897140,15265120,10.05,2026-09-29,23216.20
2026-09-24 11:36:06,22700,4343365,3897140,15512575,10.25,2026-09-29,23209.70
2026-09-24 11:41:07,22700,4342195,3897140,15716285,10.10,2026-09-29,23208.95
2026-09-24 11:46:07,22700,4372095,3897140,15921100,10.10,2026-09-29,23210.35
2026-09-24 11:51:05,22700,4379960,3897140,16114280,10.50,2026-09-29,23207.60
2026-09-24 11:56:06,22700,4385420,3897140,16419390,10.65,2026-09-29,23198.85
2026-09-24 12:01:06,22700,4376580,3897140,16965520,11.05,2026-09-29,23196.80
2026-09-24 12:06:07,22700,4444635,3897140,17292600,9.90,2026-09-29,23209.50
2026-09-24 12:11:05,22700,4450160,3897140,17461795,10.15,2026-09-29,23207.00
2026-09-24 12:16:07,22700,4446975,3897140,17726670,10.35,2026-09-29,23199.90
2026-09-24 12:21:06,22700,4441840,3897140,17889885,10.35,2026-09-29,23198.65
2026-09-24 12:26:06,22700,4482985,3897140,18224635,11.75,2026-09-29,23175.90
2026-09-24 12:36:07,22700,4415710,3897140,19575660,13.60,2026-09-29,23171.75
2026-09-24 12:41:07,22700,4375475,3897140,19992635,11.80,2026-09-29,23179.45
2026-09-24 12:46:08,22700,4401280,3897140,20375680,13.00,2026-09-29,23172.05
2026-09-24 12:51:07,22700,4370665,3897140,20711210,12.80,2026-09-29,23178.35
2026-09-24 12:56:07,22700,4378660,3897140,20979660,13.20,2026-09-29,23168.05
2026-09-24 13:01:07,22700,4385550,3897140,21277035,12.55,2026-09-29,23168.55
2026-09-24 13:06:07,22700,4419285,3897140,21757775,11.40,2026-09-29,23182.55
2026-09-24 13:11:07,22700,4372680,3897140,22109425,11.70,2026-09-29,23177.80
2026-09-24 13:16:07,22700,4384250,3897140,22301305,11.25,2026-09-29,23185.50
2026-09-24 13:21:06,22700,4414930,3897140,22478690,11.60,2026-09-29,23178.25
2026-09-24 13:26:06,22700,4422535,3897140,22778795,12.75,2026-09-29,23167.05
2026-09-24 13:31:06,22700,4077775,3897140,25265305,16.10,2026-09-29,23151.70
2026-09-24 13:36:05,22700,4037605,3897140,25987260,16.40,2026-09-29,23151.50
2026-09-24 13:41:04,22700,3975270,3897140,26631540,18.60,2026-09-29,23136.10
2026-09-24 13:46:06,22700,3805945,3897140,28594410,32.10,2026-09-29,23086.45
2026-09-24 13:51:05,22700,3857815,3897140,30530045,30.85,2026-09-29,23100.15
2026-09-24 13:56:06,22700,3844360,3897140,31792215,35.70,2026-09-29,23078.40
2026-09-24 14:01:06,22700,3830060,3897140,33361900,37.85,2026-09-29,23072.60
2026-09-24 14:06:07,22700,3818945,3897140,34438625,36.20,2026-09-29,23065.45
2026-09-24 14:11:06,22700,3954730,3897140,35207965,35.80,2026-09-29,23073.05
2026-09-24 14:16:06,22700,4040660,3897140,35633130,34.95,2026-09-29,23077.45
2026-09-24 14:21:07,22700,4119505,3897140,36140585,36.90,2026-09-29,23065.55
2026-09-24 09:21:06,22700,390325,309855,323570,30.00,2026-10-06,23228.25
2026-09-24 09:26:07,22700,444990,309855,394160,27.85,2026-10-06,23239.10
2026-09-24 09:31:08,22700,447460,309855,434070,27.60,2026-10-06,23259.00
2026-09-24 09:36:07,22700,454285,309855,466050,26.55,2026-10-06,23265.90
2026-09-24 09:41:07,22700,460070,309855,492115,29.50,2026-10-06,23240.80
2026-09-24 09:46:06,22700,468585,309855,533780,32.00,2026-10-06,23229.95
2026-09-24 09:51:06,22700,462345,309855,568880,31.40,2026-10-06,23233.75
2026-09-24 09:56:07,22700,468520,309855,585065,33.70,2026-10-06,23213.85
2026-09-24 10:01:07,22700,471380,309855,606190,31.15,2026-10-06,23230.55
2026-09-24 10:06:06,22700,473525,309855,622505,29.90,2026-10-06,23232.95
2026-09-24 10:11:06,22700,474565,309855,633295,29.80,2026-10-06,23228.70
2026-09-24 10:16:07,22700,481520,309855,655590,31.85,2026-10-06,23218.70
2026-09-24 10:21:07,22700,488410,309855,676975,31.45,2026-10-06,23216.35
2026-09-24 10:26:07,22700,501410,309855,717015,33.60,2026-10-06,23204.05
2026-09-24 10:31:06,22700,505505,309855,727220,32.45,2026-10-06,23212.70
2026-09-24 10:36:07,22700,659945,309855,1129310,30.80,2026-10-06,23220.60
2026-09-24 10:41:07,22700,563615,309855,1277835,30.65,2026-10-06,23221.15
2026-09-24 10:46:07,22700,564460,309855,1302145,30.70,2026-10-06,23220.65
2026-09-24 10:51:07,22700,567840,309855,1326520,29.10,2026-10-06,23233.60
2026-09-24 10:56:06,22700,566345,309855,1344720,27.60,2026-10-06,23239.20
2026-09-24 11:01:06,22700,567385,309855,1353300,28.70,2026-10-06,23233.70
2026-09-24 11:06:07,22700,571610,309855,1363765,30.20,2026-10-06,23222.55
2026-09-24 11:11:07,22700,567580,309855,1372735,29.95,2026-10-06,23225.20
2026-09-24 11:16:07,22700,562705,309855,1400035,31.30,2026-10-06,23225.25
2026-09-24 11:21:06,22700,561210,309855,1412515,30.10,2026-10-06,23229.15
2026-09-24 11:26:07,22700,563030,309855,1422460,32.85,2026-10-06,23216.00
2026-09-24 11:31:07,22700,563030,309855,1428115,32.70,2026-10-06,23216.15
2026-09-24 11:36:07,22700,562510,309855,1437020,33.10,2026-10-06,23209.65
2026-09-24 11:41:07,22700,561145,309855,1444495,32.00,2026-10-06,23208.95
2026-09-24 11:46:07,22700,560170,309855,1449760,31.55,2026-10-06,23210.10
2026-09-24 11:51:05,22700,559390,309855,1452100,32.55,2026-10-06,23206.75
2026-09-24 11:56:06,22700,560690,309855,1456715,33.35,2026-10-06,23198.40
2026-09-24 12:01:06,22700,585520,309855,1511510,34.45,2026-10-06,23196.85
2026-09-24 12:06:07,22700,595465,309855,1551810,32.00,2026-10-06,23209.80
2026-09-24 12:11:05,22700,599105,309855,1555710,32.65,2026-10-06,23206.90
2026-09-24 12:16:07,22700,598910,309855,1568255,33.30,2026-10-06,23200.30
2026-09-24 12:21:07,22700,597740,309855,1576380,32.65,2026-10-06,23198.65
2026-09-24 12:26:06,22700,598000,309855,1590030,36.60,2026-10-06,23175.75
2026-09-24 12:36:08,22700,600665,309855,1878955,39.80,2026-10-06,23172.45
2026-09-24 12:41:08,22700,599690,309855,1943435,36.75,2026-10-06,23179.50
2026-09-24 12:46:08,22700,596505,309855,1963325,38.60,2026-10-06,23171.10
2026-09-24 12:51:08,22700,595920,309855,1988610,38.15,2026-10-06,23178.25
2026-09-24 12:56:08,22700,597480,309855,2046980,40.15,2026-10-06,23167.90
2026-09-24 13:01:08,22700,551200,309855,2086305,38.90,2026-10-06,23167.70
2026-09-24 13:06:07,22700,549250,309855,2108405,36.10,2026-10-06,23182.45
2026-09-24 13:11:08,22700,550290,309855,2120300,37.00,2026-10-06,23177.20
2026-09-24 13:16:08,22700,544765,309855,2131025,36.10,2026-10-06,23185.00
2026-09-24 13:21:07,22700,550875,309855,2145195,37.05,2026-10-06,23178.10
2026-09-24 13:26:06,22700,553670,309855,2155335,39.35,2026-10-06,23167.35
2026-09-24 13:31:07,22700,561925,309855,2275715,45.10,2026-10-06,23152.05
2026-09-24 13:36:06,22700,560690,309855,2302365,45.40,2026-10-06,23151.60
2026-09-24 13:41:05,22700,562250,309855,2322385,50.20,2026-10-06,23135.95
2026-09-24 13:46:07,22700,559520,309855,2402400,68.75,2026-10-06,23087.20
2026-09-24 13:51:06,22700,545870,309855,2522975,68.25,2026-10-06,23099.90
2026-09-24 13:56:06,22700,540540,309855,2583555,76.45,2026-10-06,23078.00
2026-09-24 14:01:06,22700,552045,309855,2733055,79.75,2026-10-06,23073.25
2026-09-24 14:06:07,22700,543400,309855,2807870,77.45,2026-10-06,23066.10
2026-09-24 14:11:07,22700,541710,309855,2849145,77.25,2026-10-06,23073.60
2026-09-24 14:16:08,22700,543985,309855,2868255,76.25,2026-10-06,23077.10
2026-09-24 14:21:08,22700,546910,309855,2892760,81.60,2026-10-06,23065.05
2026-09-24 09:21:06,22700,263770,265655,53300,55.90,2026-10-13,23227.45
2026-09-24 09:26:07,22700,264290,265655,82615,53.10,2026-10-13,23238.65
2026-09-24 09:31:08,22700,264875,265655,99840,52.25,2026-10-13,23259.10
2026-09-24 09:36:07,22700,265915,265655,111345,50.95,2026-10-13,23266.10
2026-09-24 09:41:07,22700,265525,265655,121160,55.20,2026-10-13,23241.25
2026-09-24 09:46:06,22700,264225,265655,128570,59.65,2026-10-13,23230.10
2026-09-24 09:51:07,22700,264940,265655,139880,57.80,2026-10-13,23234.60
2026-09-24 09:56:08,22700,264810,265655,145665,60.65,2026-10-13,23214.30
2026-09-24 10:01:07,22700,264355,265655,152815,58.05,2026-10-13,23230.20
2026-09-24 10:06:07,22700,264485,265655,159315,56.00,2026-10-13,23232.65
2026-09-24 10:11:07,22700,263380,265655,161785,55.05,2026-10-13,23228.60
2026-09-24 10:16:07,22700,258635,265655,188825,57.90,2026-10-13,23217.60
2026-09-24 10:21:07,22700,199420,265655,264550,57.10,2026-10-13,23216.80
2026-09-24 10:26:08,22700,197535,265655,269880,60.00,2026-10-13,23203.85
2026-09-24 10:31:07,22700,200850,265655,279305,58.40,2026-10-13,23213.05
2026-09-24 10:36:08,22700,200005,265655,281450,55.50,2026-10-13,23220.55
2026-09-24 10:41:07,22700,200200,265655,286585,56.25,2026-10-13,23221.10
2026-09-24 10:46:07,22700,200590,265655,289705,56.45,2026-10-13,23220.55
2026-09-24 10:51:08,22700,201825,265655,294840,54.70,2026-10-13,23233.90
2026-09-24 10:56:07,22700,202540,265655,297765,51.80,2026-10-13,23237.95
2026-09-24 11:01:07,22700,201435,265655,300170,53.15,2026-10-13,23234.55
2026-09-24 11:06:07,22700,201500,265655,300365,55.15,2026-10-13,23222.15
2026-09-24 11:11:07,22700,201565,265655,305435,55.30,2026-10-13,23225.15
2026-09-24 11:16:08,22700,211965,265655,319150,56.50,2026-10-13,23225.70
2026-09-24 11:21:07,22700,211705,265655,321295,54.30,2026-10-13,23229.45
2026-09-24 11:26:08,22700,211640,265655,322790,58.55,2026-10-13,23216.25
2026-09-24 11:31:08,22700,210925,265655,323700,57.10,2026-10-13,23216.00
2026-09-24 11:36:07,22700,211055,265655,325065,59.40,2026-10-13,23210.65
2026-09-24 11:41:08,22700,211055,265655,325585,58.20,2026-10-13,23210.40
2026-09-24 11:46:08,22700,210990,265655,326105,56.70,2026-10-13,23210.45
2026-09-24 11:51:06,22700,211185,265655,326820,57.65,2026-10-13,23205.75
2026-09-24 11:56:07,22700,211445,265655,329095,58.75,2026-10-13,23198.30
2026-09-24 12:01:07,22700,212095,265655,333905,60.95,2026-10-13,23196.80
2026-09-24 12:06:08,22700,212290,265655,334555,58.95,2026-10-13,23209.50
2026-09-24 12:11:06,22700,212615,265655,334685,59.00,2026-10-13,23207.20
2026-09-24 12:16:08,22700,212680,265655,334945,59.20,2026-10-13,23200.80
2026-09-24 12:21:08,22700,212875,265655,335335,58.80,2026-10-13,23199.15
2026-09-24 12:26:07,22700,213070,265655,337155,62.80,2026-10-13,23175.00
2026-09-24 12:36:08,22700,212550,265655,346385,68.80,2026-10-13,23172.95
2026-09-24 12:41:08,22700,211510,265655,369980,65.40,2026-10-13,23178.80
2026-09-24 12:46:09,22700,210340,265655,377910,68.65,2026-10-13,23171.55
2026-09-24 12:51:08,22700,210340,265655,381615,67.40,2026-10-13,23178.45
2026-09-24 12:56:08,22700,210600,265655,382785,69.95,2026-10-13,23167.75
2026-09-24 13:01:08,22700,210860,265655,388440,68.85,2026-10-13,23167.55
2026-09-24 13:06:08,22700,211315,265655,391495,64.50,2026-10-13,23182.50
2026-09-24 13:11:08,22700,211250,265655,396045,66.25,2026-10-13,23177.65
2026-09-24 13:16:09,22700,212420,265655,399425,66.10,2026-10-13,23184.40
2026-09-24 13:21:08,22700,212745,265655,399815,66.20,2026-10-13,23178.05
2026-09-24 13:26:07,22700,213785,265655,405470,69.15,2026-10-13,23167.25
2026-09-24 13:31:07,22700,215085,265655,430690,76.50,2026-10-13,23151.50
2026-09-24 13:36:06,22700,215735,265655,437580,76.45,2026-10-13,23151.15
2026-09-24 13:41:05,22700,215280,265655,441155,82.60,2026-10-13,23136.40
2026-09-24 13:46:07,22700,212615,265655,452400,104.10,2026-10-13,23088.25
2026-09-24 13:51:06,22700,211250,265655,492570,104.30,2026-10-13,23100.00
2026-09-24 13:56:07,22700,213395,265655,505115,113.15,2026-10-13,23077.75
2026-09-24 14:01:08,22700,209755,265655,521625,116.85,2026-10-13,23075.55
2026-09-24 14:06:08,22700,210860,265655,533130,115.20,2026-10-13,23066.40
2026-09-24 14:11:08,22700,209820,265655,537550,114.15,2026-10-13,23073.90
2026-09-24 14:16:09,22700,209755,265655,539305,113.05,2026-10-13,23078.20
2026-09-24 14:21:08,22700,209430,265655,543075,118.45,2026-10-13,23064.10
2026-09-24 09:21:05,22800,6669130,6399315,6556615,14.00,2026-09-29,23228.00
2026-09-24 09:26:06,22800,6963515,6399315,8267415,13.10,2026-09-29,23239.80
2026-09-24 09:31:07,22800,6966310,6399315,9610835,12.60,2026-09-29,23258.60
2026-09-24 09:36:06,22800,6973655,6399315,10206755,12.40,2026-09-29,23266.40
2026-09-24 09:41:06,22800,6952790,6399315,10895235,14.65,2026-09-29,23241.75
2026-09-24 09:46:05,22800,7045090,6399315,12181325,15.40,2026-09-29,23230.85
2026-09-24 09:51:06,22800,7069985,6399315,13198770,15.10,2026-09-29,23233.00
2026-09-24 09:56:07,22800,7092280,6399315,14019980,16.60,2026-09-29,23213.70
2026-09-24 10:01:06,22800,7181980,6399315,14558440,15.05,2026-09-29,23229.80
2026-09-24 10:06:06,22800,7238205,6399315,14997580,14.30,2026-09-29,23233.00
2026-09-24 10:11:06,22800,7193420,6399315,15708745,14.25,2026-09-29,23229.25
2026-09-24 10:16:06,22800,7202650,6399315,16104465,15.15,2026-09-29,23218.55
2026-09-24 10:21:06,22800,7179445,6399315,16620500,15.00,2026-09-29,23216.00
2026-09-24 10:26:07,22800,7255365,6399315,17247100,16.35,2026-09-29,23204.10
2026-09-24 10:31:06,22800,7302165,6399315,17548830,15.35,2026-09-29,23213.25
2026-09-24 10:36:07,22800,7307235,6399315,18111730,14.35,2026-09-29,23220.25
2026-09-24 10:41:06,22800,7326995,6399315,18575635,14.45,2026-09-29,23220.25
2026-09-24 10:46:06,22800,7257835,6399315,18933980,14.45,2026-09-29,23220.75
2026-09-24 10:51:07,22800,7276425,6399315,19212635,13.55,2026-09-29,23234.45
2026-09-24 10:56:06,22800,7361575,6399315,19625580,12.90,2026-09-29,23238.30
2026-09-24 11:01:06,22800,7367165,6399315,19911645,13.30,2026-09-29,23234.40
2026-09-24 11:06:06,22800,7378995,6399315,20242690,13.90,2026-09-29,23222.45
2026-09-24 11:11:06,22800,7335250,6399315,20557745,13.75,2026-09-29,23225.00
2026-09-24 11:16:06,22800,7287540,6399315,21058310,14.45,2026-09-29,23226.10
2026-09-24 11:21:06,22800,7280065,6399315,21416720,13.85,2026-09-29,23229.45
2026-09-24 11:26:07,22800,7292870,6399315,22067630,15.65,2026-09-29,23216.10
2026-09-24 11:31:07,22800,7287865,6399315,22395295,15.20,2026-09-29,23216.20
2026-09-24 11:36:06,22800,7243210,6399315,22804145,15.55,2026-09-29,23209.70
2026-09-24 11:41:07,22800,7261215,6399315,23094370,15.10,2026-09-29,23208.95
2026-09-24 11:46:07,22800,7268105,6399315,23326810,15.05,2026-09-29,23210.35
2026-09-24 11:51:05,22800,7306325,6399315,23582390,15.85,2026-09-29,23207.60
2026-09-24 11:56:06,22800,7418905,6399315,24005085,15.90,2026-09-29,23198.85
2026-09-24 12:01:06,22800,7382245,6399315,24763830,16.55,2026-09-29,23196.80
2026-09-24 12:06:07,22800,7496970,6399315,25242945,14.90,2026-09-29,23209.50
2026-09-24 12:11:05,22800,7511985,6399315,25428910,15.25,2026-09-29,23207.00
2026-09-24 12:16:07,22800,7546045,6399315,25664600,15.50,2026-09-29,23199.90
2026-09-24 12:21:06,22800,7554690,6399315,25842310,15.55,2026-09-29,23198.65
2026-09-24 12:26:06,22800,7554885,6399315,26239655,17.70,2026-09-29,23175.90
2026-09-24 12:36:07,22800,7378865,6399315,27922245,20.30,2026-09-29,23171.75
2026-09-24 12:41:07,22800,7443020,6399315,28652845,17.80,2026-09-29,23179.45
2026-09-24 12:46:08,22800,7384715,6399315,29243305,19.55,2026-09-29,23172.05
2026-09-24 12:51:07,22800,7375290,6399315,29854760,19.35,2026-09-29,23178.35
2026-09-24 12:56:07,22800,7358455,6399315,30314635,20.05,2026-09-29,23168.05
2026-09-24 13:01:07,22800,7450820,6399315,30686435,19.15,2026-09-29,23168.55
2026-09-24 13:06:07,22800,7460440,6399315,31204355,17.25,2026-09-29,23182.55
2026-09-24 13:11:07,22800,7482280,6399315,31586165,17.80,2026-09-29,23177.80
2026-09-24 13:16:07,22800,7488000,6399315,31864105,17.10,2026-09-29,23185.50
2026-09-24 13:21:06,22800,7530965,6399315,32014580,17.60,2026-09-29,23178.25
2026-09-24 13:26:06,22800,7543575,6399315,32338020,19.40,2026-09-29,23167.05
2026-09-24 13:31:06,22800,7376915,6399315,35182745,24.40,2026-09-29,23151.70
2026-09-24 13:36:05,22800,7311070,6399315,36268375,24.70,2026-09-29,23151.50
2026-09-24 13:41:04,22800,7258355,6399315,37323455,27.75,2026-09-29,23136.10
2026-09-24 13:46:06,22800,7222280,6399315,39956605,45.70,2026-09-29,23086.45
2026-09-24 13:51:05,22800,7045740,6399315,42393585,43.60,2026-09-29,23100.15
2026-09-24 13:56:06,22800,6992180,6399315,44304845,50.00,2026-09-29,23078.40
2026-09-24 14:01:06,22800,7270055,6399315,47143330,53.05,2026-09-29,23072.60
2026-09-24 14:06:07,22800,7315620,6399315,48722700,51.25,2026-09-29,23065.45
2026-09-24 14:11:06,22800,6840990,6399315,50867960,50.80,2026-09-29,23073.05
2026-09-24 14:16:06,22800,6835400,6399315,51549225,49.65,2026-09-29,23077.45
2026-09-24 14:21:07,22800,6915610,6399315,52246220,52.65,2026-09-29,23065.55
2026-09-24 09:21:06,22800,456495,480350,382070,40.65,2026-10-06,23228.25
2026-09-24 09:26:07,22800,466635,480350,489515,38.05,2026-10-06,23239.10
2026-09-24 09:31:08,22800,497965,480350,567060,37.20,2026-10-06,23259.00
2026-09-24 09:36:07,22800,533195,480350,663195,36.70,2026-10-06,23265.90
2026-09-24 09:41:07,22800,546910,480350,711100,40.50,2026-10-06,23240.80
2026-09-24 09:46:06,22800,583830,480350,863850,43.40,2026-10-06,23229.95
2026-09-24 09:51:06,22800,579800,480350,941070,42.60,2026-10-06,23233.75
2026-09-24 09:56:07,22800,585390,480350,972855,45.95,2026-10-06,23213.85
2026-09-24 10:01:07,22800,592735,480350,1001975,42.60,2026-10-06,23230.55
2026-09-24 10:06:06,22800,608335,480350,1053260,41.00,2026-10-06,23232.95
2026-09-24 10:11:06,22800,602550,480350,1076790,40.80,2026-10-06,23228.70
2026-09-24 10:16:07,22800,611065,480350,1121770,43.75,2026-10-06,23218.70
2026-09-24 10:21:07,22800,590915,480350,1162070,43.25,2026-10-06,23216.35
2026-09-24 10:26:07,22800,593905,480350,1189565,45.85,2026-10-06,23204.05
2026-09-24 10:31:06,22800,607750,480350,1217710,44.20,2026-10-06,23212.70
2026-09-24 10:36:07,22800,619320,480350,1260285,41.85,2026-10-06,23220.60
2026-09-24 10:41:07,22800,625170,480350,1287715,41.75,2026-10-06,23221.15
2026-09-24 10:46:07,22800,614120,480350,1328600,41.55,2026-10-06,23220.65
2026-09-24 10:51:07,22800,617760,480350,1344135,39.75,2026-10-06,23233.60
2026-09-24 10:56:06,22800,634010,480350,1393145,37.70,2026-10-06,23239.20
2026-09-24 11:01:06,22800,632970,480350,1415245,38.80,2026-10-06,23233.70
2026-09-24 11:06:07,22800,640640,480350,1455155,41.20,2026-10-06,23222.55
2026-09-24 11:11:07,22800,647075,480350,1506570,40.70,2026-10-06,23225.20
2026-09-24 11:16:07,22800,632125,480350,1525420,42.40,2026-10-06,23225.25
2026-09-24 11:21:06,22800,636545,480350,1538940,41.05,2026-10-06,23229.15
2026-09-24 11:26:07,22800,641615,480350,1567020,44.50,2026-10-06,23216.00
2026-09-24 11:31:07,22800,643370,480350,1582555,44.45,2026-10-06,23216.15
2026-09-24 11:36:07,22800,650000,480350,1612455,44.85,2026-10-06,23209.65
2026-09-24 11:41:07,22800,663650,480350,1633450,43.30,2026-10-06,23208.95
2026-09-24 11:46:07,22800,650650,480350,1660685,42.75,2026-10-06,23210.10
2026-09-24 11:51:05,22800,651885,480350,1666145,44.25,2026-10-06,23206.75
2026-09-24 11:56:06,22800,657150,480350,1683825,45.25,2026-10-06,23198.40
2026-09-24 12:01:06,22800,653835,480350,1724840,46.25,2026-10-06,23196.85
2026-09-24 12:06:07,22800,656565,480350,1747720,43.50,2026-10-06,23209.80
2026-09-24 12:11:05,22800,655655,480350,1760200,44.55,2026-10-06,23206.90
2026-09-24 12:16:07,22800,666900,480350,1790750,45.20,2026-10-06,23200.30
2026-09-24 12:21:07,22800,668460,480350,1797120,44.55,2026-10-06,23198.65
2026-09-24 12:26:06,22800,667160,480350,1826240,49.30,2026-10-06,23175.75
2026-09-24 12:36:08,22800,705705,480350,1944215,54.00,2026-10-06,23172.45
2026-09-24 12:41:08,22800,708500,480350,1982305,50.00,2026-10-06,23179.50
2026-09-24 12:46:08,22800,688545,480350,2025400,52.55,2026-10-06,23171.10
2026-09-24 12:51:08,22800,690690,480350,2043860,51.95,2026-10-06,23178.25
2026-09-24 12:56:08,22800,690950,480350,2064075,54.00,2026-10-06,23167.90
2026-09-24 13:01:08,22800,695760,480350,2086955,52.85,2026-10-06,23167.70
2026-09-24 13:06:07,22800,704665,480350,2129140,49.35,2026-10-06,23182.45
2026-09-24 13:11:08,22800,706875,480350,2152605,50.85,2026-10-06,23177.20
2026-09-24 13:16:08,22800,713115,480350,2170415,49.65,2026-10-06,23185.00
2026-09-24 13:21:07,22800,713765,480350,2175290,50.55,2026-10-06,23178.10
2026-09-24 13:26:06,22800,718900,480350,2218580,53.55,2026-10-06,23167.35
2026-09-24 13:31:07,22800,709670,480350,2353715,61.25,2026-10-06,23152.05
2026-09-24 13:36:06,22800,713570,480350,2477540,61.15,2026-10-06,23151.60
2026-09-24 13:41:05,22800,738855,480350,2584920,66.65,2026-10-06,23135.95
2026-09-24 13:46:07,22800,738920,480350,2755935,89.80,2026-10-06,23087.20
2026-09-24 13:51:06,22800,728260,480350,2958800,87.85,2026-10-06,23099.90
2026-09-24 13:56:06,22800,743470,480350,3110770,98.70,2026-10-06,23078.00
2026-09-24 14:01:06,22800,749840,480350,3246945,101.85,2026-10-06,23073.25
2026-09-24 14:06:07,22800,751140,480350,3370900,99.25,2026-10-06,23066.10
2026-09-24 14:11:07,22800,770185,480350,3480165,99.60,2026-10-06,23073.60
2026-09-24 14:16:08,22800,776425,480350,3576235,97.85,2026-10-06,23077.10
2026-09-24 14:21:08,22800,786435,480350,3622840,103.35,2026-10-06,23065.05
2026-09-24 09:21:06,22800,78390,77155,25870,69.85,2026-10-13,23227.45
2026-09-24 09:26:07,22800,84825,77155,43550,65.80,2026-10-13,23238.65
2026-09-24 09:31:08,22800,85410,77155,53300,65.70,2026-10-13,23259.10
2026-09-24 09:36:07,22800,92820,77155,62400,63.95,2026-10-13,23266.10
2026-09-24 09:41:07,22800,93470,77155,67405,69.95,2026-10-13,23241.25
2026-09-24 09:46:06,22800,100880,77155,76635,73.75,2026-10-13,23230.10
2026-09-24 09:51:07,22800,103740,77155,83005,73.30,2026-10-13,23234.60
2026-09-24 09:56:08,22800,104065,77155,88855,75.90,2026-10-13,23214.30
2026-09-24 10:01:07,22800,103805,77155,89310,73.15,2026-10-13,23230.20
2026-09-24 10:06:07,22800,103805,77155,90870,70.95,2026-10-13,23232.65
2026-09-24 10:11:07,22800,103805,77155,91585,68.10,2026-10-13,23228.60
2026-09-24 10:16:07,22800,103480,77155,92885,73.95,2026-10-13,23217.60
2026-09-24 10:21:07,22800,102115,77155,96525,72.00,2026-10-13,23216.80
2026-09-24 10:26:08,22800,104650,77155,109980,76.80,2026-10-13,23203.85
2026-09-24 10:31:07,22800,109395,77155,110630,75.75,2026-10-13,23213.05
2026-09-24 10:36:08,22800,112060,77155,121095,70.75,2026-10-13,23220.55
2026-09-24 10:41:07,22800,113100,77155,122980,70.80,2026-10-13,23221.10
2026-09-24 10:46:07,22800,112840,77155,123630,70.70,2026-10-13,23220.55
2026-09-24 10:51:08,22800,112905,77155,124670,67.80,2026-10-13,23233.90
2026-09-24 10:56:07,22800,113815,77155,127660,65.85,2026-10-13,23237.95
2026-09-24 11:01:07,22800,114010,77155,127985,67.05,2026-10-13,23234.55
2026-09-24 11:06:07,22800,114270,77155,129415,66.55,2026-10-13,23222.15
2026-09-24 11:11:07,22800,114530,77155,129545,70.00,2026-10-13,23225.15
2026-09-24 11:16:08,22800,114595,77155,130000,73.50,2026-10-13,23225.70
2026-09-24 11:21:07,22800,117975,77155,134420,68.95,2026-10-13,23229.45
2026-09-24 11:26:08,22800,119990,77155,137150,74.25,2026-10-13,23216.25
2026-09-24 11:31:08,22800,119665,77155,137800,72.25,2026-10-13,23216.00
2026-09-24 11:36:07,22800,119860,77155,139165,75.50,2026-10-13,23210.65
2026-09-24 11:41:08,22800,122005,77155,141765,73.05,2026-10-13,23210.40
2026-09-24 11:46:08,22800,121875,77155,142610,71.70,2026-10-13,23210.45
2026-09-24 11:51:06,22800,122200,77155,144105,73.45,2026-10-13,23205.75
2026-09-24 11:56:07,22800,122070,77155,146120,74.75,2026-10-13,23198.30
2026-09-24 12:01:07,22800,119340,77155,166400,79.00,2026-10-13,23196.80
2026-09-24 12:06:08,22800,120380,77155,168090,74.55,2026-10-13,23209.50
2026-09-24 12:11:06,22800,121160,77155,168480,75.00,2026-10-13,23207.20
2026-09-24 12:16:08,22800,121355,77155,168870,75.95,2026-10-13,23200.80
2026-09-24 12:21:08,22800,121355,77155,171470,74.90,2026-10-13,23199.15
2026-09-24 12:26:07,22800,123110,77155,173030,80.50,2026-10-13,23175.00
2026-09-24 12:36:08,22800,123175,77155,184015,85.85,2026-10-13,23172.95
2026-09-24 12:41:08,22800,123435,77155,185640,82.15,2026-10-13,23178.80
2026-09-24 12:46:09,22800,122850,77155,186550,85.90,2026-10-13,23171.55
2026-09-24 12:51:08,22800,123045,77155,200330,84.05,2026-10-13,23178.45
2026-09-24 12:56:08,22800,122330,77155,201890,87.55,2026-10-13,23167.75
2026-09-24 13:01:08,22800,121875,77155,204035,86.15,2026-10-13,23167.55
2026-09-24 13:06:08,22800,121680,77155,208000,81.45,2026-10-13,23182.50
2026-09-24 13:11:08,22800,134875,77155,249665,83.30,2026-10-13,23177.65
2026-09-24 13:16:09,22800,135005,77155,253825,82.00,2026-10-13,23184.40
2026-09-24 13:21:08,22800,134875,77155,254085,84.20,2026-10-13,23178.05
2026-09-24 13:26:07,22800,134875,77155,254605,87.00,2026-10-13,23167.25
2026-09-24 13:31:07,22800,137670,77155,273130,95.70,2026-10-13,23151.50
2026-09-24 13:36:06,22800,140725,77155,276965,95.20,2026-10-13,23151.15
2026-09-24 13:41:05,22800,140985,77155,278525,103.45,2026-10-13,23136.40
2026-09-24 13:46:07,22800,137215,77155,299845,126.75,2026-10-13,23088.25
2026-09-24 13:51:06,22800,125450,77155,379210,125.95,2026-10-13,23100.00
2026-09-24 13:56:07,22800,127270,77155,412555,136.55,2026-10-13,23077.75
2026-09-24 14:01:08,22800,124865,77155,430040,142.75,2026-10-13,23075.55
2026-09-24 14:06:08,22800,124475,77155,443105,140.85,2026-10-13,23066.40
2026-09-24 14:11:08,22800,124930,77155,448825,138.45,2026-10-13,23073.90
2026-09-24 14:16:09,22800,125515,77155,451815,137.95,2026-10-13,23078.20
2026-09-24 14:21:08,22800,124930,77155,466115,143.35,2026-10-13,23064.10
2026-09-24 09:21:05,22900,4337905,4805840,6049485,22.40,2026-09-29,23228.00
2026-09-24 09:26:06,22900,4310345,4805840,7377435,20.95,2026-09-29,23239.80
2026-09-24 09:31:07,22900,4366830,4805840,8176155,19.95,2026-09-29,23258.60
2026-09-24 09:36:06,22900,4380155,4805840,8676395,19.65,2026-09-29,23266.40
2026-09-24 09:41:06,22900,4381585,4805840,9429030,23.25,2026-09-29,23241.75
2026-09-24 09:46:05,22900,4375345,4805840,10452715,24.30,2026-09-29,23230.85
2026-09-24 09:51:06,22900,4520230,4805840,11372205,23.75,2026-09-29,23233.00
2026-09-24 09:56:07,22900,4486300,4805840,12049830,26.45,2026-09-29,23213.70
2026-09-24 10:01:06,22900,4563780,4805840,12494495,24.05,2026-09-29,23229.80
2026-09-24 10:06:06,22900,4528810,4805840,13095745,22.70,2026-09-29,23233.00
2026-09-24 10:11:06,22900,4576390,4805840,13674245,22.70,2026-09-29,23229.25
2026-09-24 10:16:06,22900,4504500,4805840,14176955,24.40,2026-09-29,23218.55
2026-09-24 10:21:06,22900,4479735,4805840,14674790,23.90,2026-09-29,23216.00
2026-09-24 10:26:07,22900,4481165,4805840,15448940,26.30,2026-09-29,23204.10
2026-09-24 10:31:06,22900,4469270,4805840,15846480,24.50,2026-09-29,23213.25
2026-09-24 10:36:07,22900,4456790,4805840,16413735,22.90,2026-09-29,23220.25
2026-09-24 10:41:06,22900,4506190,4805840,16967145,23.15,2026-09-29,23220.25
2026-09-24 10:46:06,22900,4504175,4805840,17303975,23.25,2026-09-29,23220.75
2026-09-24 10:51:07,22900,4514120,4805840,17558710,21.45,2026-09-29,23234.45
2026-09-24 10:56:06,22900,4520555,4805840,18166005,20.40,2026-09-29,23238.30
2026-09-24 11:01:06,22900,4515550,4805840,18481905,20.95,2026-09-29,23234.40
2026-09-24 11:06:06,22900,4532320,4805840,18737745,22.25,2026-09-29,23222.45
2026-09-24 11:11:06,22900,4555070,4805840,19123130,22.00,2026-09-29,23225.00
2026-09-24 11:16:06,22900,4509180,4805840,19691100,23.10,2026-09-29,23226.10
2026-09-24 11:21:06,22900,4510545,4805840,20076485,22.10,2026-09-29,23229.45
2026-09-24 11:26:07,22900,4510480,4805840,20463105,24.95,2026-09-29,23216.10
2026-09-24 11:31:07,22900,4520880,4805840,20761520,24.50,2026-09-29,23216.20
2026-09-24 11:36:06,22900,4513730,4805840,21428940,25.15,2026-09-29,23209.70
2026-09-24 11:41:07,22900,4541095,4805840,21743020,24.25,2026-09-29,23208.95
2026-09-24 11:46:07,22900,4537130,4805840,21976175,24.05,2026-09-29,23210.35
2026-09-24 11:51:05,22900,4523935,4805840,22169290,25.10,2026-09-29,23207.60
2026-09-24 11:56:06,22900,4541290,4805840,22452690,25.65,2026-09-29,23198.85
2026-09-24 12:01:06,22900,4596670,4805840,23249720,26.20,2026-09-29,23196.80
2026-09-24 12:06:07,22900,4685330,4805840,23785060,23.80,2026-09-29,23209.50
2026-09-24 12:11:05,22900,4705545,4805840,23959780,24.40,2026-09-29,23207.00
2026-09-24 12:16:07,22900,4724980,4805840,24197875,24.95,2026-09-29,23199.90
2026-09-24 12:21:06,22900,4732975,4805840,24377470,24.85,2026-09-29,23198.65
2026-09-24 12:26:06,22900,4730115,4805840,24778260,28.55,2026-09-29,23175.90
2026-09-24 12:36:07,22900,4712565,4805840,26287755,32.05,2026-09-29,23171.75
2026-09-24 12:41:07,22900,4698720,4805840,26878215,28.45,2026-09-29,23179.45
2026-09-24 12:46:08,22900,4706715,4805840,27391065,30.85,2026-09-29,23172.05
2026-09-24 12:51:07,22900,5111210,4805840,28428465,30.40,2026-09-29,23178.35
2026-09-24 12:56:07,22900,5120895,4805840,28835885,31.60,2026-09-29,23168.05
2026-09-24 13:01:07,22900,5132660,4805840,29187665,30.30,2026-09-29,23168.55
2026-09-24 13:06:07,22900,5124925,4805840,29718910,27.50,2026-09-29,23182.55
2026-09-24 13:11:07,22900,5252000,4805840,30239495,28.35,2026-09-29,23177.80
2026-09-24 13:16:07,22900,5263245,4805840,30527185,27.25,2026-09-29,23185.50
2026-09-24 13:21:06,22900,5244070,4805840,30764760,28.20,2026-09-29,23178.25
2026-09-24 13:26:06,22900,5238870,4805840,31039710,30.85,2026-09-29,23167.05
2026-09-24 13:31:06,22900,5194410,4805840,33572630,37.50,2026-09-29,23151.70
2026-09-24 13:36:05,22900,5178160,4805840,34398845,38.25,2026-09-29,23151.50
2026-09-24 13:41:04,22900,5257590,4805840,35337510,42.80,2026-09-29,23136.10
2026-09-24 13:46:06,22900,4662450,4805840,38442495,66.70,2026-09-29,23086.45
2026-09-24 13:51:05,22900,4515485,4805840,41110680,63.05,2026-09-29,23100.15
2026-09-24 13:56:06,22900,4573985,4805840,43111120,71.25,2026-09-29,23078.40
2026-09-24 14:01:06,22900,4523480,4805840,45491225,75.80,2026-09-29,23072.60
2026-09-24 14:06:07,22900,4838730,4805840,47511555,72.95,2026-09-29,23065.45
2026-09-24 14:11:06,22900,4874415,4805840,48401535,72.40,2026-09-29,23073.05
2026-09-24 14:16:06,22900,4979130,4805840,49272860,70.55,2026-09-29,23077.45
2026-09-24 14:21:07,22900,5244395,4805840,50151010,74.45,2026-09-29,23065.55
2026-09-24 09:21:06,22900,464750,458445,280020,55.15,2026-10-06,23228.25
2026-09-24 09:26:07,22900,463580,458445,372385,51.65,2026-10-06,23239.10
2026-09-24 09:31:08,22900,478205,458445,442715,50.65,2026-10-06,23259.00
2026-09-24 09:36:07,22900,478855,458445,474435,49.70,2026-10-06,23265.90
2026-09-24 09:41:07,22900,476320,458445,519155,55.55,2026-10-06,23240.80
2026-09-24 09:46:06,22900,473590,458445,608270,58.65,2026-10-06,23229.95
2026-09-24 09:51:06,22900,470730,458445,656695,58.00,2026-10-06,23233.75
2026-09-24 09:56:07,22900,484315,458445,702195,61.90,2026-10-06,23213.85
2026-09-24 10:01:07,22900,483405,458445,747110,58.40,2026-10-06,23230.55
2026-09-24 10:06:06,22900,488345,458445,777400,55.60,2026-10-06,23232.95
2026-09-24 10:11:06,22900,487435,458445,806390,55.85,2026-10-06,23228.70
2026-09-24 10:16:07,22900,492375,458445,827450,59.75,2026-10-06,23218.70
2026-09-24 10:21:07,22900,496860,458445,859560,59.20,2026-10-06,23216.35
2026-09-24 10:26:07,22900,499135,458445,889135,62.65,2026-10-06,23204.05
2026-09-24 10:31:06,22900,503425,458445,913835,59.90,2026-10-06,23212.70
2026-09-24 10:36:07,22900,828295,458445,1349595,56.30,2026-10-06,23220.60
2026-09-24 10:41:07,22900,722085,458445,1525485,56.75,2026-10-06,23221.15
2026-09-24 10:46:07,22900,731315,458445,1560715,56.80,2026-10-06,23220.65
2026-09-24 10:51:07,22900,730535,458445,1582035,54.15,2026-10-06,23233.60
2026-09-24 10:56:06,22900,729885,458445,1606735,51.70,2026-10-06,23239.20
2026-09-24 11:01:06,22900,731575,458445,1614925,52.90,2026-10-06,23233.70
2026-09-24 11:06:07,22900,739375,458445,1636115,56.15,2026-10-06,23222.55
2026-09-24 11:11:07,22900,737165,458445,1657370,55.10,2026-10-06,23225.20
2026-09-24 11:16:07,22900,740740,458445,1692015,57.50,2026-10-06,23225.25
2026-09-24 11:21:06,22900,742300,458445,1713855,55.60,2026-10-06,23229.15
2026-09-24 11:26:07,22900,743275,458445,1733095,59.95,2026-10-06,23216.00
2026-09-24 11:31:07,22900,744575,458445,1744600,60.30,2026-10-06,23216.15
2026-09-24 11:36:07,22900,744315,458445,1762020,60.90,2026-10-06,23209.65
2026-09-24 11:41:07,22900,746395,458445,1773655,58.30,2026-10-06,23208.95
2026-09-24 11:46:07,22900,747890,458445,1782495,58.15,2026-10-06,23210.10
2026-09-24 11:51:05,22900,748410,458445,1788280,59.70,2026-10-06,23206.75
2026-09-24 11:56:06,22900,748605,458445,1805830,61.15,2026-10-06,23198.40
2026-09-24 12:01:06,22900,750360,458445,1843400,62.70,2026-10-06,23196.85
2026-09-24 12:06:07,22900,749840,458445,1858935,59.65,2026-10-06,23209.80
2026-09-24 12:11:05,22900,749320,458445,1880710,60.35,2026-10-06,23206.90
2026-09-24 12:16:07,22900,752635,458445,1907620,61.20,2026-10-06,23200.30
2026-09-24 12:21:07,22900,755495,458445,1916330,61.30,2026-10-06,23198.65
2026-09-24 12:26:06,22900,756015,458445,1957020,67.05,2026-10-06,23175.75
2026-09-24 12:36:08,22900,631540,458445,2328950,72.95,2026-10-06,23172.45
2026-09-24 12:41:08,22900,611390,458445,2364765,67.45,2026-10-06,23179.50
2026-09-24 12:46:08,22900,609895,458445,2397265,72.15,2026-10-06,23171.10
2026-09-24 12:51:08,22900,600925,458445,2415530,70.05,2026-10-06,23178.25
2026-09-24 12:56:08,22900,600015,458445,2458235,72.40,2026-10-06,23167.90
2026-09-24 13:01:08,22900,595660,458445,2473380,71.45,2026-10-06,23167.70
2026-09-24 13:06:07,22900,588900,458445,2502240,66.75,2026-10-06,23182.45
2026-09-24 13:11:08,22900,584480,458445,2537080,68.50,2026-10-06,23177.20
2026-09-24 13:16:08,22900,585130,458445,2548975,67.00,2026-10-06,23185.00
2026-09-24 13:21:07,22900,588965,458445,2556255,68.50,2026-10-06,23178.10
2026-09-24 13:26:06,22900,589420,458445,2565355,72.30,2026-10-06,23167.35
2026-09-24 13:31:07,22900,589420,458445,2679430,81.35,2026-10-06,23152.05
2026-09-24 13:36:06,22900,587730,458445,2703415,81.50,2026-10-06,23151.60
2026-09-24 13:41:05,22900,586885,458445,2735915,88.45,2026-10-06,23135.95
2026-09-24 13:46:07,22900,566995,458445,2863835,115.75,2026-10-06,23087.20
2026-09-24 13:51:06,22900,552825,458445,2995005,112.90,2026-10-06,23099.90
2026-09-24 13:56:06,22900,529945,458445,3110120,126.05,2026-10-06,23078.00
2026-09-24 14:01:06,22900,526890,458445,3214900,129.40,2026-10-06,23073.25
2026-09-24 14:06:07,22900,514735,458445,3305770,127.30,2026-10-06,23066.10
2026-09-24 14:11:07,22900,510510,458445,3345485,126.00,2026-10-06,23073.60
2026-09-24 14:16:08,22900,514605,458445,3367065,125.25,2026-10-06,23077.10
2026-09-24 14:21:08,22900,517075,458445,3396315,131.05,2026-10-06,23065.05
2026-09-24 09:21:06,22900,30615,32825,19825,87.50,2026-10-13,23227.45
2026-09-24 09:26:07,22900,30420,32825,24960,84.50,2026-10-13,23238.65
2026-09-24 09:31:08,22900,32305,32825,29185,83.35,2026-10-13,23259.10
2026-09-24 09:36:07,22900,32955,32825,30095,81.30,2026-10-13,23266.10
2026-09-24 09:41:07,22900,32825,32825,30550,89.95,2026-10-13,23241.25
2026-09-24 09:46:06,22900,34905,32825,34970,92.85,2026-10-13,23230.10
2026-09-24 09:51:07,22900,37570,32825,38675,91.65,2026-10-13,23234.60
2026-09-24 09:56:08,22900,38415,32825,39260,94.70,2026-10-13,23214.30
2026-09-24 10:01:07,22900,38675,32825,41535,91.85,2026-10-13,23230.20
2026-09-24 10:06:07,22900,40430,32825,46345,88.90,2026-10-13,23232.65
2026-09-24 10:11:07,22900,40755,32825,47320,85.25,2026-10-13,23228.60
2026-09-24 10:16:07,22900,40625,32825,49725,93.60,2026-10-13,23217.60
2026-09-24 10:21:07,22900,40170,32825,53430,91.45,2026-10-13,23216.80
2026-09-24 10:26:08,22900,40560,32825,54795,94.35,2026-10-13,23203.85
2026-09-24 10:31:07,22900,40885,32825,56420,93.75,2026-10-13,23213.05
2026-09-24 10:36:08,22900,39845,32825,60320,89.80,2026-10-13,23220.55
2026-09-24 10:41:07,22900,39845,32825,60840,90.00,2026-10-13,23221.10
2026-09-24 10:46:07,22900,40040,32825,61100,91.00,2026-10-13,23220.55
2026-09-24 10:51:08,22900,39845,32825,63440,88.00,2026-10-13,23233.90
2026-09-24 10:56:07,22900,40300,32825,64545,84.60,2026-10-13,23237.95
2026-09-24 11:01:07,22900,40625,32825,65130,83.85,2026-10-13,23234.55
2026-09-24 11:06:07,22900,41015,32825,65455,87.20,2026-10-13,23222.15
2026-09-24 11:11:07,22900,40950,32825,68380,88.35,2026-10-13,23225.15
2026-09-24 11:16:08,22900,41340,32825,69485,92.45,2026-10-13,23225.70
2026-09-24 11:21:07,22900,41730,32825,70265,86.30,2026-10-13,23229.45
2026-09-24 11:26:08,22900,42185,32825,71305,94.80,2026-10-13,23216.25
2026-09-24 11:31:08,22900,42315,32825,71825,91.25,2026-10-13,23216.00
2026-09-24 11:36:07,22900,42640,32825,72735,95.00,2026-10-13,23210.65
2026-09-24 11:41:08,22900,42575,32825,72800,94.45,2026-10-13,23210.40
2026-09-24 11:46:08,22900,42640,32825,72995,91.65,2026-10-13,23210.45
2026-09-24 11:51:06,22900,42510,32825,73385,92.35,2026-10-13,23205.75
2026-09-24 11:56:07,22900,42640,32825,73905,94.05,2026-10-13,23198.30
2026-09-24 12:01:07,22900,42640,32825,74945,97.25,2026-10-13,23196.80
2026-09-24 12:06:08,22900,43030,32825,76245,94.30,2026-10-13,23209.50
2026-09-24 12:11:06,22900,43355,32825,76700,95.30,2026-10-13,23207.20
2026-09-24 12:16:08,22900,43225,32825,77220,94.80,2026-10-13,23200.80
2026-09-24 12:21:08,22900,44460,32825,79365,93.90,2026-10-13,23199.15
2026-09-24 12:26:07,22900,44590,32825,80730,101.00,2026-10-13,23175.00
2026-09-24 12:36:08,22900,45435,32825,82680,108.25,2026-10-13,23172.95
2026-09-24 12:41:08,22900,45500,32825,86905,103.10,2026-10-13,23178.80
2026-09-24 12:46:09,22900,45630,32825,87035,106.00,2026-10-13,23171.55
2026-09-24 12:51:08,22900,45500,32825,99905,106.35,2026-10-13,23178.45
2026-09-24 12:56:08,22900,51350,32825,101205,109.00,2026-10-13,23167.75
2026-09-24 13:01:08,22900,51610,32825,101530,107.85,2026-10-13,23167.55
2026-09-24 13:06:08,22900,52000,32825,102765,101.35,2026-10-13,23182.50
2026-09-24 13:11:08,22900,51935,32825,105560,101.70,2026-10-13,23177.65
2026-09-24 13:16:09,22900,52390,32825,106145,102.70,2026-10-13,23184.40
2026-09-24 13:21:08,22900,52390,32825,107055,103.65,2026-10-13,23178.05
2026-09-24 13:26:07,22900,52130,32825,107575,107.85,2026-10-13,23167.25
2026-09-24 13:31:07,22900,51480,32825,116480,118.95,2026-10-13,23151.50
2026-09-24 13:36:06,22900,52780,32825,118365,119.00,2026-10-13,23151.15
2026-09-24 13:41:05,22900,53105,32825,119340,127.00,2026-10-13,23136.40
2026-09-24 13:46:07,22900,53755,32825,122005,154.10,2026-10-13,23088.25
2026-09-24 13:51:06,22900,54600,32825,135265,154.00,2026-10-13,23100.00
2026-09-24 13:56:07,22900,52585,32825,141570,165.90,2026-10-13,23077.75
2026-09-24 14:01:08,22900,51610,32825,151385,172.60,2026-10-13,23075.55
2026-09-24 14:06:08,22900,53300,32825,156130,172.15,2026-10-13,23066.40
2026-09-24 14:11:08,22900,53820,32825,156650,167.30,2026-10-13,23073.90
2026-09-24 14:16:09,22900,53560,32825,166270,165.25,2026-10-13,23078.20
2026-09-24 14:21:08,22900,53495,32825,170755,172.90,2026-10-13,23064.10
2026-09-24 09:21:05,23000,11311415,12675765,11560250,36.70,2026-09-29,23228.00
2026-09-24 09:26:06,23000,11280735,12675765,14100775,34.35,2026-09-29,23239.80
2026-09-24 09:31:07,23000,11332995,12675765,16293290,32.65,2026-09-29,23258.60
2026-09-24 09:36:06,23000,11309985,12675765,17592640,32.10,2026-09-29,23266.40
2026-09-24 09:41:06,23000,11318370,12675765,19657170,37.20,2026-09-29,23241.75
2026-09-24 09:46:05,23000,11367965,12675765,22411545,39.05,2026-09-29,23230.85
2026-09-24 09:51:06,23000,11299195,12675765,24567660,38.50,2026-09-29,23233.00
2026-09-24 09:56:07,23000,11340730,12675765,26062205,42.95,2026-09-29,23213.70
2026-09-24 10:01:06,23000,11295100,12675765,27683890,39.05,2026-09-29,23229.80
2026-09-24 10:06:06,23000,11329435,12675765,28961010,37.10,2026-09-29,23233.00
2026-09-24 10:11:06,23000,11486865,12675765,30226105,37.05,2026-09-29,23229.25
2026-09-24 10:16:06,23000,11425960,12675765,31814055,39.95,2026-09-29,23218.55
2026-09-24 10:21:06,23000,11757070,12675765,33673055,39.45,2026-09-29,23216.00
2026-09-24 10:26:07,23000,11418745,12675765,35462115,42.90,2026-09-29,23204.10
2026-09-24 10:31:06,23000,11424010,12675765,36565360,39.95,2026-09-29,23213.25
2026-09-24 10:36:07,23000,11496030,12675765,37872835,37.55,2026-09-29,23220.25
2026-09-24 10:41:06,23000,11603800,12675765,39040430,37.80,2026-09-29,23220.25
2026-09-24 10:46:06,23000,11488750,12675765,40349920,38.10,2026-09-29,23220.75
2026-09-24 10:51:07,23000,11597885,12675765,40991600,35.10,2026-09-29,23234.45
2026-09-24 10:56:06,23000,11716575,12675765,42177720,33.50,2026-09-29,23238.30
2026-09-24 11:01:06,23000,11699805,12675765,42990805,34.35,2026-09-29,23234.40
2026-09-24 11:06:06,23000,11664575,12675765,43959045,36.45,2026-09-29,23222.45
2026-09-24 11:11:06,23000,11547965,12675765,44980585,35.85,2026-09-29,23225.00
2026-09-24 11:16:06,23000,11411205,12675765,46379255,37.75,2026-09-29,23226.10
2026-09-24 11:21:06,23000,11501490,12675765,47363550,36.05,2026-09-29,23229.45
2026-09-24 11:26:07,23000,11389365,12675765,48569040,40.80,2026-09-29,23216.10
2026-09-24 11:31:07,23000,11360505,12675765,49467275,40.30,2026-09-29,23216.20
2026-09-24 11:36:06,23000,11281205,12675765,50779885,41.15,2026-09-29,23209.70
2026-09-24 11:41:07,23000,11327550,12675765,51791870,39.55,2026-09-29,23208.95
2026-09-24 11:46:07,23000,11553750,12675765,52592930,39.05,2026-09-29,23210.35
2026-09-24 11:51:05,23000,11510200,12675765,53365065,40.90,2026-09-29,23207.60
2026-09-24 11:56:06,23000,11556480,12675765,54511080,41.75,2026-09-29,23198.85
2026-09-24 12:01:06,23000,11457030,12675765,57177705,42.60,2026-09-29,23196.80
2026-09-24 12:06:07,23000,11476920,12675765,58467955,39.00,2026-09-29,23209.50
2026-09-24 12:11:05,23000,11517220,12675765,59112365,39.80,2026-09-29,23207.00
2026-09-24 12:16:07,23000,11604970,12675765,59971795,41.00,2026-09-29,23199.90
2026-09-24 12:21:06,23000,11647935,12675765,60707595,40.70,2026-09-29,23198.65
2026-09-24 12:26:06,23000,11689665,12675765,62133630,46.45,2026-09-29,23175.90
2026-09-24 12:36:07,23000,11519225,12675765,66369160,51.20,2026-09-29,23171.75
2026-09-24 12:41:07,23000,11280740,12675765,67927795,45.75,2026-09-29,23179.45
2026-09-24 12:46:08,23000,11312590,12675765,69195035,49.25,2026-09-29,23172.05
2026-09-24 12:51:07,23000,11364005,12675765,70500820,48.50,2026-09-29,23178.35
2026-09-24 12:56:07,23000,11366475,12675765,71567990,50.65,2026-09-29,23168.05
2026-09-24 13:01:07,23000,11386300,12675765,72415200,48.80,2026-09-29,23168.55
2026-09-24 13:06:07,23000,11452275,12675765,73919300,44.65,2026-09-29,23182.55
2026-09-24 13:11:07,23000,11558940,12675765,75039835,46.00,2026-09-29,23177.80
2026-09-24 13:16:07,23000,11529300,12675765,76011065,44.75,2026-09-29,23185.50
2026-09-24 13:21:06,23000,11546070,12675765,76540230,45.95,2026-09-29,23178.25
2026-09-24 13:26:06,23000,11546265,12675765,77347335,50.35,2026-09-29,23167.05
2026-09-24 13:31:06,23000,11034635,12675765,82546230,59.75,2026-09-29,23151.70
2026-09-24 13:36:05,23000,11011040,12675765,84355635,59.65,2026-09-29,23151.50
2026-09-24 13:41:04,23000,11113480,12675765,86689330,66.40,2026-09-29,23136.10
2026-09-24 13:46:06,23000,10883510,12675765,91804895,96.40,2026-09-29,23086.45
2026-09-24 13:51:05,23000,10883705,12675765,97321770,90.95,2026-09-29,23100.15
2026-09-24 13:56:06,23000,10798685,12675765,101851360,101.90,2026-09-29,23078.40
2026-09-24 14:01:06,23000,10598630,12675765,107039725,108.00,2026-09-29,23072.60
2026-09-24 14:06:07,23000,10899875,12675765,111430020,104.25,2026-09-29,23065.45
2026-09-24 14:11:06,23000,11356760,12675765,113954815,103.25,2026-09-29,23073.05
2026-09-24 14:16:06,23000,11834640,12675765,116462905,101.20,2026-09-29,23077.45
2026-09-24 14:21:07,23000,12194090,12675765,118545895,106.45,2026-09-29,23065.55
2026-09-24 09:21:06,23000,1136525,1275560,715260,75.35,2026-10-06,23228.25
2026-09-24 09:26:07,23000,1158625,1275560,883155,71.15,2026-10-06,23239.10
2026-09-24 09:31:08,23000,1152125,1275560,1018875,69.45,2026-10-06,23259.00
2026-09-24 09:36:07,23000,1158430,1275560,1112150,68.55,2026-10-06,23265.90
2026-09-24 09:41:07,23000,1176370,1275560,1258985,75.60,2026-10-06,23240.80
2026-09-24 09:46:06,23000,1153360,1275560,1399905,79.65,2026-10-06,23229.95
2026-09-24 09:51:06,23000,1164410,1275560,1498380,79.05,2026-10-06,23233.75
2026-09-24 09:56:07,23000,1165255,1275560,1568515,84.00,2026-10-06,23213.85
2026-09-24 10:01:07,23000,1161225,1275560,1617070,79.00,2026-10-06,23230.55
2026-09-24 10:06:06,23000,1153035,1275560,1671215,76.55,2026-10-06,23232.95
2026-09-24 10:11:06,23000,1133665,1275560,1768455,76.80,2026-10-06,23228.70
2026-09-24 10:16:07,23000,1165385,1275560,1821950,81.55,2026-10-06,23218.70
2026-09-24 10:21:07,23000,1160640,1275560,1896440,80.65,2026-10-06,23216.35
2026-09-24 10:26:07,23000,1170325,1275560,1983995,85.30,2026-10-06,23204.05
2026-09-24 10:31:06,23000,1167595,1275560,2036645,82.05,2026-10-06,23212.70
2026-09-24 10:36:07,23000,1167140,1275560,2105675,77.85,2026-10-06,23220.60
2026-09-24 10:41:07,23000,1169935,1275560,2148835,78.00,2026-10-06,23221.15
2026-09-24 10:46:07,23000,1175915,1275560,2182050,78.00,2026-10-06,23220.65
2026-09-24 10:51:07,23000,1176175,1275560,2222220,74.50,2026-10-06,23233.60
2026-09-24 10:56:06,23000,1200745,1275560,2293330,71.20,2026-10-06,23239.20
2026-09-24 11:01:06,23000,1199185,1275560,2316340,72.85,2026-10-06,23233.70
2026-09-24 11:06:07,23000,1193920,1275560,2339220,76.85,2026-10-06,23222.55
2026-09-24 11:11:07,23000,1195155,1275560,2357680,76.00,2026-10-06,23225.20
2026-09-24 11:16:07,23000,1192750,1275560,2390960,78.95,2026-10-06,23225.25
2026-09-24 11:21:06,23000,1194635,1275560,2423525,76.00,2026-10-06,23229.15
2026-09-24 11:26:07,23000,1193790,1275560,2456610,82.10,2026-10-06,23216.00
2026-09-24 11:31:07,23000,1199575,1275560,2471690,82.35,2026-10-06,23216.15
2026-09-24 11:36:07,23000,1203085,1275560,2515175,83.65,2026-10-06,23209.65
2026-09-24 11:41:07,23000,1201330,1275560,2569970,80.55,2026-10-06,23208.95
2026-09-24 11:46:07,23000,1206920,1275560,2585635,79.80,2026-10-06,23210.10
2026-09-24 11:51:05,23000,1195740,1275560,2616185,81.80,2026-10-06,23206.75
2026-09-24 11:56:06,23000,1200160,1275560,2664545,83.50,2026-10-06,23198.40
2026-09-24 12:01:06,23000,1209195,1275560,2760680,85.35,2026-10-06,23196.85
2026-09-24 12:06:07,23000,1205750,1275560,2791685,81.00,2026-10-06,23209.80
2026-09-24 12:11:05,23000,1205360,1275560,2824835,82.40,2026-10-06,23206.90
2026-09-24 12:16:07,23000,1212315,1275560,2847065,83.40,2026-10-06,23200.30
2026-09-24 12:21:07,23000,1215825,1275560,2861950,83.30,2026-10-06,23198.65
2026-09-24 12:26:06,23000,1221090,1275560,2907515,90.50,2026-10-06,23175.75
2026-09-24 12:36:08,23000,1233115,1275560,3160235,97.95,2026-10-06,23172.45
2026-09-24 12:41:08,23000,1214005,1275560,3206515,91.35,2026-10-06,23179.50
2026-09-24 12:46:08,23000,1219270,1275560,3259490,95.05,2026-10-06,23171.10
2026-09-24 12:51:08,23000,1231555,1275560,3328130,94.00,2026-10-06,23178.25
2026-09-24 12:56:08,23000,1238380,1275560,3361020,97.45,2026-10-06,23167.90
2026-09-24 13:01:08,23000,1242215,1275560,3402165,96.00,2026-10-06,23167.70
2026-09-24 13:06:07,23000,1230060,1275560,3483220,90.55,2026-10-06,23182.45
2026-09-24 13:11:08,23000,1229410,1275560,3520465,92.00,2026-10-06,23177.20
2026-09-24 13:16:08,23000,1240135,1275560,3557840,90.70,2026-10-06,23185.00
2026-09-24 13:21:07,23000,1241110,1275560,3579550,92.40,2026-10-06,23178.10
2026-09-24 13:26:06,23000,1247675,1275560,3611010,97.75,2026-10-06,23167.35
2026-09-24 13:31:07,23000,1230125,1275560,3882645,109.00,2026-10-06,23152.05
2026-09-24 13:36:06,23000,1202110,1275560,3978065,108.25,2026-10-06,23151.60
2026-09-24 13:41:05,23000,1194700,1275560,4073160,117.00,2026-10-06,23135.95
2026-09-24 13:46:07,23000,1177085,1275560,4292275,148.85,2026-10-06,23087.20
2026-09-24 13:51:06,23000,1163500,1275560,4643860,146.05,2026-10-06,23099.90
2026-09-24 13:56:06,23000,1149460,1275560,4824625,159.70,2026-10-06,23078.00
2026-09-24 14:01:06,23000,1150045,1275560,5043480,164.00,2026-10-06,23073.25
2026-09-24 14:06:07,23000,1199770,1275560,5275725,161.95,2026-10-06,23066.10
2026-09-24 14:11:07,23000,1242215,1275560,5447780,161.00,2026-10-06,23073.60
2026-09-24 14:16:08,23000,1261390,1275560,5556655,159.05,2026-10-06,23077.10
2026-09-24 14:21:08,23000,1290575,1275560,5658380,166.80,2026-10-06,23065.05
2026-09-24 09:21:06,23000,169520,157690,127725,109.00,2026-10-13,23227.45
2026-09-24 09:26:07,23000,201565,157690,161850,104.85,2026-10-13,23238.65
2026-09-24 09:31:08,23000,205660,157690,178165,104.45,2026-10-13,23259.10
2026-09-24 09:36:07,23000,204555,157690,191815,103.35,2026-10-13,23266.10
2026-09-24 09:41:07,23000,202605,157690,202735,111.25,2026-10-13,23241.25
2026-09-24 09:46:06,23000,203060,157690,216840,116.05,2026-10-13,23230.10
2026-09-24 09:51:07,23000,198965,157690,230620,116.30,2026-10-13,23234.60
2026-09-24 09:56:08,23000,195845,157690,245245,120.45,2026-10-13,23214.30
2026-09-24 10:01:07,23000,194870,157690,251030,114.75,2026-10-13,23230.20
2026-09-24 10:06:07,23000,195975,157690,272480,113.00,2026-10-13,23232.65
2026-09-24 10:11:07,23000,193570,157690,277030,109.00,2026-10-13,23228.60
2026-09-24 10:16:07,23000,196040,157690,285285,117.00,2026-10-13,23217.60
2026-09-24 10:21:07,23000,205075,157690,302250,115.80,2026-10-13,23216.80
2026-09-24 10:26:08,23000,205660,157690,315380,121.00,2026-10-13,23203.85
2026-09-24 10:31:07,23000,207090,157690,321620,117.75,2026-10-13,23213.05
2026-09-24 10:36:08,23000,206180,157690,329875,113.25,2026-10-13,23220.55
2026-09-24 10:41:07,23000,206310,157690,340340,113.95,2026-10-13,23221.10
2026-09-24 10:46:07,23000,207090,157690,348335,114.30,2026-10-13,23220.55
2026-09-24 10:51:08,23000,207675,157690,351910,111.00,2026-10-13,23233.90
2026-09-24 10:56:07,23000,204425,157690,360620,106.00,2026-10-13,23237.95
2026-09-24 11:01:07,23000,204880,157690,367250,107.35,2026-10-13,23234.55
2026-09-24 11:06:07,23000,204620,157690,369525,111.65,2026-10-13,23222.15
2026-09-24 11:11:07,23000,204685,157690,372840,111.05,2026-10-13,23225.15
2026-09-24 11:16:08,23000,204425,157690,380705,114.50,2026-10-13,23225.70
2026-09-24 11:21:07,23000,203905,157690,384735,110.70,2026-10-13,23229.45
2026-09-24 11:26:08,23000,202735,157690,389415,118.25,2026-10-13,23216.25
2026-09-24 11:31:08,23000,202345,157690,391690,117.45,2026-10-13,23216.00
2026-09-24 11:36:07,23000,201500,157690,399295,119.55,2026-10-13,23210.65
2026-09-24 11:41:08,23000,202150,157690,402155,116.40,2026-10-13,23210.40
2026-09-24 11:46:08,23000,202475,157690,403000,115.50,2026-10-13,23210.45
2026-09-24 11:51:06,23000,202800,157690,405535,117.60,2026-10-13,23205.75
2026-09-24 11:56:07,23000,202670,157690,410085,117.85,2026-10-13,23198.30
2026-09-24 12:01:07,23000,203905,157690,419380,122.00,2026-10-13,23196.80
2026-09-24 12:06:08,23000,204685,157690,425035,116.20,2026-10-13,23209.50
2026-09-24 12:11:06,23000,205270,157690,427180,118.25,2026-10-13,23207.20
2026-09-24 12:16:08,23000,204815,157690,428025,118.95,2026-10-13,23200.80
2026-09-24 12:21:08,23000,205400,157690,431275,118.30,2026-10-13,23199.15
2026-09-24 12:26:07,23000,207155,157690,432575,127.45,2026-10-13,23175.00
2026-09-24 12:36:08,23000,206830,157690,463450,134.90,2026-10-13,23172.95
2026-09-24 12:41:08,23000,203255,157690,477815,128.95,2026-10-13,23178.80
2026-09-24 12:46:09,23000,203385,157690,480415,133.50,2026-10-13,23171.55
2026-09-24 12:51:08,23000,203905,157690,484900,132.10,2026-10-13,23178.45
2026-09-24 12:56:08,23000,204035,157690,497185,136.60,2026-10-13,23167.75
2026-09-24 13:01:08,23000,204035,157690,500630,135.25,2026-10-13,23167.55
2026-09-24 13:06:08,23000,203970,157690,504400,127.35,2026-10-13,23182.50
2026-09-24 13:11:08,23000,204230,157690,505570,130.20,2026-10-13,23177.65
2026-09-24 13:16:09,23000,205010,157690,507130,128.45,2026-10-13,23184.40
2026-09-24 13:21:08,23000,205140,157690,508950,131.20,2026-10-13,23178.05
2026-09-24 13:26:07,23000,205335,157690,510510,136.75,2026-10-13,23167.25
2026-09-24 13:31:07,23000,200460,157690,539110,148.10,2026-10-13,23151.50
2026-09-24 13:36:06,23000,201305,157690,546260,148.50,2026-10-13,23151.15
2026-09-24 13:41:05,23000,201175,157690,561860,156.00,2026-10-13,23136.40
2026-09-24 13:46:07,23000,197405,157690,587990,188.85,2026-10-13,23088.25
2026-09-24 13:51:06,23000,190840,157690,627055,185.35,2026-10-13,23100.00
2026-09-24 13:56:07,23000,185770,157690,642395,200.00,2026-10-13,23077.75
2026-09-24 14:01:08,23000,186680,157690,672360,207.70,2026-10-13,23075.55
2026-09-24 14:06:08,23000,186940,157690,686920,203.50,2026-10-13,23066.40
2026-09-24 14:11:08,23000,188500,157690,708110,202.80,2026-10-13,23073.90
2026-09-24 14:16:09,23000,192010,157690,718315,201.05,2026-10-13,23078.20
2026-09-24 14:21:08,23000,193310,157690,724880,208.25,2026-10-13,23064.10
2026-09-24 09:21:05,23100,4174560,3933930,6384885,58.30,2026-09-29,23228.00
2026-09-24 09:26:06,23100,4224220,3933930,8631870,55.10,2026-09-29,23239.80
2026-09-24 09:31:07,23100,4243850,3933930,9870120,52.50,2026-09-29,23258.60
2026-09-24 09:36:06,23100,4531085,3933930,11533665,52.10,2026-09-29,23266.40
2026-09-24 09:41:06,23100,4821830,3933930,13488345,59.40,2026-09-29,23241.75
2026-09-24 09:46:05,23100,4743375,3933930,15967770,62.10,2026-09-29,23230.85
2026-09-24 09:51:06,23100,4716920,3933930,17808635,61.25,2026-09-29,23233.00
2026-09-24 09:56:07,23100,4866810,3933930,19357195,67.80,2026-09-29,23213.70
2026-09-24 10:01:06,23100,4858815,3933930,20394855,61.80,2026-09-29,23229.80
2026-09-24 10:06:06,23100,4920305,3933930,21637070,59.05,2026-09-29,23233.00
2026-09-24 10:11:06,23100,4981015,3933930,22777755,59.40,2026-09-29,23229.25
2026-09-24 10:16:06,23100,4973670,3933930,24072880,64.10,2026-09-29,23218.55
2026-09-24 10:21:06,23100,4998110,3933930,25236835,63.40,2026-09-29,23216.00
2026-09-24 10:26:07,23100,5002335,3933930,26841100,68.15,2026-09-29,23204.10
2026-09-24 10:31:06,23100,5138445,3933930,27924910,63.85,2026-09-29,23213.25
2026-09-24 10:36:07,23100,5222295,3933930,29139240,60.30,2026-09-29,23220.25
2026-09-24 10:41:06,23100,5286515,3933930,30229940,60.55,2026-09-29,23220.25
2026-09-24 10:46:06,23100,5300685,3933930,31217160,61.00,2026-09-29,23220.75
2026-09-24 10:51:07,23100,5331040,3933930,31761340,56.45,2026-09-29,23234.45
2026-09-24 10:56:06,23100,5426135,3933930,32851325,54.05,2026-09-29,23238.30
2026-09-24 11:01:06,23100,5431205,3933930,33533500,55.15,2026-09-29,23234.40
2026-09-24 11:06:06,23100,5513170,3933930,34467485,58.85,2026-09-29,23222.45
2026-09-24 11:11:06,23100,5518760,3933930,35390680,57.65,2026-09-29,23225.00
2026-09-24 11:16:06,23100,5313230,3933930,36807420,61.00,2026-09-29,23226.10
2026-09-24 11:21:06,23100,5361070,3933930,38006735,58.15,2026-09-29,23229.45
2026-09-24 11:26:07,23100,5314140,3933930,39272025,65.50,2026-09-29,23216.10
2026-09-24 11:31:07,23100,5342740,3933930,40109810,64.70,2026-09-29,23216.20
2026-09-24 11:36:06,23100,5284630,3933930,41468635,65.70,2026-09-29,23209.70
2026-09-24 11:41:07,23100,5307315,3933930,42232255,63.50,2026-09-29,23208.95
2026-09-24 11:46:07,23100,5332990,3933930,42722160,62.65,2026-09-29,23210.35
2026-09-24 11:51:05,23100,5373680,3933930,43214145,65.25,2026-09-29,23207.60
2026-09-24 11:56:06,23100,5329415,3933930,44314660,66.55,2026-09-29,23198.85
2026-09-24 12:01:06,23100,5110235,3933930,46772765,67.85,2026-09-29,23196.80
2026-09-24 12:06:07,23100,5033535,3933930,48171500,63.00,2026-09-29,23209.50
2026-09-24 12:11:05,23100,5129345,3933930,48739210,63.85,2026-09-29,23207.00
2026-09-24 12:16:07,23100,5178355,3933930,49581025,65.55,2026-09-29,23199.90
2026-09-24 12:21:06,23100,5195125,3933930,50172655,65.30,2026-09-29,23198.65
2026-09-24 12:26:06,23100,5058430,3933930,51446070,73.80,2026-09-29,23175.90
2026-09-24 12:36:07,23100,4859465,3933930,55417570,80.05,2026-09-29,23171.75
2026-09-24 12:41:07,23100,4950335,3933930,56717310,72.30,2026-09-29,23179.45
2026-09-24 12:46:08,23100,4991610,3933930,57848505,76.60,2026-09-29,23172.05
2026-09-24 12:51:07,23100,4993170,3933930,59056985,76.15,2026-09-29,23178.35
2026-09-24 12:56:07,23100,5206045,3933930,60542690,79.20,2026-09-29,23168.05
2026-09-24 13:01:07,23100,5397730,3933930,61483045,76.45,2026-09-29,23168.55
2026-09-24 13:06:07,23100,5390125,3933930,62945675,70.95,2026-09-29,23182.55
2026-09-24 13:11:07,23100,5495750,3933930,64113920,72.80,2026-09-29,23177.80
2026-09-24 13:16:07,23100,5545930,3933930,65061815,70.50,2026-09-29,23185.50
2026-09-24 13:21:06,23100,5549180,3933930,65644085,72.80,2026-09-29,23178.25
2026-09-24 13:26:06,23100,5546450,3933930,66720030,78.70,2026-09-29,23167.05
2026-09-24 13:31:06,23100,5304390,3933930,71650670,91.30,2026-09-29,23151.70
2026-09-24 13:36:05,23100,5459610,3933930,73429200,91.30,2026-09-29,23151.50
2026-09-24 13:41:04,23100,5456100,3933930,76030500,100.05,2026-09-29,23136.10
2026-09-24 13:46:06,23100,5169710,3933930,81847285,136.50,2026-09-29,23086.45
2026-09-24 13:51:05,23100,5618405,3933930,87130030,129.75,2026-09-29,23100.15
2026-09-24 13:56:06,23100,5991375,3933930,91405015,143.35,2026-09-29,23078.40
2026-09-24 14:01:06,23100,5928130,3933930,96016050,150.35,2026-09-29,23072.60
2026-09-24 14:06:07,23100,6087315,3933930,99852610,147.00,2026-09-29,23065.45
2026-09-24 14:11:06,23100,6123780,3933930,101722595,145.00,2026-09-29,23073.05
2026-09-24 14:16:06,23100,6240195,3933930,103045280,142.20,2026-09-29,23077.45
2026-09-24 14:21:07,23100,6379165,3933930,104540800,149.05,2026-09-29,23065.55
2026-09-24 09:21:06,23100,565305,575510,372905,101.00,2026-10-06,23228.25
2026-09-24 09:26:07,23100,581620,575510,447655,96.25,2026-10-06,23239.10
2026-09-24 09:31:08,23100,514410,575510,600795,94.65,2026-10-06,23259.00
2026-09-24 09:36:07,23100,522210,575510,679380,94.10,2026-10-06,23265.90
2026-09-24 09:41:07,23100,517140,575510,762060,102.90,2026-10-06,23240.80
2026-09-24 09:46:06,23100,515905,575510,882960,108.05,2026-10-06,23229.95
2026-09-24 09:51:06,23100,496340,575510,945555,107.35,2026-10-06,23233.75
2026-09-24 09:56:07,23100,495105,575510,980135,114.00,2026-10-06,23213.85
2026-09-24 10:01:07,23100,491270,575510,1013155,107.15,2026-10-06,23230.55
2026-09-24 10:06:06,23100,492895,575510,1040065,104.90,2026-10-06,23232.95
2026-09-24 10:11:06,23100,497835,575510,1076270,104.50,2026-10-06,23228.70
2026-09-24 10:16:07,23100,502450,575510,1115075,110.40,2026-10-06,23218.70
2026-09-24 10:21:07,23100,496340,575510,1162135,109.50,2026-10-06,23216.35
2026-09-24 10:26:07,23100,498875,575510,1206855,115.05,2026-10-06,23204.05
2026-09-24 10:31:06,23100,497575,575510,1235520,111.15,2026-10-06,23212.70
2026-09-24 10:36:07,23100,501020,575510,1264900,105.80,2026-10-06,23220.60
2026-09-24 10:41:07,23100,503165,575510,1293955,105.80,2026-10-06,23221.15
2026-09-24 10:46:07,23100,500760,575510,1304420,106.40,2026-10-06,23220.65
2026-09-24 10:51:07,23100,506220,575510,1359800,101.15,2026-10-06,23233.60
2026-09-24 10:56:06,23100,518310,575510,1411280,97.60,2026-10-06,23239.20
2026-09-24 11:01:06,23100,523900,575510,1430195,100.15,2026-10-06,23233.70
2026-09-24 11:06:07,23100,522925,575510,1449045,104.80,2026-10-06,23222.55
2026-09-24 11:11:07,23100,526890,575510,1484340,103.10,2026-10-06,23225.20
2026-09-24 11:16:07,23100,514865,575510,1522495,107.30,2026-10-06,23225.25
2026-09-24 11:21:06,23100,515580,575510,1559155,104.00,2026-10-06,23229.15
2026-09-24 11:26:07,23100,514800,575510,1590680,111.15,2026-10-06,23216.00
2026-09-24 11:31:07,23100,520845,575510,1615640,111.70,2026-10-06,23216.15
2026-09-24 11:36:07,23100,522600,575510,1642745,112.40,2026-10-06,23209.65
2026-09-24 11:41:07,23100,523900,575510,1656135,109.30,2026-10-06,23208.95
2026-09-24 11:46:07,23100,525980,575510,1686165,107.80,2026-10-06,23210.10
2026-09-24 11:51:05,23100,527215,575510,1706575,110.85,2026-10-06,23206.75
2026-09-24 11:56:06,23100,526045,575510,1731665,112.60,2026-10-06,23198.40
2026-09-24 12:01:06,23100,514670,575510,1803555,115.30,2026-10-06,23196.85
2026-09-24 12:06:07,23100,515710,575510,1826565,111.05,2026-10-06,23209.80
2026-09-24 12:11:05,23100,518180,575510,1837160,111.90,2026-10-06,23206.90
2026-09-24 12:16:07,23100,516620,575510,1848925,113.20,2026-10-06,23200.30
2026-09-24 12:21:07,23100,515970,575510,1863615,110.90,2026-10-06,23198.65
2026-09-24 12:26:06,23100,515450,575510,1891305,121.55,2026-10-06,23175.75
2026-09-24 12:36:08,23100,504075,575510,2011165,130.25,2026-10-06,23172.45
2026-09-24 12:41:08,23100,494130,575510,2067780,122.35,2026-10-06,23179.50
2026-09-24 12:46:08,23100,496665,575510,2109770,127.10,2026-10-06,23171.10
2026-09-24 12:51:08,23100,508430,575510,2156050,125.70,2026-10-06,23178.25
2026-09-24 12:56:08,23100,504205,575510,2202980,130.05,2026-10-06,23167.90
2026-09-24 13:01:08,23100,504595,575510,2227095,127.55,2026-10-06,23167.70
2026-09-24 13:06:07,23100,508820,575510,2269150,121.20,2026-10-06,23182.45
2026-09-24 13:11:08,23100,504920,575510,2292355,123.50,2026-10-06,23177.20
2026-09-24 13:16:08,23100,507910,575510,2305225,121.70,2026-10-06,23185.00
2026-09-24 13:21:07,23100,509925,575510,2318875,123.65,2026-10-06,23178.10
2026-09-24 13:26:06,23100,516230,575510,2348255,130.05,2026-10-06,23167.35
2026-09-24 13:31:07,23100,516035,575510,2519140,143.00,2026-10-06,23152.05
2026-09-24 13:36:06,23100,517075,575510,2560350,144.35,2026-10-06,23151.60
2026-09-24 13:41:05,23100,534885,575510,2675530,152.25,2026-10-06,23135.95
2026-09-24 13:46:07,23100,524940,575510,2909075,189.90,2026-10-06,23087.20
2026-09-24 13:51:06,23100,533975,575510,3113305,185.00,2026-10-06,23099.90
2026-09-24 13:56:06,23100,555815,575510,3249415,201.55,2026-10-06,23078.00
2026-09-24 14:01:06,23100,608985,575510,3491865,206.20,2026-10-06,23073.25
2026-09-24 14:06:07,23100,633490,575510,3650270,204.90,2026-10-06,23066.10
2026-09-24 14:11:07,23100,639665,575510,3750565,201.90,2026-10-06,23073.60
2026-09-24 14:16:08,23100,649350,575510,3797105,200.55,2026-10-06,23077.10
2026-09-24 14:21:08,23100,666705,575510,3864380,208.90,2026-10-06,23065.05
2026-09-24 09:21:06,23100,65000,64220,25935,137.90,2026-10-13,23227.45
2026-09-24 09:26:07,23100,65455,64220,29965,132.45,2026-10-13,23238.65
2026-09-24 09:31:08,23100,64805,64220,34060,132.55,2026-10-13,23259.10
2026-09-24 09:36:07,23100,64935,64220,39065,130.65,2026-10-13,23266.10
2026-09-24 09:41:07,23100,65650,64220,44655,140.05,2026-10-13,23241.25
2026-09-24 09:46:06,23100,66040,64220,52130,145.85,2026-10-13,23230.10
2026-09-24 09:51:07,23100,67535,64220,57330,146.35,2026-10-13,23234.60
2026-09-24 09:56:08,23100,69875,64220,60515,152.75,2026-10-13,23214.30
2026-09-24 10:01:07,23100,69875,64220,61490,145.05,2026-10-13,23230.20
2026-09-24 10:06:07,23100,69095,64220,62790,144.25,2026-10-13,23232.65
2026-09-24 10:11:07,23100,69355,64220,64545,136.30,2026-10-13,23228.60
2026-09-24 10:16:07,23100,71045,64220,68055,148.65,2026-10-13,23217.60
2026-09-24 10:21:07,23100,71370,64220,69745,146.80,2026-10-13,23216.80
2026-09-24 10:26:08,23100,71370,64220,72800,152.70,2026-10-13,23203.85
2026-09-24 10:31:07,23100,72410,64220,75530,148.95,2026-10-13,23213.05
2026-09-24 10:36:08,23100,73255,64220,77350,143.10,2026-10-13,23220.55
2026-09-24 10:41:07,23100,74425,64220,80470,144.75,2026-10-13,23221.10
2026-09-24 10:46:07,23100,74490,64220,81445,145.70,2026-10-13,23220.55
2026-09-24 10:51:08,23100,73775,64220,82940,138.95,2026-10-13,23233.90
2026-09-24 10:56:07,23100,72865,64220,85085,134.15,2026-10-13,23237.95
2026-09-24 11:01:07,23100,72995,64220,86515,135.80,2026-10-13,23234.55
2026-09-24 11:06:07,23100,72735,64220,87165,138.40,2026-10-13,23222.15
2026-09-24 11:11:07,23100,73190,64220,89570,140.00,2026-10-13,23225.15
2026-09-24 11:16:08,23100,72995,64220,90610,147.00,2026-10-13,23225.70
2026-09-24 11:21:07,23100,73255,64220,90805,138.05,2026-10-13,23229.45
2026-09-24 11:26:08,23100,72995,64220,91455,148.85,2026-10-13,23216.25
2026-09-24 11:31:08,23100,72995,64220,91520,148.80,2026-10-13,23216.00
2026-09-24 11:36:07,23100,73060,64220,92495,150.00,2026-10-13,23210.65
2026-09-24 11:41:08,23100,73515,64220,92560,148.35,2026-10-13,23210.40
2026-09-24 11:46:08,23100,73125,64220,95355,146.45,2026-10-13,23210.45
2026-09-24 11:51:06,23100,73060,64220,95420,148.25,2026-10-13,23205.75
2026-09-24 11:56:07,23100,73645,64220,97630,149.15,2026-10-13,23198.30
2026-09-24 12:01:07,23100,73385,64220,98605,153.80,2026-10-13,23196.80
2026-09-24 12:06:08,23100,73580,64220,99905,149.10,2026-10-13,23209.50
2026-09-24 12:11:06,23100,73775,64220,99970,150.05,2026-10-13,23207.20
2026-09-24 12:16:08,23100,73775,64220,99970,150.05,2026-10-13,23200.80
2026-09-24 12:21:08,23100,73710,64220,100165,151.65,2026-10-13,23199.15
2026-09-24 12:26:07,23100,73840,64220,100230,154.20,2026-10-13,23175.00
2026-09-24 12:36:08,23100,73450,64220,102700,168.00,2026-10-13,23172.95
2026-09-24 12:41:08,23100,73580,64220,103805,162.10,2026-10-13,23178.80
2026-09-24 12:46:09,23100,74360,64220,106275,168.75,2026-10-13,23171.55
2026-09-24 12:51:08,23100,74425,64220,109720,165.20,2026-10-13,23178.45
2026-09-24 12:56:08,23100,77155,64220,115115,171.15,2026-10-13,23167.75
2026-09-24 13:01:08,23100,76830,64220,119210,168.65,2026-10-13,23167.55
2026-09-24 13:06:08,23100,76960,64220,121225,158.65,2026-10-13,23182.50
2026-09-24 13:11:08,23100,78520,64220,124280,162.50,2026-10-13,23177.65
2026-09-24 13:16:09,23100,79430,64220,124800,160.50,2026-10-13,23184.40
2026-09-24 13:21:08,23100,79430,64220,124865,162.20,2026-10-13,23178.05
2026-09-24 13:26:07,23100,79495,64220,125190,168.85,2026-10-13,23167.25
2026-09-24 13:31:07,23100,82420,64220,139165,181.65,2026-10-13,23151.50
2026-09-24 13:36:06,23100,83135,64220,145535,182.80,2026-10-13,23151.15
2026-09-24 13:41:05,23100,83460,64220,151580,192.90,2026-10-13,23136.40
2026-09-24 13:46:07,23100,83525,64220,164515,226.80,2026-10-13,23088.25
2026-09-24 13:51:06,23100,84370,64220,175955,225.00,2026-10-13,23100.00
2026-09-24 13:56:07,23100,88140,64220,187980,239.85,2026-10-13,23077.75
2026-09-24 14:01:08,23100,91195,64220,199745,247.60,2026-10-13,23075.55
2026-09-24 14:06:08,23100,88920,64220,209885,245.05,2026-10-13,23066.40
2026-09-24 14:11:08,23100,87750,64220,214500,242.85,2026-10-13,23073.90
2026-09-24 14:16:09,23100,87815,64220,215540,237.85,2026-10-13,23078.20
2026-09-24 14:21:08,23100,87945,64220,219505,248.40,2026-10-13,23064.10
2026-09-24 09:21:05,23200,6863675,6208930,13403650,92.00,2026-09-29,23228.00
2026-09-24 09:26:06,23200,7503795,6208930,18472870,87.40,2026-09-29,23239.80
2026-09-24 09:31:07,23200,7904910,6208930,21658780,83.80,2026-09-29,23258.60
2026-09-24 09:36:06,23200,8064420,6208930,24764675,83.80,2026-09-29,23266.40
2026-09-24 09:41:06,23200,8026200,6208930,29405155,93.80,2026-09-29,23241.75
2026-09-24 09:46:05,23200,7838545,6208930,35526530,97.10,2026-09-29,23230.85
2026-09-24 09:51:06,23200,8210605,6208930,40252420,96.00,2026-09-29,23233.00
2026-09-24 09:56:07,23200,8275085,6208930,44076630,104.80,2026-09-29,23213.70
2026-09-24 10:01:06,23200,8591245,6208930,46690085,96.75,2026-09-29,23229.80
2026-09-24 10:06:06,23200,8933730,6208930,49893220,93.60,2026-09-29,23233.00
2026-09-24 10:11:06,23200,9179430,6208930,53177735,93.95,2026-09-29,23229.25
2026-09-24 10:16:06,23200,9261200,6208930,57624905,101.00,2026-09-29,23218.55
2026-09-24 10:21:06,23200,9360585,6208930,61579830,99.95,2026-09-29,23216.00
2026-09-24 10:26:07,23200,9264320,6208930,66472640,106.65,2026-09-29,23204.10
2026-09-24 10:31:06,23200,9297925,6208930,68913455,100.10,2026-09-29,23213.25
2026-09-24 10:36:07,23200,9527245,6208930,72380165,95.30,2026-09-29,23220.25
2026-09-24 10:41:06,23200,9737065,6208930,75145005,95.95,2026-09-29,23220.25
2026-09-24 10:46:06,23200,9732775,6208930,77997530,96.15,2026-09-29,23220.75
2026-09-24 10:51:07,23200,9733945,6208930,79853215,89.65,2026-09-29,23234.45
2026-09-24 10:56:06,23200,10094240,6208930,82610515,86.10,2026-09-29,23238.30
2026-09-24 11:01:06,23200,10226970,6208930,84416605,87.95,2026-09-29,23234.40
2026-09-24 11:06:06,23200,10293920,6208930,86443370,93.00,2026-09-29,23222.45
2026-09-24 11:11:06,23200,10285405,6208930,89330280,91.55,2026-09-29,23225.00
2026-09-24 11:16:06,23200,9713795,6208930,93302235,96.15,2026-09-29,23226.10
2026-09-24 11:21:06,23200,9692865,6208930,96189145,92.35,2026-09-29,23229.45
2026-09-24 11:26:07,23200,9606480,6208930,99565895,102.80,2026-09-29,23216.10
2026-09-24 11:31:07,23200,9677785,6208930,101291320,101.75,2026-09-29,23216.20
2026-09-24 11:36:06,23200,9555000,6208930,104906490,102.80,2026-09-29,23209.70
2026-09-24 11:41:07,23200,9759945,6208930,106767765,99.70,2026-09-29,23208.95
2026-09-24 11:46:07,23200,9854455,6208930,108188405,98.55,2026-09-29,23210.35
2026-09-24 11:51:05,23200,9890855,6208930,109516485,101.95,2026-09-29,23207.60
2026-09-24 11:56:06,23200,10151440,6208930,111924540,104.45,2026-09-29,23198.85
2026-09-24 12:01:06,23200,10418200,6208930,117675220,105.95,2026-09-29,23196.80
2026-09-24 12:06:07,23200,10463635,6208930,120406520,99.25,2026-09-29,23209.50
2026-09-24 12:11:05,23200,10574265,6208930,121719195,100.35,2026-09-29,23207.00
2026-09-24 12:16:07,23200,10664550,6208930,123726720,102.75,2026-09-29,23199.90
2026-09-24 12:21:06,23200,10783565,6208930,125247655,102.40,2026-09-29,23198.65
2026-09-24 12:26:06,23200,10773750,6208930,128628890,113.70,2026-09-29,23175.90
2026-09-24 12:36:07,23200,10422685,6208930,137989930,121.50,2026-09-29,23171.75
2026-09-24 12:41:07,23200,10207470,6208930,140623990,111.65,2026-09-29,23179.45
2026-09-24 12:46:08,23200,10327395,6208930,143062140,116.75,2026-09-29,23172.05
2026-09-24 12:51:07,23200,10152415,6208930,145424825,115.85,2026-09-29,23178.35
2026-09-24 12:56:07,23200,10058620,6208930,147576975,120.20,2026-09-29,23168.05
2026-09-24 13:01:07,23200,10159370,6208930,148904795,116.95,2026-09-29,23168.55
2026-09-24 13:06:07,23200,9977240,6208930,151208785,109.15,2026-09-29,23182.55
2026-09-24 13:11:07,23200,10190180,6208930,153685155,112.00,2026-09-29,23177.80
2026-09-24 13:16:07,23200,10394150,6208930,155753195,109.75,2026-09-29,23185.50
2026-09-24 13:21:06,23200,10367110,6208930,157058980,112.10,2026-09-29,23178.25
2026-09-24 13:26:06,23200,10364900,6208930,158949180,120.60,2026-09-29,23167.05
2026-09-24 13:31:06,23200,9248590,6208930,165913345,136.20,2026-09-29,23151.70
2026-09-24 13:36:05,23200,9422335,6208930,168222340,135.50,2026-09-29,23151.50
2026-09-24 13:41:04,23200,9372610,6208930,171084810,146.50,2026-09-29,23136.10
2026-09-24 13:46:06,23200,8958235,6208930,176329205,189.60,2026-09-29,23086.45
2026-09-24 13:51:05,23200,8656180,6208930,180307530,181.15,2026-09-29,23100.15
2026-09-24 13:56:06,23200,8182460,6208930,182945165,196.25,2026-09-29,23078.40
2026-09-24 14:01:06,23200,7709780,6208930,185743610,204.85,2026-09-29,23072.60
2026-09-24 14:06:07,23200,7574320,6208930,187660135,200.70,2026-09-29,23065.45
2026-09-24 14:11:06,23200,7222800,6208930,188588595,198.00,2026-09-29,23073.05
2026-09-24 14:16:06,23200,7267000,6208930,189237035,194.80,2026-09-29,23077.45
2026-09-24 14:21:07,23200,7221695,6208930,189878195,202.90,2026-09-29,23065.55
2026-09-24 09:21:06,23200,604760,561665,729430,135.60,2026-10-06,23228.25
2026-09-24 09:26:07,23200,600145,561665,949585,130.70,2026-10-06,23239.10
2026-09-24 09:31:08,23200,615550,561665,1048515,128.00,2026-10-06,23259.00
2026-09-24 09:36:07,23200,634400,561665,1150305,127.85,2026-10-06,23265.90
2026-09-24 09:41:07,23200,673140,561665,1316380,138.80,2026-10-06,23240.80
2026-09-24 09:46:06,23200,657540,561665,1560130,144.05,2026-10-06,23229.95
2026-09-24 09:51:06,23200,680615,561665,1694745,142.80,2026-10-06,23233.75
2026-09-24 09:56:07,23200,702715,561665,1801150,151.75,2026-10-06,23213.85
2026-09-24 10:01:07,23200,724490,561665,1892930,143.65,2026-10-06,23230.55
2026-09-24 10:06:06,23200,735085,561665,1943240,140.00,2026-10-06,23232.95
2026-09-24 10:11:06,23200,741780,561665,2012985,140.80,2026-10-06,23228.70
2026-09-24 10:16:07,23200,778310,561665,2157155,148.35,2026-10-06,23218.70
2026-09-24 10:21:07,23200,825370,561665,2334800,147.90,2026-10-06,23216.35
2026-09-24 10:26:07,23200,875940,561665,2519010,154.40,2026-10-06,23204.05
2026-09-24 10:31:06,23200,887575,561665,2572570,149.20,2026-10-06,23212.70
2026-09-24 10:36:07,23200,886990,561665,2660320,142.80,2026-10-06,23220.60
2026-09-24 10:41:07,23200,902265,561665,2734030,143.35,2026-10-06,23221.15
2026-09-24 10:46:07,23200,914030,561665,2786290,143.40,2026-10-06,23220.65
2026-09-24 10:51:07,23200,915200,561665,2835755,137.30,2026-10-06,23233.60
2026-09-24 10:56:06,23200,914940,561665,2911740,132.15,2026-10-06,23239.20
2026-09-24 11:01:06,23200,912795,561665,2956005,134.95,2026-10-06,23233.70
2026-09-24 11:06:07,23200,914095,561665,2994745,141.55,2026-10-06,23222.55
2026-09-24 11:11:07,23200,913315,561665,3053115,139.55,2026-10-06,23225.20
2026-09-24 11:16:07,23200,919425,561665,3178435,144.40,2026-10-06,23225.25
2026-09-24 11:21:06,23200,942955,561665,3274180,140.15,2026-10-06,23229.15
2026-09-24 11:26:07,23200,937755,561665,3346785,149.05,2026-10-06,23216.00
2026-09-24 11:31:07,23200,937950,561665,3379220,150.00,2026-10-06,23216.15
2026-09-24 11:36:07,23200,941980,561665,3476590,150.95,2026-10-06,23209.65
2026-09-24 11:41:07,23200,946530,561665,3517345,145.95,2026-10-06,23208.95
2026-09-24 11:46:07,23200,949585,561665,3550105,145.40,2026-10-06,23210.10
2026-09-24 11:51:05,23200,949325,561665,3582280,149.05,2026-10-06,23206.75
2026-09-24 11:56:06,23200,951795,561665,3623945,151.70,2026-10-06,23198.40
2026-09-24 12:01:06,23200,981955,561665,3825510,153.70,2026-10-06,23196.85
2026-09-24 12:06:07,23200,999310,561665,3894540,148.00,2026-10-06,23209.80
2026-09-24 12:11:05,23200,1020695,561665,3943160,149.50,2026-10-06,23206.90
2026-09-24 12:16:07,23200,1031810,561665,3981250,151.40,2026-10-06,23200.30
2026-09-24 12:21:07,23200,1033045,561665,4004520,150.70,2026-10-06,23198.65
2026-09-24 12:26:06,23200,1045005,561665,4081155,161.70,2026-10-06,23175.75
2026-09-24 12:36:08,23200,1011920,561665,4375345,170.85,2026-10-06,23172.45
2026-09-24 12:41:08,23200,1035320,561665,4451655,162.55,2026-10-06,23179.50
2026-09-24 12:46:08,23200,1048320,561665,4553055,167.50,2026-10-06,23171.10
2026-09-24 12:51:08,23200,1058070,561665,4642755,166.25,2026-10-06,23178.25
2026-09-24 12:56:08,23200,1063400,561665,4762225,170.95,2026-10-06,23167.90
2026-09-24 13:01:08,23200,1080690,561665,4821505,168.80,2026-10-06,23167.70
2026-09-24 13:06:07,23200,1080560,561665,4889365,160.75,2026-10-06,23182.45
2026-09-24 13:11:08,23200,1076075,561665,4953910,163.50,2026-10-06,23177.20
2026-09-24 13:16:08,23200,1085695,561665,5004350,161.00,2026-10-06,23185.00
2026-09-24 13:21:07,23200,1085500,561665,5032365,164.00,2026-10-06,23178.10
2026-09-24 13:26:06,23200,1090570,561665,5083975,171.40,2026-10-06,23167.35
2026-09-24 13:31:07,23200,1061450,561665,5328960,187.40,2026-10-06,23152.05
2026-09-24 13:36:06,23200,1071590,561665,5418335,188.50,2026-10-06,23151.60
2026-09-24 13:41:05,23200,1075295,561665,5512130,197.80,2026-10-06,23135.95
2026-09-24 13:46:07,23200,1086865,561665,5773495,238.50,2026-10-06,23087.20
2026-09-24 13:51:06,23200,1100645,561665,5959265,233.35,2026-10-06,23099.90
2026-09-24 13:56:06,23200,1142960,561665,6131060,250.90,2026-10-06,23078.00
2026-09-24 14:01:06,23200,1174095,561665,6326580,258.00,2026-10-06,23073.25
2026-09-24 14:06:07,23200,1170520,561665,6479200,254.35,2026-10-06,23066.10
2026-09-24 14:11:07,23200,1169350,561665,6549465,252.20,2026-10-06,23073.60
2026-09-24 14:16:08,23200,1186250,561665,6603025,250.25,2026-10-06,23077.10
2026-09-24 14:21:08,23200,1185470,561665,6664515,260.70,2026-10-06,23065.05
2026-09-24 09:21:06,23200,102505,97955,48490,171.95,2026-10-13,23227.45
2026-09-24 09:26:07,23200,102895,97955,58175,167.45,2026-10-13,23238.65
2026-09-24 09:31:08,23200,103220,97955,62075,165.45,2026-10-13,23259.10
2026-09-24 09:36:07,23200,104650,97955,70005,165.05,2026-10-13,23266.10
2026-09-24 09:41:07,23200,105235,97955,81380,175.80,2026-10-13,23241.25
2026-09-24 09:46:06,23200,108940,97955,94575,184.00,2026-10-13,23230.10
2026-09-24 09:51:07,23200,110890,97955,107900,181.30,2026-10-13,23234.60
2026-09-24 09:56:08,23200,110890,97955,113750,188.20,2026-10-13,23214.30
2026-09-24 10:01:07,23200,111280,97955,115570,183.00,2026-10-13,23230.20
2026-09-24 10:06:07,23200,112060,97955,121940,177.75,2026-10-13,23232.65
2026-09-24 10:11:07,23200,112970,97955,122980,177.00,2026-10-13,23228.60
2026-09-24 10:16:07,23200,113035,97955,125970,186.00,2026-10-13,23217.60
2026-09-24 10:21:07,23200,114270,97955,133185,184.30,2026-10-13,23216.80
2026-09-24 10:26:08,23200,114530,97955,139425,190.45,2026-10-13,23203.85
2026-09-24 10:31:07,23200,114660,97955,142155,186.80,2026-10-13,23213.05
2026-09-24 10:36:08,23200,114855,97955,144950,180.25,2026-10-13,23220.55
2026-09-24 10:41:07,23200,120835,97955,160485,181.25,2026-10-13,23221.10
2026-09-24 10:46:07,23200,119990,97955,166855,183.10,2026-10-13,23220.55
2026-09-24 10:51:08,23200,118105,97955,169910,174.55,2026-10-13,23233.90
2026-09-24 10:56:07,23200,119080,97955,177125,168.50,2026-10-13,23237.95
2026-09-24 11:01:07,23200,118820,97955,178425,171.45,2026-10-13,23234.55
2026-09-24 11:06:07,23200,118495,97955,182325,178.00,2026-10-13,23222.15
2026-09-24 11:11:07,23200,116675,97955,183105,179.10,2026-10-13,23225.15
2026-09-24 11:16:08,23200,117390,97955,186745,186.80,2026-10-13,23225.70
2026-09-24 11:21:07,23200,116480,97955,188760,172.20,2026-10-13,23229.45
2026-09-24 11:26:08,23200,114790,97955,202410,186.65,2026-10-13,23216.25
2026-09-24 11:31:08,23200,115245,97955,203580,187.40,2026-10-13,23216.00
2026-09-24 11:36:07,23200,115830,97955,207090,189.20,2026-10-13,23210.65
2026-09-24 11:41:08,23200,115895,97955,209430,184.40,2026-10-13,23210.40
2026-09-24 11:46:08,23200,115180,97955,212160,183.05,2026-10-13,23210.45
2026-09-24 11:51:06,23200,115700,97955,213980,185.90,2026-10-13,23205.75
2026-09-24 11:56:07,23200,115635,97955,215410,187.55,2026-10-13,23198.30
2026-09-24 12:01:07,23200,115635,97955,222040,191.10,2026-10-13,23196.80
2026-09-24 12:06:08,23200,117910,97955,228085,186.00,2026-10-13,23209.50
2026-09-24 12:11:06,23200,117780,97955,232635,186.60,2026-10-13,23207.20
2026-09-24 12:16:08,23200,117845,97955,234520,188.85,2026-10-13,23200.80
2026-09-24 12:21:08,23200,118040,97955,235300,189.00,2026-10-13,23199.15
2026-09-24 12:26:07,23200,117520,97955,238940,198.05,2026-10-13,23175.00
2026-09-24 12:36:08,23200,114595,97955,261105,208.20,2026-10-13,23172.95
2026-09-24 12:41:08,23200,117390,97955,265395,199.90,2026-10-13,23178.80
2026-09-24 12:46:09,23200,116805,97955,272870,205.55,2026-10-13,23171.55
2026-09-24 12:51:08,23200,118690,97955,276965,204.00,2026-10-13,23178.45
2026-09-24 12:56:08,23200,119340,97955,279500,209.35,2026-10-13,23167.75
2026-09-24 13:01:08,23200,119275,97955,281905,207.90,2026-10-13,23167.55
2026-09-24 13:06:08,23200,119730,97955,285090,198.40,2026-10-13,23182.50
2026-09-24 13:11:08,23200,120315,97955,287755,202.25,2026-10-13,23177.65
2026-09-24 13:16:09,23200,120640,97955,289120,199.80,2026-10-13,23184.40
2026-09-24 13:21:08,23200,121940,97955,294190,203.80,2026-10-13,23178.05
2026-09-24 13:26:07,23200,121810,97955,295360,207.30,2026-10-13,23167.25
2026-09-24 13:31:07,23200,119665,97955,319085,225.20,2026-10-13,23151.50
2026-09-24 13:36:06,23200,122980,97955,333645,223.65,2026-10-13,23151.15
2026-09-24 13:41:05,23200,124280,97955,338780,234.90,2026-10-13,23136.40
2026-09-24 13:46:07,23200,123110,97955,354055,273.95,2026-10-13,23088.25
2026-09-24 13:51:06,23200,117715,97955,380575,270.00,2026-10-13,23100.00
2026-09-24 13:56:07,23200,115960,97955,395265,286.95,2026-10-13,23077.75
2026-09-24 14:01:08,23200,112905,97955,406770,294.40,2026-10-13,23075.55
2026-09-24 14:06:08,23200,109005,97955,421135,293.20,2026-10-13,23066.40
2026-09-24 14:11:08,23200,109395,97955,425815,289.95,2026-10-13,23073.90
2026-09-24 14:16:09,23200,104975,97955,433550,287.65,2026-10-13,23078.20
2026-09-24 14:21:08,23200,101140,97955,442455,297.90,2026-10-13,23064.10
2026-09-24 09:21:05,23300,8245445,9210500,12542205,138.80,2026-09-29,23228.00
2026-09-24 09:26:06,23300,8520720,9210500,15994940,133.25,2026-09-29,23239.80
2026-09-24 09:31:07,23300,8719490,9210500,18175430,128.95,2026-09-29,23258.60
2026-09-24 09:36:06,23300,8944065,9210500,20426380,128.60,2026-09-29,23266.40
2026-09-24 09:41:06,23300,9106240,9210500,24434215,142.00,2026-09-29,23241.75
2026-09-24 09:46:05,23300,8998015,9210500,28425280,145.40,2026-09-29,23230.85
2026-09-24 09:51:06,23300,8856380,9210500,30841850,144.45,2026-09-29,23233.00
2026-09-24 09:56:07,23300,9062755,9210500,32924320,155.40,2026-09-29,23213.70
2026-09-24 10:01:06,23300,8986250,9210500,34344180,145.55,2026-09-29,23229.80
2026-09-24 10:06:06,23300,9044295,9210500,35785750,141.75,2026-09-29,23233.00
2026-09-24 10:11:06,23300,8982025,9210500,37684010,142.10,2026-09-29,23229.25
2026-09-24 10:16:06,23300,9095970,9210500,39930995,152.20,2026-09-29,23218.55
2026-09-24 10:21:06,23300,8921835,9210500,42004495,150.75,2026-09-29,23216.00
2026-09-24 10:26:07,23300,8846565,9210500,44343260,158.45,2026-09-29,23204.10
2026-09-24 10:31:06,23300,8900580,9210500,45351670,150.50,2026-09-29,23213.25
2026-09-24 10:36:07,23300,8877050,9210500,47164130,144.00,2026-09-29,23220.25
2026-09-24 10:41:06,23300,8986835,9210500,48726145,145.05,2026-09-29,23220.25
2026-09-24 10:46:06,23300,8905845,9210500,50185135,145.60,2026-09-29,23220.75
2026-09-24 10:51:07,23300,8858850,9210500,51095915,136.65,2026-09-29,23234.45
2026-09-24 10:56:06,23300,8925215,9210500,52606905,131.65,2026-09-29,23238.30
2026-09-24 11:01:06,23300,8907535,9210500,53598870,134.45,2026-09-29,23234.40
2026-09-24 11:06:06,23300,8886280,9210500,54837770,141.65,2026-09-29,23222.45
2026-09-24 11:11:06,23300,8779810,9210500,56536415,139.85,2026-09-29,23225.00
2026-09-24 11:16:06,23300,8507135,9210500,58593015,146.20,2026-09-29,23226.10
2026-09-24 11:21:06,23300,8483475,9210500,59989085,140.05,2026-09-29,23229.45
2026-09-24 11:26:07,23300,8505510,9210500,61630725,153.95,2026-09-29,23216.10
2026-09-24 11:31:07,23300,8598980,9210500,62481510,152.60,2026-09-29,23216.20
2026-09-24 11:36:06,23300,8574865,9210500,63957335,154.50,2026-09-29,23209.70
2026-09-24 11:41:07,23300,8594625,9210500,64846600,149.85,2026-09-29,23208.95
2026-09-24 11:46:07,23300,8598525,9210500,65515515,148.20,2026-09-29,23210.35
2026-09-24 11:51:05,23300,8637265,9210500,66208675,153.80,2026-09-29,23207.60
2026-09-24 11:56:06,23300,8671195,9210500,67307695,155.75,2026-09-29,23198.85
2026-09-24 12:01:06,23300,8212945,9210500,69852055,157.50,2026-09-29,23196.80
2026-09-24 12:06:07,23300,8182980,9210500,70862610,149.25,2026-09-29,23209.50
2026-09-24 12:11:05,23300,8175830,9210500,71341205,150.90,2026-09-29,23207.00
2026-09-24 12:16:07,23300,8108815,9210500,72187310,153.50,2026-09-29,23199.90
2026-09-24 12:21:06,23300,8119670,9210500,72784465,152.80,2026-09-29,23198.65
2026-09-24 12:26:06,23300,8129615,9210500,74232405,166.85,2026-09-29,23175.90
2026-09-24 12:36:07,23300,8165105,9210500,78225290,176.15,2026-09-29,23171.75
2026-09-24 12:41:07,23300,8058895,9210500,79058005,164.20,2026-09-29,23179.45
2026-09-24 12:46:08,23300,8052330,9210500,79856855,170.30,2026-09-29,23172.05
2026-09-24 12:51:07,23300,7891390,9210500,80605460,169.45,2026-09-29,23178.35
2026-09-24 12:56:07,23300,7839585,9210500,81292900,174.80,2026-09-29,23168.05
2026-09-24 13:01:07,23300,7852975,9210500,81712670,171.00,2026-09-29,23168.55
2026-09-24 13:06:07,23300,7823530,9210500,82503590,161.55,2026-09-29,23182.55
2026-09-24 13:11:07,23300,7794280,9210500,83384600,165.25,2026-09-29,23177.80
2026-09-24 13:16:07,23300,7810530,9210500,84018155,162.10,2026-09-29,23185.50
2026-09-24 13:21:06,23300,7830160,9210500,84410300,165.55,2026-09-29,23178.25
2026-09-24 13:26:06,23300,7760675,9210500,85033390,175.25,2026-09-29,23167.05
2026-09-24 13:31:06,23300,7530900,9210500,87350510,193.70,2026-09-29,23151.70
2026-09-24 13:36:05,23300,7439510,9210500,88118550,193.85,2026-09-29,23151.50
2026-09-24 13:41:04,23300,7397780,9210500,89153285,205.95,2026-09-29,23136.10
2026-09-24 13:46:06,23300,7161245,9210500,90978355,254.45,2026-09-29,23086.45
2026-09-24 13:51:05,23300,6800365,9210500,92737190,244.35,2026-09-29,23100.15
2026-09-24 13:56:06,23300,6786845,9210500,93435810,261.15,2026-09-29,23078.40
2026-09-24 14:01:06,23300,6702085,9210500,94262285,271.30,2026-09-29,23072.60
2026-09-24 14:06:07,23300,6635200,9210500,95128345,267.00,2026-09-29,23065.45
2026-09-24 14:11:06,23300,6620575,9210500,95541745,264.95,2026-09-29,23073.05
2026-09-24 14:16:06,23300,6512545,9210500,95826120,260.60,2026-09-29,23077.45
2026-09-24 14:21:07,23300,6476600,9210500,96069090,270.20,2026-09-29,23065.55
2026-09-24 09:21:06,23300,826800,680290,795600,180.35,2026-10-06,23228.25
2026-09-24 09:26:07,23300,904865,680290,1053195,175.20,2026-10-06,23239.10
2026-09-24 09:31:08,23300,999375,680290,1181115,171.65,2026-10-06,23259.00
2026-09-24 09:36:07,23300,1024920,680290,1327625,171.00,2026-10-06,23265.90
2026-09-24 09:41:07,23300,1043705,680290,1488370,184.00,2026-10-06,23240.80
2026-09-24 09:46:06,23300,1075230,680290,1630525,190.20,2026-10-06,23229.95
2026-09-24 09:51:06,23300,1074450,680290,1760980,188.15,2026-10-06,23233.75
2026-09-24 09:56:07,23300,1080950,680290,1839630,197.90,2026-10-06,23213.85
2026-09-24 10:01:07,23300,1086150,680290,1902875,189.65,2026-10-06,23230.55
2026-09-24 10:06:06,23300,1097590,680290,1953965,186.80,2026-10-06,23232.95
2026-09-24 10:11:06,23300,1142960,680290,2051205,186.60,2026-10-06,23228.70
2026-09-24 10:16:07,23300,1156870,680290,2115880,195.30,2026-10-06,23218.70
2026-09-24 10:21:07,23300,1164930,680290,2170675,195.65,2026-10-06,23216.35
2026-09-24 10:26:07,23300,1156610,680290,2242955,202.50,2026-10-06,23204.05
2026-09-24 10:31:06,23300,1156935,680290,2274155,195.75,2026-10-06,23212.70
2026-09-24 10:36:07,23300,1159405,680290,2335190,189.00,2026-10-06,23220.60
2026-09-24 10:41:07,23300,1162590,680290,2384785,189.90,2026-10-06,23221.15
2026-09-24 10:46:07,23300,1159535,680290,2415660,189.65,2026-10-06,23220.65
2026-09-24 10:51:07,23300,1166815,680290,2455570,181.65,2026-10-06,23233.60
2026-09-24 10:56:06,23300,1174875,680290,2499575,177.20,2026-10-06,23239.20
2026-09-24 11:01:06,23300,1186315,680290,2544555,179.55,2026-10-06,23233.70
2026-09-24 11:06:07,23300,1193920,680290,2579980,187.70,2026-10-06,23222.55
2026-09-24 11:11:07,23300,1199575,680290,2618850,184.50,2026-10-06,23225.20
2026-09-24 11:16:07,23300,1211925,680290,2711930,190.65,2026-10-06,23225.25
2026-09-24 11:21:06,23300,1214590,680290,2748785,186.05,2026-10-06,23229.15
2026-09-24 11:26:07,23300,1213810,680290,2787265,195.95,2026-10-06,23216.00
2026-09-24 11:31:07,23300,1213420,680290,2809300,197.50,2026-10-06,23216.15
2026-09-24 11:36:07,23300,1229670,680290,2874560,199.00,2026-10-06,23209.65
2026-09-24 11:41:07,23300,1227590,680290,2888925,192.95,2026-10-06,23208.95
2026-09-24 11:46:07,23300,1230385,680290,2900950,191.65,2026-10-06,23210.10
2026-09-24 11:51:05,23300,1233440,680290,2919345,196.30,2026-10-06,23206.75
2026-09-24 11:56:06,23300,1221025,680290,2951910,199.50,2026-10-06,23198.40
2026-09-24 12:01:06,23300,1244620,680290,3070990,203.20,2026-10-06,23196.85
2026-09-24 12:06:07,23300,1247415,680290,3112525,196.45,2026-10-06,23209.80
2026-09-24 12:11:05,23300,1250275,680290,3130205,197.50,2026-10-06,23206.90
2026-09-24 12:16:07,23300,1252940,680290,3156790,199.35,2026-10-06,23200.30
2026-09-24 12:21:07,23300,1256515,680290,3169140,199.80,2026-10-06,23198.65
2026-09-24 12:26:06,23300,1245985,680290,3233100,211.10,2026-10-06,23175.75
2026-09-24 12:36:08,23300,1234870,680290,3364595,222.40,2026-10-06,23172.45
2026-09-24 12:41:08,23300,1230905,680290,3398525,211.30,2026-10-06,23179.50
2026-09-24 12:46:08,23300,1243450,680290,3432325,217.85,2026-10-06,23171.10
2026-09-24 12:51:08,23300,1268605,680290,3493165,216.15,2026-10-06,23178.25
2026-09-24 12:56:08,23300,1266265,680290,3549845,221.80,2026-10-06,23167.90
2026-09-24 13:01:08,23300,1267955,680290,3585075,219.00,2026-10-06,23167.70
2026-09-24 13:06:07,23300,1272830,680290,3626415,208.95,2026-10-06,23182.45
2026-09-24 13:11:08,23300,1276145,680290,3663985,212.85,2026-10-06,23177.20
2026-09-24 13:16:08,23300,1288495,680290,3692390,210.75,2026-10-06,23185.00
2026-09-24 13:21:07,23300,1302080,680290,3709290,215.20,2026-10-06,23178.10
2026-09-24 13:26:06,23300,1314690,680290,3743870,221.90,2026-10-06,23167.35
2026-09-24 13:31:07,23300,1316055,680290,3892330,240.60,2026-10-06,23152.05
2026-09-24 13:36:06,23300,1329445,680290,3960255,241.30,2026-10-06,23151.60
2026-09-24 13:41:05,23300,1326065,680290,4014335,252.20,2026-10-06,23135.95
2026-09-24 13:46:07,23300,1353950,680290,4157400,297.25,2026-10-06,23087.20
2026-09-24 13:51:06,23300,1383850,680290,4276090,290.55,2026-10-06,23099.90
2026-09-24 13:56:06,23300,1418755,680290,4376060,309.60,2026-10-06,23078.00
2026-09-24 14:01:06,23300,1434095,680290,4440995,316.80,2026-10-06,23073.25
2026-09-24 14:06:07,23300,1445340,680290,4531280,313.90,2026-10-06,23066.10
2026-09-24 14:11:07,23300,1448070,680290,4586140,310.45,2026-10-06,23073.60
2026-09-24 14:16:08,23300,1445470,680290,4609410,309.25,2026-10-06,23077.10
2026-09-24 14:21:08,23300,1442610,680290,4630340,319.30,2026-10-06,23065.05
2026-09-24 09:21:06,23300,108485,139360,174070,213.65,2026-10-13,23227.45
2026-09-24 09:26:07,23300,109915,139360,186745,208.25,2026-10-13,23238.65
2026-09-24 09:31:08,23300,112905,139360,193505,207.00,2026-10-13,23259.10
2026-09-24 09:36:07,23300,118560,139360,210925,208.00,2026-10-13,23266.10
2026-09-24 09:41:07,23300,122460,139360,221780,220.50,2026-10-13,23241.25
2026-09-24 09:46:06,23300,125515,139360,232570,227.20,2026-10-13,23230.10
2026-09-24 09:51:07,23300,129740,139360,248430,227.00,2026-10-13,23234.60
2026-09-24 09:56:08,23300,127465,139360,253110,233.70,2026-10-13,23214.30
2026-09-24 10:01:07,23300,126620,139360,258830,226.25,2026-10-13,23230.20
2026-09-24 10:06:07,23300,125775,139360,267345,221.05,2026-10-13,23232.65
2026-09-24 10:11:07,23300,126100,139360,278070,220.75,2026-10-13,23228.60
2026-09-24 10:16:07,23300,125645,139360,281385,230.10,2026-10-13,23217.60
2026-09-24 10:21:07,23300,125840,139360,286260,227.65,2026-10-13,23216.80
2026-09-24 10:26:08,23300,122720,139360,292435,236.90,2026-10-13,23203.85
2026-09-24 10:31:07,23300,122005,139360,298220,231.30,2026-10-13,23213.05
2026-09-24 10:36:08,23300,124150,139360,304720,220.00,2026-10-13,23220.55
2026-09-24 10:41:07,23300,124150,139360,308295,225.30,2026-10-13,23221.10
2026-09-24 10:46:07,23300,125125,139360,310115,225.05,2026-10-13,23220.55
2026-09-24 10:51:08,23300,124475,139360,312585,218.15,2026-10-13,23233.90
2026-09-24 10:56:07,23300,124215,139360,314665,210.95,2026-10-13,23237.95
2026-09-24 11:01:07,23300,123760,139360,316290,214.75,2026-10-13,23234.55
2026-09-24 11:06:07,23300,123955,139360,318110,220.00,2026-10-13,23222.15
2026-09-24 11:11:07,23300,124085,139360,321100,221.60,2026-10-13,23225.15
2026-09-24 11:16:08,23300,124150,139360,324350,230.80,2026-10-13,23225.70
2026-09-24 11:21:07,23300,125645,139360,329355,221.20,2026-10-13,23229.45
2026-09-24 11:26:08,23300,125710,139360,336050,232.20,2026-10-13,23216.25
2026-09-24 11:31:08,23300,126295,139360,338390,232.70,2026-10-13,23216.00
2026-09-24 11:36:07,23300,126230,139360,340795,234.80,2026-10-13,23210.65
2026-09-24 11:41:08,23300,125645,139360,342940,228.10,2026-10-13,23210.40
2026-09-24 11:46:08,23300,125190,139360,347555,227.30,2026-10-13,23210.45
2026-09-24 11:51:06,23300,125190,139360,353405,230.30,2026-10-13,23205.75
2026-09-24 11:56:07,23300,124735,139360,355355,231.45,2026-10-13,23198.30
2026-09-24 12:01:07,23300,126035,139360,361010,238.05,2026-10-13,23196.80
2026-09-24 12:06:08,23300,125905,139360,361790,230.55,2026-10-13,23209.50
2026-09-24 12:11:06,23300,126035,139360,361985,231.90,2026-10-13,23207.20
2026-09-24 12:16:08,23300,126035,139360,362440,236.65,2026-10-13,23200.80
2026-09-24 12:21:08,23300,125775,139360,362895,231.60,2026-10-13,23199.15
2026-09-24 12:26:07,23300,125710,139360,364000,245.00,2026-10-13,23175.00
2026-09-24 12:36:08,23300,126100,139360,368680,252.00,2026-10-13,23172.95
2026-09-24 12:41:08,23300,125970,139360,370435,246.60,2026-10-13,23178.80
2026-09-24 12:46:09,23300,126490,139360,370825,254.00,2026-10-13,23171.55
2026-09-24 12:51:08,23300,126685,139360,372645,251.35,2026-10-13,23178.45
2026-09-24 12:56:08,23300,126035,139360,373815,257.10,2026-10-13,23167.75
2026-09-24 13:01:08,23300,126100,139360,375830,254.20,2026-10-13,23167.55
2026-09-24 13:06:08,23300,126230,139360,376415,249.30,2026-10-13,23182.50
2026-09-24 13:11:08,23300,126035,139360,377975,247.70,2026-10-13,23177.65
2026-09-24 13:16:09,23300,125060,139360,379665,245.05,2026-10-13,23184.40
2026-09-24 13:21:08,23300,125125,139360,379860,250.45,2026-10-13,23178.05
2026-09-24 13:26:07,23300,124800,139360,380315,255.55,2026-10-13,23167.25
2026-09-24 13:31:07,23300,120120,139360,394095,272.85,2026-10-13,23151.50
2026-09-24 13:36:06,23300,119470,139360,399750,272.25,2026-10-13,23151.15
2026-09-24 13:41:05,23300,117325,139360,406705,283.80,2026-10-13,23136.40
2026-09-24 13:46:07,23300,114595,139360,423085,320.50,2026-10-13,23088.25
2026-09-24 13:51:06,23300,112580,139360,435370,322.00,2026-10-13,23100.00
2026-09-24 13:56:07,23300,111020,139360,443170,340.30,2026-10-13,23077.75
2026-09-24 14:01:08,23300,110630,139360,450125,352.40,2026-10-13,23075.55
2026-09-24 14:06:08,23300,110435,139360,455065,346.05,2026-10-13,23066.40
2026-09-24 14:11:08,23300,99255,139360,472940,342.80,2026-10-13,23073.90
2026-09-24 14:16:09,23300,98410,139360,478465,342.75,2026-10-13,23078.20
2026-09-24 14:21:08,23300,96395,139360,485225,350.95,2026-10-13,23064.10
2026-09-24 09:21:05,23400,8137870,11594765,11776765,200.10,2026-09-29,23228.00
2026-09-24 09:26:06,23400,7725250,11594765,13835055,193.30,2026-09-29,23239.80
2026-09-24 09:31:07,23400,7793175,11594765,15142335,188.55,2026-09-29,23258.60
2026-09-24 09:36:06,23400,7871370,11594765,16125070,188.45,2026-09-29,23266.40
2026-09-24 09:41:06,23400,7752485,11594765,17526925,204.00,2026-09-29,23241.75
2026-09-24 09:46:05,23400,7377435,11594765,19005870,208.70,2026-09-29,23230.85
2026-09-24 09:51:06,23400,7304245,11594765,19843070,207.20,2026-09-29,23233.00
2026-09-24 09:56:07,23400,7264075,11594765,20451990,219.30,2026-09-29,23213.70
2026-09-24 10:01:06,23400,7243535,11594765,20936825,207.90,2026-09-29,23229.80
2026-09-24 10:06:06,23400,7223385,11594765,21473855,204.35,2026-09-29,23233.00
2026-09-24 10:11:06,23400,7180420,11594765,22100910,204.95,2026-09-29,23229.25
2026-09-24 10:16:06,23400,7095855,11594765,22903920,216.80,2026-09-29,23218.55
2026-09-24 10:21:06,23400,6971705,11594765,23645960,215.45,2026-09-29,23216.00
2026-09-24 10:26:07,23400,6805565,11594765,24500125,224.30,2026-09-29,23204.10
2026-09-24 10:31:06,23400,6796660,11594765,24821160,215.20,2026-09-29,23213.25
2026-09-24 10:36:07,23400,6739915,11594765,25503205,207.50,2026-09-29,23220.25
2026-09-24 10:41:06,23400,6621355,11594765,25984855,208.50,2026-09-29,23220.25
2026-09-24 10:46:06,23400,6253260,11594765,26405600,209.85,2026-09-29,23220.75
2026-09-24 10:51:07,23400,6135415,11594765,26633815,198.80,2026-09-29,23234.45
2026-09-24 10:56:06,23400,6129695,11594765,27148420,192.80,2026-09-29,23238.30
2026-09-24 11:01:06,23400,6120075,11594765,27525355,196.15,2026-09-29,23234.40
2026-09-24 11:06:06,23400,6119750,11594765,27900730,204.55,2026-09-29,23222.45
2026-09-24 11:11:06,23400,6101745,11594765,28332655,202.95,2026-09-29,23225.00
2026-09-24 11:16:06,23400,6071000,11594765,28943200,210.45,2026-09-29,23226.10
2026-09-24 11:21:06,23400,6076850,11594765,29415490,203.05,2026-09-29,23229.45
2026-09-24 11:26:07,23400,6033105,11594765,29916965,219.45,2026-09-29,23216.10
2026-09-24 11:31:07,23400,6019325,11594765,30186585,217.80,2026-09-29,23216.20
2026-09-24 11:36:06,23400,5991375,11594765,30675710,220.00,2026-09-29,23209.70
2026-09-24 11:41:07,23400,5982210,11594765,31087680,214.80,2026-09-29,23208.95
2026-09-24 11:46:07,23400,5922085,11594765,31370950,212.65,2026-09-29,23210.35
2026-09-24 11:51:05,23400,5903105,11594765,31544695,218.70,2026-09-29,23207.60
2026-09-24 11:56:06,23400,5880615,11594765,31919550,221.90,2026-09-29,23198.85
2026-09-24 12:01:06,23400,5760690,11594765,32632080,223.75,2026-09-29,23196.80
2026-09-24 12:06:07,23400,5730075,11594765,32974435,214.50,2026-09-29,23209.50
2026-09-24 12:11:05,23400,5740605,11594765,33140770,215.80,2026-09-29,23207.00
2026-09-24 12:16:07,23400,5756595,11594765,33375745,218.90,2026-09-29,23199.90
2026-09-24 12:21:06,23400,5748145,11594765,33580365,218.25,2026-09-29,23198.65
2026-09-24 12:26:06,23400,5734950,11594765,34069945,234.70,2026-09-29,23175.90
2026-09-24 12:36:07,23400,5411965,11594765,35149725,245.30,2026-09-29,23171.75
2026-09-24 12:41:07,23400,5394090,11594765,35351680,232.00,2026-09-29,23179.45
2026-09-24 12:46:08,23400,5395650,11594765,35584445,239.25,2026-09-29,23172.05
2026-09-24 12:51:07,23400,5323370,11594765,35806160,237.45,2026-09-29,23178.35
2026-09-24 12:56:07,23400,5325645,11594765,35989135,243.25,2026-09-29,23168.05
2026-09-24 13:01:07,23400,5331625,11594765,36125765,240.00,2026-09-29,23168.55
2026-09-24 13:06:07,23400,5323305,11594765,36361325,229.05,2026-09-29,23182.55
2026-09-24 13:11:07,23400,5312320,11594765,36596755,232.10,2026-09-29,23177.80
2026-09-24 13:16:07,23400,5312515,11594765,36775050,229.90,2026-09-29,23185.50
2026-09-24 13:21:06,23400,5320120,11594765,36900175,233.25,2026-09-29,23178.25
2026-09-24 13:26:06,23400,5274230,11594765,37126375,245.00,2026-09-29,23167.05
2026-09-24 13:31:06,23400,5171595,11594765,37863865,264.20,2026-09-29,23151.70
2026-09-24 13:36:05,23400,5131620,11594765,38167415,265.30,2026-09-29,23151.50
2026-09-24 13:41:04,23400,5099055,11594765,38482275,278.15,2026-09-29,23136.10
2026-09-24 13:46:06,23400,5031975,11594765,39100035,330.00,2026-09-29,23086.45
2026-09-24 13:51:05,23400,4919265,11594765,39786370,318.90,2026-09-29,23100.15
2026-09-24 13:56:06,23400,4816695,11594765,40064700,337.40,2026-09-29,23078.40
2026-09-24 14:01:06,23400,4788030,11594765,40389700,347.80,2026-09-29,23072.60
2026-09-24 14:06:07,23400,4692870,11594765,40855360,343.30,2026-09-29,23065.45
2026-09-24 14:11:06,23400,4678895,11594765,41066220,340.90,2026-09-29,23073.05
2026-09-24 14:16:06,23400,4628780,11594765,41190435,336.35,2026-09-29,23077.45
2026-09-24 14:21:07,23400,4629495,11594765,41331095,346.70,2026-09-29,23065.55
2026-09-24 09:21:06,23400,763555,775385,848835,235.10,2026-10-06,23228.25
2026-09-24 09:26:07,23400,758420,775385,980200,228.55,2026-10-06,23239.10
2026-09-24 09:31:08,23400,758160,775385,1050595,224.35,2026-10-06,23259.00
2026-09-24 09:36:07,23400,754130,775385,1107990,224.60,2026-10-06,23265.90
2026-09-24 09:41:07,23400,758225,775385,1156285,236.25,2026-10-06,23240.80
2026-09-24 09:46:06,23400,758550,775385,1230385,245.95,2026-10-06,23229.95
2026-09-24 09:51:06,23400,754650,775385,1273870,244.35,2026-10-06,23233.75
2026-09-24 09:56:07,23400,762190,775385,1314885,254.55,2026-10-06,23213.85
2026-09-24 10:01:07,23400,767325,775385,1351220,246.00,2026-10-06,23230.55
2026-09-24 10:06:06,23400,776360,775385,1382875,241.90,2026-10-06,23232.95
2026-09-24 10:11:06,23400,769795,775385,1401465,241.80,2026-10-06,23228.70
2026-09-24 10:16:07,23400,769860,775385,1418300,252.00,2026-10-06,23218.70
2026-09-24 10:21:07,23400,768105,775385,1430975,251.50,2026-10-06,23216.35
2026-09-24 10:26:07,23400,762970,775385,1449630,259.50,2026-10-06,23204.05
2026-09-24 10:31:06,23400,760890,775385,1458535,252.95,2026-10-06,23212.70
2026-09-24 10:36:07,23400,760240,775385,1469260,245.00,2026-10-06,23220.60
2026-09-24 10:41:07,23400,763230,775385,1483885,246.70,2026-10-06,23221.15
2026-09-24 10:46:07,23400,772525,775385,1499940,245.90,2026-10-06,23220.65
2026-09-24 10:51:07,23400,775775,775385,1518335,236.70,2026-10-06,23233.60
2026-09-24 10:56:06,23400,779675,775385,1535560,231.30,2026-10-06,23239.20
2026-09-24 11:01:06,23400,785330,775385,1555775,234.85,2026-10-06,23233.70
2026-09-24 11:06:07,23400,804440,775385,1587755,244.00,2026-10-06,23222.55
2026-09-24 11:11:07,23400,810485,775385,1615510,241.20,2026-10-06,23225.20
2026-09-24 11:16:07,23400,821665,775385,1655420,247.85,2026-10-06,23225.25
2026-09-24 11:21:06,23400,825045,775385,1667315,241.95,2026-10-06,23229.15
2026-09-24 11:26:07,23400,824525,775385,1685125,253.40,2026-10-06,23216.00
2026-09-24 11:31:07,23400,827580,775385,1692665,255.15,2026-10-06,23216.15
2026-09-24 11:36:07,23400,829920,775385,1704235,256.70,2026-10-06,23209.65
2026-09-24 11:41:07,23400,831480,775385,1710735,250.00,2026-10-06,23208.95
2026-09-24 11:46:07,23400,831025,775385,1714180,247.50,2026-10-06,23210.10
2026-09-24 11:51:05,23400,829920,775385,1719315,254.15,2026-10-06,23206.75
2026-09-24 11:56:06,23400,831675,775385,1727375,256.35,2026-10-06,23198.40
2026-09-24 12:01:06,23400,837850,775385,1761955,261.00,2026-10-06,23196.85
2026-09-24 12:06:07,23400,839410,775385,1768585,254.05,2026-10-06,23209.80
2026-09-24 12:11:05,23400,839020,775385,1770730,254.40,2026-10-06,23206.90
2026-09-24 12:16:07,23400,837980,775385,1775020,256.20,2026-10-06,23200.30
2026-09-24 12:21:07,23400,838240,775385,1784965,256.15,2026-10-06,23198.65
2026-09-24 12:26:06,23400,841880,775385,1798940,270.00,2026-10-06,23175.75
2026-09-24 12:36:08,23400,842530,775385,1830335,281.65,2026-10-06,23172.45
2026-09-24 12:41:08,23400,841360,775385,1839370,271.50,2026-10-06,23179.50
2026-09-24 12:46:08,23400,844220,775385,1848665,278.00,2026-10-06,23171.10
2026-09-24 12:51:08,23400,850005,775385,1866670,274.65,2026-10-06,23178.25
2026-09-24 12:56:08,23400,852020,775385,1882790,282.20,2026-10-06,23167.90
2026-09-24 13:01:08,23400,857415,775385,1892475,279.00,2026-10-06,23167.70
2026-09-24 13:06:07,23400,856960,775385,1908075,267.00,2026-10-06,23182.45
2026-09-24 13:11:08,23400,874575,775385,1930695,271.50,2026-10-06,23177.20
2026-09-24 13:16:08,23400,882700,775385,1954485,268.85,2026-10-06,23185.00
2026-09-24 13:21:07,23400,890240,775385,1965080,272.95,2026-10-06,23178.10
2026-09-24 13:26:06,23400,892450,775385,1978925,281.15,2026-10-06,23167.35
2026-09-24 13:31:07,23400,885040,775385,2025010,302.25,2026-10-06,23152.05
2026-09-24 13:36:06,23400,886470,775385,2035670,302.35,2026-10-06,23151.60
2026-09-24 13:41:05,23400,887575,775385,2052765,314.75,2026-10-06,23135.95
2026-09-24 13:46:07,23400,881335,775385,2082990,360.35,2026-10-06,23087.20
2026-09-24 13:51:06,23400,881660,775385,2117115,354.60,2026-10-06,23099.90
2026-09-24 13:56:06,23400,879905,775385,2183220,375.50,2026-10-06,23078.00
2026-09-24 14:01:06,23400,886275,775385,2218190,381.75,2026-10-06,23073.25
2026-09-24 14:06:07,23400,889200,775385,2245100,377.85,2026-10-06,23066.10
2026-09-24 14:11:07,23400,890565,775385,2255630,376.20,2026-10-06,23073.60
2026-09-24 14:16:08,23400,880945,775385,2272400,373.65,2026-10-06,23077.10
2026-09-24 14:21:08,23400,880360,775385,2282930,386.05,2026-10-06,23065.05
2026-09-24 09:21:06,23400,98475,93535,55185,263.00,2026-10-13,23227.45
2026-09-24 09:26:07,23400,99190,93535,63050,256.95,2026-10-13,23238.65
2026-09-24 09:31:08,23400,99580,93535,64090,254.55,2026-10-13,23259.10
2026-09-24 09:36:07,23400,99775,93535,67145,254.60,2026-10-13,23266.10
2026-09-24 09:41:07,23400,99190,93535,68835,267.45,2026-10-13,23241.25
2026-09-24 09:46:06,23400,98670,93535,70655,277.65,2026-10-13,23230.10
2026-09-24 09:51:07,23400,98345,93535,71695,275.25,2026-10-13,23234.60
2026-09-24 09:56:08,23400,98345,93535,72280,288.55,2026-10-13,23214.30
2026-09-24 10:01:07,23400,97955,93535,73060,278.00,2026-10-13,23230.20
2026-09-24 10:06:07,23400,97760,93535,74685,273.95,2026-10-13,23232.65
2026-09-24 10:11:07,23400,97760,93535,75010,270.00,2026-10-13,23228.60
2026-09-24 10:16:07,23400,97760,93535,76570,281.45,2026-10-13,23217.60
2026-09-24 10:21:07,23400,97630,93535,77220,286.50,2026-10-13,23216.80
2026-09-24 10:26:08,23400,97630,93535,77545,291.00,2026-10-13,23203.85
2026-09-24 10:31:07,23400,97565,93535,77805,282.75,2026-10-13,23213.05
2026-09-24 10:36:08,23400,97435,93535,78650,275.45,2026-10-13,23220.55
2026-09-24 10:41:07,23400,97045,93535,79950,274.95,2026-10-13,23221.10
2026-09-24 10:46:07,23400,97045,93535,80470,277.05,2026-10-13,23220.55
2026-09-24 10:51:08,23400,97045,93535,80665,274.50,2026-10-13,23233.90
2026-09-24 10:56:07,23400,96395,93535,82290,260.05,2026-10-13,23237.95
2026-09-24 11:01:07,23400,96330,93535,82420,262.25,2026-10-13,23234.55
2026-09-24 11:06:07,23400,96265,93535,82940,268.60,2026-10-13,23222.15
2026-09-24 11:11:07,23400,96330,93535,83005,271.00,2026-10-13,23225.15
2026-09-24 11:16:08,23400,96200,93535,83590,282.30,2026-10-13,23225.70
2026-09-24 11:21:07,23400,96135,93535,83785,270.00,2026-10-13,23229.45
2026-09-24 11:26:08,23400,95810,93535,84305,283.80,2026-10-13,23216.25
2026-09-24 11:31:08,23400,95810,93535,84305,283.80,2026-10-13,23216.00
2026-09-24 11:36:07,23400,95810,93535,84630,287.35,2026-10-13,23210.65
2026-09-24 11:41:08,23400,95875,93535,84695,282.00,2026-10-13,23210.40
2026-09-24 11:46:08,23400,95810,93535,85280,278.95,2026-10-13,23210.45
2026-09-24 11:51:06,23400,95810,93535,85540,281.45,2026-10-13,23205.75
2026-09-24 11:56:07,23400,95940,93535,86580,283.35,2026-10-13,23198.30
2026-09-24 12:01:07,23400,95810,93535,91325,292.25,2026-10-13,23196.80
2026-09-24 12:06:08,23400,95745,93535,91455,281.65,2026-10-13,23209.50
2026-09-24 12:11:06,23400,95745,93535,91715,282.45,2026-10-13,23207.20
2026-09-24 12:16:08,23400,95745,93535,91845,285.45,2026-10-13,23200.80
2026-09-24 12:21:08,23400,95745,93535,91910,289.00,2026-10-13,23199.15
2026-09-24 12:26:07,23400,95745,93535,92040,293.30,2026-10-13,23175.00
2026-09-24 12:36:08,23400,95615,93535,93730,309.65,2026-10-13,23172.95
2026-09-24 12:41:08,23400,95940,93535,94445,300.10,2026-10-13,23178.80
2026-09-24 12:46:09,23400,95940,93535,95940,308.80,2026-10-13,23171.55
2026-09-24 12:51:08,23400,96005,93535,96590,303.30,2026-10-13,23178.45
2026-09-24 12:56:08,23400,95940,93535,96720,303.40,2026-10-13,23167.75
2026-09-24 13:01:08,23400,95875,93535,96980,307.00,2026-10-13,23167.55
2026-09-24 13:06:08,23400,95485,93535,97890,293.70,2026-10-13,23182.50
2026-09-24 13:11:08,23400,95290,93535,98020,290.80,2026-10-13,23177.65
2026-09-24 13:16:09,23400,95290,93535,98995,297.60,2026-10-13,23184.40
2026-09-24 13:21:08,23400,94510,93535,99190,303.80,2026-10-13,23178.05
2026-09-24 13:26:07,23400,94315,93535,100100,311.45,2026-10-13,23167.25
2026-09-24 13:31:07,23400,94510,93535,102830,328.15,2026-10-13,23151.50
2026-09-24 13:36:06,23400,94250,93535,103480,328.05,2026-10-13,23151.15
2026-09-24 13:41:05,23400,94250,93535,103740,339.45,2026-10-13,23136.40
2026-09-24 13:46:07,23400,94250,93535,105755,372.90,2026-10-13,23088.25
2026-09-24 13:51:06,23400,94055,93535,108940,380.00,2026-10-13,23100.00
2026-09-24 13:56:07,23400,111800,93535,148980,403.00,2026-10-13,23077.75
2026-09-24 14:01:08,23400,120380,93535,159575,413.00,2026-10-13,23075.55
2026-09-24 14:06:08,23400,124735,93535,166920,408.95,2026-10-13,23066.40
2026-09-24 14:11:08,23400,125775,93535,170495,406.95,2026-10-13,23073.90
2026-09-24 14:16:09,23400,125840,93535,171665,402.40,2026-10-13,23078.20
2026-09-24 14:21:08,23400,128115,93535,176345,413.25,2026-10-13,23064.10
2026-09-24 09:21:05,23500,6775145,7820345,4172025,274.25,2026-09-29,23228.00
2026-09-24 09:26:06,23500,6508840,7820345,5533710,268.45,2026-09-29,23239.80
2026-09-24 09:31:07,23500,6558500,7820345,6004960,263.85,2026-09-29,23258.60
2026-09-24 09:36:06,23500,6584955,7820345,6411015,263.35,2026-09-29,23266.40
2026-09-24 09:41:06,23500,6579235,7820345,6986980,280.70,2026-09-29,23241.75
2026-09-24 09:46:05,23500,6551350,7820345,7466095,285.85,2026-09-29,23230.85
2026-09-24 09:51:06,23500,6554340,7820345,7793500,284.30,2026-09-29,23233.00
2026-09-24 09:56:07,23500,6519630,7820345,8115705,297.95,2026-09-29,23213.70
2026-09-24 10:01:06,23500,6495255,7820345,8355945,285.10,2026-09-29,23229.80
2026-09-24 10:06:06,23500,6502600,7820345,8565115,281.60,2026-09-29,23233.00
2026-09-24 10:11:06,23500,6485440,7820345,8856250,282.20,2026-09-29,23229.25
2026-09-24 10:16:06,23500,6479785,7820345,9126585,296.00,2026-09-29,23218.55
2026-09-24 10:21:06,23500,6457555,7820345,9384700,294.85,2026-09-29,23216.00
2026-09-24 10:26:07,23500,6457815,7820345,9651850,304.00,2026-09-29,23204.10
2026-09-24 10:31:06,23500,6453070,7820345,9777235,294.00,2026-09-29,23213.25
2026-09-24 10:36:07,23500,6445075,7820345,9990825,285.60,2026-09-29,23220.25
2026-09-24 10:41:06,23500,6421350,7820345,10181275,287.35,2026-09-29,23220.25
2026-09-24 10:46:06,23500,6386640,7820345,10409620,288.20,2026-09-29,23220.75
2026-09-24 10:51:07,23500,6344780,7820345,10533250,276.00,2026-09-29,23234.45
2026-09-24 10:56:06,23500,6281860,7820345,10754575,269.80,2026-09-29,23238.30
2026-09-24 11:01:06,23500,6265025,7820345,10915385,272.90,2026-09-29,23234.40
2026-09-24 11:06:06,23500,6278025,7820345,11089130,283.25,2026-09-29,23222.45
2026-09-24 11:11:06,23500,6223945,7820345,11254815,280.25,2026-09-29,23225.00
2026-09-24 11:16:06,23500,6235840,7820345,11491415,288.35,2026-09-29,23226.10
2026-09-24 11:21:06,23500,6261060,7820345,11660545,281.05,2026-09-29,23229.45
2026-09-24 11:26:07,23500,6271460,7820345,11891230,298.05,2026-09-29,23216.10
2026-09-24 11:31:07,23500,6286605,7820345,12013820,297.20,2026-09-29,23216.20
2026-09-24 11:36:06,23500,6263270,7820345,12232935,298.90,2026-09-29,23209.70
2026-09-24 11:41:07,23500,6246695,7820345,12307230,293.95,2026-09-29,23208.95
2026-09-24 11:46:07,23500,6267170,7820345,12402455,291.90,2026-09-29,23210.35
2026-09-24 11:51:05,23500,6282770,7820345,12481105,298.45,2026-09-29,23207.60
2026-09-24 11:56:06,23500,6297980,7820345,12616695,302.30,2026-09-29,23198.85
2026-09-24 12:01:06,23500,6319950,7820345,12989990,304.00,2026-09-29,23196.80
2026-09-24 12:06:07,23500,6321900,7820345,13196820,294.50,2026-09-29,23209.50
2026-09-24 12:11:05,23500,6352710,7820345,13343980,295.80,2026-09-29,23207.00
2026-09-24 12:16:07,23500,6350045,7820345,13442845,298.65,2026-09-29,23199.90
2026-09-24 12:21:06,23500,6355310,7820345,13519610,298.00,2026-09-29,23198.65
2026-09-24 12:26:06,23500,6298240,7820345,13677170,315.90,2026-09-29,23175.90
2026-09-24 12:36:07,23500,6275035,7820345,14125345,326.10,2026-09-29,23171.75
2026-09-24 12:41:07,23500,6083610,7820345,14246505,312.00,2026-09-29,23179.45
2026-09-24 12:46:08,23500,6072885,7820345,14373385,320.05,2026-09-29,23172.05
2026-09-24 12:51:07,23500,6007820,7820345,14527695,319.20,2026-09-29,23178.35
2026-09-24 12:56:07,23500,6017440,7820345,14628120,324.55,2026-09-29,23168.05
2026-09-24 13:01:07,23500,6019260,7820345,14703910,321.55,2026-09-29,23168.55
2026-09-24 13:06:07,23500,6003465,7820345,14824095,309.00,2026-09-29,23182.55
2026-09-24 13:11:07,23500,6006195,7820345,14972815,313.35,2026-09-29,23177.80
2026-09-24 13:16:07,23500,6008080,7820345,15069730,309.80,2026-09-29,23185.50
2026-09-24 13:21:06,23500,6025825,7820345,15121275,314.25,2026-09-29,23178.25
2026-09-24 13:26:06,23500,5976165,7820345,15204930,326.85,2026-09-29,23167.05
2026-09-24 13:31:06,23500,5939440,7820345,15604290,346.95,2026-09-29,23151.70
2026-09-24 13:36:05,23500,5938465,7820345,15756260,347.05,2026-09-29,23151.50
2026-09-24 13:41:04,23500,5950360,7820345,15943135,361.80,2026-09-29,23136.10
2026-09-24 13:46:06,23500,5922280,7820345,16309800,415.10,2026-09-29,23086.45
2026-09-24 13:51:05,23500,5811130,7820345,16690310,403.50,2026-09-29,23100.15
2026-09-24 13:56:06,23500,5840250,7820345,16887325,422.90,2026-09-29,23078.40
2026-09-24 14:01:06,23500,5856435,7820345,17092855,433.70,2026-09-29,23072.60
2026-09-24 14:06:07,23500,5828290,7820345,17358770,429.75,2026-09-29,23065.45
2026-09-24 14:11:06,23500,5835570,7820345,17526405,428.00,2026-09-29,23073.05
2026-09-24 14:16:06,23500,5819710,7820345,17592705,423.30,2026-09-29,23077.45
2026-09-24 14:21:07,23500,5816460,7820345,17654780,435.45,2026-09-29,23065.55
2026-09-24 09:21:06,23500,773435,777400,448045,297.30,2026-10-06,23228.25
2026-09-24 09:26:07,23500,717730,777400,585845,292.50,2026-10-06,23239.10
2026-09-24 09:31:08,23500,696345,777400,642135,288.50,2026-10-06,23259.00
2026-09-24 09:36:07,23500,688870,777400,676260,287.55,2026-10-06,23265.90
2026-09-24 09:41:07,23500,694590,777400,716300,304.40,2026-10-06,23240.80
2026-09-24 09:46:06,23500,674180,777400,781105,313.25,2026-10-06,23229.95
2026-09-24 09:51:06,23500,685490,777400,820105,309.55,2026-10-06,23233.75
2026-09-24 09:56:07,23500,699595,777400,859495,321.90,2026-10-06,23213.85
2026-09-24 10:01:07,23500,708955,777400,875355,311.40,2026-10-06,23230.55
2026-09-24 10:06:06,23500,715130,777400,895830,308.65,2026-10-06,23232.95
2026-09-24 10:11:06,23500,721760,777400,913055,308.05,2026-10-06,23228.70
2026-09-24 10:16:07,23500,725530,777400,948025,320.00,2026-10-06,23218.70
2026-09-24 10:21:07,23500,732745,777400,973570,317.45,2026-10-06,23216.35
2026-09-24 10:26:07,23500,736645,777400,996840,327.30,2026-10-06,23204.05
2026-09-24 10:31:06,23500,744770,777400,1017900,320.40,2026-10-06,23212.70
2026-09-24 10:36:07,23500,746655,777400,1035515,312.30,2026-10-06,23220.60
2026-09-24 10:41:07,23500,753870,777400,1051505,312.50,2026-10-06,23221.15
2026-09-24 10:46:07,23500,755040,777400,1064700,312.55,2026-10-06,23220.65
2026-09-24 10:51:07,23500,757250,777400,1074580,302.60,2026-10-06,23233.60
2026-09-24 10:56:06,23500,759785,777400,1094275,295.50,2026-10-06,23239.20
2026-09-24 11:01:06,23500,763555,777400,1102920,299.55,2026-10-06,23233.70
2026-09-24 11:06:07,23500,764465,777400,1112280,310.00,2026-10-06,23222.55
2026-09-24 11:11:07,23500,763230,777400,1120015,308.15,2026-10-06,23225.20
2026-09-24 11:16:07,23500,766415,777400,1138345,314.50,2026-10-06,23225.25
2026-09-24 11:21:06,23500,767780,777400,1148550,306.80,2026-10-06,23229.15
2026-09-24 11:26:07,23500,768300,777400,1156545,321.65,2026-10-06,23216.00
2026-09-24 11:31:07,23500,767715,777400,1164345,317.90,2026-10-06,23216.15
2026-09-24 11:36:07,23500,769665,777400,1170975,323.95,2026-10-06,23209.65
2026-09-24 11:41:07,23500,769860,777400,1178710,317.70,2026-10-06,23208.95
2026-09-24 11:46:07,23500,770185,777400,1181700,316.45,2026-10-06,23210.10
2026-09-24 11:51:05,23500,767715,777400,1189825,321.45,2026-10-06,23206.75
2026-09-24 11:56:06,23500,766415,777400,1198795,324.15,2026-10-06,23198.40
2026-09-24 12:01:06,23500,763685,777400,1214785,329.00,2026-10-06,23196.85
2026-09-24 12:06:07,23500,762775,777400,1219335,320.45,2026-10-06,23209.80
2026-09-24 12:11:05,23500,765570,777400,1228045,322.45,2026-10-06,23206.90
2026-09-24 12:16:07,23500,769990,777400,1239160,324.50,2026-10-06,23200.30
2026-09-24 12:21:07,23500,772330,777400,1243190,323.50,2026-10-06,23198.65
2026-09-24 12:26:06,23500,775970,777400,1253005,339.60,2026-10-06,23175.75
2026-09-24 12:36:08,23500,777920,777400,1270880,353.95,2026-10-06,23172.45
2026-09-24 12:41:08,23500,773110,777400,1282580,338.95,2026-10-06,23179.50
2026-09-24 12:46:08,23500,772980,777400,1289925,345.20,2026-10-06,23171.10
2026-09-24 12:51:08,23500,774475,777400,1297530,344.10,2026-10-06,23178.25
2026-09-24 12:56:08,23500,772460,777400,1302340,350.15,2026-10-06,23167.90
2026-09-24 13:01:08,23500,772330,777400,1307865,350.15,2026-10-06,23167.70
2026-09-24 13:06:07,23500,773825,777400,1312675,331.85,2026-10-06,23182.45
2026-09-24 13:11:08,23500,775385,777400,1323270,340.50,2026-10-06,23177.20
2026-09-24 13:16:08,23500,776360,777400,1326650,338.00,2026-10-06,23185.00
2026-09-24 13:21:07,23500,776620,777400,1327950,343.20,2026-10-06,23178.10
2026-09-24 13:26:06,23500,779545,777400,1349205,352.00,2026-10-06,23167.35
2026-09-24 13:31:07,23500,781170,777400,1372345,372.50,2026-10-06,23152.05
2026-09-24 13:36:06,23500,780325,777400,1380405,372.65,2026-10-06,23151.60
2026-09-24 13:41:05,23500,780520,777400,1387490,386.20,2026-10-06,23135.95
2026-09-24 13:46:07,23500,779870,777400,1420900,437.60,2026-10-06,23087.20
2026-09-24 13:51:06,23500,770315,777400,1453270,427.35,2026-10-06,23099.90
2026-09-24 13:56:06,23500,768625,777400,1462630,448.50,2026-10-06,23078.00
2026-09-24 14:01:06,23500,764335,777400,1488500,456.45,2026-10-06,23073.25
2026-09-24 14:06:07,23500,767715,777400,1500850,453.40,2026-10-06,23066.10
2026-09-24 14:11:07,23500,767195,777400,1509625,451.25,2026-10-06,23073.60
2026-09-24 14:16:08,23500,769860,777400,1520285,450.00,2026-10-06,23077.10
2026-09-24 14:21:08,23500,769015,777400,1529450,460.00,2026-10-06,23065.05
2026-09-24 09:21:06,23500,177060,190775,58370,322.00,2026-10-13,23227.45
2026-09-24 09:26:07,23500,173940,190775,67795,314.85,2026-10-13,23238.65
2026-09-24 09:31:08,23500,174005,190775,69615,311.90,2026-10-13,23259.10
2026-09-24 09:36:07,23500,174135,190775,70200,312.00,2026-10-13,23266.10
2026-09-24 09:41:07,23500,174070,190775,74620,328.55,2026-10-13,23241.25
2026-09-24 09:46:06,23500,173550,190775,77935,334.20,2026-10-13,23230.10
2026-09-24 09:51:07,23500,172835,190775,79820,334.00,2026-10-13,23234.60
2026-09-24 09:56:08,23500,172380,190775,81445,344.30,2026-10-13,23214.30
2026-09-24 10:01:07,23500,172640,190775,81640,340.80,2026-10-13,23230.20
2026-09-24 10:06:07,23500,173095,190775,83590,330.90,2026-10-13,23232.65
2026-09-24 10:11:07,23500,173485,190775,84630,327.55,2026-10-13,23228.60
2026-09-24 10:16:07,23500,173550,190775,87750,340.00,2026-10-13,23217.60
2026-09-24 10:21:07,23500,173940,190775,91910,339.95,2026-10-13,23216.80
2026-09-24 10:26:08,23500,174070,190775,92755,351.25,2026-10-13,23203.85
2026-09-24 10:31:07,23500,174590,190775,95940,340.65,2026-10-13,23213.05
2026-09-24 10:36:08,23500,174525,190775,96395,338.75,2026-10-13,23220.55
2026-09-24 10:41:07,23500,174330,190775,98865,334.65,2026-10-13,23221.10
2026-09-24 10:46:07,23500,174395,190775,99840,335.95,2026-10-13,23220.55
2026-09-24 10:51:08,23500,174720,190775,101270,327.90,2026-10-13,23233.90
2026-09-24 10:56:07,23500,174590,190775,102635,319.95,2026-10-13,23237.95
2026-09-24 11:01:07,23500,174005,190775,104065,319.00,2026-10-13,23234.55
2026-09-24 11:06:07,23500,173875,190775,104650,330.80,2026-10-13,23222.15
2026-09-24 11:11:07,23500,173810,190775,105430,329.90,2026-10-13,23225.15
2026-09-24 11:16:08,23500,173680,190775,108225,342.00,2026-10-13,23225.70
2026-09-24 11:21:07,23500,173485,190775,108485,325.10,2026-10-13,23229.45
2026-09-24 11:26:08,23500,173680,190775,109460,343.30,2026-10-13,23216.25
2026-09-24 11:31:08,23500,173810,190775,109915,344.10,2026-10-13,23216.00
2026-09-24 11:36:07,23500,173810,190775,110370,344.85,2026-10-13,23210.65
2026-09-24 11:41:08,23500,173745,190775,110825,339.45,2026-10-13,23210.40
2026-09-24 11:46:08,23500,173810,190775,110890,336.85,2026-10-13,23210.45
2026-09-24 11:51:06,23500,174070,190775,111280,338.40,2026-10-13,23205.75
2026-09-24 11:56:07,23500,170885,190775,115700,343.05,2026-10-13,23198.30
2026-09-24 12:01:07,23500,170625,190775,117520,353.05,2026-10-13,23196.80
2026-09-24 12:06:08,23500,170495,190775,117975,341.60,2026-10-13,23209.50
2026-09-24 12:11:06,23500,170495,190775,117975,341.60,2026-10-13,23207.20
2026-09-24 12:16:08,23500,170495,190775,118040,349.90,2026-10-13,23200.80
2026-09-24 12:21:08,23500,170430,190775,118560,344.30,2026-10-13,23199.15
2026-09-24 12:26:07,23500,170885,190775,119730,351.10,2026-10-13,23175.00
2026-09-24 12:36:08,23500,171080,190775,120705,365.30,2026-10-13,23172.95
2026-09-24 12:41:08,23500,171665,190775,121485,357.05,2026-10-13,23178.80
2026-09-24 12:46:09,23500,171665,190775,121810,365.00,2026-10-13,23171.55
2026-09-24 12:51:08,23500,171665,190775,122005,363.05,2026-10-13,23178.45
2026-09-24 12:56:08,23500,171665,190775,124540,368.00,2026-10-13,23167.75
2026-09-24 13:01:08,23500,171665,190775,124540,368.00,2026-10-13,23167.55
2026-09-24 13:06:08,23500,171275,190775,126425,352.00,2026-10-13,23182.50
2026-09-24 13:11:08,23500,171275,190775,127010,357.60,2026-10-13,23177.65
2026-09-24 13:16:09,23500,171340,190775,127790,360.95,2026-10-13,23184.40
2026-09-24 13:21:08,23500,171275,190775,127920,358.55,2026-10-13,23178.05
2026-09-24 13:26:07,23500,171275,190775,128050,371.10,2026-10-13,23167.25
2026-09-24 13:31:07,23500,170560,190775,132210,395.00,2026-10-13,23151.50
2026-09-24 13:36:06,23500,170625,190775,134420,390.00,2026-10-13,23151.15
2026-09-24 13:41:05,23500,170430,190775,134615,403.95,2026-10-13,23136.40
2026-09-24 13:46:07,23500,169585,190775,137995,450.00,2026-10-13,23088.25
2026-09-24 13:51:06,23500,170300,190775,141765,445.00,2026-10-13,23100.00
2026-09-24 13:56:07,23500,170040,190775,144885,466.50,2026-10-13,23077.75
2026-09-24 14:01:08,23500,171210,190775,151970,483.00,2026-10-13,23075.55
2026-09-24 14:06:08,23500,171600,190775,157170,474.05,2026-10-13,23066.40
2026-09-24 14:11:08,23500,173615,190775,164125,470.20,2026-10-13,23073.90
2026-09-24 14:16:09,23500,173550,190775,164645,465.30,2026-10-13,23078.20
2026-09-24 14:21:08,23500,173550,190775,164775,466.05,2026-10-13,23064.10
2026-09-24 09:21:05,23600,1698125,1825135,873730,361.95,2026-09-29,23228.00
2026-09-24 09:26:06,23600,1696110,1825135,1015365,353.40,2026-09-29,23239.80
2026-09-24 09:31:07,23600,1668160,1825135,1120080,349.10,2026-09-29,23258.60
2026-09-24 09:36:06,23600,1663415,1825135,1211535,350.10,2026-09-29,23266.40
2026-09-24 09:41:06,23600,1650285,1825135,1381835,368.35,2026-09-29,23241.75
2026-09-24 09:46:05,23600,1630070,1825135,1482715,372.40,2026-09-29,23230.85
2026-09-24 09:51:06,23600,1624285,1825135,1557920,371.35,2026-09-29,23233.00
2026-09-24 09:56:07,23600,1627535,1825135,1598935,383.95,2026-09-29,23213.70
2026-09-24 10:01:06,23600,1624025,1825135,1659645,371.85,2026-09-29,23229.80
2026-09-24 10:06:06,23600,1622010,1825135,1687855,368.90,2026-09-29,23233.00
2026-09-24 10:11:06,23600,1619020,1825135,1744535,368.65,2026-09-29,23229.25
2026-09-24 10:16:06,23600,1622530,1825135,1831115,383.90,2026-09-29,23218.55
2026-09-24 10:21:06,23600,1621815,1825135,1858545,382.30,2026-09-29,23216.00
2026-09-24 10:26:07,23600,1620645,1825135,1888705,391.15,2026-09-29,23204.10
2026-09-24 10:31:06,23600,1618630,1825135,1903655,382.35,2026-09-29,23213.25
2026-09-24 10:36:07,23600,1618045,1825135,1931475,374.00,2026-09-29,23220.25
2026-09-24 10:41:06,23600,1616940,1825135,1954550,375.20,2026-09-29,23220.25
2026-09-24 10:46:06,23600,1615250,1825135,1979640,375.00,2026-09-29,23220.75
2026-09-24 10:51:07,23600,1615835,1825135,1998490,363.30,2026-09-29,23234.45
2026-09-24 10:56:06,23600,1615315,1825135,2043600,356.95,2026-09-29,23238.30
2026-09-24 11:01:06,23600,1618370,1825135,2062515,360.00,2026-09-29,23234.40
2026-09-24 11:06:06,23600,1615445,1825135,2087670,370.00,2026-09-29,23222.45
2026-09-24 11:11:06,23600,1613885,1825135,2124005,367.15,2026-09-29,23225.00
2026-09-24 11:16:06,23600,1607710,1825135,2165150,377.10,2026-09-29,23226.10
2026-09-24 11:21:06,23600,1617265,1825135,2203435,368.00,2026-09-29,23229.45
2026-09-24 11:26:07,23600,1608165,1825135,2234700,386.10,2026-09-29,23216.10
2026-09-24 11:31:07,23600,1607905,1825135,2242630,385.65,2026-09-29,23216.20
2026-09-24 11:36:06,23600,1605175,1825135,2271880,388.65,2026-09-29,23209.70
2026-09-24 11:41:07,23600,1610830,1825135,2290210,381.95,2026-09-29,23208.95
2026-09-24 11:46:07,23600,1612520,1825135,2311270,381.00,2026-09-29,23210.35
2026-09-24 11:51:05,23600,1620450,1825135,2328820,386.00,2026-09-29,23207.60
2026-09-24 11:56:06,23600,1619670,1825135,2357810,391.15,2026-09-29,23198.85
2026-09-24 12:01:06,23600,1607320,1825135,2404155,394.00,2026-09-29,23196.80
2026-09-24 12:06:07,23600,1619865,1825135,2429830,383.40,2026-09-29,23209.50
2026-09-24 12:11:05,23600,1618955,1825135,2438995,384.20,2026-09-29,23207.00
2026-09-24 12:16:07,23600,1617655,1825135,2446210,388.70,2026-09-29,23199.90
2026-09-24 12:21:06,23600,1614795,1825135,2457520,388.65,2026-09-29,23198.65
2026-09-24 12:26:06,23600,1576835,1825135,2513875,406.45,2026-09-29,23175.90
2026-09-24 12:36:07,23600,1566435,1825135,2600715,417.55,2026-09-29,23171.75
2026-09-24 12:41:07,23600,1565395,1825135,2616835,401.00,2026-09-29,23179.45
2026-09-24 12:46:08,23600,1573585,1825135,2649725,409.20,2026-09-29,23172.05
2026-09-24 12:51:07,23600,1572415,1825135,2662465,407.65,2026-09-29,23178.35
2026-09-24 12:56:07,23600,1570985,1825135,2675660,415.30,2026-09-29,23168.05
2026-09-24 13:01:07,23600,1570790,1825135,2682615,414.55,2026-09-29,23168.55
2026-09-24 13:06:07,23600,1568320,1825135,2698475,397.15,2026-09-29,23182.55
2026-09-24 13:11:07,23600,1560455,1825135,2780440,401.90,2026-09-29,23177.80
2026-09-24 13:16:07,23600,1562145,1825135,2792335,399.85,2026-09-29,23185.50
2026-09-24 13:21:06,23600,1560065,1825135,2802150,405.90,2026-09-29,23178.25
2026-09-24 13:26:06,23600,1559480,1825135,2812940,417.40,2026-09-29,23167.05
2026-09-24 13:31:06,23600,1552135,1825135,2899650,439.15,2026-09-29,23151.70
2026-09-24 13:36:05,23600,1548365,1825135,2919020,438.10,2026-09-29,23151.50
2026-09-24 13:41:04,23600,1544855,1825135,2948465,453.35,2026-09-29,23136.10
2026-09-24 13:46:06,23600,1542385,1825135,3013465,505.00,2026-09-29,23086.45
2026-09-24 13:51:05,23600,1534715,1825135,3056625,495.25,2026-09-29,23100.15
2026-09-24 13:56:06,23600,1528800,1825135,3094455,513.95,2026-09-29,23078.40
2026-09-24 14:01:06,23600,1519310,1825135,3136315,524.15,2026-09-29,23072.60
2026-09-24 14:06:07,23600,1517750,1825135,3166475,521.40,2026-09-29,23065.45
2026-09-24 14:11:06,23600,1514890,1825135,3181685,518.00,2026-09-29,23073.05
2026-09-24 14:16:06,23600,1513980,1825135,3192085,515.45,2026-09-29,23077.45
2026-09-24 14:21:07,23600,1505595,1825135,3208790,526.35,2026-09-29,23065.55
2026-09-24 09:21:06,23600,145405,165165,67665,372.55,2026-10-06,23228.25
2026-09-24 09:26:07,23600,142805,165165,91975,367.00,2026-10-06,23239.10
2026-09-24 09:31:08,23600,135070,165165,103220,361.80,2026-10-06,23259.00
2026-09-24 09:36:07,23600,137150,165165,114985,361.15,2026-10-06,23265.90
2026-09-24 09:41:07,23600,137085,165165,122265,376.00,2026-10-06,23240.80
2026-09-24 09:46:06,23600,135980,165165,139620,386.10,2026-10-06,23229.95
2026-09-24 09:51:06,23600,138190,165165,156520,386.75,2026-10-06,23233.75
2026-09-24 09:56:07,23600,136825,165165,159315,400.00,2026-10-06,23213.85
2026-09-24 10:01:07,23600,137475,165165,162890,385.00,2026-10-06,23230.55
2026-09-24 10:06:06,23600,137085,165165,166010,386.15,2026-10-06,23232.95
2026-09-24 10:11:06,23600,137345,165165,170495,382.40,2026-10-06,23228.70
2026-09-24 10:16:07,23600,135525,165165,176280,397.15,2026-10-06,23218.70
2026-09-24 10:21:07,23600,135135,165165,177840,395.00,2026-10-06,23216.35
2026-09-24 10:26:07,23600,134030,165165,180830,403.40,2026-10-06,23204.05
2026-09-24 10:31:06,23600,133965,165165,181350,393.75,2026-10-06,23212.70
2026-09-24 10:36:07,23600,133705,165165,183365,385.05,2026-10-06,23220.60
2026-09-24 10:41:07,23600,133380,165165,186810,388.50,2026-10-06,23221.15
2026-09-24 10:46:07,23600,133120,165165,188435,391.00,2026-10-06,23220.65
2026-09-24 10:51:07,23600,133575,165165,189670,378.45,2026-10-06,23233.60
2026-09-24 10:56:06,23600,133315,165165,191555,367.80,2026-10-06,23239.20
2026-09-24 11:01:06,23600,133640,165165,192595,371.90,2026-10-06,23233.70
2026-09-24 11:06:07,23600,133705,165165,193830,382.00,2026-10-06,23222.55
2026-09-24 11:11:07,23600,133705,165165,194155,384.00,2026-10-06,23225.20
2026-09-24 11:16:07,23600,133575,165165,194675,398.05,2026-10-06,23225.25
2026-09-24 11:21:06,23600,133770,165165,196300,379.75,2026-10-06,23229.15
2026-09-24 11:26:07,23600,133965,165165,197405,397.55,2026-10-06,23216.00
2026-09-24 11:31:07,23600,134030,165165,198445,398.00,2026-10-06,23216.15
2026-09-24 11:36:07,23600,133120,165165,199485,402.25,2026-10-06,23209.65
2026-09-24 11:41:07,23600,133055,165165,199615,396.75,2026-10-06,23208.95
2026-09-24 11:46:07,23600,133120,165165,200460,392.20,2026-10-06,23210.10
2026-09-24 11:51:05,23600,132405,165165,201435,395.75,2026-10-06,23206.75
2026-09-24 11:56:06,23600,132535,165165,202020,400.00,2026-10-06,23198.40
2026-09-24 12:01:06,23600,132080,165165,205530,406.70,2026-10-06,23196.85
2026-09-24 12:06:07,23600,132535,165165,206765,396.85,2026-10-06,23209.80
2026-09-24 12:11:05,23600,132535,165165,207350,397.65,2026-10-06,23206.90
2026-09-24 12:16:07,23600,132535,165165,208195,398.60,2026-10-06,23200.30
2026-09-24 12:21:07,23600,132535,165165,208325,403.35,2026-10-06,23198.65
2026-09-24 12:26:06,23600,132600,165165,213850,417.15,2026-10-06,23175.75
2026-09-24 12:36:08,23600,129220,165165,218595,431.95,2026-10-06,23172.45
2026-09-24 12:41:08,23600,129935,165165,220480,418.05,2026-10-06,23179.50
2026-09-24 12:46:08,23600,129870,165165,221195,425.00,2026-10-06,23171.10
2026-09-24 12:51:08,23600,129480,165165,221780,420.05,2026-10-06,23178.25
2026-09-24 12:56:08,23600,128830,165165,224250,429.45,2026-10-06,23167.90
2026-09-24 13:01:08,23600,128830,165165,224510,423.10,2026-10-06,23167.70
2026-09-24 13:06:07,23600,128505,165165,225225,410.45,2026-10-06,23182.45
2026-09-24 13:11:08,23600,128245,165165,226070,418.35,2026-10-06,23177.20
2026-09-24 13:16:08,23600,128830,165165,227045,412.70,2026-10-06,23185.00
2026-09-24 13:21:07,23600,128765,165165,227500,420.85,2026-10-06,23178.10
2026-09-24 13:26:06,23600,128895,165165,227760,422.00,2026-10-06,23167.35
2026-09-24 13:31:07,23600,127595,165165,232765,448.50,2026-10-06,23152.05
2026-09-24 13:36:06,23600,127465,165165,233415,447.65,2026-10-06,23151.60
2026-09-24 13:41:05,23600,127400,165165,234650,467.00,2026-10-06,23135.95
2026-09-24 13:46:07,23600,125775,165165,237965,506.55,2026-10-06,23087.20
2026-09-24 13:51:06,23600,125580,165165,242450,504.55,2026-10-06,23099.90
2026-09-24 13:56:06,23600,125125,165165,244465,529.30,2026-10-06,23078.00
2026-09-24 14:01:06,23600,124865,165165,246545,541.05,2026-10-06,23073.25
2026-09-24 14:06:07,23600,124605,165165,250640,539.30,2026-10-06,23066.10
2026-09-24 14:11:07,23600,122460,165165,255905,528.00,2026-10-06,23073.60
2026-09-24 14:16:08,23600,122395,165165,256165,523.45,2026-10-06,23077.10
2026-09-24 14:21:08,23600,119405,165165,260390,540.75,2026-10-06,23065.05
2026-09-24 09:21:06,23600,37765,37700,7150,386.70,2026-10-13,23227.45
2026-09-24 09:26:07,23600,37765,37700,7735,386.70,2026-10-13,23238.65
2026-09-24 09:31:08,23600,37765,37700,7930,376.00,2026-10-13,23259.10
2026-09-24 09:36:07,23600,37635,37700,8840,375.75,2026-10-13,23266.10
2026-09-24 09:41:07,23600,37700,37700,9360,395.70,2026-10-13,23241.25
2026-09-24 09:46:06,23600,37635,37700,9490,403.05,2026-10-13,23230.10
2026-09-24 09:51:07,23600,37570,37700,9555,400.70,2026-10-13,23234.60
2026-09-24 09:56:08,23600,37570,37700,9555,400.70,2026-10-13,23214.30
2026-09-24 10:01:07,23600,37570,37700,9620,400.00,2026-10-13,23230.20
2026-09-24 10:06:07,23600,37570,37700,9620,400.00,2026-10-13,23232.65
2026-09-24 10:11:07,23600,37570,37700,9620,400.00,2026-10-13,23228.60
2026-09-24 10:16:07,23600,37570,37700,11960,411.75,2026-10-13,23217.60
2026-09-24 10:21:07,23600,37895,37700,12025,412.30,2026-10-13,23216.80
2026-09-24 10:26:08,23600,37960,37700,12090,416.30,2026-10-13,23203.85
2026-09-24 10:31:07,23600,37895,37700,12155,410.65,2026-10-13,23213.05
2026-09-24 10:36:08,23600,37895,37700,12350,400.00,2026-10-13,23220.55
2026-09-24 10:41:07,23600,38090,37700,12545,393.15,2026-10-13,23221.10
2026-09-24 10:46:07,23600,38090,37700,12545,393.15,2026-10-13,23220.55
2026-09-24 10:51:08,23600,38090,37700,12740,395.30,2026-10-13,23233.90
2026-09-24 10:56:07,23600,38090,37700,12740,395.30,2026-10-13,23237.95
2026-09-24 11:01:07,23600,38090,37700,12740,395.30,2026-10-13,23234.55
2026-09-24 11:06:07,23600,38155,37700,12805,389.15,2026-10-13,23222.15
2026-09-24 11:11:07,23600,38155,37700,13130,388.35,2026-10-13,23225.15
2026-09-24 11:16:08,23600,38155,37700,13130,388.35,2026-10-13,23225.70
2026-09-24 11:21:07,23600,37895,37700,14560,394.85,2026-10-13,23229.45
2026-09-24 11:26:08,23600,37895,37700,15015,409.35,2026-10-13,23216.25
2026-09-24 11:31:08,23600,37895,37700,15145,406.50,2026-10-13,23216.00
2026-09-24 11:36:07,23600,37895,37700,15145,406.50,2026-10-13,23210.65
2026-09-24 11:41:08,23600,37895,37700,15145,406.50,2026-10-13,23210.40
2026-09-24 11:46:08,23600,37895,37700,15145,406.50,2026-10-13,23210.45
2026-09-24 11:51:06,23600,37895,37700,15860,406.05,2026-10-13,23205.75
2026-09-24 11:56:07,23600,37895,37700,15860,406.05,2026-10-13,23198.30
2026-09-24 12:01:07,23600,37895,37700,15860,406.05,2026-10-13,23196.80
2026-09-24 12:06:08,23600,37895,37700,15860,406.05,2026-10-13,23209.50
2026-09-24 12:11:06,23600,37895,37700,15860,406.05,2026-10-13,23207.20
2026-09-24 12:16:08,23600,37895,37700,15860,406.05,2026-10-13,23200.80
2026-09-24 12:21:08,23600,37765,37700,15925,416.45,2026-10-13,23199.15
2026-09-24 12:26:07,23600,37765,37700,15925,416.45,2026-10-13,23175.00
2026-09-24 12:36:08,23600,37830,37700,16250,436.40,2026-10-13,23172.95
2026-09-24 12:41:08,23600,37765,37700,16445,429.00,2026-10-13,23178.80
2026-09-24 12:46:09,23600,37765,37700,16445,429.00,2026-10-13,23171.55
2026-09-24 12:51:08,23600,37765,37700,16640,437.10,2026-10-13,23178.45
2026-09-24 12:56:08,23600,37830,37700,16835,441.20,2026-10-13,23167.75
2026-09-24 13:01:08,23600,37830,37700,16900,440.40,2026-10-13,23167.55
2026-09-24 13:06:08,23600,37830,37700,16900,440.40,2026-10-13,23182.50
2026-09-24 13:11:08,23600,37830,37700,16900,440.40,2026-10-13,23177.65
2026-09-24 13:16:09,23600,37830,37700,16900,440.40,2026-10-13,23184.40
2026-09-24 13:21:08,23600,37830,37700,16900,440.40,2026-10-13,23178.05
2026-09-24 13:26:07,23600,37830,37700,17160,439.00,2026-10-13,23167.25
2026-09-24 13:31:07,23600,37830,37700,17355,466.35,2026-10-13,23151.50
2026-09-24 13:36:06,23600,37830,37700,17420,453.05,2026-10-13,23151.15
2026-09-24 13:41:05,23600,37830,37700,17615,470.95,2026-10-13,23136.40
2026-09-24 13:46:07,23600,37830,37700,17745,509.25,2026-10-13,23088.25
2026-09-24 13:51:06,23600,37765,37700,18330,525.80,2026-10-13,23100.00
2026-09-24 13:56:07,23600,37505,37700,18915,541.95,2026-10-13,23077.75
2026-09-24 14:01:08,23600,37505,37700,19760,566.00,2026-10-13,23075.55
2026-09-24 14:06:08,23600,36530,37700,21775,542.60,2026-10-13,23066.40
2026-09-24 14:11:08,23600,36465,37700,22165,541.75,2026-10-13,23073.90
2026-09-24 14:16:09,23600,36465,37700,22165,541.75,2026-10-13,23078.20
2026-09-24 14:21:08,23600,36465,37700,22490,540.80,2026-10-13,23064.10
2026-09-24 09:21:05,23700,986115,1051505,288990,456.00,2026-09-29,23228.00
2026-09-24 09:26:06,23700,973960,1051505,321815,446.85,2026-09-29,23239.80
2026-09-24 09:31:07,23700,968500,1051505,354250,442.10,2026-09-29,23258.60
2026-09-24 09:36:06,23700,968370,1051505,384540,442.40,2026-09-29,23266.40
2026-09-24 09:41:06,23700,965770,1051505,458315,461.35,2026-09-29,23241.75
2026-09-24 09:46:05,23700,951730,1051505,522665,466.35,2026-09-29,23230.85
2026-09-24 09:51:06,23700,940485,1051505,568230,464.50,2026-09-29,23233.00
2026-09-24 09:56:07,23700,937105,1051505,621140,480.00,2026-09-29,23213.70
2026-09-24 10:01:06,23700,959920,1051505,708305,467.40,2026-09-29,23229.80
2026-09-24 10:06:06,23700,949845,1051505,736580,464.55,2026-09-29,23233.00
2026-09-24 10:11:06,23700,948350,1051505,751205,461.70,2026-09-29,23229.25
2026-09-24 10:16:06,23700,949910,1051505,788580,477.95,2026-09-29,23218.55
2026-09-24 10:21:06,23700,943020,1051505,814320,474.60,2026-09-29,23216.00
2026-09-24 10:26:07,23700,937365,1051505,845455,485.00,2026-09-29,23204.10
2026-09-24 10:31:06,23700,936390,1051505,851500,477.30,2026-09-29,23213.25
2026-09-24 10:36:07,23700,924690,1051505,869440,468.00,2026-09-29,23220.25
2026-09-24 10:41:06,23700,926380,1051505,890435,469.05,2026-09-29,23220.25
2026-09-24 10:46:06,23700,925405,1051505,903760,470.35,2026-09-29,23220.75
2026-09-24 10:51:07,23700,924235,1051505,912795,458.90,2026-09-29,23234.45
2026-09-24 10:56:06,23700,916500,1051505,949325,447.70,2026-09-29,23238.30
2026-09-24 11:01:06,23700,917475,1051505,959270,453.95,2026-09-29,23234.40
2026-09-24 11:06:06,23700,915980,1051505,967460,463.00,2026-09-29,23222.45
2026-09-24 11:11:06,23700,915850,1051505,972205,463.95,2026-09-29,23225.00
2026-09-24 11:16:06,23700,914225,1051505,986245,471.20,2026-09-29,23226.10
2026-09-24 11:21:06,23700,905775,1051505,1002040,463.00,2026-09-29,23229.45
2026-09-24 11:26:07,23700,906100,1051505,1011790,479.60,2026-09-29,23216.10
2026-09-24 11:31:07,23700,904605,1051505,1015820,478.95,2026-09-29,23216.20
2026-09-24 11:36:06,23700,902200,1051505,1022905,484.35,2026-09-29,23209.70
2026-09-24 11:41:07,23700,901355,1051505,1028690,477.00,2026-09-29,23208.95
2026-09-24 11:46:07,23700,899600,1051505,1036035,477.70,2026-09-29,23210.35
2026-09-24 11:51:05,23700,896285,1051505,1037985,480.00,2026-09-29,23207.60
2026-09-24 11:56:06,23700,896155,1051505,1044680,484.10,2026-09-29,23198.85
2026-09-24 12:01:06,23700,892775,1051505,1054885,491.55,2026-09-29,23196.80
2026-09-24 12:06:07,23700,891670,1051505,1060020,478.45,2026-09-29,23209.50
2026-09-24 12:11:05,23700,891345,1051505,1060605,480.30,2026-09-29,23207.00
2026-09-24 12:16:07,23700,890825,1051505,1062750,482.00,2026-09-29,23199.90
2026-09-24 12:21:06,23700,890240,1051505,1063855,478.40,2026-09-29,23198.65
2026-09-24 12:26:06,23700,891540,1051505,1069575,501.85,2026-09-29,23175.90
2026-09-24 12:36:07,23700,888550,1051505,1131065,514.30,2026-09-29,23171.75
2026-09-24 12:41:07,23700,888160,1051505,1134770,497.00,2026-09-29,23179.45
2026-09-24 12:46:08,23700,884650,1051505,1151345,509.60,2026-09-29,23172.05
2026-09-24 12:51:07,23700,885300,1051505,1170065,503.50,2026-09-29,23178.35
2026-09-24 12:56:07,23700,888290,1051505,1171495,509.65,2026-09-29,23168.05
2026-09-24 13:01:07,23700,887510,1051505,1174420,508.30,2026-09-29,23168.55
2026-09-24 13:06:07,23700,885560,1051505,1181765,493.00,2026-09-29,23182.55
2026-09-24 13:11:07,23700,885040,1051505,1183845,497.75,2026-09-29,23177.80
2026-09-24 13:16:07,23700,883805,1051505,1188395,492.80,2026-09-29,23185.50
2026-09-24 13:21:06,23700,883480,1051505,1192425,499.00,2026-09-29,23178.25
2026-09-24 13:26:06,23700,885625,1051505,1197820,512.00,2026-09-29,23167.05
2026-09-24 13:31:06,23700,858845,1051505,1306630,533.60,2026-09-29,23151.70
2026-09-24 13:36:05,23700,856960,1051505,1323465,535.00,2026-09-29,23151.50
2026-09-24 13:41:04,23700,856050,1051505,1345630,548.60,2026-09-29,23136.10
2026-09-24 13:46:06,23700,859300,1051505,1376895,600.15,2026-09-29,23086.45
2026-09-24 13:51:05,23700,854230,1051505,1400295,590.05,2026-09-29,23100.15
2026-09-24 13:56:06,23700,836355,1051505,1423890,613.15,2026-09-29,23078.40
2026-09-24 14:01:06,23700,831610,1051505,1438125,619.95,2026-09-29,23072.60
2026-09-24 14:06:07,23700,828100,1051505,1448135,617.00,2026-09-29,23065.45
2026-09-24 14:11:06,23700,825890,1051505,1454635,614.05,2026-09-29,23073.05
2026-09-24 14:16:06,23700,823355,1051505,1460680,611.20,2026-09-29,23077.45
2026-09-24 14:21:07,23700,822185,1051505,1484015,621.00,2026-09-29,23065.55
2026-09-24 09:21:06,23700,81055,89700,44200,454.90,2026-10-06,23228.25
2026-09-24 09:26:07,23700,81120,89700,49075,448.45,2026-10-06,23239.10
2026-09-24 09:31:08,23700,79820,89700,56225,444.15,2026-10-06,23259.00
2026-09-24 09:36:07,23700,81510,89700,65195,445.95,2026-10-06,23265.90
2026-09-24 09:41:07,23700,80535,89700,67015,462.45,2026-10-06,23240.80
2026-09-24 09:46:06,23700,79690,89700,70200,470.50,2026-10-06,23229.95
2026-09-24 09:51:06,23700,79235,89700,71435,466.95,2026-10-06,23233.75
2026-09-24 09:56:07,23700,78845,89700,71955,479.90,2026-10-06,23213.85
2026-09-24 10:01:07,23700,78130,89700,74295,468.60,2026-10-06,23230.55
2026-09-24 10:06:06,23700,77415,89700,75920,464.90,2026-10-06,23232.95
2026-09-24 10:11:06,23700,77415,89700,77415,465.30,2026-10-06,23228.70
2026-09-24 10:16:07,23700,77350,89700,78390,475.00,2026-10-06,23218.70
2026-09-24 10:21:07,23700,77415,89700,79300,478.00,2026-10-06,23216.35
2026-09-24 10:26:07,23700,77415,89700,81575,487.40,2026-10-06,23204.05
2026-09-24 10:31:06,23700,77220,89700,81770,478.15,2026-10-06,23212.70
2026-09-24 10:36:07,23700,77220,89700,82420,464.40,2026-10-06,23220.60
2026-09-24 10:41:07,23700,77350,89700,82875,463.90,2026-10-06,23221.15
2026-09-24 10:46:07,23700,77285,89700,83005,479.90,2026-10-06,23220.65
2026-09-24 10:51:07,23700,78520,89700,85995,463.70,2026-10-06,23233.60
2026-09-24 10:56:06,23700,79365,89700,87035,450.20,2026-10-06,23239.20
2026-09-24 11:01:06,23700,79365,89700,87425,454.75,2026-10-06,23233.70
2026-09-24 11:06:07,23700,79300,89700,88075,463.90,2026-10-06,23222.55
2026-09-24 11:11:07,23700,79365,89700,88595,469.90,2026-10-06,23225.20
2026-09-24 11:16:07,23700,79300,89700,89310,482.50,2026-10-06,23225.25
2026-09-24 11:21:06,23700,79365,89700,89700,455.50,2026-10-06,23229.15
2026-09-24 11:26:07,23700,79625,89700,90285,481.80,2026-10-06,23216.00
2026-09-24 11:31:07,23700,79820,89700,90480,477.20,2026-10-06,23216.15
2026-09-24 11:36:07,23700,79755,89700,91130,484.40,2026-10-06,23209.65
2026-09-24 11:41:07,23700,79885,89700,91325,482.10,2026-10-06,23208.95
2026-09-24 11:46:07,23700,79885,89700,91520,477.00,2026-10-06,23210.10
2026-09-24 11:51:05,23700,79885,89700,92235,479.25,2026-10-06,23206.75
2026-09-24 11:56:06,23700,80080,89700,93145,487.40,2026-10-06,23198.40
2026-09-24 12:01:06,23700,80145,89700,93860,491.00,2026-10-06,23196.85
2026-09-24 12:06:07,23700,80275,89700,94250,480.00,2026-10-06,23209.80
2026-09-24 12:11:05,23700,80665,89700,95095,482.20,2026-10-06,23206.90
2026-09-24 12:16:07,23700,80665,89700,95290,484.70,2026-10-06,23200.30
2026-09-24 12:21:07,23700,80730,89700,95355,483.70,2026-10-06,23198.65
2026-09-24 12:26:06,23700,80795,89700,95485,487.20,2026-10-06,23175.75
2026-09-24 12:36:08,23700,81120,89700,97435,500.65,2026-10-06,23172.45
2026-09-24 12:41:08,23700,81120,89700,97435,500.65,2026-10-06,23179.50
2026-09-24 12:46:08,23700,81120,89700,97500,504.00,2026-10-06,23171.10
2026-09-24 12:51:08,23700,81185,89700,99190,505.00,2026-10-06,23178.25
2026-09-24 12:56:08,23700,81055,89700,99385,513.55,2026-10-06,23167.90
2026-09-24 13:01:08,23700,81055,89700,99450,513.55,2026-10-06,23167.70
2026-09-24 13:06:07,23700,81055,89700,99580,493.10,2026-10-06,23182.45
2026-09-24 13:11:08,23700,81120,89700,99645,498.95,2026-10-06,23177.20
2026-09-24 13:16:08,23700,81120,89700,99775,505.00,2026-10-06,23185.00
2026-09-24 13:21:07,23700,81120,89700,99775,505.00,2026-10-06,23178.10
2026-09-24 13:26:06,23700,81120,89700,100100,513.55,2026-10-06,23167.35
2026-09-24 13:31:07,23700,81835,89700,102245,534.30,2026-10-06,23152.05
2026-09-24 13:36:06,23700,82355,89700,102700,532.75,2026-10-06,23151.60
2026-09-24 13:41:05,23700,82355,89700,106275,553.00,2026-10-06,23135.95
2026-09-24 13:46:07,23700,80275,89700,108940,600.00,2026-10-06,23087.20
2026-09-24 13:51:06,23700,80340,89700,109525,586.60,2026-10-06,23099.90
2026-09-24 13:56:06,23700,80015,89700,110175,607.60,2026-10-06,23078.00
2026-09-24 14:01:06,23700,80535,89700,112060,640.00,2026-10-06,23073.25
2026-09-24 14:06:07,23700,79105,89700,116415,627.50,2026-10-06,23066.10
2026-09-24 14:11:07,23700,78520,89700,118950,619.00,2026-10-06,23073.60
2026-09-24 14:16:08,23700,78000,89700,120770,611.00,2026-10-06,23077.10
2026-09-24 14:21:08,23700,77935,89700,121095,626.00,2026-10-06,23065.05
2026-09-24 09:21:06,23700,10335,11245,2015,461.55,2026-10-13,23227.45
2026-09-24 09:26:07,23700,9880,11245,2795,447.90,2026-10-13,23238.65
2026-09-24 09:31:08,23700,9230,11245,3120,457.95,2026-10-13,23259.10
2026-09-24 09:36:07,23700,9230,11245,3250,447.75,2026-10-13,23266.10
2026-09-24 09:41:07,23700,9230,11245,3315,447.20,2026-10-13,23241.25
2026-09-24 09:46:06,23700,9425,11245,3575,480.00,2026-10-13,23230.10
2026-09-24 09:51:07,23700,9295,11245,3640,472.10,2026-10-13,23234.60
2026-09-24 09:56:08,23700,9295,11245,3705,479.05,2026-10-13,23214.30
2026-09-24 10:01:07,23700,9230,11245,3770,487.20,2026-10-13,23230.20
2026-09-24 10:06:07,23700,9230,11245,3770,487.20,2026-10-13,23232.65
2026-09-24 10:11:07,23700,9230,11245,3900,462.80,2026-10-13,23228.60
2026-09-24 10:16:07,23700,9295,11245,3965,475.00,2026-10-13,23217.60
2026-09-24 10:21:07,23700,9295,11245,3965,475.00,2026-10-13,23216.80
2026-09-24 10:26:08,23700,9230,11245,4095,488.80,2026-10-13,23203.85
2026-09-24 10:31:07,23700,9230,11245,4095,488.80,2026-10-13,23213.05
2026-09-24 10:36:08,23700,9295,11245,4160,471.95,2026-10-13,23220.55
2026-09-24 10:41:07,23700,9360,11245,4290,464.80,2026-10-13,23221.10
2026-09-24 10:46:07,23700,9360,11245,4290,464.80,2026-10-13,23220.55
2026-09-24 10:51:08,23700,9425,11245,4355,471.15,2026-10-13,23233.90
2026-09-24 10:56:07,23700,9425,11245,4355,471.15,2026-10-13,23237.95
2026-09-24 11:01:07,23700,9490,11245,4550,458.05,2026-10-13,23234.55
2026-09-24 11:06:07,23700,9620,11245,5070,465.00,2026-10-13,23222.15
2026-09-24 11:11:07,23700,9620,11245,5070,465.00,2026-10-13,23225.15
2026-09-24 11:16:08,23700,9620,11245,5070,465.00,2026-10-13,23225.70
2026-09-24 11:21:07,23700,9685,11245,5135,480.55,2026-10-13,23229.45
2026-09-24 11:26:08,23700,9620,11245,5200,488.20,2026-10-13,23216.25
2026-09-24 11:31:08,23700,9620,11245,5200,488.20,2026-10-13,23216.00
2026-09-24 11:36:07,23700,9620,11245,5200,488.20,2026-10-13,23210.65
2026-09-24 11:41:08,23700,9620,11245,5200,488.20,2026-10-13,23210.40
2026-09-24 11:46:08,23700,9620,11245,5200,488.20,2026-10-13,23210.45
2026-09-24 11:51:06,23700,9620,11245,5200,488.20,2026-10-13,23205.75
2026-09-24 11:56:07,23700,9620,11245,5200,488.20,2026-10-13,23198.30
2026-09-24 12:01:07,23700,9620,11245,5200,488.20,2026-10-13,23196.80
2026-09-24 12:06:08,23700,9620,11245,5200,488.20,2026-10-13,23209.50
2026-09-24 12:11:06,23700,9620,11245,5200,488.20,2026-10-13,23207.20
2026-09-24 12:16:08,23700,9620,11245,5200,488.20,2026-10-13,23200.80
2026-09-24 12:21:08,23700,9620,11245,5200,488.20,2026-10-13,23199.15
2026-09-24 12:26:07,23700,9620,11245,5200,488.20,2026-10-13,23175.00
2026-09-24 12:36:08,23700,9490,11245,5460,516.35,2026-10-13,23172.95
2026-09-24 12:41:08,23700,9490,11245,5720,503.10,2026-10-13,23178.80
2026-09-24 12:46:09,23700,9490,11245,5720,503.10,2026-10-13,23171.55
2026-09-24 12:51:08,23700,9360,11245,5850,512.25,2026-10-13,23178.45
2026-09-24 12:56:08,23700,9360,11245,5980,516.25,2026-10-13,23167.75
2026-09-24 13:01:08,23700,9360,11245,6045,516.80,2026-10-13,23167.55
2026-09-24 13:06:08,23700,9360,11245,6045,516.80,2026-10-13,23182.50
2026-09-24 13:11:08,23700,9360,11245,6045,516.80,2026-10-13,23177.65
2026-09-24 13:16:09,23700,9360,11245,6045,516.80,2026-10-13,23184.40
2026-09-24 13:21:08,23700,9360,11245,6045,516.80,2026-10-13,23178.05
2026-09-24 13:26:07,23700,9360,11245,6045,516.80,2026-10-13,23167.25
2026-09-24 13:31:07,23700,9360,11245,6110,546.25,2026-10-13,23151.50
2026-09-24 13:36:06,23700,9360,11245,6175,535.15,2026-10-13,23151.15
2026-09-24 13:41:05,23700,9360,11245,6175,535.15,2026-10-13,23136.40
2026-09-24 13:46:07,23700,9360,11245,6305,559.95,2026-10-13,23088.25
2026-09-24 13:51:06,23700,9490,11245,6890,600.85,2026-10-13,23100.00
2026-09-24 13:56:07,23700,9425,11245,7020,612.00,2026-10-13,23077.75
2026-09-24 14:01:08,23700,9425,11245,7020,612.00,2026-10-13,23075.55
2026-09-24 14:06:08,23700,9425,11245,7020,612.00,2026-10-13,23066.40
2026-09-24 14:11:08,23700,9425,11245,7020,612.00,2026-10-13,23073.90
2026-09-24 14:16:09,23700,9425,11245,7020,612.00,2026-10-13,23078.20
2026-09-24 14:21:08,23700,9425,11245,7215,636.60,2026-10-13,23064.10
2026-09-24 09:21:05,23800,1491685,1503450,98605,552.55,2026-09-29,23228.00
2026-09-24 09:26:06,23800,1477515,1503450,125775,545.60,2026-09-29,23239.80
2026-09-24 09:31:07,23800,1468610,1503450,151775,539.70,2026-09-29,23258.60
2026-09-24 09:36:06,23800,1465620,1503450,187525,539.30,2026-09-29,23266.40
2026-09-24 09:41:06,23800,1454180,1503450,217100,553.50,2026-09-29,23241.75
2026-09-24 09:46:05,23800,1453465,1503450,234455,564.95,2026-09-29,23230.85
2026-09-24 09:51:06,23800,1450930,1503450,244400,561.70,2026-09-29,23233.00
2026-09-24 09:56:07,23800,1450020,1503450,261170,575.30,2026-09-29,23213.70
2026-09-24 10:01:06,23800,1447160,1503450,275340,563.35,2026-09-29,23229.80
2026-09-24 10:06:06,23800,1445665,1503450,286715,561.50,2026-09-29,23233.00
2026-09-24 10:11:06,23800,1442740,1503450,297180,560.75,2026-09-29,23229.25
2026-09-24 10:16:06,23800,1441310,1503450,311025,576.45,2026-09-29,23218.55
2026-09-24 10:21:06,23800,1441310,1503450,323050,570.65,2026-09-29,23216.00
2026-09-24 10:26:07,23800,1440985,1503450,330980,584.50,2026-09-29,23204.10
2026-09-24 10:31:06,23800,1436240,1503450,339430,574.00,2026-09-29,23213.25
2026-09-24 10:36:07,23800,1431560,1503450,350025,566.00,2026-09-29,23220.25
2026-09-24 10:41:06,23800,1430585,1503450,357890,567.80,2026-09-29,23220.25
2026-09-24 10:46:06,23800,1429025,1503450,363350,567.85,2026-09-29,23220.75
2026-09-24 10:51:07,23800,1428765,1503450,366860,552.75,2026-09-29,23234.45
2026-09-24 10:56:06,23800,1424410,1503450,378950,546.85,2026-09-29,23238.30
2026-09-24 11:01:06,23800,1419340,1503450,383955,552.10,2026-09-29,23234.40
2026-09-24 11:06:06,23800,1418170,1503450,387855,560.00,2026-09-29,23222.45
2026-09-24 11:11:06,23800,1418235,1503450,392145,560.30,2026-09-29,23225.00
2026-09-24 11:16:06,23800,1413295,1503450,404105,575.75,2026-09-29,23226.10
2026-09-24 11:21:06,23800,1411670,1503450,408005,558.95,2026-09-29,23229.45
2026-09-24 11:26:07,23800,1411605,1503450,411125,577.10,2026-09-29,23216.10
2026-09-24 11:31:07,23800,1410890,1503450,428870,576.80,2026-09-29,23216.20
2026-09-24 11:36:06,23800,1419860,1503450,438490,584.30,2026-09-29,23209.70
2026-09-24 11:41:07,23800,1419600,1503450,439595,574.00,2026-09-29,23208.95
2026-09-24 11:46:07,23800,1419145,1503450,443560,576.80,2026-09-29,23210.35
2026-09-24 11:51:05,23800,1418430,1503450,445185,580.00,2026-09-29,23207.60
2026-09-24 11:56:06,23800,1418040,1503450,451685,580.05,2026-09-29,23198.85
2026-09-24 12:01:06,23800,1418690,1503450,458055,593.30,2026-09-29,23196.80
2026-09-24 12:06:07,23800,1416155,1503450,468845,575.20,2026-09-29,23209.50
2026-09-24 12:11:05,23800,1415765,1503450,469365,577.40,2026-09-29,23207.00
2026-09-24 12:16:07,23800,1413880,1503450,472745,579.50,2026-09-29,23199.90
2026-09-24 12:21:06,23800,1412645,1503450,475410,580.90,2026-09-29,23198.65
2026-09-24 12:26:06,23800,1412255,1503450,476515,595.00,2026-09-29,23175.90
2026-09-24 12:36:07,23800,1411670,1503450,485810,610.50,2026-09-29,23171.75
2026-09-24 12:41:07,23800,1410500,1503450,489190,595.00,2026-09-29,23179.45
2026-09-24 12:46:08,23800,1405365,1503450,497640,606.05,2026-09-29,23172.05
2026-09-24 12:51:07,23800,1404390,1503450,499720,600.00,2026-09-29,23178.35
2026-09-24 12:56:07,23800,1403675,1503450,502320,609.05,2026-09-29,23168.05
2026-09-24 13:01:07,23800,1403090,1503450,506155,607.50,2026-09-29,23168.55
2026-09-24 13:06:07,23800,1400620,1503450,511550,587.70,2026-09-29,23182.55
2026-09-24 13:11:07,23800,1398735,1503450,514605,595.30,2026-09-29,23177.80
2026-09-24 13:16:07,23800,1398475,1503450,516035,596.00,2026-09-29,23185.50
2026-09-24 13:21:06,23800,1398280,1503450,518180,598.60,2026-09-29,23178.25
2026-09-24 13:26:06,23800,1395615,1503450,524290,609.60,2026-09-29,23167.05
2026-09-24 13:31:06,23800,1389375,1503450,546390,631.10,2026-09-29,23151.70
2026-09-24 13:36:05,23800,1386840,1503450,553345,633.00,2026-09-29,23151.50
2026-09-24 13:41:04,23800,1384305,1503450,563615,649.40,2026-09-29,23136.10
2026-09-24 13:46:06,23800,1381835,1503450,573820,700.00,2026-09-29,23086.45
2026-09-24 13:51:05,23800,1379950,1503450,584675,690.60,2026-09-29,23100.15
2026-09-24 13:56:06,23800,1378195,1503450,589225,709.05,2026-09-29,23078.40
2026-09-24 14:01:06,23800,1376115,1503450,594360,717.75,2026-09-29,23072.60
2026-09-24 14:06:07,23800,1374945,1503450,604955,716.55,2026-09-29,23065.45
2026-09-24 14:11:06,23800,1367665,1503450,619905,712.05,2026-09-29,23073.05
2026-09-24 14:16:06,23800,1364285,1503450,627770,707.00,2026-09-29,23077.45
2026-09-24 14:21:07,23800,1363180,1503450,631930,722.00,2026-09-29,23065.55
2026-09-24 09:21:06,23800,84045,85475,9035,543.40,2026-10-06,23228.25
2026-09-24 09:26:07,23800,87360,85475,13650,524.05,2026-10-06,23239.10
2026-09-24 09:31:08,23800,87360,85475,13910,535.00,2026-10-06,23259.00
2026-09-24 09:36:07,23800,87035,85475,14560,535.00,2026-10-06,23265.90
2026-09-24 09:41:07,23800,87230,85475,15860,545.00,2026-10-06,23240.80
2026-09-24 09:46:06,23800,87295,85475,17420,561.50,2026-10-06,23229.95
2026-09-24 09:51:06,23800,86840,85475,19370,555.75,2026-10-06,23233.75
2026-09-24 09:56:07,23800,86645,85475,20540,575.25,2026-10-06,23213.85
2026-09-24 10:01:07,23800,86320,85475,21710,557.90,2026-10-06,23230.55
2026-09-24 10:06:06,23800,86515,85475,23140,558.90,2026-10-06,23232.95
2026-09-24 10:11:06,23800,86450,85475,24310,554.30,2026-10-06,23228.70
2026-09-24 10:16:07,23800,86320,85475,25675,566.30,2026-10-06,23218.70
2026-09-24 10:21:07,23800,86320,85475,27495,564.15,2026-10-06,23216.35
2026-09-24 10:26:07,23800,86450,85475,28145,577.10,2026-10-06,23204.05
2026-09-24 10:31:06,23800,86385,85475,28275,576.00,2026-10-06,23212.70
2026-09-24 10:36:07,23800,86385,85475,28795,561.00,2026-10-06,23220.60
2026-09-24 10:41:07,23800,86125,85475,29640,564.60,2026-10-06,23221.15
2026-09-24 10:46:07,23800,86060,85475,29965,565.00,2026-10-06,23220.65
2026-09-24 10:51:07,23800,85995,85475,30355,556.00,2026-10-06,23233.60
2026-09-24 10:56:06,23800,85800,85475,34710,538.65,2026-10-06,23239.20
2026-09-24 11:01:06,23800,85085,85475,37505,541.60,2026-10-06,23233.70
2026-09-24 11:06:07,23800,85020,85475,38090,552.00,2026-10-06,23222.55
2026-09-24 11:11:07,23800,85280,85475,38870,558.00,2026-10-06,23225.20
2026-09-24 11:16:07,23800,85605,85475,39455,571.55,2026-10-06,23225.25
2026-09-24 11:21:06,23800,86060,85475,39845,548.30,2026-10-06,23229.15
2026-09-24 11:26:07,23800,86060,85475,40105,570.40,2026-10-06,23216.00
2026-09-24 11:31:07,23800,86255,85475,40560,566.35,2026-10-06,23216.15
2026-09-24 11:36:07,23800,86255,85475,41665,573.40,2026-10-06,23209.65
2026-09-24 11:41:07,23800,86385,85475,42055,567.95,2026-10-06,23208.95
2026-09-24 11:46:07,23800,86580,85475,42575,566.05,2026-10-06,23210.10
2026-09-24 11:51:05,23800,86255,85475,43030,570.75,2026-10-06,23206.75
2026-09-24 11:56:06,23800,86385,85475,43355,571.45,2026-10-06,23198.40
2026-09-24 12:01:06,23800,86515,85475,44070,582.15,2026-10-06,23196.85
2026-09-24 12:06:07,23800,86580,85475,44460,570.50,2026-10-06,23209.80
2026-09-24 12:11:05,23800,86710,85475,44655,573.95,2026-10-06,23206.90
2026-09-24 12:16:07,23800,86775,85475,44915,581.45,2026-10-06,23200.30
2026-09-24 12:21:07,23800,86710,85475,45045,575.90,2026-10-06,23198.65
2026-09-24 12:26:06,23800,86775,85475,45175,584.00,2026-10-06,23175.75
2026-09-24 12:36:08,23800,86840,85475,45760,610.25,2026-10-06,23172.45
2026-09-24 12:41:08,23800,86645,85475,45890,597.05,2026-10-06,23179.50
2026-09-24 12:46:08,23800,86255,85475,52000,601.35,2026-10-06,23171.10
2026-09-24 12:51:08,23800,86255,85475,52000,601.35,2026-10-06,23178.25
2026-09-24 12:56:08,23800,86320,85475,52260,603.00,2026-10-06,23167.90
2026-09-24 13:01:08,23800,86385,85475,52390,602.55,2026-10-06,23167.70
2026-09-24 13:06:07,23800,86385,85475,52390,602.55,2026-10-06,23182.45
2026-09-24 13:11:08,23800,86385,85475,52390,602.55,2026-10-06,23177.20
2026-09-24 13:16:08,23800,86385,85475,52455,593.80,2026-10-06,23185.00
2026-09-24 13:21:07,23800,86385,85475,52455,593.80,2026-10-06,23178.10
2026-09-24 13:26:06,23800,86385,85475,52455,593.80,2026-10-06,23167.35
2026-09-24 13:31:07,23800,86385,85475,53040,635.00,2026-10-06,23152.05
2026-09-24 13:36:06,23800,86385,85475,53040,635.00,2026-10-06,23151.60
2026-09-24 13:41:05,23800,86580,85475,53495,645.00,2026-10-06,23135.95
2026-09-24 13:46:07,23800,87620,85475,56030,675.75,2026-10-06,23087.20
2026-09-24 13:51:06,23800,87230,85475,56615,680.00,2026-10-06,23099.90
2026-09-24 13:56:06,23800,87230,85475,60645,687.00,2026-10-06,23078.00
2026-09-24 14:01:06,23800,86970,85475,60710,713.15,2026-10-06,23073.25
2026-09-24 14:06:07,23800,86840,85475,61295,720.00,2026-10-06,23066.10
2026-09-24 14:11:07,23800,86840,85475,61295,720.00,2026-10-06,23073.60
2026-09-24 14:16:08,23800,86905,85475,61360,709.90,2026-10-06,23077.10
2026-09-24 14:21:08,23800,86905,85475,62855,713.20,2026-10-06,23065.05
2026-09-24 09:21:06,23800,9880,9945,195,525.00,2026-10-13,23227.45
2026-09-24 09:26:07,23800,9880,9945,260,525.75,2026-10-13,23238.65
2026-09-24 09:31:08,23800,9945,9945,325,536.80,2026-10-13,23259.10
2026-09-24 09:36:07,23800,9230,9945,1170,530.00,2026-10-13,23266.10
2026-09-24 09:41:07,23800,8905,9945,1820,549.95,2026-10-13,23241.25
2026-09-24 09:46:06,23800,8645,9945,2015,555.15,2026-10-13,23230.10
2026-09-24 09:51:07,23800,8580,9945,2210,559.75,2026-10-13,23234.60
2026-09-24 09:56:08,23800,8450,9945,2340,559.75,2026-10-13,23214.30
2026-09-24 10:01:07,23800,8385,9945,2405,559.75,2026-10-13,23230.20
2026-09-24 10:06:07,23800,8385,9945,2470,544.15,2026-10-13,23232.65
2026-09-24 10:11:07,23800,8385,9945,2470,544.15,2026-10-13,23228.60
2026-09-24 10:16:07,23800,8450,9945,2535,559.00,2026-10-13,23217.60
2026-09-24 10:21:07,23800,8450,9945,2600,549.55,2026-10-13,23216.80
2026-09-24 10:26:08,23800,8515,9945,2665,560.50,2026-10-13,23203.85
2026-09-24 10:31:07,23800,8580,9945,2795,554.05,2026-10-13,23213.05
2026-09-24 10:36:08,23800,8580,9945,2795,554.05,2026-10-13,23220.55
2026-09-24 10:41:07,23800,8645,9945,2860,522.80,2026-10-13,23221.10
2026-09-24 10:46:07,23800,8710,9945,2925,544.00,2026-10-13,23220.55
2026-09-24 10:51:08,23800,8710,9945,2925,544.00,2026-10-13,23233.90
2026-09-24 10:56:07,23800,8710,9945,2925,544.00,2026-10-13,23237.95
2026-09-24 11:01:07,23800,8710,9945,2925,544.00,2026-10-13,23234.55
2026-09-24 11:06:07,23800,8710,9945,2925,544.00,2026-10-13,23222.15
2026-09-24 11:11:07,23800,8710,9945,2925,544.00,2026-10-13,23225.15
2026-09-24 11:16:08,23800,8710,9945,2925,544.00,2026-10-13,23225.70
2026-09-24 11:21:07,23800,8710,9945,2925,544.00,2026-10-13,23229.45
2026-09-24 11:26:08,23800,8645,9945,3185,573.70,2026-10-13,23216.25
2026-09-24 11:31:08,23800,8645,9945,3185,573.70,2026-10-13,23216.00
2026-09-24 11:36:07,23800,8645,9945,3185,573.70,2026-10-13,23210.65
2026-09-24 11:41:08,23800,8645,9945,3185,573.70,2026-10-13,23210.40
2026-09-24 11:46:08,23800,8645,9945,3185,573.70,2026-10-13,23210.45
2026-09-24 11:51:06,23800,8580,9945,3250,553.90,2026-10-13,23205.75
2026-09-24 11:56:07,23800,8580,9945,3250,553.90,2026-10-13,23198.30
2026-09-24 12:01:07,23800,8580,9945,3250,553.90,2026-10-13,23196.80
2026-09-24 12:06:08,23800,8580,9945,3250,553.90,2026-10-13,23209.50
2026-09-24 12:11:06,23800,8580,9945,3250,553.90,2026-10-13,23207.20
2026-09-24 12:16:08,23800,8580,9945,3250,553.90,2026-10-13,23200.80
2026-09-24 12:21:08,23800,8580,9945,3250,553.90,2026-10-13,23199.15
2026-09-24 12:26:07,23800,8580,9945,3250,553.90,2026-10-13,23175.00
2026-09-24 12:36:08,23800,8580,9945,3250,553.90,2026-10-13,23172.95
2026-09-24 12:41:08,23800,8580,9945,3250,553.90,2026-10-13,23178.80
2026-09-24 12:46:09,23800,8580,9945,3250,553.90,2026-10-13,23171.55
2026-09-24 12:51:08,23800,8580,9945,3250,553.90,2026-10-13,23178.45
2026-09-24 12:56:08,23800,8580,9945,3250,553.90,2026-10-13,23167.75
2026-09-24 13:01:08,23800,8580,9945,3250,553.90,2026-10-13,23167.55
2026-09-24 13:06:08,23800,8580,9945,3250,553.90,2026-10-13,23182.50
2026-09-24 13:11:08,23800,8580,9945,3250,553.90,2026-10-13,23177.65
2026-09-24 13:16:09,23800,8580,9945,3250,553.90,2026-10-13,23184.40
2026-09-24 13:21:08,23800,8580,9945,3250,553.90,2026-10-13,23178.05
2026-09-24 13:26:07,23800,8580,9945,3250,553.90,2026-10-13,23167.25
2026-09-24 13:31:07,23800,8580,9945,3250,553.90,2026-10-13,23151.50
2026-09-24 13:36:06,23800,8580,9945,3250,553.90,2026-10-13,23151.15
2026-09-24 13:41:05,23800,8580,9945,3250,553.90,2026-10-13,23136.40
2026-09-24 13:46:07,23800,8580,9945,3315,623.65,2026-10-13,23088.25
2026-09-24 13:51:06,23800,8840,9945,3640,671.60,2026-10-13,23100.00
2026-09-24 13:56:07,23800,8905,9945,3835,673.35,2026-10-13,23077.75
2026-09-24 14:01:08,23800,8905,9945,3900,705.55,2026-10-13,23075.55
2026-09-24 14:06:08,23800,8905,9945,3900,705.55,2026-10-13,23066.40
2026-09-24 14:11:08,23800,8905,9945,3965,719.90,2026-10-13,23073.90
2026-09-24 14:16:09,23800,8905,9945,3965,719.90,2026-10-13,23078.20
2026-09-24 14:21:08,23800,8905,9945,3965,719.90,2026-10-13,23064.10
2026-09-24 09:21:05,23900,937755,940225,40950,651.75,2026-09-29,23228.00
2026-09-24 09:26:06,23900,929630,940225,48425,644.00,2026-09-29,23239.80
2026-09-24 09:31:07,23900,928980,940225,53690,638.30,2026-09-29,23258.60
2026-09-24 09:36:06,23900,927485,940225,57395,637.45,2026-09-29,23266.40
2026-09-24 09:41:06,23900,918905,940225,73645,655.00,2026-09-29,23241.75
2026-09-24 09:46:05,23900,908960,940225,94315,664.15,2026-09-29,23230.85
2026-09-24 09:51:06,23900,897455,940225,108225,661.10,2026-09-29,23233.00
2026-09-24 09:56:07,23900,890370,940225,118755,680.10,2026-09-29,23213.70
2026-09-24 10:01:06,23900,888875,940225,124020,661.15,2026-09-29,23229.80
2026-09-24 10:06:06,23900,888160,940225,130845,664.80,2026-09-29,23233.00
2026-09-24 10:11:06,23900,888095,940225,134225,658.55,2026-09-29,23229.25
2026-09-24 10:16:06,23900,886990,940225,143000,674.90,2026-09-29,23218.55
2026-09-24 10:21:06,23900,886860,940225,144950,673.30,2026-09-29,23216.00
2026-09-24 10:26:07,23900,886080,940225,146770,682.55,2026-09-29,23204.10
2026-09-24 10:31:06,23900,885105,940225,148655,676.00,2026-09-29,23213.25
2026-09-24 10:36:07,23900,882700,940225,156130,662.35,2026-09-29,23220.25
2026-09-24 10:41:06,23900,881270,940225,163020,664.65,2026-09-29,23220.25
2026-09-24 10:46:06,23900,880880,940225,164320,662.55,2026-09-29,23220.75
2026-09-24 10:51:07,23900,880425,940225,167505,655.10,2026-09-29,23234.45
2026-09-24 10:56:06,23900,880750,940225,169065,640.20,2026-09-29,23238.30
2026-09-24 11:01:06,23900,880945,940225,170820,644.20,2026-09-29,23234.40
2026-09-24 11:06:06,23900,880555,940225,170950,645.80,2026-09-29,23222.45
2026-09-24 11:11:06,23900,879905,940225,173225,661.00,2026-09-29,23225.00
2026-09-24 11:16:06,23900,879710,940225,177645,666.60,2026-09-29,23226.10
2026-09-24 11:21:06,23900,876135,940225,182975,658.75,2026-09-29,23229.45
2026-09-24 11:26:07,23900,874510,940225,187590,675.05,2026-09-29,23216.10
2026-09-24 11:31:07,23900,873990,940225,189475,669.00,2026-09-29,23216.20
2026-09-24 11:36:06,23900,871065,940225,194350,680.15,2026-09-29,23209.70
2026-09-24 11:41:07,23900,870155,940225,197340,673.60,2026-09-29,23208.95
2026-09-24 11:46:07,23900,869635,940225,199225,671.65,2026-09-29,23210.35
2026-09-24 11:51:05,23900,868790,940225,200070,677.55,2026-09-29,23207.60
2026-09-24 11:56:06,23900,868075,940225,200785,682.05,2026-09-29,23198.85
2026-09-24 12:01:06,23900,868010,940225,201565,687.15,2026-09-29,23196.80
2026-09-24 12:06:07,23900,865410,940225,206570,675.90,2026-09-29,23209.50
2026-09-24 12:11:05,23900,864825,940225,207220,678.40,2026-09-29,23207.00
2026-09-24 12:16:07,23900,863915,940225,209170,676.95,2026-09-29,23199.90
2026-09-24 12:21:06,23900,863655,940225,210210,674.45,2026-09-29,23198.65
2026-09-24 12:26:06,23900,863135,940225,210990,698.10,2026-09-29,23175.90
2026-09-24 12:36:07,23900,861705,940225,213720,706.55,2026-09-29,23171.75
2026-09-24 12:41:07,23900,859235,940225,216840,695.60,2026-09-29,23179.45
2026-09-24 12:46:08,23900,858650,940225,218985,705.00,2026-09-29,23172.05
2026-09-24 12:51:07,23900,856570,940225,223080,697.05,2026-09-29,23178.35
2026-09-24 12:56:07,23900,856245,940225,225940,710.70,2026-09-29,23168.05
2026-09-24 13:01:07,23900,854815,940225,228150,700.50,2026-09-29,23168.55
2026-09-24 13:06:07,23900,854035,940225,234195,686.75,2026-09-29,23182.55
2026-09-24 13:11:07,23900,854100,940225,235950,688.75,2026-09-29,23177.80
2026-09-24 13:16:07,23900,853060,940225,240370,687.00,2026-09-29,23185.50
2026-09-24 13:21:06,23900,846235,940225,250250,697.20,2026-09-29,23178.25
2026-09-24 13:26:06,23900,845260,940225,252915,706.20,2026-09-29,23167.05
2026-09-24 13:31:06,23900,842790,940225,260780,731.00,2026-09-29,23151.70
2026-09-24 13:36:05,23900,841945,940225,268970,729.65,2026-09-29,23151.50
2026-09-24 13:41:04,23900,840905,940225,270920,747.90,2026-09-29,23136.10
2026-09-24 13:46:06,23900,839865,940225,275405,793.90,2026-09-29,23086.45
2026-09-24 13:51:05,23900,835380,940225,289315,786.60,2026-09-29,23100.15
2026-09-24 13:56:06,23900,833625,940225,291460,807.70,2026-09-29,23078.40
2026-09-24 14:01:06,23900,830960,940225,296985,811.25,2026-09-29,23072.60
2026-09-24 14:06:07,23900,828880,940225,307190,810.85,2026-09-29,23065.45
2026-09-24 14:11:06,23900,827580,940225,313105,806.45,2026-09-29,23073.05
2026-09-24 14:16:06,23900,823160,940225,321360,808.00,2026-09-29,23077.45
2026-09-24 14:21:07,23900,822965,940225,322530,820.70,2026-09-29,23065.55
2026-09-24 09:21:06,23900,12480,13065,3640,635.50,2026-10-06,23228.25
2026-09-24 09:26:07,23900,12740,13065,4030,622.00,2026-10-06,23239.10
2026-09-24 09:31:08,23900,12740,13065,4030,622.00,2026-10-06,23259.00
2026-09-24 09:36:07,23900,12740,13065,4030,622.00,2026-10-06,23265.90
2026-09-24 09:41:07,23900,12740,13065,4030,622.00,2026-10-06,23240.80
2026-09-24 09:46:06,23900,12610,13065,4160,654.00,2026-10-06,23229.95
2026-09-24 09:51:06,23900,12740,13065,4290,663.45,2026-10-06,23233.75
2026-09-24 09:56:07,23900,12740,13065,4290,663.45,2026-10-06,23213.85
2026-09-24 10:01:07,23900,12740,13065,4355,654.00,2026-10-06,23230.55
2026-09-24 10:06:06,23900,12740,13065,4355,654.00,2026-10-06,23232.95
2026-09-24 10:11:06,23900,12740,13065,4420,646.90,2026-10-06,23228.70
2026-09-24 10:16:07,23900,12675,13065,4550,648.55,2026-10-06,23218.70
2026-09-24 10:21:07,23900,12675,13065,4615,665.25,2026-10-06,23216.35
2026-09-24 10:26:07,23900,12675,13065,5265,679.00,2026-10-06,23204.05
2026-09-24 10:31:06,23900,12090,13065,5655,661.15,2026-10-06,23212.70
2026-09-24 10:36:07,23900,12090,13065,5655,661.15,2026-10-06,23220.60
2026-09-24 10:41:07,23900,12025,13065,5720,642.40,2026-10-06,23221.15
2026-09-24 10:46:07,23900,12025,13065,5785,656.00,2026-10-06,23220.65
2026-09-24 10:51:07,23900,12090,13065,6110,649.60,2026-10-06,23233.60
2026-09-24 10:56:06,23900,12090,13065,6110,649.60,2026-10-06,23239.20
2026-09-24 11:01:06,23900,12090,13065,6370,634.70,2026-10-06,23233.70
2026-09-24 11:06:07,23900,12350,13065,6435,635.90,2026-10-06,23222.55
2026-09-24 11:11:07,23900,12415,13065,6500,640.00,2026-10-06,23225.20
2026-09-24 11:16:07,23900,12935,13065,7475,655.65,2026-10-06,23225.25
2026-09-24 11:21:06,23900,12935,13065,7865,655.25,2026-10-06,23229.15
2026-09-24 11:26:07,23900,12935,13065,7865,655.25,2026-10-06,23216.00
2026-09-24 11:31:07,23900,13585,13065,7930,657.45,2026-10-06,23216.15
2026-09-24 11:36:07,23900,13520,13065,7995,671.40,2026-10-06,23209.65
2026-09-24 11:41:07,23900,13585,13065,8060,662.75,2026-10-06,23208.95
2026-09-24 11:46:07,23900,13585,13065,8060,662.75,2026-10-06,23210.10
2026-09-24 11:51:05,23900,13585,13065,8060,662.75,2026-10-06,23206.75
2026-09-24 11:56:06,23900,13585,13065,8060,662.75,2026-10-06,23198.40
2026-09-24 12:01:06,23900,13520,13065,8190,675.65,2026-10-06,23196.85
2026-09-24 12:06:07,23900,13520,13065,8190,675.65,2026-10-06,23209.80
2026-09-24 12:11:05,23900,13650,13065,8515,666.40,2026-10-06,23206.90
2026-09-24 12:16:07,23900,13650,13065,8515,666.40,2026-10-06,23200.30
2026-09-24 12:21:07,23900,13650,13065,8515,666.40,2026-10-06,23198.65
2026-09-24 12:26:06,23900,13650,13065,8515,666.40,2026-10-06,23175.75
2026-09-24 12:36:08,23900,13650,13065,8710,675.05,2026-10-06,23172.45
2026-09-24 12:41:08,23900,13650,13065,8775,696.75,2026-10-06,23179.50
2026-09-24 12:46:08,23900,13975,13065,9425,695.00,2026-10-06,23171.10
2026-09-24 12:51:08,23900,15275,13065,10725,695.00,2026-10-06,23178.25
2026-09-24 12:56:08,23900,15925,13065,11375,695.00,2026-10-06,23167.90
2026-09-24 13:01:08,23900,15925,13065,11375,695.00,2026-10-06,23167.70
2026-09-24 13:06:07,23900,15925,13065,11375,695.00,2026-10-06,23182.45
2026-09-24 13:11:08,23900,15925,13065,11375,695.00,2026-10-06,23177.20
2026-09-24 13:16:08,23900,15925,13065,11375,695.00,2026-10-06,23185.00
2026-09-24 13:21:07,23900,15925,13065,11375,695.00,2026-10-06,23178.10
2026-09-24 13:26:06,23900,15925,13065,11375,695.00,2026-10-06,23167.35
2026-09-24 13:31:07,23900,16250,13065,11830,734.15,2026-10-06,23152.05
2026-09-24 13:36:06,23900,16250,13065,11830,734.15,2026-10-06,23151.60
2026-09-24 13:41:05,23900,16250,13065,11830,734.15,2026-10-06,23135.95
2026-09-24 13:46:07,23900,16315,13065,12480,737.60,2026-10-06,23087.20
2026-09-24 13:51:06,23900,17875,13065,13520,787.90,2026-10-06,23099.90
2026-09-24 13:56:06,23900,17940,13065,13650,808.00,2026-10-06,23078.00
2026-09-24 14:01:06,23900,18005,13065,13845,823.90,2026-10-06,23073.25
2026-09-24 14:06:07,23900,18330,13065,14560,792.40,2026-10-06,23066.10
2026-09-24 14:11:07,23900,18330,13065,14560,792.40,2026-10-06,23073.60
2026-09-24 14:16:08,23900,18720,13065,15275,798.75,2026-10-06,23077.10
2026-09-24 14:21:08,23900,19370,13065,15925,796.50,2026-10-06,23065.05
2026-09-24 09:21:06,23900,1235,1235,195,622.90,2026-10-13,23227.45
2026-09-24 09:26:07,23900,1235,1235,195,622.90,2026-10-13,23238.65
2026-09-24 09:31:08,23900,1235,1235,195,622.90,2026-10-13,23259.10
2026-09-24 09:36:07,23900,1235,1235,195,622.90,2026-10-13,23266.10
2026-09-24 09:41:07,23900,1300,1235,260,600.00,2026-10-13,23241.25
2026-09-24 09:46:06,23900,1300,1235,260,600.00,2026-10-13,23230.10
2026-09-24 09:51:07,23900,1300,1235,260,600.00,2026-10-13,23234.60
2026-09-24 09:56:08,23900,1300,1235,260,600.00,2026-10-13,23214.30
2026-09-24 10:01:07,23900,1300,1235,260,600.00,2026-10-13,23230.20
2026-09-24 10:06:07,23900,1300,1235,260,600.00,2026-10-13,23232.65
2026-09-24 10:11:07,23900,1300,1235,260,600.00,2026-10-13,23228.60
2026-09-24 10:16:07,23900,1300,1235,260,600.00,2026-10-13,23217.60
2026-09-24 10:21:07,23900,1300,1235,260,600.00,2026-10-13,23216.80
2026-09-24 10:26:08,23900,1365,1235,325,650.00,2026-10-13,23203.85
2026-09-24 10:31:07,23900,1365,1235,325,650.00,2026-10-13,23213.05
2026-09-24 10:36:08,23900,1365,1235,325,650.00,2026-10-13,23220.55
2026-09-24 10:41:07,23900,1365,1235,325,650.00,2026-10-13,23221.10
2026-09-24 10:46:07,23900,1365,1235,325,650.00,2026-10-13,23220.55
2026-09-24 10:51:08,23900,1365,1235,325,650.00,2026-10-13,23233.90
2026-09-24 10:56:07,23900,1365,1235,325,650.00,2026-10-13,23237.95
2026-09-24 11:01:07,23900,1365,1235,325,650.00,2026-10-13,23234.55
2026-09-24 11:06:07,23900,1365,1235,325,650.00,2026-10-13,23222.15
2026-09-24 11:11:07,23900,1365,1235,325,650.00,2026-10-13,23225.15
2026-09-24 11:16:08,23900,1430,1235,390,650.00,2026-10-13,23225.70
2026-09-24 11:21:07,23900,1430,1235,390,650.00,2026-10-13,23229.45
2026-09-24 11:26:08,23900,1430,1235,390,650.00,2026-10-13,23216.25
2026-09-24 11:31:08,23900,1430,1235,390,650.00,2026-10-13,23216.00
2026-09-24 11:36:07,23900,1430,1235,390,650.00,2026-10-13,23210.65
2026-09-24 11:41:08,23900,1430,1235,390,650.00,2026-10-13,23210.40
2026-09-24 11:46:08,23900,1430,1235,390,650.00,2026-10-13,23210.45
2026-09-24 11:51:06,23900,1430,1235,390,650.00,2026-10-13,23205.75
2026-09-24 11:56:07,23900,1430,1235,390,650.00,2026-10-13,23198.30
2026-09-24 12:01:07,23900,1430,1235,390,650.00,2026-10-13,23196.80
2026-09-24 12:06:08,23900,1430,1235,390,650.00,2026-10-13,23209.50
2026-09-24 12:11:06,23900,1430,1235,390,650.00,2026-10-13,23207.20
2026-09-24 12:16:08,23900,1430,1235,390,650.00,2026-10-13,23200.80
2026-09-24 12:21:08,23900,1430,1235,390,650.00,2026-10-13,23199.15
2026-09-24 12:26:07,23900,1430,1235,390,650.00,2026-10-13,23175.00
2026-09-24 12:36:08,23900,1430,1235,390,650.00,2026-10-13,23172.95
2026-09-24 12:41:08,23900,1430,1235,390,650.00,2026-10-13,23178.80
2026-09-24 12:46:09,23900,1430,1235,390,650.00,2026-10-13,23171.55
2026-09-24 12:51:08,23900,1430,1235,390,650.00,2026-10-13,23178.45
2026-09-24 12:56:08,23900,1430,1235,390,650.00,2026-10-13,23167.75
2026-09-24 13:01:08,23900,1430,1235,390,650.00,2026-10-13,23167.55
2026-09-24 13:06:08,23900,1430,1235,390,650.00,2026-10-13,23182.50
2026-09-24 13:11:08,23900,1430,1235,390,650.00,2026-10-13,23177.65
2026-09-24 13:16:09,23900,1430,1235,390,650.00,2026-10-13,23184.40
2026-09-24 13:21:08,23900,1430,1235,390,650.00,2026-10-13,23178.05
2026-09-24 13:26:07,23900,1430,1235,390,650.00,2026-10-13,23167.25
2026-09-24 13:31:07,23900,1430,1235,390,650.00,2026-10-13,23151.50
2026-09-24 13:36:06,23900,1430,1235,390,650.00,2026-10-13,23151.15
2026-09-24 13:41:05,23900,1430,1235,390,650.00,2026-10-13,23136.40
2026-09-24 13:46:07,23900,1430,1235,390,650.00,2026-10-13,23088.25
2026-09-24 13:51:06,23900,1430,1235,390,650.00,2026-10-13,23100.00
2026-09-24 13:56:07,23900,1430,1235,390,650.00,2026-10-13,23077.75
2026-09-24 14:01:08,23900,1430,1235,390,650.00,2026-10-13,23075.55
2026-09-24 14:06:08,23900,1430,1235,390,650.00,2026-10-13,23066.40
2026-09-24 14:11:08,23900,1430,1235,390,650.00,2026-10-13,23073.90
2026-09-24 14:16:09,23900,1430,1235,390,650.00,2026-10-13,23078.20
2026-09-24 14:21:08,23900,1430,1235,390,650.00,2026-10-13,23064.10
2026-09-24 09:21:05,24000,5266570,5261825,102960,750.00,2026-09-29,23228.00
2026-09-24 09:26:06,24000,5300435,5261825,180960,743.80,2026-09-29,23239.80
2026-09-24 09:31:07,24000,5313045,5261825,284635,735.40,2026-09-29,23258.60
2026-09-24 09:36:06,24000,5321560,5261825,338780,734.05,2026-09-29,23266.40
2026-09-24 09:41:06,24000,5318440,5261825,359970,751.40,2026-09-29,23241.75
2026-09-24 09:46:05,24000,5319415,5261825,386750,762.25,2026-09-29,23230.85
2026-09-24 09:51:06,24000,5313045,5261825,402935,760.00,2026-09-29,23233.00
2026-09-24 09:56:07,24000,5305960,5261825,428415,773.65,2026-09-29,23213.70
2026-09-24 10:01:06,24000,5277945,5261825,493090,760.65,2026-09-29,23229.80
2026-09-24 10:06:06,24000,5253245,5261825,546715,757.75,2026-09-29,23233.00
2026-09-24 10:11:06,24000,5225945,5261825,605020,758.70,2026-09-29,23229.25
2026-09-24 10:16:06,24000,5219510,5261825,655005,774.35,2026-09-29,23218.55
2026-09-24 10:21:06,24000,5246745,5261825,707590,766.60,2026-09-29,23216.00
2026-09-24 10:26:07,24000,5258315,5261825,729755,780.00,2026-09-29,23204.10
2026-09-24 10:31:06,24000,5273655,5261825,751400,771.65,2026-09-29,23213.25
2026-09-24 10:36:07,24000,5275605,5261825,770705,764.10,2026-09-29,23220.25
2026-09-24 10:41:06,24000,5286395,5261825,798460,762.45,2026-09-29,23220.25
2026-09-24 10:46:06,24000,5286525,5261825,817505,764.15,2026-09-29,23220.75
2026-09-24 10:51:07,24000,5294260,5261825,832585,755.10,2026-09-29,23234.45
2026-09-24 10:56:06,24000,5292050,5261825,839475,744.10,2026-09-29,23238.30
2026-09-24 11:01:06,24000,5300370,5261825,852930,747.65,2026-09-29,23234.40
2026-09-24 11:06:06,24000,5299785,5261825,856375,753.00,2026-09-29,23222.45
2026-09-24 11:11:06,24000,5307130,5261825,865930,759.00,2026-09-29,23225.00
2026-09-24 11:16:06,24000,5317530,5261825,882960,765.00,2026-09-29,23226.10
2026-09-24 11:21:06,24000,5316945,5261825,886600,752.80,2026-09-29,23229.45
2026-09-24 11:26:07,24000,5322080,5261825,895310,773.30,2026-09-29,23216.10
2026-09-24 11:31:07,24000,5327085,5261825,901810,772.00,2026-09-29,23216.20
2026-09-24 11:36:06,24000,5326305,5261825,908180,777.90,2026-09-29,23209.70
2026-09-24 11:41:07,24000,5325330,5261825,910585,772.05,2026-09-29,23208.95
2026-09-24 11:46:07,24000,5322405,5261825,915785,769.25,2026-09-29,23210.35
2026-09-24 11:51:05,24000,5321430,5261825,920400,776.85,2026-09-29,23207.60
2026-09-24 11:56:06,24000,5321560,5261825,923520,781.20,2026-09-29,23198.85
2026-09-24 12:01:06,24000,5319480,5261825,933335,785.05,2026-09-29,23196.80
2026-09-24 12:06:07,24000,5316685,5261825,940615,775.50,2026-09-29,23209.50
2026-09-24 12:11:05,24000,5316165,5261825,942045,775.80,2026-09-29,23207.00
2026-09-24 12:16:07,24000,5314150,5261825,950105,779.00,2026-09-29,23199.90
2026-09-24 12:21:06,24000,5314800,5261825,957385,775.00,2026-09-29,23198.65
2026-09-24 12:26:06,24000,5312265,5261825,963040,795.55,2026-09-29,23175.90
2026-09-24 12:36:07,24000,5309990,5261825,985920,806.65,2026-09-29,23171.75
2026-09-24 12:41:07,24000,5149700,5261825,998725,790.45,2026-09-29,23179.45
2026-09-24 12:46:08,24000,5152950,5261825,1011790,798.50,2026-09-29,23172.05
2026-09-24 12:51:07,24000,5163155,5261825,1038635,798.95,2026-09-29,23178.35
2026-09-24 12:56:07,24000,5175830,5261825,1054755,805.40,2026-09-29,23168.05
2026-09-24 13:01:07,24000,5184540,5261825,1065285,802.00,2026-09-29,23168.55
2026-09-24 13:06:07,24000,5192860,5261825,1083680,787.90,2026-09-29,23182.55
2026-09-24 13:11:07,24000,5218340,5261825,1118390,791.75,2026-09-29,23177.80
2026-09-24 13:16:07,24000,5239855,5261825,1147510,788.45,2026-09-29,23185.50
2026-09-24 13:21:06,24000,5253635,5261825,1160250,796.15,2026-09-29,23178.25
2026-09-24 13:26:06,24000,5257990,5261825,1188265,805.25,2026-09-29,23167.05
2026-09-24 13:31:06,24000,5264035,5261825,1293890,831.00,2026-09-29,23151.70
2026-09-24 13:36:05,24000,5264295,5261825,1310335,827.80,2026-09-29,23151.50
2026-09-24 13:41:04,24000,5274045,5261825,1349660,842.95,2026-09-29,23136.10
2026-09-24 13:46:06,24000,5305245,5261825,1420575,892.65,2026-09-29,23086.45
2026-09-24 13:51:05,24000,5299785,5261825,1619800,884.75,2026-09-29,23100.15
2026-09-24 13:56:06,24000,5310900,5261825,1644305,905.95,2026-09-29,23078.40
2026-09-24 14:01:06,24000,5295625,5261825,1718405,915.60,2026-09-29,23072.60
2026-09-24 14:06:07,24000,5314475,5261825,1754805,912.25,2026-09-29,23065.45
2026-09-24 14:11:06,24000,5312330,5261825,1784640,908.35,2026-09-29,23073.05
2026-09-24 14:16:06,24000,5316685,5261825,1813695,905.35,2026-09-29,23077.45
2026-09-24 14:21:07,24000,5343790,5261825,1853020,915.80,2026-09-29,23065.55
2026-09-24 09:21:06,24000,90610,89570,14365,731.55,2026-10-06,23228.25
2026-09-24 09:26:07,24000,90610,89570,15600,724.60,2026-10-06,23239.10
2026-09-24 09:31:08,24000,92040,89570,22490,723.30,2026-10-06,23259.00
2026-09-24 09:36:07,24000,92560,89570,23920,721.00,2026-10-06,23265.90
2026-09-24 09:41:07,24000,93600,89570,25155,741.15,2026-10-06,23240.80
2026-09-24 09:46:06,24000,93925,89570,26260,748.50,2026-10-06,23229.95
2026-09-24 09:51:06,24000,94250,89570,26845,754.35,2026-10-06,23233.75
2026-09-24 09:56:07,24000,94315,89570,27040,761.05,2026-10-06,23213.85
2026-09-24 10:01:07,24000,94445,89570,27560,755.00,2026-10-06,23230.55
2026-09-24 10:06:06,24000,94445,89570,28015,740.15,2026-10-06,23232.95
2026-09-24 10:11:06,24000,94510,89570,28080,742.65,2026-10-06,23228.70
2026-09-24 10:16:07,24000,95095,89570,29185,754.00,2026-10-06,23218.70
2026-09-24 10:21:07,24000,95225,89570,29835,756.05,2026-10-06,23216.35
2026-09-24 10:26:07,24000,95940,89570,30485,761.00,2026-10-06,23204.05
2026-09-24 10:31:06,24000,94705,89570,32305,758.00,2026-10-06,23212.70
2026-09-24 10:36:07,24000,94705,89570,32370,749.00,2026-10-06,23220.60
2026-09-24 10:41:07,24000,95160,89570,33670,742.75,2026-10-06,23221.15
2026-09-24 10:46:07,24000,95160,89570,34320,750.00,2026-10-06,23220.65
2026-09-24 10:51:07,24000,96005,89570,34645,741.65,2026-10-06,23233.60
2026-09-24 10:56:06,24000,96135,89570,34905,729.75,2026-10-06,23239.20
2026-09-24 11:01:06,24000,96200,89570,34970,730.00,2026-10-06,23233.70
2026-09-24 11:06:07,24000,96395,89570,35815,745.00,2026-10-06,23222.55
2026-09-24 11:11:07,24000,96980,89570,36075,745.00,2026-10-06,23225.20
2026-09-24 11:16:07,24000,99320,89570,38675,759.75,2026-10-06,23225.25
2026-09-24 11:21:06,24000,99385,89570,39065,740.00,2026-10-06,23229.15
2026-09-24 11:26:07,24000,100945,89570,40560,750.00,2026-10-06,23216.00
2026-09-24 11:31:07,24000,100945,89570,40560,750.00,2026-10-06,23216.15
2026-09-24 11:36:07,24000,101075,89570,40625,767.00,2026-10-06,23209.65
2026-09-24 11:41:07,24000,101140,89570,40820,757.80,2026-10-06,23208.95
2026-09-24 11:46:07,24000,101140,89570,40885,753.00,2026-10-06,23210.10
2026-09-24 11:51:05,24000,101140,89570,40885,753.00,2026-10-06,23206.75
2026-09-24 11:56:06,24000,101075,89570,41015,762.85,2026-10-06,23198.40
2026-09-24 12:01:06,24000,101335,89570,41535,778.00,2026-10-06,23196.85
2026-09-24 12:06:07,24000,101335,89570,41600,760.00,2026-10-06,23209.80
2026-09-24 12:11:05,24000,101335,89570,41665,760.70,2026-10-06,23206.90
2026-09-24 12:16:07,24000,101400,89570,41925,769.05,2026-10-06,23200.30
2026-09-24 12:21:07,24000,101400,89570,41925,769.05,2026-10-06,23198.65
2026-09-24 12:26:06,24000,101530,89570,42965,775.00,2026-10-06,23175.75
2026-09-24 12:36:08,24000,104520,89570,45955,790.00,2026-10-06,23172.45
2026-09-24 12:41:08,24000,106080,89570,47580,782.00,2026-10-06,23179.50
2026-09-24 12:46:08,24000,107315,89570,48880,785.00,2026-10-06,23171.10
2026-09-24 12:51:08,24000,108160,89570,49270,795.00,2026-10-06,23178.25
2026-09-24 12:56:08,24000,108355,89570,49920,794.95,2026-10-06,23167.90
2026-09-24 13:01:08,24000,108290,89570,49985,788.20,2026-10-06,23167.70
2026-09-24 13:06:07,24000,108290,89570,50115,779.00,2026-10-06,23182.45
2026-09-24 13:11:08,24000,108875,89570,51480,781.00,2026-10-06,23177.20
2026-09-24 13:16:08,24000,109525,89570,52195,786.00,2026-10-06,23185.00
2026-09-24 13:21:07,24000,110175,89570,52520,787.95,2026-10-06,23178.10
2026-09-24 13:26:06,24000,110240,89570,53235,788.00,2026-10-06,23167.35
2026-09-24 13:31:07,24000,111150,89570,53950,820.80,2026-10-06,23152.05
2026-09-24 13:36:06,24000,111215,89570,54470,817.10,2026-10-06,23151.60
2026-09-24 13:41:05,24000,114530,89570,58370,839.00,2026-10-06,23135.95
2026-09-24 13:46:07,24000,114465,89570,59475,874.95,2026-10-06,23087.20
2026-09-24 13:51:06,24000,115050,89570,61750,871.60,2026-10-06,23099.90
2026-09-24 13:56:06,24000,116870,89570,62790,899.95,2026-10-06,23078.00
2026-09-24 14:01:06,24000,119015,89570,65065,907.90,2026-10-06,23073.25
2026-09-24 14:06:07,24000,119080,89570,67080,907.65,2026-10-06,23066.10
2026-09-24 14:11:07,24000,120315,89570,67795,897.25,2026-10-06,23073.60
2026-09-24 14:16:08,24000,123370,89570,71305,893.65,2026-10-06,23077.10
2026-09-24 14:21:08,24000,124800,89570,71955,909.25,2026-10-06,23065.05
2026-09-24 09:21:06,24000,5590,5265,4160,714.30,2026-10-13,23227.45
2026-09-24 09:26:07,24000,4745,5265,6045,706.65,2026-10-13,23238.65
2026-09-24 09:31:08,24000,4615,5265,6240,704.00,2026-10-13,23259.10
2026-09-24 09:36:07,24000,4485,5265,6370,700.30,2026-10-13,23266.10
2026-09-24 09:41:07,24000,4420,5265,6435,712.00,2026-10-13,23241.25
2026-09-24 09:46:06,24000,4290,5265,6565,732.10,2026-10-13,23230.10
2026-09-24 09:51:07,24000,4290,5265,6565,732.10,2026-10-13,23234.60
2026-09-24 09:56:08,24000,4290,5265,6565,732.10,2026-10-13,23214.30
2026-09-24 10:01:07,24000,4290,5265,6630,740.00,2026-10-13,23230.20
2026-09-24 10:06:07,24000,4290,5265,6630,740.00,2026-10-13,23232.65
2026-09-24 10:11:07,24000,4290,5265,6630,740.00,2026-10-13,23228.60
2026-09-24 10:16:07,24000,4225,5265,6695,732.35,2026-10-13,23217.60
2026-09-24 10:21:07,24000,4290,5265,6825,744.00,2026-10-13,23216.80
2026-09-24 10:26:08,24000,4290,5265,7735,736.00,2026-10-13,23203.85
2026-09-24 10:31:07,24000,4290,5265,7735,736.00,2026-10-13,23213.05
2026-09-24 10:36:08,24000,4290,5265,7735,736.00,2026-10-13,23220.55
2026-09-24 10:41:07,24000,5200,5265,7865,730.00,2026-10-13,23221.10
2026-09-24 10:46:07,24000,5200,5265,7865,730.00,2026-10-13,23220.55
2026-09-24 10:51:08,24000,5200,5265,7865,730.00,2026-10-13,23233.90
2026-09-24 10:56:07,24000,5200,5265,7865,730.00,2026-10-13,23237.95
2026-09-24 11:01:07,24000,5200,5265,7865,730.00,2026-10-13,23234.55
2026-09-24 11:06:07,24000,5265,5265,9230,712.00,2026-10-13,23222.15
2026-09-24 11:11:07,24000,6565,5265,9295,727.90,2026-10-13,23225.15
2026-09-24 11:16:08,24000,6565,5265,9295,727.90,2026-10-13,23225.70
2026-09-24 11:21:07,24000,6565,5265,9295,727.90,2026-10-13,23229.45
2026-09-24 11:26:08,24000,6565,5265,9425,728.60,2026-10-13,23216.25
2026-09-24 11:31:08,24000,6565,5265,9490,742.15,2026-10-13,23216.00
2026-09-24 11:36:07,24000,6565,5265,9620,742.20,2026-10-13,23210.65
2026-09-24 11:41:08,24000,6565,5265,9620,742.20,2026-10-13,23210.40
2026-09-24 11:46:08,24000,6565,5265,9620,742.20,2026-10-13,23210.45
2026-09-24 11:51:06,24000,6565,5265,9620,742.20,2026-10-13,23205.75
2026-09-24 11:56:07,24000,6565,5265,9620,742.20,2026-10-13,23198.30
2026-09-24 12:01:07,24000,6565,5265,9620,742.20,2026-10-13,23196.80
2026-09-24 12:06:08,24000,6565,5265,9620,742.20,2026-10-13,23209.50
2026-09-24 12:11:06,24000,6565,5265,9620,742.20,2026-10-13,23207.20
2026-09-24 12:16:08,24000,6565,5265,9620,742.20,2026-10-13,23200.80
2026-09-24 12:21:08,24000,6565,5265,9620,742.20,2026-10-13,23199.15
2026-09-24 12:26:07,24000,6565,5265,9685,751.00,2026-10-13,23175.00
2026-09-24 12:36:08,24000,6565,5265,9685,751.00,2026-10-13,23172.95
2026-09-24 12:41:08,24000,6565,5265,9750,765.60,2026-10-13,23178.80
2026-09-24 12:46:09,24000,6435,5265,10595,771.10,2026-10-13,23171.55
2026-09-24 12:51:08,24000,6435,5265,10595,771.10,2026-10-13,23178.45
2026-09-24 12:56:08,24000,6435,5265,10660,767.40,2026-10-13,23167.75
2026-09-24 13:01:08,24000,6435,5265,10660,767.40,2026-10-13,23167.55
2026-09-24 13:06:08,24000,6435,5265,10725,767.40,2026-10-13,23182.50
2026-09-24 13:11:08,24000,6435,5265,10725,767.40,2026-10-13,23177.65
2026-09-24 13:16:09,24000,6435,5265,10725,767.40,2026-10-13,23184.40
2026-09-24 13:21:08,24000,6435,5265,10725,767.40,2026-10-13,23178.05
2026-09-24 13:26:07,24000,6435,5265,10725,767.40,2026-10-13,23167.25
2026-09-24 13:31:07,24000,6435,5265,11505,807.15,2026-10-13,23151.50
2026-09-24 13:36:06,24000,6435,5265,11570,800.00,2026-10-13,23151.15
2026-09-24 13:41:05,24000,6435,5265,11570,800.00,2026-10-13,23136.40
2026-09-24 13:46:07,24000,6435,5265,11635,814.20,2026-10-13,23088.25
2026-09-24 13:51:06,24000,6435,5265,11635,814.20,2026-10-13,23100.00
2026-09-24 13:56:07,24000,6435,5265,11635,814.20,2026-10-13,23077.75
2026-09-24 14:01:08,24000,6435,5265,11635,814.20,2026-10-13,23075.55
2026-09-24 14:06:08,24000,6435,5265,11635,814.20,2026-10-13,23066.40
2026-09-24 14:11:08,24000,6435,5265,11635,814.20,2026-10-13,23073.90
2026-09-24 14:16:09,24000,6435,5265,11635,814.20,2026-10-13,23078.20
2026-09-24 14:21:08,24000,6435,5265,11635,814.20,2026-10-13,23064.10
2026-09-24 09:21:05,24100,554775,537160,117910,854.00,2026-09-29,23228.00
2026-09-24 09:26:06,24100,555425,537160,130130,842.20,2026-09-29,23239.80
2026-09-24 09:31:07,24100,510705,537160,228605,833.50,2026-09-29,23258.60
2026-09-24 09:36:06,24100,506610,537160,231400,834.60,2026-09-29,23266.40
2026-09-24 09:41:06,24100,506220,537160,232050,853.65,2026-09-29,23241.75
2026-09-24 09:46:05,24100,503425,537160,236145,867.00,2026-09-29,23230.85
2026-09-24 09:51:06,24100,497380,537160,244985,859.90,2026-09-29,23233.00
2026-09-24 09:56:07,24100,484185,537160,269555,872.05,2026-09-29,23213.70
2026-09-24 10:01:06,24100,481000,537160,275665,860.30,2026-09-29,23229.80
2026-09-24 10:06:06,24100,480415,537160,280800,857.35,2026-09-29,23233.00
2026-09-24 10:11:06,24100,480090,537160,287690,847.35,2026-09-29,23229.25
2026-09-24 10:16:06,24100,479180,537160,289770,878.15,2026-09-29,23218.55
2026-09-24 10:21:06,24100,478790,537160,291135,862.90,2026-09-29,23216.00
2026-09-24 10:26:07,24100,478205,537160,291785,881.95,2026-09-29,23204.10
2026-09-24 10:31:06,24100,478400,537160,292695,873.20,2026-09-29,23213.25
2026-09-24 10:36:07,24100,478010,537160,294905,865.35,2026-09-29,23220.25
2026-09-24 10:41:06,24100,476255,537160,297765,856.05,2026-09-29,23220.25
2026-09-24 10:46:06,24100,476125,537160,299390,866.55,2026-09-29,23220.75
2026-09-24 10:51:07,24100,475670,537160,299715,864.30,2026-09-29,23234.45
2026-09-24 10:56:06,24100,475410,537160,300495,845.80,2026-09-29,23238.30
2026-09-24 11:01:06,24100,475410,537160,301080,845.00,2026-09-29,23234.40
2026-09-24 11:06:06,24100,475215,537160,301210,852.00,2026-09-29,23222.45
2026-09-24 11:11:06,24100,475215,537160,301600,858.20,2026-09-29,23225.00
2026-09-24 11:16:06,24100,475410,537160,302185,870.25,2026-09-29,23226.10
2026-09-24 11:21:06,24100,475215,537160,302575,850.20,2026-09-29,23229.45
2026-09-24 11:26:07,24100,475280,537160,302835,868.60,2026-09-29,23216.10
2026-09-24 11:31:07,24100,475150,537160,303030,874.30,2026-09-29,23216.20
2026-09-24 11:36:06,24100,475280,537160,303680,875.00,2026-09-29,23209.70
2026-09-24 11:41:07,24100,474435,537160,304850,874.15,2026-09-29,23208.95
2026-09-24 11:46:07,24100,474370,537160,305045,867.35,2026-09-29,23210.35
2026-09-24 11:51:05,24100,474370,537160,305045,867.35,2026-09-29,23207.60
2026-09-24 11:56:06,24100,474370,537160,305240,880.00,2026-09-29,23198.85
2026-09-24 12:01:06,24100,473460,537160,307190,884.30,2026-09-29,23196.80
2026-09-24 12:06:07,24100,473070,537160,307580,880.40,2026-09-29,23209.50
2026-09-24 12:11:05,24100,472940,537160,308165,877.00,2026-09-29,23207.00
2026-09-24 12:16:07,24100,472680,537160,308425,874.70,2026-09-29,23199.90
2026-09-24 12:21:06,24100,472680,537160,308425,874.70,2026-09-29,23198.65
2026-09-24 12:26:06,24100,472420,537160,309270,879.40,2026-09-29,23175.90
2026-09-24 12:36:07,24100,472355,537160,309530,904.20,2026-09-29,23171.75
2026-09-24 12:41:07,24100,472355,537160,311155,900.40,2026-09-29,23179.45
2026-09-24 12:46:08,24100,472355,537160,311155,900.40,2026-09-29,23172.05
2026-09-24 12:51:07,24100,472225,537160,311545,902.00,2026-09-29,23178.35
2026-09-24 12:56:07,24100,472225,537160,312000,906.50,2026-09-29,23168.05
2026-09-24 13:01:07,24100,472225,537160,312000,906.50,2026-09-29,23168.55
2026-09-24 13:06:07,24100,472745,537160,313105,883.35,2026-09-29,23182.55
2026-09-24 13:11:07,24100,472745,537160,313105,883.35,2026-09-29,23177.80
2026-09-24 13:16:07,24100,472745,537160,313105,883.35,2026-09-29,23185.50
2026-09-24 13:21:06,24100,472745,537160,313690,895.40,2026-09-29,23178.25
2026-09-24 13:26:06,24100,472745,537160,313755,905.20,2026-09-29,23167.05
2026-09-24 13:31:06,24100,470340,537160,316940,934.05,2026-09-29,23151.70
2026-09-24 13:36:05,24100,470275,537160,317720,930.05,2026-09-29,23151.50
2026-09-24 13:41:04,24100,470145,537160,318045,943.20,2026-09-29,23136.10
2026-09-24 13:46:06,24100,469690,537160,319930,975.00,2026-09-29,23086.45
2026-09-24 13:51:05,24100,469040,537160,321360,983.80,2026-09-29,23100.15
2026-09-24 13:56:06,24100,468845,537160,322205,1008.00,2026-09-29,23078.40
2026-09-24 14:01:06,24100,468130,537160,324090,1024.30,2026-09-29,23072.60
2026-09-24 14:06:07,24100,467155,537160,326105,1008.70,2026-09-29,23065.45
2026-09-24 14:11:06,24100,466830,537160,327145,1013.45,2026-09-29,23073.05
2026-09-24 14:16:06,24100,466700,537160,328380,1010.30,2026-09-29,23077.45
2026-09-24 14:21:07,24100,466570,537160,328835,1009.00,2026-09-29,23065.55
2026-09-24 09:21:06,24100,4030,3965,390,824.70,2026-10-06,23228.25
2026-09-24 09:26:07,24100,4030,3965,390,824.70,2026-10-06,23239.10
2026-09-24 09:31:08,24100,4030,3965,390,824.70,2026-10-06,23259.00
2026-09-24 09:36:07,24100,4030,3965,390,824.70,2026-10-06,23265.90
2026-09-24 09:41:07,24100,4160,3965,650,839.90,2026-10-06,23240.80
2026-09-24 09:46:06,24100,4160,3965,650,839.90,2026-10-06,23229.95
2026-09-24 09:51:06,24100,4030,3965,715,842.65,2026-10-06,23233.75
2026-09-24 09:56:07,24100,4030,3965,780,849.70,2026-10-06,23213.85
2026-09-24 10:01:07,24100,4030,3965,780,849.70,2026-10-06,23230.55
2026-09-24 10:06:06,24100,4030,3965,845,843.20,2026-10-06,23232.95
2026-09-24 10:11:06,24100,4095,3965,975,839.10,2026-10-06,23228.70
2026-09-24 10:16:07,24100,4160,3965,1040,839.70,2026-10-06,23218.70
2026-09-24 10:21:07,24100,4160,3965,1040,839.70,2026-10-06,23216.35
2026-09-24 10:26:07,24100,4225,3965,1105,867.30,2026-10-06,23204.05
2026-09-24 10:31:06,24100,4290,3965,1170,857.95,2026-10-06,23212.70
2026-09-24 10:36:07,24100,4290,3965,1170,857.95,2026-10-06,23220.60
2026-09-24 10:41:07,24100,4290,3965,1235,845.00,2026-10-06,23221.15
2026-09-24 10:46:07,24100,4355,3965,1430,848.65,2026-10-06,23220.65
2026-09-24 10:51:07,24100,4355,3965,1430,848.65,2026-10-06,23233.60
2026-09-24 10:56:06,24100,4355,3965,1430,848.65,2026-10-06,23239.20
2026-09-24 11:01:06,24100,4355,3965,1430,848.65,2026-10-06,23233.70
2026-09-24 11:06:07,24100,4420,3965,1495,837.50,2026-10-06,23222.55
2026-09-24 11:11:07,24100,4420,3965,1495,837.50,2026-10-06,23225.20
2026-09-24 11:16:07,24100,4420,3965,1495,837.50,2026-10-06,23225.25
2026-09-24 11:21:06,24100,4420,3965,1495,837.50,2026-10-06,23229.15
2026-09-24 11:26:07,24100,4420,3965,1495,837.50,2026-10-06,23216.00
2026-09-24 11:31:07,24100,4485,3965,1560,850.00,2026-10-06,23216.15
2026-09-24 11:36:07,24100,4485,3965,1560,850.00,2026-10-06,23209.65
2026-09-24 11:41:07,24100,4485,3965,1560,850.00,2026-10-06,23208.95
2026-09-24 11:46:07,24100,4485,3965,1560,850.00,2026-10-06,23210.10
2026-09-24 11:51:05,24100,4485,3965,1560,850.00,2026-10-06,23206.75
2026-09-24 11:56:06,24100,4485,3965,1560,850.00,2026-10-06,23198.40
2026-09-24 12:01:06,24100,4485,3965,1560,850.00,2026-10-06,23196.85
2026-09-24 12:06:07,24100,4485,3965,1560,850.00,2026-10-06,23209.80
2026-09-24 12:11:05,24100,4615,3965,1755,860.70,2026-10-06,23206.90
2026-09-24 12:16:07,24100,4615,3965,1755,860.70,2026-10-06,23200.30
2026-09-24 12:21:07,24100,4615,3965,1755,860.70,2026-10-06,23198.65
2026-09-24 12:26:06,24100,4615,3965,1755,860.70,2026-10-06,23175.75
2026-09-24 12:36:08,24100,4615,3965,1755,860.70,2026-10-06,23172.45
2026-09-24 12:41:08,24100,4615,3965,1755,860.70,2026-10-06,23179.50
2026-09-24 12:46:08,24100,4615,3965,1755,860.70,2026-10-06,23171.10
2026-09-24 12:51:08,24100,4615,3965,1755,860.70,2026-10-06,23178.25
2026-09-24 12:56:08,24100,4615,3965,1755,860.70,2026-10-06,23167.90
2026-09-24 13:01:08,24100,4615,3965,1755,860.70,2026-10-06,23167.70
2026-09-24 13:06:07,24100,4615,3965,1755,860.70,2026-10-06,23182.45
2026-09-24 13:11:08,24100,4615,3965,1755,860.70,2026-10-06,23177.20
2026-09-24 13:16:08,24100,4615,3965,1755,860.70,2026-10-06,23185.00
2026-09-24 13:21:07,24100,4485,3965,1885,882.00,2026-10-06,23178.10
2026-09-24 13:26:06,24100,4485,3965,1885,882.00,2026-10-06,23167.35
2026-09-24 13:31:07,24100,4485,3965,1885,882.00,2026-10-06,23152.05
2026-09-24 13:36:06,24100,4485,3965,1885,882.00,2026-10-06,23151.60
2026-09-24 13:41:05,24100,4485,3965,1885,882.00,2026-10-06,23135.95
2026-09-24 13:46:07,24100,4485,3965,1885,882.00,2026-10-06,23087.20
2026-09-24 13:51:06,24100,4615,3965,1950,981.25,2026-10-06,23099.90
2026-09-24 13:56:06,24100,4615,3965,1950,981.25,2026-10-06,23078.00
2026-09-24 14:01:06,24100,4680,3965,2145,1015.00,2026-10-06,23073.25
2026-09-24 14:06:07,24100,4810,3965,2210,980.00,2026-10-06,23066.10
2026-09-24 14:11:07,24100,4875,3965,2275,1009.10,2026-10-06,23073.60
2026-09-24 14:16:08,24100,4875,3965,2275,1009.10,2026-10-06,23077.10
2026-09-24 14:21:08,24100,4875,3965,2275,1009.10,2026-10-06,23065.05
2026-09-24 09:21:06,24100,6565,6565,0,633.70,2026-10-13,23227.45
2026-09-24 09:26:07,24100,6565,6565,0,633.70,2026-10-13,23238.65
2026-09-24 09:31:08,24100,6565,6565,0,633.70,2026-10-13,23259.10
2026-09-24 09:36:07,24100,6565,6565,0,633.70,2026-10-13,23266.10
2026-09-24 09:41:07,24100,6565,6565,0,633.70,2026-10-13,23241.25
2026-09-24 09:46:06,24100,6565,6565,0,633.70,2026-10-13,23230.10
2026-09-24 09:51:07,24100,6565,6565,0,633.70,2026-10-13,23234.60
2026-09-24 09:56:08,24100,6565,6565,0,633.70,2026-10-13,23214.30
2026-09-24 10:01:07,24100,6565,6565,0,633.70,2026-10-13,23230.20
2026-09-24 10:06:07,24100,6565,6565,0,633.70,2026-10-13,23232.65
2026-09-24 10:11:07,24100,6565,6565,0,633.70,2026-10-13,23228.60
2026-09-24 10:16:07,24100,6565,6565,0,633.70,2026-10-13,23217.60
2026-09-24 10:21:07,24100,6565,6565,0,633.70,2026-10-13,23216.80
2026-09-24 10:26:08,24100,6565,6565,0,633.70,2026-10-13,23203.85
2026-09-24 10:31:07,24100,6565,6565,0,633.70,2026-10-13,23213.05
2026-09-24 10:36:08,24100,6565,6565,0,633.70,2026-10-13,23220.55
2026-09-24 10:41:07,24100,6565,6565,0,633.70,2026-10-13,23221.10
2026-09-24 10:46:07,24100,6565,6565,0,633.70,2026-10-13,23220.55
2026-09-24 10:51:08,24100,6565,6565,0,633.70,2026-10-13,23233.90
2026-09-24 10:56:07,24100,6565,6565,0,633.70,2026-10-13,23237.95
2026-09-24 11:01:07,24100,6565,6565,0,633.70,2026-10-13,23234.55
2026-09-24 11:06:07,24100,6565,6565,0,633.70,2026-10-13,23222.15
2026-09-24 11:11:07,24100,6565,6565,0,633.70,2026-10-13,23225.15
2026-09-24 11:16:08,24100,6565,6565,0,633.70,2026-10-13,23225.70
2026-09-24 11:21:07,24100,6565,6565,0,633.70,2026-10-13,23229.45
2026-09-24 11:26:08,24100,6565,6565,0,633.70,2026-10-13,23216.25
2026-09-24 11:31:08,24100,6565,6565,0,633.70,2026-10-13,23216.00
2026-09-24 11:36:07,24100,6565,6565,0,633.70,2026-10-13,23210.65
2026-09-24 11:41:08,24100,6565,6565,0,633.70,2026-10-13,23210.40
2026-09-24 11:46:08,24100,6565,6565,0,633.70,2026-10-13,23210.45
2026-09-24 11:51:06,24100,6565,6565,0,633.70,2026-10-13,23205.75
2026-09-24 11:56:07,24100,6565,6565,0,633.70,2026-10-13,23198.30
2026-09-24 12:01:07,24100,6565,6565,0,633.70,2026-10-13,23196.80
2026-09-24 12:06:08,24100,6565,6565,0,633.70,2026-10-13,23209.50
2026-09-24 12:11:06,24100,6565,6565,0,633.70,2026-10-13,23207.20
2026-09-24 12:16:08,24100,6565,6565,0,633.70,2026-10-13,23200.80
2026-09-24 12:21:08,24100,6565,6565,0,633.70,2026-10-13,23199.15
2026-09-24 12:26:07,24100,6565,6565,0,633.70,2026-10-13,23175.00
2026-09-24 12:36:08,24100,6565,6565,0,633.70,2026-10-13,23172.95
2026-09-24 12:41:08,24100,6565,6565,0,633.70,2026-10-13,23178.80
2026-09-24 12:46:09,24100,6565,6565,0,633.70,2026-10-13,23171.55
2026-09-24 12:51:08,24100,6565,6565,0,633.70,2026-10-13,23178.45
2026-09-24 12:56:08,24100,6565,6565,0,633.70,2026-10-13,23167.75
2026-09-24 13:01:08,24100,6565,6565,0,633.70,2026-10-13,23167.55
2026-09-24 13:06:08,24100,6565,6565,0,633.70,2026-10-13,23182.50
2026-09-24 13:11:08,24100,6565,6565,0,633.70,2026-10-13,23177.65
2026-09-24 13:16:09,24100,6565,6565,0,633.70,2026-10-13,23184.40
2026-09-24 13:21:08,24100,6565,6565,0,633.70,2026-10-13,23178.05
2026-09-24 13:26:07,24100,6565,6565,0,633.70,2026-10-13,23167.25
2026-09-24 13:31:07,24100,6565,6565,0,633.70,2026-10-13,23151.50
2026-09-24 13:36:06,24100,6565,6565,0,633.70,2026-10-13,23151.15
2026-09-24 13:41:05,24100,6565,6565,0,633.70,2026-10-13,23136.40
2026-09-24 13:46:07,24100,6565,6565,0,633.70,2026-10-13,23088.25
2026-09-24 13:51:06,24100,6565,6565,0,633.70,2026-10-13,23100.00
2026-09-24 13:56:07,24100,6565,6565,0,633.70,2026-10-13,23077.75
2026-09-24 14:01:08,24100,6565,6565,0,633.70,2026-10-13,23075.55
2026-09-24 14:06:08,24100,6565,6565,0,633.70,2026-10-13,23066.40
2026-09-24 14:11:08,24100,6565,6565,0,633.70,2026-10-13,23073.90
2026-09-24 14:16:09,24100,6565,6565,0,633.70,2026-10-13,23078.20
2026-09-24 14:21:08,24100,6565,6565,0,633.70,2026-10-13,23064.10
2026-09-24 09:21:05,24200,1445860,1459315,34905,948.60,2026-09-29,23228.00
2026-09-24 09:26:06,24200,1443455,1459315,43745,943.05,2026-09-29,23239.80
2026-09-24 09:31:07,24200,1431950,1459315,52520,937.75,2026-09-29,23258.60
2026-09-24 09:36:06,24200,1430650,1459315,56290,934.60,2026-09-29,23266.40
2026-09-24 09:41:06,24200,1429935,1459315,57135,955.00,2026-09-29,23241.75
2026-09-24 09:46:05,24200,1429610,1459315,59150,966.55,2026-09-29,23230.85
2026-09-24 09:51:06,24200,1428180,1459315,62985,959.90,2026-09-29,23233.00
2026-09-24 09:56:07,24200,1424150,1459315,70720,973.75,2026-09-29,23213.70
2026-09-24 10:01:06,24200,1410565,1459315,91260,960.05,2026-09-29,23229.80
2026-09-24 10:06:06,24200,1399515,1459315,110305,958.70,2026-09-29,23233.00
2026-09-24 10:11:06,24200,1385735,1459315,138385,957.85,2026-09-29,23229.25
2026-09-24 10:16:06,24200,1374880,1459315,155415,977.75,2026-09-29,23218.55
2026-09-24 10:21:06,24200,1356030,1459315,192075,972.25,2026-09-29,23216.00
2026-09-24 10:26:07,24200,1346410,1459315,204425,976.25,2026-09-29,23204.10
2026-09-24 10:31:06,24200,1324830,1459315,238550,971.95,2026-09-29,23213.25
2026-09-24 10:36:07,24200,1314040,1459315,257205,964.05,2026-09-29,23220.25
2026-09-24 10:41:06,24200,1294605,1459315,290680,963.10,2026-09-29,23220.25
2026-09-24 10:46:06,24200,1283490,1459315,311025,966.30,2026-09-29,23220.75
2026-09-24 10:51:07,24200,1274065,1459315,327080,954.75,2026-09-29,23234.45
2026-09-24 10:56:06,24200,1268475,1459315,337415,941.85,2026-09-29,23238.30
2026-09-24 11:01:06,24200,1257685,1459315,353860,946.45,2026-09-29,23234.40
2026-09-24 11:06:06,24200,1253720,1459315,362115,959.70,2026-09-29,23222.45
2026-09-24 11:11:06,24200,1250795,1459315,366210,960.45,2026-09-29,23225.00
2026-09-24 11:16:06,24200,1242995,1459315,380965,966.40,2026-09-29,23226.10
2026-09-24 11:21:06,24200,1225445,1459315,406575,958.65,2026-09-29,23229.45
2026-09-24 11:26:07,24200,1215175,1459315,418730,976.40,2026-09-29,23216.10
2026-09-24 11:31:07,24200,1214005,1459315,419575,970.40,2026-09-29,23216.20
2026-09-24 11:36:06,24200,1208480,1459315,428480,978.80,2026-09-29,23209.70
2026-09-24 11:41:07,24200,1207765,1459315,429000,976.05,2026-09-29,23208.95
2026-09-24 11:46:07,24200,1206920,1459315,429910,973.00,2026-09-29,23210.35
2026-09-24 11:51:05,24200,1206530,1459315,430365,972.20,2026-09-29,23207.60
2026-09-24 11:56:06,24200,1204905,1459315,433030,977.45,2026-09-29,23198.85
2026-09-24 12:01:06,24200,1199900,1459315,441805,984.50,2026-09-29,23196.80
2026-09-24 12:06:07,24200,1196260,1459315,446095,976.95,2026-09-29,23209.50
2026-09-24 12:11:05,24200,1196195,1459315,446420,977.10,2026-09-29,23207.00
2026-09-24 12:16:07,24200,1195805,1459315,446745,981.00,2026-09-29,23199.90
2026-09-24 12:21:06,24200,1195155,1459315,447785,982.65,2026-09-29,23198.65
2026-09-24 12:26:06,24200,1194960,1459315,448305,986.55,2026-09-29,23175.90
2026-09-24 12:36:07,24200,1193465,1459315,450710,1006.95,2026-09-29,23171.75
2026-09-24 12:41:07,24200,1191775,1459315,452595,997.05,2026-09-29,23179.45
2026-09-24 12:46:08,24200,1183520,1459315,461890,1001.55,2026-09-29,23172.05
2026-09-24 12:51:07,24200,1180010,1459315,466830,1000.75,2026-09-29,23178.35
2026-09-24 12:56:07,24200,1178905,1459315,468130,1008.40,2026-09-29,23168.05
2026-09-24 13:01:07,24200,1178255,1459315,469235,1003.25,2026-09-29,23168.55
2026-09-24 13:06:07,24200,1176695,1459315,473200,984.90,2026-09-29,23182.55
2026-09-24 13:11:07,24200,1175655,1459315,473915,995.25,2026-09-29,23177.80
2026-09-24 13:16:07,24200,1169155,1459315,483080,990.40,2026-09-29,23185.50
2026-09-24 13:21:06,24200,1165060,1459315,487240,1000.25,2026-09-29,23178.25
2026-09-24 13:26:06,24200,1162460,1459315,491725,999.80,2026-09-29,23167.05
2026-09-24 13:31:06,24200,1159210,1459315,495625,1030.00,2026-09-29,23151.70
2026-09-24 13:36:05,24200,1156675,1459315,499395,1033.40,2026-09-29,23151.50
2026-09-24 13:41:04,24200,1148420,1459315,509145,1044.50,2026-09-29,23136.10
2026-09-24 13:46:06,24200,1147185,1459315,511940,1088.40,2026-09-29,23086.45
2026-09-24 13:51:05,24200,1145105,1459315,516555,1083.00,2026-09-29,23100.15
2026-09-24 13:56:06,24200,1140880,1459315,523315,1102.25,2026-09-29,23078.40
2026-09-24 14:01:06,24200,1138345,1459315,527930,1118.85,2026-09-29,23072.60
2026-09-24 14:06:07,24200,1137370,1459315,530985,1118.05,2026-09-29,23065.45
2026-09-24 14:11:06,24200,1132690,1459315,544765,1114.85,2026-09-29,23073.05
2026-09-24 14:16:06,24200,1131065,1459315,546650,1096.80,2026-09-29,23077.45
2026-09-24 14:21:07,24200,1129895,1459315,547105,1111.95,2026-09-29,23065.55
2026-09-24 09:21:06,24200,2080,2015,845,921.15,2026-10-06,23228.25
2026-09-24 09:26:07,24200,2600,2015,1170,923.90,2026-10-06,23239.10
2026-09-24 09:31:08,24200,2600,2015,1170,923.90,2026-10-06,23259.00
2026-09-24 09:36:07,24200,2470,2015,1235,915.35,2026-10-06,23265.90
2026-09-24 09:41:07,24200,2470,2015,1235,915.35,2026-10-06,23240.80
2026-09-24 09:46:06,24200,2405,2015,1365,937.85,2026-10-06,23229.95
2026-09-24 09:51:06,24200,2535,2015,1495,950.00,2026-10-06,23233.75
2026-09-24 09:56:07,24200,2535,2015,1495,950.00,2026-10-06,23213.85
2026-09-24 10:01:07,24200,2535,2015,1625,942.95,2026-10-06,23230.55
2026-09-24 10:06:06,24200,2535,2015,1755,939.35,2026-10-06,23232.95
2026-09-24 10:11:06,24200,2535,2015,1950,935.00,2026-10-06,23228.70
2026-09-24 10:16:07,24200,2535,2015,1950,935.00,2026-10-06,23218.70
2026-09-24 10:21:07,24200,2600,2015,2015,960.00,2026-10-06,23216.35
2026-09-24 10:26:07,24200,2600,2015,2015,960.00,2026-10-06,23204.05
2026-09-24 10:31:06,24200,2600,2015,2015,960.00,2026-10-06,23212.70
2026-09-24 10:36:07,24200,2600,2015,2015,960.00,2026-10-06,23220.60
2026-09-24 10:41:07,24200,2600,2015,2015,960.00,2026-10-06,23221.15
2026-09-24 10:46:07,24200,2600,2015,2015,960.00,2026-10-06,23220.65
2026-09-24 10:51:07,24200,2600,2015,2015,960.00,2026-10-06,23233.60
2026-09-24 10:56:06,24200,2600,2015,2015,960.00,2026-10-06,23239.20
2026-09-24 11:01:06,24200,2600,2015,2015,960.00,2026-10-06,23233.70
2026-09-24 11:06:07,24200,2600,2015,2015,960.00,2026-10-06,23222.55
2026-09-24 11:11:07,24200,2600,2015,2015,960.00,2026-10-06,23225.20
2026-09-24 11:16:07,24200,2600,2015,2015,960.00,2026-10-06,23225.25
2026-09-24 11:21:06,24200,2600,2015,2015,960.00,2026-10-06,23229.15
2026-09-24 11:26:07,24200,2600,2015,2015,960.00,2026-10-06,23216.00
2026-09-24 11:31:07,24200,2600,2015,2015,960.00,2026-10-06,23216.15
2026-09-24 11:36:07,24200,2600,2015,2015,960.00,2026-10-06,23209.65
2026-09-24 11:41:07,24200,2600,2015,2015,960.00,2026-10-06,23208.95
2026-09-24 11:46:07,24200,2600,2015,2015,960.00,2026-10-06,23210.10
2026-09-24 11:51:05,24200,2600,2015,2015,960.00,2026-10-06,23206.75
2026-09-24 11:56:06,24200,2665,2015,2080,957.00,2026-10-06,23198.40
2026-09-24 12:01:06,24200,2730,2015,2145,974.70,2026-10-06,23196.85
2026-09-24 12:06:07,24200,2730,2015,2145,974.70,2026-10-06,23209.80
2026-09-24 12:11:05,24200,2730,2015,2145,974.70,2026-10-06,23206.90
2026-09-24 12:16:07,24200,2730,2015,2145,974.70,2026-10-06,23200.30
2026-09-24 12:21:07,24200,2730,2015,2145,974.70,2026-10-06,23198.65
2026-09-24 12:26:06,24200,2730,2015,2145,974.70,2026-10-06,23175.75
2026-09-24 12:36:08,24200,2730,2015,2145,974.70,2026-10-06,23172.45
2026-09-24 12:41:08,24200,2730,2015,2145,974.70,2026-10-06,23179.50
2026-09-24 12:46:08,24200,2730,2015,2145,974.70,2026-10-06,23171.10
2026-09-24 12:51:08,24200,2730,2015,2145,974.70,2026-10-06,23178.25
2026-09-24 12:56:08,24200,2665,2015,2210,989.40,2026-10-06,23167.90
2026-09-24 13:01:08,24200,2730,2015,2535,986.35,2026-10-06,23167.70
2026-09-24 13:06:07,24200,2730,2015,2535,986.35,2026-10-06,23182.45
2026-09-24 13:11:08,24200,2730,2015,2535,986.35,2026-10-06,23177.20
2026-09-24 13:16:08,24200,2730,2015,2535,986.35,2026-10-06,23185.00
2026-09-24 13:21:07,24200,2730,2015,2535,986.35,2026-10-06,23178.10
2026-09-24 13:26:06,24200,3055,2015,2600,981.35,2026-10-06,23167.35
2026-09-24 13:31:07,24200,3055,2015,2600,981.35,2026-10-06,23152.05
2026-09-24 13:36:06,24200,3055,2015,2600,981.35,2026-10-06,23151.60
2026-09-24 13:41:05,24200,3055,2015,2600,981.35,2026-10-06,23135.95
2026-09-24 13:46:07,24200,3055,2015,2600,981.35,2026-10-06,23087.20
2026-09-24 13:51:06,24200,3055,2015,2600,981.35,2026-10-06,23099.90
2026-09-24 13:56:06,24200,3055,2015,2665,1090.00,2026-10-06,23078.00
2026-09-24 14:01:06,24200,3055,2015,2665,1090.00,2026-10-06,23073.25
2026-09-24 14:06:07,24200,3055,2015,2665,1090.00,2026-10-06,23066.10
2026-09-24 14:11:07,24200,3055,2015,2665,1090.00,2026-10-06,23073.60
2026-09-24 14:16:08,24200,3055,2015,2665,1090.00,2026-10-06,23077.10
2026-09-24 14:21:08,24200,3185,2015,2795,1098.00,2026-10-06,23065.05
2026-09-24 09:21:06,24200,585,715,0,704.95,2026-10-13,23227.45
2026-09-24 09:26:07,24200,585,715,0,704.95,2026-10-13,23238.65
2026-09-24 09:31:08,24200,585,715,0,704.95,2026-10-13,23259.10
2026-09-24 09:36:07,24200,585,715,0,704.95,2026-10-13,23266.10
2026-09-24 09:41:07,24200,585,715,0,704.95,2026-10-13,23241.25
2026-09-24 09:46:06,24200,585,715,0,704.95,2026-10-13,23230.10
2026-09-24 09:51:07,24200,585,715,0,704.95,2026-10-13,23234.60
2026-09-24 09:56:08,24200,585,715,0,704.95,2026-10-13,23214.30
2026-09-24 10:01:07,24200,585,715,0,704.95,2026-10-13,23230.20
2026-09-24 10:06:07,24200,585,715,0,704.95,2026-10-13,23232.65
2026-09-24 10:11:07,24200,585,715,0,704.95,2026-10-13,23228.60
2026-09-24 10:16:07,24200,585,715,0,704.95,2026-10-13,23217.60
2026-09-24 10:21:07,24200,585,715,0,704.95,2026-10-13,23216.80
2026-09-24 10:26:08,24200,585,715,0,704.95,2026-10-13,23203.85
2026-09-24 10:31:07,24200,585,715,0,704.95,2026-10-13,23213.05
2026-09-24 10:36:08,24200,585,715,0,704.95,2026-10-13,23220.55
2026-09-24 10:41:07,24200,585,715,0,704.95,2026-10-13,23221.10
2026-09-24 10:46:07,24200,585,715,0,704.95,2026-10-13,23220.55
2026-09-24 10:51:08,24200,585,715,0,704.95,2026-10-13,23233.90
2026-09-24 10:56:07,24200,585,715,0,704.95,2026-10-13,23237.95
2026-09-24 11:01:07,24200,585,715,0,704.95,2026-10-13,23234.55
2026-09-24 11:06:07,24200,585,715,0,704.95,2026-10-13,23222.15
2026-09-24 11:11:07,24200,585,715,0,704.95,2026-10-13,23225.15
2026-09-24 11:16:08,24200,585,715,0,704.95,2026-10-13,23225.70
2026-09-24 11:21:07,24200,585,715,0,704.95,2026-10-13,23229.45
2026-09-24 11:26:08,24200,585,715,0,704.95,2026-10-13,23216.25
2026-09-24 11:31:08,24200,585,715,0,704.95,2026-10-13,23216.00
2026-09-24 11:36:07,24200,585,715,0,704.95,2026-10-13,23210.65
2026-09-24 11:41:08,24200,585,715,0,704.95,2026-10-13,23210.40
2026-09-24 11:46:08,24200,585,715,0,704.95,2026-10-13,23210.45
2026-09-24 11:51:06,24200,585,715,0,704.95,2026-10-13,23205.75
2026-09-24 11:56:07,24200,585,715,0,704.95,2026-10-13,23198.30
2026-09-24 12:01:07,24200,715,715,65,953.00,2026-10-13,23196.80
2026-09-24 12:06:08,24200,715,715,65,953.00,2026-10-13,23209.50
2026-09-24 12:11:06,24200,715,715,65,953.00,2026-10-13,23207.20
2026-09-24 12:16:08,24200,715,715,65,953.00,2026-10-13,23200.80
2026-09-24 12:21:08,24200,715,715,65,953.00,2026-10-13,23199.15
2026-09-24 12:26:07,24200,715,715,65,953.00,2026-10-13,23175.00
2026-09-24 12:36:08,24200,715,715,65,953.00,2026-10-13,23172.95
2026-09-24 12:41:08,24200,715,715,65,953.00,2026-10-13,23178.80
2026-09-24 12:46:09,24200,715,715,65,953.00,2026-10-13,23171.55
2026-09-24 12:51:08,24200,715,715,65,953.00,2026-10-13,23178.45
2026-09-24 12:56:08,24200,715,715,65,953.00,2026-10-13,23167.75
2026-09-24 13:01:08,24200,715,715,65,953.00,2026-10-13,23167.55
2026-09-24 13:06:08,24200,715,715,65,953.00,2026-10-13,23182.50
2026-09-24 13:11:08,24200,715,715,65,953.00,2026-10-13,23177.65
2026-09-24 13:16:09,24200,715,715,65,953.00,2026-10-13,23184.40
2026-09-24 13:21:08,24200,715,715,65,953.00,2026-10-13,23178.05
2026-09-24 13:26:07,24200,715,715,65,953.00,2026-10-13,23167.25
2026-09-24 13:31:07,24200,715,715,65,953.00,2026-10-13,23151.50
2026-09-24 13:36:06,24200,715,715,65,953.00,2026-10-13,23151.15
2026-09-24 13:41:05,24200,715,715,65,953.00,2026-10-13,23136.40
2026-09-24 13:46:07,24200,715,715,65,953.00,2026-10-13,23088.25
2026-09-24 13:51:06,24200,715,715,65,953.00,2026-10-13,23100.00
2026-09-24 13:56:07,24200,715,715,65,953.00,2026-10-13,23077.75
2026-09-24 14:01:08,24200,715,715,65,953.00,2026-10-13,23075.55
2026-09-24 14:06:08,24200,715,715,65,953.00,2026-10-13,23066.40
2026-09-24 14:11:08,24200,715,715,65,953.00,2026-10-13,23073.90
2026-09-24 14:16:09,24200,715,715,65,953.00,2026-10-13,23078.20
2026-09-24 14:21:08,24200,715,715,65,953.00,2026-10-13,23064.10
2026-09-24 09:21:05,24300,2753660,2758340,36725,1048.15,2026-09-29,23228.00
2026-09-24 09:26:06,24300,2752035,2758340,40560,1034.55,2026-09-29,23239.80
2026-09-24 09:31:07,24300,2744170,2758340,61685,1036.25,2026-09-29,23258.60
2026-09-24 09:36:06,24300,2739230,2758340,70525,1034.15,2026-09-29,23266.40
2026-09-24 09:41:06,24300,2735850,2758340,75725,1054.30,2026-09-29,23241.75
2026-09-24 09:46:05,24300,2732665,2758340,80275,1071.90,2026-09-29,23230.85
2026-09-24 09:51:06,24300,2730585,2758340,82290,1059.75,2026-09-29,23233.00
2026-09-24 09:56:07,24300,2723955,2758340,93730,1073.95,2026-09-29,23213.70
2026-09-24 10:01:06,24300,2718820,2758340,100360,1063.70,2026-09-29,23229.80
2026-09-24 10:06:06,24300,2716285,2758340,105820,1059.05,2026-09-29,23233.00
2026-09-24 10:11:06,24300,2710565,2758340,132080,1056.20,2026-09-29,23229.25
2026-09-24 10:16:06,24300,2708875,2758340,133705,1075.90,2026-09-29,23218.55
2026-09-24 10:21:06,24300,2706080,2758340,143650,1067.35,2026-09-29,23216.00
2026-09-24 10:26:07,24300,2703415,2758340,146185,1078.55,2026-09-29,23204.10
2026-09-24 10:31:06,24300,2702375,2758340,147550,1073.05,2026-09-29,23213.25
2026-09-24 10:36:07,24300,2701595,2758340,148915,1058.30,2026-09-29,23220.25
2026-09-24 10:41:06,24300,2700360,2758340,151580,1065.25,2026-09-29,23220.25
2026-09-24 10:46:06,24300,2700360,2758340,152230,1066.95,2026-09-29,23220.75
2026-09-24 10:51:07,24300,2697370,2758340,157170,1053.10,2026-09-29,23234.45
2026-09-24 10:56:06,24300,2693340,2758340,162175,1044.60,2026-09-29,23238.30
2026-09-24 11:01:06,24300,2692495,2758340,166595,1047.10,2026-09-29,23234.40
2026-09-24 11:06:06,24300,2691130,2758340,173875,1056.50,2026-09-29,23222.45
2026-09-24 11:11:06,24300,2685345,2758340,197535,1058.40,2026-09-29,23225.00
2026-09-24 11:16:06,24300,2680795,2758340,208390,1065.30,2026-09-29,23226.10
2026-09-24 11:21:06,24300,2677610,2758340,216905,1055.90,2026-09-29,23229.45
2026-09-24 11:26:07,24300,2676895,2758340,217100,1073.80,2026-09-29,23216.10
2026-09-24 11:31:07,24300,2676700,2758340,221715,1074.00,2026-09-29,23216.20
2026-09-24 11:36:06,24300,2676375,2758340,225030,1077.90,2026-09-29,23209.70
2026-09-24 11:41:07,24300,2655770,2758340,225160,1080.50,2026-09-29,23208.95
2026-09-24 11:46:07,24300,2655705,2758340,225550,1069.95,2026-09-29,23210.35
2026-09-24 11:51:05,24300,2655575,2758340,227045,1075.10,2026-09-29,23207.60
2026-09-24 11:56:06,24300,2655575,2758340,227110,1078.65,2026-09-29,23198.85
2026-09-24 12:01:06,24300,2655445,2758340,229515,1091.80,2026-09-29,23196.80
2026-09-24 12:06:07,24300,2655315,2758340,230620,1073.85,2026-09-29,23209.50
2026-09-24 12:11:05,24300,2654730,2758340,230815,1072.95,2026-09-29,23207.00
2026-09-24 12:16:07,24300,2654600,2758340,231335,1082.45,2026-09-29,23199.90
2026-09-24 12:21:06,24300,2654080,2758340,232115,1082.00,2026-09-29,23198.65
2026-09-24 12:26:06,24300,2654080,2758340,232180,1084.10,2026-09-29,23175.90
2026-09-24 12:36:07,24300,2653105,2758340,235495,1110.90,2026-09-29,23171.75
2026-09-24 12:41:07,24300,2652845,2758340,235950,1097.00,2026-09-29,23179.45
2026-09-24 12:46:08,24300,2652260,2758340,237965,1102.30,2026-09-29,23172.05
2026-09-24 12:51:07,24300,2650310,2758340,248820,1100.55,2026-09-29,23178.35
2026-09-24 12:56:07,24300,2645760,2758340,256815,1106.70,2026-09-29,23168.05
2026-09-24 13:01:07,24300,2643420,2758340,267735,1104.00,2026-09-29,23168.55
2026-09-24 13:06:07,24300,2637180,2758340,282425,1090.00,2026-09-29,23182.55
2026-09-24 13:11:07,24300,2624245,2758340,307255,1095.90,2026-09-29,23177.80
2026-09-24 13:16:07,24300,2621645,2758340,317980,1091.20,2026-09-29,23185.50
2026-09-24 13:21:06,24300,2620735,2758340,318890,1095.40,2026-09-29,23178.25
2026-09-24 13:26:06,24300,2617940,2758340,323635,1106.10,2026-09-29,23167.05
2026-09-24 13:31:06,24300,2616315,2758340,326170,1143.30,2026-09-29,23151.70
2026-09-24 13:36:05,24300,2615795,2758340,327990,1132.85,2026-09-29,23151.50
2026-09-24 13:41:04,24300,2615340,2758340,332280,1147.10,2026-09-29,23136.10
2026-09-24 13:46:06,24300,2611115,2758340,350220,1177.55,2026-09-29,23086.45
2026-09-24 13:51:05,24300,2606955,2758340,368420,1188.60,2026-09-29,23100.15
2026-09-24 13:56:06,24300,2599675,2758340,375895,1208.70,2026-09-29,23078.40
2026-09-24 14:01:06,24300,2598050,2758340,385190,1219.40,2026-09-29,23072.60
2026-09-24 14:06:07,24300,2597270,2758340,397800,1211.95,2026-09-29,23065.45
2026-09-24 14:11:06,24300,2595385,2758340,403780,1210.15,2026-09-29,23073.05
2026-09-24 14:16:06,24300,2592590,2758340,405860,1207.60,2026-09-29,23077.45
2026-09-24 14:21:07,24300,2591030,2758340,407355,1219.85,2026-09-29,23065.55
2026-09-24 09:21:06,24300,4680,4615,260,1020.95,2026-10-06,23228.25
2026-09-24 09:26:07,24300,4680,4615,260,1020.95,2026-10-06,23239.10
2026-09-24 09:31:08,24300,4680,4615,260,1020.95,2026-10-06,23259.00
2026-09-24 09:36:07,24300,4680,4615,260,1020.95,2026-10-06,23265.90
2026-09-24 09:41:07,24300,4680,4615,260,1020.95,2026-10-06,23240.80
2026-09-24 09:46:06,24300,4680,4615,260,1020.95,2026-10-06,23229.95
2026-09-24 09:51:06,24300,4810,4615,390,1040.00,2026-10-06,23233.75
2026-09-24 09:56:07,24300,4810,4615,390,1040.00,2026-10-06,23213.85
2026-09-24 10:01:07,24300,4810,4615,390,1040.00,2026-10-06,23230.55
2026-09-24 10:06:06,24300,4810,4615,390,1040.00,2026-10-06,23232.95
2026-09-24 10:11:06,24300,4810,4615,390,1040.00,2026-10-06,23228.70
2026-09-24 10:16:07,24300,4810,4615,390,1040.00,2026-10-06,23218.70
2026-09-24 10:21:07,24300,4810,4615,390,1040.00,2026-10-06,23216.35
2026-09-24 10:26:07,24300,4810,4615,390,1040.00,2026-10-06,23204.05
2026-09-24 10:31:06,24300,4810,4615,390,1040.00,2026-10-06,23212.70
2026-09-24 10:36:07,24300,4810,4615,390,1040.00,2026-10-06,23220.60
2026-09-24 10:41:07,24300,4940,4615,520,1033.75,2026-10-06,23221.15
2026-09-24 10:46:07,24300,4940,4615,520,1033.75,2026-10-06,23220.65
2026-09-24 10:51:07,24300,4940,4615,520,1033.75,2026-10-06,23233.60
2026-09-24 10:56:06,24300,4940,4615,520,1033.75,2026-10-06,23239.20
2026-09-24 11:01:06,24300,4940,4615,585,1022.00,2026-10-06,23233.70
2026-09-24 11:06:07,24300,4940,4615,585,1022.00,2026-10-06,23222.55
2026-09-24 11:11:07,24300,4940,4615,585,1022.00,2026-10-06,23225.20
2026-09-24 11:16:07,24300,4940,4615,585,1022.00,2026-10-06,23225.25
2026-09-24 11:21:06,24300,5005,4615,1560,1027.15,2026-10-06,23229.15
2026-09-24 11:26:07,24300,5005,4615,1560,1027.15,2026-10-06,23216.00
2026-09-24 11:31:07,24300,5005,4615,1560,1027.15,2026-10-06,23216.15
2026-09-24 11:36:07,24300,5005,4615,1560,1027.15,2026-10-06,23209.65
2026-09-24 11:41:07,24300,5005,4615,1560,1027.15,2026-10-06,23208.95
2026-09-24 11:46:07,24300,5005,4615,1560,1027.15,2026-10-06,23210.10
2026-09-24 11:51:05,24300,5005,4615,1560,1027.15,2026-10-06,23206.75
2026-09-24 11:56:06,24300,5005,4615,1560,1027.15,2026-10-06,23198.40
2026-09-24 12:01:06,24300,5005,4615,1560,1027.15,2026-10-06,23196.85
2026-09-24 12:06:07,24300,5005,4615,1560,1027.15,2026-10-06,23209.80
2026-09-24 12:11:05,24300,5005,4615,1560,1027.15,2026-10-06,23206.90
2026-09-24 12:16:07,24300,5005,4615,1560,1027.15,2026-10-06,23200.30
2026-09-24 12:21:07,24300,5005,4615,1560,1027.15,2026-10-06,23198.65
2026-09-24 12:26:06,24300,5005,4615,1560,1027.15,2026-10-06,23175.75
2026-09-24 12:36:08,24300,5005,4615,1560,1027.15,2026-10-06,23172.45
2026-09-24 12:41:08,24300,5005,4615,1560,1027.15,2026-10-06,23179.50
2026-09-24 12:46:08,24300,5005,4615,1560,1027.15,2026-10-06,23171.10
2026-09-24 12:51:08,24300,5005,4615,1560,1027.15,2026-10-06,23178.25
2026-09-24 12:56:08,24300,5980,4615,1690,1085.00,2026-10-06,23167.90
2026-09-24 13:01:08,24300,5980,4615,1690,1085.00,2026-10-06,23167.70
2026-09-24 13:06:07,24300,5980,4615,1690,1085.00,2026-10-06,23182.45
2026-09-24 13:11:08,24300,6110,4615,1755,1065.00,2026-10-06,23177.20
2026-09-24 13:16:08,24300,6110,4615,1755,1065.00,2026-10-06,23185.00
2026-09-24 13:21:07,24300,6110,4615,1755,1065.00,2026-10-06,23178.10
2026-09-24 13:26:06,24300,6175,4615,1820,1080.00,2026-10-06,23167.35
2026-09-24 13:31:07,24300,6175,4615,1820,1080.00,2026-10-06,23152.05
2026-09-24 13:36:06,24300,6175,4615,1820,1080.00,2026-10-06,23151.60
2026-09-24 13:41:05,24300,6175,4615,1820,1080.00,2026-10-06,23135.95
2026-09-24 13:46:07,24300,6175,4615,1820,1080.00,2026-10-06,23087.20
2026-09-24 13:51:06,24300,6175,4615,1820,1080.00,2026-10-06,23099.90
2026-09-24 13:56:06,24300,6175,4615,1820,1080.00,2026-10-06,23078.00
2026-09-24 14:01:06,24300,6175,4615,1820,1080.00,2026-10-06,23073.25
2026-09-24 14:06:07,24300,6175,4615,1820,1080.00,2026-10-06,23066.10
2026-09-24 14:11:07,24300,6175,4615,1820,1080.00,2026-10-06,23073.60
2026-09-24 14:16:08,24300,6175,4615,1820,1080.00,2026-10-06,23077.10
2026-09-24 14:21:08,24300,6175,4615,1820,1080.00,2026-10-06,23065.05
2026-09-24 09:21:06,24300,520,390,0,820.00,2026-10-13,23227.45
2026-09-24 09:26:07,24300,520,390,0,820.00,2026-10-13,23238.65
2026-09-24 09:31:08,24300,520,390,0,820.00,2026-10-13,23259.10
2026-09-24 09:36:07,24300,520,390,0,820.00,2026-10-13,23266.10
2026-09-24 09:41:07,24300,520,390,0,820.00,2026-10-13,23241.25
2026-09-24 09:46:06,24300,520,390,0,820.00,2026-10-13,23230.10
2026-09-24 09:51:07,24300,520,390,0,820.00,2026-10-13,23234.60
2026-09-24 09:56:08,24300,520,390,0,820.00,2026-10-13,23214.30
2026-09-24 10:01:07,24300,520,390,0,820.00,2026-10-13,23230.20
2026-09-24 10:06:07,24300,520,390,0,820.00,2026-10-13,23232.65
2026-09-24 10:11:07,24300,520,390,0,820.00,2026-10-13,23228.60
2026-09-24 10:16:07,24300,520,390,0,820.00,2026-10-13,23217.60
2026-09-24 10:21:07,24300,520,390,0,820.00,2026-10-13,23216.80
2026-09-24 10:26:08,24300,520,390,0,820.00,2026-10-13,23203.85
2026-09-24 10:31:07,24300,520,390,0,820.00,2026-10-13,23213.05
2026-09-24 10:36:08,24300,520,390,0,820.00,2026-10-13,23220.55
2026-09-24 10:41:07,24300,520,390,0,820.00,2026-10-13,23221.10
2026-09-24 10:46:07,24300,520,390,0,820.00,2026-10-13,23220.55
2026-09-24 10:51:08,24300,520,390,0,820.00,2026-10-13,23233.90
2026-09-24 10:56:07,24300,520,390,0,820.00,2026-10-13,23237.95
2026-09-24 11:01:07,24300,520,390,0,820.00,2026-10-13,23234.55
2026-09-24 11:06:07,24300,520,390,0,820.00,2026-10-13,23222.15
2026-09-24 11:11:07,24300,520,390,0,820.00,2026-10-13,23225.15
2026-09-24 11:16:08,24300,520,390,0,820.00,2026-10-13,23225.70
2026-09-24 11:21:07,24300,520,390,0,820.00,2026-10-13,23229.45
2026-09-24 11:26:08,24300,520,390,0,820.00,2026-10-13,23216.25
2026-09-24 11:31:08,24300,520,390,0,820.00,2026-10-13,23216.00
2026-09-24 11:36:07,24300,520,390,0,820.00,2026-10-13,23210.65
2026-09-24 11:41:08,24300,520,390,0,820.00,2026-10-13,23210.40
2026-09-24 11:46:08,24300,520,390,0,820.00,2026-10-13,23210.45
2026-09-24 11:51:06,24300,520,390,0,820.00,2026-10-13,23205.75
2026-09-24 11:56:07,24300,520,390,0,820.00,2026-10-13,23198.30
2026-09-24 12:01:07,24300,520,390,0,820.00,2026-10-13,23196.80
2026-09-24 12:06:08,24300,520,390,0,820.00,2026-10-13,23209.50
2026-09-24 12:11:06,24300,520,390,0,820.00,2026-10-13,23207.20
2026-09-24 12:16:08,24300,520,390,0,820.00,2026-10-13,23200.80
2026-09-24 12:21:08,24300,520,390,0,820.00,2026-10-13,23199.15
2026-09-24 12:26:07,24300,520,390,0,820.00,2026-10-13,23175.00
2026-09-24 12:36:08,24300,520,390,0,820.00,2026-10-13,23172.95
2026-09-24 12:41:08,24300,520,390,0,820.00,2026-10-13,23178.80
2026-09-24 12:46:09,24300,520,390,0,820.00,2026-10-13,23171.55
2026-09-24 12:51:08,24300,520,390,0,820.00,2026-10-13,23178.45
2026-09-24 12:56:08,24300,520,390,0,820.00,2026-10-13,23167.75
2026-09-24 13:01:08,24300,520,390,0,820.00,2026-10-13,23167.55
2026-09-24 13:06:08,24300,520,390,0,820.00,2026-10-13,23182.50
2026-09-24 13:11:08,24300,520,390,0,820.00,2026-10-13,23177.65
2026-09-24 13:16:09,24300,520,390,0,820.00,2026-10-13,23184.40
2026-09-24 13:21:08,24300,520,390,0,820.00,2026-10-13,23178.05
2026-09-24 13:26:07,24300,520,390,0,820.00,2026-10-13,23167.25
2026-09-24 13:31:07,24300,520,390,0,820.00,2026-10-13,23151.50
2026-09-24 13:36:06,24300,520,390,0,820.00,2026-10-13,23151.15
2026-09-24 13:41:05,24300,520,390,0,820.00,2026-10-13,23136.40
2026-09-24 13:46:07,24300,520,390,0,820.00,2026-10-13,23088.25
2026-09-24 13:51:06,24300,520,390,0,820.00,2026-10-13,23100.00
2026-09-24 13:56:07,24300,520,390,0,820.00,2026-10-13,23077.75
2026-09-24 14:01:08,24300,520,390,0,820.00,2026-10-13,23075.55
2026-09-24 14:06:08,24300,520,390,0,820.00,2026-10-13,23066.40
2026-09-24 14:11:08,24300,520,390,0,820.00,2026-10-13,23073.90
2026-09-24 14:16:09,24300,520,390,0,820.00,2026-10-13,23078.20
2026-09-24 14:21:08,24300,520,390,0,820.00,2026-10-13,23064.10
2026-09-24 09:21:05,24400,1748955,1776060,48035,1146.45,2026-09-29,23228.00
2026-09-24 09:26:06,24400,1748565,1776060,51545,1142.65,2026-09-29,23239.80
2026-09-24 09:31:07,24400,1743300,1776060,58370,1139.50,2026-09-29,23258.60
2026-09-24 09:36:06,24400,1737385,1776060,66625,1137.05,2026-09-29,23266.40
2026-09-24 09:41:06,24400,1724450,1776060,83135,1149.10,2026-09-29,23241.75
2026-09-24 09:46:05,24400,1722305,1776060,85930,1167.00,2026-09-29,23230.85
2026-09-24 09:51:06,24400,1719640,1776060,89310,1156.25,2026-09-29,23233.00
2026-09-24 09:56:07,24400,1711905,1776060,98995,1173.05,2026-09-29,23213.70
2026-09-24 10:01:06,24400,1708850,1776060,105625,1163.70,2026-09-29,23229.80
2026-09-24 10:06:06,24400,1699685,1776060,118235,1156.70,2026-09-29,23233.00
2026-09-24 10:11:06,24400,1687075,1776060,132535,1158.30,2026-09-29,23229.25
2026-09-24 10:16:06,24400,1684475,1776060,136370,1164.35,2026-09-29,23218.55
2026-09-24 10:21:06,24400,1672190,1776060,153010,1169.35,2026-09-29,23216.00
2026-09-24 10:26:07,24400,1670175,1776060,157300,1175.70,2026-09-29,23204.10
2026-09-24 10:31:06,24400,1666990,1776060,162825,1174.95,2026-09-29,23213.25
2026-09-24 10:36:07,24400,1663805,1776060,164710,1159.85,2026-09-29,23220.25
2026-09-24 10:41:06,24400,1662830,1776060,167960,1164.95,2026-09-29,23220.25
2026-09-24 10:46:06,24400,1659125,1776060,173550,1164.65,2026-09-29,23220.75
2026-09-24 10:51:07,24400,1658215,1776060,175305,1154.20,2026-09-29,23234.45
2026-09-24 10:56:06,24400,1657305,1776060,176800,1142.00,2026-09-29,23238.30
2026-09-24 11:01:06,24400,1655095,1776060,181090,1149.15,2026-09-29,23234.40
2026-09-24 11:06:06,24400,1653535,1776060,185575,1150.80,2026-09-29,23222.45
2026-09-24 11:11:06,24400,1653340,1776060,185900,1155.05,2026-09-29,23225.00
2026-09-24 11:16:06,24400,1653210,1776060,185965,1158.00,2026-09-29,23226.10
2026-09-24 11:21:06,24400,1650805,1776060,190320,1156.05,2026-09-29,23229.45
2026-09-24 11:26:07,24400,1650805,1776060,190320,1156.05,2026-09-29,23216.10
2026-09-24 11:31:07,24400,1650090,1776060,190580,1175.60,2026-09-29,23216.20
2026-09-24 11:36:06,24400,1644890,1776060,199615,1182.30,2026-09-29,23209.70
2026-09-24 11:41:07,24400,1643915,1776060,199745,1176.90,2026-09-29,23208.95
2026-09-24 11:46:07,24400,1643785,1776060,199875,1176.90,2026-09-29,23210.35
2026-09-24 11:51:05,24400,1643655,1776060,200135,1173.90,2026-09-29,23207.60
2026-09-24 11:56:06,24400,1643525,1776060,200200,1173.90,2026-09-29,23198.85
2026-09-24 12:01:06,24400,1643005,1776060,202280,1193.75,2026-09-29,23196.80
2026-09-24 12:06:07,24400,1642225,1776060,202865,1176.85,2026-09-29,23209.50
2026-09-24 12:11:05,24400,1642030,1776060,203255,1176.85,2026-09-29,23207.00
2026-09-24 12:16:07,24400,1642030,1776060,203255,1176.85,2026-09-29,23199.90
2026-09-24 12:21:06,24400,1641640,1776060,203320,1176.85,2026-09-29,23198.65
2026-09-24 12:26:06,24400,1641640,1776060,203320,1176.85,2026-09-29,23175.90
2026-09-24 12:36:07,24400,1639755,1776060,207025,1201.45,2026-09-29,23171.75
2026-09-24 12:41:07,24400,1637675,1776060,209300,1191.10,2026-09-29,23179.45
2026-09-24 12:46:08,24400,1637545,1776060,209820,1202.35,2026-09-29,23172.05
2026-09-24 12:51:07,24400,1633840,1776060,216775,1200.95,2026-09-29,23178.35
2026-09-24 12:56:07,24400,1626755,1776060,225745,1207.45,2026-09-29,23168.05
2026-09-24 13:01:07,24400,1617330,1776060,239590,1206.40,2026-09-29,23168.55
2026-09-24 13:06:07,24400,1613300,1776060,242385,1187.70,2026-09-29,23182.55
2026-09-24 13:11:07,24400,1605825,1776060,251485,1196.65,2026-09-29,23177.80
2026-09-24 13:16:07,24400,1596335,1776060,263380,1193.70,2026-09-29,23185.50
2026-09-24 13:21:06,24400,1596335,1776060,263900,1194.65,2026-09-29,23178.25
2026-09-24 13:26:06,24400,1593865,1776060,266045,1207.90,2026-09-29,23167.05
2026-09-24 13:31:06,24400,1592370,1776060,267800,1246.70,2026-09-29,23151.70
2026-09-24 13:36:05,24400,1590550,1776060,272545,1225.70,2026-09-29,23151.50
2026-09-24 13:41:04,24400,1589120,1776060,272675,1231.60,2026-09-29,23136.10
2026-09-24 13:46:06,24400,1578265,1776060,288925,1266.65,2026-09-29,23086.45
2026-09-24 13:51:05,24400,1568320,1776060,300430,1287.05,2026-09-29,23100.15
2026-09-24 13:56:06,24400,1555450,1776060,321425,1307.90,2026-09-29,23078.40
2026-09-24 14:01:06,24400,1538875,1776060,344435,1319.35,2026-09-29,23072.60
2026-09-24 14:06:07,24400,1533415,1776060,352300,1314.40,2026-09-29,23065.45
2026-09-24 14:11:06,24400,1525290,1776060,361855,1304.25,2026-09-29,23073.05
2026-09-24 14:16:06,24400,1519895,1776060,369395,1303.15,2026-09-29,23077.45
2026-09-24 14:21:07,24400,1514630,1776060,374530,1307.85,2026-09-29,23065.55
2026-09-24 09:21:06,24400,1235,975,325,1118.00,2026-10-06,23228.25
2026-09-24 09:26:07,24400,1235,975,325,1118.00,2026-10-06,23239.10
2026-09-24 09:31:08,24400,1235,975,325,1118.00,2026-10-06,23259.00
2026-09-24 09:36:07,24400,1235,975,325,1118.00,2026-10-06,23265.90
2026-09-24 09:41:07,24400,1235,975,325,1118.00,2026-10-06,23240.80
2026-09-24 09:46:06,24400,1170,975,520,1138.40,2026-10-06,23229.95
2026-09-24 09:51:06,24400,1170,975,520,1138.40,2026-10-06,23233.75
2026-09-24 09:56:07,24400,1235,975,650,1150.00,2026-10-06,23213.85
2026-09-24 10:01:07,24400,1625,975,1040,1144.00,2026-10-06,23230.55
2026-09-24 10:06:06,24400,1755,975,1755,1134.65,2026-10-06,23232.95
2026-09-24 10:11:06,24400,2860,975,2405,1114.50,2026-10-06,23228.70
2026-09-24 10:16:07,24400,2860,975,2405,1114.50,2026-10-06,23218.70
2026-09-24 10:21:07,24400,3120,975,2535,1142.80,2026-10-06,23216.35
2026-09-24 10:26:07,24400,3120,975,2535,1142.80,2026-10-06,23204.05
2026-09-24 10:31:06,24400,2860,975,3185,1153.75,2026-10-06,23212.70
2026-09-24 10:36:07,24400,2860,975,3185,1153.75,2026-10-06,23220.60
2026-09-24 10:41:07,24400,2860,975,3185,1153.75,2026-10-06,23221.15
2026-09-24 10:46:07,24400,2860,975,3185,1153.75,2026-10-06,23220.65
2026-09-24 10:51:07,24400,2860,975,3185,1153.75,2026-10-06,23233.60
2026-09-24 10:56:06,24400,2860,975,3185,1153.75,2026-10-06,23239.20
2026-09-24 11:01:06,24400,2860,975,3185,1153.75,2026-10-06,23233.70
2026-09-24 11:06:07,24400,2860,975,3185,1153.75,2026-10-06,23222.55
2026-09-24 11:11:07,24400,2860,975,3185,1153.75,2026-10-06,23225.20
2026-09-24 11:16:07,24400,2860,975,3185,1153.75,2026-10-06,23225.25
2026-09-24 11:21:06,24400,2860,975,3185,1153.75,2026-10-06,23229.15
2026-09-24 11:26:07,24400,2860,975,3185,1153.75,2026-10-06,23216.00
2026-09-24 11:31:07,24400,2860,975,3185,1153.75,2026-10-06,23216.15
2026-09-24 11:36:07,24400,2860,975,3185,1153.75,2026-10-06,23209.65
2026-09-24 11:41:07,24400,2860,975,3185,1153.75,2026-10-06,23208.95
2026-09-24 11:46:07,24400,2860,975,3185,1153.75,2026-10-06,23210.10
2026-09-24 11:51:05,24400,2860,975,3185,1153.75,2026-10-06,23206.75
2026-09-24 11:56:06,24400,2860,975,3185,1153.75,2026-10-06,23198.40
2026-09-24 12:01:06,24400,2860,975,3185,1153.75,2026-10-06,23196.85
2026-09-24 12:06:07,24400,2860,975,3185,1153.75,2026-10-06,23209.80
2026-09-24 12:11:05,24400,2860,975,3185,1153.75,2026-10-06,23206.90
2026-09-24 12:16:07,24400,2860,975,3185,1153.75,2026-10-06,23200.30
2026-09-24 12:21:07,24400,2860,975,3185,1153.75,2026-10-06,23198.65
2026-09-24 12:26:06,24400,2860,975,3185,1153.75,2026-10-06,23175.75
2026-09-24 12:36:08,24400,2860,975,3185,1153.75,2026-10-06,23172.45
2026-09-24 12:41:08,24400,2860,975,3185,1153.75,2026-10-06,23179.50
2026-09-24 12:46:08,24400,2860,975,3185,1153.75,2026-10-06,23171.10
2026-09-24 12:51:08,24400,2860,975,3185,1153.75,2026-10-06,23178.25
2026-09-24 12:56:08,24400,2860,975,3185,1153.75,2026-10-06,23167.90
2026-09-24 13:01:08,24400,2860,975,3185,1153.75,2026-10-06,23167.70
2026-09-24 13:06:07,24400,2860,975,3185,1153.75,2026-10-06,23182.45
2026-09-24 13:11:08,24400,2860,975,3185,1153.75,2026-10-06,23177.20
2026-09-24 13:16:08,24400,2860,975,3185,1153.75,2026-10-06,23185.00
2026-09-24 13:21:07,24400,2860,975,3185,1153.75,2026-10-06,23178.10
2026-09-24 13:26:06,24400,2860,975,3185,1153.75,2026-10-06,23167.35
2026-09-24 13:31:07,24400,2860,975,3185,1153.75,2026-10-06,23152.05
2026-09-24 13:36:06,24400,2860,975,3185,1153.75,2026-10-06,23151.60
2026-09-24 13:41:05,24400,2860,975,3185,1153.75,2026-10-06,23135.95
2026-09-24 13:46:07,24400,2860,975,3185,1153.75,2026-10-06,23087.20
2026-09-24 13:51:06,24400,3120,975,4745,1267.90,2026-10-06,23099.90
2026-09-24 13:56:06,24400,3315,975,5070,1290.00,2026-10-06,23078.00
2026-09-24 14:01:06,24400,3640,975,5395,1314.10,2026-10-06,23073.25
2026-09-24 14:06:07,24400,3640,975,5525,1300.00,2026-10-06,23066.10
2026-09-24 14:11:07,24400,3640,975,5525,1300.00,2026-10-06,23073.60
2026-09-24 14:16:08,24400,3640,975,5525,1300.00,2026-10-06,23077.10
2026-09-24 14:21:08,24400,3640,975,5525,1300.00,2026-10-06,23065.05
2026-09-24 09:21:06,24400,0,0,0,0.00,2026-10-13,23227.45
2026-09-24 09:26:07,24400,0,0,0,0.00,2026-10-13,23238.65
2026-09-24 09:31:08,24400,0,0,0,0.00,2026-10-13,23259.10
2026-09-24 09:36:07,24400,0,0,0,0.00,2026-10-13,23266.10
2026-09-24 09:41:07,24400,0,0,0,0.00,2026-10-13,23241.25
2026-09-24 09:46:06,24400,0,0,0,0.00,2026-10-13,23230.10
2026-09-24 09:51:07,24400,0,0,0,0.00,2026-10-13,23234.60
2026-09-24 09:56:08,24400,0,0,0,0.00,2026-10-13,23214.30
2026-09-24 10:01:07,24400,0,0,0,0.00,2026-10-13,23230.20
2026-09-24 10:06:07,24400,0,0,0,0.00,2026-10-13,23232.65
2026-09-24 10:11:07,24400,0,0,0,0.00,2026-10-13,23228.60
2026-09-24 10:16:07,24400,0,0,0,0.00,2026-10-13,23217.60
2026-09-24 10:21:07,24400,0,0,0,0.00,2026-10-13,23216.80
2026-09-24 10:26:08,24400,0,0,0,0.00,2026-10-13,23203.85
2026-09-24 10:31:07,24400,0,0,0,0.00,2026-10-13,23213.05
2026-09-24 10:36:08,24400,0,0,0,0.00,2026-10-13,23220.55
2026-09-24 10:41:07,24400,0,0,0,0.00,2026-10-13,23221.10
2026-09-24 10:46:07,24400,0,0,0,0.00,2026-10-13,23220.55
2026-09-24 10:51:08,24400,0,0,0,0.00,2026-10-13,23233.90
2026-09-24 10:56:07,24400,0,0,0,0.00,2026-10-13,23237.95
2026-09-24 11:01:07,24400,0,0,0,0.00,2026-10-13,23234.55
2026-09-24 11:06:07,24400,0,0,0,0.00,2026-10-13,23222.15
2026-09-24 11:11:07,24400,0,0,0,0.00,2026-10-13,23225.15
2026-09-24 11:16:08,24400,0,0,0,0.00,2026-10-13,23225.70
2026-09-24 11:21:07,24400,0,0,0,0.00,2026-10-13,23229.45
2026-09-24 11:26:08,24400,0,0,0,0.00,2026-10-13,23216.25
2026-09-24 11:31:08,24400,0,0,0,0.00,2026-10-13,23216.00
2026-09-24 11:36:07,24400,0,0,0,0.00,2026-10-13,23210.65
2026-09-24 11:41:08,24400,0,0,0,0.00,2026-10-13,23210.40
2026-09-24 11:46:08,24400,0,0,0,0.00,2026-10-13,23210.45
2026-09-24 11:51:06,24400,0,0,0,0.00,2026-10-13,23205.75
2026-09-24 11:56:07,24400,0,0,0,0.00,2026-10-13,23198.30
2026-09-24 12:01:07,24400,0,0,0,0.00,2026-10-13,23196.80
2026-09-24 12:06:08,24400,0,0,0,0.00,2026-10-13,23209.50
2026-09-24 12:11:06,24400,0,0,0,0.00,2026-10-13,23207.20
2026-09-24 12:16:08,24400,0,0,0,0.00,2026-10-13,23200.80
2026-09-24 12:21:08,24400,0,0,0,0.00,2026-10-13,23199.15
2026-09-24 12:26:07,24400,0,0,0,0.00,2026-10-13,23175.00
2026-09-24 12:36:08,24400,0,0,0,0.00,2026-10-13,23172.95
2026-09-24 12:41:08,24400,0,0,0,0.00,2026-10-13,23178.80
2026-09-24 12:46:09,24400,0,0,0,0.00,2026-10-13,23171.55
2026-09-24 12:51:08,24400,0,0,0,0.00,2026-10-13,23178.45
2026-09-24 12:56:08,24400,0,0,0,0.00,2026-10-13,23167.75
2026-09-24 13:01:08,24400,0,0,0,0.00,2026-10-13,23167.55
2026-09-24 13:06:08,24400,0,0,0,0.00,2026-10-13,23182.50
2026-09-24 13:11:08,24400,0,0,0,0.00,2026-10-13,23177.65
2026-09-24 13:16:09,24400,0,0,0,0.00,2026-10-13,23184.40
2026-09-24 13:21:08,24400,0,0,0,0.00,2026-10-13,23178.05
2026-09-24 13:26:07,24400,0,0,0,0.00,2026-10-13,23167.25
2026-09-24 13:31:07,24400,0,0,0,0.00,2026-10-13,23151.50
2026-09-24 13:36:06,24400,0,0,0,0.00,2026-10-13,23151.15
2026-09-24 13:41:05,24400,0,0,0,0.00,2026-10-13,23136.40
2026-09-24 13:46:07,24400,0,0,0,0.00,2026-10-13,23088.25
2026-09-24 13:51:06,24400,0,0,0,0.00,2026-10-13,23100.00
2026-09-24 13:56:07,24400,0,0,0,0.00,2026-10-13,23077.75
2026-09-24 14:01:08,24400,0,0,0,0.00,2026-10-13,23075.55
2026-09-24 14:06:08,24400,0,0,0,0.00,2026-10-13,23066.40
2026-09-24 14:11:08,24400,0,0,0,0.00,2026-10-13,23073.90
2026-09-24 14:16:09,24400,0,0,0,0.00,2026-10-13,23078.20
2026-09-24 14:21:08,24400,0,0,0,0.00,2026-10-13,23064.10
