2026-09-24 12:31:00,809 - root - INFO - Future Instrument Price: 23215.3
2026-09-24 12:31:00,810 - root - INFO - Current India VIX: 11.48
2026-09-24 12:31:00,817 - app - INFO - IVIX: 11.48, Nifty50: 23189.75, Nifty Futures: 23215.3
2026-09-24 12:31:09,139 - werkzeug - INFO - [31m[1mWARNING: This is a development server. Do not use it in a production deployment. Use a production WSGI server instead.[0m
 * Running on http://127.0.0.1:5000
2026-09-24 12:31:09,139 - werkzeug - INFO - [33mPress CTRL+C to quit[0m
2026-09-24 12:31:12,545 - app - INFO - Options analysis visited
2026-09-24 12:31:13,434 - app - DEBUG - ignore this message
2026-09-24 12:31:13,556 - app - DEBUG - !!!!!!!!!!!!!!!!!!!!!!!!!! Exiting Findtrend
2026-09-24 12:31:13,726 - werkzeug - INFO - 127.0.0.1 - - [24/Sep/2026 12:31:13] "GET /options_analysis.html HTTP/1.1" 200 -
2026-09-24 12:31:13,821 - werkzeug - INFO - 127.0.0.1 - - [24/Sep/2026 12:31:13] "[36mGET /static/pagehead.jpg HTTP/1.1[0m" 304 -
2026-09-24 12:32:07,527 - werkzeug - INFO - [31m[1mWARNING: This is a development server. Do not use it in a production deployment. Use a production WSGI server instead.[0m
 * Running on http://127.0.0.1:5000
2026-09-24 12:32:07,527 - werkzeug - INFO - [33mPress CTRL+C to quit[0m
2026-09-24 12:32:10,802 - app - INFO - Options analysis visited
2026-09-24 12:32:11,751 - app - DEBUG - ignore this message
2026-09-24 12:32:11,920 - app - DEBUG - !!!!!!!!!!!!!!!!!!!!!!!!!! Exiting Findtrend
2026-09-24 12:32:12,196 - werkzeug - INFO - 127.0.0.1 - - [24/Sep/2026 12:32:12] "GET /options_analysis.html HTTP/1.1" 200 -
2026-09-24 12:32:12,282 - werkzeug - INFO - 127.0.0.1 - - [24/Sep/2026 12:32:12] "[36mGET /static/pagehead.jpg HTTP/1.1[0m" 304 -
2026-09-24 12:32:27,842 - werkzeug - INFO - 127.0.0.1 - - [24/Sep/2026 12:32:27] "GET /api/trend HTTP/1.1" 200 -
2026-09-24 12:32:30,683 - werkzeug - INFO - 127.0.0.1 - - [24/Sep/2026 12:32:30] "GET /api/futures HTTP/1.1" 200 -
2026-09-24 12:32:31,581 - werkzeug - INFO - 127.0.0.1 - - [24/Sep/2026 12:32:31] "GET /api/trend HTTP/1.1" 200 -
2026-09-24 12:32:31,861 - app - DEBUG - ignore this message
2026-09-24 12:32:32,094 - app - DEBUG - !!!!!!!!!!!!!!!!!!!!!!!!!! Exiting Findtrend
2026-09-24 12:32:32,231 - app - DEBUG - !!!!!!!!!! returned back from findtrend, Control flow in  /api/options at get_options_data
2026-09-24 12:32:32,232 - app - DEBUG - Type of calloption_data and putoption_data inside get_options_data
2026-09-24 12:32:32,232 - app - DEBUG - Call options properties inside /api/options
2026-09-24 12:32:32,233 - app - DEBUG - Call option columns: Index(['date_entry', 'strike_price', 'call_writer_oi', 'call_wri_oi_prev',
       'call_volume', 'call_ltp', 'expiry_date', 'nifty_spot_price'],
      dtype='object')
2026-09-24 12:32:32,430 - app - DEBUG - Conversion to list of dictionaries done
2026-09-24 12:32:32,733 - app - DEBUG - Conversion to list of dictionaries done
2026-09-24 12:32:32,734 - app - DEBUG - call_options_list length: 2394
2026-09-24 12:32:32,735 - app - DEBUG - put_options_list length: 2394
2026-09-24 12:32:32,812 - werkzeug - INFO - 127.0.0.1 - - [24/Sep/2026 12:32:32] "GET /api/options HTTP/1.1" 200 -
2026-09-24 12:32:33,430 - werkzeug - INFO - 127.0.0.1 - - [24/Sep/2026 12:32:33] "GET /api/futures HTTP/1.1" 200 -
2026-09-24 12:32:33,611 - app - DEBUG - ignore this message
2026-09-24 12:32:33,790 - app - DEBUG - !!!!!!!!!!!!!!!!!!!!!!!!!! Exiting Findtrend
2026-09-24 12:32:33,852 - app - DEBUG - !!!!!!!!!! returned back from findtrend, Control flow in  /api/options at get_options_data
2026-09-24 12:32:33,852 - app - DEBUG - Type of calloption_data and putoption_data inside get_options_data
2026-09-24 12:32:33,852 - app - DEBUG - Call options properties inside /api/options
2026-09-24 12:32:33,853 - app - DEBUG - Call option columns: Index(['date_entry', 'strike_price', 'call_writer_oi', 'call_wri_oi_prev',
       'call_volume', 'call_ltp', 'expiry_date', 'nifty_spot_price'],
      dtype='object')
2026-09-24 12:32:34,071 - app - DEBUG - Conversion to list of dictionaries done
2026-09-24 12:32:34,285 - app - DEBUG - Conversion to list of dictionaries done
2026-09-24 12:32:34,285 - app - DEBUG - call_options_list length: 2394
2026-09-24 12:32:34,285 - app - DEBUG - put_options_list length: 2394
2026-09-24 12:32:34,350 - werkzeug - INFO - 127.0.0.1 - - [24/Sep/2026 12:32:34] "GET /api/options HTTP/1.1" 200 -
2026-09-24 12:32:34,919 - werkzeug - INFO - 127.0.0.1 - - [24/Sep/2026 12:32:34] "GET /api/getniftyhl HTTP/1.1" 200 -
2026-09-24 12:35:22,106 - werkzeug - INFO - [31m[1mWARNING: This is a development server. Do not use it in a production deployment. Use a production WSGI server instead.[0m
 * Running on http://127.0.0.1:5000
2026-09-24 12:35:22,106 - werkzeug - INFO - [33mPress CTRL+C to quit[0m
2026-09-24 12:35:28,905 - app - INFO - Options analysis visited
2026-09-24 12:35:29,923 - app - DEBUG - ignore this message
2026-09-24 12:35:30,024 - app - DEBUG - !!!!!!!!!!!!!!!!!!!!!!!!!! Exiting Findtrend
2026-09-24 12:35:30,187 - werkzeug - INFO - 127.0.0.1 - - [24/Sep/2026 12:35:30] "GET /options_analysis.html HTTP/1.1" 200 -
2026-09-24 12:35:30,274 - werkzeug - INFO - 127.0.0.1 - - [24/Sep/2026 12:35:30] "[36mGET /static/pagehead.jpg HTTP/1.1[0m" 304 -
2026-09-24 12:36:01,413 - root - INFO - Future Instrument Price: 23191.7
2026-09-24 12:36:01,414 - root - INFO - Current India VIX: 11.61
2026-09-24 12:36:01,421 - app - INFO - IVIX: 11.61, Nifty50: 23170.0, Nifty Futures: 23191.7
2026-09-24 12:36:01,458 - app - INFO - India VIX completed
2026-09-24 12:36:01,871 - app - INFO - Nifty OHLC completed
2026-09-24 12:36:02,531 - root - INFO - Bank Nifty top 5 Upstox Service Completed
2026-09-24 12:36:02,546 - app - INFO - Bank Top 5 completed
2026-09-24 12:36:03,388 - root - INFO - Nifty 50 top 10 Upstox Service Completed
2026-09-24 12:36:03,395 - app - INFO - Structure of modified niftytop_data: <class 'list'>, [{'symbol': 'HDFC Bank Ltd.', 'ltp': 730}, {'symbol': 'Reliance Industries.', 'ltp': 1227}, {'symbol': 'ICICI Bank Ltd.', 'ltp': 1333}, {'symbol': 'Infosys Ltd.', 'ltp': 1012}, {'symbol': 'ITC Ltd.', 'ltp': 268}, {'symbol': 'Tata TCS', 'ltp': 2089}, {'symbol': 'L&T  Ltd.', 'ltp': 3866}, {'symbol': 'Axis Bank Ltd.', 'ltp': 1186}, {'symbol': 'SBI Bank', 'ltp': 984}, {'symbol': 'Bharti Airtel Ltd.', 'ltp': 1812}]
2026-09-24 12:36:03,438 - app - INFO - Nifty Top 10 completed
2026-09-24 12:36:04,093 - root - INFO - Midcap Upstox Service Completed
2026-09-24 12:36:04,106 - app - INFO - Midcap Top 5 completed
2026-09-24 12:36:04,107 - app - DEBUG - Inside premiumstudy with expiry date = 2026-09-29
2026-09-24 12:36:04,504 - app - INFO - Total Call premium 44178
2026-09-24 12:36:04,504 - app - INFO - Total Put Premium 115596
2026-09-24 12:36:04,509 - app - INFO - Lower Apex: 22200
2026-09-24 12:36:04,509 - app - INFO - Upper Apex: 24200
2026-09-24 12:36:04,514 - app - DEBUG - Stage1:Dataframe filtered for strike price multiples of 100 and within the apex range
2026-09-24 12:36:04,516 - app - DEBUG - Samples_Total Call LTP: 5994
2026-09-24 12:36:04,516 - app - DEBUG - Samples_Total Put LTP: 6080
2026-09-24 12:36:04,529 - app - INFO - Premium study completed
2026-09-24 12:36:05,167 - root - INFO - Main Indices Fetched Successfully
2026-09-24 12:36:05,232 - app - INFO - Main Index completed
2026-09-24 12:36:05,720 - app - DEBUG - Inside Few Strikes Dataframe                                                      0
0    {'call_options': {'instrument_key': 'NSE_FO|65...
1    {'call_options': {'instrument_key': 'NSE_FO|55...
2    {'call_options': {'instrument_key': 'NSE_FO|65...
3    {'call_options': {'instrument_key': 'NSE_FO|55...
4    {'call_options': {'instrument_key': 'NSE_FO|65...
..                                                 ...
123  {'call_options': {'instrument_key': 'NSE_FO|55...
124  {'call_options': {'instrument_key': 'NSE_FO|65...
125  {'call_options': {'instrument_key': 'NSE_FO|55...
126  {'call_options': {'instrument_key': 'NSE_FO|65...
127  {'call_options': {'instrument_key': 'NSE_FO|55...

[128 rows x 1 columns]
2026-09-24 12:36:05,721 - app - DEBUG - Type of opt_df <class 'pandas.core.frame.DataFrame'>
2026-09-24 12:36:05,721 - app - DEBUG - Print columns of opt_df RangeIndex(start=0, stop=1, step=1)
2026-09-24 12:36:05,725 - app - DEBUG - !!!!!!!!!!!!!!!!!!!!!!!!!!
2026-09-24 12:36:05,725 - app - DEBUG - sup04=22800 sup03=22900 sup02=23000 sup01=23100 roundsp=23200 res01=23300 res02=23400 res03=23500 res04=23600
2026-09-24 12:36:05,726 - app - INFO - Sorted strike Levels: [22800, 22900, 23000, 23100, 23200, 23300, 23400, 23500, 23600]
2026-09-24 12:36:05,726 - app - DEBUG - End of Few Strikes Dataframe
2026-09-24 12:36:05,754 - app - DEBUG - Filtered DataFrame with Relevant Data:
    strike_price     call_oi      put_oi  call_volume  put_volume  call_ltp  put_ltp
34       22800.0    305110.0   7378865.0       439075    27922245    414.85    20.30
36       22900.0    248950.0   4712565.0       849290    26287755    324.40    32.05
38       23000.0   2456090.0  11519225.0      8790600    66369160    246.75    51.20
40       23100.0   2361580.0   4859465.0     15555085    55417570    175.15    80.05
42       23200.0  12351625.0  10422685.0     81272360   137989930    116.70   121.50
44       23300.0  13272350.0   8165105.0     78889590    78225290     72.00   176.15
46       23400.0  14383720.0   5411965.0     52593580    35149725     41.20   245.30
48       23500.0  14019980.0   6275035.0     44023785    14125345     23.25   326.10
50       23600.0   6978075.0   1566435.0     32092320     2600715     13.10   417.55
2026-09-24 12:36:05,755 - app - DEBUG - End of Few Strikes Dataframe
2026-09-24 12:36:06,720 - app - INFO - Appended to covering.json
2026-09-24 12:36:07,164 - app - INFO - Processed PCR data and saved to JSON file
2026-09-24 12:36:07,165 - app - INFO - PCR calculation completed
2026-09-24 12:36:07,682 - app - INFO - Processed PCR data and saved to JSON file
2026-09-24 12:36:07,682 - app - INFO - PCR calculation completed
2026-09-24 12:36:08,177 - app - INFO - Processed PCR data and saved to JSON file
2026-09-24 12:36:08,177 - app - INFO - PCR calculation completed
2026-09-24 12:36:08,544 - root - DEBUG - Raw response for FUTURESSSSS NSE_FO|68407: {'data': {'NSE_FO:NIFTY26SEPFUT': {'average_price': 23240.82,
                                   'depth': {'buy': [{'orders': 1,
                                                      'price': 23192.1,
                                                      'quantity': 65},
                                                     {'orders': 1,
                                                      'price': 23192.0,
                                                      'quantity': 65},
                                                     {'orders': 1,
                                                      'price': 23191.9,
                                                      'quantity': 65},
                                                     {'orders': 4,
                                                      'price': 23191.6,
                                                      'quantity': 325},
                                                     {'orders': 2,
                                                      'price': 23191.5,
                                                      'quantity': 260}],
                                             'sell': [{'orders': 2,
                                                       'price': 23195.0,
                                                       'quantity': 520},
                                                      {'orders': 1,
                                                       'price': 23196.4,
                                                       'quantity': 65},
                                                      {'orders': 1,
                                                       'price': 23198.0,
                                                       'quantity': 65},
                                                      {'orders': 2,
                                                       'price': 23199.0,
                                                       'quantity': 195},
                                                      {'orders': 2,
                                                       'price': 23200.0,
                                                       'quantity': 455}]},
                                   'instrument_token': 'NSE_FO|68407',
                                   'last_price': 23194.7,
                                   'last_trade_time': '1790233568018',
                                   'lower_circuit_limit': 21104.9,
                                   'net_change': -255.1,
                                   'ohlc': {'close': 23194.7,
                                            'high': 23319.8,
                                            'low': 23190.0,
                                            'open': 23288.0},
                                   'oi': 15565290.0,
                                   'oi_day_high': 15667795.0,
                                   'oi_day_low': 15558595.0,
                                   'symbol': 'NIFTY26SEPFUT',
                                   'timestamp': '2026-09-24T12:36:08.32+05:30',
                                   'total_buy_quantity': 109980.0,
                                   'total_sell_quantity': 246350.0,
                                   'upper_circuit_limit': 25794.7,
                                   'volume': 2225990}},
 'status': 'success'}
2026-09-24 12:36:08,553 - app - INFO - Found Nifty Futures/SYmbols details 
2026-09-24 12:36:08,573 - schedule - DEBUG - Cancelling job "Job(interval=1, unit=days, do=job, args=(), kwargs={'access_token': 'eyJ0eXAiOiJKV1QiLCJrZXlfaWQiOiJza192MS4wIiwiYWxnIjoiSFMyNTYifQ.eyJzdWIiOiIyVUNSUkgiLCJqdGkiOiI2YWI0OWQ0MzY1ZTM1NjMyMThiODI0ODMiLCJpc011bHRpQ2xpZW50IjpmYWxzZSwiaXNQbHVzUGxhbiI6ZmFsc2UsImlhdCI6MTc5MDIyMTYzNSwiaXNzIjoidWRhcGktZ2F0ZXdheS1zZXJ2aWNlIiwiZXhwIjoxNzkwMjg3MjAwfQ.gPkX8RE9_PZjth3xrqq8UJ3F8wuVz2JXH66QIBo4uhY'})"
2026-09-24 12:41:01,239 - root - INFO - Future Instrument Price: 23208.1
2026-09-24 12:41:01,240 - root - INFO - Current India VIX: 11.57
2026-09-24 12:41:01,245 - app - INFO - IVIX: 11.57, Nifty50: 23179.25, Nifty Futures: 23208.1
2026-09-24 12:41:01,270 - app - INFO - India VIX completed
2026-09-24 12:41:01,665 - app - INFO - Nifty OHLC completed
2026-09-24 12:41:02,263 - root - INFO - Bank Nifty top 5 Upstox Service Completed
2026-09-24 12:41:02,306 - app - INFO - Bank Top 5 completed
2026-09-24 12:41:03,168 - root - INFO - Nifty 50 top 10 Upstox Service Completed
2026-09-24 12:41:03,175 - app - INFO - Structure of modified niftytop_data: <class 'list'>, [{'symbol': 'HDFC Bank Ltd.', 'ltp': 730}, {'symbol': 'Reliance Industries.', 'ltp': 1228}, {'symbol': 'ICICI Bank Ltd.', 'ltp': 1334}, {'symbol': 'Infosys Ltd.', 'ltp': 1012}, {'symbol': 'ITC Ltd.', 'ltp': 268}, {'symbol': 'Tata TCS', 'ltp': 2090}, {'symbol': 'L&T  Ltd.', 'ltp': 3870}, {'symbol': 'Axis Bank Ltd.', 'ltp': 1187}, {'symbol': 'SBI Bank', 'ltp': 985}, {'symbol': 'Bharti Airtel Ltd.', 'ltp': 1812}]
2026-09-24 12:41:03,208 - app - INFO - Nifty Top 10 completed
2026-09-24 12:41:03,965 - root - INFO - Midcap Upstox Service Completed
2026-09-24 12:41:03,985 - app - INFO - Midcap Top 5 completed
2026-09-24 12:41:03,987 - app - DEBUG - Inside premiumstudy with expiry date = 2026-09-29
2026-09-24 12:41:04,474 - app - INFO - Total Call premium 44367
2026-09-24 12:41:04,474 - app - INFO - Total Put Premium 115176
2026-09-24 12:41:04,477 - app - INFO - Lower Apex: 22200
2026-09-24 12:41:04,477 - app - INFO - Upper Apex: 24200
2026-09-24 12:41:04,478 - app - DEBUG - Stage1:Dataframe filtered for strike price multiples of 100 and within the apex range
2026-09-24 12:41:04,479 - app - DEBUG - Samples_Total Call LTP: 6095
2026-09-24 12:41:04,479 - app - DEBUG - Samples_Total Put LTP: 5907
2026-09-24 12:41:04,486 - app - INFO - Premium study completed
2026-09-24 12:41:05,109 - root - INFO - Main Indices Fetched Successfully
2026-09-24 12:41:05,141 - app - INFO - Main Index completed
2026-09-24 12:41:05,587 - app - DEBUG - Inside Few Strikes Dataframe                                                      0
0    {'call_options': {'instrument_key': 'NSE_FO|65...
1    {'call_options': {'instrument_key': 'NSE_FO|55...
2    {'call_options': {'instrument_key': 'NSE_FO|65...
3    {'call_options': {'instrument_key': 'NSE_FO|55...
4    {'call_options': {'instrument_key': 'NSE_FO|65...
..                                                 ...
123  {'call_options': {'instrument_key': 'NSE_FO|55...
124  {'call_options': {'instrument_key': 'NSE_FO|65...
125  {'call_options': {'instrument_key': 'NSE_FO|55...
126  {'call_options': {'instrument_key': 'NSE_FO|65...
127  {'call_options': {'instrument_key': 'NSE_FO|55...

[128 rows x 1 columns]
2026-09-24 12:41:05,588 - app - DEBUG - Type of opt_df <class 'pandas.core.frame.DataFrame'>
2026-09-24 12:41:05,589 - app - DEBUG - Print columns of opt_df RangeIndex(start=0, stop=1, step=1)
2026-09-24 12:41:05,592 - app - DEBUG - !!!!!!!!!!!!!!!!!!!!!!!!!!
2026-09-24 12:41:05,593 - app - DEBUG - sup04=22800 sup03=22900 sup02=23000 sup01=23100 roundsp=23200 res01=23300 res02=23400 res03=23500 res04=23600
2026-09-24 12:41:05,593 - app - INFO - Sorted strike Levels: [22800, 22900, 23000, 23100, 23200, 23300, 23400, 23500, 23600]
2026-09-24 12:41:05,593 - app - DEBUG - End of Few Strikes Dataframe
2026-09-24 12:41:05,608 - app - DEBUG - Filtered DataFrame with Relevant Data:
    strike_price     call_oi      put_oi  call_volume  put_volume  call_ltp  put_ltp
34       22800.0    304265.0   7443020.0       448435    28647190    427.85    17.80
36       22900.0    242840.0   4698720.0       860275    26875485    338.90    28.35
38       23000.0   2489565.0  11280740.0      8970585    67916810    256.75    46.00
40       23100.0   2371915.0   4950335.0     16117660    56699240    182.65    72.60
42       23200.0  12555465.0  10207470.0     82971070   140593570    121.45   111.60
44       23300.0  13325715.0   8058895.0     79835340    79045265     74.85   164.25
46       23400.0  14433835.0   5394090.0     53170195    35349275     42.40   231.45
48       23500.0  13825565.0   6083610.0     44574790    14245920     23.65   312.30
50       23600.0   6955975.0   1565395.0     32391515     2615990     13.15   402.95
2026-09-24 12:41:05,608 - app - DEBUG - End of Few Strikes Dataframe
2026-09-24 12:41:06,515 - app - INFO - Appended to covering.json
2026-09-24 12:41:06,974 - app - INFO - Processed PCR data and saved to JSON file
2026-09-24 12:41:06,975 - app - INFO - PCR calculation completed
2026-09-24 12:41:07,507 - app - INFO - Processed PCR data and saved to JSON file
2026-09-24 12:41:07,507 - app - INFO - PCR calculation completed
2026-09-24 12:41:08,154 - app - INFO - Processed PCR data and saved to JSON file
2026-09-24 12:41:08,154 - app - INFO - PCR calculation completed
2026-09-24 12:41:08,540 - root - DEBUG - Raw response for FUTURESSSSS NSE_FO|68407: {'data': {'NSE_FO:NIFTY26SEPFUT': {'average_price': 23240.09,
                                   'depth': {'buy': [{'orders': 6,
                                                      'price': 23205.0,
                                                      'quantity': 715},
                                                     {'orders': 3,
                                                      'price': 23204.8,
                                                      'quantity': 325},
                                                     {'orders': 8,
                                                      'price': 23204.6,
                                                      'quantity': 975},
                                                     {'orders': 10,
                                                      'price': 23204.4,
                                                      'quantity': 1235},
                                                     {'orders': 3,
                                                      'price': 23204.2,
                                                      'quantity': 390}],
                                             'sell': [{'orders': 1,
                                                       'price': 23214.0,
                                                       'quantity': 65},
                                                      {'orders': 1,
                                                       'price': 23214.8,
                                                       'quantity': 130},
                                                      {'orders': 2,
                                                       'price': 23215.0,
                                                       'quantity': 130},
                                                      {'orders': 1,
                                                       'price': 23216.9,
                                                       'quantity': 65},
                                                      {'orders': 2,
                                                       'price': 23217.0,
                                                       'quantity': 130}]},
                                   'instrument_token': 'NSE_FO|68407',
                                   'last_price': 23205.2,
                                   'last_trade_time': '1790233866802',
                                   'lower_circuit_limit': 21104.9,
                                   'net_change': -244.6,
                                   'ohlc': {'close': 23205.2,
                                            'high': 23319.8,
                                            'low': 23190.0,
                                            'open': 23288.0},
                                   'oi': 15560675.0,
                                   'oi_day_high': 15667795.0,
                                   'oi_day_low': 15558595.0,
                                   'symbol': 'NIFTY26SEPFUT',
                                   'timestamp': '2026-09-24T12:41:08.313+05:30',
                                   'total_buy_quantity': 115245.0,
                                   'total_sell_quantity': 244660.0,
                                   'upper_circuit_limit': 25794.7,
                                   'volume': 2268305}},
 'status': 'success'}
2026-09-24 12:41:08,544 - app - INFO - Found Nifty Futures/SYmbols details 
2026-09-24 12:41:08,556 - schedule - DEBUG - Cancelling job "Job(interval=1, unit=days, do=job, args=(), kwargs={'access_token': 'eyJ0eXAiOiJKV1QiLCJrZXlfaWQiOiJza192MS4wIiwiYWxnIjoiSFMyNTYifQ.eyJzdWIiOiIyVUNSUkgiLCJqdGkiOiI2YWI0OWQ0MzY1ZTM1NjMyMThiODI0ODMiLCJpc011bHRpQ2xpZW50IjpmYWxzZSwiaXNQbHVzUGxhbiI6ZmFsc2UsImlhdCI6MTc5MDIyMTYzNSwiaXNzIjoidWRhcGktZ2F0ZXdheS1zZXJ2aWNlIiwiZXhwIjoxNzkwMjg3MjAwfQ.gPkX8RE9_PZjth3xrqq8UJ3F8wuVz2JXH66QIBo4uhY'})"
2026-09-24 12:46:01,372 - root - INFO - Future Instrument Price: 23198.6
2026-09-24 12:46:01,372 - root - INFO - Current India VIX: 11.64
2026-09-24 12:46:01,378 - app - INFO - IVIX: 11.64, Nifty50: 23170.95, Nifty Futures: 23198.6
2026-09-24 12:46:01,396 - app - INFO - India VIX completed
2026-09-24 12:46:01,798 - app - INFO - Nifty OHLC completed
2026-09-24 12:46:02,530 - root - INFO - Bank Nifty top 5 Upstox Service Completed
2026-09-24 12:46:02,565 - app - INFO - Bank Top 5 completed
2026-09-24 12:46:03,407 - root - INFO - Nifty 50 top 10 Upstox Service Completed
2026-09-24 12:46:03,412 - app - INFO - Structure of modified niftytop_data: <class 'list'>, [{'symbol': 'HDFC Bank Ltd.', 'ltp': 730}, {'symbol': 'Reliance Industries.', 'ltp': 1228}, {'symbol': 'ICICI Bank Ltd.', 'ltp': 1334}, {'symbol': 'Infosys Ltd.', 'ltp': 1013}, {'symbol': 'ITC Ltd.', 'ltp': 268}, {'symbol': 'Tata TCS', 'ltp': 2091}, {'symbol': 'L&T  Ltd.', 'ltp': 3868}, {'symbol': 'Axis Bank Ltd.', 'ltp': 1187}, {'symbol': 'SBI Bank', 'ltp': 986}, {'symbol': 'Bharti Airtel Ltd.', 'ltp': 1812}]
2026-09-24 12:46:03,446 - app - INFO - Nifty Top 10 completed
2026-09-24 12:46:04,234 - root - INFO - Midcap Upstox Service Completed
2026-09-24 12:46:04,266 - app - INFO - Midcap Top 5 completed
2026-09-24 12:46:04,268 - app - DEBUG - Inside premiumstudy with expiry date = 2026-09-29
2026-09-24 12:46:04,757 - app - INFO - Total Call premium 44271
2026-09-24 12:46:04,758 - app - INFO - Total Put Premium 115466
2026-09-24 12:46:04,771 - app - INFO - Lower Apex: 22200
2026-09-24 12:46:04,771 - app - INFO - Upper Apex: 24200
2026-09-24 12:46:04,779 - app - DEBUG - Stage1:Dataframe filtered for strike price multiples of 100 and within the apex range
2026-09-24 12:46:04,781 - app - DEBUG - Samples_Total Call LTP: 6045
2026-09-24 12:46:04,782 - app - DEBUG - Samples_Total Put LTP: 5994
2026-09-24 12:46:04,789 - app - INFO - Premium study completed
2026-09-24 12:46:05,589 - root - INFO - Main Indices Fetched Successfully
2026-09-24 12:46:05,621 - app - INFO - Main Index completed
2026-09-24 12:46:06,134 - app - DEBUG - Inside Few Strikes Dataframe                                                      0
0    {'call_options': {'instrument_key': 'NSE_FO|65...
1    {'call_options': {'instrument_key': 'NSE_FO|55...
2    {'call_options': {'instrument_key': 'NSE_FO|65...
3    {'call_options': {'instrument_key': 'NSE_FO|55...
4    {'call_options': {'instrument_key': 'NSE_FO|65...
..                                                 ...
123  {'call_options': {'instrument_key': 'NSE_FO|55...
124  {'call_options': {'instrument_key': 'NSE_FO|65...
125  {'call_options': {'instrument_key': 'NSE_FO|55...
126  {'call_options': {'instrument_key': 'NSE_FO|65...
127  {'call_options': {'instrument_key': 'NSE_FO|55...

[128 rows x 1 columns]
2026-09-24 12:46:06,134 - app - DEBUG - Type of opt_df <class 'pandas.core.frame.DataFrame'>
2026-09-24 12:46:06,135 - app - DEBUG - Print columns of opt_df RangeIndex(start=0, stop=1, step=1)
2026-09-24 12:46:06,144 - app - DEBUG - !!!!!!!!!!!!!!!!!!!!!!!!!!
2026-09-24 12:46:06,144 - app - DEBUG - sup04=22800 sup03=22900 sup02=23000 sup01=23100 roundsp=23200 res01=23300 res02=23400 res03=23500 res04=23600
2026-09-24 12:46:06,145 - app - INFO - Sorted strike Levels: [22800, 22900, 23000, 23100, 23200, 23300, 23400, 23500, 23600]
2026-09-24 12:46:06,145 - app - DEBUG - End of Few Strikes Dataframe
2026-09-24 12:46:06,167 - app - DEBUG - Filtered DataFrame with Relevant Data:
    strike_price     call_oi      put_oi  call_volume  put_volume  call_ltp  put_ltp
34       22800.0    304850.0   7384715.0       455000    29238625    419.75    19.55
36       22900.0    250380.0   4706715.0       882895    27377285    332.45    30.60
38       23000.0   2488200.0  11312590.0      9115405    69182945    252.20    49.20
40       23100.0   2382900.0   4988490.0     16463915    57813925    178.95    76.75
42       23200.0  12667980.0  10327395.0     84480825   143034125    119.35   116.50
44       23300.0  13394225.0   8052330.0     80546635    79848210     73.40   170.75
46       23400.0  14487720.0   5395650.0     53633190    35583470     41.75   238.65
48       23500.0  13899990.0   6072885.0     45029790    14371240     23.35   319.00
50       23600.0   6895915.0   1573585.0     32600490     2649335     13.10   410.10
2026-09-24 12:46:06,167 - app - DEBUG - End of Few Strikes Dataframe
2026-09-24 12:46:07,247 - app - INFO - Appended to covering.json
2026-09-24 12:46:07,740 - app - INFO - Processed PCR data and saved to JSON file
2026-09-24 12:46:07,740 - app - INFO - PCR calculation completed
2026-09-24 12:46:08,342 - app - INFO - Processed PCR data and saved to JSON file
2026-09-24 12:46:08,342 - app - INFO - PCR calculation completed
2026-09-24 12:46:08,945 - app - INFO - Processed PCR data and saved to JSON file
2026-09-24 12:46:08,945 - app - INFO - PCR calculation completed
2026-09-24 12:46:09,474 - root - DEBUG - Raw response for FUTURESSSSS NSE_FO|68407: {'data': {'NSE_FO:NIFTY26SEPFUT': {'average_price': 23239.56,
                                   'depth': {'buy': [{'orders': 1,
                                                      'price': 23197.7,
                                                      'quantity': 65},
                                                     {'orders': 2,
                                                      'price': 23197.5,
                                                      'quantity': 130},
                                                     {'orders': 1,
                                                      'price': 23197.4,
                                                      'quantity': 65},
                                                     {'orders': 6,
                                                      'price': 23197.2,
                                                      'quantity': 780},
                                                     {'orders': 8,
                                                      'price': 23197.1,
                                                      'quantity': 1040}],
                                             'sell': [{'orders': 5,
                                                       'price': 23200.0,
                                                       'quantity': 2145},
                                                      {'orders': 1,
                                                       'price': 23200.2,
                                                       'quantity': 65},
                                                      {'orders': 1,
                                                       'price': 23201.4,
                                                       'quantity': 65},
                                                      {'orders': 1,
                                                       'price': 23206.8,
                                                       'quantity': 260},
                                                      {'orders': 1,
                                                       'price': 23206.9,
                                                       'quantity': 65}]},
                                   'instrument_token': 'NSE_FO|68407',
                                   'last_price': 23198.1,
                                   'last_trade_time': '1790234166147',
                                   'lower_circuit_limit': 21104.9,
                                   'net_change': -251.7,
                                   'ohlc': {'close': 23198.1,
                                            'high': 23319.8,
                                            'low': 23190.0,
                                            'open': 23288.0},
                                   'oi': 15557555.0,
                                   'oi_day_high': 15667795.0,
                                   'oi_day_low': 15557490.0,
                                   'symbol': 'NIFTY26SEPFUT',
                                   'timestamp': '2026-09-24T12:46:09.24+05:30',
                                   'total_buy_quantity': 120120.0,
                                   'total_sell_quantity': 249210.0,
                                   'upper_circuit_limit': 25794.7,
                                   'volume': 2300740}},
 'status': 'success'}
2026-09-24 12:46:09,478 - app - INFO - Found Nifty Futures/SYmbols details 
2026-09-24 12:46:09,490 - schedule - DEBUG - Cancelling job "Job(interval=1, unit=days, do=job, args=(), kwargs={'access_token': 'eyJ0eXAiOiJKV1QiLCJrZXlfaWQiOiJza192MS4wIiwiYWxnIjoiSFMyNTYifQ.eyJzdWIiOiIyVUNSUkgiLCJqdGkiOiI2YWI0OWQ0MzY1ZTM1NjMyMThiODI0ODMiLCJpc011bHRpQ2xpZW50IjpmYWxzZSwiaXNQbHVzUGxhbiI6ZmFsc2UsImlhdCI6MTc5MDIyMTYzNSwiaXNzIjoidWRhcGktZ2F0ZXdheS1zZXJ2aWNlIiwiZXhwIjoxNzkwMjg3MjAwfQ.gPkX8RE9_PZjth3xrqq8UJ3F8wuVz2JXH66QIBo4uhY'})"
2026-09-24 12:51:01,274 - root - INFO - Future Instrument Price: 23201.4
2026-09-24 12:51:01,275 - root - INFO - Current India VIX: 11.64
2026-09-24 12:51:01,282 - app - INFO - IVIX: 11.64, Nifty50: 23177.85, Nifty Futures: 23201.4
2026-09-24 12:51:01,305 - app - INFO - India VIX completed
2026-09-24 12:51:01,696 - app - INFO - Nifty OHLC completed
2026-09-24 12:51:02,323 - root - INFO - Bank Nifty top 5 Upstox Service Completed
2026-09-24 12:51:02,350 - app - INFO - Bank Top 5 completed
2026-09-24 12:51:03,121 - root - INFO - Nifty 50 top 10 Upstox Service Completed
2026-09-24 12:51:03,126 - app - INFO - Structure of modified niftytop_data: <class 'list'>, [{'symbol': 'HDFC Bank Ltd.', 'ltp': 730}, {'symbol': 'Reliance Industries.', 'ltp': 1229}, {'symbol': 'ICICI Bank Ltd.', 'ltp': 1334}, {'symbol': 'Infosys Ltd.', 'ltp': 1013}, {'symbol': 'ITC Ltd.', 'ltp': 268}, {'symbol': 'Tata TCS', 'ltp': 2089}, {'symbol': 'L&T  Ltd.', 'ltp': 3871}, {'symbol': 'Axis Bank Ltd.', 'ltp': 1188}, {'symbol': 'SBI Bank', 'ltp': 986}, {'symbol': 'Bharti Airtel Ltd.', 'ltp': 1813}]
2026-09-24 12:51:03,153 - app - INFO - Nifty Top 10 completed
2026-09-24 12:51:03,833 - root - INFO - Midcap Upstox Service Completed
2026-09-24 12:51:03,861 - app - INFO - Midcap Top 5 completed
2026-09-24 12:51:03,863 - app - DEBUG - Inside premiumstudy with expiry date = 2026-09-29
2026-09-24 12:51:04,344 - app - INFO - Total Call premium 44303
2026-09-24 12:51:04,344 - app - INFO - Total Put Premium 115448
2026-09-24 12:51:04,347 - app - INFO - Lower Apex: 22200
2026-09-24 12:51:04,347 - app - INFO - Upper Apex: 24200
2026-09-24 12:51:04,348 - app - DEBUG - Stage1:Dataframe filtered for strike price multiples of 100 and within the apex range
2026-09-24 12:51:04,349 - app - DEBUG - Samples_Total Call LTP: 6055
2026-09-24 12:51:04,350 - app - DEBUG - Samples_Total Put LTP: 5967
2026-09-24 12:51:04,356 - app - INFO - Premium study completed
2026-09-24 12:51:04,997 - root - INFO - Main Indices Fetched Successfully
2026-09-24 12:51:05,019 - app - INFO - Main Index completed
2026-09-24 12:51:05,535 - app - DEBUG - Inside Few Strikes Dataframe                                                      0
0    {'call_options': {'instrument_key': 'NSE_FO|65...
1    {'call_options': {'instrument_key': 'NSE_FO|55...
2    {'call_options': {'instrument_key': 'NSE_FO|65...
3    {'call_options': {'instrument_key': 'NSE_FO|55...
4    {'call_options': {'instrument_key': 'NSE_FO|65...
..                                                 ...
123  {'call_options': {'instrument_key': 'NSE_FO|55...
124  {'call_options': {'instrument_key': 'NSE_FO|65...
125  {'call_options': {'instrument_key': 'NSE_FO|55...
126  {'call_options': {'instrument_key': 'NSE_FO|65...
127  {'call_options': {'instrument_key': 'NSE_FO|55...

[128 rows x 1 columns]
2026-09-24 12:51:05,535 - app - DEBUG - Type of opt_df <class 'pandas.core.frame.DataFrame'>
2026-09-24 12:51:05,536 - app - DEBUG - Print columns of opt_df RangeIndex(start=0, stop=1, step=1)
2026-09-24 12:51:05,541 - app - DEBUG - !!!!!!!!!!!!!!!!!!!!!!!!!!
2026-09-24 12:51:05,541 - app - DEBUG - sup04=22800 sup03=22900 sup02=23000 sup01=23100 roundsp=23200 res01=23300 res02=23400 res03=23500 res04=23600
2026-09-24 12:51:05,541 - app - INFO - Sorted strike Levels: [22800, 22900, 23000, 23100, 23200, 23300, 23400, 23500, 23600]
2026-09-24 12:51:05,541 - app - DEBUG - End of Few Strikes Dataframe
2026-09-24 12:51:05,565 - app - DEBUG - Filtered DataFrame with Relevant Data:
    strike_price     call_oi      put_oi  call_volume  put_volume  call_ltp  put_ltp
34       22800.0    306345.0   7375290.0       460525    29854760    422.75    19.35
36       22900.0    258180.0   5111210.0       900250    28428465    335.50    30.40
38       23000.0   2500615.0  11364005.0      9281285    70500820    252.30    48.50
40       23100.0   2465320.0   4993170.0     16799900    59056985    180.00    76.15
42       23200.0  12884300.0  10152415.0     85804550   145424825    119.75   115.85
44       23300.0  13536965.0   7891390.0     81270670    80605460     73.75   169.45
46       23400.0  14517620.0   5323370.0     54120560    35806160     42.00   237.45
48       23500.0  13844155.0   6007820.0     45432855    14527695     23.55   319.20
50       23600.0   6813690.0   1572415.0     32950775     2662465     13.15   407.65
2026-09-24 12:51:05,565 - app - DEBUG - End of Few Strikes Dataframe
2026-09-24 12:51:06,627 - app - INFO - Appended to covering.json
2026-09-24 12:51:07,071 - app - INFO - Processed PCR data and saved to JSON file
2026-09-24 12:51:07,072 - app - INFO - PCR calculation completed
2026-09-24 12:51:07,644 - app - INFO - Processed PCR data and saved to JSON file
2026-09-24 12:51:07,644 - app - INFO - PCR calculation completed
2026-09-24 12:51:08,207 - app - INFO - Processed PCR data and saved to JSON file
2026-09-24 12:51:08,208 - app - INFO - PCR calculation completed
2026-09-24 12:51:08,677 - root - DEBUG - Raw response for FUTURESSSSS NSE_FO|68407: {'data': {'NSE_FO:NIFTY26SEPFUT': {'average_price': 23238.05,
                                   'depth': {'buy': [{'orders': 3,
                                                      'price': 23201.5,
                                                      'quantity': 390},
                                                     {'orders': 1,
                                                      'price': 23201.2,
                                                      'quantity': 65},
                                                     {'orders': 1,
                                                      'price': 23201.0,
                                                      'quantity': 65},
                                                     {'orders': 3,
                                                      'price': 23200.9,
                                                      'quantity': 390},
                                                     {'orders': 9,
                                                      'price': 23200.8,
                                                      'quantity': 1170}],
                                             'sell': [{'orders': 2,
                                                       'price': 23204.1,
                                                       'quantity': 130},
                                                      {'orders': 1,
                                                       'price': 23204.3,
                                                       'quantity': 65},
                                                      {'orders': 1,
                                                       'price': 23205.1,
                                                       'quantity': 65},
                                                      {'orders': 1,
                                                       'price': 23205.5,
                                                       'quantity': 65},
                                                      {'orders': 1,
                                                       'price': 23208.2,
                                                       'quantity': 65}]},
                                   'instrument_token': 'NSE_FO|68407',
                                   'last_price': 23201.4,
                                   'last_trade_time': '1790234467361',
                                   'lower_circuit_limit': 21104.9,
                                   'net_change': -248.4,
                                   'ohlc': {'close': 23201.4,
                                            'high': 23319.8,
                                            'low': 23190.0,
                                            'open': 23288.0},
                                   'oi': 15539680.0,
                                   'oi_day_high': 15667795.0,
                                   'oi_day_low': 15539680.0,
                                   'symbol': 'NIFTY26SEPFUT',
                                   'timestamp': '2026-09-24T12:51:08.451+05:30',
                                   'total_buy_quantity': 126295.0,
                                   'total_sell_quantity': 246545.0,
                                   'upper_circuit_limit': 25794.7,
                                   'volume': 2383290}},
 'status': 'success'}
2026-09-24 12:51:08,683 - app - INFO - Found Nifty Futures/SYmbols details 
2026-09-24 12:51:08,693 - schedule - DEBUG - Cancelling job "Job(interval=1, unit=days, do=job, args=(), kwargs={'access_token': 'eyJ0eXAiOiJKV1QiLCJrZXlfaWQiOiJza192MS4wIiwiYWxnIjoiSFMyNTYifQ.eyJzdWIiOiIyVUNSUkgiLCJqdGkiOiI2YWI0OWQ0MzY1ZTM1NjMyMThiODI0ODMiLCJpc011bHRpQ2xpZW50IjpmYWxzZSwiaXNQbHVzUGxhbiI6ZmFsc2UsImlhdCI6MTc5MDIyMTYzNSwiaXNzIjoidWRhcGktZ2F0ZXdheS1zZXJ2aWNlIiwiZXhwIjoxNzkwMjg3MjAwfQ.gPkX8RE9_PZjth3xrqq8UJ3F8wuVz2JXH66QIBo4uhY'})"
2026-09-24 12:56:01,397 - root - INFO - Future Instrument Price: 23192.0
2026-09-24 12:56:01,397 - root - INFO - Current India VIX: 11.68
2026-09-24 12:56:01,404 - app - INFO - IVIX: 11.68, Nifty50: 23167.15, Nifty Futures: 23192.0
2026-09-24 12:56:01,435 - app - INFO - India VIX completed
2026-09-24 12:56:01,830 - app - INFO - Nifty OHLC completed
2026-09-24 12:56:02,481 - root - INFO - Bank Nifty top 5 Upstox Service Completed
2026-09-24 12:56:02,510 - app - INFO - Bank Top 5 completed
2026-09-24 12:56:03,293 - root - INFO - Nifty 50 top 10 Upstox Service Completed
2026-09-24 12:56:03,297 - app - INFO - Structure of modified niftytop_data: <class 'list'>, [{'symbol': 'HDFC Bank Ltd.', 'ltp': 730}, {'symbol': 'Reliance Industries.', 'ltp': 1228}, {'symbol': 'ICICI Bank Ltd.', 'ltp': 1333}, {'symbol': 'Infosys Ltd.', 'ltp': 1013}, {'symbol': 'ITC Ltd.', 'ltp': 268}, {'symbol': 'Tata TCS', 'ltp': 2088}, {'symbol': 'L&T  Ltd.', 'ltp': 3871}, {'symbol': 'Axis Bank Ltd.', 'ltp': 1186}, {'symbol': 'SBI Bank', 'ltp': 985}, {'symbol': 'Bharti Airtel Ltd.', 'ltp': 1812}]
2026-09-24 12:56:03,329 - app - INFO - Nifty Top 10 completed
2026-09-24 12:56:03,974 - root - INFO - Midcap Upstox Service Completed
2026-09-24 12:56:04,014 - app - INFO - Midcap Top 5 completed
2026-09-24 12:56:04,016 - app - DEBUG - Inside premiumstudy with expiry date = 2026-09-29
2026-09-24 12:56:04,410 - app - INFO - Total Call premium 44223
2026-09-24 12:56:04,410 - app - INFO - Total Put Premium 115760
2026-09-24 12:56:04,413 - app - INFO - Lower Apex: 22200
2026-09-24 12:56:04,414 - app - INFO - Upper Apex: 24200
2026-09-24 12:56:04,416 - app - DEBUG - Stage1:Dataframe filtered for strike price multiples of 100 and within the apex range
2026-09-24 12:56:04,416 - app - DEBUG - Samples_Total Call LTP: 6026
2026-09-24 12:56:04,416 - app - DEBUG - Samples_Total Put LTP: 6051
2026-09-24 12:56:04,421 - app - INFO - Premium study completed
2026-09-24 12:56:05,042 - root - INFO - Main Indices Fetched Successfully
2026-09-24 12:56:05,084 - app - INFO - Main Index completed
2026-09-24 12:56:05,596 - app - DEBUG - Inside Few Strikes Dataframe                                                      0
0    {'call_options': {'instrument_key': 'NSE_FO|65...
1    {'call_options': {'instrument_key': 'NSE_FO|55...
2    {'call_options': {'instrument_key': 'NSE_FO|65...
3    {'call_options': {'instrument_key': 'NSE_FO|55...
4    {'call_options': {'instrument_key': 'NSE_FO|65...
..                                                 ...
123  {'call_options': {'instrument_key': 'NSE_FO|55...
124  {'call_options': {'instrument_key': 'NSE_FO|65...
125  {'call_options': {'instrument_key': 'NSE_FO|55...
126  {'call_options': {'instrument_key': 'NSE_FO|65...
127  {'call_options': {'instrument_key': 'NSE_FO|55...

[128 rows x 1 columns]
2026-09-24 12:56:05,596 - app - DEBUG - Type of opt_df <class 'pandas.core.frame.DataFrame'>
2026-09-24 12:56:05,597 - app - DEBUG - Print columns of opt_df RangeIndex(start=0, stop=1, step=1)
2026-09-24 12:56:05,603 - app - DEBUG - !!!!!!!!!!!!!!!!!!!!!!!!!!
2026-09-24 12:56:05,603 - app - DEBUG - sup04=22800 sup03=22900 sup02=23000 sup01=23100 roundsp=23200 res01=23300 res02=23400 res03=23500 res04=23600
2026-09-24 12:56:05,604 - app - INFO - Sorted strike Levels: [22800, 22900, 23000, 23100, 23200, 23300, 23400, 23500, 23600]
2026-09-24 12:56:05,604 - app - DEBUG - End of Few Strikes Dataframe
2026-09-24 12:56:05,639 - app - DEBUG - Filtered DataFrame with Relevant Data:
    strike_price     call_oi      put_oi  call_volume  put_volume  call_ltp  put_ltp
34       22800.0    306150.0   7358455.0       467025    30314635    417.80    20.05
36       22900.0    262145.0   5120895.0       915655    28835885    329.35    31.60
38       23000.0   2518945.0  11366475.0      9427145    71567990    248.45    50.65
40       23100.0   2540980.0   5206045.0     17143880    60542690    176.05    79.20
42       23200.0  13085540.0  10058620.0     86928985   147576975    117.25   120.20
44       23300.0  13546585.0   7839585.0     81932045    81292900     72.40   174.80
46       23400.0  14521130.0   5325645.0     54473055    35989135     41.30   243.25
48       23500.0  13831025.0   6017440.0     45782490    14628120     23.25   324.55
50       23600.0   6794775.0   1570985.0     33230925     2675660     13.10   415.30
2026-09-24 12:56:05,639 - app - DEBUG - End of Few Strikes Dataframe
2026-09-24 12:56:06,765 - app - INFO - Appended to covering.json
2026-09-24 12:56:07,222 - app - INFO - Processed PCR data and saved to JSON file
2026-09-24 12:56:07,222 - app - INFO - PCR calculation completed
2026-09-24 12:56:07,730 - app - INFO - Processed PCR data and saved to JSON file
2026-09-24 12:56:07,730 - app - INFO - PCR calculation completed
2026-09-24 12:56:08,136 - app - INFO - Processed PCR data and saved to JSON file
2026-09-24 12:56:08,136 - app - INFO - PCR calculation completed
2026-09-24 12:56:08,527 - root - DEBUG - Raw response for FUTURESSSSS NSE_FO|68407: {'data': {'NSE_FO:NIFTY26SEPFUT': {'average_price': 23237.13,
                                   'depth': {'buy': [{'orders': 1,
                                                      'price': 23193.2,
                                                      'quantity': 65},
                                                     {'orders': 1,
                                                      'price': 23192.5,
                                                      'quantity': 65},
                                                     {'orders': 2,
                                                      'price': 23192.2,
                                                      'quantity': 130},
                                                     {'orders': 4,
                                                      'price': 23192.1,
                                                      'quantity': 975},
                                                     {'orders': 6,
                                                      'price': 23192.0,
                                                      'quantity': 715}],
                                             'sell': [{'orders': 1,
                                                       'price': 23193.5,
                                                       'quantity': 65},
                                                      {'orders': 1,
                                                       'price': 23194.2,
                                                       'quantity': 65},
                                                      {'orders': 1,
                                                       'price': 23194.4,
                                                       'quantity': 65},
                                                      {'orders': 1,
                                                       'price': 23194.7,
                                                       'quantity': 65},
                                                      {'orders': 1,
                                                       'price': 23195.2,
                                                       'quantity': 65}]},
                                   'instrument_token': 'NSE_FO|68407',
                                   'last_price': 23193.5,
                                   'last_trade_time': '1790234767494',
                                   'lower_circuit_limit': 21104.9,
                                   'net_change': -256.3,
                                   'ohlc': {'close': 23193.5,
                                            'high': 23319.8,
                                            'low': 23187.1,
                                            'open': 23288.0},
                                   'oi': 15531555.0,
                                   'oi_day_high': 15667795.0,
                                   'oi_day_low': 15531490.0,
                                   'symbol': 'NIFTY26SEPFUT',
                                   'timestamp': '2026-09-24T12:56:08.298+05:30',
                                   'total_buy_quantity': 120315.0,
                                   'total_sell_quantity': 249340.0,
                                   'upper_circuit_limit': 25794.7,
                                   'volume': 2437565}},
 'status': 'success'}
2026-09-24 12:56:08,530 - app - INFO - Found Nifty Futures/SYmbols details 
2026-09-24 12:56:08,542 - schedule - DEBUG - Cancelling job "Job(interval=1, unit=days, do=job, args=(), kwargs={'access_token': 'eyJ0eXAiOiJKV1QiLCJrZXlfaWQiOiJza192MS4wIiwiYWxnIjoiSFMyNTYifQ.eyJzdWIiOiIyVUNSUkgiLCJqdGkiOiI2YWI0OWQ0MzY1ZTM1NjMyMThiODI0ODMiLCJpc011bHRpQ2xpZW50IjpmYWxzZSwiaXNQbHVzUGxhbiI6ZmFsc2UsImlhdCI6MTc5MDIyMTYzNSwiaXNzIjoidWRhcGktZ2F0ZXdheS1zZXJ2aWNlIiwiZXhwIjoxNzkwMjg3MjAwfQ.gPkX8RE9_PZjth3xrqq8UJ3F8wuVz2JXH66QIBo4uhY'})"
2026-09-24 13:01:01,205 - root - INFO - Future Instrument Price: 23195.2
2026-09-24 13:01:01,206 - root - INFO - Current India VIX: 11.7
2026-09-24 13:01:01,215 - app - INFO - IVIX: 11.7, Nifty50: 23167.2, Nifty Futures: 23195.2
2026-09-24 13:01:01,249 - app - INFO - India VIX completed
2026-09-24 13:01:01,706 - app - INFO - Nifty OHLC completed
2026-09-24 13:01:02,347 - root - INFO - Bank Nifty top 5 Upstox Service Completed
2026-09-24 13:01:02,366 - app - INFO - Bank Top 5 completed
2026-09-24 13:01:03,097 - root - INFO - Nifty 50 top 10 Upstox Service Completed
2026-09-24 13:01:03,107 - app - INFO - Structure of modified niftytop_data: <class 'list'>, [{'symbol': 'HDFC Bank Ltd.', 'ltp': 730}, {'symbol': 'Reliance Industries.', 'ltp': 1229}, {'symbol': 'ICICI Bank Ltd.', 'ltp': 1334}, {'symbol': 'Infosys Ltd.', 'ltp': 1013}, {'symbol': 'ITC Ltd.', 'ltp': 268}, {'symbol': 'Tata TCS', 'ltp': 2088}, {'symbol': 'L&T  Ltd.', 'ltp': 3872}, {'symbol': 'Axis Bank Ltd.', 'ltp': 1185}, {'symbol': 'SBI Bank', 'ltp': 985}, {'symbol': 'Bharti Airtel Ltd.', 'ltp': 1812}]
2026-09-24 13:01:03,145 - app - INFO - Nifty Top 10 completed
2026-09-24 13:01:03,748 - root - INFO - Midcap Upstox Service Completed
2026-09-24 13:01:03,785 - app - INFO - Midcap Top 5 completed
2026-09-24 13:01:03,786 - app - DEBUG - Inside premiumstudy with expiry date = 2026-09-29
2026-09-24 13:01:04,222 - app - INFO - Total Call premium 44247
2026-09-24 13:01:04,223 - app - INFO - Total Put Premium 115644
2026-09-24 13:01:04,229 - app - INFO - Lower Apex: 22200
2026-09-24 13:01:04,229 - app - INFO - Upper Apex: 24200
2026-09-24 13:01:04,233 - app - DEBUG - Stage1:Dataframe filtered for strike price multiples of 100 and within the apex range
2026-09-24 13:01:04,235 - app - DEBUG - Samples_Total Call LTP: 6030
2026-09-24 13:01:04,236 - app - DEBUG - Samples_Total Put LTP: 6018
2026-09-24 13:01:04,249 - app - INFO - Premium study completed
2026-09-24 13:01:04,896 - root - INFO - Main Indices Fetched Successfully
2026-09-24 13:01:04,948 - app - INFO - Main Index completed
2026-09-24 13:01:05,451 - app - DEBUG - Inside Few Strikes Dataframe                                                      0
0    {'call_options': {'instrument_key': 'NSE_FO|65...
1    {'call_options': {'instrument_key': 'NSE_FO|55...
2    {'call_options': {'instrument_key': 'NSE_FO|65...
3    {'call_options': {'instrument_key': 'NSE_FO|55...
4    {'call_options': {'instrument_key': 'NSE_FO|65...
..                                                 ...
123  {'call_options': {'instrument_key': 'NSE_FO|55...
124  {'call_options': {'instrument_key': 'NSE_FO|65...
125  {'call_options': {'instrument_key': 'NSE_FO|55...
126  {'call_options': {'instrument_key': 'NSE_FO|65...
127  {'call_options': {'instrument_key': 'NSE_FO|55...

[128 rows x 1 columns]
2026-09-24 13:01:05,452 - app - DEBUG - Type of opt_df <class 'pandas.core.frame.DataFrame'>
2026-09-24 13:01:05,452 - app - DEBUG - Print columns of opt_df RangeIndex(start=0, stop=1, step=1)
2026-09-24 13:01:05,461 - app - DEBUG - !!!!!!!!!!!!!!!!!!!!!!!!!!
2026-09-24 13:01:05,461 - app - DEBUG - sup04=22800 sup03=22900 sup02=23000 sup01=23100 roundsp=23200 res01=23300 res02=23400 res03=23500 res04=23600
2026-09-24 13:01:05,462 - app - INFO - Sorted strike Levels: [22800, 22900, 23000, 23100, 23200, 23300, 23400, 23500, 23600]
2026-09-24 13:01:05,463 - app - DEBUG - End of Few Strikes Dataframe
2026-09-24 13:01:05,508 - app - DEBUG - Filtered DataFrame with Relevant Data:
    strike_price     call_oi      put_oi  call_volume  put_volume  call_ltp  put_ltp
34       22800.0    307060.0   7450820.0       469755    30686435    418.80    19.15
36       22900.0    265070.0   5132660.0       924755    29187665    330.65    30.30
38       23000.0   2543450.0  11386300.0      9539400    72415200    251.10    48.80
40       23100.0   2606760.0   5397730.0     17376645    61483045    178.00    76.45
42       23200.0  13213200.0  10159370.0     87749220   148904795    118.35   116.95
44       23300.0  13631605.0   7852975.0     82660305    81712670     72.60   171.00
46       23400.0  14482845.0   5331625.0     55082105    36125765     41.45   240.00
48       23500.0  13855790.0   6019260.0     46184840    14703910     23.15   321.55
50       23600.0   6796660.0   1570790.0     33534995     2682615     12.85   414.55
2026-09-24 13:01:05,508 - app - DEBUG - End of Few Strikes Dataframe
2026-09-24 13:01:06,464 - app - INFO - Appended to covering.json
2026-09-24 13:01:07,014 - app - INFO - Processed PCR data and saved to JSON file
2026-09-24 13:01:07,014 - app - INFO - PCR calculation completed
2026-09-24 13:01:07,648 - app - INFO - Processed PCR data and saved to JSON file
2026-09-24 13:01:07,649 - app - INFO - PCR calculation completed
2026-09-24 13:01:08,209 - app - INFO - Processed PCR data and saved to JSON file
2026-09-24 13:01:08,209 - app - INFO - PCR calculation completed
2026-09-24 13:01:08,683 - root - DEBUG - Raw response for FUTURESSSSS NSE_FO|68407: {'data': {'NSE_FO:NIFTY26SEPFUT': {'average_price': 23236.43,
                                   'depth': {'buy': [{'orders': 1,
                                                      'price': 23196.0,
                                                      'quantity': 130},
                                                     {'orders': 1,
                                                      'price': 23195.9,
                                                      'quantity': 195},
                                                     {'orders': 2,
                                                      'price': 23195.8,
                                                      'quantity': 195},
                                                     {'orders': 4,
                                                      'price': 23195.7,
                                                      'quantity': 390},
                                                     {'orders': 1,
                                                      'price': 23195.6,
                                                      'quantity': 130}],
                                             'sell': [{'orders': 2,
                                                       'price': 23197.0,
                                                       'quantity': 845},
                                                      {'orders': 1,
                                                       'price': 23197.8,
                                                       'quantity': 65},
                                                      {'orders': 1,
                                                       'price': 23197.9,
                                                       'quantity': 1105},
                                                      {'orders': 1,
                                                       'price': 23199.9,
                                                       'quantity': 65},
                                                      {'orders': 3,
                                                       'price': 23200.0,
                                                       'quantity': 325}]},
                                   'instrument_token': 'NSE_FO|68407',
                                   'last_price': 23196.2,
                                   'last_trade_time': '1790235063803',
                                   'lower_circuit_limit': 21104.9,
                                   'net_change': -253.6,
                                   'ohlc': {'close': 23196.2,
                                            'high': 23319.8,
                                            'low': 23187.1,
                                            'open': 23288.0},
                                   'oi': 15522325.0,
                                   'oi_day_high': 15667795.0,
                                   'oi_day_low': 15522325.0,
                                   'symbol': 'NIFTY26SEPFUT',
                                   'timestamp': '2026-09-24T13:01:08.449+05:30',
                                   'total_buy_quantity': 117455.0,
                                   'total_sell_quantity': 250510.0,
                                   'upper_circuit_limit': 25794.7,
                                   'volume': 2479880}},
 'status': 'success'}
2026-09-24 13:01:08,687 - app - INFO - Found Nifty Futures/SYmbols details 
2026-09-24 13:01:08,694 - schedule - DEBUG - Cancelling job "Job(interval=1, unit=days, do=job, args=(), kwargs={'access_token': 'eyJ0eXAiOiJKV1QiLCJrZXlfaWQiOiJza192MS4wIiwiYWxnIjoiSFMyNTYifQ.eyJzdWIiOiIyVUNSUkgiLCJqdGkiOiI2YWI0OWQ0MzY1ZTM1NjMyMThiODI0ODMiLCJpc011bHRpQ2xpZW50IjpmYWxzZSwiaXNQbHVzUGxhbiI6ZmFsc2UsImlhdCI6MTc5MDIyMTYzNSwiaXNzIjoidWRhcGktZ2F0ZXdheS1zZXJ2aWNlIiwiZXhwIjoxNzkwMjg3MjAwfQ.gPkX8RE9_PZjth3xrqq8UJ3F8wuVz2JXH66QIBo4uhY'})"
2026-09-24 13:06:01,362 - root - INFO - Future Instrument Price: 23211.4
2026-09-24 13:06:01,363 - root - INFO - Current India VIX: 11.56
2026-09-24 13:06:01,373 - app - INFO - IVIX: 11.56, Nifty50: 23184.0, Nifty Futures: 23211.4
2026-09-24 13:06:01,402 - app - INFO - India VIX completed
2026-09-24 13:06:01,743 - app - INFO - Nifty OHLC completed
2026-09-24 13:06:02,326 - root - INFO - Bank Nifty top 5 Upstox Service Completed
2026-09-24 13:06:02,354 - app - INFO - Bank Top 5 completed
2026-09-24 13:06:03,179 - root - INFO - Nifty 50 top 10 Upstox Service Completed
2026-09-24 13:06:03,192 - app - INFO - Structure of modified niftytop_data: <class 'list'>, [{'symbol': 'HDFC Bank Ltd.', 'ltp': 731}, {'symbol': 'Reliance Industries.', 'ltp': 1230}, {'symbol': 'ICICI Bank Ltd.', 'ltp': 1334}, {'symbol': 'Infosys Ltd.', 'ltp': 1013}, {'symbol': 'ITC Ltd.', 'ltp': 269}, {'symbol': 'Tata TCS', 'ltp': 2089}, {'symbol': 'L&T  Ltd.', 'ltp': 3876}, {'symbol': 'Axis Bank Ltd.', 'ltp': 1186}, {'symbol': 'SBI Bank', 'ltp': 985}, {'symbol': 'Bharti Airtel Ltd.', 'ltp': 1813}]
2026-09-24 13:06:03,241 - app - INFO - Nifty Top 10 completed
2026-09-24 13:06:03,894 - root - INFO - Midcap Upstox Service Completed
2026-09-24 13:06:03,937 - app - INFO - Midcap Top 5 completed
2026-09-24 13:06:03,940 - app - DEBUG - Inside premiumstudy with expiry date = 2026-09-29
2026-09-24 13:06:04,329 - app - INFO - Total Call premium 44460
2026-09-24 13:06:04,329 - app - INFO - Total Put Premium 115056
2026-09-24 13:06:04,334 - app - INFO - Lower Apex: 22200
2026-09-24 13:06:04,334 - app - INFO - Upper Apex: 24200
2026-09-24 13:06:04,336 - app - DEBUG - Stage1:Dataframe filtered for strike price multiples of 100 and within the apex range
2026-09-24 13:06:04,336 - app - DEBUG - Samples_Total Call LTP: 6130
2026-09-24 13:06:04,337 - app - DEBUG - Samples_Total Put LTP: 5816
2026-09-24 13:06:04,354 - app - INFO - Premium study completed
2026-09-24 13:06:04,937 - root - INFO - Main Indices Fetched Successfully
2026-09-24 13:06:04,989 - app - INFO - Main Index completed
2026-09-24 13:06:05,504 - app - DEBUG - Inside Few Strikes Dataframe                                                      0
0    {'call_options': {'instrument_key': 'NSE_FO|65...
1    {'call_options': {'instrument_key': 'NSE_FO|55...
2    {'call_options': {'instrument_key': 'NSE_FO|65...
3    {'call_options': {'instrument_key': 'NSE_FO|55...
4    {'call_options': {'instrument_key': 'NSE_FO|65...
..                                                 ...
123  {'call_options': {'instrument_key': 'NSE_FO|55...
124  {'call_options': {'instrument_key': 'NSE_FO|65...
125  {'call_options': {'instrument_key': 'NSE_FO|55...
126  {'call_options': {'instrument_key': 'NSE_FO|65...
127  {'call_options': {'instrument_key': 'NSE_FO|55...

[128 rows x 1 columns]
2026-09-24 13:06:05,505 - app - DEBUG - Type of opt_df <class 'pandas.core.frame.DataFrame'>
2026-09-24 13:06:05,505 - app - DEBUG - Print columns of opt_df RangeIndex(start=0, stop=1, step=1)
2026-09-24 13:06:05,512 - app - DEBUG - !!!!!!!!!!!!!!!!!!!!!!!!!!
2026-09-24 13:06:05,513 - app - DEBUG - sup04=22800 sup03=22900 sup02=23000 sup01=23100 roundsp=23200 res01=23300 res02=23400 res03=23500 res04=23600
2026-09-24 13:06:05,513 - app - INFO - Sorted strike Levels: [22800, 22900, 23000, 23100, 23200, 23300, 23400, 23500, 23600]
2026-09-24 13:06:05,514 - app - DEBUG - End of Few Strikes Dataframe
2026-09-24 13:06:05,578 - app - DEBUG - Filtered DataFrame with Relevant Data:
    strike_price     call_oi      put_oi  call_volume  put_volume  call_ltp  put_ltp
34       22800.0    309270.0   7460440.0       478400    31204355    431.35    17.25
36       22900.0    260975.0   5124925.0       954265    29718910    342.00    27.50
38       23000.0   2491645.0  11452275.0      9804210    73919300    259.00    44.65
40       23100.0   2590965.0   5390125.0     17995055    62945675    184.00    70.95
42       23200.0  13210340.0   9977240.0     89944725   151208785    122.90   109.15
44       23300.0  13520130.0   7823530.0     84053970    82503590     75.50   161.55
46       23400.0  14451645.0   5323305.0     55887455    36361325     42.80   229.05
48       23500.0  13839410.0   6003465.0     46787325    14824095     23.75   309.00
50       23600.0   6885515.0   1568320.0     33954570     2698475     13.05   397.15
2026-09-24 13:06:05,579 - app - DEBUG - End of Few Strikes Dataframe
2026-09-24 13:06:06,372 - app - INFO - Appended to covering.json
2026-09-24 13:06:06,840 - app - INFO - Processed PCR data and saved to JSON file
2026-09-24 13:06:06,840 - app - INFO - PCR calculation completed
2026-09-24 13:06:07,434 - app - INFO - Processed PCR data and saved to JSON file
2026-09-24 13:06:07,435 - app - INFO - PCR calculation completed
2026-09-24 13:06:07,909 - app - INFO - Processed PCR data and saved to JSON file
2026-09-24 13:06:07,909 - app - INFO - PCR calculation completed
2026-09-24 13:06:08,340 - root - DEBUG - Raw response for FUTURESSSSS NSE_FO|68407: {'data': {'NSE_FO:NIFTY26SEPFUT': {'average_price': 23235.93,
                                   'depth': {'buy': [{'orders': 1,
                                                      'price': 23210.7,
                                                      'quantity': 65},
                                                     {'orders': 2,
                                                      'price': 23210.3,
                                                      'quantity': 260},
                                                     {'orders': 1,
                                                      'price': 23210.2,
                                                      'quantity': 65},
                                                     {'orders': 1,
                                                      'price': 23210.0,
                                                      'quantity': 195},
                                                     {'orders': 1,
                                                      'price': 23209.5,
                                                      'quantity': 65}],
                                             'sell': [{'orders': 1,
                                                       'price': 23211.2,
                                                       'quantity': 65},
                                                      {'orders': 1,
                                                       'price': 23211.3,
                                                       'quantity': 65},
                                                      {'orders': 1,
                                                       'price': 23211.4,
                                                       'quantity': 65},
                                                      {'orders': 1,
                                                       'price': 23212.0,
                                                       'quantity': 65},
                                                      {'orders': 1,
                                                       'price': 23215.0,
                                                       'quantity': 845}]},
                                   'instrument_token': 'NSE_FO|68407',
                                   'last_price': 23210.6,
                                   'last_trade_time': '1790235366571',
                                   'lower_circuit_limit': 21104.9,
                                   'net_change': -239.2,
                                   'ohlc': {'close': 23210.6,
                                            'high': 23319.8,
                                            'low': 23187.1,
                                            'open': 23288.0},
                                   'oi': 15509195.0,
                                   'oi_day_high': 15667795.0,
                                   'oi_day_low': 15509195.0,
                                   'symbol': 'NIFTY26SEPFUT',
                                   'timestamp': '2026-09-24T13:06:08.095+05:30',
                                   'total_buy_quantity': 119990.0,
                                   'total_sell_quantity': 246740.0,
                                   'upper_circuit_limit': 25794.7,
                                   'volume': 2520050}},
 'status': 'success'}
2026-09-24 13:06:08,348 - app - INFO - Found Nifty Futures/SYmbols details 
2026-09-24 13:06:08,365 - schedule - DEBUG - Cancelling job "Job(interval=1, unit=days, do=job, args=(), kwargs={'access_token': 'eyJ0eXAiOiJKV1QiLCJrZXlfaWQiOiJza192MS4wIiwiYWxnIjoiSFMyNTYifQ.eyJzdWIiOiIyVUNSUkgiLCJqdGkiOiI2YWI0OWQ0MzY1ZTM1NjMyMThiODI0ODMiLCJpc011bHRpQ2xpZW50IjpmYWxzZSwiaXNQbHVzUGxhbiI6ZmFsc2UsImlhdCI6MTc5MDIyMTYzNSwiaXNzIjoidWRhcGktZ2F0ZXdheS1zZXJ2aWNlIiwiZXhwIjoxNzkwMjg3MjAwfQ.gPkX8RE9_PZjth3xrqq8UJ3F8wuVz2JXH66QIBo4uhY'})"
2026-09-24 13:11:01,068 - root - INFO - Future Instrument Price: 23206.4
2026-09-24 13:11:01,069 - root - INFO - Current India VIX: 11.6
2026-09-24 13:11:01,077 - app - INFO - IVIX: 11.6, Nifty50: 23177.7, Nifty Futures: 23206.4
2026-09-24 13:11:01,109 - app - INFO - India VIX completed
2026-09-24 13:11:01,528 - app - INFO - Nifty OHLC completed
2026-09-24 13:11:02,179 - root - INFO - Bank Nifty top 5 Upstox Service Completed
2026-09-24 13:11:02,209 - app - INFO - Bank Top 5 completed
2026-09-24 13:11:02,901 - root - INFO - Nifty 50 top 10 Upstox Service Completed
2026-09-24 13:11:02,908 - app - INFO - Structure of modified niftytop_data: <class 'list'>, [{'symbol': 'HDFC Bank Ltd.', 'ltp': 731}, {'symbol': 'Reliance Industries.', 'ltp': 1229}, {'symbol': 'ICICI Bank Ltd.', 'ltp': 1335}, {'symbol': 'Infosys Ltd.', 'ltp': 1013}, {'symbol': 'ITC Ltd.', 'ltp': 268}, {'symbol': 'Tata TCS', 'ltp': 2089}, {'symbol': 'L&T  Ltd.', 'ltp': 3878}, {'symbol': 'Axis Bank Ltd.', 'ltp': 1185}, {'symbol': 'SBI Bank', 'ltp': 985}, {'symbol': 'Bharti Airtel Ltd.', 'ltp': 1809}]
2026-09-24 13:11:02,946 - app - INFO - Nifty Top 10 completed
2026-09-24 13:11:03,602 - root - INFO - Midcap Upstox Service Completed
2026-09-24 13:11:03,622 - app - INFO - Midcap Top 5 completed
2026-09-24 13:11:03,623 - app - DEBUG - Inside premiumstudy with expiry date = 2026-09-29
2026-09-24 13:11:04,007 - app - INFO - Total Call premium 44137
2026-09-24 13:11:04,008 - app - INFO - Total Put Premium 115166
2026-09-24 13:11:04,014 - app - INFO - Lower Apex: 22200
2026-09-24 13:11:04,014 - app - INFO - Upper Apex: 24200
2026-09-24 13:11:04,018 - app - DEBUG - Stage1:Dataframe filtered for strike price multiples of 100 and within the apex range
2026-09-24 13:11:04,021 - app - DEBUG - Samples_Total Call LTP: 6089
2026-09-24 13:11:04,021 - app - DEBUG - Samples_Total Put LTP: 5876
2026-09-24 13:11:04,035 - app - INFO - Premium study completed
2026-09-24 13:11:04,673 - root - INFO - Main Indices Fetched Successfully
2026-09-24 13:11:04,722 - app - INFO - Main Index completed
2026-09-24 13:11:05,222 - app - DEBUG - Inside Few Strikes Dataframe                                                      0
0    {'call_options': {'instrument_key': 'NSE_FO|65...
1    {'call_options': {'instrument_key': 'NSE_FO|55...
2    {'call_options': {'instrument_key': 'NSE_FO|65...
3    {'call_options': {'instrument_key': 'NSE_FO|55...
4    {'call_options': {'instrument_key': 'NSE_FO|65...
..                                                 ...
123  {'call_options': {'instrument_key': 'NSE_FO|55...
124  {'call_options': {'instrument_key': 'NSE_FO|65...
125  {'call_options': {'instrument_key': 'NSE_FO|55...
126  {'call_options': {'instrument_key': 'NSE_FO|65...
127  {'call_options': {'instrument_key': 'NSE_FO|55...

[128 rows x 1 columns]
2026-09-24 13:11:05,222 - app - DEBUG - Type of opt_df <class 'pandas.core.frame.DataFrame'>
2026-09-24 13:11:05,222 - app - DEBUG - Print columns of opt_df RangeIndex(start=0, stop=1, step=1)
2026-09-24 13:11:05,226 - app - DEBUG - !!!!!!!!!!!!!!!!!!!!!!!!!!
2026-09-24 13:11:05,226 - app - DEBUG - sup04=22800 sup03=22900 sup02=23000 sup01=23100 roundsp=23200 res01=23300 res02=23400 res03=23500 res04=23600
2026-09-24 13:11:05,227 - app - INFO - Sorted strike Levels: [22800, 22900, 23000, 23100, 23200, 23300, 23400, 23500, 23600]
2026-09-24 13:11:05,228 - app - DEBUG - End of Few Strikes Dataframe
2026-09-24 13:11:05,271 - app - DEBUG - Filtered DataFrame with Relevant Data:
    strike_price     call_oi      put_oi  call_volume  put_volume  call_ltp  put_ltp
34       22800.0    309920.0   7482280.0       485680    31586165    426.95    17.80
36       22900.0    260975.0   5252000.0       972595    30239495    337.45    28.35
38       23000.0   2503020.0  11558940.0      9973600    75039835    254.70    46.00
40       23100.0   2584530.0   5495750.0     18387005    64113920    181.25    72.80
42       23200.0  13143910.0  10190180.0     91827970   153685155    120.65   112.00
44       23300.0  13387595.0   7794280.0     85152535    83384600     74.00   165.25
46       23400.0  14202890.0   5312320.0     56993235    36596755     42.25   232.10
48       23500.0  13931580.0   6006195.0     47360625    14972815     23.50   313.35
50       23600.0   6894095.0   1560455.0     34137675     2780440     12.95   401.90
2026-09-24 13:11:05,272 - app - DEBUG - End of Few Strikes Dataframe
2026-09-24 13:11:06,230 - app - INFO - Appended to covering.json
2026-09-24 13:11:07,377 - app - INFO - Processed PCR data and saved to JSON file
2026-09-24 13:11:07,377 - app - INFO - PCR calculation completed
2026-09-24 13:11:07,872 - app - INFO - Processed PCR data and saved to JSON file
2026-09-24 13:11:07,873 - app - INFO - PCR calculation completed
2026-09-24 13:11:08,324 - app - INFO - Processed PCR data and saved to JSON file
2026-09-24 13:11:08,325 - app - INFO - PCR calculation completed
2026-09-24 13:11:08,753 - root - DEBUG - Raw response for FUTURESSSSS NSE_FO|68407: {'data': {'NSE_FO:NIFTY26SEPFUT': {'average_price': 23235.41,
                                   'depth': {'buy': [{'orders': 1,
                                                      'price': 23204.3,
                                                      'quantity': 130},
                                                     {'orders': 1,
                                                      'price': 23204.0,
                                                      'quantity': 65},
                                                     {'orders': 2,
                                                      'price': 23202.8,
                                                      'quantity': 390},
                                                     {'orders': 2,
                                                      'price': 23202.7,
                                                      'quantity': 195},
                                                     {'orders': 2,
                                                      'price': 23202.6,
                                                      'quantity': 195}],
                                             'sell': [{'orders': 1,
                                                       'price': 23204.9,
                                                       'quantity': 65},
                                                      {'orders': 2,
                                                       'price': 23205.0,
                                                       'quantity': 130},
                                                      {'orders': 1,
                                                       'price': 23205.1,
                                                       'quantity': 65},
                                                      {'orders': 1,
                                                       'price': 23205.2,
                                                       'quantity': 65},
                                                      {'orders': 1,
                                                       'price': 23206.1,
                                                       'quantity': 65}]},
                                   'instrument_token': 'NSE_FO|68407',
                                   'last_price': 23207.1,
                                   'last_trade_time': '1790235665267',
                                   'lower_circuit_limit': 21104.9,
                                   'net_change': -242.7,
                                   'ohlc': {'close': 23207.1,
                                            'high': 23319.8,
                                            'low': 23187.1,
                                            'open': 23288.0},
                                   'oi': 15511080.0,
                                   'oi_day_high': 15667795.0,
                                   'oi_day_low': 15500940.0,
                                   'symbol': 'NIFTY26SEPFUT',
                                   'timestamp': '2026-09-24T13:11:08.515+05:30',
                                   'total_buy_quantity': 123760.0,
                                   'total_sell_quantity': 247845.0,
                                   'upper_circuit_limit': 25794.7,
                                   'volume': 2572310}},
 'status': 'success'}
2026-09-24 13:11:08,756 - app - INFO - Found Nifty Futures/SYmbols details 
2026-09-24 13:11:08,765 - schedule - DEBUG - Cancelling job "Job(interval=1, unit=days, do=job, args=(), kwargs={'access_token': 'eyJ0eXAiOiJKV1QiLCJrZXlfaWQiOiJza192MS4wIiwiYWxnIjoiSFMyNTYifQ.eyJzdWIiOiIyVUNSUkgiLCJqdGkiOiI2YWI0OWQ0MzY1ZTM1NjMyMThiODI0ODMiLCJpc011bHRpQ2xpZW50IjpmYWxzZSwiaXNQbHVzUGxhbiI6ZmFsc2UsImlhdCI6MTc5MDIyMTYzNSwiaXNzIjoidWRhcGktZ2F0ZXdheS1zZXJ2aWNlIiwiZXhwIjoxNzkwMjg3MjAwfQ.gPkX8RE9_PZjth3xrqq8UJ3F8wuVz2JXH66QIBo4uhY'})"
2026-09-24 13:16:01,409 - root - INFO - Future Instrument Price: 23215.0
2026-09-24 13:16:01,410 - root - INFO - Current India VIX: 11.57
2026-09-24 13:16:01,418 - app - INFO - IVIX: 11.57, Nifty50: 23185.05, Nifty Futures: 23215.0
2026-09-24 13:16:01,449 - app - INFO - India VIX completed
2026-09-24 13:16:01,783 - app - INFO - Nifty OHLC completed
2026-09-24 13:16:02,444 - root - INFO - Bank Nifty top 5 Upstox Service Completed
2026-09-24 13:16:02,487 - app - INFO - Bank Top 5 completed
2026-09-24 13:16:03,375 - root - INFO - Nifty 50 top 10 Upstox Service Completed
2026-09-24 13:16:03,383 - app - INFO - Structure of modified niftytop_data: <class 'list'>, [{'symbol': 'HDFC Bank Ltd.', 'ltp': 732}, {'symbol': 'Reliance Industries.', 'ltp': 1229}, {'symbol': 'ICICI Bank Ltd.', 'ltp': 1338}, {'symbol': 'Infosys Ltd.', 'ltp': 1012}, {'symbol': 'ITC Ltd.', 'ltp': 269}, {'symbol': 'Tata TCS', 'ltp': 2088}, {'symbol': 'L&T  Ltd.', 'ltp': 3876}, {'symbol': 'Axis Bank Ltd.', 'ltp': 1186}, {'symbol': 'SBI Bank', 'ltp': 984}, {'symbol': 'Bharti Airtel Ltd.', 'ltp': 1807}]
2026-09-24 13:16:03,422 - app - INFO - Nifty Top 10 completed
2026-09-24 13:16:04,089 - root - INFO - Midcap Upstox Service Completed
2026-09-24 13:16:04,140 - app - INFO - Midcap Top 5 completed
2026-09-24 13:16:04,141 - app - DEBUG - Inside premiumstudy with expiry date = 2026-09-29
2026-09-24 13:16:04,593 - app - INFO - Total Call premium 44142
2026-09-24 13:16:04,594 - app - INFO - Total Put Premium 115077
2026-09-24 13:16:04,599 - app - INFO - Lower Apex: 22200
2026-09-24 13:16:04,600 - app - INFO - Upper Apex: 24200
2026-09-24 13:16:04,604 - app - DEBUG - Stage1:Dataframe filtered for strike price multiples of 100 and within the apex range
2026-09-24 13:16:04,605 - app - DEBUG - Samples_Total Call LTP: 6113
2026-09-24 13:16:04,605 - app - DEBUG - Samples_Total Put LTP: 5843
2026-09-24 13:16:04,620 - app - INFO - Premium study completed
2026-09-24 13:16:05,208 - root - INFO - Main Indices Fetched Successfully
2026-09-24 13:16:05,229 - app - INFO - Main Index completed
2026-09-24 13:16:05,664 - app - DEBUG - Inside Few Strikes Dataframe                                                      0
0    {'call_options': {'instrument_key': 'NSE_FO|65...
1    {'call_options': {'instrument_key': 'NSE_FO|55...
2    {'call_options': {'instrument_key': 'NSE_FO|65...
3    {'call_options': {'instrument_key': 'NSE_FO|55...
4    {'call_options': {'instrument_key': 'NSE_FO|65...
..                                                 ...
123  {'call_options': {'instrument_key': 'NSE_FO|55...
124  {'call_options': {'instrument_key': 'NSE_FO|65...
125  {'call_options': {'instrument_key': 'NSE_FO|55...
126  {'call_options': {'instrument_key': 'NSE_FO|65...
127  {'call_options': {'instrument_key': 'NSE_FO|55...

[128 rows x 1 columns]
2026-09-24 13:16:05,664 - app - DEBUG - Type of opt_df <class 'pandas.core.frame.DataFrame'>
2026-09-24 13:16:05,664 - app - DEBUG - Print columns of opt_df RangeIndex(start=0, stop=1, step=1)
2026-09-24 13:16:05,666 - app - DEBUG - !!!!!!!!!!!!!!!!!!!!!!!!!!
2026-09-24 13:16:05,666 - app - DEBUG - sup04=22800 sup03=22900 sup02=23000 sup01=23100 roundsp=23200 res01=23300 res02=23400 res03=23500 res04=23600
2026-09-24 13:16:05,666 - app - INFO - Sorted strike Levels: [22800, 22900, 23000, 23100, 23200, 23300, 23400, 23500, 23600]
2026-09-24 13:16:05,666 - app - DEBUG - End of Few Strikes Dataframe
2026-09-24 13:16:05,681 - app - DEBUG - Filtered DataFrame with Relevant Data:
    strike_price     call_oi      put_oi  call_volume  put_volume  call_ltp  put_ltp
34       22800.0    310765.0   7488000.0       489320    31864105    429.65    17.10
36       22900.0    264550.0   5263245.0       983645    30527185    339.50    27.25
38       23000.0   2521285.0  11529300.0     10109840    76011065    257.20    44.75
40       23100.0   2610660.0   5545930.0     18737615    65061815    183.00    70.50
42       23200.0  13349635.0  10394150.0     93228655   155753195    121.55   109.75
44       23300.0  13436215.0   7810530.0     86008000    84018155     74.70   162.10
46       23400.0  14209520.0   5312515.0     57496465    36775050     42.45   229.90
48       23500.0  14012570.0   6008080.0     47905455    15069730     23.45   309.80
50       23600.0   6879990.0   1562145.0     34339110     2792335     13.00   399.85
2026-09-24 13:16:05,682 - app - DEBUG - End of Few Strikes Dataframe
2026-09-24 13:16:06,374 - app - INFO - Appended to covering.json
2026-09-24 13:16:06,885 - app - INFO - Processed PCR data and saved to JSON file
2026-09-24 13:16:06,886 - app - INFO - PCR calculation completed
2026-09-24 13:16:08,021 - app - INFO - Processed PCR data and saved to JSON file
2026-09-24 13:16:08,021 - app - INFO - PCR calculation completed
2026-09-24 13:16:09,342 - app - INFO - Processed PCR data and saved to JSON file
2026-09-24 13:16:09,343 - app - INFO - PCR calculation completed
2026-09-24 13:16:10,129 - root - DEBUG - Raw response for FUTURESSSSS NSE_FO|68407: {'data': {'NSE_FO:NIFTY26SEPFUT': {'average_price': 23234.9,
                                   'depth': {'buy': [{'orders': 1,
                                                      'price': 23206.1,
                                                      'quantity': 65},
                                                     {'orders': 1,
                                                      'price': 23206.0,
                                                      'quantity': 65},
                                                     {'orders': 1,
                                                      'price': 23205.4,
                                                      'quantity': 130},
                                                     {'orders': 1,
                                                      'price': 23205.3,
                                                      'quantity': 130},
                                                     {'orders': 1,
                                                      'price': 23205.0,
                                                      'quantity': 65}],
                                             'sell': [{'orders': 1,
                                                       'price': 23206.8,
                                                       'quantity': 65},
                                                      {'orders': 1,
                                                       'price': 23206.9,
                                                       'quantity': 65},
                                                      {'orders': 1,
                                                       'price': 23207.0,
                                                       'quantity': 65},
                                                      {'orders': 1,
                                                       'price': 23207.1,
                                                       'quantity': 65},
                                                      {'orders': 1,
                                                       'price': 23207.2,
                                                       'quantity': 65}]},
                                   'instrument_token': 'NSE_FO|68407',
                                   'last_price': 23207.0,
                                   'last_trade_time': '1790235968561',
                                   'lower_circuit_limit': 21104.9,
                                   'net_change': -242.8,
                                   'ohlc': {'close': 23207.0,
                                            'high': 23319.8,
                                            'low': 23187.1,
                                            'open': 23288.0},
                                   'oi': 15489760.0,
                                   'oi_day_high': 15667795.0,
                                   'oi_day_low': 15489760.0,
                                   'symbol': 'NIFTY26SEPFUT',
                                   'timestamp': '2026-09-24T13:16:09.88+05:30',
                                   'total_buy_quantity': 111020.0,
                                   'total_sell_quantity': 251355.0,
                                   'upper_circuit_limit': 25794.7,
                                   'volume': 2620410}},
 'status': 'success'}
2026-09-24 13:16:10,137 - app - INFO - Found Nifty Futures/SYmbols details 
2026-09-24 13:16:10,448 - schedule - DEBUG - Cancelling job "Job(interval=1, unit=days, do=job, args=(), kwargs={'access_token': 'eyJ0eXAiOiJKV1QiLCJrZXlfaWQiOiJza192MS4wIiwiYWxnIjoiSFMyNTYifQ.eyJzdWIiOiIyVUNSUkgiLCJqdGkiOiI2YWI0OWQ0MzY1ZTM1NjMyMThiODI0ODMiLCJpc011bHRpQ2xpZW50IjpmYWxzZSwiaXNQbHVzUGxhbiI6ZmFsc2UsImlhdCI6MTc5MDIyMTYzNSwiaXNzIjoidWRhcGktZ2F0ZXdheS1zZXJ2aWNlIiwiZXhwIjoxNzkwMjg3MjAwfQ.gPkX8RE9_PZjth3xrqq8UJ3F8wuVz2JXH66QIBo4uhY'})"
2026-09-24 13:21:01,043 - root - INFO - Future Instrument Price: 23203.1
2026-09-24 13:21:01,044 - root - INFO - Current India VIX: 11.59
2026-09-24 13:21:01,052 - app - INFO - IVIX: 11.59, Nifty50: 23178.1, Nifty Futures: 23203.1
2026-09-24 13:21:01,082 - app - INFO - India VIX completed
2026-09-24 13:21:01,474 - app - INFO - Nifty OHLC completed
2026-09-24 13:21:02,086 - root - INFO - Bank Nifty top 5 Upstox Service Completed
2026-09-24 13:21:02,130 - app - INFO - Bank Top 5 completed
2026-09-24 13:21:02,910 - root - INFO - Nifty 50 top 10 Upstox Service Completed
2026-09-24 13:21:02,917 - app - INFO - Structure of modified niftytop_data: <class 'list'>, [{'symbol': 'HDFC Bank Ltd.', 'ltp': 731}, {'symbol': 'Reliance Industries.', 'ltp': 1229}, {'symbol': 'ICICI Bank Ltd.', 'ltp': 1338}, {'symbol': 'Infosys Ltd.', 'ltp': 1013}, {'symbol': 'ITC Ltd.', 'ltp': 268}, {'symbol': 'Tata TCS', 'ltp': 2089}, {'symbol': 'L&T  Ltd.', 'ltp': 3876}, {'symbol': 'Axis Bank Ltd.', 'ltp': 1185}, {'symbol': 'SBI Bank', 'ltp': 983}, {'symbol': 'Bharti Airtel Ltd.', 'ltp': 1807}]
2026-09-24 13:21:02,968 - app - INFO - Nifty Top 10 completed
2026-09-24 13:21:03,547 - root - INFO - Midcap Upstox Service Completed
2026-09-24 13:21:03,591 - app - INFO - Midcap Top 5 completed
2026-09-24 13:21:03,593 - app - DEBUG - Inside premiumstudy with expiry date = 2026-09-29
2026-09-24 13:21:04,010 - app - INFO - Total Call premium 44064
2026-09-24 13:21:04,011 - app - INFO - Total Put Premium 115222
2026-09-24 13:21:04,015 - app - INFO - Lower Apex: 22200
2026-09-24 13:21:04,015 - app - INFO - Upper Apex: 24200
2026-09-24 13:21:04,017 - app - DEBUG - Stage1:Dataframe filtered for strike price multiples of 100 and within the apex range
2026-09-24 13:21:04,018 - app - DEBUG - Samples_Total Call LTP: 6066
2026-09-24 13:21:04,018 - app - DEBUG - Samples_Total Put LTP: 5920
2026-09-24 13:21:04,023 - app - INFO - Premium study completed
2026-09-24 13:21:04,609 - root - INFO - Main Indices Fetched Successfully
2026-09-24 13:21:04,663 - app - INFO - Main Index completed
2026-09-24 13:21:05,162 - app - DEBUG - Inside Few Strikes Dataframe                                                      0
0    {'call_options': {'instrument_key': 'NSE_FO|65...
1    {'call_options': {'instrument_key': 'NSE_FO|55...
2    {'call_options': {'instrument_key': 'NSE_FO|65...
3    {'call_options': {'instrument_key': 'NSE_FO|55...
4    {'call_options': {'instrument_key': 'NSE_FO|65...
..                                                 ...
123  {'call_options': {'instrument_key': 'NSE_FO|55...
124  {'call_options': {'instrument_key': 'NSE_FO|65...
125  {'call_options': {'instrument_key': 'NSE_FO|55...
126  {'call_options': {'instrument_key': 'NSE_FO|65...
127  {'call_options': {'instrument_key': 'NSE_FO|55...

[128 rows x 1 columns]
2026-09-24 13:21:05,162 - app - DEBUG - Type of opt_df <class 'pandas.core.frame.DataFrame'>
2026-09-24 13:21:05,163 - app - DEBUG - Print columns of opt_df RangeIndex(start=0, stop=1, step=1)
2026-09-24 13:21:05,165 - app - DEBUG - !!!!!!!!!!!!!!!!!!!!!!!!!!
2026-09-24 13:21:05,165 - app - DEBUG - sup04=22800 sup03=22900 sup02=23000 sup01=23100 roundsp=23200 res01=23300 res02=23400 res03=23500 res04=23600
2026-09-24 13:21:05,165 - app - INFO - Sorted strike Levels: [22800, 22900, 23000, 23100, 23200, 23300, 23400, 23500, 23600]
2026-09-24 13:21:05,166 - app - DEBUG - End of Few Strikes Dataframe
2026-09-24 13:21:05,226 - app - DEBUG - Filtered DataFrame with Relevant Data:
    strike_price     call_oi      put_oi  call_volume  put_volume  call_ltp  put_ltp
34       22800.0    312195.0   7530965.0       492245    32014580    424.20    17.60
36       22900.0    264550.0   5244070.0       987025    30764760    336.15    28.20
38       23000.0   2529540.0  11546070.0     10200840    76540230    254.10    45.95
40       23100.0   2632435.0   5549180.0     18985005    65644085    180.10    72.80
42       23200.0  13537095.0  10367110.0     94047005   157058980    120.00   112.10
44       23300.0  13486460.0   7830160.0     86496410    84410300     73.40   165.55
46       23400.0  14328925.0   5320120.0     57983835    36900175     41.85   233.25
48       23500.0  14116700.0   6025825.0     48359220    15121275     23.20   314.25
50       23600.0   6892080.0   1560065.0     34535930     2802150     12.85   405.90
2026-09-24 13:21:05,227 - app - DEBUG - End of Few Strikes Dataframe
2026-09-24 13:21:05,936 - app - INFO - Appended to covering.json
2026-09-24 13:21:06,321 - app - INFO - Processed PCR data and saved to JSON file
2026-09-24 13:21:06,322 - app - INFO - PCR calculation completed
2026-09-24 13:21:06,916 - app - INFO - Processed PCR data and saved to JSON file
2026-09-24 13:21:06,917 - app - INFO - PCR calculation completed
2026-09-24 13:21:07,507 - app - INFO - Processed PCR data and saved to JSON file
2026-09-24 13:21:07,507 - app - INFO - PCR calculation completed
2026-09-24 13:21:07,946 - root - DEBUG - Raw response for FUTURESSSSS NSE_FO|68407: {'data': {'NSE_FO:NIFTY26SEPFUT': {'average_price': 23234.53,
                                   'depth': {'buy': [{'orders': 1,
                                                      'price': 23202.0,
                                                      'quantity': 65},
                                                     {'orders': 1,
                                                      'price': 23201.9,
                                                      'quantity': 130},
                                                     {'orders': 3,
                                                      'price': 23201.8,
                                                      'quantity': 195},
                                                     {'orders': 1,
                                                      'price': 23201.7,
                                                      'quantity': 130},
                                                     {'orders': 6,
                                                      'price': 23201.6,
                                                      'quantity': 520}],
                                             'sell': [{'orders': 1,
                                                       'price': 23203.6,
                                                       'quantity': 65},
                                                      {'orders': 1,
                                                       'price': 23203.8,
                                                       'quantity': 65},
                                                      {'orders': 3,
                                                       'price': 23203.9,
                                                       'quantity': 195},
                                                      {'orders': 1,
                                                       'price': 23207.7,
                                                       'quantity': 65},
                                                      {'orders': 1,
                                                       'price': 23211.5,
                                                       'quantity': 260}]},
                                   'instrument_token': 'NSE_FO|68407',
                                   'last_price': 23202.8,
                                   'last_trade_time': '1790236266751',
                                   'lower_circuit_limit': 21104.9,
                                   'net_change': -247.0,
                                   'ohlc': {'close': 23202.8,
                                            'high': 23319.8,
                                            'low': 23187.1,
                                            'open': 23288.0},
                                   'oi': 15474355.0,
                                   'oi_day_high': 15667795.0,
                                   'oi_day_low': 15474355.0,
                                   'symbol': 'NIFTY26SEPFUT',
                                   'timestamp': '2026-09-24T13:21:07.691+05:30',
                                   'total_buy_quantity': 124345.0,
                                   'total_sell_quantity': 248885.0,
                                   'upper_circuit_limit': 25794.7,
                                   'volume': 2652910}},
 'status': 'success'}
2026-09-24 13:21:07,953 - app - INFO - Found Nifty Futures/SYmbols details 
2026-09-24 13:21:07,966 - schedule - DEBUG - Cancelling job "Job(interval=1, unit=days, do=job, args=(), kwargs={'access_token': 'eyJ0eXAiOiJKV1QiLCJrZXlfaWQiOiJza192MS4wIiwiYWxnIjoiSFMyNTYifQ.eyJzdWIiOiIyVUNSUkgiLCJqdGkiOiI2YWI0OWQ0MzY1ZTM1NjMyMThiODI0ODMiLCJpc011bHRpQ2xpZW50IjpmYWxzZSwiaXNQbHVzUGxhbiI6ZmFsc2UsImlhdCI6MTc5MDIyMTYzNSwiaXNzIjoidWRhcGktZ2F0ZXdheS1zZXJ2aWNlIiwiZXhwIjoxNzkwMjg3MjAwfQ.gPkX8RE9_PZjth3xrqq8UJ3F8wuVz2JXH66QIBo4uhY'})"
2026-09-24 13:26:00,584 - root - INFO - Future Instrument Price: 23190.0
2026-09-24 13:26:00,584 - root - INFO - Current India VIX: 11.67
2026-09-24 13:26:00,593 - app - INFO - IVIX: 11.67, Nifty50: 23168.55, Nifty Futures: 23190.0
2026-09-24 13:26:00,624 - app - INFO - India VIX completed
2026-09-24 13:26:01,018 - app - INFO - Nifty OHLC completed
2026-09-24 13:26:01,630 - root - INFO - Bank Nifty top 5 Upstox Service Completed
2026-09-24 13:26:01,675 - app - INFO - Bank Top 5 completed
2026-09-24 13:26:02,551 - root - INFO - Nifty 50 top 10 Upstox Service Completed
2026-09-24 13:26:02,560 - app - INFO - Structure of modified niftytop_data: <class 'list'>, [{'symbol': 'HDFC Bank Ltd.', 'ltp': 730}, {'symbol': 'Reliance Industries.', 'ltp': 1228}, {'symbol': 'ICICI Bank Ltd.', 'ltp': 1337}, {'symbol': 'Infosys Ltd.', 'ltp': 1014}, {'symbol': 'ITC Ltd.', 'ltp': 268}, {'symbol': 'Tata TCS', 'ltp': 2090}, {'symbol': 'L&T  Ltd.', 'ltp': 3872}, {'symbol': 'Axis Bank Ltd.', 'ltp': 1185}, {'symbol': 'SBI Bank', 'ltp': 982}, {'symbol': 'Bharti Airtel Ltd.', 'ltp': 1807}]
2026-09-24 13:26:02,605 - app - INFO - Nifty Top 10 completed
2026-09-24 13:26:03,292 - root - INFO - Midcap Upstox Service Completed
2026-09-24 13:26:03,308 - app - INFO - Midcap Top 5 completed
2026-09-24 13:26:03,309 - app - DEBUG - Inside premiumstudy with expiry date = 2026-09-29
2026-09-24 13:26:03,695 - app - INFO - Total Call premium 43756
2026-09-24 13:26:03,695 - app - INFO - Total Put Premium 115570
2026-09-24 13:26:03,701 - app - INFO - Lower Apex: 22200
2026-09-24 13:26:03,701 - app - INFO - Upper Apex: 24200
2026-09-24 13:26:03,706 - app - DEBUG - Stage1:Dataframe filtered for strike price multiples of 100 and within the apex range
2026-09-24 13:26:03,708 - app - DEBUG - Samples_Total Call LTP: 6006
2026-09-24 13:26:03,708 - app - DEBUG - Samples_Total Put LTP: 6039
2026-09-24 13:26:03,722 - app - INFO - Premium study completed
2026-09-24 13:26:04,311 - root - INFO - Main Indices Fetched Successfully
2026-09-24 13:26:04,380 - app - INFO - Main Index completed
2026-09-24 13:26:04,806 - app - DEBUG - Inside Few Strikes Dataframe                                                      0
0    {'call_options': {'instrument_key': 'NSE_FO|65...
1    {'call_options': {'instrument_key': 'NSE_FO|55...
2    {'call_options': {'instrument_key': 'NSE_FO|65...
3    {'call_options': {'instrument_key': 'NSE_FO|55...
4    {'call_options': {'instrument_key': 'NSE_FO|65...
..                                                 ...
123  {'call_options': {'instrument_key': 'NSE_FO|55...
124  {'call_options': {'instrument_key': 'NSE_FO|65...
125  {'call_options': {'instrument_key': 'NSE_FO|55...
126  {'call_options': {'instrument_key': 'NSE_FO|65...
127  {'call_options': {'instrument_key': 'NSE_FO|55...

[128 rows x 1 columns]
2026-09-24 13:26:04,806 - app - DEBUG - Type of opt_df <class 'pandas.core.frame.DataFrame'>
2026-09-24 13:26:04,807 - app - DEBUG - Print columns of opt_df RangeIndex(start=0, stop=1, step=1)
2026-09-24 13:26:04,808 - app - DEBUG - !!!!!!!!!!!!!!!!!!!!!!!!!!
2026-09-24 13:26:04,808 - app - DEBUG - sup04=22800 sup03=22900 sup02=23000 sup01=23100 roundsp=23200 res01=23300 res02=23400 res03=23500 res04=23600
2026-09-24 13:26:04,808 - app - INFO - Sorted strike Levels: [22800, 22900, 23000, 23100, 23200, 23300, 23400, 23500, 23600]
2026-09-24 13:26:04,808 - app - DEBUG - End of Few Strikes Dataframe
2026-09-24 13:26:04,821 - app - DEBUG - Filtered DataFrame with Relevant Data:
    strike_price     call_oi      put_oi  call_volume  put_volume  call_ltp  put_ltp
34       22800.0    313170.0   7543575.0       496990    32338020    413.35    19.40
36       22900.0    265720.0   5238870.0       997425    31039710    325.80    30.85
38       23000.0   2560285.0  11546265.0     10343905    77347335    245.25    50.35
40       23100.0   2668380.0   5546450.0     19347250    66720030    174.45    78.70
42       23200.0  13612365.0  10364900.0     95232345   158949180    115.65   120.60
44       23300.0  13497055.0   7760675.0     87211020    85033390     71.05   175.25
46       23400.0  14460550.0   5274230.0     58635720    37126375     40.70   245.00
48       23500.0  14110330.0   5976165.0     48729655    15204930     22.85   326.85
50       23600.0   6932315.0   1559480.0     34826935     2812940     12.85   417.40
2026-09-24 13:26:04,821 - app - DEBUG - End of Few Strikes Dataframe
2026-09-24 13:26:05,662 - app - INFO - Appended to covering.json
2026-09-24 13:26:06,019 - app - INFO - Processed PCR data and saved to JSON file
2026-09-24 13:26:06,020 - app - INFO - PCR calculation completed
2026-09-24 13:26:06,489 - app - INFO - Processed PCR data and saved to JSON file
2026-09-24 13:26:06,489 - app - INFO - PCR calculation completed
2026-09-24 13:26:06,981 - app - INFO - Processed PCR data and saved to JSON file
2026-09-24 13:26:06,981 - app - INFO - PCR calculation completed
2026-09-24 13:26:07,391 - root - DEBUG - Raw response for FUTURESSSSS NSE_FO|68407: {'data': {'NSE_FO:NIFTY26SEPFUT': {'average_price': 23234.11,
                                   'depth': {'buy': [{'orders': 1,
                                                      'price': 23190.6,
                                                      'quantity': 130},
                                                     {'orders': 2,
                                                      'price': 23190.5,
                                                      'quantity': 130},
                                                     {'orders': 1,
                                                      'price': 23190.3,
                                                      'quantity': 195},
                                                     {'orders': 2,
                                                      'price': 23190.2,
                                                      'quantity': 130},
                                                     {'orders': 6,
                                                      'price': 23190.0,
                                                      'quantity': 845}],
                                             'sell': [{'orders': 1,
                                                       'price': 23192.6,
                                                       'quantity': 65},
                                                      {'orders': 1,
                                                       'price': 23193.2,
                                                       'quantity': 65},
                                                      {'orders': 1,
                                                       'price': 23193.7,
                                                       'quantity': 65},
                                                      {'orders': 1,
                                                       'price': 23194.1,
                                                       'quantity': 65},
                                                      {'orders': 1,
                                                       'price': 23195.0,
                                                       'quantity': 65}]},
                                   'instrument_token': 'NSE_FO|68407',
                                   'last_price': 23190.6,
                                   'last_trade_time': '1790236565351',
                                   'lower_circuit_limit': 21104.9,
                                   'net_change': -259.2,
                                   'ohlc': {'close': 23190.6,
                                            'high': 23319.8,
                                            'low': 23187.1,
                                            'open': 23288.0},
                                   'oi': 15467790.0,
                                   'oi_day_high': 15667795.0,
                                   'oi_day_low': 15467790.0,
                                   'symbol': 'NIFTY26SEPFUT',
                                   'timestamp': '2026-09-24T13:26:07.133+05:30',
                                   'total_buy_quantity': 119145.0,
                                   'total_sell_quantity': 251810.0,
                                   'upper_circuit_limit': 25794.7,
                                   'volume': 2685410}},
 'status': 'success'}
2026-09-24 13:26:07,400 - app - INFO - Found Nifty Futures/SYmbols details 
2026-09-24 13:26:07,417 - schedule - DEBUG - Cancelling job "Job(interval=1, unit=days, do=job, args=(), kwargs={'access_token': 'eyJ0eXAiOiJKV1QiLCJrZXlfaWQiOiJza192MS4wIiwiYWxnIjoiSFMyNTYifQ.eyJzdWIiOiIyVUNSUkgiLCJqdGkiOiI2YWI0OWQ0MzY1ZTM1NjMyMThiODI0ODMiLCJpc011bHRpQ2xpZW50IjpmYWxzZSwiaXNQbHVzUGxhbiI6ZmFsc2UsImlhdCI6MTc5MDIyMTYzNSwiaXNzIjoidWRhcGktZ2F0ZXdheS1zZXJ2aWNlIiwiZXhwIjoxNzkwMjg3MjAwfQ.gPkX8RE9_PZjth3xrqq8UJ3F8wuVz2JXH66QIBo4uhY'})"
2026-09-24 13:31:01,000 - root - INFO - Future Instrument Price: 23168.9
2026-09-24 13:31:01,001 - root - INFO - Current India VIX: 11.91
2026-09-24 13:31:01,008 - app - INFO - IVIX: 11.91, Nifty50: 23151.1, Nifty Futures: 23168.9
2026-09-24 13:31:01,036 - app - INFO - India VIX completed
2026-09-24 13:31:01,447 - app - INFO - Nifty OHLC completed
2026-09-24 13:31:02,058 - root - INFO - Bank Nifty top 5 Upstox Service Completed
2026-09-24 13:31:02,109 - app - INFO - Bank Top 5 completed
2026-09-24 13:31:02,794 - root - INFO - Nifty 50 top 10 Upstox Service Completed
2026-09-24 13:31:02,802 - app - INFO - Structure of modified niftytop_data: <class 'list'>, [{'symbol': 'HDFC Bank Ltd.', 'ltp': 730}, {'symbol': 'Reliance Industries.', 'ltp': 1228}, {'symbol': 'ICICI Bank Ltd.', 'ltp': 1336}, {'symbol': 'Infosys Ltd.', 'ltp': 1013}, {'symbol': 'ITC Ltd.', 'ltp': 268}, {'symbol': 'Tata TCS', 'ltp': 2086}, {'symbol': 'L&T  Ltd.', 'ltp': 3872}, {'symbol': 'Axis Bank Ltd.', 'ltp': 1184}, {'symbol': 'SBI Bank', 'ltp': 982}, {'symbol': 'Bharti Airtel Ltd.', 'ltp': 1806}]
2026-09-24 13:31:02,858 - app - INFO - Nifty Top 10 completed
2026-09-24 13:31:03,448 - root - INFO - Midcap Upstox Service Completed
2026-09-24 13:31:03,500 - app - INFO - Midcap Top 5 completed
2026-09-24 13:31:03,502 - app - DEBUG - Inside premiumstudy with expiry date = 2026-09-29
2026-09-24 13:31:03,924 - app - INFO - Total Call premium 43275
2026-09-24 13:31:03,924 - app - INFO - Total Put Premium 117078
2026-09-24 13:31:03,930 - app - INFO - Lower Apex: 22200
2026-09-24 13:31:03,931 - app - INFO - Upper Apex: 24200
2026-09-24 13:31:03,935 - app - DEBUG - Stage1:Dataframe filtered for strike price multiples of 100 and within the apex range
2026-09-24 13:31:03,936 - app - DEBUG - Samples_Total Call LTP: 5789
2026-09-24 13:31:03,937 - app - DEBUG - Samples_Total Put LTP: 6344
2026-09-24 13:31:03,952 - app - INFO - Premium study completed
2026-09-24 13:31:04,626 - root - INFO - Main Indices Fetched Successfully
2026-09-24 13:31:04,659 - app - INFO - Main Index completed
2026-09-24 13:31:05,121 - app - DEBUG - Inside Few Strikes Dataframe                                                      0
0    {'call_options': {'instrument_key': 'NSE_FO|65...
1    {'call_options': {'instrument_key': 'NSE_FO|55...
2    {'call_options': {'instrument_key': 'NSE_FO|65...
3    {'call_options': {'instrument_key': 'NSE_FO|55...
4    {'call_options': {'instrument_key': 'NSE_FO|65...
..                                                 ...
123  {'call_options': {'instrument_key': 'NSE_FO|55...
124  {'call_options': {'instrument_key': 'NSE_FO|65...
125  {'call_options': {'instrument_key': 'NSE_FO|55...
126  {'call_options': {'instrument_key': 'NSE_FO|65...
127  {'call_options': {'instrument_key': 'NSE_FO|55...

[128 rows x 1 columns]
2026-09-24 13:31:05,121 - app - DEBUG - Type of opt_df <class 'pandas.core.frame.DataFrame'>
2026-09-24 13:31:05,122 - app - DEBUG - Print columns of opt_df RangeIndex(start=0, stop=1, step=1)
2026-09-24 13:31:05,129 - app - DEBUG - !!!!!!!!!!!!!!!!!!!!!!!!!!
2026-09-24 13:31:05,129 - app - DEBUG - sup04=22800 sup03=22900 sup02=23000 sup01=23100 roundsp=23200 res01=23300 res02=23400 res03=23500 res04=23600
2026-09-24 13:31:05,130 - app - INFO - Sorted strike Levels: [22800, 22900, 23000, 23100, 23200, 23300, 23400, 23500, 23600]
2026-09-24 13:31:05,130 - app - DEBUG - End of Few Strikes Dataframe
2026-09-24 13:31:05,189 - app - DEBUG - Filtered DataFrame with Relevant Data:
    strike_price     call_oi      put_oi  call_volume  put_volume  call_ltp  put_ltp
34       22800.0    320320.0   7376915.0       537550    35182745    396.40    24.40
36       22900.0    290810.0   5194410.0      1079390    33572630    310.80    37.50
38       23000.0   2730975.0  11034635.0     11110190    82546230    231.50    59.75
40       23100.0   2975310.0   5304390.0     20994935    71650670    162.60    91.30
42       23200.0  13982800.0   9248590.0    100075365   165913345    107.85   136.20
44       23300.0  13820300.0   7530900.0     90575290    87350510     66.75   193.70
46       23400.0  14130545.0   5171595.0     62411440    37863865     38.85   264.20
48       23500.0  13856635.0   5939440.0     50782875    15604290     22.10   346.95
50       23600.0   6909825.0   1552135.0     36562110     2899650     12.65   439.15
2026-09-24 13:31:05,190 - app - DEBUG - End of Few Strikes Dataframe
2026-09-24 13:31:05,772 - app - INFO - Appended to covering.json
2026-09-24 13:31:06,132 - app - INFO - Processed PCR data and saved to JSON file
2026-09-24 13:31:06,132 - app - INFO - PCR calculation completed
2026-09-24 13:31:06,635 - app - INFO - Processed PCR data and saved to JSON file
2026-09-24 13:31:06,636 - app - INFO - PCR calculation completed
2026-09-24 13:31:07,126 - app - INFO - Processed PCR data and saved to JSON file
2026-09-24 13:31:07,126 - app - INFO - PCR calculation completed
2026-09-24 13:31:07,508 - root - DEBUG - Raw response for FUTURESSSSS NSE_FO|68407: {'data': {'NSE_FO:NIFTY26SEPFUT': {'average_price': 23231.08,
                                   'depth': {'buy': [{'orders': 3,
                                                      'price': 23165.8,
                                                      'quantity': 260},
                                                     {'orders': 2,
                                                      'price': 23165.7,
                                                      'quantity': 130},
                                                     {'orders': 7,
                                                      'price': 23165.5,
                                                      'quantity': 715},
                                                     {'orders': 7,
                                                      'price': 23165.4,
                                                      'quantity': 780},
                                                     {'orders': 14,
                                                      'price': 23165.3,
                                                      'quantity': 1105}],
                                             'sell': [{'orders': 1,
                                                       'price': 23169.5,
                                                       'quantity': 260},
                                                      {'orders': 1,
                                                       'price': 23169.6,
                                                       'quantity': 65},
                                                      {'orders': 1,
                                                       'price': 23169.7,
                                                       'quantity': 260},
                                                      {'orders': 1,
                                                       'price': 23169.9,
                                                       'quantity': 65},
                                                      {'orders': 2,
                                                       'price': 23170.0,
                                                       'quantity': 1560}]},
                                   'instrument_token': 'NSE_FO|68407',
                                   'last_price': 23170.0,
                                   'last_trade_time': '1790236862206',
                                   'lower_circuit_limit': 21104.9,
                                   'net_change': -279.8,
                                   'ohlc': {'close': 23170.0,
                                            'high': 23319.8,
                                            'low': 23152.9,
                                            'open': 23288.0},
                                   'oi': 15484430.0,
                                   'oi_day_high': 15667795.0,
                                   'oi_day_low': 15467790.0,
                                   'symbol': 'NIFTY26SEPFUT',
                                   'timestamp': '2026-09-24T13:31:07.249+05:30',
                                   'total_buy_quantity': 111085.0,
                                   'total_sell_quantity': 248820.0,
                                   'upper_circuit_limit': 25794.7,
                                   'volume': 2808325}},
 'status': 'success'}
2026-09-24 13:31:07,517 - app - INFO - Found Nifty Futures/SYmbols details 
2026-09-24 13:31:07,534 - schedule - DEBUG - Cancelling job "Job(interval=1, unit=days, do=job, args=(), kwargs={'access_token': 'eyJ0eXAiOiJKV1QiLCJrZXlfaWQiOiJza192MS4wIiwiYWxnIjoiSFMyNTYifQ.eyJzdWIiOiIyVUNSUkgiLCJqdGkiOiI2YWI0OWQ0MzY1ZTM1NjMyMThiODI0ODMiLCJpc011bHRpQ2xpZW50IjpmYWxzZSwiaXNQbHVzUGxhbiI6ZmFsc2UsImlhdCI6MTc5MDIyMTYzNSwiaXNzIjoidWRhcGktZ2F0ZXdheS1zZXJ2aWNlIiwiZXhwIjoxNzkwMjg3MjAwfQ.gPkX8RE9_PZjth3xrqq8UJ3F8wuVz2JXH66QIBo4uhY'})"
2026-09-24 13:34:40,959 - werkzeug - INFO - 127.0.0.1 - - [24/Sep/2026 13:34:40] "GET /api/trend HTTP/1.1" 200 -
2026-09-24 13:35:13,378 - werkzeug - INFO - 127.0.0.1 - - [24/Sep/2026 13:35:13] "GET /api/getmainindex HTTP/1.1" 200 -
2026-09-24 13:35:20,296 - werkzeug - INFO - 127.0.0.1 - - [24/Sep/2026 13:35:20] "GET /api/getpremium HTTP/1.1" 200 -
2026-09-24 13:35:21,607 - werkzeug - INFO - 127.0.0.1 - - [24/Sep/2026 13:35:21] "GET /api/gettopbank5 HTTP/1.1" 200 -
2026-09-24 13:35:21,610 - werkzeug - INFO - 127.0.0.1 - - [24/Sep/2026 13:35:21] "GET /api/gettopnifty10 HTTP/1.1" 200 -
2026-09-24 13:35:21,612 - werkzeug - INFO - 127.0.0.1 - - [24/Sep/2026 13:35:21] "GET /api/gettopmidcap5 HTTP/1.1" 200 -
2026-09-24 13:35:23,355 - werkzeug - INFO - 127.0.0.1 - - [24/Sep/2026 13:35:23] "GET /api/getpremium HTTP/1.1" 200 -
2026-09-24 13:35:26,940 - werkzeug - INFO - 127.0.0.1 - - [24/Sep/2026 13:35:26] "GET /api/getmainindex HTTP/1.1" 200 -
2026-09-24 13:36:01,183 - root - INFO - Future Instrument Price: 23170.0
2026-09-24 13:36:01,184 - root - INFO - Current India VIX: 11.9
2026-09-24 13:36:01,191 - app - INFO - IVIX: 11.9, Nifty50: 23151.9, Nifty Futures: 23170.0
2026-09-24 13:36:01,203 - app - INFO - India VIX completed
2026-09-24 13:36:01,467 - app - INFO - Nifty OHLC completed
2026-09-24 13:36:02,029 - root - INFO - Bank Nifty top 5 Upstox Service Completed
2026-09-24 13:36:02,050 - app - INFO - Bank Top 5 completed
2026-09-24 13:36:02,687 - root - INFO - Nifty 50 top 10 Upstox Service Completed
2026-09-24 13:36:02,690 - app - INFO - Structure of modified niftytop_data: <class 'list'>, [{'symbol': 'HDFC Bank Ltd.', 'ltp': 731}, {'symbol': 'Reliance Industries.', 'ltp': 1228}, {'symbol': 'ICICI Bank Ltd.', 'ltp': 1335}, {'symbol': 'Infosys Ltd.', 'ltp': 1012}, {'symbol': 'ITC Ltd.', 'ltp': 268}, {'symbol': 'Tata TCS', 'ltp': 2086}, {'symbol': 'L&T  Ltd.', 'ltp': 3871}, {'symbol': 'Axis Bank Ltd.', 'ltp': 1184}, {'symbol': 'SBI Bank', 'ltp': 982}, {'symbol': 'Bharti Airtel Ltd.', 'ltp': 1807}]
2026-09-24 13:36:02,704 - app - INFO - Nifty Top 10 completed
2026-09-24 13:36:03,262 - root - INFO - Midcap Upstox Service Completed
2026-09-24 13:36:03,278 - app - INFO - Midcap Top 5 completed
2026-09-24 13:36:03,279 - app - DEBUG - Inside premiumstudy with expiry date = 2026-09-29
2026-09-24 13:36:03,567 - app - INFO - Total Call premium 43321
2026-09-24 13:36:03,567 - app - INFO - Total Put Premium 117032
2026-09-24 13:36:03,569 - app - INFO - Lower Apex: 22200
2026-09-24 13:36:03,569 - app - INFO - Upper Apex: 24200
2026-09-24 13:36:03,570 - app - DEBUG - Stage1:Dataframe filtered for strike price multiples of 100 and within the apex range
2026-09-24 13:36:03,570 - app - DEBUG - Samples_Total Call LTP: 5801
2026-09-24 13:36:03,571 - app - DEBUG - Samples_Total Put LTP: 6335
2026-09-24 13:36:03,574 - app - INFO - Premium study completed
2026-09-24 13:36:04,180 - root - INFO - Main Indices Fetched Successfully
2026-09-24 13:36:04,203 - app - INFO - Main Index completed
2026-09-24 13:36:04,540 - app - DEBUG - Inside Few Strikes Dataframe                                                      0
0    {'call_options': {'instrument_key': 'NSE_FO|65...
1    {'call_options': {'instrument_key': 'NSE_FO|55...
2    {'call_options': {'instrument_key': 'NSE_FO|65...
3    {'call_options': {'instrument_key': 'NSE_FO|55...
4    {'call_options': {'instrument_key': 'NSE_FO|65...
..                                                 ...
123  {'call_options': {'instrument_key': 'NSE_FO|55...
124  {'call_options': {'instrument_key': 'NSE_FO|65...
125  {'call_options': {'instrument_key': 'NSE_FO|55...
126  {'call_options': {'instrument_key': 'NSE_FO|65...
127  {'call_options': {'instrument_key': 'NSE_FO|55...

[128 rows x 1 columns]
2026-09-24 13:36:04,540 - app - DEBUG - Type of opt_df <class 'pandas.core.frame.DataFrame'>
2026-09-24 13:36:04,540 - app - DEBUG - Print columns of opt_df RangeIndex(start=0, stop=1, step=1)
2026-09-24 13:36:04,542 - app - DEBUG - !!!!!!!!!!!!!!!!!!!!!!!!!!
2026-09-24 13:36:04,542 - app - DEBUG - sup04=22800 sup03=22900 sup02=23000 sup01=23100 roundsp=23200 res01=23300 res02=23400 res03=23500 res04=23600
2026-09-24 13:36:04,542 - app - INFO - Sorted strike Levels: [22800, 22900, 23000, 23100, 23200, 23300, 23400, 23500, 23600]
2026-09-24 13:36:04,543 - app - DEBUG - End of Few Strikes Dataframe
2026-09-24 13:36:04,556 - app - DEBUG - Filtered DataFrame with Relevant Data:
    strike_price     call_oi      put_oi  call_volume  put_volume  call_ltp  put_ltp
34       22800.0    323830.0   7311070.0       555425    36268375    397.80    24.70
36       22900.0    299910.0   5178160.0      1133730    34398845    310.50    38.25
38       23000.0   2682420.0  11011040.0     11384620    84355635    232.25    59.65
40       23100.0   2955485.0   5459610.0     21796255    73429200    163.75    91.30
42       23200.0  14116505.0   9422335.0    102182015   168222340    108.20   135.50
44       23300.0  13834535.0   7439510.0     92004900    88118550     66.75   193.85
46       23400.0  14018225.0   5131620.0     63478090    38167415     38.60   265.30
48       23500.0  13878540.0   5938465.0     51552020    15756260     22.10   347.05
50       23600.0   7513610.0   1548365.0     37777610     2919020     12.70   438.10
2026-09-24 13:36:04,556 - app - DEBUG - End of Few Strikes Dataframe
2026-09-24 13:36:05,049 - app - INFO - Appended to covering.json
2026-09-24 13:36:05,348 - app - INFO - Processed PCR data and saved to JSON file
2026-09-24 13:36:05,348 - app - INFO - PCR calculation completed
2026-09-24 13:36:05,705 - app - INFO - Processed PCR data and saved to JSON file
2026-09-24 13:36:05,705 - app - INFO - PCR calculation completed
2026-09-24 13:36:06,059 - app - INFO - Processed PCR data and saved to JSON file
2026-09-24 13:36:06,059 - app - INFO - PCR calculation completed
2026-09-24 13:36:06,364 - root - DEBUG - Raw response for FUTURESSSSS NSE_FO|68407: {'data': {'NSE_FO:NIFTY26SEPFUT': {'average_price': 23230.09,
                                   'depth': {'buy': [{'orders': 1,
                                                      'price': 23168.5,
                                                      'quantity': 65},
                                                     {'orders': 2,
                                                      'price': 23168.3,
                                                      'quantity': 195},
                                                     {'orders': 1,
                                                      'price': 23168.2,
                                                      'quantity': 130},
                                                     {'orders': 2,
                                                      'price': 23168.1,
                                                      'quantity': 390},
                                                     {'orders': 1,
                                                      'price': 23168.0,
                                                      'quantity': 65}],
                                             'sell': [{'orders': 1,
                                                       'price': 23170.9,
                                                       'quantity': 65},
                                                      {'orders': 1,
                                                       'price': 23175.0,
                                                       'quantity': 910},
                                                      {'orders': 1,
                                                       'price': 23178.2,
                                                       'quantity': 65},
                                                      {'orders': 1,
                                                       'price': 23179.7,
                                                       'quantity': 260},
                                                      {'orders': 1,
                                                       'price': 23179.8,
                                                       'quantity': 65}]},
                                   'instrument_token': 'NSE_FO|68407',
                                   'last_price': 23169.1,
                                   'last_trade_time': '1790237164254',
                                   'lower_circuit_limit': 21104.9,
                                   'net_change': -280.7,
                                   'ohlc': {'close': 23169.1,
                                            'high': 23319.8,
                                            'low': 23152.9,
                                            'open': 23288.0},
                                   'oi': 15494505.0,
                                   'oi_day_high': 15667795.0,
                                   'oi_day_low': 15467790.0,
                                   'symbol': 'NIFTY26SEPFUT',
                                   'timestamp': '2026-09-24T13:36:06.11+05:30',
                                   'total_buy_quantity': 113555.0,
                                   'total_sell_quantity': 243815.0,
                                   'upper_circuit_limit': 25794.7,
                                   'volume': 2857075}},
 'status': 'success'}
2026-09-24 13:36:06,367 - app - INFO - Found Nifty Futures/SYmbols details 
2026-09-24 13:36:06,374 - schedule - DEBUG - Cancelling job "Job(interval=1, unit=days, do=job, args=(), kwargs={'access_token': 'eyJ0eXAiOiJKV1QiLCJrZXlfaWQiOiJza192MS4wIiwiYWxnIjoiSFMyNTYifQ.eyJzdWIiOiIyVUNSUkgiLCJqdGkiOiI2YWI0OWQ0MzY1ZTM1NjMyMThiODI0ODMiLCJpc011bHRpQ2xpZW50IjpmYWxzZSwiaXNQbHVzUGxhbiI6ZmFsc2UsImlhdCI6MTc5MDIyMTYzNSwiaXNzIjoidWRhcGktZ2F0ZXdheS1zZXJ2aWNlIiwiZXhwIjoxNzkwMjg3MjAwfQ.gPkX8RE9_PZjth3xrqq8UJ3F8wuVz2JXH66QIBo4uhY'})"
2026-09-24 13:39:46,046 - werkzeug - INFO - 127.0.0.1 - - [24/Sep/2026 13:39:46] "GET /api/trend HTTP/1.1" 200 -
2026-09-24 13:39:47,604 - werkzeug - INFO - 127.0.0.1 - - [24/Sep/2026 13:39:47] "GET /api/futures HTTP/1.1" 200 -
2026-09-24 13:39:48,615 - werkzeug - INFO - 127.0.0.1 - - [24/Sep/2026 13:39:48] "GET /api/trend HTTP/1.1" 200 -
2026-09-24 13:39:59,866 - werkzeug - INFO - 127.0.0.1 - - [24/Sep/2026 13:39:59] "GET /api/trend HTTP/1.1" 200 -
2026-09-24 13:40:01,407 - werkzeug - INFO - 127.0.0.1 - - [24/Sep/2026 13:40:01] "GET /api/trend HTTP/1.1" 200 -
2026-09-24 13:40:02,255 - werkzeug - INFO - 127.0.0.1 - - [24/Sep/2026 13:40:02] "GET /api/trend HTTP/1.1" 200 -
2026-09-24 13:40:06,423 - werkzeug - INFO - 127.0.0.1 - - [24/Sep/2026 13:40:06] "GET /api/trend HTTP/1.1" 200 -
2026-09-24 13:41:00,916 - root - INFO - Future Instrument Price: 23155.7
2026-09-24 13:41:00,917 - root - INFO - Current India VIX: 12.06
2026-09-24 13:41:00,923 - app - INFO - IVIX: 12.06, Nifty50: 23135.65, Nifty Futures: 23155.7
2026-09-24 13:41:00,934 - app - INFO - India VIX completed
2026-09-24 13:41:01,193 - app - INFO - Nifty OHLC completed
2026-09-24 13:41:01,739 - root - INFO - Bank Nifty top 5 Upstox Service Completed
2026-09-24 13:41:01,759 - app - INFO - Bank Top 5 completed
2026-09-24 13:41:02,413 - root - INFO - Nifty 50 top 10 Upstox Service Completed
2026-09-24 13:41:02,422 - app - INFO - Structure of modified niftytop_data: <class 'list'>, [{'symbol': 'HDFC Bank Ltd.', 'ltp': 730}, {'symbol': 'Reliance Industries.', 'ltp': 1227}, {'symbol': 'ICICI Bank Ltd.', 'ltp': 1334}, {'symbol': 'Infosys Ltd.', 'ltp': 1011}, {'symbol': 'ITC Ltd.', 'ltp': 268}, {'symbol': 'Tata TCS', 'ltp': 2084}, {'symbol': 'L&T  Ltd.', 'ltp': 3868}, {'symbol': 'Axis Bank Ltd.', 'ltp': 1183}, {'symbol': 'SBI Bank', 'ltp': 982}, {'symbol': 'Bharti Airtel Ltd.', 'ltp': 1805}]
2026-09-24 13:41:02,440 - app - INFO - Nifty Top 10 completed
2026-09-24 13:41:02,959 - root - INFO - Midcap Upstox Service Completed
2026-09-24 13:41:02,977 - app - INFO - Midcap Top 5 completed
2026-09-24 13:41:02,978 - app - DEBUG - Inside premiumstudy with expiry date = 2026-09-29
2026-09-24 13:41:03,272 - app - INFO - Total Call premium 42851
2026-09-24 13:41:03,272 - app - INFO - Total Put Premium 117711
2026-09-24 13:41:03,273 - app - INFO - Lower Apex: 22100
2026-09-24 13:41:03,274 - app - INFO - Upper Apex: 24100
2026-09-24 13:41:03,274 - app - DEBUG - Stage1:Dataframe filtered for strike price multiples of 100 and within the apex range
2026-09-24 13:41:03,275 - app - DEBUG - Samples_Total Call LTP: 6694
2026-09-24 13:41:03,275 - app - DEBUG - Samples_Total Put LTP: 5475
2026-09-24 13:41:03,278 - app - INFO - Premium study completed
2026-09-24 13:41:03,779 - root - INFO - Main Indices Fetched Successfully
2026-09-24 13:41:03,795 - app - INFO - Main Index completed
2026-09-24 13:41:04,115 - app - DEBUG - Inside Few Strikes Dataframe                                                      0
0    {'call_options': {'instrument_key': 'NSE_FO|65...
1    {'call_options': {'instrument_key': 'NSE_FO|55...
2    {'call_options': {'instrument_key': 'NSE_FO|65...
3    {'call_options': {'instrument_key': 'NSE_FO|55...
4    {'call_options': {'instrument_key': 'NSE_FO|65...
..                                                 ...
123  {'call_options': {'instrument_key': 'NSE_FO|55...
124  {'call_options': {'instrument_key': 'NSE_FO|65...
125  {'call_options': {'instrument_key': 'NSE_FO|55...
126  {'call_options': {'instrument_key': 'NSE_FO|65...
127  {'call_options': {'instrument_key': 'NSE_FO|55...

[128 rows x 1 columns]
2026-09-24 13:41:04,116 - app - DEBUG - Type of opt_df <class 'pandas.core.frame.DataFrame'>
2026-09-24 13:41:04,116 - app - DEBUG - Print columns of opt_df RangeIndex(start=0, stop=1, step=1)
2026-09-24 13:41:04,119 - app - DEBUG - !!!!!!!!!!!!!!!!!!!!!!!!!!
2026-09-24 13:41:04,120 - app - DEBUG - sup04=22700 sup03=22800 sup02=22900 sup01=23000 roundsp=23100 res01=23200 res02=23300 res03=23400 res04=23500
2026-09-24 13:41:04,120 - app - INFO - Sorted strike Levels: [22700, 22800, 22900, 23000, 23100, 23200, 23300, 23400, 23500]
2026-09-24 13:41:04,120 - app - DEBUG - End of Few Strikes Dataframe
2026-09-24 13:41:04,141 - app - DEBUG - Filtered DataFrame with Relevant Data:
    strike_price     call_oi      put_oi  call_volume  put_volume  call_ltp  put_ltp
32       22700.0     56810.0   3975270.0       176345    26629005    475.00    18.45
34       22800.0    329225.0   7258355.0       577590    37302915    387.15    27.55
36       22900.0    306150.0   5257590.0      1185470    35322170    300.80    42.25
38       23000.0   2805010.0  11113480.0     11824345    86665475    225.00    65.90
40       23100.0   3021200.0   5456100.0     22460880    76002290    158.40    99.40
42       23200.0  14368250.0   9372610.0    104061750   171051595    104.90   145.80
44       23300.0  13735345.0   7397780.0     93477800    89140415     65.05   205.40
46       23400.0  13997035.0   5099055.0     64233910    38476425     37.90   277.80
48       23500.0  13910650.0   5950360.0     52429585    15942485     21.95   362.30
2026-09-24 13:41:04,141 - app - DEBUG - End of Few Strikes Dataframe
2026-09-24 13:41:04,144 - app - INFO - Appended to covering.json
2026-09-24 13:41:04,475 - app - INFO - Processed PCR data and saved to JSON file
2026-09-24 13:41:04,476 - app - INFO - PCR calculation completed
2026-09-24 13:41:04,824 - app - INFO - Processed PCR data and saved to JSON file
2026-09-24 13:41:04,824 - app - INFO - PCR calculation completed
2026-09-24 13:41:05,187 - app - INFO - Processed PCR data and saved to JSON file
2026-09-24 13:41:05,187 - app - INFO - PCR calculation completed
2026-09-24 13:41:05,488 - root - DEBUG - Raw response for FUTURESSSSS NSE_FO|68407: {'data': {'NSE_FO:NIFTY26SEPFUT': {'average_price': 23228.67,
                                   'depth': {'buy': [{'orders': 1,
                                                      'price': 23152.5,
                                                      'quantity': 65},
                                                     {'orders': 2,
                                                      'price': 23152.0,
                                                      'quantity': 195},
                                                     {'orders': 4,
                                                      'price': 23151.9,
                                                      'quantity': 260},
                                                     {'orders': 5,
                                                      'price': 23151.8,
                                                      'quantity': 325},
                                                     {'orders': 7,
                                                      'price': 23151.7,
                                                      'quantity': 585}],
                                             'sell': [{'orders': 2,
                                                       'price': 23155.9,
                                                       'quantity': 130},
                                                      {'orders': 1,
                                                       'price': 23156.9,
                                                       'quantity': 195},
                                                      {'orders': 3,
                                                       'price': 23160.0,
                                                       'quantity': 325},
                                                      {'orders': 2,
                                                       'price': 23163.0,
                                                       'quantity': 130},
                                                      {'orders': 1,
                                                       'price': 23163.6,
                                                       'quantity': 260}]},
                                   'instrument_token': 'NSE_FO|68407',
                                   'last_price': 23152.5,
                                   'last_trade_time': '1790237463501',
                                   'lower_circuit_limit': 21104.9,
                                   'net_change': -297.3,
                                   'ohlc': {'close': 23152.5,
                                            'high': 23319.8,
                                            'low': 23150.1,
                                            'open': 23288.0},
                                   'oi': 15490280.0,
                                   'oi_day_high': 15667795.0,
                                   'oi_day_low': 15467790.0,
                                   'symbol': 'NIFTY26SEPFUT',
                                   'timestamp': '2026-09-24T13:41:05.228+05:30',
                                   'total_buy_quantity': 101985.0,
                                   'total_sell_quantity': 249340.0,
                                   'upper_circuit_limit': 25794.7,
                                   'volume': 2915445}},
 'status': 'success'}
2026-09-24 13:41:05,492 - app - INFO - Found Nifty Futures/SYmbols details 
2026-09-24 13:41:05,500 - schedule - DEBUG - Cancelling job "Job(interval=1, unit=days, do=job, args=(), kwargs={'access_token': 'eyJ0eXAiOiJKV1QiLCJrZXlfaWQiOiJza192MS4wIiwiYWxnIjoiSFMyNTYifQ.eyJzdWIiOiIyVUNSUkgiLCJqdGkiOiI2YWI0OWQ0MzY1ZTM1NjMyMThiODI0ODMiLCJpc011bHRpQ2xpZW50IjpmYWxzZSwiaXNQbHVzUGxhbiI6ZmFsc2UsImlhdCI6MTc5MDIyMTYzNSwiaXNzIjoidWRhcGktZ2F0ZXdheS1zZXJ2aWNlIiwiZXhwIjoxNzkwMjg3MjAwfQ.gPkX8RE9_PZjth3xrqq8UJ3F8wuVz2JXH66QIBo4uhY'})"
2026-09-24 13:41:13,636 - werkzeug - INFO - 127.0.0.1 - - [24/Sep/2026 13:41:13] "GET /api/trend HTTP/1.1" 200 -
2026-09-24 13:41:16,144 - werkzeug - INFO - 127.0.0.1 - - [24/Sep/2026 13:41:16] "GET /api/trend HTTP/1.1" 200 -
2026-09-24 13:41:16,995 - werkzeug - INFO - 127.0.0.1 - - [24/Sep/2026 13:41:16] "GET /api/trend HTTP/1.1" 200 -
2026-09-24 13:41:17,872 - werkzeug - INFO - 127.0.0.1 - - [24/Sep/2026 13:41:17] "GET /api/trend HTTP/1.1" 200 -
2026-09-24 13:45:09,019 - werkzeug - INFO - 127.0.0.1 - - [24/Sep/2026 13:45:09] "GET /api/trend HTTP/1.1" 200 -
2026-09-24 13:46:01,111 - root - INFO - Future Instrument Price: 23106.0
2026-09-24 13:46:01,111 - root - INFO - Current India VIX: 12.48
2026-09-24 13:46:01,120 - app - INFO - IVIX: 12.48, Nifty50: 23094.65, Nifty Futures: 23106.0
2026-09-24 13:46:01,157 - app - INFO - India VIX completed
2026-09-24 13:46:01,584 - app - INFO - Nifty OHLC completed
2026-09-24 13:46:02,406 - root - INFO - Bank Nifty top 5 Upstox Service Completed
2026-09-24 13:46:02,442 - app - INFO - Bank Top 5 completed
2026-09-24 13:46:03,250 - root - INFO - Nifty 50 top 10 Upstox Service Completed
2026-09-24 13:46:03,260 - app - INFO - Structure of modified niftytop_data: <class 'list'>, [{'symbol': 'HDFC Bank Ltd.', 'ltp': 728}, {'symbol': 'Reliance Industries.', 'ltp': 1225}, {'symbol': 'ICICI Bank Ltd.', 'ltp': 1332}, {'symbol': 'Infosys Ltd.', 'ltp': 1009}, {'symbol': 'ITC Ltd.', 'ltp': 268}, {'symbol': 'Tata TCS', 'ltp': 2078}, {'symbol': 'L&T  Ltd.', 'ltp': 3862}, {'symbol': 'Axis Bank Ltd.', 'ltp': 1180}, {'symbol': 'SBI Bank', 'ltp': 979}, {'symbol': 'Bharti Airtel Ltd.', 'ltp': 1803}]
2026-09-24 13:46:03,295 - app - INFO - Nifty Top 10 completed
2026-09-24 13:46:03,969 - root - INFO - Midcap Upstox Service Completed
2026-09-24 13:46:04,018 - app - INFO - Midcap Top 5 completed
2026-09-24 13:46:04,019 - app - DEBUG - Inside premiumstudy with expiry date = 2026-09-29
2026-09-24 13:46:04,392 - app - INFO - Total Call premium 42333
2026-09-24 13:46:04,393 - app - INFO - Total Put Premium 119505
2026-09-24 13:46:04,399 - app - INFO - Lower Apex: 22100
2026-09-24 13:46:04,399 - app - INFO - Upper Apex: 24100
2026-09-24 13:46:04,404 - app - DEBUG - Stage1:Dataframe filtered for strike price multiples of 100 and within the apex range
2026-09-24 13:46:04,405 - app - DEBUG - Samples_Total Call LTP: 6453
2026-09-24 13:46:04,405 - app - DEBUG - Samples_Total Put LTP: 6046
2026-09-24 13:46:04,421 - app - INFO - Premium study completed
2026-09-24 13:46:05,101 - root - INFO - Main Indices Fetched Successfully
2026-09-24 13:46:05,146 - app - INFO - Main Index completed
2026-09-24 13:46:05,531 - app - DEBUG - Inside Few Strikes Dataframe                                                      0
0    {'call_options': {'instrument_key': 'NSE_FO|65...
1    {'call_options': {'instrument_key': 'NSE_FO|55...
2    {'call_options': {'instrument_key': 'NSE_FO|65...
3    {'call_options': {'instrument_key': 'NSE_FO|55...
4    {'call_options': {'instrument_key': 'NSE_FO|65...
..                                                 ...
123  {'call_options': {'instrument_key': 'NSE_FO|55...
124  {'call_options': {'instrument_key': 'NSE_FO|65...
125  {'call_options': {'instrument_key': 'NSE_FO|55...
126  {'call_options': {'instrument_key': 'NSE_FO|65...
127  {'call_options': {'instrument_key': 'NSE_FO|55...

[128 rows x 1 columns]
2026-09-24 13:46:05,531 - app - DEBUG - Type of opt_df <class 'pandas.core.frame.DataFrame'>
2026-09-24 13:46:05,531 - app - DEBUG - Print columns of opt_df RangeIndex(start=0, stop=1, step=1)
2026-09-24 13:46:05,533 - app - DEBUG - !!!!!!!!!!!!!!!!!!!!!!!!!!
2026-09-24 13:46:05,533 - app - DEBUG - sup04=22700 sup03=22800 sup02=22900 sup01=23000 roundsp=23100 res01=23200 res02=23300 res03=23400 res04=23500
2026-09-24 13:46:05,533 - app - INFO - Sorted strike Levels: [22700, 22800, 22900, 23000, 23100, 23200, 23300, 23400, 23500]
2026-09-24 13:46:05,533 - app - DEBUG - End of Few Strikes Dataframe
2026-09-24 13:46:05,547 - app - DEBUG - Filtered DataFrame with Relevant Data:
    strike_price     call_oi      put_oi  call_volume  put_volume  call_ltp  put_ltp
32       22700.0     60125.0   3805945.0       197990    28558530    441.70    30.60
34       22800.0    334165.0   7222280.0       623610    39915980    353.65    43.70
36       22900.0    350740.0   4662450.0      1292590    38395240    275.70    63.80
38       23000.0   3124290.0  10883510.0     12750920    91700505    204.30    93.55
40       23100.0   3530930.0   5169710.0     24854570    81637270    143.95   132.25
42       23200.0  14692665.0   8958235.0    108095195   176228585     96.20   185.15
44       23300.0  13385710.0   7161245.0     97114615    90921610     60.25   249.00
46       23400.0  13660985.0   5031975.0     66457300    39076245     36.65   325.00
48       23500.0  13783055.0   5922280.0     54762825    16303105     21.95   409.05
2026-09-24 13:46:05,548 - app - DEBUG - End of Few Strikes Dataframe
2026-09-24 13:46:05,549 - app - INFO - Appended to covering.json
2026-09-24 13:46:06,070 - app - INFO - Processed PCR data and saved to JSON file
2026-09-24 13:46:06,071 - app - INFO - PCR calculation completed
2026-09-24 13:46:06,557 - app - INFO - Processed PCR data and saved to JSON file
2026-09-24 13:46:06,557 - app - INFO - PCR calculation completed
2026-09-24 13:46:07,076 - app - INFO - Processed PCR data and saved to JSON file
2026-09-24 13:46:07,077 - app - INFO - PCR calculation completed
2026-09-24 13:46:07,443 - root - DEBUG - Raw response for FUTURESSSSS NSE_FO|68407: {'data': {'NSE_FO:NIFTY26SEPFUT': {'average_price': 23224.14,
                                   'depth': {'buy': [{'orders': 1,
                                                      'price': 23101.1,
                                                      'quantity': 520},
                                                     {'orders': 6,
                                                      'price': 23101.0,
                                                      'quantity': 390},
                                                     {'orders': 1,
                                                      'price': 23100.9,
                                                      'quantity': 65},
                                                     {'orders': 1,
                                                      'price': 23100.5,
                                                      'quantity': 130},
                                                     {'orders': 1,
                                                      'price': 23100.2,
                                                      'quantity': 65}],
                                             'sell': [{'orders': 1,
                                                       'price': 23103.6,
                                                       'quantity': 65},
                                                      {'orders': 2,
                                                       'price': 23103.8,
                                                       'quantity': 130},
                                                      {'orders': 1,
                                                       'price': 23104.3,
                                                       'quantity': 65},
                                                      {'orders': 1,
                                                       'price': 23105.1,
                                                       'quantity': 65},
                                                      {'orders': 1,
                                                       'price': 23106.0,
                                                       'quantity': 65}]},
                                   'instrument_token': 'NSE_FO|68407',
                                   'last_price': 23101.1,
                                   'last_trade_time': '1790237766943',
                                   'lower_circuit_limit': 21104.9,
                                   'net_change': -348.7,
                                   'ohlc': {'close': 23101.1,
                                            'high': 23319.8,
                                            'low': 23101.1,
                                            'open': 23288.0},
                                   'oi': 15484105.0,
                                   'oi_day_high': 15667795.0,
                                   'oi_day_low': 15467790.0,
                                   'symbol': 'NIFTY26SEPFUT',
                                   'timestamp': '2026-09-24T13:46:07.178+05:30',
                                   'total_buy_quantity': 83200.0,
                                   'total_sell_quantity': 240760.0,
                                   'upper_circuit_limit': 25794.7,
                                   'volume': 3069820}},
 'status': 'success'}
2026-09-24 13:46:07,447 - app - INFO - Found Nifty Futures/SYmbols details 
2026-09-24 13:46:07,461 - schedule - DEBUG - Cancelling job "Job(interval=1, unit=days, do=job, args=(), kwargs={'access_token': 'eyJ0eXAiOiJKV1QiLCJrZXlfaWQiOiJza192MS4wIiwiYWxnIjoiSFMyNTYifQ.eyJzdWIiOiIyVUNSUkgiLCJqdGkiOiI2YWI0OWQ0MzY1ZTM1NjMyMThiODI0ODMiLCJpc011bHRpQ2xpZW50IjpmYWxzZSwiaXNQbHVzUGxhbiI6ZmFsc2UsImlhdCI6MTc5MDIyMTYzNSwiaXNzIjoidWRhcGktZ2F0ZXdheS1zZXJ2aWNlIiwiZXhwIjoxNzkwMjg3MjAwfQ.gPkX8RE9_PZjth3xrqq8UJ3F8wuVz2JXH66QIBo4uhY'})"
2026-09-24 13:48:35,348 - werkzeug - INFO - 127.0.0.1 - - [24/Sep/2026 13:48:35] "GET /api/trend HTTP/1.1" 200 -
2026-09-24 13:49:27,207 - werkzeug - INFO - 127.0.0.1 - - [24/Sep/2026 13:49:27] "GET /api/trend HTTP/1.1" 200 -
2026-09-24 13:49:29,905 - werkzeug - INFO - 127.0.0.1 - - [24/Sep/2026 13:49:29] "GET /api/trend HTTP/1.1" 200 -
2026-09-24 13:49:43,803 - app - DEBUG - ignore this message
2026-09-24 13:49:44,141 - app - DEBUG - !!!!!!!!!!!!!!!!!!!!!!!!!! Exiting Findtrend
2026-09-24 13:49:44,291 - app - DEBUG - !!!!!!!!!! returned back from findtrend, Control flow in  /api/options at get_options_data
2026-09-24 13:49:44,291 - app - DEBUG - Type of calloption_data and putoption_data inside get_options_data
2026-09-24 13:49:44,292 - app - DEBUG - Call options properties inside /api/options
2026-09-24 13:49:44,293 - app - DEBUG - Call option columns: Index(['date_entry', 'strike_price', 'call_writer_oi', 'call_wri_oi_prev',
       'call_volume', 'call_ltp', 'expiry_date', 'nifty_spot_price'],
      dtype='object')
2026-09-24 13:49:44,473 - app - DEBUG - Conversion to list of dictionaries done
2026-09-24 13:49:44,628 - app - DEBUG - Conversion to list of dictionaries done
2026-09-24 13:49:44,628 - app - DEBUG - call_options_list length: 3339
2026-09-24 13:49:44,628 - app - DEBUG - put_options_list length: 3339
2026-09-24 13:49:44,698 - werkzeug - INFO - 127.0.0.1 - - [24/Sep/2026 13:49:44] "GET /api/options HTTP/1.1" 200 -
2026-09-24 13:51:00,553 - root - INFO - Future Instrument Price: 23112.3
2026-09-24 13:51:00,554 - root - INFO - Current India VIX: 12.58
2026-09-24 13:51:00,559 - app - INFO - IVIX: 12.58, Nifty50: 23099.65, Nifty Futures: 23112.3
2026-09-24 13:51:00,576 - app - INFO - India VIX completed
2026-09-24 13:51:00,933 - app - INFO - Nifty OHLC completed
2026-09-24 13:51:01,601 - root - INFO - Bank Nifty top 5 Upstox Service Completed
2026-09-24 13:51:01,636 - app - INFO - Bank Top 5 completed
2026-09-24 13:51:02,431 - root - INFO - Nifty 50 top 10 Upstox Service Completed
2026-09-24 13:51:02,437 - app - INFO - Structure of modified niftytop_data: <class 'list'>, [{'symbol': 'HDFC Bank Ltd.', 'ltp': 729}, {'symbol': 'Reliance Industries.', 'ltp': 1225}, {'symbol': 'ICICI Bank Ltd.', 'ltp': 1334}, {'symbol': 'Infosys Ltd.', 'ltp': 1009}, {'symbol': 'ITC Ltd.', 'ltp': 268}, {'symbol': 'Tata TCS', 'ltp': 2079}, {'symbol': 'L&T  Ltd.', 'ltp': 3867}, {'symbol': 'Axis Bank Ltd.', 'ltp': 1182}, {'symbol': 'SBI Bank', 'ltp': 980}, {'symbol': 'Bharti Airtel Ltd.', 'ltp': 1802}]
2026-09-24 13:51:02,485 - app - INFO - Nifty Top 10 completed
2026-09-24 13:51:03,134 - root - INFO - Midcap Upstox Service Completed
2026-09-24 13:51:03,173 - app - INFO - Midcap Top 5 completed
2026-09-24 13:51:03,173 - app - DEBUG - Inside premiumstudy with expiry date = 2026-09-29
2026-09-24 13:51:03,644 - app - INFO - Total Call premium 42269
2026-09-24 13:51:03,645 - app - INFO - Total Put Premium 120076
2026-09-24 13:51:03,649 - app - INFO - Lower Apex: 22100
2026-09-24 13:51:03,650 - app - INFO - Upper Apex: 24100
2026-09-24 13:51:03,652 - app - DEBUG - Stage1:Dataframe filtered for strike price multiples of 100 and within the apex range
2026-09-24 13:51:03,653 - app - DEBUG - Samples_Total Call LTP: 6411
2026-09-24 13:51:03,653 - app - DEBUG - Samples_Total Put LTP: 6015
2026-09-24 13:51:03,659 - app - INFO - Premium study completed
2026-09-24 13:51:04,263 - root - INFO - Main Indices Fetched Successfully
2026-09-24 13:51:04,292 - app - INFO - Main Index completed
2026-09-24 13:51:04,717 - app - DEBUG - Inside Few Strikes Dataframe                                                      0
0    {'call_options': {'instrument_key': 'NSE_FO|65...
1    {'call_options': {'instrument_key': 'NSE_FO|55...
2    {'call_options': {'instrument_key': 'NSE_FO|65...
3    {'call_options': {'instrument_key': 'NSE_FO|55...
4    {'call_options': {'instrument_key': 'NSE_FO|65...
..                                                 ...
123  {'call_options': {'instrument_key': 'NSE_FO|55...
124  {'call_options': {'instrument_key': 'NSE_FO|65...
125  {'call_options': {'instrument_key': 'NSE_FO|55...
126  {'call_options': {'instrument_key': 'NSE_FO|65...
127  {'call_options': {'instrument_key': 'NSE_FO|55...

[128 rows x 1 columns]
2026-09-24 13:51:04,717 - app - DEBUG - Type of opt_df <class 'pandas.core.frame.DataFrame'>
2026-09-24 13:51:04,718 - app - DEBUG - Print columns of opt_df RangeIndex(start=0, stop=1, step=1)
2026-09-24 13:51:04,722 - app - DEBUG - !!!!!!!!!!!!!!!!!!!!!!!!!!
2026-09-24 13:51:04,722 - app - DEBUG - sup04=22700 sup03=22800 sup02=22900 sup01=23000 roundsp=23100 res01=23200 res02=23300 res03=23400 res04=23500
2026-09-24 13:51:04,722 - app - INFO - Sorted strike Levels: [22700, 22800, 22900, 23000, 23100, 23200, 23300, 23400, 23500]
2026-09-24 13:51:04,723 - app - DEBUG - End of Few Strikes Dataframe
2026-09-24 13:51:04,756 - app - DEBUG - Filtered DataFrame with Relevant Data:
    strike_price     call_oi      put_oi  call_volume  put_volume  call_ltp  put_ltp
32       22700.0     61035.0   3857815.0       238745    30530045    447.20    30.85
34       22800.0    354380.0   7045740.0       679380    42393585    361.00    43.60
36       22900.0    402805.0   4515485.0      1420835    41110680    280.10    63.05
38       23000.0   3407235.0  10883705.0     14156415    97321770    207.90    90.95
40       23100.0   4701710.0   5618405.0     28236130    87130030    147.30   129.75
42       23200.0  14985555.0   8656180.0    112380125   180307530     98.80   181.15
44       23300.0  13846560.0   6800365.0    100750780    92737190     62.00   244.35
46       23400.0  13355485.0   4919265.0     69417920    39786370     37.65   318.90
48       23500.0  13580450.0   5811130.0     57104320    16690310     22.50   403.50
2026-09-24 13:51:04,757 - app - DEBUG - End of Few Strikes Dataframe
2026-09-24 13:51:04,765 - app - INFO - Appended to covering.json
2026-09-24 13:51:05,266 - app - INFO - Processed PCR data and saved to JSON file
2026-09-24 13:51:05,266 - app - INFO - PCR calculation completed
2026-09-24 13:51:05,739 - app - INFO - Processed PCR data and saved to JSON file
2026-09-24 13:51:05,739 - app - INFO - PCR calculation completed
2026-09-24 13:51:06,138 - app - INFO - Processed PCR data and saved to JSON file
2026-09-24 13:51:06,139 - app - INFO - PCR calculation completed
2026-09-24 13:51:06,563 - root - DEBUG - Raw response for FUTURESSSSS NSE_FO|68407: {'data': {'NSE_FO:NIFTY26SEPFUT': {'average_price': 23220.0,
                                   'depth': {'buy': [{'orders': 2,
                                                      'price': 23110.0,
                                                      'quantity': 130},
                                                     {'orders': 1,
                                                      'price': 23109.0,
                                                      'quantity': 65},
                                                     {'orders': 2,
                                                      'price': 23108.6,
                                                      'quantity': 130},
                                                     {'orders': 12,
                                                      'price': 23108.5,
                                                      'quantity': 845},
                                                     {'orders': 4,
                                                      'price': 23108.4,
                                                      'quantity': 325}],
                                             'sell': [{'orders': 1,
                                                       'price': 23111.1,
                                                       'quantity': 65},
                                                      {'orders': 1,
                                                       'price': 23111.9,
                                                       'quantity': 65},
                                                      {'orders': 1,
                                                       'price': 23112.3,
                                                       'quantity': 65},
                                                      {'orders': 2,
                                                       'price': 23118.0,
                                                       'quantity': 130},
                                                      {'orders': 1,
                                                       'price': 23119.8,
                                                       'quantity': 520}]},
                                   'instrument_token': 'NSE_FO|68407',
                                   'last_price': 23110.0,
                                   'last_trade_time': '1790238065875',
                                   'lower_circuit_limit': 21104.9,
                                   'net_change': -339.8,
                                   'ohlc': {'close': 23110.0,
                                            'high': 23319.8,
                                            'low': 23086.1,
                                            'open': 23288.0},
                                   'oi': 15492815.0,
                                   'oi_day_high': 15667795.0,
                                   'oi_day_low': 15467790.0,
                                   'symbol': 'NIFTY26SEPFUT',
                                   'timestamp': '2026-09-24T13:51:06.289+05:30',
                                   'total_buy_quantity': 100035.0,
                                   'total_sell_quantity': 239265.0,
                                   'upper_circuit_limit': 25794.7,
                                   'volume': 3177655}},
 'status': 'success'}
2026-09-24 13:51:06,570 - app - INFO - Found Nifty Futures/SYmbols details 
2026-09-24 13:51:06,589 - schedule - DEBUG - Cancelling job "Job(interval=1, unit=days, do=job, args=(), kwargs={'access_token': 'eyJ0eXAiOiJKV1QiLCJrZXlfaWQiOiJza192MS4wIiwiYWxnIjoiSFMyNTYifQ.eyJzdWIiOiIyVUNSUkgiLCJqdGkiOiI2YWI0OWQ0MzY1ZTM1NjMyMThiODI0ODMiLCJpc011bHRpQ2xpZW50IjpmYWxzZSwiaXNQbHVzUGxhbiI6ZmFsc2UsImlhdCI6MTc5MDIyMTYzNSwiaXNzIjoidWRhcGktZ2F0ZXdheS1zZXJ2aWNlIiwiZXhwIjoxNzkwMjg3MjAwfQ.gPkX8RE9_PZjth3xrqq8UJ3F8wuVz2JXH66QIBo4uhY'})"
2026-09-24 13:52:28,042 - werkzeug - INFO - 127.0.0.1 - - [24/Sep/2026 13:52:28] "GET /api/trend HTTP/1.1" 200 -
2026-09-24 13:56:01,239 - root - INFO - Future Instrument Price: 23092.8
2026-09-24 13:56:01,240 - root - INFO - Current India VIX: 12.83
2026-09-24 13:56:01,247 - app - INFO - IVIX: 12.83, Nifty50: 23077.75, Nifty Futures: 23092.8
2026-09-24 13:56:01,282 - app - INFO - India VIX completed
2026-09-24 13:56:01,623 - app - INFO - Nifty OHLC completed
2026-09-24 13:56:02,217 - root - INFO - Bank Nifty top 5 Upstox Service Completed
2026-09-24 13:56:02,252 - app - INFO - Bank Top 5 completed
2026-09-24 13:56:02,996 - root - INFO - Nifty 50 top 10 Upstox Service Completed
2026-09-24 13:56:03,004 - app - INFO - Structure of modified niftytop_data: <class 'list'>, [{'symbol': 'HDFC Bank Ltd.', 'ltp': 728}, {'symbol': 'Reliance Industries.', 'ltp': 1224}, {'symbol': 'ICICI Bank Ltd.', 'ltp': 1333}, {'symbol': 'Infosys Ltd.', 'ltp': 1008}, {'symbol': 'ITC Ltd.', 'ltp': 268}, {'symbol': 'Tata TCS', 'ltp': 2076}, {'symbol': 'L&T  Ltd.', 'ltp': 3862}, {'symbol': 'Axis Bank Ltd.', 'ltp': 1181}, {'symbol': 'SBI Bank', 'ltp': 979}, {'symbol': 'Bharti Airtel Ltd.', 'ltp': 1801}]
2026-09-24 13:56:03,068 - app - INFO - Nifty Top 10 completed
2026-09-24 13:56:03,678 - root - INFO - Midcap Upstox Service Completed
2026-09-24 13:56:03,732 - app - INFO - Midcap Top 5 completed
2026-09-24 13:56:03,734 - app - DEBUG - Inside premiumstudy with expiry date = 2026-09-29
2026-09-24 13:56:04,114 - app - INFO - Total Call premium 41836
2026-09-24 13:56:04,115 - app - INFO - Total Put Premium 120949
2026-09-24 13:56:04,121 - app - INFO - Lower Apex: 22100
2026-09-24 13:56:04,121 - app - INFO - Upper Apex: 24100
2026-09-24 13:56:04,126 - app - DEBUG - Stage1:Dataframe filtered for strike price multiples of 100 and within the apex range
2026-09-24 13:56:04,128 - app - DEBUG - Samples_Total Call LTP: 6310
2026-09-24 13:56:04,128 - app - DEBUG - Samples_Total Put LTP: 6268
2026-09-24 13:56:04,145 - app - INFO - Premium study completed
2026-09-24 13:56:04,749 - root - INFO - Main Indices Fetched Successfully
2026-09-24 13:56:04,795 - app - INFO - Main Index completed
2026-09-24 13:56:05,233 - app - DEBUG - Inside Few Strikes Dataframe                                                      0
0    {'call_options': {'instrument_key': 'NSE_FO|65...
1    {'call_options': {'instrument_key': 'NSE_FO|55...
2    {'call_options': {'instrument_key': 'NSE_FO|65...
3    {'call_options': {'instrument_key': 'NSE_FO|55...
4    {'call_options': {'instrument_key': 'NSE_FO|65...
..                                                 ...
123  {'call_options': {'instrument_key': 'NSE_FO|55...
124  {'call_options': {'instrument_key': 'NSE_FO|65...
125  {'call_options': {'instrument_key': 'NSE_FO|55...
126  {'call_options': {'instrument_key': 'NSE_FO|65...
127  {'call_options': {'instrument_key': 'NSE_FO|55...

[128 rows x 1 columns]
2026-09-24 13:56:05,234 - app - DEBUG - Type of opt_df <class 'pandas.core.frame.DataFrame'>
2026-09-24 13:56:05,234 - app - DEBUG - Print columns of opt_df RangeIndex(start=0, stop=1, step=1)
2026-09-24 13:56:05,238 - app - DEBUG - !!!!!!!!!!!!!!!!!!!!!!!!!!
2026-09-24 13:56:05,238 - app - DEBUG - sup04=22700 sup03=22800 sup02=22900 sup01=23000 roundsp=23100 res01=23200 res02=23300 res03=23400 res04=23500
2026-09-24 13:56:05,238 - app - INFO - Sorted strike Levels: [22700, 22800, 22900, 23000, 23100, 23200, 23300, 23400, 23500]
2026-09-24 13:56:05,239 - app - DEBUG - End of Few Strikes Dataframe
2026-09-24 13:56:05,284 - app - DEBUG - Filtered DataFrame with Relevant Data:
    strike_price     call_oi      put_oi  call_volume  put_volume  call_ltp  put_ltp
32       22700.0     69550.0   3844360.0       253240    31792215    433.05    35.70
34       22800.0    377195.0   6992180.0       736450    44304845    347.15    50.00
36       22900.0    435240.0   4573985.0      1550250    43111120    269.30    71.25
38       23000.0   3479385.0  10798685.0     15109575   101851360    199.75   101.90
40       23100.0   5138185.0   5991375.0     30506060    91405015    140.30   143.35
42       23200.0  15121015.0   8182460.0    115215620   182945165     94.40   196.25
44       23300.0  14061840.0   6786845.0    103059840    93435810     59.90   261.15
46       23400.0  13332735.0   4816695.0     71440395    40064700     37.20   337.40
48       23500.0  13563745.0   5840250.0     58717685    16887325     22.90   422.90
2026-09-24 13:56:05,285 - app - DEBUG - End of Few Strikes Dataframe
2026-09-24 13:56:05,293 - app - INFO - Appended to covering.json
2026-09-24 13:56:05,711 - app - INFO - Processed PCR data and saved to JSON file
2026-09-24 13:56:05,711 - app - INFO - PCR calculation completed
2026-09-24 13:56:06,285 - app - INFO - Processed PCR data and saved to JSON file
2026-09-24 13:56:06,285 - app - INFO - PCR calculation completed
2026-09-24 13:56:06,775 - app - INFO - Processed PCR data and saved to JSON file
2026-09-24 13:56:06,775 - app - INFO - PCR calculation completed
2026-09-24 13:56:07,246 - root - DEBUG - Raw response for FUTURESSSSS NSE_FO|68407: {'data': {'NSE_FO:NIFTY26SEPFUT': {'average_price': 23217.19,
                                   'depth': {'buy': [{'orders': 1,
                                                      'price': 23089.7,
                                                      'quantity': 65},
                                                     {'orders': 2,
                                                      'price': 23089.6,
                                                      'quantity': 325},
                                                     {'orders': 3,
                                                      'price': 23089.5,
                                                      'quantity': 195},
                                                     {'orders': 7,
                                                      'price': 23089.4,
                                                      'quantity': 455},
                                                     {'orders': 10,
                                                      'price': 23089.3,
                                                      'quantity': 910}],
                                             'sell': [{'orders': 1,
                                                       'price': 23097.8,
                                                       'quantity': 195},
                                                      {'orders': 1,
                                                       'price': 23097.9,
                                                       'quantity': 65},
                                                      {'orders': 8,
                                                       'price': 23100.0,
                                                       'quantity': 1105},
                                                      {'orders': 1,
                                                       'price': 23100.1,
                                                       'quantity': 65},
                                                      {'orders': 1,
                                                       'price': 23103.3,
                                                       'quantity': 260}]},
                                   'instrument_token': 'NSE_FO|68407',
                                   'last_price': 23097.7,
                                   'last_trade_time': '1790238365666',
                                   'lower_circuit_limit': 21104.9,
                                   'net_change': -352.1,
                                   'ohlc': {'close': 23097.7,
                                            'high': 23319.8,
                                            'low': 23080.0,
                                            'open': 23288.0},
                                   'oi': 15496390.0,
                                   'oi_day_high': 15667795.0,
                                   'oi_day_low': 15467790.0,
                                   'symbol': 'NIFTY26SEPFUT',
                                   'timestamp': '2026-09-24T13:56:06.97+05:30',
                                   'total_buy_quantity': 109850.0,
                                   'total_sell_quantity': 249535.0,
                                   'upper_circuit_limit': 25794.7,
                                   'volume': 3251950}},
 'status': 'success'}
2026-09-24 13:56:07,253 - app - INFO - Found Nifty Futures/SYmbols details 
2026-09-24 13:56:07,268 - schedule - DEBUG - Cancelling job "Job(interval=1, unit=days, do=job, args=(), kwargs={'access_token': 'eyJ0eXAiOiJKV1QiLCJrZXlfaWQiOiJza192MS4wIiwiYWxnIjoiSFMyNTYifQ.eyJzdWIiOiIyVUNSUkgiLCJqdGkiOiI2YWI0OWQ0MzY1ZTM1NjMyMThiODI0ODMiLCJpc011bHRpQ2xpZW50IjpmYWxzZSwiaXNQbHVzUGxhbiI6ZmFsc2UsImlhdCI6MTc5MDIyMTYzNSwiaXNzIjoidWRhcGktZ2F0ZXdheS1zZXJ2aWNlIiwiZXhwIjoxNzkwMjg3MjAwfQ.gPkX8RE9_PZjth3xrqq8UJ3F8wuVz2JXH66QIBo4uhY'})"
2026-09-24 13:57:31,277 - werkzeug - INFO - 127.0.0.1 - - [24/Sep/2026 13:57:31] "GET /api/trend HTTP/1.1" 200 -
2026-09-24 14:00:17,872 - werkzeug - INFO - 127.0.0.1 - - [24/Sep/2026 14:00:17] "GET /api/futures HTTP/1.1" 200 -
2026-09-24 14:00:17,876 - werkzeug - INFO - 127.0.0.1 - - [24/Sep/2026 14:00:17] "GET /api/trend HTTP/1.1" 200 -
2026-09-24 14:00:17,938 - werkzeug - INFO - 127.0.0.1 - - [24/Sep/2026 14:00:17] "GET /api/trend HTTP/1.1" 200 -
2026-09-24 14:00:17,946 - werkzeug - INFO - 127.0.0.1 - - [24/Sep/2026 14:00:17] "GET /api/futures HTTP/1.1" 200 -
2026-09-24 14:00:22,967 - werkzeug - INFO - 127.0.0.1 - - [24/Sep/2026 14:00:22] "GET /api/futures HTTP/1.1" 200 -
2026-09-24 14:00:23,279 - werkzeug - INFO - 127.0.0.1 - - [24/Sep/2026 14:00:23] "GET /api/trend HTTP/1.1" 200 -
2026-09-24 14:00:23,837 - werkzeug - INFO - 127.0.0.1 - - [24/Sep/2026 14:00:23] "GET /api/futures HTTP/1.1" 200 -
2026-09-24 14:00:23,844 - werkzeug - INFO - 127.0.0.1 - - [24/Sep/2026 14:00:23] "GET /api/trend HTTP/1.1" 200 -
2026-09-24 14:01:00,876 - root - INFO - Future Instrument Price: 23088.2
2026-09-24 14:01:00,876 - root - INFO - Current India VIX: 12.93
2026-09-24 14:01:00,880 - app - INFO - IVIX: 12.93, Nifty50: 23072.6, Nifty Futures: 23088.2
2026-09-24 14:01:00,905 - app - INFO - India VIX completed
2026-09-24 14:01:01,202 - app - INFO - Nifty OHLC completed
2026-09-24 14:01:01,831 - root - INFO - Bank Nifty top 5 Upstox Service Completed
2026-09-24 14:01:01,869 - app - INFO - Bank Top 5 completed
2026-09-24 14:01:02,682 - root - INFO - Nifty 50 top 10 Upstox Service Completed
2026-09-24 14:01:02,689 - app - INFO - Structure of modified niftytop_data: <class 'list'>, [{'symbol': 'HDFC Bank Ltd.', 'ltp': 728}, {'symbol': 'Reliance Industries.', 'ltp': 1224}, {'symbol': 'ICICI Bank Ltd.', 'ltp': 1333}, {'symbol': 'Infosys Ltd.', 'ltp': 1007}, {'symbol': 'ITC Ltd.', 'ltp': 267}, {'symbol': 'Tata TCS', 'ltp': 2076}, {'symbol': 'L&T  Ltd.', 'ltp': 3856}, {'symbol': 'Axis Bank Ltd.', 'ltp': 1179}, {'symbol': 'SBI Bank', 'ltp': 980}, {'symbol': 'Bharti Airtel Ltd.', 'ltp': 1800}]
2026-09-24 14:01:02,725 - app - INFO - Nifty Top 10 completed
2026-09-24 14:01:03,377 - root - INFO - Midcap Upstox Service Completed
2026-09-24 14:01:03,401 - app - INFO - Midcap Top 5 completed
2026-09-24 14:01:03,402 - app - DEBUG - Inside premiumstudy with expiry date = 2026-09-29
2026-09-24 14:01:03,827 - app - INFO - Total Call premium 41534
2026-09-24 14:01:03,827 - app - INFO - Total Put Premium 121574
2026-09-24 14:01:03,830 - app - INFO - Lower Apex: 22100
2026-09-24 14:01:03,830 - app - INFO - Upper Apex: 24100
2026-09-24 14:01:03,831 - app - DEBUG - Stage1:Dataframe filtered for strike price multiples of 100 and within the apex range
2026-09-24 14:01:03,831 - app - DEBUG - Samples_Total Call LTP: 6165
2026-09-24 14:01:03,831 - app - DEBUG - Samples_Total Put LTP: 6408
2026-09-24 14:01:03,836 - app - INFO - Premium study completed
2026-09-24 14:01:04,514 - root - INFO - Main Indices Fetched Successfully
2026-09-24 14:01:04,632 - app - INFO - Main Index completed
2026-09-24 14:01:05,043 - app - DEBUG - Inside Few Strikes Dataframe                                                      0
0    {'call_options': {'instrument_key': 'NSE_FO|65...
1    {'call_options': {'instrument_key': 'NSE_FO|55...
2    {'call_options': {'instrument_key': 'NSE_FO|65...
3    {'call_options': {'instrument_key': 'NSE_FO|55...
4    {'call_options': {'instrument_key': 'NSE_FO|65...
..                                                 ...
123  {'call_options': {'instrument_key': 'NSE_FO|55...
124  {'call_options': {'instrument_key': 'NSE_FO|65...
125  {'call_options': {'instrument_key': 'NSE_FO|55...
126  {'call_options': {'instrument_key': 'NSE_FO|65...
127  {'call_options': {'instrument_key': 'NSE_FO|55...

[128 rows x 1 columns]
2026-09-24 14:01:05,043 - app - DEBUG - Type of opt_df <class 'pandas.core.frame.DataFrame'>
2026-09-24 14:01:05,044 - app - DEBUG - Print columns of opt_df RangeIndex(start=0, stop=1, step=1)
2026-09-24 14:01:05,047 - app - DEBUG - !!!!!!!!!!!!!!!!!!!!!!!!!!
2026-09-24 14:01:05,047 - app - DEBUG - sup04=22700 sup03=22800 sup02=22900 sup01=23000 roundsp=23100 res01=23200 res02=23300 res03=23400 res04=23500
2026-09-24 14:01:05,047 - app - INFO - Sorted strike Levels: [22700, 22800, 22900, 23000, 23100, 23200, 23300, 23400, 23500]
2026-09-24 14:01:05,048 - app - DEBUG - End of Few Strikes Dataframe
2026-09-24 14:01:05,059 - app - DEBUG - Filtered DataFrame with Relevant Data:
    strike_price     call_oi      put_oi  call_volume  put_volume  call_ltp  put_ltp
32       22700.0     74425.0   3830060.0       274430    33361900    425.90    37.85
34       22800.0    406835.0   7270055.0       824655    47143330    341.30    53.05
36       22900.0    488410.0   4523480.0      1734200    45491225    263.85    75.80
38       23000.0   3789760.0  10598630.0     16905655   107039725    195.85   108.00
40       23100.0   5802095.0   5928130.0     33393035    96016050    138.40   150.35
42       23200.0  15522130.0   7709780.0    119847455   185743610     93.40   204.85
44       23300.0  13821405.0   6702085.0    106608515    94262285     60.25   271.30
46       23400.0  13064870.0   4788030.0     73025030    40389700     37.60   347.80
48       23500.0  13343070.0   5856435.0     60459035    17092855     23.35   433.70
2026-09-24 14:01:05,059 - app - DEBUG - End of Few Strikes Dataframe
2026-09-24 14:01:05,110 - app - INFO - Appended to covering.json
2026-09-24 14:01:05,531 - app - INFO - Processed PCR data and saved to JSON file
2026-09-24 14:01:05,531 - app - INFO - PCR calculation completed
2026-09-24 14:01:06,368 - app - INFO - Processed PCR data and saved to JSON file
2026-09-24 14:01:06,368 - app - INFO - PCR calculation completed
2026-09-24 14:01:07,909 - app - INFO - Processed PCR data and saved to JSON file
2026-09-24 14:01:07,909 - app - INFO - PCR calculation completed
2026-09-24 14:01:09,126 - root - DEBUG - Raw response for FUTURESSSSS NSE_FO|68407: {'data': {'NSE_FO:NIFTY26SEPFUT': {'average_price': 23213.66,
                                   'depth': {'buy': [{'orders': 1,
                                                      'price': 23085.0,
                                                      'quantity': 65},
                                                     {'orders': 2,
                                                      'price': 23084.0,
                                                      'quantity': 650},
                                                     {'orders': 1,
                                                      'price': 23083.4,
                                                      'quantity': 65},
                                                     {'orders': 1,
                                                      'price': 23083.1,
                                                      'quantity': 130},
                                                     {'orders': 1,
                                                      'price': 23083.0,
                                                      'quantity': 975}],
                                             'sell': [{'orders': 1,
                                                       'price': 23088.1,
                                                       'quantity': 260},
                                                      {'orders': 2,
                                                       'price': 23088.2,
                                                       'quantity': 325},
                                                      {'orders': 1,
                                                       'price': 23088.6,
                                                       'quantity': 65},
                                                      {'orders': 2,
                                                       'price': 23090.0,
                                                       'quantity': 260},
                                                      {'orders': 2,
                                                       'price': 23092.0,
                                                       'quantity': 325}]},
                                   'instrument_token': 'NSE_FO|68407',
                                   'last_price': 23087.3,
                                   'last_trade_time': '1790238666079',
                                   'lower_circuit_limit': 21104.9,
                                   'net_change': -362.5,
                                   'ohlc': {'close': 23087.3,
                                            'high': 23319.8,
                                            'low': 23056.0,
                                            'open': 23288.0},
                                   'oi': 15502175.0,
                                   'oi_day_high': 15667795.0,
                                   'oi_day_low': 15467790.0,
                                   'symbol': 'NIFTY26SEPFUT',
                                   'timestamp': '2026-09-24T14:01:08.85+05:30',
                                   'total_buy_quantity': 116220.0,
                                   'total_sell_quantity': 250250.0,
                                   'upper_circuit_limit': 25794.7,
                                   'volume': 3334760}},
 'status': 'success'}
2026-09-24 14:01:09,131 - app - INFO - Found Nifty Futures/SYmbols details 
2026-09-24 14:01:09,818 - schedule - DEBUG - Cancelling job "Job(interval=1, unit=days, do=job, args=(), kwargs={'access_token': 'eyJ0eXAiOiJKV1QiLCJrZXlfaWQiOiJza192MS4wIiwiYWxnIjoiSFMyNTYifQ.eyJzdWIiOiIyVUNSUkgiLCJqdGkiOiI2YWI0OWQ0MzY1ZTM1NjMyMThiODI0ODMiLCJpc011bHRpQ2xpZW50IjpmYWxzZSwiaXNQbHVzUGxhbiI6ZmFsc2UsImlhdCI6MTc5MDIyMTYzNSwiaXNzIjoidWRhcGktZ2F0ZXdheS1zZXJ2aWNlIiwiZXhwIjoxNzkwMjg3MjAwfQ.gPkX8RE9_PZjth3xrqq8UJ3F8wuVz2JXH66QIBo4uhY'})"
2026-09-24 14:06:01,568 - root - INFO - Future Instrument Price: 23089.3
2026-09-24 14:06:01,568 - root - INFO - Current India VIX: 12.87
2026-09-24 14:06:01,572 - app - INFO - IVIX: 12.87, Nifty50: 23068.3, Nifty Futures: 23089.3
2026-09-24 14:06:01,596 - app - INFO - India VIX completed
2026-09-24 14:06:02,024 - app - INFO - Nifty OHLC completed
2026-09-24 14:06:02,743 - root - INFO - Bank Nifty top 5 Upstox Service Completed
2026-09-24 14:06:02,785 - app - INFO - Bank Top 5 completed
2026-09-24 14:06:03,632 - root - INFO - Nifty 50 top 10 Upstox Service Completed
2026-09-24 14:06:03,638 - app - INFO - Structure of modified niftytop_data: <class 'list'>, [{'symbol': 'HDFC Bank Ltd.', 'ltp': 728}, {'symbol': 'Reliance Industries.', 'ltp': 1224}, {'symbol': 'ICICI Bank Ltd.', 'ltp': 1334}, {'symbol': 'Infosys Ltd.', 'ltp': 1008}, {'symbol': 'ITC Ltd.', 'ltp': 267}, {'symbol': 'Tata TCS', 'ltp': 2075}, {'symbol': 'L&T  Ltd.', 'ltp': 3850}, {'symbol': 'Axis Bank Ltd.', 'ltp': 1178}, {'symbol': 'SBI Bank', 'ltp': 980}, {'symbol': 'Bharti Airtel Ltd.', 'ltp': 1799}]
2026-09-24 14:06:03,653 - app - INFO - Nifty Top 10 completed
2026-09-24 14:06:04,316 - root - INFO - Midcap Upstox Service Completed
2026-09-24 14:06:04,361 - app - INFO - Midcap Top 5 completed
2026-09-24 14:06:04,363 - app - DEBUG - Inside premiumstudy with expiry date = 2026-09-29
2026-09-24 14:06:04,929 - app - INFO - Total Call premium 41108
2026-09-24 14:06:04,929 - app - INFO - Total Put Premium 121421
2026-09-24 14:06:04,934 - app - INFO - Lower Apex: 22100
2026-09-24 14:06:04,935 - app - INFO - Upper Apex: 24100
2026-09-24 14:06:04,937 - app - DEBUG - Stage1:Dataframe filtered for strike price multiples of 100 and within the apex range
2026-09-24 14:06:04,938 - app - DEBUG - Samples_Total Call LTP: 6165
2026-09-24 14:06:04,938 - app - DEBUG - Samples_Total Put LTP: 6328
2026-09-24 14:06:04,943 - app - INFO - Premium study completed
2026-09-24 14:06:05,683 - root - INFO - Main Indices Fetched Successfully
2026-09-24 14:06:05,710 - app - INFO - Main Index completed
2026-09-24 14:06:06,116 - app - DEBUG - Inside Few Strikes Dataframe                                                      0
0    {'call_options': {'instrument_key': 'NSE_FO|65...
1    {'call_options': {'instrument_key': 'NSE_FO|55...
2    {'call_options': {'instrument_key': 'NSE_FO|65...
3    {'call_options': {'instrument_key': 'NSE_FO|55...
4    {'call_options': {'instrument_key': 'NSE_FO|65...
..                                                 ...
123  {'call_options': {'instrument_key': 'NSE_FO|55...
124  {'call_options': {'instrument_key': 'NSE_FO|65...
125  {'call_options': {'instrument_key': 'NSE_FO|55...
126  {'call_options': {'instrument_key': 'NSE_FO|65...
127  {'call_options': {'instrument_key': 'NSE_FO|55...

[128 rows x 1 columns]
2026-09-24 14:06:06,116 - app - DEBUG - Type of opt_df <class 'pandas.core.frame.DataFrame'>
2026-09-24 14:06:06,117 - app - DEBUG - Print columns of opt_df RangeIndex(start=0, stop=1, step=1)
2026-09-24 14:06:06,121 - app - DEBUG - !!!!!!!!!!!!!!!!!!!!!!!!!!
2026-09-24 14:06:06,122 - app - DEBUG - sup04=22700 sup03=22800 sup02=22900 sup01=23000 roundsp=23100 res01=23200 res02=23300 res03=23400 res04=23500
2026-09-24 14:06:06,122 - app - INFO - Sorted strike Levels: [22700, 22800, 22900, 23000, 23100, 23200, 23300, 23400, 23500]
2026-09-24 14:06:06,122 - app - DEBUG - End of Few Strikes Dataframe
2026-09-24 14:06:06,170 - app - DEBUG - Filtered DataFrame with Relevant Data:
    strike_price     call_oi      put_oi  call_volume  put_volume  call_ltp  put_ltp
32       22700.0     78390.0   3818945.0       292175    34438625    426.65    36.20
34       22800.0    405080.0   7315620.0       893880    48722700    342.55    51.25
36       22900.0    484315.0   4838730.0      1914835    47511555    265.75    72.95
38       23000.0   3699540.0  10899875.0     18151900   111430020    196.85   104.25
40       23100.0   6348680.0   6087315.0     36862020    99852610    138.80   147.00
42       23200.0  15656225.0   7574320.0    123051630   187660135     93.70   200.70
44       23300.0  13922935.0   6635200.0    108984395    95128345     59.90   267.00
46       23400.0  12948390.0   4692870.0     74571380    40855360     37.25   343.30
48       23500.0  13391690.0   5828290.0     61919390    17358770     23.00   429.75
2026-09-24 14:06:06,171 - app - DEBUG - End of Few Strikes Dataframe
2026-09-24 14:06:06,186 - app - INFO - Appended to covering.json
2026-09-24 14:06:06,592 - app - INFO - Processed PCR data and saved to JSON file
2026-09-24 14:06:06,592 - app - INFO - PCR calculation completed
2026-09-24 14:06:07,138 - app - INFO - Processed PCR data and saved to JSON file
2026-09-24 14:06:07,138 - app - INFO - PCR calculation completed
2026-09-24 14:06:07,639 - app - INFO - Processed PCR data and saved to JSON file
2026-09-24 14:06:07,640 - app - INFO - PCR calculation completed
2026-09-24 14:06:07,988 - root - DEBUG - Raw response for FUTURESSSSS NSE_FO|68407: {'data': {'NSE_FO:NIFTY26SEPFUT': {'average_price': 23210.87,
                                   'depth': {'buy': [{'orders': 1,
                                                      'price': 23084.7,
                                                      'quantity': 130},
                                                     {'orders': 2,
                                                      'price': 23084.5,
                                                      'quantity': 130},
                                                     {'orders': 2,
                                                      'price': 23084.4,
                                                      'quantity': 130},
                                                     {'orders': 5,
                                                      'price': 23084.2,
                                                      'quantity': 390},
                                                     {'orders': 7,
                                                      'price': 23084.1,
                                                      'quantity': 585}],
                                             'sell': [{'orders': 1,
                                                       'price': 23089.2,
                                                       'quantity': 195},
                                                      {'orders': 1,
                                                       'price': 23091.1,
                                                       'quantity': 65},
                                                      {'orders': 1,
                                                       'price': 23091.2,
                                                       'quantity': 650},
                                                      {'orders': 1,
                                                       'price': 23096.4,
                                                       'quantity': 325},
                                                      {'orders': 1,
                                                       'price': 23096.5,
                                                       'quantity': 260}]},
                                   'instrument_token': 'NSE_FO|68407',
                                   'last_price': 23091.2,
                                   'last_trade_time': '1790238966208',
                                   'lower_circuit_limit': 21104.9,
                                   'net_change': -358.6,
                                   'ohlc': {'close': 23091.2,
                                            'high': 23319.8,
                                            'low': 23056.0,
                                            'open': 23288.0},
                                   'oi': 15506790.0,
                                   'oi_day_high': 15667795.0,
                                   'oi_day_low': 15467790.0,
                                   'symbol': 'NIFTY26SEPFUT',
                                   'timestamp': '2026-09-24T14:06:07.711+05:30',
                                   'total_buy_quantity': 108420.0,
                                   'total_sell_quantity': 258570.0,
                                   'upper_circuit_limit': 25794.7,
                                   'volume': 3417180}},
 'status': 'success'}
2026-09-24 14:06:07,992 - app - INFO - Found Nifty Futures/SYmbols details 
2026-09-24 14:06:08,005 - schedule - DEBUG - Cancelling job "Job(interval=1, unit=days, do=job, args=(), kwargs={'access_token': 'eyJ0eXAiOiJKV1QiLCJrZXlfaWQiOiJza192MS4wIiwiYWxnIjoiSFMyNTYifQ.eyJzdWIiOiIyVUNSUkgiLCJqdGkiOiI2YWI0OWQ0MzY1ZTM1NjMyMThiODI0ODMiLCJpc011bHRpQ2xpZW50IjpmYWxzZSwiaXNQbHVzUGxhbiI6ZmFsc2UsImlhdCI6MTc5MDIyMTYzNSwiaXNzIjoidWRhcGktZ2F0ZXdheS1zZXJ2aWNlIiwiZXhwIjoxNzkwMjg3MjAwfQ.gPkX8RE9_PZjth3xrqq8UJ3F8wuVz2JXH66QIBo4uhY'})"
2026-09-24 14:09:43,608 - werkzeug - INFO - 127.0.0.1 - - [24/Sep/2026 14:09:43] "GET /api/trend HTTP/1.1" 200 -
2026-09-24 14:09:43,618 - werkzeug - INFO - 127.0.0.1 - - [24/Sep/2026 14:09:43] "GET /api/futures HTTP/1.1" 200 -
2026-09-24 14:11:00,783 - root - INFO - Future Instrument Price: 23091.5
2026-09-24 14:11:00,784 - root - INFO - Current India VIX: 12.78
2026-09-24 14:11:00,787 - app - INFO - IVIX: 12.78, Nifty50: 23073.2, Nifty Futures: 23091.5
2026-09-24 14:11:00,802 - app - INFO - India VIX completed
2026-09-24 14:11:01,149 - app - INFO - Nifty OHLC completed
2026-09-24 14:11:02,128 - root - INFO - Bank Nifty top 5 Upstox Service Completed
2026-09-24 14:11:02,166 - app - INFO - Bank Top 5 completed
2026-09-24 14:11:03,015 - root - INFO - Nifty 50 top 10 Upstox Service Completed
2026-09-24 14:11:03,019 - app - INFO - Structure of modified niftytop_data: <class 'list'>, [{'symbol': 'HDFC Bank Ltd.', 'ltp': 728}, {'symbol': 'Reliance Industries.', 'ltp': 1224}, {'symbol': 'ICICI Bank Ltd.', 'ltp': 1335}, {'symbol': 'Infosys Ltd.', 'ltp': 1008}, {'symbol': 'ITC Ltd.', 'ltp': 268}, {'symbol': 'Tata TCS', 'ltp': 2076}, {'symbol': 'L&T  Ltd.', 'ltp': 3852}, {'symbol': 'Axis Bank Ltd.', 'ltp': 1178}, {'symbol': 'SBI Bank', 'ltp': 979}, {'symbol': 'Bharti Airtel Ltd.', 'ltp': 1798}]
2026-09-24 14:11:03,060 - app - INFO - Nifty Top 10 completed
2026-09-24 14:11:03,805 - root - INFO - Midcap Upstox Service Completed
2026-09-24 14:11:03,854 - app - INFO - Midcap Top 5 completed
2026-09-24 14:11:03,855 - app - DEBUG - Inside premiumstudy with expiry date = 2026-09-29
2026-09-24 14:11:04,308 - app - INFO - Total Call premium 41116
2026-09-24 14:11:04,309 - app - INFO - Total Put Premium 121389
2026-09-24 14:11:04,314 - app - INFO - Lower Apex: 22100
2026-09-24 14:11:04,314 - app - INFO - Upper Apex: 24100
2026-09-24 14:11:04,319 - app - DEBUG - Stage1:Dataframe filtered for strike price multiples of 100 and within the apex range
2026-09-24 14:11:04,320 - app - DEBUG - Samples_Total Call LTP: 6158
2026-09-24 14:11:04,320 - app - DEBUG - Samples_Total Put LTP: 6286
2026-09-24 14:11:04,339 - app - INFO - Premium study completed
2026-09-24 14:11:05,096 - root - INFO - Main Indices Fetched Successfully
2026-09-24 14:11:05,121 - app - INFO - Main Index completed
2026-09-24 14:11:05,885 - app - DEBUG - Inside Few Strikes Dataframe                                                      0
0    {'call_options': {'instrument_key': 'NSE_FO|65...
1    {'call_options': {'instrument_key': 'NSE_FO|55...
2    {'call_options': {'instrument_key': 'NSE_FO|65...
3    {'call_options': {'instrument_key': 'NSE_FO|55...
4    {'call_options': {'instrument_key': 'NSE_FO|65...
..                                                 ...
123  {'call_options': {'instrument_key': 'NSE_FO|55...
124  {'call_options': {'instrument_key': 'NSE_FO|65...
125  {'call_options': {'instrument_key': 'NSE_FO|55...
126  {'call_options': {'instrument_key': 'NSE_FO|65...
127  {'call_options': {'instrument_key': 'NSE_FO|55...

[128 rows x 1 columns]
2026-09-24 14:11:05,886 - app - DEBUG - Type of opt_df <class 'pandas.core.frame.DataFrame'>
2026-09-24 14:11:05,887 - app - DEBUG - Print columns of opt_df RangeIndex(start=0, stop=1, step=1)
2026-09-24 14:11:05,890 - app - DEBUG - !!!!!!!!!!!!!!!!!!!!!!!!!!
2026-09-24 14:11:05,891 - app - DEBUG - sup04=22700 sup03=22800 sup02=22900 sup01=23000 roundsp=23100 res01=23200 res02=23300 res03=23400 res04=23500
2026-09-24 14:11:05,892 - app - INFO - Sorted strike Levels: [22700, 22800, 22900, 23000, 23100, 23200, 23300, 23400, 23500]
2026-09-24 14:11:05,892 - app - DEBUG - End of Few Strikes Dataframe
2026-09-24 14:11:05,914 - app - DEBUG - Filtered DataFrame with Relevant Data:
    strike_price     call_oi      put_oi  call_volume  put_volume  call_ltp  put_ltp
32       22700.0     79300.0   3954730.0       306150    35207965    428.60    35.80
34       22800.0    406315.0   6840990.0       944125    50867960    343.40    50.80
36       22900.0    506870.0   4874415.0      2014285    48401535    264.10    72.40
38       23000.0   3871530.0  11356760.0     18867940   113954815    195.45   103.25
40       23100.0   6584240.0   6123780.0     38658620   101722595    137.50   145.00
42       23200.0  15787330.0   7222800.0    124750080   188588595     91.55   198.00
44       23300.0  13977210.0   6620575.0    110225700    95541745     58.15   264.95
46       23400.0  12642955.0   4678895.0     75534290    41066220     35.40   340.90
48       23500.0  13273650.0   5835570.0     62827830    17526405     21.70   428.00
2026-09-24 14:11:05,915 - app - DEBUG - End of Few Strikes Dataframe
2026-09-24 14:11:05,918 - app - INFO - Appended to covering.json
2026-09-24 14:11:06,412 - app - INFO - Processed PCR data and saved to JSON file
2026-09-24 14:11:06,413 - app - INFO - PCR calculation completed
2026-09-24 14:11:07,035 - app - INFO - Processed PCR data and saved to JSON file
2026-09-24 14:11:07,035 - app - INFO - PCR calculation completed
2026-09-24 14:11:07,579 - app - INFO - Processed PCR data and saved to JSON file
2026-09-24 14:11:07,580 - app - INFO - PCR calculation completed
2026-09-24 14:11:08,133 - root - DEBUG - Raw response for FUTURESSSSS NSE_FO|68407: {'data': {'NSE_FO:NIFTY26SEPFUT': {'average_price': 23209.13,
                                   'depth': {'buy': [{'orders': 2,
                                                      'price': 23088.5,
                                                      'quantity': 1170},
                                                     {'orders': 1,
                                                      'price': 23088.4,
                                                      'quantity': 65},
                                                     {'orders': 1,
                                                      'price': 23088.0,
                                                      'quantity': 65},
                                                     {'orders': 1,
                                                      'price': 23087.5,
                                                      'quantity': 715},
                                                     {'orders': 1,
                                                      'price': 23087.4,
                                                      'quantity': 130}],
                                             'sell': [{'orders': 1,
                                                       'price': 23094.0,
                                                       'quantity': 1755},
                                                      {'orders': 1,
                                                       'price': 23097.9,
                                                       'quantity': 520},
                                                      {'orders': 1,
                                                       'price': 23098.0,
                                                       'quantity': 1300},
                                                      {'orders': 1,
                                                       'price': 23098.9,
                                                       'quantity': 520},
                                                      {'orders': 2,
                                                       'price': 23099.0,
                                                       'quantity': 130}]},
                                   'instrument_token': 'NSE_FO|68407',
                                   'last_price': 23089.9,
                                   'last_trade_time': '1790239264825',
                                   'lower_circuit_limit': 21104.9,
                                   'net_change': -359.9,
                                   'ohlc': {'close': 23089.9,
                                            'high': 23319.8,
                                            'low': 23056.0,
                                            'open': 23288.0},
                                   'oi': 15492880.0,
                                   'oi_day_high': 15667795.0,
                                   'oi_day_low': 15467790.0,
                                   'symbol': 'NIFTY26SEPFUT',
                                   'timestamp': '2026-09-24T14:11:07.846+05:30',
                                   'total_buy_quantity': 111930.0,
                                   'total_sell_quantity': 268775.0,
                                   'upper_circuit_limit': 25794.7,
                                   'volume': 3465670}},
 'status': 'success'}
2026-09-24 14:11:08,139 - app - INFO - Found Nifty Futures/SYmbols details 
2026-09-24 14:11:08,154 - schedule - DEBUG - Cancelling job "Job(interval=1, unit=days, do=job, args=(), kwargs={'access_token': 'eyJ0eXAiOiJKV1QiLCJrZXlfaWQiOiJza192MS4wIiwiYWxnIjoiSFMyNTYifQ.eyJzdWIiOiIyVUNSUkgiLCJqdGkiOiI2YWI0OWQ0MzY1ZTM1NjMyMThiODI0ODMiLCJpc011bHRpQ2xpZW50IjpmYWxzZSwiaXNQbHVzUGxhbiI6ZmFsc2UsImlhdCI6MTc5MDIyMTYzNSwiaXNzIjoidWRhcGktZ2F0ZXdheS1zZXJ2aWNlIiwiZXhwIjoxNzkwMjg3MjAwfQ.gPkX8RE9_PZjth3xrqq8UJ3F8wuVz2JXH66QIBo4uhY'})"
2026-09-24 14:16:00,818 - root - INFO - Future Instrument Price: 23090.0
2026-09-24 14:16:00,819 - root - INFO - Current India VIX: 12.82
2026-09-24 14:16:00,826 - app - INFO - IVIX: 12.82, Nifty50: 23075.75, Nifty Futures: 23090.0
2026-09-24 14:16:00,850 - app - INFO - India VIX completed
2026-09-24 14:16:01,332 - app - INFO - Nifty OHLC completed
2026-09-24 14:16:02,083 - root - INFO - Bank Nifty top 5 Upstox Service Completed
2026-09-24 14:16:02,109 - app - INFO - Bank Top 5 completed
2026-09-24 14:16:03,203 - root - INFO - Nifty 50 top 10 Upstox Service Completed
2026-09-24 14:16:03,212 - app - INFO - Structure of modified niftytop_data: <class 'list'>, [{'symbol': 'HDFC Bank Ltd.', 'ltp': 729}, {'symbol': 'Reliance Industries.', 'ltp': 1224}, {'symbol': 'ICICI Bank Ltd.', 'ltp': 1335}, {'symbol': 'Infosys Ltd.', 'ltp': 1008}, {'symbol': 'ITC Ltd.', 'ltp': 268}, {'symbol': 'Tata TCS', 'ltp': 2076}, {'symbol': 'L&T  Ltd.', 'ltp': 3858}, {'symbol': 'Axis Bank Ltd.', 'ltp': 1177}, {'symbol': 'SBI Bank', 'ltp': 979}, {'symbol': 'Bharti Airtel Ltd.', 'ltp': 1799}]
2026-09-24 14:16:03,271 - app - INFO - Nifty Top 10 completed
2026-09-24 14:16:03,913 - root - INFO - Midcap Upstox Service Completed
2026-09-24 14:16:04,076 - app - INFO - Midcap Top 5 completed
2026-09-24 14:16:04,078 - app - DEBUG - Inside premiumstudy with expiry date = 2026-09-29
2026-09-24 14:16:04,542 - app - INFO - Total Call premium 41154
2026-09-24 14:16:04,542 - app - INFO - Total Put Premium 121324
2026-09-24 14:16:04,543 - app - INFO - Lower Apex: 22100
2026-09-24 14:16:04,543 - app - INFO - Upper Apex: 24100
2026-09-24 14:16:04,544 - app - DEBUG - Stage1:Dataframe filtered for strike price multiples of 100 and within the apex range
2026-09-24 14:16:04,544 - app - DEBUG - Samples_Total Call LTP: 6179
2026-09-24 14:16:04,545 - app - DEBUG - Samples_Total Put LTP: 6257
2026-09-24 14:16:04,554 - app - INFO - Premium study completed
2026-09-24 14:16:05,375 - root - INFO - Main Indices Fetched Successfully
2026-09-24 14:16:05,419 - app - INFO - Main Index completed
2026-09-24 14:16:05,908 - app - DEBUG - Inside Few Strikes Dataframe                                                      0
0    {'call_options': {'instrument_key': 'NSE_FO|65...
1    {'call_options': {'instrument_key': 'NSE_FO|55...
2    {'call_options': {'instrument_key': 'NSE_FO|65...
3    {'call_options': {'instrument_key': 'NSE_FO|55...
4    {'call_options': {'instrument_key': 'NSE_FO|65...
..                                                 ...
123  {'call_options': {'instrument_key': 'NSE_FO|55...
124  {'call_options': {'instrument_key': 'NSE_FO|65...
125  {'call_options': {'instrument_key': 'NSE_FO|55...
126  {'call_options': {'instrument_key': 'NSE_FO|65...
127  {'call_options': {'instrument_key': 'NSE_FO|55...

[128 rows x 1 columns]
2026-09-24 14:16:05,909 - app - DEBUG - Type of opt_df <class 'pandas.core.frame.DataFrame'>
2026-09-24 14:16:05,910 - app - DEBUG - Print columns of opt_df RangeIndex(start=0, stop=1, step=1)
2026-09-24 14:16:05,917 - app - DEBUG - !!!!!!!!!!!!!!!!!!!!!!!!!!
2026-09-24 14:16:05,918 - app - DEBUG - sup04=22700 sup03=22800 sup02=22900 sup01=23000 roundsp=23100 res01=23200 res02=23300 res03=23400 res04=23500
2026-09-24 14:16:05,919 - app - INFO - Sorted strike Levels: [22700, 22800, 22900, 23000, 23100, 23200, 23300, 23400, 23500]
2026-09-24 14:16:05,919 - app - DEBUG - End of Few Strikes Dataframe
2026-09-24 14:16:05,958 - app - DEBUG - Filtered DataFrame with Relevant Data:
    strike_price     call_oi      put_oi  call_volume  put_volume  call_ltp  put_ltp
32       22700.0     81640.0   4040660.0       310895    35633130    432.85    34.95
34       22800.0    405795.0   6835400.0       974220    51549225    344.40    49.65
36       22900.0    508820.0   4979130.0      2058225    49272860    267.55    70.55
38       23000.0   3894345.0  11834640.0     19295835   116462905    198.25   101.20
40       23100.0   6835465.0   6240195.0     39969085   103045280    139.40   142.20
42       23200.0  15824705.0   7267000.0    125931585   189237035     92.65   194.80
44       23300.0  13966550.0   6512545.0    111153965    95826120     58.45   260.60
46       23400.0  12695670.0   4628780.0     76297065    41190435     35.55   336.35
48       23500.0  13422500.0   5819710.0     63472565    17592705     21.70   423.30
2026-09-24 14:16:05,959 - app - DEBUG - End of Few Strikes Dataframe
2026-09-24 14:16:05,972 - app - INFO - Appended to covering.json
2026-09-24 14:16:06,438 - app - INFO - Processed PCR data and saved to JSON file
2026-09-24 14:16:06,438 - app - INFO - PCR calculation completed
2026-09-24 14:16:07,805 - app - INFO - Processed PCR data and saved to JSON file
2026-09-24 14:16:07,805 - app - INFO - PCR calculation completed
2026-09-24 14:16:08,948 - app - INFO - Processed PCR data and saved to JSON file
2026-09-24 14:16:08,948 - app - INFO - PCR calculation completed
2026-09-24 14:16:09,667 - root - DEBUG - Raw response for FUTURESSSSS NSE_FO|68407: {'data': {'NSE_FO:NIFTY26SEPFUT': {'average_price': 23207.82,
                                   'depth': {'buy': [{'orders': 1,
                                                      'price': 23091.5,
                                                      'quantity': 390},
                                                     {'orders': 1,
                                                      'price': 23091.2,
                                                      'quantity': 65},
                                                     {'orders': 1,
                                                      'price': 23091.1,
                                                      'quantity': 65},
                                                     {'orders': 1,
                                                      'price': 23091.0,
                                                      'quantity': 65},
                                                     {'orders': 2,
                                                      'price': 23090.9,
                                                      'quantity': 130}],
                                             'sell': [{'orders': 1,
                                                       'price': 23096.0,
                                                       'quantity': 260},
                                                      {'orders': 1,
                                                       'price': 23099.0,
                                                       'quantity': 65},
                                                      {'orders': 1,
                                                       'price': 23100.0,
                                                       'quantity': 325},
                                                      {'orders': 1,
                                                       'price': 23103.4,
                                                       'quantity': 520},
                                                      {'orders': 1,
                                                       'price': 23103.5,
                                                       'quantity': 260}]},
                                   'instrument_token': 'NSE_FO|68407',
                                   'last_price': 23096.0,
                                   'last_trade_time': '1790239568821',
                                   'lower_circuit_limit': 21104.9,
                                   'net_change': -353.8,
                                   'ohlc': {'close': 23096.0,
                                            'high': 23319.8,
                                            'low': 23056.0,
                                            'open': 23288.0},
                                   'oi': 15485990.0,
                                   'oi_day_high': 15667795.0,
                                   'oi_day_low': 15467790.0,
                                   'symbol': 'NIFTY26SEPFUT',
                                   'timestamp': '2026-09-24T14:16:09.376+05:30',
                                   'total_buy_quantity': 117975.0,
                                   'total_sell_quantity': 260650.0,
                                   'upper_circuit_limit': 25794.7,
                                   'volume': 3505710}},
 'status': 'success'}
2026-09-24 14:16:09,673 - app - INFO - Found Nifty Futures/SYmbols details 
2026-09-24 14:16:09,807 - schedule - DEBUG - Cancelling job "Job(interval=1, unit=days, do=job, args=(), kwargs={'access_token': 'eyJ0eXAiOiJKV1QiLCJrZXlfaWQiOiJza192MS4wIiwiYWxnIjoiSFMyNTYifQ.eyJzdWIiOiIyVUNSUkgiLCJqdGkiOiI2YWI0OWQ0MzY1ZTM1NjMyMThiODI0ODMiLCJpc011bHRpQ2xpZW50IjpmYWxzZSwiaXNQbHVzUGxhbiI6ZmFsc2UsImlhdCI6MTc5MDIyMTYzNSwiaXNzIjoidWRhcGktZ2F0ZXdheS1zZXJ2aWNlIiwiZXhwIjoxNzkwMjg3MjAwfQ.gPkX8RE9_PZjth3xrqq8UJ3F8wuVz2JXH66QIBo4uhY'})"
2026-09-24 14:21:01,600 - root - INFO - Future Instrument Price: 23093.3
2026-09-24 14:21:01,601 - root - INFO - Current India VIX: 12.9
2026-09-24 14:21:01,609 - app - INFO - IVIX: 12.9, Nifty50: 23067.75, Nifty Futures: 23093.3
2026-09-24 14:21:01,647 - app - INFO - India VIX completed
2026-09-24 14:21:02,052 - app - INFO - Nifty OHLC completed
2026-09-24 14:21:02,825 - root - INFO - Bank Nifty top 5 Upstox Service Completed
2026-09-24 14:21:02,855 - app - INFO - Bank Top 5 completed
2026-09-24 14:21:03,735 - root - INFO - Nifty 50 top 10 Upstox Service Completed
2026-09-24 14:21:03,741 - app - INFO - Structure of modified niftytop_data: <class 'list'>, [{'symbol': 'HDFC Bank Ltd.', 'ltp': 729}, {'symbol': 'Reliance Industries.', 'ltp': 1223}, {'symbol': 'ICICI Bank Ltd.', 'ltp': 1334}, {'symbol': 'Infosys Ltd.', 'ltp': 1007}, {'symbol': 'ITC Ltd.', 'ltp': 268}, {'symbol': 'Tata TCS', 'ltp': 2074}, {'symbol': 'L&T  Ltd.', 'ltp': 3859}, {'symbol': 'Axis Bank Ltd.', 'ltp': 1178}, {'symbol': 'SBI Bank', 'ltp': 977}, {'symbol': 'Bharti Airtel Ltd.', 'ltp': 1799}]
2026-09-24 14:21:03,780 - app - INFO - Nifty Top 10 completed
2026-09-24 14:21:04,460 - root - INFO - Midcap Upstox Service Completed
2026-09-24 14:21:04,505 - app - INFO - Midcap Top 5 completed
2026-09-24 14:21:04,508 - app - DEBUG - Inside premiumstudy with expiry date = 2026-09-29
2026-09-24 14:21:04,977 - app - INFO - Total Call premium 41013
2026-09-24 14:21:04,977 - app - INFO - Total Put Premium 121591
2026-09-24 14:21:04,983 - app - INFO - Lower Apex: 22100
2026-09-24 14:21:04,983 - app - INFO - Upper Apex: 24100
2026-09-24 14:21:04,987 - app - DEBUG - Stage1:Dataframe filtered for strike price multiples of 100 and within the apex range
2026-09-24 14:21:04,989 - app - DEBUG - Samples_Total Call LTP: 6128
2026-09-24 14:21:04,989 - app - DEBUG - Samples_Total Put LTP: 6358
2026-09-24 14:21:05,007 - app - INFO - Premium study completed
2026-09-24 14:21:05,650 - root - INFO - Main Indices Fetched Successfully
2026-09-24 14:21:05,710 - app - INFO - Main Index completed
2026-09-24 14:21:06,460 - app - DEBUG - Inside Few Strikes Dataframe                                                      0
0    {'call_options': {'instrument_key': 'NSE_FO|65...
1    {'call_options': {'instrument_key': 'NSE_FO|55...
2    {'call_options': {'instrument_key': 'NSE_FO|65...
3    {'call_options': {'instrument_key': 'NSE_FO|55...
4    {'call_options': {'instrument_key': 'NSE_FO|65...
..                                                 ...
123  {'call_options': {'instrument_key': 'NSE_FO|55...
124  {'call_options': {'instrument_key': 'NSE_FO|65...
125  {'call_options': {'instrument_key': 'NSE_FO|55...
126  {'call_options': {'instrument_key': 'NSE_FO|65...
127  {'call_options': {'instrument_key': 'NSE_FO|55...

[128 rows x 1 columns]
2026-09-24 14:21:06,461 - app - DEBUG - Type of opt_df <class 'pandas.core.frame.DataFrame'>
2026-09-24 14:21:06,462 - app - DEBUG - Print columns of opt_df RangeIndex(start=0, stop=1, step=1)
2026-09-24 14:21:06,466 - app - DEBUG - !!!!!!!!!!!!!!!!!!!!!!!!!!
2026-09-24 14:21:06,467 - app - DEBUG - sup04=22700 sup03=22800 sup02=22900 sup01=23000 roundsp=23100 res01=23200 res02=23300 res03=23400 res04=23500
2026-09-24 14:21:06,467 - app - INFO - Sorted strike Levels: [22700, 22800, 22900, 23000, 23100, 23200, 23300, 23400, 23500]
2026-09-24 14:21:06,468 - app - DEBUG - End of Few Strikes Dataframe
2026-09-24 14:21:06,500 - app - DEBUG - Filtered DataFrame with Relevant Data:
    strike_price     call_oi      put_oi  call_volume  put_volume  call_ltp  put_ltp
32       22700.0     83525.0   4119505.0       319540    36129470    422.35    36.95
34       22800.0    407680.0   6915610.0      1003730    52226330    338.20    52.85
36       22900.0    506155.0   5244395.0      2150590    50136645    260.60    74.50
38       23000.0   3906370.0  12194090.0     19830460   118501240    192.35   106.60
40       23100.0   6930755.0   6379165.0     41286050   104484835    134.45   148.40
42       23200.0  15852850.0   7221695.0    127479105   189848230     89.25   202.40
44       23300.0  13930995.0   6476600.0    113327760    96064930     56.45   269.40
46       23400.0  12234430.0   4629495.0     78258180    41328560     34.35   345.80
48       23500.0  13319150.0   5816460.0     64709580    17649580     21.20   433.40
2026-09-24 14:21:06,500 - app - DEBUG - End of Few Strikes Dataframe
2026-09-24 14:21:06,508 - app - INFO - Appended to covering.json
2026-09-24 14:21:07,071 - app - INFO - Processed PCR data and saved to JSON file
2026-09-24 14:21:07,071 - app - INFO - PCR calculation completed
2026-09-24 14:21:07,684 - app - INFO - Processed PCR data and saved to JSON file
2026-09-24 14:21:07,685 - app - INFO - PCR calculation completed
2026-09-24 14:21:08,398 - app - INFO - Processed PCR data and saved to JSON file
2026-09-24 14:21:08,399 - app - INFO - PCR calculation completed
2026-09-24 14:21:09,149 - root - DEBUG - Raw response for FUTURESSSSS NSE_FO|68407: {'data': {'NSE_FO:NIFTY26SEPFUT': {'average_price': 23206.0,
                                   'depth': {'buy': [{'orders': 3,
                                                      'price': 23081.2,
                                                      'quantity': 390},
                                                     {'orders': 2,
                                                      'price': 23081.0,
                                                      'quantity': 130},
                                                     {'orders': 1,
                                                      'price': 23080.0,
                                                      'quantity': 65},
                                                     {'orders': 2,
                                                      'price': 23079.0,
                                                      'quantity': 260},
                                                     {'orders': 1,
                                                      'price': 23078.2,
                                                      'quantity': 520}],
                                             'sell': [{'orders': 1,
                                                       'price': 23082.9,
                                                       'quantity': 65},
                                                      {'orders': 1,
                                                       'price': 23083.2,
                                                       'quantity': 65},
                                                      {'orders': 1,
                                                       'price': 23083.7,
                                                       'quantity': 65},
                                                      {'orders': 1,
                                                       'price': 23083.9,
                                                       'quantity': 65},
                                                      {'orders': 1,
                                                       'price': 23084.6,
                                                       'quantity': 65}]},
                                   'instrument_token': 'NSE_FO|68407',
                                   'last_price': 23081.2,
                                   'last_trade_time': '1790239868229',
                                   'lower_circuit_limit': 21104.9,
                                   'net_change': -368.6,
                                   'ohlc': {'close': 23081.2,
                                            'high': 23319.8,
                                            'low': 23056.0,
                                            'open': 23288.0},
                                   'oi': 15478970.0,
                                   'oi_day_high': 15667795.0,
                                   'oi_day_low': 15467790.0,
                                   'symbol': 'NIFTY26SEPFUT',
                                   'timestamp': '2026-09-24T14:21:08.858+05:30',
                                   'total_buy_quantity': 110175.0,
                                   'total_sell_quantity': 261430.0,
                                   'upper_circuit_limit': 25794.7,
                                   'volume': 3560635}},
 'status': 'success'}
2026-09-24 14:21:09,161 - app - INFO - Found Nifty Futures/SYmbols details 
2026-09-24 14:21:09,173 - schedule - DEBUG - Cancelling job "Job(interval=1, unit=days, do=job, args=(), kwargs={'access_token': 'eyJ0eXAiOiJKV1QiLCJrZXlfaWQiOiJza192MS4wIiwiYWxnIjoiSFMyNTYifQ.eyJzdWIiOiIyVUNSUkgiLCJqdGkiOiI2YWI0OWQ0MzY1ZTM1NjMyMThiODI0ODMiLCJpc011bHRpQ2xpZW50IjpmYWxzZSwiaXNQbHVzUGxhbiI6ZmFsc2UsImlhdCI6MTc5MDIyMTYzNSwiaXNzIjoidWRhcGktZ2F0ZXdheS1zZXJ2aWNlIiwiZXhwIjoxNzkwMjg3MjAwfQ.gPkX8RE9_PZjth3xrqq8UJ3F8wuVz2JXH66QIBo4uhY'})"
2026-09-24 14:24:17,404 - werkzeug - INFO - 127.0.0.1 - - [24/Sep/2026 14:24:17] "GET /api/trend HTTP/1.1" 200 -
2026-09-24 14:24:17,417 - werkzeug - INFO - 127.0.0.1 - - [24/Sep/2026 14:24:17] "GET /api/futures HTTP/1.1" 200 -
2026-09-24 14:24:51,990 - werkzeug - INFO - 127.0.0.1 - - [24/Sep/2026 14:24:51] "GET /api/trend HTTP/1.1" 200 -
2026-09-24 14:24:53,180 - app - DEBUG - ignore this message
2026-09-24 14:24:53,474 - app - DEBUG - !!!!!!!!!!!!!!!!!!!!!!!!!! Exiting Findtrend
2026-09-24 14:24:53,598 - app - DEBUG - !!!!!!!!!! returned back from findtrend, Control flow in  /api/options at get_options_data
2026-09-24 14:24:53,599 - app - DEBUG - Type of calloption_data and putoption_data inside get_options_data
2026-09-24 14:24:53,599 - app - DEBUG - Call options properties inside /api/options
2026-09-24 14:24:53,600 - app - DEBUG - Call option columns: Index(['date_entry', 'strike_price', 'call_writer_oi', 'call_wri_oi_prev',
       'call_volume', 'call_ltp', 'expiry_date', 'nifty_spot_price'],
      dtype='object')
2026-09-24 14:24:53,916 - app - DEBUG - Conversion to list of dictionaries done
2026-09-24 14:24:54,308 - app - DEBUG - Conversion to list of dictionaries done
2026-09-24 14:24:54,309 - app - DEBUG - call_options_list length: 3780
2026-09-24 14:24:54,309 - app - DEBUG - put_options_list length: 3780
2026-09-24 14:24:54,431 - werkzeug - INFO - 127.0.0.1 - - [24/Sep/2026 14:24:54] "GET /api/options HTTP/1.1" 200 -
2026-09-24 14:24:55,963 - app - DEBUG - ignore this message
2026-09-24 14:24:56,234 - app - DEBUG - !!!!!!!!!!!!!!!!!!!!!!!!!! Exiting Findtrend
2026-09-24 14:24:56,342 - app - DEBUG - !!!!!!!!!! returned back from findtrend, Control flow in  /api/options at get_options_data
2026-09-24 14:24:56,343 - app - DEBUG - Type of calloption_data and putoption_data inside get_options_data
2026-09-24 14:24:56,343 - app - DEBUG - Call options properties inside /api/options
2026-09-24 14:24:56,344 - app - DEBUG - Call option columns: Index(['date_entry', 'strike_price', 'call_writer_oi', 'call_wri_oi_prev',
       'call_volume', 'call_ltp', 'expiry_date', 'nifty_spot_price'],
      dtype='object')
2026-09-24 14:24:56,998 - app - DEBUG - Conversion to list of dictionaries done
2026-09-24 14:24:57,413 - app - DEBUG - Conversion to list of dictionaries done
2026-09-24 14:24:57,413 - app - DEBUG - call_options_list length: 3780
2026-09-24 14:24:57,414 - app - DEBUG - put_options_list length: 3780
2026-09-24 14:24:57,585 - werkzeug - INFO - 127.0.0.1 - - [24/Sep/2026 14:24:57] "GET /api/options HTTP/1.1" 200 -
2026-09-24 14:26:00,980 - root - INFO - Future Instrument Price: 23076.5
2026-09-24 14:26:00,980 - root - INFO - Current India VIX: 13.09
2026-09-24 14:26:00,988 - app - INFO - IVIX: 13.09, Nifty50: 23065.15, Nifty Futures: 23076.5
2026-09-24 14:26:01,024 - app - INFO - India VIX completed
2026-09-24 14:26:01,520 - app - INFO - Nifty OHLC completed
2026-09-24 14:26:02,230 - root - INFO - Bank Nifty top 5 Upstox Service Completed
2026-09-24 14:26:02,243 - app - INFO - Bank Top 5 completed
2026-09-24 14:26:02,984 - root - INFO - Nifty 50 top 10 Upstox Service Completed
2026-09-24 14:26:02,988 - app - INFO - Structure of modified niftytop_data: <class 'list'>, [{'symbol': 'HDFC Bank Ltd.', 'ltp': 730}, {'symbol': 'Reliance Industries.', 'ltp': 1224}, {'symbol': 'ICICI Bank Ltd.', 'ltp': 1334}, {'symbol': 'Infosys Ltd.', 'ltp': 1006}, {'symbol': 'ITC Ltd.', 'ltp': 268}, {'symbol': 'Tata TCS', 'ltp': 2073}, {'symbol': 'L&T  Ltd.', 'ltp': 3862}, {'symbol': 'Axis Bank Ltd.', 'ltp': 1179}, {'symbol': 'SBI Bank', 'ltp': 977}, {'symbol': 'Bharti Airtel Ltd.', 'ltp': 1800}]
2026-09-24 14:26:03,002 - app - INFO - Nifty Top 10 completed
2026-09-24 14:26:03,676 - root - INFO - Midcap Upstox Service Completed
2026-09-24 14:26:03,700 - app - INFO - Midcap Top 5 completed
2026-09-24 14:26:03,701 - app - DEBUG - Inside premiumstudy with expiry date = 2026-09-29
2026-09-24 14:26:04,161 - app - INFO - Total Call premium 40737
2026-09-24 14:26:04,161 - app - INFO - Total Put Premium 121907
2026-09-24 14:26:04,164 - app - INFO - Lower Apex: 22100
2026-09-24 14:26:04,164 - app - INFO - Upper Apex: 24100
2026-09-24 14:26:04,166 - app - DEBUG - Stage1:Dataframe filtered for strike price multiples of 100 and within the apex range
2026-09-24 14:26:04,167 - app - DEBUG - Samples_Total Call LTP: 6060
2026-09-24 14:26:04,167 - app - DEBUG - Samples_Total Put LTP: 6397
2026-09-24 14:26:04,174 - app - INFO - Premium study completed
2026-09-24 14:26:04,859 - root - INFO - Main Indices Fetched Successfully
2026-09-24 14:26:04,898 - app - INFO - Main Index completed
2026-09-24 14:26:05,369 - app - DEBUG - Inside Few Strikes Dataframe                                                      0
0    {'call_options': {'instrument_key': 'NSE_FO|65...
1    {'call_options': {'instrument_key': 'NSE_FO|55...
2    {'call_options': {'instrument_key': 'NSE_FO|65...
3    {'call_options': {'instrument_key': 'NSE_FO|55...
4    {'call_options': {'instrument_key': 'NSE_FO|65...
..                                                 ...
123  {'call_options': {'instrument_key': 'NSE_FO|55...
124  {'call_options': {'instrument_key': 'NSE_FO|65...
125  {'call_options': {'instrument_key': 'NSE_FO|55...
126  {'call_options': {'instrument_key': 'NSE_FO|65...
127  {'call_options': {'instrument_key': 'NSE_FO|55...

[128 rows x 1 columns]
2026-09-24 14:26:05,369 - app - DEBUG - Type of opt_df <class 'pandas.core.frame.DataFrame'>
2026-09-24 14:26:05,370 - app - DEBUG - Print columns of opt_df RangeIndex(start=0, stop=1, step=1)
2026-09-24 14:26:05,372 - app - DEBUG - !!!!!!!!!!!!!!!!!!!!!!!!!!
2026-09-24 14:26:05,372 - app - DEBUG - sup04=22700 sup03=22800 sup02=22900 sup01=23000 roundsp=23100 res01=23200 res02=23300 res03=23400 res04=23500
2026-09-24 14:26:05,372 - app - INFO - Sorted strike Levels: [22700, 22800, 22900, 23000, 23100, 23200, 23300, 23400, 23500]
2026-09-24 14:26:05,373 - app - DEBUG - End of Few Strikes Dataframe
2026-09-24 14:26:05,398 - app - DEBUG - Filtered DataFrame with Relevant Data:
    strike_price     call_oi      put_oi  call_volume  put_volume  call_ltp  put_ltp
32       22700.0     90545.0   4251585.0       334425    37026535    418.00    36.25
34       22800.0    432055.0   6806280.0      1086865    53723995    333.60    51.85
36       22900.0    534820.0   5222360.0      2325050    51528750    256.10    74.00
38       23000.0   4039035.0  12035295.0     20918105   121675190    187.85   106.00
40       23100.0   7049835.0   6118385.0     43398550   107155555    131.05   149.35
42       23200.0  15846350.0   6832735.0    129790050   191450350     86.70   203.50
44       23300.0  13924365.0   6402045.0    114738065    96544565     54.50   270.90
46       23400.0  11997180.0   4623645.0     79615965    41582125     33.20   349.80
48       23500.0  13417495.0   5810870.0     66197560    17818450     20.30   436.00
2026-09-24 14:26:05,398 - app - DEBUG - End of Few Strikes Dataframe
2026-09-24 14:26:05,406 - app - INFO - Appended to covering.json
2026-09-24 14:26:05,890 - app - INFO - Processed PCR data and saved to JSON file
2026-09-24 14:26:05,890 - app - INFO - PCR calculation completed
2026-09-24 14:26:06,443 - app - INFO - Processed PCR data and saved to JSON file
2026-09-24 14:26:06,443 - app - INFO - PCR calculation completed
2026-09-24 14:26:06,902 - app - INFO - Processed PCR data and saved to JSON file
2026-09-24 14:26:06,903 - app - INFO - PCR calculation completed
2026-09-24 14:26:07,465 - root - DEBUG - Raw response for FUTURESSSSS NSE_FO|68407: {'data': {'NSE_FO:NIFTY26SEPFUT': {'average_price': 23203.44,
                                   'depth': {'buy': [{'orders': 1,
                                                      'price': 23076.4,
                                                      'quantity': 65},
                                                     {'orders': 3,
                                                      'price': 23076.3,
                                                      'quantity': 455},
                                                     {'orders': 1,
                                                      'price': 23076.2,
                                                      'quantity': 65},
                                                     {'orders': 3,
                                                      'price': 23076.1,
                                                      'quantity': 455},
                                                     {'orders': 5,
                                                      'price': 23076.0,
                                                      'quantity': 1365}],
                                             'sell': [{'orders': 1,
                                                       'price': 23078.0,
                                                       'quantity': 585},
                                                      {'orders': 1,
                                                       'price': 23079.0,
                                                       'quantity': 390},
                                                      {'orders': 1,
                                                       'price': 23080.0,
                                                       'quantity': 195},
                                                      {'orders': 1,
                                                       'price': 23082.7,
                                                       'quantity': 65},
                                                      {'orders': 1,
                                                       'price': 23083.0,
                                                       'quantity': 260}]},
                                   'instrument_token': 'NSE_FO|68407',
                                   'last_price': 23076.6,
                                   'last_trade_time': '1790240166233',
                                   'lower_circuit_limit': 21104.9,
                                   'net_change': -373.2,
                                   'ohlc': {'close': 23076.6,
                                            'high': 23319.8,
                                            'low': 23056.0,
                                            'open': 23288.0},
                                   'oi': 15493530.0,
                                   'oi_day_high': 15667795.0,
                                   'oi_day_low': 15467790.0,
                                   'symbol': 'NIFTY26SEPFUT',
                                   'timestamp': '2026-09-24T14:26:07.17+05:30',
                                   'total_buy_quantity': 117130.0,
                                   'total_sell_quantity': 260260.0,
                                   'upper_circuit_limit': 25794.7,
                                   'volume': 3631680}},
 'status': 'success'}
2026-09-24 14:26:07,472 - app - INFO - Found Nifty Futures/SYmbols details 
2026-09-24 14:26:07,485 - schedule - DEBUG - Cancelling job "Job(interval=1, unit=days, do=job, args=(), kwargs={'access_token': 'eyJ0eXAiOiJKV1QiLCJrZXlfaWQiOiJza192MS4wIiwiYWxnIjoiSFMyNTYifQ.eyJzdWIiOiIyVUNSUkgiLCJqdGkiOiI2YWI0OWQ0MzY1ZTM1NjMyMThiODI0ODMiLCJpc011bHRpQ2xpZW50IjpmYWxzZSwiaXNQbHVzUGxhbiI6ZmFsc2UsImlhdCI6MTc5MDIyMTYzNSwiaXNzIjoidWRhcGktZ2F0ZXdheS1zZXJ2aWNlIiwiZXhwIjoxNzkwMjg3MjAwfQ.gPkX8RE9_PZjth3xrqq8UJ3F8wuVz2JXH66QIBo4uhY'})"
2026-09-24 14:31:01,142 - root - INFO - Future Instrument Price: 23077.5
2026-09-24 14:31:01,143 - root - INFO - Current India VIX: 13.08
2026-09-24 14:31:01,148 - app - INFO - IVIX: 13.08, Nifty50: 23062.2, Nifty Futures: 23077.5
2026-09-24 14:31:01,163 - app - INFO - India VIX completed
2026-09-24 14:31:01,604 - app - INFO - Nifty OHLC completed
2026-09-24 14:31:02,306 - root - INFO - Bank Nifty top 5 Upstox Service Completed
2026-09-24 14:31:02,352 - app - INFO - Bank Top 5 completed
2026-09-24 14:31:03,326 - root - INFO - Nifty 50 top 10 Upstox Service Completed
2026-09-24 14:31:03,338 - app - INFO - Structure of modified niftytop_data: <class 'list'>, [{'symbol': 'HDFC Bank Ltd.', 'ltp': 730}, {'symbol': 'Reliance Industries.', 'ltp': 1223}, {'symbol': 'ICICI Bank Ltd.', 'ltp': 1334}, {'symbol': 'Infosys Ltd.', 'ltp': 1006}, {'symbol': 'ITC Ltd.', 'ltp': 268}, {'symbol': 'Tata TCS', 'ltp': 2070}, {'symbol': 'L&T  Ltd.', 'ltp': 3862}, {'symbol': 'Axis Bank Ltd.', 'ltp': 1180}, {'symbol': 'SBI Bank', 'ltp': 976}, {'symbol': 'Bharti Airtel Ltd.', 'ltp': 1799}]
2026-09-24 14:31:03,388 - app - INFO - Nifty Top 10 completed
2026-09-24 14:31:04,169 - root - INFO - Midcap Upstox Service Completed
2026-09-24 14:31:04,228 - app - INFO - Midcap Top 5 completed
2026-09-24 14:31:04,229 - app - DEBUG - Inside premiumstudy with expiry date = 2026-09-29
2026-09-24 14:31:04,604 - app - INFO - Total Call premium 40747
2026-09-24 14:31:04,605 - app - INFO - Total Put Premium 121917
2026-09-24 14:31:04,608 - app - INFO - Lower Apex: 22100
2026-09-24 14:31:04,608 - app - INFO - Upper Apex: 24100
2026-09-24 14:31:04,610 - app - DEBUG - Stage1:Dataframe filtered for strike price multiples of 100 and within the apex range
2026-09-24 14:31:04,612 - app - DEBUG - Samples_Total Call LTP: 6065
2026-09-24 14:31:04,612 - app - DEBUG - Samples_Total Put LTP: 6384
2026-09-24 14:31:04,620 - app - INFO - Premium study completed
2026-09-24 14:31:05,265 - root - INFO - Main Indices Fetched Successfully
2026-09-24 14:31:05,330 - app - INFO - Main Index completed
2026-09-24 14:31:05,998 - app - DEBUG - Inside Few Strikes Dataframe                                                      0
0    {'call_options': {'instrument_key': 'NSE_FO|65...
1    {'call_options': {'instrument_key': 'NSE_FO|55...
2    {'call_options': {'instrument_key': 'NSE_FO|65...
3    {'call_options': {'instrument_key': 'NSE_FO|55...
4    {'call_options': {'instrument_key': 'NSE_FO|65...
..                                                 ...
123  {'call_options': {'instrument_key': 'NSE_FO|55...
124  {'call_options': {'instrument_key': 'NSE_FO|65...
125  {'call_options': {'instrument_key': 'NSE_FO|55...
126  {'call_options': {'instrument_key': 'NSE_FO|65...
127  {'call_options': {'instrument_key': 'NSE_FO|55...

[128 rows x 1 columns]
2026-09-24 14:31:05,998 - app - DEBUG - Type of opt_df <class 'pandas.core.frame.DataFrame'>
2026-09-24 14:31:05,998 - app - DEBUG - Print columns of opt_df RangeIndex(start=0, stop=1, step=1)
2026-09-24 14:31:06,002 - app - DEBUG - !!!!!!!!!!!!!!!!!!!!!!!!!!
2026-09-24 14:31:06,003 - app - DEBUG - sup04=22700 sup03=22800 sup02=22900 sup01=23000 roundsp=23100 res01=23200 res02=23300 res03=23400 res04=23500
2026-09-24 14:31:06,004 - app - INFO - Sorted strike Levels: [22700, 22800, 22900, 23000, 23100, 23200, 23300, 23400, 23500]
2026-09-24 14:31:06,004 - app - DEBUG - End of Few Strikes Dataframe
2026-09-24 14:31:06,040 - app - DEBUG - Filtered DataFrame with Relevant Data:
    strike_price     call_oi      put_oi  call_volume  put_volume  call_ltp  put_ltp
32       22700.0     92040.0   4268615.0       342160    37503570    419.55    35.45
34       22800.0    444925.0   6859840.0      1141530    54468700    333.90    51.00
36       22900.0    552825.0   5238610.0      2412800    52314990    255.95    72.70
38       23000.0   4156685.0  12148915.0     21469045   123367855    188.25   104.35
40       23100.0   7212530.0   6251115.0     44380245   108414735    131.00   147.20
42       23200.0  15760225.0   6799715.0    130931385   192120630     86.60   201.95
44       23300.0  13896220.0   6372860.0    115633115    96788510     54.40   270.00
46       23400.0  11681280.0   4616950.0     80723825    41695030     33.15   347.35
48       23500.0  13484575.0   5803265.0     67281435    17880525     20.20   435.45
2026-09-24 14:31:06,041 - app - DEBUG - End of Few Strikes Dataframe
2026-09-24 14:31:06,055 - app - INFO - Appended to covering.json
2026-09-24 14:31:06,694 - app - INFO - Processed PCR data and saved to JSON file
2026-09-24 14:31:06,695 - app - INFO - PCR calculation completed
2026-09-24 14:31:07,416 - app - INFO - Processed PCR data and saved to JSON file
2026-09-24 14:31:07,416 - app - INFO - PCR calculation completed
2026-09-24 14:31:08,059 - app - INFO - Processed PCR data and saved to JSON file
2026-09-24 14:31:08,059 - app - INFO - PCR calculation completed
2026-09-24 14:31:08,606 - root - DEBUG - Raw response for FUTURESSSSS NSE_FO|68407: {'data': {'NSE_FO:NIFTY26SEPFUT': {'average_price': 23201.54,
                                   'depth': {'buy': [{'orders': 1,
                                                      'price': 23076.0,
                                                      'quantity': 130},
                                                     {'orders': 3,
                                                      'price': 23075.0,
                                                      'quantity': 260},
                                                     {'orders': 4,
                                                      'price': 23074.6,
                                                      'quantity': 780},
                                                     {'orders': 1,
                                                      'price': 23074.5,
                                                      'quantity': 325},
                                                     {'orders': 3,
                                                      'price': 23074.4,
                                                      'quantity': 455}],
                                             'sell': [{'orders': 2,
                                                       'price': 23079.2,
                                                       'quantity': 260},
                                                      {'orders': 1,
                                                       'price': 23085.0,
                                                       'quantity': 195},
                                                      {'orders': 1,
                                                       'price': 23086.7,
                                                       'quantity': 65},
                                                      {'orders': 1,
                                                       'price': 23088.2,
                                                       'quantity': 520},
                                                      {'orders': 1,
                                                       'price': 23088.3,
                                                       'quantity': 65}]},
                                   'instrument_token': 'NSE_FO|68407',
                                   'last_price': 23081.4,
                                   'last_trade_time': '1790240466382',
                                   'lower_circuit_limit': 21104.9,
                                   'net_change': -368.4,
                                   'ohlc': {'close': 23081.4,
                                            'high': 23319.8,
                                            'low': 23056.0,
                                            'open': 23288.0},
                                   'oi': 15513420.0,
                                   'oi_day_high': 15667795.0,
                                   'oi_day_low': 15467790.0,
                                   'symbol': 'NIFTY26SEPFUT',
                                   'timestamp': '2026-09-24T14:31:08.307+05:30',
                                   'total_buy_quantity': 110890.0,
                                   'total_sell_quantity': 261950.0,
                                   'upper_circuit_limit': 25794.7,
                                   'volume': 3686735}},
 'status': 'success'}
2026-09-24 14:31:08,613 - app - INFO - Found Nifty Futures/SYmbols details 
2026-09-24 14:31:08,634 - schedule - DEBUG - Cancelling job "Job(interval=1, unit=days, do=job, args=(), kwargs={'access_token': 'eyJ0eXAiOiJKV1QiLCJrZXlfaWQiOiJza192MS4wIiwiYWxnIjoiSFMyNTYifQ.eyJzdWIiOiIyVUNSUkgiLCJqdGkiOiI2YWI0OWQ0MzY1ZTM1NjMyMThiODI0ODMiLCJpc011bHRpQ2xpZW50IjpmYWxzZSwiaXNQbHVzUGxhbiI6ZmFsc2UsImlhdCI6MTc5MDIyMTYzNSwiaXNzIjoidWRhcGktZ2F0ZXdheS1zZXJ2aWNlIiwiZXhwIjoxNzkwMjg3MjAwfQ.gPkX8RE9_PZjth3xrqq8UJ3F8wuVz2JXH66QIBo4uhY'})"
2026-09-24 14:36:01,471 - root - INFO - Future Instrument Price: 23097.2
2026-09-24 14:36:01,471 - root - INFO - Current India VIX: 12.9
2026-09-24 14:36:01,477 - app - INFO - IVIX: 12.9, Nifty50: 23082.85, Nifty Futures: 23097.2
2026-09-24 14:36:01,506 - app - INFO - India VIX completed
2026-09-24 14:36:02,070 - app - INFO - Nifty OHLC completed
2026-09-24 14:36:03,088 - root - INFO - Bank Nifty top 5 Upstox Service Completed
2026-09-24 14:36:03,139 - app - INFO - Bank Top 5 completed
2026-09-24 14:36:04,273 - root - INFO - Nifty 50 top 10 Upstox Service Completed
2026-09-24 14:36:04,283 - app - INFO - Structure of modified niftytop_data: <class 'list'>, [{'symbol': 'HDFC Bank Ltd.', 'ltp': 732}, {'symbol': 'Reliance Industries.', 'ltp': 1223}, {'symbol': 'ICICI Bank Ltd.', 'ltp': 1335}, {'symbol': 'Infosys Ltd.', 'ltp': 1008}, {'symbol': 'ITC Ltd.', 'ltp': 268}, {'symbol': 'Tata TCS', 'ltp': 2071}, {'symbol': 'L&T  Ltd.', 'ltp': 3861}, {'symbol': 'Axis Bank Ltd.', 'ltp': 1180}, {'symbol': 'SBI Bank', 'ltp': 977}, {'symbol': 'Bharti Airtel Ltd.', 'ltp': 1800}]
2026-09-24 14:36:04,327 - app - INFO - Nifty Top 10 completed
2026-09-24 14:36:05,109 - root - INFO - Midcap Upstox Service Completed
2026-09-24 14:36:05,166 - app - INFO - Midcap Top 5 completed
2026-09-24 14:36:05,169 - app - DEBUG - Inside premiumstudy with expiry date = 2026-09-29
2026-09-24 14:36:05,677 - app - INFO - Total Call premium 40997
2026-09-24 14:36:05,678 - app - INFO - Total Put Premium 121191
2026-09-24 14:36:05,683 - app - INFO - Lower Apex: 22100
2026-09-24 14:36:05,683 - app - INFO - Upper Apex: 24100
2026-09-24 14:36:05,686 - app - DEBUG - Stage1:Dataframe filtered for strike price multiples of 100 and within the apex range
2026-09-24 14:36:05,686 - app - DEBUG - Samples_Total Call LTP: 6183
2026-09-24 14:36:05,687 - app - DEBUG - Samples_Total Put LTP: 6140
2026-09-24 14:36:05,695 - app - INFO - Premium study completed
2026-09-24 14:36:06,751 - root - INFO - Main Indices Fetched Successfully
2026-09-24 14:36:06,781 - app - INFO - Main Index completed
2026-09-24 14:36:07,413 - app - DEBUG - Inside Few Strikes Dataframe                                                      0
0    {'call_options': {'instrument_key': 'NSE_FO|65...
1    {'call_options': {'instrument_key': 'NSE_FO|55...
2    {'call_options': {'instrument_key': 'NSE_FO|65...
3    {'call_options': {'instrument_key': 'NSE_FO|55...
4    {'call_options': {'instrument_key': 'NSE_FO|65...
..                                                 ...
123  {'call_options': {'instrument_key': 'NSE_FO|55...
124  {'call_options': {'instrument_key': 'NSE_FO|65...
125  {'call_options': {'instrument_key': 'NSE_FO|55...
126  {'call_options': {'instrument_key': 'NSE_FO|65...
127  {'call_options': {'instrument_key': 'NSE_FO|55...

[128 rows x 1 columns]
2026-09-24 14:36:07,413 - app - DEBUG - Type of opt_df <class 'pandas.core.frame.DataFrame'>
2026-09-24 14:36:07,414 - app - DEBUG - Print columns of opt_df RangeIndex(start=0, stop=1, step=1)
2026-09-24 14:36:07,421 - app - DEBUG - !!!!!!!!!!!!!!!!!!!!!!!!!!
2026-09-24 14:36:07,421 - app - DEBUG - sup04=22700 sup03=22800 sup02=22900 sup01=23000 roundsp=23100 res01=23200 res02=23300 res03=23400 res04=23500
2026-09-24 14:36:07,422 - app - INFO - Sorted strike Levels: [22700, 22800, 22900, 23000, 23100, 23200, 23300, 23400, 23500]
2026-09-24 14:36:07,423 - app - DEBUG - End of Few Strikes Dataframe
2026-09-24 14:36:07,485 - app - DEBUG - Filtered DataFrame with Relevant Data:
    strike_price     call_oi      put_oi  call_volume  put_volume  call_ltp  put_ltp
32       22700.0     93665.0   4400500.0       348790    38174175    436.00    30.65
34       22800.0    424580.0   6964100.0      1191450    55448185    348.95    44.25
36       22900.0    539370.0   5127785.0      2518685    53360645    269.75    64.25
38       23000.0   4114630.0  12382330.0     22263150   125666060    198.95    93.70
40       23100.0   7293065.0   6416475.0     46013695   109983445    138.90   133.70
42       23200.0  15699580.0   6691230.0    132304510   192950485     91.90   185.85
44       23300.0  13796640.0   6281860.0    116602135    97148545     57.15   250.40
46       23400.0  11401585.0   4597710.0     81887000    41846350     34.60   327.45
48       23500.0  13452595.0   5694260.0     68185715    17978285     20.75   414.20
2026-09-24 14:36:07,486 - app - DEBUG - End of Few Strikes Dataframe
2026-09-24 14:36:07,505 - app - INFO - Appended to covering.json
2026-09-24 14:36:08,188 - app - INFO - Processed PCR data and saved to JSON file
2026-09-24 14:36:08,189 - app - INFO - PCR calculation completed
2026-09-24 14:36:08,857 - app - INFO - Processed PCR data and saved to JSON file
2026-09-24 14:36:08,857 - app - INFO - PCR calculation completed
2026-09-24 14:36:09,598 - app - INFO - Processed PCR data and saved to JSON file
2026-09-24 14:36:09,599 - app - INFO - PCR calculation completed
2026-09-24 14:36:10,140 - root - DEBUG - Raw response for FUTURESSSSS NSE_FO|68407: {'data': {'NSE_FO:NIFTY26SEPFUT': {'average_price': 23199.83,
                                   'depth': {'buy': [{'orders': 1,
                                                      'price': 23098.6,
                                                      'quantity': 65},
                                                     {'orders': 4,
                                                      'price': 23098.3,
                                                      'quantity': 780},
                                                     {'orders': 1,
                                                      'price': 23098.2,
                                                      'quantity': 325},
                                                     {'orders': 4,
                                                      'price': 23098.1,
                                                      'quantity': 260},
                                                     {'orders': 2,
                                                      'price': 23098.0,
                                                      'quantity': 1040}],
                                             'sell': [{'orders': 1,
                                                       'price': 23102.6,
                                                       'quantity': 65},
                                                      {'orders': 1,
                                                       'price': 23103.4,
                                                       'quantity': 65},
                                                      {'orders': 1,
                                                       'price': 23104.0,
                                                       'quantity': 65},
                                                      {'orders': 1,
                                                       'price': 23104.5,
                                                       'quantity': 390},
                                                      {'orders': 8,
                                                       'price': 23105.0,
                                                       'quantity': 975}]},
                                   'instrument_token': 'NSE_FO|68407',
                                   'last_price': 23099.2,
                                   'last_trade_time': '1790240768249',
                                   'lower_circuit_limit': 21104.9,
                                   'net_change': -350.6,
                                   'ohlc': {'close': 23099.2,
                                            'high': 23319.8,
                                            'low': 23056.0,
                                            'open': 23288.0},
                                   'oi': 15509845.0,
                                   'oi_day_high': 15667795.0,
                                   'oi_day_low': 15467790.0,
                                   'symbol': 'NIFTY26SEPFUT',
                                   'timestamp': '2026-09-24T14:36:09.838+05:30',
                                   'total_buy_quantity': 108810.0,
                                   'total_sell_quantity': 257010.0,
                                   'upper_circuit_limit': 25794.7,
                                   'volume': 3744845}},
 'status': 'success'}
2026-09-24 14:36:10,149 - app - INFO - Found Nifty Futures/SYmbols details 
2026-09-24 14:36:10,164 - schedule - DEBUG - Cancelling job "Job(interval=1, unit=days, do=job, args=(), kwargs={'access_token': 'eyJ0eXAiOiJKV1QiLCJrZXlfaWQiOiJza192MS4wIiwiYWxnIjoiSFMyNTYifQ.eyJzdWIiOiIyVUNSUkgiLCJqdGkiOiI2YWI0OWQ0MzY1ZTM1NjMyMThiODI0ODMiLCJpc011bHRpQ2xpZW50IjpmYWxzZSwiaXNQbHVzUGxhbiI6ZmFsc2UsImlhdCI6MTc5MDIyMTYzNSwiaXNzIjoidWRhcGktZ2F0ZXdheS1zZXJ2aWNlIiwiZXhwIjoxNzkwMjg3MjAwfQ.gPkX8RE9_PZjth3xrqq8UJ3F8wuVz2JXH66QIBo4uhY'})"
2026-09-24 14:40:00,963 - root - INFO - Future Instrument Price: 23122.9
2026-09-24 14:40:00,964 - root - INFO - Current India VIX: 12.69
2026-09-24 14:40:00,970 - app - INFO - IVIX: 12.69, Nifty50: 23103.05, Nifty Futures: 23122.9
2026-09-24 14:40:00,997 - app - INFO - India VIX completed
2026-09-24 14:40:01,412 - app - INFO - Nifty OHLC completed
2026-09-24 14:40:02,273 - root - INFO - Bank Nifty top 5 Upstox Service Completed
2026-09-24 14:40:02,317 - app - INFO - Bank Top 5 completed
2026-09-24 14:40:03,246 - root - INFO - Nifty 50 top 10 Upstox Service Completed
2026-09-24 14:40:03,248 - app - INFO - Structure of modified niftytop_data: <class 'list'>, [{'symbol': 'HDFC Bank Ltd.', 'ltp': 732}, {'symbol': 'Reliance Industries.', 'ltp': 1223}, {'symbol': 'ICICI Bank Ltd.', 'ltp': 1338}, {'symbol': 'Infosys Ltd.', 'ltp': 1008}, {'symbol': 'ITC Ltd.', 'ltp': 268}, {'symbol': 'Tata TCS', 'ltp': 2074}, {'symbol': 'L&T  Ltd.', 'ltp': 3864}, {'symbol': 'Axis Bank Ltd.', 'ltp': 1184}, {'symbol': 'SBI Bank', 'ltp': 978}, {'symbol': 'Bharti Airtel Ltd.', 'ltp': 1801}]
2026-09-24 14:40:03,268 - app - INFO - Nifty Top 10 completed
2026-09-24 14:40:03,964 - root - INFO - Midcap Upstox Service Completed
2026-09-24 14:40:04,017 - app - INFO - Midcap Top 5 completed
2026-09-24 14:40:04,019 - app - DEBUG - Inside premiumstudy with expiry date = 2026-09-29
2026-09-24 14:40:04,772 - app - INFO - Total Call premium 41269
2026-09-24 14:40:04,773 - app - INFO - Total Put Premium 120638
2026-09-24 14:40:04,778 - app - INFO - Lower Apex: 22100
2026-09-24 14:40:04,778 - app - INFO - Upper Apex: 24100
2026-09-24 14:40:04,782 - app - DEBUG - Stage1:Dataframe filtered for strike price multiples of 100 and within the apex range
2026-09-24 14:40:04,783 - app - DEBUG - Samples_Total Call LTP: 6315
2026-09-24 14:40:04,784 - app - DEBUG - Samples_Total Put LTP: 5843
2026-09-24 14:40:04,795 - app - INFO - Premium study completed
2026-09-24 14:40:05,598 - root - INFO - Main Indices Fetched Successfully
2026-09-24 14:40:05,654 - app - INFO - Main Index completed
2026-09-24 14:40:06,186 - app - DEBUG - Inside Few Strikes Dataframe                                                      0
0    {'call_options': {'instrument_key': 'NSE_FO|65...
1    {'call_options': {'instrument_key': 'NSE_FO|55...
2    {'call_options': {'instrument_key': 'NSE_FO|65...
3    {'call_options': {'instrument_key': 'NSE_FO|55...
4    {'call_options': {'instrument_key': 'NSE_FO|65...
..                                                 ...
123  {'call_options': {'instrument_key': 'NSE_FO|55...
124  {'call_options': {'instrument_key': 'NSE_FO|65...
125  {'call_options': {'instrument_key': 'NSE_FO|55...
126  {'call_options': {'instrument_key': 'NSE_FO|65...
127  {'call_options': {'instrument_key': 'NSE_FO|55...

[128 rows x 1 columns]
2026-09-24 14:40:06,187 - app - DEBUG - Type of opt_df <class 'pandas.core.frame.DataFrame'>
2026-09-24 14:40:06,188 - app - DEBUG - Print columns of opt_df RangeIndex(start=0, stop=1, step=1)
2026-09-24 14:40:06,189 - app - DEBUG - !!!!!!!!!!!!!!!!!!!!!!!!!!
2026-09-24 14:40:06,189 - app - DEBUG - sup04=22700 sup03=22800 sup02=22900 sup01=23000 roundsp=23100 res01=23200 res02=23300 res03=23400 res04=23500
2026-09-24 14:40:06,189 - app - INFO - Sorted strike Levels: [22700, 22800, 22900, 23000, 23100, 23200, 23300, 23400, 23500]
2026-09-24 14:40:06,190 - app - DEBUG - End of Few Strikes Dataframe
2026-09-24 14:40:06,211 - app - DEBUG - Filtered DataFrame with Relevant Data:
    strike_price     call_oi      put_oi  call_volume  put_volume  call_ltp  put_ltp
32       22700.0     85345.0   4421365.0       369005    38868830    450.55    24.45
34       22800.0    400595.0   6847295.0      1290250    56853745    362.65    36.00
36       22900.0    493155.0   5045950.0      2695355    54492490    281.65    53.20
38       23000.0   3930680.0  12505685.0     23145915   128580075    207.05    80.30
40       23100.0   7194525.0   6882525.0     48545380   112514870    144.75   117.15
42       23200.0  15596815.0   6636305.0    134641780   193926200     95.55   167.05
44       23300.0  13725075.0   6199180.0    118279265    97550050     59.20   231.35
46       23400.0  11259690.0   4664075.0     82895215    42147495     35.50   306.00
48       23500.0  13406510.0   5707520.0     69284540    18167565     21.20   391.00
2026-09-24 14:40:06,211 - app - DEBUG - End of Few Strikes Dataframe
2026-09-24 14:40:06,220 - app - INFO - Appended to covering.json
2026-09-24 14:40:06,723 - app - INFO - Processed PCR data and saved to JSON file
2026-09-24 14:40:06,723 - app - INFO - PCR calculation completed
2026-09-24 14:40:07,385 - app - INFO - Processed PCR data and saved to JSON file
2026-09-24 14:40:07,385 - app - INFO - PCR calculation completed
2026-09-24 14:40:07,898 - app - INFO - Processed PCR data and saved to JSON file
2026-09-24 14:40:07,898 - app - INFO - PCR calculation completed
2026-09-24 14:40:08,463 - root - DEBUG - Raw response for FUTURESSSSS NSE_FO|68407: {'data': {'NSE_FO:NIFTY26SEPFUT': {'average_price': 23197.99,
                                   'depth': {'buy': [{'orders': 1,
                                                      'price': 23123.9,
                                                      'quantity': 65},
                                                     {'orders': 2,
                                                      'price': 23122.6,
                                                      'quantity': 260},
                                                     {'orders': 2,
                                                      'price': 23122.1,
                                                      'quantity': 520},
                                                     {'orders': 2,
                                                      'price': 23122.0,
                                                      'quantity': 650},
                                                     {'orders': 1,
                                                      'price': 23121.9,
                                                      'quantity': 325}],
                                             'sell': [{'orders': 1,
                                                       'price': 23125.0,
                                                       'quantity': 65},
                                                      {'orders': 2,
                                                       'price': 23126.0,
                                                       'quantity': 455},
                                                      {'orders': 1,
                                                       'price': 23126.1,
                                                       'quantity': 65},
                                                      {'orders': 3,
                                                       'price': 23128.0,
                                                       'quantity': 195},
                                                      {'orders': 1,
                                                       'price': 23128.5,
                                                       'quantity': 65}]},
                                   'instrument_token': 'NSE_FO|68407',
                                   'last_price': 23125.0,
                                   'last_trade_time': '1790241007593',
                                   'lower_circuit_limit': 21104.9,
                                   'net_change': -324.8,
                                   'ohlc': {'close': 23125.0,
                                            'high': 23319.8,
                                            'low': 23056.0,
                                            'open': 23288.0},
                                   'oi': 15514460.0,
                                   'oi_day_high': 15667795.0,
                                   'oi_day_low': 15467790.0,
                                   'symbol': 'NIFTY26SEPFUT',
                                   'timestamp': '2026-09-24T14:40:08.159+05:30',
                                   'total_buy_quantity': 121290.0,
                                   'total_sell_quantity': 249210.0,
                                   'upper_circuit_limit': 25794.7,
                                   'volume': 3825770}},
 'status': 'success'}
2026-09-24 14:40:08,471 - app - INFO - Found Nifty Futures/SYmbols details 
2026-09-24 14:40:08,483 - schedule - DEBUG - Cancelling job "Job(interval=1, unit=days, do=job, args=(), kwargs={'access_token': 'eyJ0eXAiOiJKV1QiLCJrZXlfaWQiOiJza192MS4wIiwiYWxnIjoiSFMyNTYifQ.eyJzdWIiOiIyVUNSUkgiLCJqdGkiOiI2YWI0OWQ0MzY1ZTM1NjMyMThiODI0ODMiLCJpc011bHRpQ2xpZW50IjpmYWxzZSwiaXNQbHVzUGxhbiI6ZmFsc2UsImlhdCI6MTc5MDIyMTYzNSwiaXNzIjoidWRhcGktZ2F0ZXdheS1zZXJ2aWNlIiwiZXhwIjoxNzkwMjg3MjAwfQ.gPkX8RE9_PZjth3xrqq8UJ3F8wuVz2JXH66QIBo4uhY'})"
2026-09-24 14:46:01,293 - root - INFO - Future Instrument Price: 23120.0
2026-09-24 14:46:01,294 - root - INFO - Current India VIX: 12.71
2026-09-24 14:46:01,297 - app - INFO - IVIX: 12.71, Nifty50: 23098.65, Nifty Futures: 23120.0
2026-09-24 14:46:01,310 - app - INFO - India VIX completed
2026-09-24 14:46:01,659 - app - INFO - Nifty OHLC completed
2026-09-24 14:46:02,334 - root - INFO - Bank Nifty top 5 Upstox Service Completed
2026-09-24 14:46:02,386 - app - INFO - Bank Top 5 completed
2026-09-24 14:46:03,451 - root - INFO - Nifty 50 top 10 Upstox Service Completed
2026-09-24 14:46:03,454 - app - INFO - Structure of modified niftytop_data: <class 'list'>, [{'symbol': 'HDFC Bank Ltd.', 'ltp': 731}, {'symbol': 'Reliance Industries.', 'ltp': 1223}, {'symbol': 'ICICI Bank Ltd.', 'ltp': 1339}, {'symbol': 'Infosys Ltd.', 'ltp': 1007}, {'symbol': 'ITC Ltd.', 'ltp': 268}, {'symbol': 'Tata TCS', 'ltp': 2072}, {'symbol': 'L&T  Ltd.', 'ltp': 3867}, {'symbol': 'Axis Bank Ltd.', 'ltp': 1184}, {'symbol': 'SBI Bank', 'ltp': 979}, {'symbol': 'Bharti Airtel Ltd.', 'ltp': 1803}]
2026-09-24 14:46:03,479 - app - INFO - Nifty Top 10 completed
2026-09-24 14:46:04,172 - root - INFO - Midcap Upstox Service Completed
2026-09-24 14:46:04,195 - app - INFO - Midcap Top 5 completed
2026-09-24 14:46:04,197 - app - DEBUG - Inside premiumstudy with expiry date = 2026-09-29
2026-09-24 14:46:04,804 - app - INFO - Total Call premium 41207
2026-09-24 14:46:04,805 - app - INFO - Total Put Premium 120600
2026-09-24 14:46:04,809 - app - INFO - Lower Apex: 22100
2026-09-24 14:46:04,810 - app - INFO - Upper Apex: 24100
2026-09-24 14:46:04,813 - app - DEBUG - Stage1:Dataframe filtered for strike price multiples of 100 and within the apex range
2026-09-24 14:46:04,815 - app - DEBUG - Samples_Total Call LTP: 6287
2026-09-24 14:46:04,815 - app - DEBUG - Samples_Total Put LTP: 5884
2026-09-24 14:46:04,831 - app - INFO - Premium study completed
2026-09-24 14:46:05,639 - root - INFO - Main Indices Fetched Successfully
2026-09-24 14:46:05,695 - app - INFO - Main Index completed
2026-09-24 14:46:06,250 - app - DEBUG - Inside Few Strikes Dataframe                                                      0
0    {'call_options': {'instrument_key': 'NSE_FO|65...
1    {'call_options': {'instrument_key': 'NSE_FO|55...
2    {'call_options': {'instrument_key': 'NSE_FO|65...
3    {'call_options': {'instrument_key': 'NSE_FO|55...
4    {'call_options': {'instrument_key': 'NSE_FO|65...
..                                                 ...
123  {'call_options': {'instrument_key': 'NSE_FO|55...
124  {'call_options': {'instrument_key': 'NSE_FO|65...
125  {'call_options': {'instrument_key': 'NSE_FO|55...
126  {'call_options': {'instrument_key': 'NSE_FO|65...
127  {'call_options': {'instrument_key': 'NSE_FO|55...

[128 rows x 1 columns]
2026-09-24 14:46:06,251 - app - DEBUG - Type of opt_df <class 'pandas.core.frame.DataFrame'>
2026-09-24 14:46:06,252 - app - DEBUG - Print columns of opt_df RangeIndex(start=0, stop=1, step=1)
2026-09-24 14:46:06,258 - app - DEBUG - !!!!!!!!!!!!!!!!!!!!!!!!!!
2026-09-24 14:46:06,259 - app - DEBUG - sup04=22700 sup03=22800 sup02=22900 sup01=23000 roundsp=23100 res01=23200 res02=23300 res03=23400 res04=23500
2026-09-24 14:46:06,259 - app - INFO - Sorted strike Levels: [22700, 22800, 22900, 23000, 23100, 23200, 23300, 23400, 23500]
2026-09-24 14:46:06,260 - app - DEBUG - End of Few Strikes Dataframe
2026-09-24 14:46:06,320 - app - DEBUG - Filtered DataFrame with Relevant Data:
    strike_price     call_oi      put_oi  call_volume  put_volume  call_ltp  put_ltp
32       22700.0     83785.0   4428645.0       376805    39691535    449.00    25.05
34       22800.0    389805.0   6947590.0      1360710    58458465    360.90    36.65
36       22900.0    472615.0   5097300.0      2832245    56245475    279.50    54.25
38       23000.0   3785665.0  13069250.0     24130860   132264795    206.20    81.20
40       23100.0   7243145.0   7179315.0     51238720   116177035    143.40   118.70
42       23200.0  15233725.0   6564805.0    137178015   195452400     94.00   168.70
44       23300.0  13434590.0   6157645.0    120670225    98125690     58.30   232.75
46       23400.0  11161540.0   4632030.0     84200675    42471520     34.90   308.05
48       23500.0  13470600.0   5681260.0     70547035    18334420     20.85   394.40
2026-09-24 14:46:06,321 - app - DEBUG - End of Few Strikes Dataframe
2026-09-24 14:46:06,342 - app - INFO - Appended to covering.json
2026-09-24 14:46:06,777 - app - INFO - Processed PCR data and saved to JSON file
2026-09-24 14:46:06,778 - app - INFO - PCR calculation completed
2026-09-24 14:46:07,431 - app - INFO - Processed PCR data and saved to JSON file
2026-09-24 14:46:07,431 - app - INFO - PCR calculation completed
2026-09-24 14:46:07,952 - app - INFO - Processed PCR data and saved to JSON file
2026-09-24 14:46:07,953 - app - INFO - PCR calculation completed
2026-09-24 14:46:08,376 - root - DEBUG - Raw response for FUTURESSSSS NSE_FO|68407: {'data': {'NSE_FO:NIFTY26SEPFUT': {'average_price': 23196.41,
                                   'depth': {'buy': [{'orders': 2,
                                                      'price': 23122.0,
                                                      'quantity': 130},
                                                     {'orders': 1,
                                                      'price': 23121.4,
                                                      'quantity': 65},
                                                     {'orders': 1,
                                                      'price': 23120.7,
                                                      'quantity': 65},
                                                     {'orders': 1,
                                                      'price': 23120.4,
                                                      'quantity': 65},
                                                     {'orders': 1,
                                                      'price': 23120.3,
                                                      'quantity': 65}],
                                             'sell': [{'orders': 1,
                                                       'price': 23123.0,
                                                       'quantity': 65},
                                                      {'orders': 1,
                                                       'price': 23124.5,
                                                       'quantity': 195},
                                                      {'orders': 1,
                                                       'price': 23124.6,
                                                       'quantity': 65},
                                                      {'orders': 4,
                                                       'price': 23125.0,
                                                       'quantity': 390},
                                                      {'orders': 1,
                                                       'price': 23128.0,
                                                       'quantity': 65}]},
                                   'instrument_token': 'NSE_FO|68407',
                                   'last_price': 23120.5,
                                   'last_trade_time': '1790241365342',
                                   'lower_circuit_limit': 21104.9,
                                   'net_change': -329.3,
                                   'ohlc': {'close': 23120.5,
                                            'high': 23319.8,
                                            'low': 23056.0,
                                            'open': 23288.0},
                                   'oi': 15517450.0,
                                   'oi_day_high': 15667795.0,
                                   'oi_day_low': 15467790.0,
                                   'symbol': 'NIFTY26SEPFUT',
                                   'timestamp': '2026-09-24T14:46:08.067+05:30',
                                   'total_buy_quantity': 117520.0,
                                   'total_sell_quantity': 251875.0,
                                   'upper_circuit_limit': 25794.7,
                                   'volume': 3903965}},
 'status': 'success'}
2026-09-24 14:46:08,383 - app - INFO - Found Nifty Futures/SYmbols details 
2026-09-24 14:46:08,397 - schedule - DEBUG - Cancelling job "Job(interval=1, unit=days, do=job, args=(), kwargs={'access_token': 'eyJ0eXAiOiJKV1QiLCJrZXlfaWQiOiJza192MS4wIiwiYWxnIjoiSFMyNTYifQ.eyJzdWIiOiIyVUNSUkgiLCJqdGkiOiI2YWI0OWQ0MzY1ZTM1NjMyMThiODI0ODMiLCJpc011bHRpQ2xpZW50IjpmYWxzZSwiaXNQbHVzUGxhbiI6ZmFsc2UsImlhdCI6MTc5MDIyMTYzNSwiaXNzIjoidWRhcGktZ2F0ZXdheS1zZXJ2aWNlIiwiZXhwIjoxNzkwMjg3MjAwfQ.gPkX8RE9_PZjth3xrqq8UJ3F8wuVz2JXH66QIBo4uhY'})"
2026-09-24 14:51:01,248 - root - INFO - Future Instrument Price: 23124.0
2026-09-24 14:51:01,249 - root - INFO - Current India VIX: 12.7
2026-09-24 14:51:01,257 - app - INFO - IVIX: 12.7, Nifty50: 23103.0, Nifty Futures: 23124.0
2026-09-24 14:51:01,295 - app - INFO - India VIX completed
2026-09-24 14:51:01,820 - app - INFO - Nifty OHLC completed
2026-09-24 14:51:02,652 - root - INFO - Bank Nifty top 5 Upstox Service Completed
2026-09-24 14:51:02,682 - app - INFO - Bank Top 5 completed
2026-09-24 14:51:03,773 - root - INFO - Nifty 50 top 10 Upstox Service Completed
2026-09-24 14:51:03,780 - app - INFO - Structure of modified niftytop_data: <class 'list'>, [{'symbol': 'HDFC Bank Ltd.', 'ltp': 731}, {'symbol': 'Reliance Industries.', 'ltp': 1223}, {'symbol': 'ICICI Bank Ltd.', 'ltp': 1339}, {'symbol': 'Infosys Ltd.', 'ltp': 1008}, {'symbol': 'ITC Ltd.', 'ltp': 268}, {'symbol': 'Tata TCS', 'ltp': 2072}, {'symbol': 'L&T  Ltd.', 'ltp': 3873}, {'symbol': 'Axis Bank Ltd.', 'ltp': 1184}, {'symbol': 'SBI Bank', 'ltp': 980}, {'symbol': 'Bharti Airtel Ltd.', 'ltp': 1802}]
2026-09-24 14:51:03,831 - app - INFO - Nifty Top 10 completed
2026-09-24 14:51:04,714 - root - INFO - Midcap Upstox Service Completed
2026-09-24 14:51:04,762 - app - INFO - Midcap Top 5 completed
2026-09-24 14:51:04,764 - app - DEBUG - Inside premiumstudy with expiry date = 2026-09-29
2026-09-24 14:51:05,350 - app - INFO - Total Call premium 41335
2026-09-24 14:51:05,350 - app - INFO - Total Put Premium 120495
2026-09-24 14:51:05,353 - app - INFO - Lower Apex: 22100
2026-09-24 14:51:05,353 - app - INFO - Upper Apex: 24100
2026-09-24 14:51:05,355 - app - DEBUG - Stage1:Dataframe filtered for strike price multiples of 100 and within the apex range
2026-09-24 14:51:05,356 - app - DEBUG - Samples_Total Call LTP: 6319
2026-09-24 14:51:05,356 - app - DEBUG - Samples_Total Put LTP: 5829
2026-09-24 14:51:05,364 - app - INFO - Premium study completed
2026-09-24 14:51:06,272 - root - INFO - Main Indices Fetched Successfully
2026-09-24 14:51:06,345 - app - INFO - Main Index completed
2026-09-24 14:51:06,789 - app - DEBUG - Inside Few Strikes Dataframe                                                      0
0    {'call_options': {'instrument_key': 'NSE_FO|65...
1    {'call_options': {'instrument_key': 'NSE_FO|55...
2    {'call_options': {'instrument_key': 'NSE_FO|65...
3    {'call_options': {'instrument_key': 'NSE_FO|55...
4    {'call_options': {'instrument_key': 'NSE_FO|65...
..                                                 ...
123  {'call_options': {'instrument_key': 'NSE_FO|55...
124  {'call_options': {'instrument_key': 'NSE_FO|65...
125  {'call_options': {'instrument_key': 'NSE_FO|55...
126  {'call_options': {'instrument_key': 'NSE_FO|65...
127  {'call_options': {'instrument_key': 'NSE_FO|55...

[128 rows x 1 columns]
2026-09-24 14:51:06,789 - app - DEBUG - Type of opt_df <class 'pandas.core.frame.DataFrame'>
2026-09-24 14:51:06,790 - app - DEBUG - Print columns of opt_df RangeIndex(start=0, stop=1, step=1)
2026-09-24 14:51:06,792 - app - DEBUG - !!!!!!!!!!!!!!!!!!!!!!!!!!
2026-09-24 14:51:06,792 - app - DEBUG - sup04=22700 sup03=22800 sup02=22900 sup01=23000 roundsp=23100 res01=23200 res02=23300 res03=23400 res04=23500
2026-09-24 14:51:06,792 - app - INFO - Sorted strike Levels: [22700, 22800, 22900, 23000, 23100, 23200, 23300, 23400, 23500]
2026-09-24 14:51:06,792 - app - DEBUG - End of Few Strikes Dataframe
2026-09-24 14:51:06,806 - app - DEBUG - Filtered DataFrame with Relevant Data:
    strike_price     call_oi      put_oi  call_volume  put_volume  call_ltp  put_ltp
32       22700.0     82810.0   4468815.0       386880    40065155    451.00    24.10
34       22800.0    384670.0   7059845.0      1405235    59628205    362.70    35.20
36       22900.0    447655.0   5092165.0      2901210    57043545    279.30    52.70
38       23000.0   3826420.0  13256125.0     24706175   134302350    206.55    79.25
40       23100.0   7335640.0   7377045.0     52697320   117692640    143.20   116.25
42       23200.0  15225860.0   6541925.0    138472620   196139905     94.20   165.95
44       23300.0  13365950.0   6149520.0    121424160    98378800     58.40   230.30
46       23400.0  11107460.0   4640025.0     84906510    42570320     35.05   305.95
48       23500.0  13568295.0   5686785.0     71159205    18449210     21.10   392.85
2026-09-24 14:51:06,807 - app - DEBUG - End of Few Strikes Dataframe
2026-09-24 14:51:06,813 - app - INFO - Appended to covering.json
2026-09-24 14:51:07,520 - app - INFO - Processed PCR data and saved to JSON file
2026-09-24 14:51:07,521 - app - INFO - PCR calculation completed
2026-09-24 14:51:08,113 - app - INFO - Processed PCR data and saved to JSON file
2026-09-24 14:51:08,113 - app - INFO - PCR calculation completed
2026-09-24 14:51:08,635 - app - INFO - Processed PCR data and saved to JSON file
2026-09-24 14:51:08,636 - app - INFO - PCR calculation completed
2026-09-24 14:51:09,061 - root - DEBUG - Raw response for FUTURESSSSS NSE_FO|68407: {'data': {'NSE_FO:NIFTY26SEPFUT': {'average_price': 23195.64,
                                   'depth': {'buy': [{'orders': 1,
                                                      'price': 23125.1,
                                                      'quantity': 65},
                                                     {'orders': 1,
                                                      'price': 23124.8,
                                                      'quantity': 65},
                                                     {'orders': 1,
                                                      'price': 23123.5,
                                                      'quantity': 65},
                                                     {'orders': 1,
                                                      'price': 23123.2,
                                                      'quantity': 65},
                                                     {'orders': 1,
                                                      'price': 23123.1,
                                                      'quantity': 65}],
                                             'sell': [{'orders': 1,
                                                       'price': 23126.0,
                                                       'quantity': 65},
                                                      {'orders': 1,
                                                       'price': 23127.9,
                                                       'quantity': 195},
                                                      {'orders': 2,
                                                       'price': 23128.0,
                                                       'quantity': 130},
                                                      {'orders': 1,
                                                       'price': 23129.0,
                                                       'quantity': 65},
                                                      {'orders': 1,
                                                       'price': 23129.5,
                                                       'quantity': 1625}]},
                                   'instrument_token': 'NSE_FO|68407',
                                   'last_price': 23125.0,
                                   'last_trade_time': '1790241668003',
                                   'lower_circuit_limit': 21104.9,
                                   'net_change': -324.8,
                                   'ohlc': {'close': 23125.0,
                                            'high': 23319.8,
                                            'low': 23056.0,
                                            'open': 23288.0},
                                   'oi': 15511990.0,
                                   'oi_day_high': 15667795.0,
                                   'oi_day_low': 15467790.0,
                                   'symbol': 'NIFTY26SEPFUT',
                                   'timestamp': '2026-09-24T14:51:08.745+05:30',
                                   'total_buy_quantity': 114660.0,
                                   'total_sell_quantity': 252330.0,
                                   'upper_circuit_limit': 25794.7,
                                   'volume': 3944005}},
 'status': 'success'}
2026-09-24 14:51:09,070 - app - INFO - Found Nifty Futures/SYmbols details 
2026-09-24 14:51:09,084 - schedule - DEBUG - Cancelling job "Job(interval=1, unit=days, do=job, args=(), kwargs={'access_token': 'eyJ0eXAiOiJKV1QiLCJrZXlfaWQiOiJza192MS4wIiwiYWxnIjoiSFMyNTYifQ.eyJzdWIiOiIyVUNSUkgiLCJqdGkiOiI2YWI0OWQ0MzY1ZTM1NjMyMThiODI0ODMiLCJpc011bHRpQ2xpZW50IjpmYWxzZSwiaXNQbHVzUGxhbiI6ZmFsc2UsImlhdCI6MTc5MDIyMTYzNSwiaXNzIjoidWRhcGktZ2F0ZXdheS1zZXJ2aWNlIiwiZXhwIjoxNzkwMjg3MjAwfQ.gPkX8RE9_PZjth3xrqq8UJ3F8wuVz2JXH66QIBo4uhY'})"
2026-09-24 14:56:01,031 - root - INFO - Future Instrument Price: 23141.0
2026-09-24 14:56:01,032 - root - INFO - Current India VIX: 12.52
2026-09-24 14:56:01,040 - app - INFO - IVIX: 12.52, Nifty50: 23114.6, Nifty Futures: 23141.0
2026-09-24 14:56:01,074 - app - INFO - India VIX completed
2026-09-24 14:56:01,652 - app - INFO - Nifty OHLC completed
2026-09-24 14:56:02,340 - root - INFO - Bank Nifty top 5 Upstox Service Completed
2026-09-24 14:56:02,380 - app - INFO - Bank Top 5 completed
2026-09-24 14:56:03,263 - root - INFO - Nifty 50 top 10 Upstox Service Completed
2026-09-24 14:56:03,272 - app - INFO - Structure of modified niftytop_data: <class 'list'>, [{'symbol': 'HDFC Bank Ltd.', 'ltp': 732}, {'symbol': 'Reliance Industries.', 'ltp': 1223}, {'symbol': 'ICICI Bank Ltd.', 'ltp': 1340}, {'symbol': 'Infosys Ltd.', 'ltp': 1009}, {'symbol': 'ITC Ltd.', 'ltp': 268}, {'symbol': 'Tata TCS', 'ltp': 2072}, {'symbol': 'L&T  Ltd.', 'ltp': 3879}, {'symbol': 'Axis Bank Ltd.', 'ltp': 1188}, {'symbol': 'SBI Bank', 'ltp': 981}, {'symbol': 'Bharti Airtel Ltd.', 'ltp': 1802}]
2026-09-24 14:56:03,343 - app - INFO - Nifty Top 10 completed
2026-09-24 14:56:04,152 - root - INFO - Midcap Upstox Service Completed
2026-09-24 14:56:04,168 - app - INFO - Midcap Top 5 completed
2026-09-24 14:56:04,168 - app - DEBUG - Inside premiumstudy with expiry date = 2026-09-29
2026-09-24 14:56:04,731 - app - INFO - Total Call premium 41690
2026-09-24 14:56:04,732 - app - INFO - Total Put Premium 121120
2026-09-24 14:56:04,734 - app - INFO - Lower Apex: 22100
2026-09-24 14:56:04,734 - app - INFO - Upper Apex: 24100
2026-09-24 14:56:04,736 - app - DEBUG - Stage1:Dataframe filtered for strike price multiples of 100 and within the apex range
2026-09-24 14:56:04,737 - app - DEBUG - Samples_Total Call LTP: 6450
2026-09-24 14:56:04,738 - app - DEBUG - Samples_Total Put LTP: 5656
2026-09-24 14:56:04,745 - app - INFO - Premium study completed
2026-09-24 14:56:05,737 - root - INFO - Main Indices Fetched Successfully
2026-09-24 14:56:05,774 - app - INFO - Main Index completed
2026-09-24 14:56:06,283 - app - DEBUG - Inside Few Strikes Dataframe                                                      0
0    {'call_options': {'instrument_key': 'NSE_FO|65...
1    {'call_options': {'instrument_key': 'NSE_FO|55...
2    {'call_options': {'instrument_key': 'NSE_FO|65...
3    {'call_options': {'instrument_key': 'NSE_FO|55...
4    {'call_options': {'instrument_key': 'NSE_FO|65...
..                                                 ...
123  {'call_options': {'instrument_key': 'NSE_FO|55...
124  {'call_options': {'instrument_key': 'NSE_FO|65...
125  {'call_options': {'instrument_key': 'NSE_FO|55...
126  {'call_options': {'instrument_key': 'NSE_FO|65...
127  {'call_options': {'instrument_key': 'NSE_FO|55...

[128 rows x 1 columns]
2026-09-24 14:56:06,283 - app - DEBUG - Type of opt_df <class 'pandas.core.frame.DataFrame'>
2026-09-24 14:56:06,283 - app - DEBUG - Print columns of opt_df RangeIndex(start=0, stop=1, step=1)
2026-09-24 14:56:06,287 - app - DEBUG - !!!!!!!!!!!!!!!!!!!!!!!!!!
2026-09-24 14:56:06,288 - app - DEBUG - sup04=22700 sup03=22800 sup02=22900 sup01=23000 roundsp=23100 res01=23200 res02=23300 res03=23400 res04=23500
2026-09-24 14:56:06,288 - app - INFO - Sorted strike Levels: [22700, 22800, 22900, 23000, 23100, 23200, 23300, 23400, 23500]
2026-09-24 14:56:06,288 - app - DEBUG - End of Few Strikes Dataframe
2026-09-24 14:56:06,315 - app - DEBUG - Filtered DataFrame with Relevant Data:
    strike_price     call_oi      put_oi  call_volume  put_volume  call_ltp  put_ltp
32       22700.0     77025.0   4472975.0       401050    40651780    463.10    21.60
34       22800.0    374140.0   7238400.0      1450215    60979165    373.10    31.50
36       22900.0    426855.0   5042765.0      3006965    58297460    289.25    47.25
38       23000.0   3729050.0  13017315.0     25662325   136973655    213.05    72.25
40       23100.0   7084740.0   7433595.0     55286335   119867995    148.45   107.05
42       23200.0  15020460.0   6537895.0    140983440   197253160     96.95   155.05
44       23300.0  13114270.0   6111950.0    122963100    98763730     59.40   217.50
46       23400.0  10924095.0   4564040.0     86134230    42796195     35.15   292.70
48       23500.0  13659230.0   5666765.0     72042360    18615415     20.70   377.30
2026-09-24 14:56:06,315 - app - DEBUG - End of Few Strikes Dataframe
2026-09-24 14:56:06,321 - app - INFO - Appended to covering.json
2026-09-24 14:56:06,781 - app - INFO - Processed PCR data and saved to JSON file
2026-09-24 14:56:06,781 - app - INFO - PCR calculation completed
2026-09-24 14:56:07,535 - app - INFO - Processed PCR data and saved to JSON file
2026-09-24 14:56:07,536 - app - INFO - PCR calculation completed
2026-09-24 14:56:08,316 - app - INFO - Processed PCR data and saved to JSON file
2026-09-24 14:56:08,316 - app - INFO - PCR calculation completed
2026-09-24 14:56:08,653 - root - DEBUG - Raw response for FUTURESSSSS NSE_FO|68407: {'data': {'NSE_FO:NIFTY26SEPFUT': {'average_price': 23194.99,
                                   'depth': {'buy': [{'orders': 1,
                                                      'price': 23138.0,
                                                      'quantity': 65},
                                                     {'orders': 1,
                                                      'price': 23137.9,
                                                      'quantity': 65},
                                                     {'orders': 1,
                                                      'price': 23137.0,
                                                      'quantity': 65},
                                                     {'orders': 2,
                                                      'price': 23136.9,
                                                      'quantity': 130},
                                                     {'orders': 1,
                                                      'price': 23136.4,
                                                      'quantity': 65}],
                                             'sell': [{'orders': 2,
                                                       'price': 23142.0,
                                                       'quantity': 260},
                                                      {'orders': 1,
                                                       'price': 23142.9,
                                                       'quantity': 65},
                                                      {'orders': 5,
                                                       'price': 23144.0,
                                                       'quantity': 390},
                                                      {'orders': 13,
                                                       'price': 23145.0,
                                                       'quantity': 1040},
                                                      {'orders': 1,
                                                       'price': 23146.0,
                                                       'quantity': 195}]},
                                   'instrument_token': 'NSE_FO|68407',
                                   'last_price': 23137.1,
                                   'last_trade_time': '1790241965426',
                                   'lower_circuit_limit': 21104.9,
                                   'net_change': -312.7,
                                   'ohlc': {'close': 23137.1,
                                            'high': 23319.8,
                                            'low': 23056.0,
                                            'open': 23288.0},
                                   'oi': 15497300.0,
                                   'oi_day_high': 15667795.0,
                                   'oi_day_low': 15467790.0,
                                   'symbol': 'NIFTY26SEPFUT',
                                   'timestamp': '2026-09-24T14:56:08.35+05:30',
                                   'total_buy_quantity': 118950.0,
                                   'total_sell_quantity': 250120.0,
                                   'upper_circuit_limit': 25794.7,
                                   'volume': 3986645}},
 'status': 'success'}
2026-09-24 14:56:08,660 - app - INFO - Found Nifty Futures/SYmbols details 
2026-09-24 14:56:08,672 - schedule - DEBUG - Cancelling job "Job(interval=1, unit=days, do=job, args=(), kwargs={'access_token': 'eyJ0eXAiOiJKV1QiLCJrZXlfaWQiOiJza192MS4wIiwiYWxnIjoiSFMyNTYifQ.eyJzdWIiOiIyVUNSUkgiLCJqdGkiOiI2YWI0OWQ0MzY1ZTM1NjMyMThiODI0ODMiLCJpc011bHRpQ2xpZW50IjpmYWxzZSwiaXNQbHVzUGxhbiI6ZmFsc2UsImlhdCI6MTc5MDIyMTYzNSwiaXNzIjoidWRhcGktZ2F0ZXdheS1zZXJ2aWNlIiwiZXhwIjoxNzkwMjg3MjAwfQ.gPkX8RE9_PZjth3xrqq8UJ3F8wuVz2JXH66QIBo4uhY'})"
2026-09-24 15:01:01,573 - root - INFO - Future Instrument Price: 23111.0
2026-09-24 15:01:01,573 - root - INFO - Current India VIX: 12.71
2026-09-24 15:01:01,583 - app - INFO - IVIX: 12.71, Nifty50: 23097.1, Nifty Futures: 23111.0
2026-09-24 15:01:01,618 - app - INFO - India VIX completed
2026-09-24 15:01:02,075 - app - INFO - Nifty OHLC completed
2026-09-24 15:01:03,060 - root - INFO - Bank Nifty top 5 Upstox Service Completed
2026-09-24 15:01:03,112 - app - INFO - Bank Top 5 completed
2026-09-24 15:01:04,114 - root - INFO - Nifty 50 top 10 Upstox Service Completed
2026-09-24 15:01:04,123 - app - INFO - Structure of modified niftytop_data: <class 'list'>, [{'symbol': 'HDFC Bank Ltd.', 'ltp': 731}, {'symbol': 'Reliance Industries.', 'ltp': 1222}, {'symbol': 'ICICI Bank Ltd.', 'ltp': 1338}, {'symbol': 'Infosys Ltd.', 'ltp': 1010}, {'symbol': 'ITC Ltd.', 'ltp': 268}, {'symbol': 'Tata TCS', 'ltp': 2070}, {'symbol': 'L&T  Ltd.', 'ltp': 3873}, {'symbol': 'Axis Bank Ltd.', 'ltp': 1190}, {'symbol': 'SBI Bank', 'ltp': 980}, {'symbol': 'Bharti Airtel Ltd.', 'ltp': 1800}]
2026-09-24 15:01:04,179 - app - INFO - Nifty Top 10 completed
2026-09-24 15:01:05,078 - root - INFO - Midcap Upstox Service Completed
2026-09-24 15:01:05,132 - app - INFO - Midcap Top 5 completed
2026-09-24 15:01:05,133 - app - DEBUG - Inside premiumstudy with expiry date = 2026-09-29
2026-09-24 15:01:05,699 - app - INFO - Total Call premium 41336
2026-09-24 15:01:05,700 - app - INFO - Total Put Premium 121774
2026-09-24 15:01:05,703 - app - INFO - Lower Apex: 22100
2026-09-24 15:01:05,703 - app - INFO - Upper Apex: 24100
2026-09-24 15:01:05,704 - app - DEBUG - Stage1:Dataframe filtered for strike price multiples of 100 and within the apex range
2026-09-24 15:01:05,705 - app - DEBUG - Samples_Total Call LTP: 6289
2026-09-24 15:01:05,705 - app - DEBUG - Samples_Total Put LTP: 5952
2026-09-24 15:01:05,712 - app - INFO - Premium study completed
2026-09-24 15:01:06,619 - root - INFO - Main Indices Fetched Successfully
2026-09-24 15:01:06,683 - app - INFO - Main Index completed
2026-09-24 15:01:07,382 - app - DEBUG - Inside Few Strikes Dataframe                                                      0
0    {'call_options': {'instrument_key': 'NSE_FO|65...
1    {'call_options': {'instrument_key': 'NSE_FO|55...
2    {'call_options': {'instrument_key': 'NSE_FO|65...
3    {'call_options': {'instrument_key': 'NSE_FO|55...
4    {'call_options': {'instrument_key': 'NSE_FO|65...
..                                                 ...
123  {'call_options': {'instrument_key': 'NSE_FO|55...
124  {'call_options': {'instrument_key': 'NSE_FO|65...
125  {'call_options': {'instrument_key': 'NSE_FO|55...
126  {'call_options': {'instrument_key': 'NSE_FO|65...
127  {'call_options': {'instrument_key': 'NSE_FO|55...

[128 rows x 1 columns]
2026-09-24 15:01:07,383 - app - DEBUG - Type of opt_df <class 'pandas.core.frame.DataFrame'>
2026-09-24 15:01:07,383 - app - DEBUG - Print columns of opt_df RangeIndex(start=0, stop=1, step=1)
2026-09-24 15:01:07,388 - app - DEBUG - !!!!!!!!!!!!!!!!!!!!!!!!!!
2026-09-24 15:01:07,388 - app - DEBUG - sup04=22700 sup03=22800 sup02=22900 sup01=23000 roundsp=23100 res01=23200 res02=23300 res03=23400 res04=23500
2026-09-24 15:01:07,388 - app - INFO - Sorted strike Levels: [22700, 22800, 22900, 23000, 23100, 23200, 23300, 23400, 23500]
2026-09-24 15:01:07,389 - app - DEBUG - End of Few Strikes Dataframe
2026-09-24 15:01:07,444 - app - DEBUG - Filtered DataFrame with Relevant Data:
    strike_price     call_oi      put_oi  call_volume  put_volume  call_ltp  put_ltp
32       22700.0     73840.0   4445545.0       409695    41393820    440.00    25.90
34       22800.0    377650.0   7367295.0      1501240    62120305    353.20    37.90
36       22900.0    435305.0   5009615.0      3082495    59534540    271.15    55.90
38       23000.0   3646175.0  13033565.0     26232050   139269325    198.90    83.80
40       23100.0   7028710.0   7630740.0     57333770   122908955    137.15   122.40
42       23200.0  14821820.0   6481020.0    143134680   198633695     89.35   173.55
44       23300.0  12969450.0   6091800.0    124182370    99257405     55.15   238.85
46       23400.0  10842845.0   4554745.0     87269065    43048655     32.75   315.00
48       23500.0  13747630.0   5673785.0     73362250    18729230     19.60   404.85
2026-09-24 15:01:07,445 - app - DEBUG - End of Few Strikes Dataframe
2026-09-24 15:01:07,467 - app - INFO - Appended to covering.json
2026-09-24 15:01:08,054 - app - INFO - Processed PCR data and saved to JSON file
2026-09-24 15:01:08,055 - app - INFO - PCR calculation completed
2026-09-24 15:01:08,633 - app - INFO - Processed PCR data and saved to JSON file
2026-09-24 15:01:08,633 - app - INFO - PCR calculation completed
2026-09-24 15:01:09,308 - app - INFO - Processed PCR data and saved to JSON file
2026-09-24 15:01:09,308 - app - INFO - PCR calculation completed
2026-09-24 15:01:09,889 - root - DEBUG - Raw response for FUTURESSSSS NSE_FO|68407: {'data': {'NSE_FO:NIFTY26SEPFUT': {'average_price': 23194.43,
                                   'depth': {'buy': [{'orders': 1,
                                                      'price': 23109.6,
                                                      'quantity': 65},
                                                     {'orders': 1,
                                                      'price': 23109.3,
                                                      'quantity': 65},
                                                     {'orders': 1,
                                                      'price': 23108.8,
                                                      'quantity': 65},
                                                     {'orders': 1,
                                                      'price': 23108.7,
                                                      'quantity': 325},
                                                     {'orders': 1,
                                                      'price': 23108.5,
                                                      'quantity': 715}],
                                             'sell': [{'orders': 2,
                                                       'price': 23117.9,
                                                       'quantity': 260},
                                                      {'orders': 1,
                                                       'price': 23118.0,
                                                       'quantity': 65},
                                                      {'orders': 1,
                                                       'price': 23120.9,
                                                       'quantity': 130},
                                                      {'orders': 1,
                                                       'price': 23121.8,
                                                       'quantity': 520},
                                                      {'orders': 1,
                                                       'price': 23121.9,
                                                       'quantity': 65}]},
                                   'instrument_token': 'NSE_FO|68407',
                                   'last_price': 23113.7,
                                   'last_trade_time': '1790242268768',
                                   'lower_circuit_limit': 21104.9,
                                   'net_change': -336.1,
                                   'ohlc': {'close': 23113.7,
                                            'high': 23319.8,
                                            'low': 23056.0,
                                            'open': 23288.0},
                                   'oi': 15501005.0,
                                   'oi_day_high': 15667795.0,
                                   'oi_day_low': 15467790.0,
                                   'symbol': 'NIFTY26SEPFUT',
                                   'timestamp': '2026-09-24T15:01:09.567+05:30',
                                   'total_buy_quantity': 120770.0,
                                   'total_sell_quantity': 262600.0,
                                   'upper_circuit_limit': 25794.7,
                                   'volume': 4019340}},
 'status': 'success'}
2026-09-24 15:01:09,895 - app - INFO - Found Nifty Futures/SYmbols details 
2026-09-24 15:01:09,908 - schedule - DEBUG - Cancelling job "Job(interval=1, unit=days, do=job, args=(), kwargs={'access_token': 'eyJ0eXAiOiJKV1QiLCJrZXlfaWQiOiJza192MS4wIiwiYWxnIjoiSFMyNTYifQ.eyJzdWIiOiIyVUNSUkgiLCJqdGkiOiI2YWI0OWQ0MzY1ZTM1NjMyMThiODI0ODMiLCJpc011bHRpQ2xpZW50IjpmYWxzZSwiaXNQbHVzUGxhbiI6ZmFsc2UsImlhdCI6MTc5MDIyMTYzNSwiaXNzIjoidWRhcGktZ2F0ZXdheS1zZXJ2aWNlIiwiZXhwIjoxNzkwMjg3MjAwfQ.gPkX8RE9_PZjth3xrqq8UJ3F8wuVz2JXH66QIBo4uhY'})"
2026-09-24 15:06:00,794 - root - INFO - Future Instrument Price: 23124.9
2026-09-24 15:06:00,794 - root - INFO - Current India VIX: 12.69
2026-09-24 15:06:00,803 - app - INFO - IVIX: 12.69, Nifty50: 23100.75, Nifty Futures: 23124.9
2026-09-24 15:06:00,840 - app - INFO - India VIX completed
2026-09-24 15:06:01,201 - app - INFO - Nifty OHLC completed
2026-09-24 15:06:01,998 - root - INFO - Bank Nifty top 5 Upstox Service Completed
2026-09-24 15:06:02,047 - app - INFO - Bank Top 5 completed
2026-09-24 15:06:03,094 - root - INFO - Nifty 50 top 10 Upstox Service Completed
2026-09-24 15:06:03,103 - app - INFO - Structure of modified niftytop_data: <class 'list'>, [{'symbol': 'HDFC Bank Ltd.', 'ltp': 731}, {'symbol': 'Reliance Industries.', 'ltp': 1222}, {'symbol': 'ICICI Bank Ltd.', 'ltp': 1339}, {'symbol': 'Infosys Ltd.', 'ltp': 1011}, {'symbol': 'ITC Ltd.', 'ltp': 268}, {'symbol': 'Tata TCS', 'ltp': 2070}, {'symbol': 'L&T  Ltd.', 'ltp': 3873}, {'symbol': 'Axis Bank Ltd.', 'ltp': 1192}, {'symbol': 'SBI Bank', 'ltp': 980}, {'symbol': 'Bharti Airtel Ltd.', 'ltp': 1800}]
2026-09-24 15:06:03,157 - app - INFO - Nifty Top 10 completed
2026-09-24 15:06:03,861 - root - INFO - Midcap Upstox Service Completed
2026-09-24 15:06:03,914 - app - INFO - Midcap Top 5 completed
2026-09-24 15:06:03,916 - app - DEBUG - Inside premiumstudy with expiry date = 2026-09-29
2026-09-24 15:06:04,364 - app - INFO - Total Call premium 41401
2026-09-24 15:06:04,364 - app - INFO - Total Put Premium 121612
2026-09-24 15:06:04,365 - app - INFO - Lower Apex: 22100
2026-09-24 15:06:04,366 - app - INFO - Upper Apex: 24100
2026-09-24 15:06:04,366 - app - DEBUG - Stage1:Dataframe filtered for strike price multiples of 100 and within the apex range
2026-09-24 15:06:04,367 - app - DEBUG - Samples_Total Call LTP: 6325
2026-09-24 15:06:04,367 - app - DEBUG - Samples_Total Put LTP: 5851
2026-09-24 15:06:04,375 - app - INFO - Premium study completed
2026-09-24 15:06:05,261 - root - INFO - Main Indices Fetched Successfully
2026-09-24 15:06:05,320 - app - INFO - Main Index completed
2026-09-24 15:06:06,095 - app - DEBUG - Inside Few Strikes Dataframe                                                      0
0    {'call_options': {'instrument_key': 'NSE_FO|65...
1    {'call_options': {'instrument_key': 'NSE_FO|55...
2    {'call_options': {'instrument_key': 'NSE_FO|65...
3    {'call_options': {'instrument_key': 'NSE_FO|55...
4    {'call_options': {'instrument_key': 'NSE_FO|65...
..                                                 ...
123  {'call_options': {'instrument_key': 'NSE_FO|55...
124  {'call_options': {'instrument_key': 'NSE_FO|65...
125  {'call_options': {'instrument_key': 'NSE_FO|55...
126  {'call_options': {'instrument_key': 'NSE_FO|65...
127  {'call_options': {'instrument_key': 'NSE_FO|55...

[128 rows x 1 columns]
2026-09-24 15:06:06,095 - app - DEBUG - Type of opt_df <class 'pandas.core.frame.DataFrame'>
2026-09-24 15:06:06,096 - app - DEBUG - Print columns of opt_df RangeIndex(start=0, stop=1, step=1)
2026-09-24 15:06:06,101 - app - DEBUG - !!!!!!!!!!!!!!!!!!!!!!!!!!
2026-09-24 15:06:06,102 - app - DEBUG - sup04=22700 sup03=22800 sup02=22900 sup01=23000 roundsp=23100 res01=23200 res02=23300 res03=23400 res04=23500
2026-09-24 15:06:06,102 - app - INFO - Sorted strike Levels: [22700, 22800, 22900, 23000, 23100, 23200, 23300, 23400, 23500]
2026-09-24 15:06:06,102 - app - DEBUG - End of Few Strikes Dataframe
2026-09-24 15:06:06,143 - app - DEBUG - Filtered DataFrame with Relevant Data:
    strike_price     call_oi      put_oi  call_volume  put_volume  call_ltp  put_ltp
32       22700.0     70200.0   4353960.0       421265    41918370    448.50    24.15
34       22800.0    367315.0   7289165.0      1559610    63061115    359.90    35.30
36       22900.0    428285.0   5678530.0      3152305    61020765    277.15    52.80
38       23000.0   3510455.0  13101945.0     26724815   141818300    203.40    79.95
40       23100.0   6971705.0   8189480.0     58883305   125378305    141.05   117.25
42       23200.0  14526785.0   6378580.0    144695720   199669275     91.75   166.80
44       23300.0  12885340.0   6072040.0    125435830    99697715     56.35   231.55
46       23400.0  10520835.0   4447430.0     88825295    43317105     33.60   309.00
48       23500.0  13668720.0   5655650.0     74498645    18869305     20.05   393.95
2026-09-24 15:06:06,144 - app - DEBUG - End of Few Strikes Dataframe
2026-09-24 15:06:06,152 - app - INFO - Appended to covering.json
2026-09-24 15:06:06,668 - app - INFO - Processed PCR data and saved to JSON file
2026-09-24 15:06:06,669 - app - INFO - PCR calculation completed
2026-09-24 15:06:07,253 - app - INFO - Processed PCR data and saved to JSON file
2026-09-24 15:06:07,253 - app - INFO - PCR calculation completed
2026-09-24 15:06:07,894 - app - INFO - Processed PCR data and saved to JSON file
2026-09-24 15:06:07,895 - app - INFO - PCR calculation completed
2026-09-24 15:06:08,516 - root - DEBUG - Raw response for FUTURESSSSS NSE_FO|68407: {'data': {'NSE_FO:NIFTY26SEPFUT': {'average_price': 23193.51,
                                   'depth': {'buy': [{'orders': 1,
                                                      'price': 23119.8,
                                                      'quantity': 65},
                                                     {'orders': 1,
                                                      'price': 23119.5,
                                                      'quantity': 975},
                                                     {'orders': 1,
                                                      'price': 23119.3,
                                                      'quantity': 65},
                                                     {'orders': 2,
                                                      'price': 23119.2,
                                                      'quantity': 130},
                                                     {'orders': 3,
                                                      'price': 23119.1,
                                                      'quantity': 260}],
                                             'sell': [{'orders': 2,
                                                       'price': 23124.9,
                                                       'quantity': 260},
                                                      {'orders': 2,
                                                       'price': 23125.0,
                                                       'quantity': 130},
                                                      {'orders': 1,
                                                       'price': 23129.5,
                                                       'quantity': 65},
                                                      {'orders': 1,
                                                       'price': 23130.0,
                                                       'quantity': 65},
                                                      {'orders': 1,
                                                       'price': 23130.6,
                                                       'quantity': 65}]},
                                   'instrument_token': 'NSE_FO|68407',
                                   'last_price': 23120.0,
                                   'last_trade_time': '1790242567376',
                                   'lower_circuit_limit': 21104.9,
                                   'net_change': -329.8,
                                   'ohlc': {'close': 23120.0,
                                            'high': 23319.8,
                                            'low': 23056.0,
                                            'open': 23288.0},
                                   'oi': 15504385.0,
                                   'oi_day_high': 15667795.0,
                                   'oi_day_low': 15467790.0,
                                   'symbol': 'NIFTY26SEPFUT',
                                   'timestamp': '2026-09-24T15:06:08.192+05:30',
                                   'total_buy_quantity': 111930.0,
                                   'total_sell_quantity': 258245.0,
                                   'upper_circuit_limit': 25794.7,
                                   'volume': 4072575}},
 'status': 'success'}
2026-09-24 15:06:08,523 - app - INFO - Found Nifty Futures/SYmbols details 
2026-09-24 15:06:08,534 - schedule - DEBUG - Cancelling job "Job(interval=1, unit=days, do=job, args=(), kwargs={'access_token': 'eyJ0eXAiOiJKV1QiLCJrZXlfaWQiOiJza192MS4wIiwiYWxnIjoiSFMyNTYifQ.eyJzdWIiOiIyVUNSUkgiLCJqdGkiOiI2YWI0OWQ0MzY1ZTM1NjMyMThiODI0ODMiLCJpc011bHRpQ2xpZW50IjpmYWxzZSwiaXNQbHVzUGxhbiI6ZmFsc2UsImlhdCI6MTc5MDIyMTYzNSwiaXNzIjoidWRhcGktZ2F0ZXdheS1zZXJ2aWNlIiwiZXhwIjoxNzkwMjg3MjAwfQ.gPkX8RE9_PZjth3xrqq8UJ3F8wuVz2JXH66QIBo4uhY'})"
2026-09-24 15:11:01,280 - root - INFO - Future Instrument Price: 23121.5
2026-09-24 15:11:01,281 - root - INFO - Current India VIX: 12.71
2026-09-24 15:11:01,289 - app - INFO - IVIX: 12.71, Nifty50: 23087.5, Nifty Futures: 23121.5
2026-09-24 15:11:01,322 - app - INFO - India VIX completed
2026-09-24 15:11:01,777 - app - INFO - Nifty OHLC completed
2026-09-24 15:11:02,348 - root - INFO - Bank Nifty top 5 Upstox Service Completed
2026-09-24 15:11:02,403 - app - INFO - Bank Top 5 completed
2026-09-24 15:11:03,186 - root - INFO - Nifty 50 top 10 Upstox Service Completed
2026-09-24 15:11:03,196 - app - INFO - Structure of modified niftytop_data: <class 'list'>, [{'symbol': 'HDFC Bank Ltd.', 'ltp': 730}, {'symbol': 'Reliance Industries.', 'ltp': 1221}, {'symbol': 'ICICI Bank Ltd.', 'ltp': 1338}, {'symbol': 'Infosys Ltd.', 'ltp': 1011}, {'symbol': 'ITC Ltd.', 'ltp': 267}, {'symbol': 'Tata TCS', 'ltp': 2071}, {'symbol': 'L&T  Ltd.', 'ltp': 3870}, {'symbol': 'Axis Bank Ltd.', 'ltp': 1193}, {'symbol': 'SBI Bank', 'ltp': 980}, {'symbol': 'Bharti Airtel Ltd.', 'ltp': 1802}]
2026-09-24 15:11:03,242 - app - INFO - Nifty Top 10 completed
2026-09-24 15:11:03,977 - root - INFO - Midcap Upstox Service Completed
2026-09-24 15:11:04,048 - app - INFO - Midcap Top 5 completed
2026-09-24 15:11:04,048 - app - DEBUG - Inside premiumstudy with expiry date = 2026-09-29
2026-09-24 15:11:04,474 - app - INFO - Total Call premium 41284
2026-09-24 15:11:04,475 - app - INFO - Total Put Premium 121881
2026-09-24 15:11:04,479 - app - INFO - Lower Apex: 22100
2026-09-24 15:11:04,479 - app - INFO - Upper Apex: 24100
2026-09-24 15:11:04,483 - app - DEBUG - Stage1:Dataframe filtered for strike price multiples of 100 and within the apex range
2026-09-24 15:11:04,484 - app - DEBUG - Samples_Total Call LTP: 6284
2026-09-24 15:11:04,484 - app - DEBUG - Samples_Total Put LTP: 5937
2026-09-24 15:11:04,496 - app - INFO - Premium study completed
2026-09-24 15:11:05,139 - root - INFO - Main Indices Fetched Successfully
2026-09-24 15:11:05,207 - app - INFO - Main Index completed
2026-09-24 15:11:05,774 - app - DEBUG - Inside Few Strikes Dataframe                                                      0
0    {'call_options': {'instrument_key': 'NSE_FO|65...
1    {'call_options': {'instrument_key': 'NSE_FO|55...
2    {'call_options': {'instrument_key': 'NSE_FO|65...
3    {'call_options': {'instrument_key': 'NSE_FO|55...
4    {'call_options': {'instrument_key': 'NSE_FO|65...
..                                                 ...
123  {'call_options': {'instrument_key': 'NSE_FO|55...
124  {'call_options': {'instrument_key': 'NSE_FO|65...
125  {'call_options': {'instrument_key': 'NSE_FO|55...
126  {'call_options': {'instrument_key': 'NSE_FO|65...
127  {'call_options': {'instrument_key': 'NSE_FO|55...

[128 rows x 1 columns]
2026-09-24 15:11:05,775 - app - DEBUG - Type of opt_df <class 'pandas.core.frame.DataFrame'>
2026-09-24 15:11:05,775 - app - DEBUG - Print columns of opt_df RangeIndex(start=0, stop=1, step=1)
2026-09-24 15:11:05,779 - app - DEBUG - !!!!!!!!!!!!!!!!!!!!!!!!!!
2026-09-24 15:11:05,779 - app - DEBUG - sup04=22700 sup03=22800 sup02=22900 sup01=23000 roundsp=23100 res01=23200 res02=23300 res03=23400 res04=23500
2026-09-24 15:11:05,779 - app - INFO - Sorted strike Levels: [22700, 22800, 22900, 23000, 23100, 23200, 23300, 23400, 23500]
2026-09-24 15:11:05,780 - app - DEBUG - End of Few Strikes Dataframe
2026-09-24 15:11:05,806 - app - DEBUG - Filtered DataFrame with Relevant Data:
    strike_price     call_oi      put_oi  call_volume  put_volume  call_ltp  put_ltp
32       22700.0     67730.0   4336475.0       434850    42361995    438.65    24.85
34       22800.0    384020.0   7183020.0      1627925    64135890    349.80    36.70
36       22900.0    429520.0   5635890.0      3224455    61899370    268.20    54.80
38       23000.0   3362580.0  13071200.0     27549860   144057225    196.00    83.60
40       23100.0   7049315.0   8437650.0     60619195   128167455    135.15   122.50
42       23200.0  14028755.0   6062225.0    146848585   201066190     87.40   174.45
44       23300.0  13046670.0   6043375.0    127197265   100156550     53.70   239.35
46       23400.0  10437310.0   4429165.0     90058670    43531605     32.25   318.10
48       23500.0  13252395.0   5668780.0     75863450    19007885     19.45   404.50
2026-09-24 15:11:05,807 - app - DEBUG - End of Few Strikes Dataframe
2026-09-24 15:11:05,829 - app - INFO - Appended to covering.json
2026-09-24 15:11:06,255 - app - INFO - Processed PCR data and saved to JSON file
2026-09-24 15:11:06,255 - app - INFO - PCR calculation completed
2026-09-24 15:11:06,809 - app - INFO - Processed PCR data and saved to JSON file
2026-09-24 15:11:06,809 - app - INFO - PCR calculation completed
2026-09-24 15:11:07,456 - app - INFO - Processed PCR data and saved to JSON file
2026-09-24 15:11:07,457 - app - INFO - PCR calculation completed
2026-09-24 15:11:07,922 - root - DEBUG - Raw response for FUTURESSSSS NSE_FO|68407: {'data': {'NSE_FO:NIFTY26SEPFUT': {'average_price': 23192.8,
                                   'depth': {'buy': [{'orders': 1,
                                                      'price': 23110.0,
                                                      'quantity': 65},
                                                     {'orders': 1,
                                                      'price': 23107.8,
                                                      'quantity': 65},
                                                     {'orders': 1,
                                                      'price': 23107.5,
                                                      'quantity': 65},
                                                     {'orders': 2,
                                                      'price': 23107.4,
                                                      'quantity': 325},
                                                     {'orders': 2,
                                                      'price': 23107.3,
                                                      'quantity': 715}],
                                             'sell': [{'orders': 1,
                                                       'price': 23120.9,
                                                       'quantity': 65},
                                                      {'orders': 1,
                                                       'price': 23121.0,
                                                       'quantity': 65},
                                                      {'orders': 1,
                                                       'price': 23121.1,
                                                       'quantity': 325},
                                                      {'orders': 1,
                                                       'price': 23121.2,
                                                       'quantity': 325},
                                                      {'orders': 3,
                                                       'price': 23121.4,
                                                       'quantity': 715}]},
                                   'instrument_token': 'NSE_FO|68407',
                                   'last_price': 23120.7,
                                   'last_trade_time': '1790242867076',
                                   'lower_circuit_limit': 21104.9,
                                   'net_change': -329.1,
                                   'ohlc': {'close': 23120.7,
                                            'high': 23319.8,
                                            'low': 23056.0,
                                            'open': 23288.0},
                                   'oi': 15486575.0,
                                   'oi_day_high': 15667795.0,
                                   'oi_day_low': 15467790.0,
                                   'symbol': 'NIFTY26SEPFUT',
                                   'timestamp': '2026-09-24T15:11:07.599+05:30',
                                   'total_buy_quantity': 121875.0,
                                   'total_sell_quantity': 258635.0,
                                   'upper_circuit_limit': 25794.7,
                                   'volume': 4111055}},
 'status': 'success'}
2026-09-24 15:11:07,930 - app - INFO - Found Nifty Futures/SYmbols details 
2026-09-24 15:11:07,942 - schedule - DEBUG - Cancelling job "Job(interval=1, unit=days, do=job, args=(), kwargs={'access_token': 'eyJ0eXAiOiJKV1QiLCJrZXlfaWQiOiJza192MS4wIiwiYWxnIjoiSFMyNTYifQ.eyJzdWIiOiIyVUNSUkgiLCJqdGkiOiI2YWI0OWQ0MzY1ZTM1NjMyMThiODI0ODMiLCJpc011bHRpQ2xpZW50IjpmYWxzZSwiaXNQbHVzUGxhbiI6ZmFsc2UsImlhdCI6MTc5MDIyMTYzNSwiaXNzIjoidWRhcGktZ2F0ZXdheS1zZXJ2aWNlIiwiZXhwIjoxNzkwMjg3MjAwfQ.gPkX8RE9_PZjth3xrqq8UJ3F8wuVz2JXH66QIBo4uhY'})"
2026-09-24 15:16:00,837 - root - INFO - Future Instrument Price: 23115.1
2026-09-24 15:16:00,838 - root - INFO - Current India VIX: 12.75
2026-09-24 15:16:00,846 - app - INFO - IVIX: 12.75, Nifty50: 23085.6, Nifty Futures: 23115.1
2026-09-24 15:16:00,871 - app - INFO - India VIX completed
2026-09-24 15:16:01,249 - app - INFO - Nifty OHLC completed
2026-09-24 15:16:02,131 - root - INFO - Bank Nifty top 5 Upstox Service Completed
2026-09-24 15:16:02,176 - app - INFO - Bank Top 5 completed
2026-09-24 15:16:03,040 - root - INFO - Nifty 50 top 10 Upstox Service Completed
2026-09-24 15:16:03,046 - app - INFO - Structure of modified niftytop_data: <class 'list'>, [{'symbol': 'HDFC Bank Ltd.', 'ltp': 730}, {'symbol': 'Reliance Industries.', 'ltp': 1221}, {'symbol': 'ICICI Bank Ltd.', 'ltp': 1336}, {'symbol': 'Infosys Ltd.', 'ltp': 1011}, {'symbol': 'ITC Ltd.', 'ltp': 268}, {'symbol': 'Tata TCS', 'ltp': 2074}, {'symbol': 'L&T  Ltd.', 'ltp': 3866}, {'symbol': 'Axis Bank Ltd.', 'ltp': 1192}, {'symbol': 'SBI Bank', 'ltp': 978}, {'symbol': 'Bharti Airtel Ltd.', 'ltp': 1801}]
2026-09-24 15:16:03,113 - app - INFO - Nifty Top 10 completed
2026-09-24 15:16:03,957 - root - INFO - Midcap Upstox Service Completed
2026-09-24 15:16:04,003 - app - INFO - Midcap Top 5 completed
2026-09-24 15:16:04,005 - app - DEBUG - Inside premiumstudy with expiry date = 2026-09-29
2026-09-24 15:16:04,629 - app - INFO - Total Call premium 41163
2026-09-24 15:16:04,629 - app - INFO - Total Put Premium 122190
2026-09-24 15:16:04,631 - app - INFO - Lower Apex: 22100
2026-09-24 15:16:04,631 - app - INFO - Upper Apex: 24100
2026-09-24 15:16:04,632 - app - DEBUG - Stage1:Dataframe filtered for strike price multiples of 100 and within the apex range
2026-09-24 15:16:04,633 - app - DEBUG - Samples_Total Call LTP: 6234
2026-09-24 15:16:04,633 - app - DEBUG - Samples_Total Put LTP: 5984
2026-09-24 15:16:04,638 - app - INFO - Premium study completed
2026-09-24 15:16:05,316 - root - INFO - Main Indices Fetched Successfully
2026-09-24 15:16:05,366 - app - INFO - Main Index completed
2026-09-24 15:16:06,049 - app - DEBUG - Inside Few Strikes Dataframe                                                      0
0    {'call_options': {'instrument_key': 'NSE_FO|65...
1    {'call_options': {'instrument_key': 'NSE_FO|55...
2    {'call_options': {'instrument_key': 'NSE_FO|65...
3    {'call_options': {'instrument_key': 'NSE_FO|55...
4    {'call_options': {'instrument_key': 'NSE_FO|65...
..                                                 ...
123  {'call_options': {'instrument_key': 'NSE_FO|55...
124  {'call_options': {'instrument_key': 'NSE_FO|65...
125  {'call_options': {'instrument_key': 'NSE_FO|55...
126  {'call_options': {'instrument_key': 'NSE_FO|65...
127  {'call_options': {'instrument_key': 'NSE_FO|55...

[128 rows x 1 columns]
2026-09-24 15:16:06,050 - app - DEBUG - Type of opt_df <class 'pandas.core.frame.DataFrame'>
2026-09-24 15:16:06,050 - app - DEBUG - Print columns of opt_df RangeIndex(start=0, stop=1, step=1)
2026-09-24 15:16:06,056 - app - DEBUG - !!!!!!!!!!!!!!!!!!!!!!!!!!
2026-09-24 15:16:06,057 - app - DEBUG - sup04=22700 sup03=22800 sup02=22900 sup01=23000 roundsp=23100 res01=23200 res02=23300 res03=23400 res04=23500
2026-09-24 15:16:06,058 - app - INFO - Sorted strike Levels: [22700, 22800, 22900, 23000, 23100, 23200, 23300, 23400, 23500]
2026-09-24 15:16:06,058 - app - DEBUG - End of Few Strikes Dataframe
2026-09-24 15:16:06,119 - app - DEBUG - Filtered DataFrame with Relevant Data:
    strike_price     call_oi      put_oi  call_volume  put_volume  call_ltp  put_ltp
32       22700.0     68835.0   4338555.0       448825    42882645    435.45    25.00
34       22800.0    358605.0   7081100.0      1727440    65675870    347.80    36.70
36       22900.0    410540.0   5660655.0      3367195    62774400    265.35    54.70
38       23000.0   3305770.0  13169870.0     28226770   146529305    193.10    83.35
40       23100.0   7227805.0   8243040.0     62456095   130860340    132.30   122.40
42       23200.0  13522600.0   5655260.0    149249165   202602595     85.55   175.15
44       23300.0  12878125.0   5980650.0    128778000   100657505     52.80   241.35
46       23400.0  10471500.0   4396795.0     91234455    43772495     32.00   319.50
48       23500.0  13224705.0   5668975.0     77339405    19157255     19.50   406.65
2026-09-24 15:16:06,120 - app - DEBUG - End of Few Strikes Dataframe
2026-09-24 15:16:06,145 - app - INFO - Appended to covering.json
2026-09-24 15:16:06,835 - app - INFO - Processed PCR data and saved to JSON file
2026-09-24 15:16:06,836 - app - INFO - PCR calculation completed
2026-09-24 15:16:07,368 - app - INFO - Processed PCR data and saved to JSON file
2026-09-24 15:16:07,369 - app - INFO - PCR calculation completed
2026-09-24 15:16:07,983 - app - INFO - Processed PCR data and saved to JSON file
2026-09-24 15:16:07,984 - app - INFO - PCR calculation completed
2026-09-24 15:16:08,406 - root - DEBUG - Raw response for FUTURESSSSS NSE_FO|68407: {'data': {'NSE_FO:NIFTY26SEPFUT': {'average_price': 23191.97,
                                   'depth': {'buy': [{'orders': 1,
                                                      'price': 23115.3,
                                                      'quantity': 65},
                                                     {'orders': 1,
                                                      'price': 23110.0,
                                                      'quantity': 130},
                                                     {'orders': 1,
                                                      'price': 23107.4,
                                                      'quantity': 195},
                                                     {'orders': 2,
                                                      'price': 23107.1,
                                                      'quantity': 325},
                                                     {'orders': 2,
                                                      'price': 23107.0,
                                                      'quantity': 390}],
                                             'sell': [{'orders': 2,
                                                       'price': 23118.0,
                                                       'quantity': 260},
                                                      {'orders': 2,
                                                       'price': 23118.2,
                                                       'quantity': 585},
                                                      {'orders': 2,
                                                       'price': 23118.3,
                                                       'quantity': 130},
                                                      {'orders': 1,
                                                       'price': 23118.5,
                                                       'quantity': 65},
                                                      {'orders': 2,
                                                       'price': 23119.0,
                                                       'quantity': 130}]},
                                   'instrument_token': 'NSE_FO|68407',
                                   'last_price': 23115.3,
                                   'last_trade_time': '1790243166880',
                                   'lower_circuit_limit': 22425.1,
                                   'net_change': -334.5,
                                   'ohlc': {'close': 23115.3,
                                            'high': 23319.8,
                                            'low': 23056.0,
                                            'open': 23288.0},
                                   'oi': 15480595.0,
                                   'oi_day_high': 15667795.0,
                                   'oi_day_low': 15467790.0,
                                   'symbol': 'NIFTY26SEPFUT',
                                   'timestamp': '2026-09-24T15:16:08.08+05:30',
                                   'total_buy_quantity': 96330.0,
                                   'total_sell_quantity': 208845.0,
                                   'upper_circuit_limit': 23812.1,
                                   'volume': 4153565}},
 'status': 'success'}
2026-09-24 15:16:08,414 - app - INFO - Found Nifty Futures/SYmbols details 
2026-09-24 15:16:08,429 - schedule - DEBUG - Cancelling job "Job(interval=1, unit=days, do=job, args=(), kwargs={'access_token': 'eyJ0eXAiOiJKV1QiLCJrZXlfaWQiOiJza192MS4wIiwiYWxnIjoiSFMyNTYifQ.eyJzdWIiOiIyVUNSUkgiLCJqdGkiOiI2YWI0OWQ0MzY1ZTM1NjMyMThiODI0ODMiLCJpc011bHRpQ2xpZW50IjpmYWxzZSwiaXNQbHVzUGxhbiI6ZmFsc2UsImlhdCI6MTc5MDIyMTYzNSwiaXNzIjoidWRhcGktZ2F0ZXdheS1zZXJ2aWNlIiwiZXhwIjoxNzkwMjg3MjAwfQ.gPkX8RE9_PZjth3xrqq8UJ3F8wuVz2JXH66QIBo4uhY'})"
2026-09-24 15:21:01,199 - root - INFO - Future Instrument Price: 23116.0
2026-09-24 15:21:01,200 - root - INFO - Current India VIX: 12.69
2026-09-24 15:21:01,209 - app - INFO - IVIX: 12.69, Nifty50: 23085.6, Nifty Futures: 23116.0
2026-09-24 15:21:01,243 - app - INFO - India VIX completed
2026-09-24 15:21:01,688 - app - INFO - Nifty OHLC completed
2026-09-24 15:21:02,536 - root - INFO - Bank Nifty top 5 Upstox Service Completed
2026-09-24 15:21:02,556 - app - INFO - Bank Top 5 completed
2026-09-24 15:21:03,461 - root - INFO - Nifty 50 top 10 Upstox Service Completed
2026-09-24 15:21:03,471 - app - INFO - Structure of modified niftytop_data: <class 'list'>, [{'symbol': 'HDFC Bank Ltd.', 'ltp': 730}, {'symbol': 'Reliance Industries.', 'ltp': 1221}, {'symbol': 'ICICI Bank Ltd.', 'ltp': 1336}, {'symbol': 'Infosys Ltd.', 'ltp': 1011}, {'symbol': 'ITC Ltd.', 'ltp': 268}, {'symbol': 'Tata TCS', 'ltp': 2074}, {'symbol': 'L&T  Ltd.', 'ltp': 3866}, {'symbol': 'Axis Bank Ltd.', 'ltp': 1192}, {'symbol': 'SBI Bank', 'ltp': 978}, {'symbol': 'Bharti Airtel Ltd.', 'ltp': 1801}]
2026-09-24 15:21:03,524 - app - INFO - Nifty Top 10 completed
2026-09-24 15:21:04,464 - root - INFO - Midcap Upstox Service Completed
2026-09-24 15:21:04,521 - app - INFO - Midcap Top 5 completed
2026-09-24 15:21:04,524 - app - DEBUG - Inside premiumstudy with expiry date = 2026-09-29
2026-09-24 15:21:05,202 - app - INFO - Total Call premium 41029
2026-09-24 15:21:05,202 - app - INFO - Total Put Premium 121892
2026-09-24 15:21:05,203 - app - INFO - Lower Apex: 22100
2026-09-24 15:21:05,203 - app - INFO - Upper Apex: 24100
2026-09-24 15:21:05,204 - app - DEBUG - Stage1:Dataframe filtered for strike price multiples of 100 and within the apex range
2026-09-24 15:21:05,204 - app - DEBUG - Samples_Total Call LTP: 6292
2026-09-24 15:21:05,204 - app - DEBUG - Samples_Total Put LTP: 5890
2026-09-24 15:21:05,208 - app - INFO - Premium study completed
2026-09-24 15:21:05,826 - root - INFO - Main Indices Fetched Successfully
2026-09-24 15:21:05,889 - app - INFO - Main Index completed
2026-09-24 15:21:06,413 - app - DEBUG - Inside Few Strikes Dataframe                                                      0
0    {'call_options': {'instrument_key': 'NSE_FO|65...
1    {'call_options': {'instrument_key': 'NSE_FO|55...
2    {'call_options': {'instrument_key': 'NSE_FO|65...
3    {'call_options': {'instrument_key': 'NSE_FO|55...
4    {'call_options': {'instrument_key': 'NSE_FO|65...
..                                                 ...
123  {'call_options': {'instrument_key': 'NSE_FO|55...
124  {'call_options': {'instrument_key': 'NSE_FO|65...
125  {'call_options': {'instrument_key': 'NSE_FO|55...
126  {'call_options': {'instrument_key': 'NSE_FO|65...
127  {'call_options': {'instrument_key': 'NSE_FO|55...

[128 rows x 1 columns]
2026-09-24 15:21:06,414 - app - DEBUG - Type of opt_df <class 'pandas.core.frame.DataFrame'>
2026-09-24 15:21:06,414 - app - DEBUG - Print columns of opt_df RangeIndex(start=0, stop=1, step=1)
2026-09-24 15:21:06,421 - app - DEBUG - !!!!!!!!!!!!!!!!!!!!!!!!!!
2026-09-24 15:21:06,421 - app - DEBUG - sup04=22700 sup03=22800 sup02=22900 sup01=23000 roundsp=23100 res01=23200 res02=23300 res03=23400 res04=23500
2026-09-24 15:21:06,422 - app - INFO - Sorted strike Levels: [22700, 22800, 22900, 23000, 23100, 23200, 23300, 23400, 23500]
2026-09-24 15:21:06,423 - app - DEBUG - End of Few Strikes Dataframe
2026-09-24 15:21:06,478 - app - DEBUG - Filtered DataFrame with Relevant Data:
    strike_price     call_oi      put_oi  call_volume  put_volume  call_ltp  put_ltp
32       22700.0     73385.0   4361955.0       457665    43569305    442.20    23.15
34       22800.0    342485.0   7053020.0      1782430    66813695    352.50    34.15
36       22900.0    415610.0   5645445.0      3453385    63617125    268.60    51.25
38       23000.0   3231280.0  13135940.0     28760420   148810090    196.20    79.00
40       23100.0   7320430.0   8241675.0     64057890   133046030    133.65   117.05
42       23200.0  13227565.0   5619315.0    151018530   203355425     86.80   169.25
44       23300.0  12665315.0   5909540.0    129987975   101010130     53.50   234.00
46       23400.0  10416835.0   4381520.0     92256580    43938830     32.10   313.25
48       23500.0  13079040.0   5671315.0     78412945    19261905     19.55   400.00
2026-09-24 15:21:06,479 - app - DEBUG - End of Few Strikes Dataframe
2026-09-24 15:21:06,506 - app - INFO - Appended to covering.json
2026-09-24 15:21:07,136 - app - INFO - Processed PCR data and saved to JSON file
2026-09-24 15:21:07,137 - app - INFO - PCR calculation completed
2026-09-24 15:21:07,644 - app - INFO - Processed PCR data and saved to JSON file
2026-09-24 15:21:07,644 - app - INFO - PCR calculation completed
2026-09-24 15:21:08,296 - app - INFO - Processed PCR data and saved to JSON file
2026-09-24 15:21:08,297 - app - INFO - PCR calculation completed
2026-09-24 15:21:08,811 - root - DEBUG - Raw response for FUTURESSSSS NSE_FO|68407: {'data': {'NSE_FO:NIFTY26SEPFUT': {'average_price': 23191.16,
                                   'depth': {'buy': [{'orders': 1,
                                                      'price': 23113.8,
                                                      'quantity': 260},
                                                     {'orders': 1,
                                                      'price': 23113.7,
                                                      'quantity': 65},
                                                     {'orders': 2,
                                                      'price': 23113.4,
                                                      'quantity': 390},
                                                     {'orders': 1,
                                                      'price': 23113.2,
                                                      'quantity': 260},
                                                     {'orders': 1,
                                                      'price': 23113.1,
                                                      'quantity': 65}],
                                             'sell': [{'orders': 1,
                                                       'price': 23116.8,
                                                       'quantity': 65},
                                                      {'orders': 1,
                                                       'price': 23116.9,
                                                       'quantity': 65},
                                                      {'orders': 1,
                                                       'price': 23117.0,
                                                       'quantity': 65},
                                                      {'orders': 3,
                                                       'price': 23118.0,
                                                       'quantity': 195},
                                                      {'orders': 2,
                                                       'price': 23119.0,
                                                       'quantity': 195}]},
                                   'instrument_token': 'NSE_FO|68407',
                                   'last_price': 23114.7,
                                   'last_trade_time': '1790243462893',
                                   'lower_circuit_limit': 22425.1,
                                   'net_change': -335.1,
                                   'ohlc': {'close': 23114.7,
                                            'high': 23319.8,
                                            'low': 23056.0,
                                            'open': 23288.0},
                                   'oi': 15473510.0,
                                   'oi_day_high': 15667795.0,
                                   'oi_day_low': 15467790.0,
                                   'symbol': 'NIFTY26SEPFUT',
                                   'timestamp': '2026-09-24T15:21:08.484+05:30',
                                   'total_buy_quantity': 96915.0,
                                   'total_sell_quantity': 198055.0,
                                   'upper_circuit_limit': 23812.1,
                                   'volume': 4198090}},
 'status': 'success'}
2026-09-24 15:21:08,819 - app - INFO - Found Nifty Futures/SYmbols details 
2026-09-24 15:21:08,836 - schedule - DEBUG - Cancelling job "Job(interval=1, unit=days, do=job, args=(), kwargs={'access_token': 'eyJ0eXAiOiJKV1QiLCJrZXlfaWQiOiJza192MS4wIiwiYWxnIjoiSFMyNTYifQ.eyJzdWIiOiIyVUNSUkgiLCJqdGkiOiI2YWI0OWQ0MzY1ZTM1NjMyMThiODI0ODMiLCJpc011bHRpQ2xpZW50IjpmYWxzZSwiaXNQbHVzUGxhbiI6ZmFsc2UsImlhdCI6MTc5MDIyMTYzNSwiaXNzIjoidWRhcGktZ2F0ZXdheS1zZXJ2aWNlIiwiZXhwIjoxNzkwMjg3MjAwfQ.gPkX8RE9_PZjth3xrqq8UJ3F8wuVz2JXH66QIBo4uhY'})"
2026-09-24 15:26:00,587 - root - INFO - Future Instrument Price: 23122.0
2026-09-24 15:26:00,587 - root - INFO - Current India VIX: 12.64
2026-09-24 15:26:00,596 - app - INFO - IVIX: 12.64, Nifty50: 23085.6, Nifty Futures: 23122.0
2026-09-24 15:26:00,633 - app - INFO - India VIX completed
2026-09-24 15:26:01,288 - app - INFO - Nifty OHLC completed
2026-09-24 15:26:02,009 - root - INFO - Bank Nifty top 5 Upstox Service Completed
2026-09-24 15:26:02,061 - app - INFO - Bank Top 5 completed
2026-09-24 15:26:02,853 - root - INFO - Nifty 50 top 10 Upstox Service Completed
2026-09-24 15:26:02,862 - app - INFO - Structure of modified niftytop_data: <class 'list'>, [{'symbol': 'HDFC Bank Ltd.', 'ltp': 730}, {'symbol': 'Reliance Industries.', 'ltp': 1221}, {'symbol': 'ICICI Bank Ltd.', 'ltp': 1336}, {'symbol': 'Infosys Ltd.', 'ltp': 1011}, {'symbol': 'ITC Ltd.', 'ltp': 268}, {'symbol': 'Tata TCS', 'ltp': 2074}, {'symbol': 'L&T  Ltd.', 'ltp': 3866}, {'symbol': 'Axis Bank Ltd.', 'ltp': 1192}, {'symbol': 'SBI Bank', 'ltp': 978}, {'symbol': 'Bharti Airtel Ltd.', 'ltp': 1801}]
2026-09-24 15:26:02,917 - app - INFO - Nifty Top 10 completed
2026-09-24 15:26:03,626 - root - INFO - Midcap Upstox Service Completed
2026-09-24 15:26:03,688 - app - INFO - Midcap Top 5 completed
2026-09-24 15:26:03,689 - app - DEBUG - Inside premiumstudy with expiry date = 2026-09-29
2026-09-24 15:26:04,210 - app - INFO - Total Call premium 40938
2026-09-24 15:26:04,210 - app - INFO - Total Put Premium 121798
2026-09-24 15:26:04,215 - app - INFO - Lower Apex: 22100
2026-09-24 15:26:04,215 - app - INFO - Upper Apex: 24100
2026-09-24 15:26:04,219 - app - DEBUG - Stage1:Dataframe filtered for strike price multiples of 100 and within the apex range
2026-09-24 15:26:04,220 - app - DEBUG - Samples_Total Call LTP: 6305
2026-09-24 15:26:04,221 - app - DEBUG - Samples_Total Put LTP: 5832
2026-09-24 15:26:04,237 - app - INFO - Premium study completed
2026-09-24 15:26:05,119 - root - INFO - Main Indices Fetched Successfully
2026-09-24 15:26:05,161 - app - INFO - Main Index completed
2026-09-24 15:26:05,686 - app - DEBUG - Inside Few Strikes Dataframe                                                      0
0    {'call_options': {'instrument_key': 'NSE_FO|65...
1    {'call_options': {'instrument_key': 'NSE_FO|55...
2    {'call_options': {'instrument_key': 'NSE_FO|65...
3    {'call_options': {'instrument_key': 'NSE_FO|55...
4    {'call_options': {'instrument_key': 'NSE_FO|65...
..                                                 ...
123  {'call_options': {'instrument_key': 'NSE_FO|55...
124  {'call_options': {'instrument_key': 'NSE_FO|65...
125  {'call_options': {'instrument_key': 'NSE_FO|55...
126  {'call_options': {'instrument_key': 'NSE_FO|65...
127  {'call_options': {'instrument_key': 'NSE_FO|55...

[128 rows x 1 columns]
2026-09-24 15:26:05,687 - app - DEBUG - Type of opt_df <class 'pandas.core.frame.DataFrame'>
2026-09-24 15:26:05,687 - app - DEBUG - Print columns of opt_df RangeIndex(start=0, stop=1, step=1)
2026-09-24 15:26:05,693 - app - DEBUG - !!!!!!!!!!!!!!!!!!!!!!!!!!
2026-09-24 15:26:05,693 - app - DEBUG - sup04=22700 sup03=22800 sup02=22900 sup01=23000 roundsp=23100 res01=23200 res02=23300 res03=23400 res04=23500
2026-09-24 15:26:05,693 - app - INFO - Sorted strike Levels: [22700, 22800, 22900, 23000, 23100, 23200, 23300, 23400, 23500]
2026-09-24 15:26:05,694 - app - DEBUG - End of Few Strikes Dataframe
2026-09-24 15:26:05,721 - app - DEBUG - Filtered DataFrame with Relevant Data:
    strike_price     call_oi      put_oi  call_volume  put_volume  call_ltp  put_ltp
32       22700.0     71695.0   4403815.0       466570    44274165    445.00    22.30
34       22800.0    346710.0   7150585.0      1806935    67898220    355.00    32.95
36       22900.0    414570.0   5629780.0      3515070    64438205    272.10    49.40
38       23000.0   3268980.0  13166750.0     29352960   150979920    198.40    76.00
40       23100.0   7409610.0   8450585.0     65612495   135022160    135.35   113.30
42       23200.0  13044460.0   5619120.0    152574435   203856380     87.50   164.20
44       23300.0  12473045.0   5900830.0    131268020   101306270     53.45   229.30
46       23400.0  10782785.0   4316520.0     93820155    44075330     31.85   306.50
48       23500.0  13044980.0   5615285.0     79532570    19361485     19.00   394.75
2026-09-24 15:26:05,721 - app - DEBUG - End of Few Strikes Dataframe
2026-09-24 15:26:05,731 - app - INFO - Appended to covering.json
2026-09-24 15:26:06,336 - app - INFO - Processed PCR data and saved to JSON file
2026-09-24 15:26:06,336 - app - INFO - PCR calculation completed
2026-09-24 15:26:06,933 - app - INFO - Processed PCR data and saved to JSON file
2026-09-24 15:26:06,933 - app - INFO - PCR calculation completed
2026-09-24 15:26:07,659 - app - INFO - Processed PCR data and saved to JSON file
2026-09-24 15:26:07,660 - app - INFO - PCR calculation completed
2026-09-24 15:26:08,170 - root - DEBUG - Raw response for FUTURESSSSS NSE_FO|68407: {'data': {'NSE_FO:NIFTY26SEPFUT': {'average_price': 23190.54,
                                   'depth': {'buy': [{'orders': 1,
                                                      'price': 23121.5,
                                                      'quantity': 780},
                                                     {'orders': 1,
                                                      'price': 23120.6,
                                                      'quantity': 65},
                                                     {'orders': 1,
                                                      'price': 23120.5,
                                                      'quantity': 65},
                                                     {'orders': 2,
                                                      'price': 23119.4,
                                                      'quantity': 390},
                                                     {'orders': 4,
                                                      'price': 23119.3,
                                                      'quantity': 1040}],
                                             'sell': [{'orders': 1,
                                                       'price': 23124.0,
                                                       'quantity': 195},
                                                      {'orders': 1,
                                                       'price': 23124.6,
                                                       'quantity': 65},
                                                      {'orders': 1,
                                                       'price': 23124.9,
                                                       'quantity': 65},
                                                      {'orders': 9,
                                                       'price': 23125.0,
                                                       'quantity': 3380},
                                                      {'orders': 3,
                                                       'price': 23126.0,
                                                       'quantity': 260}]},
                                   'instrument_token': 'NSE_FO|68407',
                                   'last_price': 23120.6,
                                   'last_trade_time': '1790243766281',
                                   'lower_circuit_limit': 22425.1,
                                   'net_change': -329.2,
                                   'ohlc': {'close': 23120.6,
                                            'high': 23319.8,
                                            'low': 23056.0,
                                            'open': 23288.0},
                                   'oi': 15463370.0,
                                   'oi_day_high': 15667795.0,
                                   'oi_day_low': 15463370.0,
                                   'symbol': 'NIFTY26SEPFUT',
                                   'timestamp': '2026-09-24T15:26:07.838+05:30',
                                   'total_buy_quantity': 96525.0,
                                   'total_sell_quantity': 198900.0,
                                   'upper_circuit_limit': 23812.1,
                                   'volume': 4232605}},
 'status': 'success'}
2026-09-24 15:26:08,177 - app - INFO - Found Nifty Futures/SYmbols details 
2026-09-24 15:26:08,195 - schedule - DEBUG - Cancelling job "Job(interval=1, unit=days, do=job, args=(), kwargs={'access_token': 'eyJ0eXAiOiJKV1QiLCJrZXlfaWQiOiJza192MS4wIiwiYWxnIjoiSFMyNTYifQ.eyJzdWIiOiIyVUNSUkgiLCJqdGkiOiI2YWI0OWQ0MzY1ZTM1NjMyMThiODI0ODMiLCJpc011bHRpQ2xpZW50IjpmYWxzZSwiaXNQbHVzUGxhbiI6ZmFsc2UsImlhdCI6MTc5MDIyMTYzNSwiaXNzIjoidWRhcGktZ2F0ZXdheS1zZXJ2aWNlIiwiZXhwIjoxNzkwMjg3MjAwfQ.gPkX8RE9_PZjth3xrqq8UJ3F8wuVz2JXH66QIBo4uhY'})"
2026-09-24 15:31:00,954 - root - INFO - Future Instrument Price: 23105.9
2026-09-24 15:31:00,955 - root - INFO - Current India VIX: 12.68
2026-09-24 15:31:00,963 - app - INFO - IVIX: 12.68, Nifty50: 23063.1, Nifty Futures: 23105.9
2026-09-24 15:31:01,001 - app - INFO - India VIX completed
2026-09-24 15:31:01,563 - app - INFO - Nifty OHLC completed
2026-09-24 15:31:02,275 - root - INFO - Bank Nifty top 5 Upstox Service Completed
2026-09-24 15:31:02,321 - app - INFO - Bank Top 5 completed
2026-09-24 15:31:03,140 - root - INFO - Nifty 50 top 10 Upstox Service Completed
2026-09-24 15:31:03,151 - app - INFO - Structure of modified niftytop_data: <class 'list'>, [{'symbol': 'HDFC Bank Ltd.', 'ltp': 729}, {'symbol': 'Reliance Industries.', 'ltp': 1219}, {'symbol': 'ICICI Bank Ltd.', 'ltp': 1334}, {'symbol': 'Infosys Ltd.', 'ltp': 1014}, {'symbol': 'ITC Ltd.', 'ltp': 268}, {'symbol': 'Tata TCS', 'ltp': 2087}, {'symbol': 'L&T  Ltd.', 'ltp': 3858}, {'symbol': 'Axis Bank Ltd.', 'ltp': 1186}, {'symbol': 'SBI Bank', 'ltp': 978}, {'symbol': 'Bharti Airtel Ltd.', 'ltp': 1796}]
2026-09-24 15:31:03,188 - app - INFO - Nifty Top 10 completed
2026-09-24 15:31:03,961 - root - INFO - Midcap Upstox Service Completed
2026-09-24 15:31:04,005 - app - INFO - Midcap Top 5 completed
2026-09-24 15:31:04,006 - app - DEBUG - Inside premiumstudy with expiry date = 2026-09-29
2026-09-24 15:31:04,606 - app - INFO - Total Call premium 40737
2026-09-24 15:31:04,607 - app - INFO - Total Put Premium 122168
2026-09-24 15:31:04,613 - app - INFO - Lower Apex: 22100
2026-09-24 15:31:04,613 - app - INFO - Upper Apex: 24100
2026-09-24 15:31:04,617 - app - DEBUG - Stage1:Dataframe filtered for strike price multiples of 100 and within the apex range
2026-09-24 15:31:04,618 - app - DEBUG - Samples_Total Call LTP: 6189
2026-09-24 15:31:04,619 - app - DEBUG - Samples_Total Put LTP: 5988
2026-09-24 15:31:04,633 - app - INFO - Premium study completed
2026-09-24 15:31:05,549 - root - INFO - Main Indices Fetched Successfully
2026-09-24 15:31:05,623 - app - INFO - Main Index completed
2026-09-24 15:31:06,251 - app - DEBUG - Inside Few Strikes Dataframe                                                      0
0    {'call_options': {'instrument_key': 'NSE_FO|65...
1    {'call_options': {'instrument_key': 'NSE_FO|55...
2    {'call_options': {'instrument_key': 'NSE_FO|65...
3    {'call_options': {'instrument_key': 'NSE_FO|55...
4    {'call_options': {'instrument_key': 'NSE_FO|65...
..                                                 ...
123  {'call_options': {'instrument_key': 'NSE_FO|55...
124  {'call_options': {'instrument_key': 'NSE_FO|65...
125  {'call_options': {'instrument_key': 'NSE_FO|55...
126  {'call_options': {'instrument_key': 'NSE_FO|65...
127  {'call_options': {'instrument_key': 'NSE_FO|55...

[128 rows x 1 columns]
2026-09-24 15:31:06,251 - app - DEBUG - Type of opt_df <class 'pandas.core.frame.DataFrame'>
2026-09-24 15:31:06,252 - app - DEBUG - Print columns of opt_df RangeIndex(start=0, stop=1, step=1)
2026-09-24 15:31:06,258 - app - DEBUG - !!!!!!!!!!!!!!!!!!!!!!!!!!
2026-09-24 15:31:06,259 - app - DEBUG - sup04=22700 sup03=22800 sup02=22900 sup01=23000 roundsp=23100 res01=23200 res02=23300 res03=23400 res04=23500
2026-09-24 15:31:06,259 - app - INFO - Sorted strike Levels: [22700, 22800, 22900, 23000, 23100, 23200, 23300, 23400, 23500]
2026-09-24 15:31:06,260 - app - DEBUG - End of Few Strikes Dataframe
2026-09-24 15:31:06,321 - app - DEBUG - Filtered DataFrame with Relevant Data:
    strike_price     call_oi      put_oi  call_volume  put_volume  call_ltp  put_ltp
32       22700.0     73190.0   4468100.0       472745    44850065    432.85    23.90
34       22800.0    354185.0   7172490.0      1851330    68857295    344.15    36.05
36       22900.0    413010.0   5458440.0      3575845    65275015    262.70    54.45
38       23000.0   3432715.0  13084135.0     30365075   153098530    190.60    83.50
40       23100.0   7196995.0   8245770.0     67121990   136788600    130.40   123.20
42       23200.0  12554685.0   5509595.0    154595285   204550840     84.80   176.90
44       23300.0  11947065.0   5841810.0    132912325   101651940     52.30   243.20
46       23400.0  10637445.0   4241835.0     95070625    44279560     31.60   321.20
48       23500.0  12987455.0   5586230.0     80781285    19504160     18.95   408.70
2026-09-24 15:31:06,322 - app - DEBUG - End of Few Strikes Dataframe
2026-09-24 15:31:06,349 - app - INFO - Appended to covering.json
2026-09-24 15:31:06,904 - app - INFO - Processed PCR data and saved to JSON file
2026-09-24 15:31:06,905 - app - INFO - PCR calculation completed
2026-09-24 15:31:07,698 - app - INFO - Processed PCR data and saved to JSON file
2026-09-24 15:31:07,699 - app - INFO - PCR calculation completed
2026-09-24 15:31:08,233 - app - INFO - Processed PCR data and saved to JSON file
2026-09-24 15:31:08,233 - app - INFO - PCR calculation completed
2026-09-24 15:31:09,036 - root - DEBUG - Raw response for FUTURESSSSS NSE_FO|68407: {'data': {'NSE_FO:NIFTY26SEPFUT': {'average_price': 23189.66,
                                   'depth': {'buy': [{'orders': 1,
                                                      'price': 23105.3,
                                                      'quantity': 260},
                                                     {'orders': 3,
                                                      'price': 23105.2,
                                                      'quantity': 1820},
                                                     {'orders': 2,
                                                      'price': 23105.1,
                                                      'quantity': 195},
                                                     {'orders': 2,
                                                      'price': 23105.0,
                                                      'quantity': 260},
                                                     {'orders': 1,
                                                      'price': 23104.9,
                                                      'quantity': 390}],
                                             'sell': [{'orders': 3,
                                                       'price': 23109.1,
                                                       'quantity': 195},
                                                      {'orders': 1,
                                                       'price': 23110.3,
                                                       'quantity': 65},
                                                      {'orders': 1,
                                                       'price': 23113.9,
                                                       'quantity': 65},
                                                      {'orders': 1,
                                                       'price': 23114.0,
                                                       'quantity': 65},
                                                      {'orders': 1,
                                                       'price': 23114.9,
                                                       'quantity': 325}]},
                                   'instrument_token': 'NSE_FO|68407',
                                   'last_price': 23108.0,
                                   'last_trade_time': '1790244067345',
                                   'lower_circuit_limit': 22425.1,
                                   'net_change': -341.8,
                                   'ohlc': {'close': 23108.0,
                                            'high': 23319.8,
                                            'low': 23056.0,
                                            'open': 23288.0},
                                   'oi': 15452840.0,
                                   'oi_day_high': 15667795.0,
                                   'oi_day_low': 15452840.0,
                                   'symbol': 'NIFTY26SEPFUT',
                                   'timestamp': '2026-09-24T15:31:08.698+05:30',
                                   'total_buy_quantity': 90350.0,
                                   'total_sell_quantity': 229190.0,
                                   'upper_circuit_limit': 23812.1,
                                   'volume': 4284085}},
 'status': 'success'}
2026-09-24 15:31:09,044 - app - INFO - Found Nifty Futures/SYmbols details 
2026-09-24 15:31:09,063 - schedule - DEBUG - Cancelling job "Job(interval=1, unit=days, do=job, args=(), kwargs={'access_token': 'eyJ0eXAiOiJKV1QiLCJrZXlfaWQiOiJza192MS4wIiwiYWxnIjoiSFMyNTYifQ.eyJzdWIiOiIyVUNSUkgiLCJqdGkiOiI2YWI0OWQ0MzY1ZTM1NjMyMThiODI0ODMiLCJpc011bHRpQ2xpZW50IjpmYWxzZSwiaXNQbHVzUGxhbiI6ZmFsc2UsImlhdCI6MTc5MDIyMTYzNSwiaXNzIjoidWRhcGktZ2F0ZXdheS1zZXJ2aWNlIiwiZXhwIjoxNzkwMjg3MjAwfQ.gPkX8RE9_PZjth3xrqq8UJ3F8wuVz2JXH66QIBo4uhY'})"
2026-09-24 15:36:00,763 - root - INFO - Future Instrument Price: 23099.0
2026-09-24 15:36:00,763 - root - INFO - Current India VIX: 12.75
2026-09-24 15:36:00,768 - app - INFO - IVIX: 12.75, Nifty50: 23063.1, Nifty Futures: 23099.0
2026-09-24 15:36:00,788 - app - INFO - India VIX completed
2026-09-24 15:36:01,229 - app - INFO - Nifty OHLC completed
2026-09-24 15:36:02,033 - root - INFO - Bank Nifty top 5 Upstox Service Completed
2026-09-24 15:36:02,079 - app - INFO - Bank Top 5 completed
2026-09-24 15:36:03,205 - root - INFO - Nifty 50 top 10 Upstox Service Completed
2026-09-24 15:36:03,212 - app - INFO - Structure of modified niftytop_data: <class 'list'>, [{'symbol': 'HDFC Bank Ltd.', 'ltp': 729}, {'symbol': 'Reliance Industries.', 'ltp': 1219}, {'symbol': 'ICICI Bank Ltd.', 'ltp': 1334}, {'symbol': 'Infosys Ltd.', 'ltp': 1014}, {'symbol': 'ITC Ltd.', 'ltp': 268}, {'symbol': 'Tata TCS', 'ltp': 2087}, {'symbol': 'L&T  Ltd.', 'ltp': 3858}, {'symbol': 'Axis Bank Ltd.', 'ltp': 1186}, {'symbol': 'SBI Bank', 'ltp': 978}, {'symbol': 'Bharti Airtel Ltd.', 'ltp': 1796}]
2026-09-24 15:36:03,267 - app - INFO - Nifty Top 10 completed
2026-09-24 15:36:03,996 - root - INFO - Midcap Upstox Service Completed
2026-09-24 15:36:04,055 - app - INFO - Midcap Top 5 completed
2026-09-24 15:36:04,056 - app - DEBUG - Inside premiumstudy with expiry date = 2026-09-29
2026-09-24 15:36:04,858 - app - INFO - Total Call premium 40591
2026-09-24 15:36:04,858 - app - INFO - Total Put Premium 122550
2026-09-24 15:36:04,864 - app - INFO - Lower Apex: 22100
2026-09-24 15:36:04,865 - app - INFO - Upper Apex: 24100
2026-09-24 15:36:04,869 - app - DEBUG - Stage1:Dataframe filtered for strike price multiples of 100 and within the apex range
2026-09-24 15:36:04,869 - app - DEBUG - Samples_Total Call LTP: 6113
2026-09-24 15:36:04,870 - app - DEBUG - Samples_Total Put LTP: 6077
2026-09-24 15:36:04,891 - app - INFO - Premium study completed
2026-09-24 15:36:05,643 - root - INFO - Main Indices Fetched Successfully
2026-09-24 15:36:05,698 - app - INFO - Main Index completed
2026-09-24 15:36:06,268 - app - DEBUG - Inside Few Strikes Dataframe                                                      0
0    {'call_options': {'instrument_key': 'NSE_FO|65...
1    {'call_options': {'instrument_key': 'NSE_FO|55...
2    {'call_options': {'instrument_key': 'NSE_FO|65...
3    {'call_options': {'instrument_key': 'NSE_FO|55...
4    {'call_options': {'instrument_key': 'NSE_FO|65...
..                                                 ...
123  {'call_options': {'instrument_key': 'NSE_FO|55...
124  {'call_options': {'instrument_key': 'NSE_FO|65...
125  {'call_options': {'instrument_key': 'NSE_FO|55...
126  {'call_options': {'instrument_key': 'NSE_FO|65...
127  {'call_options': {'instrument_key': 'NSE_FO|55...

[128 rows x 1 columns]
2026-09-24 15:36:06,268 - app - DEBUG - Type of opt_df <class 'pandas.core.frame.DataFrame'>
2026-09-24 15:36:06,268 - app - DEBUG - Print columns of opt_df RangeIndex(start=0, stop=1, step=1)
2026-09-24 15:36:06,272 - app - DEBUG - !!!!!!!!!!!!!!!!!!!!!!!!!!
2026-09-24 15:36:06,272 - app - DEBUG - sup04=22700 sup03=22800 sup02=22900 sup01=23000 roundsp=23100 res01=23200 res02=23300 res03=23400 res04=23500
2026-09-24 15:36:06,272 - app - INFO - Sorted strike Levels: [22700, 22800, 22900, 23000, 23100, 23200, 23300, 23400, 23500]
2026-09-24 15:36:06,272 - app - DEBUG - End of Few Strikes Dataframe
2026-09-24 15:36:06,287 - app - DEBUG - Filtered DataFrame with Relevant Data:
    strike_price     call_oi      put_oi  call_volume  put_volume  call_ltp  put_ltp
32       22700.0     72215.0   4591795.0       483080    45595810    426.75    24.75
34       22800.0    356720.0   7152795.0      1883440    70180175    337.10    37.50
36       22900.0    377650.0   5477680.0      3710785    66488175    257.20    56.70
38       23000.0   3640065.0  12707590.0     31207215   155813840    186.10    86.20
40       23100.0   7183735.0   7984925.0     68543085   138811465    127.50   127.55
42       23200.0  12302290.0   5333900.0    156673790   205499970     81.50   181.80
44       23300.0  11885835.0   5776485.0    134722055   101916945     49.30   247.45
46       23400.0  10693410.0   4209985.0     96824195    44423990     28.90   326.45
48       23500.0  13316485.0   5543915.0     84095635    19705465     16.80   413.70
2026-09-24 15:36:06,287 - app - DEBUG - End of Few Strikes Dataframe
2026-09-24 15:36:06,294 - app - INFO - Appended to covering.json
2026-09-24 15:36:06,762 - app - INFO - Processed PCR data and saved to JSON file
2026-09-24 15:36:06,763 - app - INFO - PCR calculation completed
2026-09-24 15:36:07,524 - app - INFO - Processed PCR data and saved to JSON file
2026-09-24 15:36:07,525 - app - INFO - PCR calculation completed
2026-09-24 15:36:08,019 - app - INFO - Processed PCR data and saved to JSON file
2026-09-24 15:36:08,019 - app - INFO - PCR calculation completed
2026-09-24 15:36:08,418 - root - DEBUG - Raw response for FUTURESSSSS NSE_FO|68407: {'data': {'NSE_FO:NIFTY26SEPFUT': {'average_price': 23188.52,
                                   'depth': {'buy': [{'orders': 1,
                                                      'price': 23098.7,
                                                      'quantity': 130},
                                                     {'orders': 2,
                                                      'price': 23098.0,
                                                      'quantity': 195},
                                                     {'orders': 2,
                                                      'price': 23096.7,
                                                      'quantity': 260},
                                                     {'orders': 3,
                                                      'price': 23095.0,
                                                      'quantity': 260},
                                                     {'orders': 1,
                                                      'price': 23094.9,
                                                      'quantity': 390}],
                                             'sell': [{'orders': 6,
                                                       'price': 23098.9,
                                                       'quantity': 7345},
                                                      {'orders': 14,
                                                       'price': 23099.0,
                                                       'quantity': 12155},
                                                      {'orders': 14,
                                                       'price': 23100.0,
                                                       'quantity': 4550},
                                                      {'orders': 1,
                                                       'price': 23101.0,
                                                       'quantity': 130},
                                                      {'orders': 8,
                                                       'price': 23102.0,
                                                       'quantity': 1040}]},
                                   'instrument_token': 'NSE_FO|68407',
                                   'last_price': 23098.0,
                                   'last_trade_time': '1790244367584',
                                   'lower_circuit_limit': 22425.1,
                                   'net_change': -351.8,
                                   'ohlc': {'close': 23098.0,
                                            'high': 23319.8,
                                            'low': 23056.0,
                                            'open': 23288.0},
                                   'oi': 15392910.0,
                                   'oi_day_high': 15667795.0,
                                   'oi_day_low': 15392910.0,
                                   'symbol': 'NIFTY26SEPFUT',
                                   'timestamp': '2026-09-24T15:36:08.073+05:30',
                                   'total_buy_quantity': 84045.0,
                                   'total_sell_quantity': 219310.0,
                                   'upper_circuit_limit': 23812.1,
                                   'volume': 4340050}},
 'status': 'success'}
2026-09-24 15:36:08,429 - app - INFO - Found Nifty Futures/SYmbols details 
2026-09-24 15:36:08,442 - schedule - DEBUG - Cancelling job "Job(interval=1, unit=days, do=job, args=(), kwargs={'access_token': 'eyJ0eXAiOiJKV1QiLCJrZXlfaWQiOiJza192MS4wIiwiYWxnIjoiSFMyNTYifQ.eyJzdWIiOiIyVUNSUkgiLCJqdGkiOiI2YWI0OWQ0MzY1ZTM1NjMyMThiODI0ODMiLCJpc011bHRpQ2xpZW50IjpmYWxzZSwiaXNQbHVzUGxhbiI6ZmFsc2UsImlhdCI6MTc5MDIyMTYzNSwiaXNzIjoidWRhcGktZ2F0ZXdheS1zZXJ2aWNlIiwiZXhwIjoxNzkwMjg3MjAwfQ.gPkX8RE9_PZjth3xrqq8UJ3F8wuVz2JXH66QIBo4uhY'})"
2026-09-24 15:41:01,042 - root - INFO - Future Instrument Price: 23095.0
2026-09-24 15:41:01,043 - root - INFO - Current India VIX: 12.71
2026-09-24 15:41:01,046 - app - INFO - IVIX: 12.71, Nifty50: 23063.1, Nifty Futures: 23095.0
2026-09-24 15:41:01,088 - app - INFO - India VIX completed
2026-09-24 15:41:01,497 - app - INFO - Nifty OHLC completed
2026-09-24 15:41:02,204 - root - INFO - Bank Nifty top 5 Upstox Service Completed
2026-09-24 15:41:02,236 - app - INFO - Bank Top 5 completed
2026-09-24 15:41:03,025 - root - INFO - Nifty 50 top 10 Upstox Service Completed
2026-09-24 15:41:03,031 - app - INFO - Structure of modified niftytop_data: <class 'list'>, [{'symbol': 'HDFC Bank Ltd.', 'ltp': 729}, {'symbol': 'Reliance Industries.', 'ltp': 1219}, {'symbol': 'ICICI Bank Ltd.', 'ltp': 1334}, {'symbol': 'Infosys Ltd.', 'ltp': 1014}, {'symbol': 'ITC Ltd.', 'ltp': 268}, {'symbol': 'Tata TCS', 'ltp': 2087}, {'symbol': 'L&T  Ltd.', 'ltp': 3858}, {'symbol': 'Axis Bank Ltd.', 'ltp': 1186}, {'symbol': 'SBI Bank', 'ltp': 978}, {'symbol': 'Bharti Airtel Ltd.', 'ltp': 1796}]
2026-09-24 15:41:03,068 - app - INFO - Nifty Top 10 completed
2026-09-24 15:41:03,753 - root - INFO - Midcap Upstox Service Completed
2026-09-24 15:41:03,774 - app - INFO - Midcap Top 5 completed
2026-09-24 15:41:03,776 - app - DEBUG - Inside premiumstudy with expiry date = 2026-09-29
2026-09-24 15:41:04,193 - app - INFO - Total Call premium 40460
2026-09-24 15:41:04,193 - app - INFO - Total Put Premium 123175
2026-09-24 15:41:04,196 - app - INFO - Lower Apex: 22100
2026-09-24 15:41:04,196 - app - INFO - Upper Apex: 24100
2026-09-24 15:41:04,197 - app - DEBUG - Stage1:Dataframe filtered for strike price multiples of 100 and within the apex range
2026-09-24 15:41:04,198 - app - DEBUG - Samples_Total Call LTP: 6057
2026-09-24 15:41:04,198 - app - DEBUG - Samples_Total Put LTP: 6115
2026-09-24 15:41:04,203 - app - INFO - Premium study completed
2026-09-24 15:41:04,858 - root - INFO - Main Indices Fetched Successfully
2026-09-24 15:41:04,927 - app - INFO - Main Index completed
2026-09-24 15:41:05,375 - app - DEBUG - Inside Few Strikes Dataframe                                                      0
0    {'call_options': {'instrument_key': 'NSE_FO|65...
1    {'call_options': {'instrument_key': 'NSE_FO|55...
2    {'call_options': {'instrument_key': 'NSE_FO|65...
3    {'call_options': {'instrument_key': 'NSE_FO|55...
4    {'call_options': {'instrument_key': 'NSE_FO|65...
..                                                 ...
123  {'call_options': {'instrument_key': 'NSE_FO|55...
124  {'call_options': {'instrument_key': 'NSE_FO|65...
125  {'call_options': {'instrument_key': 'NSE_FO|55...
126  {'call_options': {'instrument_key': 'NSE_FO|65...
127  {'call_options': {'instrument_key': 'NSE_FO|55...

[128 rows x 1 columns]
2026-09-24 15:41:05,375 - app - DEBUG - Type of opt_df <class 'pandas.core.frame.DataFrame'>
2026-09-24 15:41:05,376 - app - DEBUG - Print columns of opt_df RangeIndex(start=0, stop=1, step=1)
2026-09-24 15:41:05,378 - app - DEBUG - !!!!!!!!!!!!!!!!!!!!!!!!!!
2026-09-24 15:41:05,378 - app - DEBUG - sup04=22700 sup03=22800 sup02=22900 sup01=23000 roundsp=23100 res01=23200 res02=23300 res03=23400 res04=23500
2026-09-24 15:41:05,378 - app - INFO - Sorted strike Levels: [22700, 22800, 22900, 23000, 23100, 23200, 23300, 23400, 23500]
2026-09-24 15:41:05,378 - app - DEBUG - End of Few Strikes Dataframe
2026-09-24 15:41:05,397 - app - DEBUG - Filtered DataFrame with Relevant Data:
    strike_price     call_oi      put_oi  call_volume  put_volume  call_ltp  put_ltp
32       22700.0     75075.0   4609215.0       494260    46191145    420.95    24.05
34       22800.0    388700.0   7189585.0      1950585    71295185    328.50    37.25
36       22900.0    377910.0   5647655.0      3807180    67954575    252.75    57.95
38       23000.0   3847155.0  12413660.0     32002620   158090595    182.45    87.25
40       23100.0   7170605.0   7675785.0     70081050   140681320    124.10   129.85
42       23200.0  12103585.0   5252195.0    158318550   206196575     79.80   184.45
44       23300.0  11797955.0   5744050.0    136451705   102261965     48.15   251.00
46       23400.0  10751520.0   4171115.0     98462325    44650710     28.30   332.25
48       23500.0  13650845.0   5501210.0     85888660    19831955     16.95   419.95
2026-09-24 15:41:05,397 - app - DEBUG - End of Few Strikes Dataframe
2026-09-24 15:41:05,407 - app - INFO - Appended to covering.json
2026-09-24 15:41:05,816 - app - INFO - Processed PCR data and saved to JSON file
2026-09-24 15:41:05,816 - app - INFO - PCR calculation completed
2026-09-24 15:41:06,356 - app - INFO - Processed PCR data and saved to JSON file
2026-09-24 15:41:06,356 - app - INFO - PCR calculation completed
2026-09-24 15:41:06,897 - app - INFO - Processed PCR data and saved to JSON file
2026-09-24 15:41:06,897 - app - INFO - PCR calculation completed
2026-09-24 15:41:07,356 - root - DEBUG - Raw response for FUTURESSSSS NSE_FO|68407: {'data': {'NSE_FO:NIFTY26SEPFUT': {'average_price': 23187.09,
                                   'depth': {'buy': [{'orders': 1,
                                                      'price': 23095.0,
                                                      'quantity': 130},
                                                     {'orders': 14,
                                                      'price': 23094.0,
                                                      'quantity': 17875},
                                                     {'orders': 1,
                                                      'price': 23093.9,
                                                      'quantity': 260},
                                                     {'orders': 1,
                                                      'price': 23093.3,
                                                      'quantity': 130},
                                                     {'orders': 1,
                                                      'price': 23092.9,
                                                      'quantity': 390}],
                                             'sell': [{'orders': 2,
                                                       'price': 23100.0,
                                                       'quantity': 195},
                                                      {'orders': 1,
                                                       'price': 23100.5,
                                                       'quantity': 65},
                                                      {'orders': 1,
                                                       'price': 23101.0,
                                                       'quantity': 65},
                                                      {'orders': 2,
                                                       'price': 23102.0,
                                                       'quantity': 130},
                                                      {'orders': 1,
                                                       'price': 23103.0,
                                                       'quantity': 130}]},
                                   'instrument_token': 'NSE_FO|68407',
                                   'last_price': 23095.0,
                                   'last_trade_time': '1790244599600',
                                   'lower_circuit_limit': 22425.1,
                                   'net_change': -354.8,
                                   'ohlc': {'close': 23095.0,
                                            'high': 23319.8,
                                            'low': 23056.0,
                                            'open': 23288.0},
                                   'oi': 15363140.0,
                                   'oi_day_high': 15667795.0,
                                   'oi_day_low': 15363140.0,
                                   'symbol': 'NIFTY26SEPFUT',
                                   'timestamp': '2026-09-24T15:41:07.003+05:30',
                                   'total_buy_quantity': 75010.0,
                                   'total_sell_quantity': 169845.0,
                                   'upper_circuit_limit': 23812.1,
                                   'volume': 4408950}},
 'status': 'success'}
2026-09-24 15:41:07,361 - app - INFO - Found Nifty Futures/SYmbols details 
2026-09-24 15:41:07,377 - schedule - DEBUG - Cancelling job "Job(interval=1, unit=days, do=job, args=(), kwargs={'access_token': 'eyJ0eXAiOiJKV1QiLCJrZXlfaWQiOiJza192MS4wIiwiYWxnIjoiSFMyNTYifQ.eyJzdWIiOiIyVUNSUkgiLCJqdGkiOiI2YWI0OWQ0MzY1ZTM1NjMyMThiODI0ODMiLCJpc011bHRpQ2xpZW50IjpmYWxzZSwiaXNQbHVzUGxhbiI6ZmFsc2UsImlhdCI6MTc5MDIyMTYzNSwiaXNzIjoidWRhcGktZ2F0ZXdheS1zZXJ2aWNlIiwiZXhwIjoxNzkwMjg3MjAwfQ.gPkX8RE9_PZjth3xrqq8UJ3F8wuVz2JXH66QIBo4uhY'})"
2026-09-24 17:02:02,730 - werkzeug - INFO - 127.0.0.1 - - [24/Sep/2026 17:02:02] "GET /api/trend HTTP/1.1" 200 -
2026-09-24 17:02:02,777 - werkzeug - INFO - 127.0.0.1 - - [24/Sep/2026 17:02:02] "GET /api/futures HTTP/1.1" 200 -
2026-09-24 22:25:01,408 - root - INFO - Future Instrument Price: 23095.0
2026-09-24 22:25:01,412 - root - INFO - Current India VIX: 12.69
2026-09-24 22:25:01,425 - app - INFO - IVIX: 12.69, Nifty50: 23063.1, Nifty Futures: 23095.0
2026-09-24 22:25:01,473 - app - INFO - India VIX completed
2026-09-24 22:25:01,848 - app - INFO - Nifty OHLC completed
2026-09-24 22:25:02,457 - root - INFO - Bank Nifty top 5 Upstox Service Completed
2026-09-24 22:25:02,507 - app - INFO - Bank Top 5 completed
2026-09-24 22:25:03,228 - root - INFO - Nifty 50 top 10 Upstox Service Completed
2026-09-24 22:25:03,237 - app - INFO - Structure of modified niftytop_data: <class 'list'>, [{'symbol': 'HDFC Bank Ltd.', 'ltp': 729}, {'symbol': 'Reliance Industries.', 'ltp': 1219}, {'symbol': 'ICICI Bank Ltd.', 'ltp': 1334}, {'symbol': 'Infosys Ltd.', 'ltp': 1014}, {'symbol': 'ITC Ltd.', 'ltp': 268}, {'symbol': 'Tata TCS', 'ltp': 2087}, {'symbol': 'L&T  Ltd.', 'ltp': 3858}, {'symbol': 'Axis Bank Ltd.', 'ltp': 1186}, {'symbol': 'SBI Bank', 'ltp': 978}, {'symbol': 'Bharti Airtel Ltd.', 'ltp': 1796}]
2026-09-24 22:25:03,284 - app - INFO - Nifty Top 10 completed
2026-09-24 22:25:03,844 - root - INFO - Midcap Upstox Service Completed
2026-09-24 22:25:03,913 - app - INFO - Midcap Top 5 completed
2026-09-24 22:25:03,915 - app - DEBUG - Inside premiumstudy with expiry date = 2026-09-29
2026-09-24 22:25:04,389 - app - INFO - Total Call premium 40460
2026-09-24 22:25:04,389 - app - INFO - Total Put Premium 123175
2026-09-24 22:25:04,436 - app - INFO - Lower Apex: 22100
2026-09-24 22:25:04,436 - app - INFO - Upper Apex: 24100
2026-09-24 22:25:04,444 - app - DEBUG - Stage1:Dataframe filtered for strike price multiples of 100 and within the apex range
2026-09-24 22:25:04,446 - app - DEBUG - Samples_Total Call LTP: 6057
2026-09-24 22:25:04,447 - app - DEBUG - Samples_Total Put LTP: 6115
2026-09-24 22:25:04,452 - app - INFO - Premium study completed
2026-09-24 22:25:05,110 - root - INFO - Main Indices Fetched Successfully
2026-09-24 22:25:05,167 - app - INFO - Main Index completed
2026-09-24 22:25:05,715 - app - DEBUG - Inside Few Strikes Dataframe                                                      0
0    {'call_options': {'instrument_key': 'NSE_FO|65...
1    {'call_options': {'instrument_key': 'NSE_FO|55...
2    {'call_options': {'instrument_key': 'NSE_FO|65...
3    {'call_options': {'instrument_key': 'NSE_FO|55...
4    {'call_options': {'instrument_key': 'NSE_FO|65...
..                                                 ...
123  {'call_options': {'instrument_key': 'NSE_FO|55...
124  {'call_options': {'instrument_key': 'NSE_FO|65...
125  {'call_options': {'instrument_key': 'NSE_FO|55...
126  {'call_options': {'instrument_key': 'NSE_FO|65...
127  {'call_options': {'instrument_key': 'NSE_FO|55...

[128 rows x 1 columns]
2026-09-24 22:25:05,715 - app - DEBUG - Type of opt_df <class 'pandas.core.frame.DataFrame'>
2026-09-24 22:25:05,716 - app - DEBUG - Print columns of opt_df RangeIndex(start=0, stop=1, step=1)
2026-09-24 22:25:05,725 - app - DEBUG - !!!!!!!!!!!!!!!!!!!!!!!!!!
2026-09-24 22:25:05,725 - app - DEBUG - sup04=22700 sup03=22800 sup02=22900 sup01=23000 roundsp=23100 res01=23200 res02=23300 res03=23400 res04=23500
2026-09-24 22:25:05,725 - app - INFO - Sorted strike Levels: [22700, 22800, 22900, 23000, 23100, 23200, 23300, 23400, 23500]
2026-09-24 22:25:05,725 - app - DEBUG - End of Few Strikes Dataframe
2026-09-24 22:25:05,756 - app - DEBUG - Filtered DataFrame with Relevant Data:
    strike_price     call_oi      put_oi  call_volume  put_volume  call_ltp  put_ltp
32       22700.0     75075.0   4609215.0       494260    46191145    420.95    24.05
34       22800.0    388700.0   7189585.0      1950585    71295185    328.50    37.25
36       22900.0    377910.0   5647655.0      3807180    67954575    252.75    57.95
38       23000.0   3847155.0  12413660.0     32002620   158090595    182.45    87.25
40       23100.0   7170605.0   7675785.0     70081050   140681320    124.10   129.85
42       23200.0  12103585.0   5252195.0    158318550   206196575     79.80   184.45
44       23300.0  11797955.0   5744050.0    136451705   102261965     48.15   251.00
46       23400.0  10751520.0   4171115.0     98462325    44650710     28.30   332.25
48       23500.0  13650845.0   5501210.0     85888660    19831955     16.95   419.95
2026-09-24 22:25:05,756 - app - DEBUG - End of Few Strikes Dataframe
2026-09-24 22:25:05,772 - app - INFO - Appended to covering.json
2026-09-24 22:25:06,154 - app - INFO - Processed PCR data and saved to JSON file
2026-09-24 22:25:06,154 - app - INFO - PCR calculation completed
2026-09-24 22:25:06,826 - app - INFO - Processed PCR data and saved to JSON file
2026-09-24 22:25:06,827 - app - INFO - PCR calculation completed
2026-09-24 22:25:07,275 - app - INFO - Processed PCR data and saved to JSON file
2026-09-24 22:25:07,276 - app - INFO - PCR calculation completed
2026-09-24 22:25:07,597 - root - DEBUG - Raw response for FUTURESSSSS NSE_FO|68407: {'data': {'NSE_FO:NIFTY26SEPFUT': {'average_price': 23187.09,
                                   'depth': {'buy': [{'orders': 1,
                                                      'price': 23095.0,
                                                      'quantity': 130},
                                                     {'orders': 14,
                                                      'price': 23094.0,
                                                      'quantity': 17875},
                                                     {'orders': 1,
                                                      'price': 23093.9,
                                                      'quantity': 260},
                                                     {'orders': 1,
                                                      'price': 23093.3,
                                                      'quantity': 130},
                                                     {'orders': 1,
                                                      'price': 23092.9,
                                                      'quantity': 390}],
                                             'sell': [{'orders': 2,
                                                       'price': 23100.0,
                                                       'quantity': 195},
                                                      {'orders': 1,
                                                       'price': 23100.5,
                                                       'quantity': 65},
                                                      {'orders': 1,
                                                       'price': 23101.0,
                                                       'quantity': 65},
                                                      {'orders': 2,
                                                       'price': 23102.0,
                                                       'quantity': 130},
                                                      {'orders': 1,
                                                       'price': 23103.0,
                                                       'quantity': 130}]},
                                   'instrument_token': 'NSE_FO|68407',
                                   'last_price': 23095.0,
                                   'last_trade_time': '1790244599600',
                                   'lower_circuit_limit': 22425.1,
                                   'net_change': -354.8,
                                   'ohlc': {'close': 23095.0,
                                            'high': 23319.8,
                                            'low': 23056.0,
                                            'open': 23288.0},
                                   'oi': 15363140.0,
                                   'oi_day_high': 15667795.0,
                                   'oi_day_low': 15363140.0,
                                   'symbol': 'NIFTY26SEPFUT',
                                   'timestamp': '2026-09-24T22:25:07.462+05:30',
                                   'total_buy_quantity': 75010.0,
                                   'total_sell_quantity': 169845.0,
                                   'upper_circuit_limit': 23812.1,
                                   'volume': 4408950}},
 'status': 'success'}
2026-09-24 22:25:07,601 - app - INFO - Found Nifty Futures/SYmbols details 
2026-09-24 22:25:07,618 - schedule - DEBUG - Cancelling job "Job(interval=1, unit=days, do=job, args=(), kwargs={'access_token': 'eyJ0eXAiOiJKV1QiLCJrZXlfaWQiOiJza192MS4wIiwiYWxnIjoiSFMyNTYifQ.eyJzdWIiOiIyVUNSUkgiLCJqdGkiOiI2YWI0OWQ0MzY1ZTM1NjMyMThiODI0ODMiLCJpc011bHRpQ2xpZW50IjpmYWxzZSwiaXNQbHVzUGxhbiI6ZmFsc2UsImlhdCI6MTc5MDIyMTYzNSwiaXNzIjoidWRhcGktZ2F0ZXdheS1zZXJ2aWNlIiwiZXhwIjoxNzkwMjg3MjAwfQ.gPkX8RE9_PZjth3xrqq8UJ3F8wuVz2JXH66QIBo4uhY'})"
2026-09-24 23:00:01,227 - root - INFO - Future Instrument Price: 23095.0
2026-09-24 23:00:01,228 - root - INFO - Current India VIX: 12.69
2026-09-24 23:00:01,235 - app - INFO - IVIX: 12.69, Nifty50: 23063.1, Nifty Futures: 23095.0
2026-09-24 23:00:01,262 - app - INFO - India VIX completed
2026-09-24 23:00:01,666 - app - INFO - Nifty OHLC completed
2026-09-24 23:00:02,285 - root - INFO - Bank Nifty top 5 Upstox Service Completed
2026-09-24 23:00:02,341 - app - INFO - Bank Top 5 completed
2026-09-24 23:00:03,113 - root - INFO - Nifty 50 top 10 Upstox Service Completed
2026-09-24 23:00:03,121 - app - INFO - Structure of modified niftytop_data: <class 'list'>, [{'symbol': 'HDFC Bank Ltd.', 'ltp': 729}, {'symbol': 'Reliance Industries.', 'ltp': 1219}, {'symbol': 'ICICI Bank Ltd.', 'ltp': 1334}, {'symbol': 'Infosys Ltd.', 'ltp': 1014}, {'symbol': 'ITC Ltd.', 'ltp': 268}, {'symbol': 'Tata TCS', 'ltp': 2087}, {'symbol': 'L&T  Ltd.', 'ltp': 3858}, {'symbol': 'Axis Bank Ltd.', 'ltp': 1186}, {'symbol': 'SBI Bank', 'ltp': 978}, {'symbol': 'Bharti Airtel Ltd.', 'ltp': 1796}]
2026-09-24 23:00:03,169 - app - INFO - Nifty Top 10 completed
2026-09-24 23:00:03,828 - root - INFO - Midcap Upstox Service Completed
2026-09-24 23:00:03,886 - app - INFO - Midcap Top 5 completed
2026-09-24 23:00:03,888 - app - DEBUG - Inside premiumstudy with expiry date = 2026-09-29
2026-09-24 23:00:04,322 - app - INFO - Total Call premium 40460
2026-09-24 23:00:04,322 - app - INFO - Total Put Premium 123175
2026-09-24 23:00:04,327 - app - INFO - Lower Apex: 22100
2026-09-24 23:00:04,327 - app - INFO - Upper Apex: 24100
2026-09-24 23:00:04,328 - app - DEBUG - Stage1:Dataframe filtered for strike price multiples of 100 and within the apex range
2026-09-24 23:00:04,330 - app - DEBUG - Samples_Total Call LTP: 6057
2026-09-24 23:00:04,330 - app - DEBUG - Samples_Total Put LTP: 6115
2026-09-24 23:00:04,336 - app - INFO - Premium study completed
2026-09-24 23:00:04,986 - root - INFO - Main Indices Fetched Successfully
2026-09-24 23:00:05,051 - app - INFO - Main Index completed
2026-09-24 23:00:05,548 - app - DEBUG - Inside Few Strikes Dataframe                                                      0
0    {'call_options': {'instrument_key': 'NSE_FO|65...
1    {'call_options': {'instrument_key': 'NSE_FO|55...
2    {'call_options': {'instrument_key': 'NSE_FO|65...
3    {'call_options': {'instrument_key': 'NSE_FO|55...
4    {'call_options': {'instrument_key': 'NSE_FO|65...
..                                                 ...
123  {'call_options': {'instrument_key': 'NSE_FO|55...
124  {'call_options': {'instrument_key': 'NSE_FO|65...
125  {'call_options': {'instrument_key': 'NSE_FO|55...
126  {'call_options': {'instrument_key': 'NSE_FO|65...
127  {'call_options': {'instrument_key': 'NSE_FO|55...

[128 rows x 1 columns]
2026-09-24 23:00:05,549 - app - DEBUG - Type of opt_df <class 'pandas.core.frame.DataFrame'>
2026-09-24 23:00:05,549 - app - DEBUG - Print columns of opt_df RangeIndex(start=0, stop=1, step=1)
2026-09-24 23:00:05,557 - app - DEBUG - !!!!!!!!!!!!!!!!!!!!!!!!!!
2026-09-24 23:00:05,557 - app - DEBUG - sup04=22700 sup03=22800 sup02=22900 sup01=23000 roundsp=23100 res01=23200 res02=23300 res03=23400 res04=23500
2026-09-24 23:00:05,558 - app - INFO - Sorted strike Levels: [22700, 22800, 22900, 23000, 23100, 23200, 23300, 23400, 23500]
2026-09-24 23:00:05,559 - app - DEBUG - End of Few Strikes Dataframe
2026-09-24 23:00:05,604 - app - DEBUG - Filtered DataFrame with Relevant Data:
    strike_price     call_oi      put_oi  call_volume  put_volume  call_ltp  put_ltp
32       22700.0     75075.0   4609215.0       494260    46191145    420.95    24.05
34       22800.0    388700.0   7189585.0      1950585    71295185    328.50    37.25
36       22900.0    377910.0   5647655.0      3807180    67954575    252.75    57.95
38       23000.0   3847155.0  12413660.0     32002620   158090595    182.45    87.25
40       23100.0   7170605.0   7675785.0     70081050   140681320    124.10   129.85
42       23200.0  12103585.0   5252195.0    158318550   206196575     79.80   184.45
44       23300.0  11797955.0   5744050.0    136451705   102261965     48.15   251.00
46       23400.0  10751520.0   4171115.0     98462325    44650710     28.30   332.25
48       23500.0  13650845.0   5501210.0     85888660    19831955     16.95   419.95
2026-09-24 23:00:05,604 - app - DEBUG - End of Few Strikes Dataframe
2026-09-24 23:00:05,631 - app - INFO - Appended to covering.json
2026-09-24 23:00:06,047 - app - INFO - Processed PCR data and saved to JSON file
2026-09-24 23:00:06,047 - app - INFO - PCR calculation completed
2026-09-24 23:00:06,546 - app - INFO - Processed PCR data and saved to JSON file
2026-09-24 23:00:06,547 - app - INFO - PCR calculation completed
2026-09-24 23:00:07,029 - app - INFO - Processed PCR data and saved to JSON file
2026-09-24 23:00:07,030 - app - INFO - PCR calculation completed
2026-09-24 23:00:07,403 - root - DEBUG - Raw response for FUTURESSSSS NSE_FO|68407: {'data': {'NSE_FO:NIFTY26SEPFUT': {'average_price': 23187.09,
                                   'depth': {'buy': [{'orders': 1,
                                                      'price': 23095.0,
                                                      'quantity': 130},
                                                     {'orders': 14,
                                                      'price': 23094.0,
                                                      'quantity': 17875},
                                                     {'orders': 1,
                                                      'price': 23093.9,
                                                      'quantity': 260},
                                                     {'orders': 1,
                                                      'price': 23093.3,
                                                      'quantity': 130},
                                                     {'orders': 1,
                                                      'price': 23092.9,
                                                      'quantity': 390}],
                                             'sell': [{'orders': 2,
                                                       'price': 23100.0,
                                                       'quantity': 195},
                                                      {'orders': 1,
                                                       'price': 23100.5,
                                                       'quantity': 65},
                                                      {'orders': 1,
                                                       'price': 23101.0,
                                                       'quantity': 65},
                                                      {'orders': 2,
                                                       'price': 23102.0,
                                                       'quantity': 130},
                                                      {'orders': 1,
                                                       'price': 23103.0,
                                                       'quantity': 130}]},
                                   'instrument_token': 'NSE_FO|68407',
                                   'last_price': 23095.0,
                                   'last_trade_time': '1790244599600',
                                   'lower_circuit_limit': 22425.1,
                                   'net_change': -354.8,
                                   'ohlc': {'close': 23095.0,
                                            'high': 23319.8,
                                            'low': 23056.0,
                                            'open': 23288.0},
                                   'oi': 15363140.0,
                                   'oi_day_high': 15667795.0,
                                   'oi_day_low': 15363140.0,
                                   'symbol': 'NIFTY26SEPFUT',
                                   'timestamp': '2026-09-24T23:00:07.259+05:30',
                                   'total_buy_quantity': 75010.0,
                                   'total_sell_quantity': 169845.0,
                                   'upper_circuit_limit': 23812.1,
                                   'volume': 4408950}},
 'status': 'success'}
2026-09-24 23:00:07,405 - app - INFO - Found Nifty Futures/SYmbols details 
2026-09-24 23:00:07,413 - schedule - DEBUG - Cancelling job "Job(interval=1, unit=days, do=job, args=(), kwargs={'access_token': 'eyJ0eXAiOiJKV1QiLCJrZXlfaWQiOiJza192MS4wIiwiYWxnIjoiSFMyNTYifQ.eyJzdWIiOiIyVUNSUkgiLCJqdGkiOiI2YWI0OWQ0MzY1ZTM1NjMyMThiODI0ODMiLCJpc011bHRpQ2xpZW50IjpmYWxzZSwiaXNQbHVzUGxhbiI6ZmFsc2UsImlhdCI6MTc5MDIyMTYzNSwiaXNzIjoidWRhcGktZ2F0ZXdheS1zZXJ2aWNlIiwiZXhwIjoxNzkwMjg3MjAwfQ.gPkX8RE9_PZjth3xrqq8UJ3F8wuVz2JXH66QIBo4uhY'})"
2026-09-24 23:05:01,024 - root - INFO - Future Instrument Price: 23095.0
2026-09-24 23:05:01,024 - root - INFO - Current India VIX: 12.69
2026-09-24 23:05:01,027 - app - INFO - IVIX: 12.69, Nifty50: 23063.1, Nifty Futures: 23095.0
2026-09-24 23:05:01,045 - app - INFO - India VIX completed
2026-09-24 23:05:01,347 - app - INFO - Nifty OHLC completed
2026-09-24 23:05:01,997 - root - INFO - Bank Nifty top 5 Upstox Service Completed
2026-09-24 23:05:02,054 - app - INFO - Bank Top 5 completed
2026-09-24 23:05:02,829 - root - INFO - Nifty 50 top 10 Upstox Service Completed
2026-09-24 23:05:02,839 - app - INFO - Structure of modified niftytop_data: <class 'list'>, [{'symbol': 'HDFC Bank Ltd.', 'ltp': 729}, {'symbol': 'Reliance Industries.', 'ltp': 1219}, {'symbol': 'ICICI Bank Ltd.', 'ltp': 1334}, {'symbol': 'Infosys Ltd.', 'ltp': 1014}, {'symbol': 'ITC Ltd.', 'ltp': 268}, {'symbol': 'Tata TCS', 'ltp': 2087}, {'symbol': 'L&T  Ltd.', 'ltp': 3858}, {'symbol': 'Axis Bank Ltd.', 'ltp': 1186}, {'symbol': 'SBI Bank', 'ltp': 978}, {'symbol': 'Bharti Airtel Ltd.', 'ltp': 1796}]
2026-09-24 23:05:02,898 - app - INFO - Nifty Top 10 completed
2026-09-24 23:05:03,451 - root - INFO - Midcap Upstox Service Completed
2026-09-24 23:05:03,515 - app - INFO - Midcap Top 5 completed
2026-09-24 23:05:03,517 - app - DEBUG - Inside premiumstudy with expiry date = 2026-09-29
2026-09-24 23:05:03,974 - app - INFO - Total Call premium 40460
2026-09-24 23:05:03,975 - app - INFO - Total Put Premium 123175
2026-09-24 23:05:03,980 - app - INFO - Lower Apex: 22100
2026-09-24 23:05:03,980 - app - INFO - Upper Apex: 24100
2026-09-24 23:05:03,984 - app - DEBUG - Stage1:Dataframe filtered for strike price multiples of 100 and within the apex range
2026-09-24 23:05:03,986 - app - DEBUG - Samples_Total Call LTP: 6057
2026-09-24 23:05:03,986 - app - DEBUG - Samples_Total Put LTP: 6115
2026-09-24 23:05:04,002 - app - INFO - Premium study completed
2026-09-24 23:05:04,571 - root - INFO - Main Indices Fetched Successfully
2026-09-24 23:05:04,642 - app - INFO - Main Index completed
2026-09-24 23:05:05,095 - app - DEBUG - Inside Few Strikes Dataframe                                                      0
0    {'call_options': {'instrument_key': 'NSE_FO|65...
1    {'call_options': {'instrument_key': 'NSE_FO|55...
2    {'call_options': {'instrument_key': 'NSE_FO|65...
3    {'call_options': {'instrument_key': 'NSE_FO|55...
4    {'call_options': {'instrument_key': 'NSE_FO|65...
..                                                 ...
123  {'call_options': {'instrument_key': 'NSE_FO|55...
124  {'call_options': {'instrument_key': 'NSE_FO|65...
125  {'call_options': {'instrument_key': 'NSE_FO|55...
126  {'call_options': {'instrument_key': 'NSE_FO|65...
127  {'call_options': {'instrument_key': 'NSE_FO|55...

[128 rows x 1 columns]
2026-09-24 23:05:05,095 - app - DEBUG - Type of opt_df <class 'pandas.core.frame.DataFrame'>
2026-09-24 23:05:05,096 - app - DEBUG - Print columns of opt_df RangeIndex(start=0, stop=1, step=1)
2026-09-24 23:05:05,103 - app - DEBUG - !!!!!!!!!!!!!!!!!!!!!!!!!!
2026-09-24 23:05:05,104 - app - DEBUG - sup04=22700 sup03=22800 sup02=22900 sup01=23000 roundsp=23100 res01=23200 res02=23300 res03=23400 res04=23500
2026-09-24 23:05:05,104 - app - INFO - Sorted strike Levels: [22700, 22800, 22900, 23000, 23100, 23200, 23300, 23400, 23500]
2026-09-24 23:05:05,105 - app - DEBUG - End of Few Strikes Dataframe
2026-09-24 23:05:05,166 - app - DEBUG - Filtered DataFrame with Relevant Data:
    strike_price     call_oi      put_oi  call_volume  put_volume  call_ltp  put_ltp
32       22700.0     75075.0   4609215.0       494260    46191145    420.95    24.05
34       22800.0    388700.0   7189585.0      1950585    71295185    328.50    37.25
36       22900.0    377910.0   5647655.0      3807180    67954575    252.75    57.95
38       23000.0   3847155.0  12413660.0     32002620   158090595    182.45    87.25
40       23100.0   7170605.0   7675785.0     70081050   140681320    124.10   129.85
42       23200.0  12103585.0   5252195.0    158318550   206196575     79.80   184.45
44       23300.0  11797955.0   5744050.0    136451705   102261965     48.15   251.00
46       23400.0  10751520.0   4171115.0     98462325    44650710     28.30   332.25
48       23500.0  13650845.0   5501210.0     85888660    19831955     16.95   419.95
2026-09-24 23:05:05,167 - app - DEBUG - End of Few Strikes Dataframe
2026-09-24 23:05:05,207 - app - INFO - Appended to covering.json
2026-09-24 23:05:05,609 - app - INFO - Processed PCR data and saved to JSON file
2026-09-24 23:05:05,610 - app - INFO - PCR calculation completed
2026-09-24 23:05:06,172 - app - INFO - Processed PCR data and saved to JSON file
2026-09-24 23:05:06,173 - app - INFO - PCR calculation completed
2026-09-24 23:05:06,702 - app - INFO - Processed PCR data and saved to JSON file
2026-09-24 23:05:06,702 - app - INFO - PCR calculation completed
2026-09-24 23:05:07,193 - root - DEBUG - Raw response for FUTURESSSSS NSE_FO|68407: {'data': {'NSE_FO:NIFTY26SEPFUT': {'average_price': 23187.09,
                                   'depth': {'buy': [{'orders': 1,
                                                      'price': 23095.0,
                                                      'quantity': 130},
                                                     {'orders': 14,
                                                      'price': 23094.0,
                                                      'quantity': 17875},
                                                     {'orders': 1,
                                                      'price': 23093.9,
                                                      'quantity': 260},
                                                     {'orders': 1,
                                                      'price': 23093.3,
                                                      'quantity': 130},
                                                     {'orders': 1,
                                                      'price': 23092.9,
                                                      'quantity': 390}],
                                             'sell': [{'orders': 2,
                                                       'price': 23100.0,
                                                       'quantity': 195},
                                                      {'orders': 1,
                                                       'price': 23100.5,
                                                       'quantity': 65},
                                                      {'orders': 1,
                                                       'price': 23101.0,
                                                       'quantity': 65},
                                                      {'orders': 2,
                                                       'price': 23102.0,
                                                       'quantity': 130},
                                                      {'orders': 1,
                                                       'price': 23103.0,
                                                       'quantity': 130}]},
                                   'instrument_token': 'NSE_FO|68407',
                                   'last_price': 23095.0,
                                   'last_trade_time': '1790244599600',
                                   'lower_circuit_limit': 22425.1,
                                   'net_change': -354.8,
                                   'ohlc': {'close': 23095.0,
                                            'high': 23319.8,
                                            'low': 23056.0,
                                            'open': 23288.0},
                                   'oi': 15363140.0,
                                   'oi_day_high': 15667795.0,
                                   'oi_day_low': 15363140.0,
                                   'symbol': 'NIFTY26SEPFUT',
                                   'timestamp': '2026-09-24T23:05:07.043+05:30',
                                   'total_buy_quantity': 75010.0,
                                   'total_sell_quantity': 169845.0,
                                   'upper_circuit_limit': 23812.1,
                                   'volume': 4408950}},
 'status': 'success'}
2026-09-24 23:05:07,200 - app - INFO - Found Nifty Futures/SYmbols details 
2026-09-24 23:05:07,213 - schedule - DEBUG - Cancelling job "Job(interval=1, unit=days, do=job, args=(), kwargs={'access_token': 'eyJ0eXAiOiJKV1QiLCJrZXlfaWQiOiJza192MS4wIiwiYWxnIjoiSFMyNTYifQ.eyJzdWIiOiIyVUNSUkgiLCJqdGkiOiI2YWI0OWQ0MzY1ZTM1NjMyMThiODI0ODMiLCJpc011bHRpQ2xpZW50IjpmYWxzZSwiaXNQbHVzUGxhbiI6ZmFsc2UsImlhdCI6MTc5MDIyMTYzNSwiaXNzIjoidWRhcGktZ2F0ZXdheS1zZXJ2aWNlIiwiZXhwIjoxNzkwMjg3MjAwfQ.gPkX8RE9_PZjth3xrqq8UJ3F8wuVz2JXH66QIBo4uhY'})"
